  0
SECTION
  2
HEADER
  9
$ACADVER
  1
AC1027
  9
$ACADMAINTVER
 70
105
  9
$DWGCODEPAGE
  3
ANSI_1252
  9
$LASTSAVEDBY
  1
ezdxf
  9
$REQUIREDVERSIONS
160
0
  9
$INSBASE
 10
0.0
 20
0.0
 30
0.0
  9
$EXTMIN
 10
1e+20
 20
1e+20
 30
1e+20
  9
$EXTMAX
 10
-1e+20
 20
-1e+20
 30
-1e+20
  9
$LIMMIN
 10
0.0
 20
0.0
  9
$LIMMAX
 10
420.0
 20
297.0
  9
$ORTHOMODE
 70
0
  9
$REGENMODE
 70
1
  9
$FILLMODE
 70
1
  9
$QTEXTMODE
 70
0
  9
$MIRRTEXT
 70
1
  9
$LTSCALE
 40
1.0
  9
$ATTMODE
 70
1
  9
$TEXTSIZE
 40
2.5
  9
$TRACEWID
 40
1.0
  9
$TEXTSTYLE
  7
Standard
  9
$CLAYER
  8
0
  9
$CELTYPE
  6
ByLayer
  9
$CECOLOR
 62
256
  9
$CELTSCALE
 40
1.0
  9
$DISPSILH
 70
0
  9
$DIMSCALE
 40
1.0
  9
$DIMASZ
 40
2.5
  9
$DIMEXO
 40
0.625
  9
$DIMDLI
 40
3.75
  9
$DIMRND
 40
0.0
  9
$DIMDLE
 40
0.0
  9
$DIMEXE
 40
1.25
  9
$DIMTP
 40
0.0
  9
$DIMTM
 40
0.0
  9
$DIMTXT
 40
2.5
  9
$DIMCEN
 40
2.5
  9
$DIMTSZ
 40
0.0
  9
$DIMTOL
 70
0
  9
$DIMLIM
 70
0
  9
$DIMTIH
 70
0
  9
$DIMTOH
 70
0
  9
$DIMSE1
 70
0
  9
$DIMSE2
 70
0
  9
$DIMTAD
 70
1
  9
$DIMZIN
 70
8
  9
$DIMBLK
  1

  9
$DIMASO
 70
1
  9
$DIMSHO
 70
1
  9
$DIMPOST
  1

  9
$DIMAPOST
  1

  9
$DIMALT
 70
0
  9
$DIMALTD
 70
3
  9
$DIMALTF
 40
0.03937007874
  9
$DIMLFAC
 40
1.0
  9
$DIMTOFL
 70
1
  9
$DIMTVP
 40
0.0
  9
$DIMTIX
 70
0
  9
$DIMSOXD
 70
0
  9
$DIMSAH
 70
0
  9
$DIMBLK1
  1

  9
$DIMBLK2
  1

  9
$DIMSTYLE
  2
ISO-25
  9
$DIMCLRD
 70
0
  9
$DIMCLRE
 70
0
  9
$DIMCLRT
 70
0
  9
$DIMTFAC
 40
1.0
  9
$DIMGAP
 40
0.625
  9
$DIMJUST
 70
0
  9
$DIMSD1
 70
0
  9
$DIMSD2
 70
0
  9
$DIMTOLJ
 70
0
  9
$DIMTZIN
 70
8
  9
$DIMALTZ
 70
0
  9
$DIMALTTZ
 70
0
  9
$DIMUPT
 70
0
  9
$DIMDEC
 70
2
  9
$DIMTDEC
 70
2
  9
$DIMALTU
 70
2
  9
$DIMALTTD
 70
3
  9
$DIMTXSTY
  7
Standard
  9
$DIMAUNIT
 70
0
  9
$DIMADEC
 70
0
  9
$DIMALTRND
 40
0.0
  9
$DIMAZIN
 70
0
  9
$DIMDSEP
 70
44
  9
$DIMATFIT
 70
3
  9
$DIMFRAC
 70
0
  9
$DIMLDRBLK
  1

  9
$DIMLUNIT
 70
2
  9
$DIMLWD
 70
-2
  9
$DIMLWE
 70
-2
  9
$DIMTMOVE
 70
0
  9
$DIMFXL
 40
1.0
  9
$DIMFXLON
 70
0
  9
$DIMJOGANG
 40
0.785398163397
  9
$DIMTFILL
 70
0
  9
$DIMTFILLCLR
 70
0
  9
$DIMARCSYM
 70
0
  9
$DIMLTYPE
  6

  9
$DIMLTEX1
  6

  9
$DIMLTEX2
  6

  9
$DIMTXTDIRECTION
 70
0
  9
$LUNITS
 70
2
  9
$LUPREC
 70
4
  9
$SKETCHINC
 40
1.0
  9
$FILLETRAD
 40
10.0
  9
$AUNITS
 70
0
  9
$AUPREC
 70
2
  9
$MENU
  1
.
  9
$ELEVATION
 40
0.0
  9
$PELEVATION
 40
0.0
  9
$THICKNESS
 40
0.0
  9
$LIMCHECK
 70
0
  9
$CHAMFERA
 40
0.0
  9
$CHAMFERB
 40
0.0
  9
$CHAMFERC
 40
0.0
  9
$CHAMFERD
 40
0.0
  9
$SKPOLY
 70
0
  9
$TDCREATE
 40
2461242.7713310183
  9
$TDUCREATE
 40
2458532.153996898
  9
$TDUPDATE
 40
2461242.7713310183
  9
$TDUUPDATE
 40
2458532.1544311
  9
$TDINDWG
 40
0.0
  9
$TDUSRTIMER
 40
0.0
  9
$USRTIMER
 70
1
  9
$ANGBASE
 50
0.0
  9
$ANGDIR
 70
0
  9
$PDMODE
 70
0
  9
$PDSIZE
 40
0.0
  9
$PLINEWID
 40
0.0
  9
$SPLFRAME
 70
0
  9
$SPLINETYPE
 70
6
  9
$SPLINESEGS
 70
8
  9
$HANDSEED
  5
7A
  9
$SURFTAB1
 70
6
  9
$SURFTAB2
 70
6
  9
$SURFTYPE
 70
6
  9
$SURFU
 70
6
  9
$SURFV
 70
6
  9
$UCSBASE
  2

  9
$UCSNAME
  2

  9
$UCSORG
 10
0.0
 20
0.0
 30
0.0
  9
$UCSXDIR
 10
1.0
 20
0.0
 30
0.0
  9
$UCSYDIR
 10
0.0
 20
1.0
 30
0.0
  9
$UCSORTHOREF
  2

  9
$UCSORTHOVIEW
 70
0
  9
$UCSORGTOP
 10
0.0
 20
0.0
 30
0.0
  9
$UCSORGBOTTOM
 10
0.0
 20
0.0
 30
0.0
  9
$UCSORGLEFT
 10
0.0
 20
0.0
 30
0.0
  9
$UCSORGRIGHT
 10
0.0
 20
0.0
 30
0.0
  9
$UCSORGFRONT
 10
0.0
 20
0.0
 30
0.0
  9
$UCSORGBACK
 10
0.0
 20
0.0
 30
0.0
  9
$PUCSBASE
  2

  9
$PUCSNAME
  2

  9
$PUCSORG
 10
0.0
 20
0.0
 30
0.0
  9
$PUCSXDIR
 10
1.0
 20
0.0
 30
0.0
  9
$PUCSYDIR
 10
0.0
 20
1.0
 30
0.0
  9
$PUCSORTHOREF
  2

  9
$PUCSORTHOVIEW
 70
0
  9
$PUCSORGTOP
 10
0.0
 20
0.0
 30
0.0
  9
$PUCSORGBOTTOM
 10
0.0
 20
0.0
 30
0.0
  9
$PUCSORGLEFT
 10
0.0
 20
0.0
 30
0.0
  9
$PUCSORGRIGHT
 10
0.0
 20
0.0
 30
0.0
  9
$PUCSORGFRONT
 10
0.0
 20
0.0
 30
0.0
  9
$PUCSORGBACK
 10
0.0
 20
0.0
 30
0.0
  9
$USERI1
 70
0
  9
$USERI2
 70
0
  9
$USERI3
 70
0
  9
$USERI4
 70
0
  9
$USERI5
 70
0
  9
$USERR1
 40
0.0
  9
$USERR2
 40
0.0
  9
$USERR3
 40
0.0
  9
$USERR4
 40
0.0
  9
$USERR5
 40
0.0
  9
$WORLDVIEW
 70
1
  9
$SHADEDGE
 70
3
  9
$SHADEDIF
 70
70
  9
$TILEMODE
 70
1
  9
$MAXACTVP
 70
64
  9
$PINSBASE
 10
0.0
 20
0.0
 30
0.0
  9
$PLIMCHECK
 70
0
  9
$PEXTMIN
 10
1e+20
 20
1e+20
 30
1e+20
  9
$PEXTMAX
 10
-1e+20
 20
-1e+20
 30
-1e+20
  9
$PLIMMIN
 10
0.0
 20
0.0
  9
$PLIMMAX
 10
420.0
 20
297.0
  9
$UNITMODE
 70
0
  9
$VISRETAIN
 70
1
  9
$PLINEGEN
 70
0
  9
$PSLTSCALE
 70
1
  9
$TREEDEPTH
 70
3020
  9
$CMLSTYLE
  2
Standard
  9
$CMLJUST
 70
0
  9
$CMLSCALE
 40
20.0
  9
$PROXYGRAPHICS
 70
1
  9
$MEASUREMENT
 70
1
  9
$CELWEIGHT
370
-1
  9
$ENDCAPS
280
0
  9
$JOINSTYLE
280
0
  9
$LWDISPLAY
290
0
  9
$INSUNITS
 70
4
  9
$HYPERLINKBASE
  1

  9
$STYLESHEET
  1

  9
$XEDIT
290
1
  9
$CEPSNTYPE
380
0
  9
$PSTYLEMODE
290
1
  9
$FINGERPRINTGUID
  2
{D5E7236A-46B5-4D71-9EEC-72879B53F995}
  9
$VERSIONGUID
  2
{B8C20857-80C9-4BC8-889B-2BD188CD1C38}
  9
$EXTNAMES
290
1
  9
$PSVPSCALE
 40
0.0
  9
$OLESTARTUP
290
0
  9
$SORTENTS
280
127
  9
$INDEXCTL
280
0
  9
$HIDETEXT
280
1
  9
$XCLIPFRAME
280
1
  9
$HALOGAP
280
0
  9
$OBSCOLOR
 70
257
  9
$OBSLTYPE
280
0
  9
$INTERSECTIONDISPLAY
280
0
  9
$INTERSECTIONCOLOR
 70
257
  9
$DIMASSOC
280
2
  9
$PROJECTNAME
  1

  9
$CAMERADISPLAY
290
0
  9
$LENSLENGTH
 40
50.0
  9
$CAMERAHEIGHT
 40
0.0
  9
$STEPSPERSEC
 40
24.0
  9
$STEPSIZE
 40
100.0
  9
$3DDWFPREC
 40
2.0
  9
$PSOLWIDTH
 40
0.005
  9
$PSOLHEIGHT
 40
0.08
  9
$LOFTANG1
 40
1.570796326795
  9
$LOFTANG2
 40
1.570796326795
  9
$LOFTMAG1
 40
0.0
  9
$LOFTMAG2
 40
0.0
  9
$LOFTPARAM
 70
7
  9
$LOFTNORMALS
280
1
  9
$LATITUDE
 40
37.795
  9
$LONGITUDE
 40
-122.394
  9
$NORTHDIRECTION
 40
0.0
  9
$TIMEZONE
 70
-8000
  9
$LIGHTGLYPHDISPLAY
280
1
  9
$TILEMODELIGHTSYNCH
280
1
  9
$CMATERIAL
347
20
  9
$SOLIDHIST
280
0
  9
$SHOWHIST
280
1
  9
$DWFFRAME
280
2
  9
$DGNFRAME
280
2
  9
$REALWORLDSCALE
290
1
  9
$INTERFERECOLOR
 62
256
  9
$CSHADOW
280
0
  9
$SHADOWPLANELOCATION
 40
0.0
  0
ENDSEC
  0
SECTION
  2
CLASSES
  0
CLASS
  1
ACDBDICTIONARYWDFLT
  2
AcDbDictionaryWithDefault
  3
ObjectDBX Classes
 90
0
 91
0
280
0
281
0
  0
CLASS
  1
SUN
  2
AcDbSun
  3
SCENEOE
 90
1153
 91
0
280
0
281
0
  0
CLASS
  1
VISUALSTYLE
  2
AcDbVisualStyle
  3
ObjectDBX Classes
 90
4095
 91
0
280
0
281
0
  0
CLASS
  1
MATERIAL
  2
AcDbMaterial
  3
ObjectDBX Classes
 90
1153
 91
0
280
0
281
0
  0
CLASS
  1
SCALE
  2
AcDbScale
  3
ObjectDBX Classes
 90
1153
 91
0
280
0
281
0
  0
CLASS
  1
TABLESTYLE
  2
AcDbTableStyle
  3
ObjectDBX Classes
 90
4095
 91
0
280
0
281
0
  0
CLASS
  1
MLEADERSTYLE
  2
AcDbMLeaderStyle
  3
ACDB_MLEADERSTYLE_CLASS
 90
4095
 91
0
280
0
281
0
  0
CLASS
  1
DICTIONARYVAR
  2
AcDbDictionaryVar
  3
ObjectDBX Classes
 90
0
 91
0
280
0
281
0
  0
CLASS
  1
CELLSTYLEMAP
  2
AcDbCellStyleMap
  3
ObjectDBX Classes
 90
1152
 91
0
280
0
281
0
  0
CLASS
  1
MENTALRAYRENDERSETTINGS
  2
AcDbMentalRayRenderSettings
  3
SCENEOE
 90
1024
 91
0
280
0
281
0
  0
CLASS
  1
ACDBDETAILVIEWSTYLE
  2
AcDbDetailViewStyle
  3
ObjectDBX Classes
 90
1025
 91
0
280
0
281
0
  0
CLASS
  1
ACDBSECTIONVIEWSTYLE
  2
AcDbSectionViewStyle
  3
ObjectDBX Classes
 90
1025
 91
0
280
0
281
0
  0
CLASS
  1
RASTERVARIABLES
  2
AcDbRasterVariables
  3
ISM
 90
0
 91
0
280
0
281
0
  0
CLASS
  1
LAYOUT
  2
AcDbLayout
  3
ObjectDBX Classes
 90
0
 91
0
280
0
281
0
  0
CLASS
  1
ACDBPLACEHOLDER
  2
AcDbPlaceHolder
  3
ObjectDBX Classes
 90
0
 91
0
280
0
281
0
  0
ENDSEC
  0
SECTION
  2
TABLES
  0
TABLE
  2
VPORT
  5
8
330
0
100
AcDbSymbolTable
 70
1
  0
VPORT
  5
23
330
8
100
AcDbSymbolTableRecord
100
AcDbViewportTableRecord
  2
*Active
 70
0
 10
0.0
 20
0.0
 11
1.0
 21
1.0
 12
0.0
 22
0.0
 13
0.0
 23
0.0
 14
0.5
 24
0.5
 15
0.5
 25
0.5
 16
0.0
 26
0.0
 36
1.0
 17
0.0
 27
0.0
 37
0.0
 40
1000.0
 41
1.34
 42
50.0
 43
0.0
 44
0.0
 50
0.0
 51
0.0
 71
0
 72
1000
 73
1
 74
3
 75
0
 76
0
 77
0
 78
0
281
0
 65
0
146
0.0
  0
ENDTAB
  0
TABLE
  2
LTYPE
  5
2
330
0
100
AcDbSymbolTable
 70
3
  0
LTYPE
  5
24
330
2
100
AcDbSymbolTableRecord
100
AcDbLinetypeTableRecord
  2
ByBlock
 70
0
  3

 72
65
 73
0
 40
0.0
  0
LTYPE
  5
25
330
2
100
AcDbSymbolTableRecord
100
AcDbLinetypeTableRecord
  2
ByLayer
 70
0
  3

 72
65
 73
0
 40
0.0
  0
LTYPE
  5
26
330
2
100
AcDbSymbolTableRecord
100
AcDbLinetypeTableRecord
  2
Continuous
 70
0
  3

 72
65
 73
0
 40
0.0
  0
ENDTAB
  0
TABLE
  2
LAYER
  5
1
330
0
100
AcDbSymbolTable
 70
3
  0
LAYER
  5
27
330
1
100
AcDbSymbolTableRecord
100
AcDbLayerTableRecord
  2
0
 70
0
 62
7
  6
Continuous
370
-3
390
13
347
21
  0
LAYER
  5
28
330
1
100
AcDbSymbolTableRecord
100
AcDbLayerTableRecord
  2
Defpoints
 70
0
 62
7
  6
Continuous
290
0
370
-3
390
13
347
21
  0
LAYER
  5
2F
330
1
100
AcDbSymbolTableRecord
100
AcDbLayerTableRecord
  2
M
 70
0
 62
7
  6
Continuous
370
-3
390
13
347
21
  0
ENDTAB
  0
TABLE
  2
STYLE
  5
5
330
0
100
AcDbSymbolTable
 70
1
  0
STYLE
  5
29
330
5
100
AcDbSymbolTableRecord
100
AcDbTextStyleTableRecord
  2
Standard
 70
0
 40
0.0
 41
1.0
 50
0.0
 71
0
 42
2.5
  3
txt
  4

  0
ENDTAB
  0
TABLE
  2
VIEW
  5
7
330
0
100
AcDbSymbolTable
 70
0
  0
ENDTAB
  0
TABLE
  2
UCS
  5
6
330
0
100
AcDbSymbolTable
 70
0
  0
ENDTAB
  0
TABLE
  2
APPID
  5
3
330
0
100
AcDbSymbolTable
 70
3
  0
APPID
  5
2A
330
3
100
AcDbSymbolTableRecord
100
AcDbRegAppTableRecord
  2
ACAD
 70
0
  0
APPID
  5
77
330
3
100
AcDbSymbolTableRecord
100
AcDbRegAppTableRecord
  2
HATCHBACKGROUNDCOLOR
 70
0
  0
APPID
  5
78
330
3
100
AcDbSymbolTableRecord
100
AcDbRegAppTableRecord
  2
EZDXF
 70
0
  0
ENDTAB
  0
TABLE
  2
DIMSTYLE
  5
4
330
0
100
AcDbSymbolTable
 70
1
100
AcDbDimStyleTable
  0
DIMSTYLE
105
2B
330
4
100
AcDbSymbolTableRecord
100
AcDbDimStyleTableRecord
  2
Standard
 70
0
 40
1.0
 41
2.5
 42
0.625
 43
3.75
 44
1.25
 45
0.0
 46
0.0
 47
0.0
 48
0.0
 49
2.5
140
2.5
141
2.5
142
0.0
143
0.03937007874
144
1.0
145
0.0
146
1.0
147
0.625
148
0.0
 69
0
 70
0
 71
0
 72
0
 73
0
 74
0
 75
0
 76
0
 77
1
 78
8
 79
3
170
0
171
3
172
1
173
0
174
0
175
0
176
0
177
0
178
0
179
2
271
2
272
2
273
2
274
3
275
0
276
0
277
2
278
44
279
0
280
0
281
0
282
0
283
0
284
8
285
0
286
0
288
0
289
3
290
0
371
-2
372
-2
  0
ENDTAB
  0
TABLE
  2
BLOCK_RECORD
  5
9
330
0
100
AcDbSymbolTable
 70
2
  0
BLOCK_RECORD
  5
17
330
9
100
AcDbSymbolTableRecord
100
AcDbBlockTableRecord
  2
*Model_Space
340
1A
 70
0
280
1
281
0
  0
BLOCK_RECORD
  5
1B
330
9
100
AcDbSymbolTableRecord
100
AcDbBlockTableRecord
  2
*Paper_Space
340
1E
 70
0
280
1
281
0
  0
ENDTAB
  0
ENDSEC
  0
SECTION
  2
BLOCKS
  0
BLOCK
  5
18
330
17
100
AcDbEntity
  8
0
100
AcDbBlockBegin
  2
*Model_Space
 70
0
 10
0.0
 20
0.0
 30
0.0
  3
*Model_Space
  1

  0
ENDBLK
  5
19
330
17
100
AcDbEntity
  8
0
100
AcDbBlockEnd
  0
BLOCK
  5
1C
330
1B
100
AcDbEntity
  8
0
100
AcDbBlockBegin
  2
*Paper_Space
 70
0
 10
0.0
 20
0.0
 30
0.0
  3
*Paper_Space
  1

  0
ENDBLK
  5
1D
330
1B
100
AcDbEntity
  8
0
100
AcDbBlockEnd
  0
ENDSEC
  0
SECTION
  2
ENTITIES
  0
LWPOLYLINE
  5
30
330
17
100
AcDbEntity
  8
M
100
AcDbPolyline
 90
12
 70
1
 10
212.46573799304792
 20
128.5776143791758
 10
209.15712540617693
 20
128.5776143791758
 10
206.85517934192472
 20
125.65899231277244
 10
203.9383583364256
 20
129.35721021744084
 10
203.9383583364256
 20
142.2837328266251
 10
207.93341848427139
 20
147.34904295060437
 10
221.551137830373
 20
147.34904295060437
 10
226.6663735133368
 20
140.86346973453468
 10
228.9333955637715
 20
129.3661011659606
 10
224.92577318641304
 20
124.28486347494217
 10
219.78294249847673
 20
125.00937022370672
 10
212.46573799304792
 20
128.5776143791758
  0
LWPOLYLINE
  5
31
330
17
100
AcDbEntity
  8
M
100
AcDbPolyline
 90
28
 70
1
 10
152.72372677648895
 20
241.43475723631857
 10
150.48973255164665
 20
241.43475723631857
 10
143.69580003357245
 20
245.74174810652994
 10
133.57682005262478
 20
255.72047152203302
 10
131.3158871346957
 20
255.72047152203302
 10
127.30671028970858
 20
260.80368011219326
 10
128.4475553890495
 20
263.6966199016978
 10
128.4475553890495
 20
287.99801854091066
 10
131.3158871346957
 20
291.6347572363186
 10
132.53643575023284
 20
291.6347572363186
 10
143.8131053550279
 20
278.76690445311016
 10
149.4467473660261
 20
277.3383330245386
 10
160.71403138802253
 20
264.4811901673957
 10
166.35044808413124
 20
263.05191513787395
 10
167.46817452479007
 20
261.6347572363186
 10
170.848359731389
 20
261.6347572363186
 10
171.97508813358863
 20
260.20618580774726
 10
175.34779722665783
 20
260.20618580774726
 10
185.5039148228671
 20
250.1908395318665
 10
188.89012687428985
 20
248.75972097117238
 10
194.01782281922385
 20
242.25834947203083
 10
191.13942243260635
 20
237.14904295060435
 10
177.6087301445869
 20
237.14904295060435
 10
176.48200174238727
 20
235.72047152203302
 10
170.848359731389
 20
235.72047152203302
 10
169.71321137945873
 20
234.28122449533885
 10
156.09630420876968
 20
237.1586887969367
 10
152.72372677648895
 20
241.43475723631857
  0
LWPOLYLINE
  5
32
330
17
100
AcDbEntity
  8
M
100
AcDbPolyline
 90
18
 70
1
 10
140.84156781324558
 20
170.78578164601223
 10
135.214478669329
 20
177.92033045238853
 10
134.08775026712937
 20
183.6346161666742
 10
130.67365194544183
 20
187.96332866489007
 10
133.558337320529
 20
191.62080201802678
 10
138.07800176026825
 20
193.0534151199812
 10
143.7246752893177
 20
197.3490429506044
 10
147.1785295665997
 20
197.3490429506044
 10
156.2142145061177
 20
188.7568294342622
 10
165.23608738966917
 20
183.03744319686732
 10
177.12207833628474
 20
166.5320203676589
 10
174.228544937988
 20
162.86332866489005
 10
171.96320018258672
 20
162.86332866489005
 10
161.82264456278995
 20
154.2919000934616
 10
159.58107570939262
 20
154.2919000934616
 10
157.28777874085242
 20
151.3842441578428
 10
140.84156781324558
 20
167.92206991995073
 10
140.84156781324558
 20
170.78578164601223
  0
LWPOLYLINE
  5
33
330
17
100
AcDbEntity
  8
M
100
AcDbPolyline
 90
28
 70
1
 10
79.47537401494641
 20
520.0201410260389
 10
74.96846040614784
 20
521.4487124546105
 10
69.85767847466805
 20
527.9286387888694
 10
69.85767847466805
 20
533.7070786786634
 10
74.97347354238092
 20
541.6347572363186
 10
77.32990234881864
 20
541.6347572363186
 10
78.44383901821654
 20
540.222404360476
 10
82.9507526270151
 20
541.6509757890476
 10
84.09027276201645
 20
540.206185807747
 10
88.50020785110928
 20
540.206185807747
 10
89.62693625330891
 20
541.6347572363186
 10
94.13384986210747
 20
541.6347572363186
 10
95.2605782643071
 20
543.0633286648902
 10
113.28823269950144
 20
543.0633286648902
 10
114.41496110170105
 20
544.4919000934615
 10
117.89212482800575
 20
544.4919000934615
 10
119.01885323020541
 20
543.0633286648902
 10
125.68224512369753
 20
543.0633286648902
 10
126.80897352589714
 20
544.4919000934615
 10
139.29996446979902
 20
544.4919000934615
 10
142.19207412587892
 20
540.8250135439564
 10
135.4021174806576
 20
530.7812493265908
 10
134.2753373192856
 20
525.0667011118667
 10
126.91204177662307
 20
514.294539585315
 10
98.73965678651429
 20
512.8657564218477
 10
97.59923513510239
 20
511.41982341390127
 10
82.85631780949494
 20
515.7334649317214
 10
79.47537401494641
 20
520.0201410260389
  0
LWPOLYLINE
  5
34
330
17
100
AcDbEntity
  8
M
100
AcDbPolyline
 90
65
 70
1
 10
96.40676924606383
 20
310.00618580774733
 10
93.02658403946485
 20
310.00618580774733
 10
88.51967043066632
 20
312.8633286648902
 10
86.25422716023974
 20
312.8633286648902
 10
81.09101417480767
 20
317.95497568998235
 10
93.49161467285367
 20
333.67761437917585
 10
81.13354536668481
 20
349.3463280537693
 10
80.00681696448515
 20
353.6320423394835
 10
76.14410034167416
 20
358.52955499048534
 10
71.68772661922361
 20
354.29190009346155
 10
69.43426981482433
 20
354.29190009346155
 10
64.92735620602576
 20
350.0061858077471
 10
62.682433120223244
 20
350.0061858077471
 10
60.445363566666394
 20
347.16982023668385
 10
54.8117215556682
 20
344.31267737954096
 10
52.54187750042648
 20
341.43475723631866
 10
50.279886977430394
 20
341.43475723631866
 10
45.74538048001105
 20
337.1228043209765
 10
43.50221163611305
 20
338.5448537312862
 10
41.29098072927247
 20
335.7412488081123
 10
35.65733871827427
 20
332.8841059509696
 10
33.38749466303252
 20
330.0061858077471
 10
31.125504140036465
 20
330.0061858077471
 10
26.61859053123787
 20
325.7204715220329
 10
23.15661153147229
 20
325.7204715220329
 10
17.52296952047404
 20
331.43475723631866
 10
15.278932573872403
 20
331.43475723631866
 10
7.3918337584748945
 20
337.14904295060444
 10
5.122306088335665
 20
337.14904295060444
 10
0.000517538290153996
 20
343.64292450315526
 10
0.000517538290153996
 20
355.14087568376783
 10
2.859847322395553
 20
358.7662008521596
 10
19.760773355390214
 20
363.05191513787383
 10
20.896503719130695
 20
364.49190009346154
 10
25.427998204192935
 20
364.49190009346154
 10
31.08171850065887
 20
367.3592258003126
 10
34.434432821599565
 20
365.9422644226614
 10
35.54397294772603
 20
367.3490429506044
 10
41.177614958724284
 20
367.3490429506044
 10
42.30434336092391
 20
368.77761437917576
 10
66.06261832682216
 20
368.77761437917576
 10
67.1893467290218
 20
367.3490429506044
 10
72.80352616046297
 20
367.3490429506044
 10
77.31043976926159
 20
364.49190009346154
 10
80.69062497586047
 20
364.49190009346154
 10
85.19753858465904
 20
361.63475723631865
 10
87.45857001761335
 20
361.63475723631865
 10
90.83875522421229
 20
358.77761437917576
 10
94.20624750554958
 20
358.77761437917576
 10
105.473531527546
 20
353.06332866489
 10
108.85522267180777
 20
353.06332866489
 10
116.74232148720527
 20
348.77761437917576
 10
120.12611905284803
 20
348.77761437917576
 10
126.88648946604586
 20
344.49190009346154
 10
129.15940885000217
 20
344.49190009346154
 10
133.1506471724792
 20
339.4314356363849
 10
134.27737557467884
 20
329.4314356363851
 10
135.43528605025418
 20
327.96332866489007
 10
132.55905663615815
 20
324.3165765683133
 10
128.01321786824553
 20
321.43475723631866
 10
125.78917510502701
 20
321.43475723631866
 10
120.17625062705885
 20
311.4715319071081
 10
112.24163077580486
 20
304.28563790388597
 10
103.16008916174175
 20
305.72494116143076
 10
96.40676924606383
 20
310.00618580774733
  0
LWPOLYLINE
  5
35
330
17
100
AcDbEntity
  8
M
100
AcDbPolyline
 90
21
 70
1
 10
47.295750182668336
 20
440.82047152203285
 10
51.31817057852105
 20
445.920471522033
 10
53.586403113346044
 20
445.920471522033
 10
59.22004512434424
 20
450.2061858077472
 10
61.47350192874355
 20
450.2061858077472
 10
67.1585206830418
 20
454.53098423162373
 10
68.26758587136857
 20
453.12480787415046
 10
69.34582501371534
 20
454.4919000934614
 10
71.61405754854034
 20
454.4919000934614
 10
77.24769955953857
 20
458.77761437917565
 10
79.5764540480917
 20
458.77761437917565
 10
96.00583829078633
 20
442.2567090362731
 10
93.1040999796136
 20
438.5776143791759
 10
78.45663075101827
 20
438.5776143791759
 10
77.32990234881864
 20
437.1490429506043
 10
73.85273862251388
 20
437.1490429506043
 10
72.72601022031427
 20
438.5776143791759
 10
58.175519511424675
 20
438.5776143791759
 10
57.04498009272747
 20
437.1442109881975
 10
49.624442617826574
 20
437.8679379102922
 10
47.295750182668336
 20
440.82047152203285
  0
LWPOLYLINE
  5
36
330
17
100
AcDbEntity
  8
M
100
AcDbPolyline
 90
13
 70
1
 10
54.08348084387303
 20
289.4265899694822
 10
56.95181258951924
 20
293.06332866489015
 10
64.91130904835886
 20
293.06332866489015
 10
70.58591918646316
 20
290.18540852166785
 10
74.5645920834666
 20
285.1408756837678
 10
74.5645920834666
 20
282.2837328266251
 10
81.32496249666447
 20
273.71230425519644
 10
81.32496249666447
 20
272.2888622019793
 10
88.1217574358422
 20
265.10751971443426
 10
79.6026827108164
 20
255.7464120779883
 10
73.87940063211191
 20
251.39250536577785
 10
54.08348084387303
 20
279.3600903263179
 10
54.08348084387303
 20
289.4265899694822
  0
LWPOLYLINE
  5
37
330
17
100
AcDbEntity
  8
M
100
AcDbPolyline
 90
20
 70
1
 10
17.531094242957444
 20
544.2919000934615
 10
10.755948099333876
 20
544.2919000934615
 10
9.629219697134248
 20
545.7204715220329
 10
4.092556205841799
 20
545.7204715220329
 10
2.917338543789269
 20
544.2304208842012
 10
0.0
 20
547.9292949722169
 10
0.5653587991728548
 20
585.9204715220328
 10
70.56953193562073
 20
585.9204715220328
 10
73.46522392927383
 20
582.2490429506043
 10
68.33553771077848
 20
575.7451479968844
 10
52.56134007998349
 20
565.7451479968846
 10
48.64983883287481
 20
560.7857816460123
 10
48.64983883287481
 20
555.0714959317265
 10
46.39638202847556
 20
552.2143530745836
 10
46.39638202847556
 20
546.5000673602981
 10
43.528050282829284
 20
542.8633286648902
 10
27.753852652034325
 20
542.8633286648902
 10
26.62260480018551
 20
541.4290270562424
 10
20.342920713904743
 20
542.1528424728382
 10
17.531094242957444
 20
544.2919000934615
  0
LWPOLYLINE
  5
38
330
17
100
AcDbEntity
  8
M
100
AcDbPolyline
 90
8
 70
1
 10
23.66181398448268
 20
428.00767891542444
 10
27.731036339588996
 20
431.692921695482
 10
30.64220450027559
 20
426.5254507148922
 10
29.49545599548091
 20
425.07149593172664
 10
29.49545599548091
 20
420.7857816460122
 10
26.57863498998177
 20
417.0875637413439
 10
23.66181398448268
 20
420.7857816460122
 10
23.66181398448268
 20
428.00767891542444
  0
LWPOLYLINE
  5
39
330
17
100
AcDbEntity
  8
M
100
AcDbPolyline
 90
44
 70
1
 10
972.0013391293667
 20
82.87283739458373
 10
970.7402682829685
 20
84.29190009346155
 10
966.9504187928721
 20
84.29190009346155
 10
961.8723351197733
 20
87.14904295060444
 10
958.0450591002217
 20
87.14904295060444
 10
956.8204523159378
 20
88.5270732280734
 10
954.2814104793885
 20
85.66993037093052
 10
952.2433485037066
 20
87.9633286648901
 10
953.5233985541352
 20
89.40374835617749
 10
950.9843567175858
 20
93.68946264189182
 10
952.2771291019765
 20
95.14419857054135
 10
952.2771291019765
 20
99.42991285625568
 10
954.2814104793885
 20
101.68529838742113
 10
955.5721405305693
 20
100.2328606634163
 10
958.0263458354941
 20
101.61369950112086
 10
959.8604740133545
 20
103.67761437917589
 10
958.6247336933498
 20
105.06817304495308
 10
958.6247336933498
 20
107.99072715229163
 10
963.7028173664486
 20
116.5621557237202
 10
963.7028173664486
 20
123.63960161638165
 10
962.438743499993
 20
125.06204356533057
 10
961.158014681693
 20
133.7091445523305
 10
964.3739504268676
 20
137.32798521540656
 10
969.4894606294215
 20
140.20618580774723
 10
970.8300965509502
 20
140.20618580774723
 10
975.9166302959254
 20
134.48239136376793
 10
982.2642348872987
 20
133.0538199351965
 10
985.49337963026
 20
129.42011539979958
 10
984.2238587119854
 20
123.7058296855138
 10
985.5184535753882
 20
122.24904295060435
 10
982.9794117388388
 20
119.39190009346157
 10
984.2489326571135
 20
117.96332866489013
 10
982.9456311405688
 20
116.49674447352454
 10
982.9456311405688
 20
112.26628769888958
 10
985.4846729771183
 20
105.12343055603246
 10
985.4846729771183
 20
100.85848428482713
 10
988.0412598131473
 20
97.98159832254095
 10
984.2326970583233
 20
89.41016975111238
 10
987.3338684885211
 20
85.92047152203297
 10
991.142431243345
 20
85.92047152203297
 10
993.1017984867663
 20
83.71562714197
 10
993.1017984867663
 20
80.78245875923884
 10
991.1330932465992
 20
78.56710648193743
 10
972.0013391293667
 20
82.87283739458373
  0
LWPOLYLINE
  5
3A
330
17
100
AcDbEntity
  8
M
100
AcDbPolyline
 90
23
 70
1
 10
846.324458161409
 20
292.8664345954147
 10
843.0734953214302
 20
296.52469068374523
 10
849.4521155969986
 20
306.57355271311184
 10
850.7222254505762
 20
312.29048930501546
 10
855.7935393131002
 20
319.4238239994586
 10
855.7935393131002
 20
326.5727699991129
 10
857.0292796331048
 20
327.96332866489007
 10
855.7935393131002
 20
329.3538873306673
 10
855.7935393131002
 20
332.27644143800563
 10
858.3325811496496
 20
336.5621557237201
 10
858.3325811496496
 20
339.4398212690294
 10
862.887434630887
 20
343.1008949920592
 10
866.7427694481528
 20
338.7625488583007
 10
870.5475439155053
 20
337.33539839600826
 10
879.439877572543
 20
328.7584843269261
 10
884.5213873729994
 20
325.8994137868348
 10
889.001083188242
 20
320.85848428482734
 10
889.001083188242
 20
319.36690565863
 10
885.173570544436
 20
312.1885085080104
 10
875.0363530872206
 20
302.20716701208596
 10
875.0363530872206
 20
300.7824587592386
 10
866.7265326460508
 20
291.4315517454754
 10
846.324458161409
 20
292.8664345954147
  0
LWPOLYLINE
  5
3B
330
17
100
AcDbEntity
  8
M
100
AcDbPolyline
 90
48
 70
1
 10
1522.1944452599655
 20
72.87457859724466
 10
1518.0257455252556
 20
74.3016986397429
 10
1497.1753599993356
 20
88.57761437917588
 10
1494.3903059123631
 20
88.57761437917588
 10
1483.248543253104
 20
97.15976854625052
 10
1479.0559958626247
 20
98.5950526374163
 10
1476.90332653094
 20
102.27979577511415
 10
1493.002978903676
 20
113.06332866489011
 10
1502.7280286289663
 20
113.06332866489011
 10
1504.1190084012717
 20
114.49190009346155
 10
1531.9386038473774
 20
114.49190009346155
 10
1533.351710134933
 20
115.94319601316482
 10
1536.177922710044
 20
114.49190009346155
 10
1544.457421798125
 20
114.49190009346155
 10
1545.8484015704303
 20
115.920471522033
 10
1554.2786891710734
 20
115.920471522033
 10
1555.627464459973
 20
114.53524516601487
 10
1556.9762397488726
 20
115.920471522033
 10
1572.2770172442308
 20
115.920471522033
 10
1573.6901235317864
 20
117.37176744173627
 10
1576.5163361068974
 20
115.920471522033
 10
1583.4048554226733
 20
115.920471522033
 10
1584.7958351949787
 20
117.34904295060444
 10
1591.750734056505
 20
117.34904295060444
 10
1594.5246835180453
 20
120.19795924971777
 10
1601.4795823795719
 20
121.62653067828921
 10
1604.2695520072527
 20
124.49190009346157
 10
1607.126462303968
 20
124.49190009346157
 10
1626.631256676849
 20
110.18338763543079
 10
1641.3043809832104
 20
96.5489242977855
 10
1637.7685409662918
 20
91.46496824419226
 10
1621.0482701394624
 20
78.58586227689368
 10
1615.4916563348913
 20
77.159166526376
 10
1611.3187170179754
 20
72.87345224066166
 10
1605.7547979287542
 20
71.44488081209022
 10
1601.5720014294532
 20
67.14904295060443
 10
1598.7720124637824
 20
67.14904295060443
 10
1582.1163140382396
 20
58.5961310508869
 10
1579.3163250725686
 20
55.720471522032966
 10
1569.5794666664315
 20
55.720471522032966
 10
1568.1884868941263
 20
54.29190009346152
 10
1559.8426082602946
 20
54.29190009346152
 10
1558.4487769943453
 20
52.86040010875337
 10
1547.9321008668521
 20
53.58045961109858
 10
1541.652961334334
 20
60.029294821191016
 10
1533.3265230206139
 20
65.73027006831434
 10
1529.149344121492
 20
67.160292882959
 10
1522.1944452599655
 20
72.87457859724466
  0
LWPOLYLINE
  5
3C
330
17
100
AcDbEntity
  8
M
100
AcDbPolyline
 90
22
 70
1
 10
1493.5854101627297
 20
326.5307709791204
 10
1497.1491332848016
 20
330.19080481490613
 10
1504.1612128846773
 20
333.07143809820684
 10
1518.09075070872
 20
327.3490429506044
 10
1523.6591047592965
 20
327.3490429506044
 10
1529.2230238485176
 20
324.49190009346154
 10
1534.783801876315
 20
324.49190009346154
 10
1544.5275288649373
 20
320.2031625757301
 10
1554.2845071123156
 20
318.77163920628146
 10
1555.6696689433786
 20
317.34904295060437
 10
1561.2335880325998
 20
317.34904295060437
 10
1563.417426275119
 20
315.1061858077472
 10
1561.2312167161053
 20
312.8608932628379
 10
1536.1935808146102
 20
314.2894646914093
 10
1534.8049723587992
 20
312.8633286648902
 10
1531.9386038473774
 20
312.8633286648902
 10
1530.5476240750722
 20
314.29190009346155
 10
1527.850073497273
 20
314.29190009346155
 10
1526.4590937249675
 20
312.8633286648902
 10
1509.7009569115535
 20
312.8633286648902
 10
1506.8854650964392
 20
314.30911933867634
 10
1493.5854101627297
 20
326.5307709791204
  0
LWPOLYLINE
  5
3D
330
17
100
AcDbEntity
  8
M
100
AcDbPolyline
 90
165
 70
1
 10
1516.6329083218573
 20
430.0112367491874
 10
1515.246846579714
 20
431.43475723631855
 10
1506.9009679458823
 20
431.43475723631855
 10
1505.5209556575082
 20
432.85206478133176
 10
1499.957036568287
 20
431.4234933527602
 10
1498.5550893120505
 20
432.8633286648901
 10
1490.2092106782188
 20
432.8633286648901
 10
1488.8182309059134
 20
434.29190009346166
 10
1486.120680328114
 20
434.29190009346166
 10
1484.7209724500538
 20
432.854364679392
 10
1477.7660735885274
 20
434.2829361079635
 10
1476.3838219219772
 20
432.8633286648901
 10
1467.9715637423947
 20
432.8633286648901
 10
1465.2338572282845
 20
434.2691756023297
 10
1463.8650039712295
 20
432.8633286648901
 10
1459.6076556875023
 20
432.8633286648901
 10
1458.2166759151971
 20
434.29190009346166
 10
1455.5191253373978
 20
434.29190009346166
 10
1454.1281455650926
 20
432.8633286648901
 10
1449.9552062481766
 20
432.8633286648901
 10
1447.1310422201605
 20
429.96284073519377
 10
1445.6978579644494
 20
431.43475723631855
 10
1429.006100696786
 20
431.43475723631855
 10
1427.6151209244808
 20
432.8633286648901
 10
1424.9175703466815
 20
432.8633286648901
 10
1423.526590574376
 20
431.43475723631855
 10
1412.332372850183
 20
431.43475723631855
 10
1409.594666336073
 20
432.84060417375815
 10
1408.225813079018
 20
431.43475723631855
 10
1401.2045346717407
 20
431.43475723631855
 10
1398.4467501894753
 20
432.8509144644689
 10
1395.6447126767093
 20
431.4120327451866
 10
1394.2316063891537
 20
432.8633286648901
 10
1391.5340558113542
 20
432.8633286648901
 10
1390.143076039049
 20
431.43475723631855
 10
1387.2767075276274
 20
431.43475723631855
 10
1385.885727755322
 20
432.8633286648901
 10
1383.1881771775227
 20
432.8633286648901
 10
1381.7971974052175
 20
431.43475723631855
 10
1369.1939704876586
 20
431.43475723631855
 10
1367.8029907153532
 20
432.8633286648901
 10
1359.4571120815215
 20
432.8633286648901
 10
1358.0661323092163
 20
434.29190009346166
 10
1355.3685817314167
 20
434.29190009346166
 10
1352.564495671556
 20
431.4120327451866
 10
1349.7825361269454
 20
432.84060417375815
 10
1348.4136828698902
 20
431.43475723631855
 10
1341.3743750415529
 20
431.43475723631855
 10
1339.9833952692475
 20
432.8633286648901
 10
1334.5038851468373
 20
432.8633286648901
 10
1333.0707008911268
 20
431.3914121637651
 10
1331.6375166354157
 20
432.8633286648901
 10
1321.9006582292786
 20
432.8633286648901
 10
1320.551882940379
 20
434.2485550209082
 10
1319.2031076514793
 20
432.8633286648901
 10
1314.9570098273427
 20
432.8633286648901
 10
1310.8279656147593
 20
435.690417266679
 10
1309.4662492453422
 20
434.29190009346166
 10
1302.438191876595
 20
434.29190009346166
 10
1298.265252559679
 20
437.1490429506043
 10
1277.4737144823205
 20
437.1490429506043
 10
1276.0827347100153
 20
435.720471522033
 10
1271.8253864262883
 20
435.720471522033
 10
1270.434406653983
 20
437.1490429506043
 10
1260.697548247846
 20
437.1490429506043
 10
1259.3487729589463
 20
438.53426930662243
 10
1257.9999976700465
 20
437.1490429506043
 10
1250.960689841709
 20
437.1490429506043
 10
1249.5697100694038
 20
438.5776143791759
 10
1239.8328516632666
 20
438.5776143791759
 10
1238.4491149251533
 20
439.99874702832784
 10
1230.1032362913215
 20
438.5701755997565
 10
1228.7050134848243
 20
440.0061858077472
 10
1218.9681550786872
 20
440.0061858077472
 10
1217.577175306382
 20
441.4347572363188
 10
1207.840316900245
 20
441.4347572363188
 10
1206.4463724004443
 20
442.8663735150583
 10
1186.97265558817
 20
444.2949449436296
 10
1185.5818701813241
 20
445.7233167539555
 10
1164.7391442039782
 20
447.1503838912166
 10
1157.7875094796705
 20
450.0061858077472
 10
1153.5921057803387
 20
450.0061858077472
 10
1152.2011260080333
 20
451.43475723631855
 10
1145.246227146507
 20
451.43475723631855
 10
1143.0564861435478
 20
453.6836766635325
 10
1152.2059506369028
 20
461.63475723631876
 10
1162.0223933809814
 20
461.63475723631876
 10
1163.4163378807823
 20
460.20314095757897
 10
1182.8900546930563
 20
458.7745695290074
 10
1184.2780697378662
 20
457.3490429506043
 10
1194.014928144003
 20
457.3490429506043
 10
1195.4059079163085
 20
455.920471522033
 10
1213.488644956277
 20
455.920471522033
 10
1214.837420245177
 20
454.5352451660148
 10
1216.1861955340767
 20
455.920471522033
 10
1223.2255033624142
 20
455.920471522033
 10
1224.5872197318313
 20
454.52195434881537
 10
1228.7162639444148
 20
457.3490429506043
 10
1238.4418718909612
 20
457.3490429506043
 10
1239.8549781785168
 20
458.8003388703076
 10
1242.681190753628
 20
457.3490429506043
 10
1251.04509880852
 20
457.3490429506043
 10
1252.4139520655751
 20
455.94319601316494
 10
1255.151658579685
 20
457.3490429506043
 10
1269.1278358484888
 20
457.3490429506043
 10
1270.4766111373885
 20
455.9638165945862
 10
1271.8253864262883
 20
457.3490429506043
 10
1278.8646942546259
 20
457.3490429506043
 10
1280.255674026931
 20
455.920471522033
 10
1282.9532246047306
 20
455.920471522033
 10
1284.3442043770358
 20
457.3490429506043
 10
1287.2105728884576
 20
457.3490429506043
 10
1288.6015526607628
 20
455.920471522033
 10
1291.2991032385623
 20
455.920471522033
 10
1292.6900830108677
 20
457.3490429506043
 10
1296.9474312945945
 20
457.3490429506043
 10
1298.3384110668999
 20
455.920471522033
 10
1305.2933099284262
 20
455.920471522033
 10
1306.6420852173262
 20
454.5352451660148
 10
1307.9908605062258
 20
455.920471522033
 10
1315.0301683345633
 20
455.920471522033
 10
1316.4211481068687
 20
454.4919000934614
 10
1324.7670267407004
 20
454.4919000934614
 10
1326.1580065130056
 20
453.0633286648901
 10
1342.849763780669
 20
453.0633286648901
 10
1344.2320154472193
 20
451.64372122181663
 10
1351.1721494515875
 20
453.06925987399507
 10
1358.136673536986
 20
448.7776143791759
 10
1362.3234805929435
 20
448.7776143791759
 10
1363.7155096194354
 20
447.3479653400004
 10
1419.2703029748814
 20
445.9215608715831
 10
1420.70242654636
 20
447.3923880231577
 10
1422.135610802071
 20
445.920471522033
 10
1429.0905096635972
 20
445.920471522033
 10
1430.4593629206524
 20
444.5146245845933
 10
1433.2019522212202
 20
445.92297889466494
 10
1447.093140113101
 20
444.49631874285177
 10
1448.47981750906
 20
445.920471522033
 10
1452.7371657927872
 20
445.920471522033
 10
1455.5081578534666
 20
443.0745925484484
 10
1461.0720769426878
 20
444.5031639770197
 10
1463.8650039712295
 20
441.6347572363187
 10
1472.2108826050612
 20
441.6347572363187
 10
1473.572598974478
 20
440.23624006310115
 10
1477.745538291394
 20
443.09338292024404
 10
1479.1548139826564
 20
441.64602111987705
 10
1484.7187330718775
 20
443.0745925484484
 10
1486.120680328114
 20
441.6347572363187
 10
1490.2204611378093
 20
441.6347572363187
 10
1494.4170272059366
 20
444.50807694108244
 10
1500.0124486301065
 20
441.6347572363187
 10
1508.3763566849989
 20
441.6347572363187
 10
1511.1583162296095
 20
438.7776143791758
 10
1519.5041948634412
 20
438.7776143791758
 10
1520.8951746357463
 20
437.34904295060426
 10
1526.441064303907
 20
437.34904295060426
 10
1532.0049833931282
 20
434.4919000934616
 10
1534.8049723587992
 20
434.4919000934616
 10
1536.1959521311046
 20
433.06332866489004
 10
1541.7598712203257
 20
433.06332866489004
 10
1545.3346892351503
 20
429.3919000934615
 10
1543.1287244773807
 20
427.1263184594724
 10
1540.3079414120132
 20
428.57482625721855
 10
1534.0668247190724
 20
427.8626279470431
 10
1516.6329083218573
 20
430.0112367491874
  0
LWPOLYLINE
  5
3E
330
17
100
AcDbEntity
  8
M
100
AcDbPolyline
 90
103
 70
1
 10
1474.8858246441664
 20
122.88419677144947
 10
1468.5992793824728
 20
130.77540253757758
 10
1467.2087613193146
 20
136.48779150394773
 10
1456.8303898261777
 20
148.56782170288218
 10
1449.9632163312467
 20
147.15726950863385
 10
1448.5663127185312
 20
145.72261414604282
 10
1420.7246201085106
 20
144.29290800014306
 10
1413.7672677858234
 20
141.43475723631872
 10
1409.5436343441024
 20
141.43475723631872
 10
1405.3706950271865
 20
144.2919000934616
 10
1401.1865052506803
 20
144.2919000934616
 10
1399.8064929623063
 20
145.7092076384745
 10
1394.2547442014893
 20
144.28376101872163
 10
1390.0699175318282
 20
147.14904295060438
 10
1387.3611164944384
 20
147.14904295060438
 10
1385.9449073129992
 20
145.69456028035555
 10
1376.2080489068621
 20
151.40884599464133
 10
1374.8130351408026
 20
149.9761315523933
 10
1370.5962007195542
 20
152.86332866489005
 10
1366.4232614026384
 20
152.86332866489005
 10
1362.294217190055
 20
155.690417266679
 10
1360.8902963372325
 20
154.24855502090827
 10
1359.4571120815215
 20
155.72047152203294
 10
1349.7202536753846
 20
155.72047152203294
 10
1348.3292739030792
 20
157.14904295060438
 10
1340.0565537764683
 20
157.14904295060438
 10
1335.8836144595523
 20
154.2919000934616
 10
1328.9399660576162
 20
154.2919000934616
 10
1327.5268597700606
 20
152.8406041737582
 10
1324.7006471949496
 20
154.2919000934616
 10
1314.9457593677523
 20
154.2919000934616
 10
1313.554779595447
 20
155.72047152203294
 10
1310.8572290176473
 20
155.72047152203294
 10
1309.4662492453422
 20
154.2919000934616
 10
1302.5113503838156
 20
154.2919000934616
 10
1301.1203706115105
 20
152.86332866489005
 10
1278.8646942546259
 20
152.86332866489005
 10
1277.4737144823205
 20
151.43475723631872
 10
1271.8253864262883
 20
151.43475723631872
 10
1270.434406653983
 20
152.86332866489005
 10
1256.52460893093
 20
152.86332866489005
 10
1254.380343755878
 20
155.06554326595779
 10
1254.380343755878
 20
166.57539977810808
 10
1256.52460893093
 20
168.77761437917582
 10
1260.7087987074362
 20
168.77761437917582
 10
1264.9053647755636
 20
171.65093408393972
 10
1267.7188266551232
 20
170.20618580774726
 10
1276.0827347100153
 20
170.20618580774726
 10
1277.431509998915
 20
168.82095945172915
 10
1278.7802852878146
 20
170.20618580774726
 10
1283.0376335715416
 20
170.20618580774726
 10
1284.428613343847
 20
168.77761437917582
 10
1289.9001105281789
 20
168.77761437917582
 10
1298.891696469647
 20
180.8536118715508
 10
1298.891696469647
 20
185.14682834953678
 10
1301.0359616446995
 20
187.3490429506044
 10
1303.902330156121
 20
187.3490429506044
 10
1305.2933099284262
 20
185.92047152203295
 10
1313.6391885622581
 20
185.92047152203295
 10
1315.0301683345633
 20
184.4919000934615
 10
1320.5096784569735
 20
184.4919000934615
 10
1321.9428627126842
 20
185.96381659458626
 10
1323.376046968395
 20
184.4919000934615
 10
1326.1527521969215
 20
184.4919000934615
 10
1334.4986308307532
 20
177.34904295060437
 10
1362.3234805929433
 20
177.34904295060437
 10
1363.7144603652484
 20
175.92047152203293
 10
1366.496419909859
 20
175.92047152203293
 10
1372.0603389990802
 20
170.20618580774726
 10
1380.3398380871615
 20
170.20618580774726
 10
1385.9037571763824
 20
173.06332866489004
 10
1391.522805351764
 20
173.06332866489004
 10
1395.6518495643472
 20
170.23624006310123
 10
1398.3865162850093
 20
173.044811993179
 10
1409.5504133055724
 20
178.77761437917584
 10
1413.7191909404692
 20
178.77761437917584
 10
1420.6740898019957
 20
183.06332866489007
 10
1423.5115624826835
 20
183.06332866489007
 10
1433.2484208888206
 20
177.34904295060437
 10
1438.8093386486737
 20
177.34904295060437
 10
1452.725063833688
 20
170.20314198102525
 10
1463.8594215148744
 20
168.77373359066482
 10
1468.026692828555
 20
165.92047152203293
 10
1473.593706460138
 20
165.92047152203293
 10
1479.1576255493592
 20
161.6347572363187
 10
1483.3387207835035
 20
161.6347572363187
 10
1486.120680328114
 20
158.77761437917582
 10
1490.2854637278015
 20
158.77761437917582
 10
1495.8600906319864
 20
154.4836521957438
 10
1501.4313150058574
 20
153.05320508911845
 10
1504.95670277083
 20
149.43254263525097
 10
1504.95670277083
 20
143.63697183738634
 10
1502.1747432262193
 20
140.77982898024354
 10
1502.1747432262193
 20
136.4941146945292
 10
1499.3927836816088
 20
133.6369718373863
 10
1499.3927836816088
 20
126.50340167108386
 10
1495.8831946449118
 20
121.45719020694379
 10
1493.0493818140092
 20
120.00199145971924
 10
1484.6385500435044
 20
121.44168097415297
 10
1483.296516300098
 20
122.81998359233681
 10
1481.9477410111983
 20
121.43475723631869
 10
1477.7084221485318
 20
121.43475723631869
 10
1474.8858246441664
 20
122.88419677144947
  0
LWPOLYLINE
  5
3F
330
17
100
AcDbEntity
  8
M
100
AcDbPolyline
 90
64
 70
1
 10
1472.1486001535002
 20
465.69774703090104
 10
1469.386718577045
 20
464.27948589304026
 10
1463.798624425479
 20
467.1490429506043
 10
1458.2166759151971
 20
467.1490429506043
 10
1456.8222476866192
 20
468.5811560310401
 10
1440.1413775406177
 20
470.0087956804885
 10
1435.9722500179028
 20
472.8633286648901
 10
1423.4421816075649
 20
472.8633286648901
 10
1422.0512018352595
 20
474.29190009346144
 10
1415.0963029737331
 20
474.29190009346144
 10
1413.7053232014277
 20
475.720471522033
 10
1406.7504243399014
 20
475.720471522033
 10
1405.359444567596
 20
477.1490429506043
 10
1401.1865052506803
 20
477.1490429506043
 10
1398.4338091089578
 20
479.97613155239327
 10
1394.260869792042
 20
477.1189886952504
 10
1392.0477681466346
 20
479.3919000934616
 10
1394.82258634751
 20
482.2417086098575
 10
1387.2632070926518
 20
488.5938053592235
 10
1378.9488583148561
 20
492.86332866488993
 10
1373.3849392256348
 20
492.86332866488993
 10
1367.8210201364136
 20
495.72047152203305
 10
1363.6300513984374
 20
495.72047152203305
 10
1360.8429758814063
 20
498.5828686123247
 10
1349.7009294682578
 20
500.01326406797386
 10
1347.551264450086
 20
503.692864695655
 10
1349.7624581587902
 20
505.963816594586
 10
1351.1846749305698
 20
504.50316397701977
 10
1356.7292627497966
 20
505.926771979713
 10
1359.4792385967717
 20
504.5146245845934
 10
1360.8480918538269
 20
505.9204715220328
 10
1367.8029907153532
 20
505.9204715220328
 10
1369.2361749710642
 20
507.39238802315776
 10
1370.6693592267752
 20
505.9204715220328
 10
1373.3669098045743
 20
505.9204715220328
 10
1374.8000940602853
 20
507.39238802315776
 10
1376.2332783159964
 20
505.9204715220328
 10
1378.948858314856
 20
505.9204715220328
 10
1381.754992921812
 20
507.36145715102555
 10
1384.516874498267
 20
505.9431960131647
 10
1385.885727755322
 20
507.34904295060437
 10
1388.7520962667436
 20
507.34904295060437
 10
1390.143076039049
 20
505.9204715220328
 10
1395.7069951282701
 20
505.9204715220328
 10
1397.0979749005753
 20
504.4919000934615
 10
1402.6618939897967
 20
504.4919000934615
 10
1405.4438535344075
 20
501.63475723631853
 10
1412.3987523959338
 20
501.63475723631853
 10
1413.7897321682392
 20
500.2061858077472
 10
1419.3536512574603
 20
500.2061858077472
 10
1420.7446310297655
 20
498.77761437917565
 10
1426.2972996593962
 20
498.77761437917565
 10
1430.4766909366388
 20
495.9160539710067
 10
1449.9439281176737
 20
493.05986179175886
 10
1455.5070233782985
 20
490.2031419810252
 10
1466.6520794882606
 20
488.77236014602687
 10
1468.0379432881455
 20
487.3490429506043
 10
1473.6018623773666
 20
487.3490429506043
 10
1477.1332357770286
 20
483.7222330984282
 10
1478.5242155493338
 20
469.436518812714
 10
1481.3347706918862
 20
466.55000755279787
 10
1479.1758633417041
 20
462.85458674365674
 10
1474.2071253554657
 20
463.58358955207
 10
1472.1486001535002
 20
465.69774703090104
  0
LWPOLYLINE
  5
40
330
17
100
AcDbEntity
  8
M
100
AcDbPolyline
 90
37
 70
1
 10
1387.2767075276274
 20
321.43475723631866
 10
1383.1037682107115
 20
321.43475723631866
 10
1381.7127884384063
 20
322.86332866489
 10
1377.557878542551
 20
322.86332866489
 10
1366.382585468206
 20
328.60198306870734
 10
1364.2430217177496
 20
332.26429326708353
 10
1365.658725540301
 20
333.71825692096525
 10
1365.658725540301
 20
336.57539977810814
 10
1368.4011120174446
 20
339.3919000934614
 10
1354.4913142943917
 20
353.6776143791757
 10
1358.0481028881559
 20
357.3305262788934
 10
1363.6923338499985
 20
360.22891029887927
 10
1365.0877416848696
 20
358.7957911379888
 10
1371.998394414685
 20
361.63475723631865
 10
1384.512777404077
 20
361.63475723631865
 10
1387.3389899791882
 20
363.08605315602193
 10
1388.7520962667436
 20
361.63475723631865
 10
1397.0315953548247
 20
361.63475723631865
 10
1399.8578079299357
 20
363.08605315602193
 10
1401.2709142174915
 20
361.63475723631865
 10
1410.9233636568172
 20
361.63475723631865
 10
1412.3364699443728
 20
363.08605315602193
 10
1415.1987413616048
 20
361.6162405646076
 10
1421.4979164325125
 20
355.1468283495366
 10
1421.4979164325125
 20
352.2936240129789
 10
1432.6024320049123
 20
342.31458280629425
 10
1435.435075910719
 20
337.9507873381048
 10
1429.0483051801916
 20
331.3914121637652
 10
1427.651100311175
 20
332.826376924202
 10
1419.3652493528582
 20
325.7348947329387
 10
1409.6326707131864
 20
321.4510642022833
 10
1406.8348333067127
 20
318.57761437917577
 10
1404.052873762102
 20
318.57761437917577
 10
1402.6493221335188
 20
317.13613133604315
 10
1392.8684622304092
 20
320.00618580774733
 10
1388.6676872999326
 20
320.00618580774733
 10
1387.2767075276274
 20
321.43475723631866
  0
LWPOLYLINE
  5
41
330
17
100
AcDbEntity
  8
M
100
AcDbPolyline
 90
53
 70
1
 10
1287.1102860597834
 20
245.90416455606834
 10
1296.8841928102677
 20
250.20618580774723
 10
1301.0259076382247
 20
250.20618580774723
 10
1304.4222639800562
 20
255.0895872912967
 10
1295.4768671843478
 20
262.86332866489016
 10
1277.4556850612603
 20
262.86332866489016
 10
1274.629472486149
 20
261.41203274518665
 10
1272.4630807958465
 20
263.63697183738645
 10
1272.4630807958465
 20
277.9226861231007
 10
1270.4766111373885
 20
279.9628407351938
 10
1268.4901414789306
 20
277.9226861231007
 10
1268.4901414789306
 20
263.63697183738645
 10
1266.3458763038782
 20
261.4347572363186
 10
1262.0885280201512
 20
261.4347572363186
 10
1258.5532830727936
 20
265.0655432659578
 10
1258.5532830727936
 20
269.35125755167223
 10
1254.380343755878
 20
273.63697183738645
 10
1254.380343755878
 20
279.35125755167223
 10
1250.167831371495
 20
283.67761437917585
 10
1252.3378749804367
 20
285.9063040842394
 10
1267.6765877181329
 20
291.6347572363186
 10
1271.9097953930993
 20
291.6347572363186
 10
1273.2715117625164
 20
290.2362400631012
 10
1277.4005559751
 20
293.06332866489015
 10
1291.2991032385623
 20
293.06332866489015
 10
1292.6900830108677
 20
294.4919000934615
 10
1298.3384110668999
 20
294.4919000934615
 10
1299.729390839205
 20
293.06332866489015
 10
1319.2031076514793
 20
293.06332866489015
 10
1320.5940874237845
 20
291.6347572363186
 10
1330.3309458299216
 20
291.6347572363186
 10
1331.7219256022267
 20
290.20618580774726
 10
1337.263380309032
 20
290.20618580774726
 10
1344.2182791705586
 20
287.34904295060437
 10
1348.39565344883
 20
287.34904295060437
 10
1362.3415100140037
 20
280.1876691360362
 10
1369.2964088755302
 20
273.0448119931791
 10
1374.8242691226305
 20
270.20618580774726
 10
1379.0212217794012
 20
270.20618580774726
 10
1385.332442352575
 20
262.28400627906376
 10
1385.332442352575
 20
259.35125755167223
 10
1383.1881771775224
 20
257.1490429506044
 10
1374.8422985436907
 20
257.1490429506044
 10
1373.4513187713856
 20
255.72047152203302
 10
1341.4475335487737
 20
255.72047152203302
 10
1337.2855868843967
 20
252.87085515312725
 10
1331.731782784612
 20
251.44488081209047
 10
1329.7035021269955
 20
249.3617852457236
 10
1331.094481899301
 20
243.64749953143783
 10
1327.5482430903162
 20
240.0054225276792
 10
1287.8209162424935
 20
240.72122902026794
 10
1284.9423256791272
 20
243.6776143791758
 10
1287.1102860597834
 20
245.90416455606834
  0
LWPOLYLINE
  5
42
330
17
100
AcDbEntity
  8
M
100
AcDbPolyline
 90
16
 70
1
 10
1312.1616051699998
 20
103.0610747005718
 10
1338.6745792032407
 20
104.49420603283043
 10
1340.8660942240422
 20
102.24346464439604
 10
1331.0606248120266
 20
93.61163729632193
 10
1322.738352598837
 20
80.79086102631206
 10
1322.738352598837
 20
77.9226861231006
 10
1319.9563930542265
 20
75.06554326595783
 10
1319.9563930542265
 20
72.20840040881494
 10
1315.0301683345633
 20
67.14904295060443
 10
1308.052805090621
 20
67.14904295060443
 10
1301.0591210741081
 20
64.2759667591687
 10
1291.9367976081207
 20
72.20346119797006
 10
1291.9367976081207
 20
82.29423912652523
 10
1301.6736560142576
 20
90.8656676979538
 10
1301.6736560142576
 20
92.28968549239391
 10
1312.1616051699998
 20
103.0610747005718
  0
LWPOLYLINE
  5
43
330
17
100
AcDbEntity
  8
M
100
AcDbPolyline
 90
50
 70
1
 10
1321.9116257132098
 20
507.13777906704604
 10
1316.3477066239886
 20
505.7092076384745
 10
1314.9416390536408
 20
507.1532746174724
 10
1301.031841330588
 20
508.58184604604395
 10
1299.644981872394
 20
510.0061858077473
 10
1285.7351841493412
 20
510.0061858077473
 10
1284.3442043770358
 20
511.4347572363186
 10
1280.255674026931
 20
511.4347572363186
 10
1278.8224897712203
 20
509.96284073519405
 10
1277.3893055155095
 20
511.4347572363186
 10
1270.434406653983
 20
511.4347572363186
 10
1269.0434268816778
 20
512.8633286648899
 10
1262.0885280201512
 20
512.8633286648899
 10
1258.5532830727936
 20
516.4941146945291
 10
1258.5532830727936
 20
519.3512575516722
 10
1254.380343755878
 20
523.6369718373865
 10
1254.380343755878
 20
526.4941146945293
 10
1251.5983842112673
 20
529.351257551672
 10
1251.5983842112673
 20
533.642147472647
 10
1244.6434853497408
 20
542.2135760440755
 10
1244.6434853497408
 20
546.4941146945293
 10
1241.8219527376632
 20
549.3919000934613
 10
1244.011978645102
 20
551.6411121247863
 10
1253.748837051239
 20
550.212540696215
 10
1255.1758336420305
 20
551.6781023088719
 10
1256.609017897741
 20
550.2061858077473
 10
1262.1729369869622
 20
550.2061858077473
 10
1263.5639167592676
 20
548.7776143791757
 10
1269.1278358484888
 20
548.7776143791757
 10
1270.5188156207942
 20
547.3490429506041
 10
1283.0376335715416
 20
547.3490429506041
 10
1284.428613343847
 20
545.9204715220328
 10
1289.9925324330682
 20
545.9204715220328
 10
1291.3835122053733
 20
544.4919000934615
 10
1296.9474312945945
 20
544.4919000934615
 10
1298.2962065834945
 20
543.1066737374433
 10
1299.644981872394
 20
544.4919000934615
 10
1302.5113503838156
 20
544.4919000934615
 10
1303.9074461285416
 20
543.0580744317411
 10
1315.0423375921227
 20
541.628597515377
 10
1319.9563930542265
 20
535.1397783861632
 10
1319.9563930542265
 20
532.2833944797446
 10
1325.5203121434477
 20
525.1405373368873
 10
1325.5203121434477
 20
522.2833944797444
 10
1331.0842312326688
 20
515.1405373368873
 10
1331.0842312326688
 20
512.2816693931366
 10
1335.2877452521232
 20
506.52551568781
 10
1333.1067177096124
 20
504.2855452049938
 10
1323.2858200603416
 20
505.72644669492706
 10
1321.9116257132098
 20
507.13777906704604
  0
LWPOLYLINE
  5
44
330
17
100
AcDbEntity
  8
M
100
AcDbPolyline
 90
17
 70
1
 10
1204.280347902641
 20
145.09093549126806
 10
1206.4341481218682
 20
148.77761437917582
 10
1218.9681550786872
 20
148.77761437917582
 10
1220.3591348509926
 20
150.20618580774726
 10
1248.1787302970984
 20
150.20618580774726
 10
1249.6119145528094
 20
151.678102308872
 10
1251.7983842112671
 20
149.43254263525097
 10
1251.7983842112671
 20
143.7182569209653
 10
1254.5803437558777
 20
140.86111406382253
 10
1254.5803437558777
 20
135.06554326595776
 10
1252.4360785808253
 20
132.86332866489013
 10
1231.571381996246
 20
132.86332866489013
 10
1230.1783727547888
 20
131.4326729201387
 10
1215.499763016293
 20
132.15054452406204
 10
1211.2816424309133
 20
135.03862225196738
 10
1208.4951418926644
 20
140.76223539702949
 10
1204.280347902641
 20
145.09093549126806
  0
LWPOLYLINE
  5
45
330
17
100
AcDbEntity
  8
M
100
AcDbPolyline
 90
32
 70
1
 10
1173.0658225926127
 20
102.86332866489012
 10
1170.2951135075925
 20
102.86332866489012
 10
1166.1111815381375
 20
105.72799801027021
 10
1160.53714745948
 20
107.15916652637603
 10
1158.4027394668128
 20
109.35125755167208
 10
1158.4027394668128
 20
115.14682834953672
 10
1162.5756787837288
 20
119.43254263525105
 10
1162.5756787837288
 20
122.29715060166602
 10
1168.9051413653299
 20
127.35310924448939
 10
1181.4164903989092
 20
125.92539012335702
 10
1182.8026809987498
 20
127.34904295060446
 10
1187.037564900061
 20
127.34904295060446
 10
1193.9924637615873
 20
124.49190009346157
 10
1202.3608067778348
 20
124.49190009346157
 10
1204.5050719528874
 20
122.28968549239383
 10
1204.5050719528874
 20
118.01796819172561
 10
1215.6050582305288
 20
110.89298892823606
 10
1218.4148696759403
 20
106.56436773203959
 10
1218.4148696759403
 20
103.71825692096537
 10
1222.627382060323
 20
99.39190009346154
 10
1220.4486597902242
 20
97.15429718375346
 10
1209.3208216117819
 20
95.72572575518201
 10
1206.5388620671713
 20
92.86858289803912
 10
1195.3938059572092
 20
91.43780106304067
 10
1187.0472820960167
 20
87.15175544491215
 10
1174.5457759869992
 20
85.72515953851611
 10
1171.697003054067
 20
82.79939764067767
 10
1169.5058535950088
 20
86.55000755279785
 10
1173.703516962171
 20
90.86111406382247
 10
1173.703516962171
 20
99.43254263525102
 10
1175.0549236670095
 20
100.82047152203299
 10
1173.0658225926127
 20
102.86332866489012
  0
LWPOLYLINE
  5
46
330
17
100
AcDbEntity
  8
M
100
AcDbPolyline
 90
21
 70
1
 10
2098.8506674387577
 20
357.8666186291103
 10
2096.7717686807623
 20
360.0077287496647
 10
2057.9562288657617
 20
361.4354823484843
 10
2050.9730887554283
 20
364.31232700596996
 10
2048.8372682868417
 20
367.97855237600385
 10
2051.6359955574344
 20
370.86103198723555
 10
2051.6359955574344
 20
378.00388913009266
 10
2053.0230589037124
 20
379.432460558664
 10
2053.0230589037124
 20
386.5753177015211
 10
2054.41012224999
 20
388.00388913009266
 10
2054.41012224999
 20
390.86103198723555
 10
2056.5484297494327
 20
393.06332866489004
 10
2070.503638252158
 20
393.06332866489004
 10
2071.8965299818146
 20
391.6287544376776
 10
2081.605973405759
 20
390.20018300910607
 10
2082.987208368658
 20
388.7776143791758
 10
2107.954348601657
 20
388.7776143791758
 10
2110.0926561010997
 20
386.5753177015209
 10
2110.0926561010997
 20
359.3513396282589
 10
2107.9510455606433
 20
357.14564106558436
 10
2098.8506674387577
 20
357.8666186291103
  0
LWPOLYLINE
  5
47
330
17
100
AcDbEntity
  8
M
100
AcDbPolyline
 90
22
 70
1
 10
2037.8518944375253
 20
176.43517249090635
 10
2028.7890902149747
 20
178.5891748036369
 10
2025.2693389538138
 20
183.6642873002744
 10
2028.067416097552
 20
190.8688123733544
 10
2032.2246052829173
 20
196.57760398148216
 10
2033.6134275367876
 20
202.29913586845095
 10
2036.3875542293433
 20
205.15627872559384
 10
2037.7733746549306
 20
210.86544397875352
 10
2044.0588740892176
 20
218.77761437917587
 10
2046.8453834963937
 20
218.77761437917587
 10
2053.7807002277827
 20
224.49190009346142
 10
2056.5641304868623
 20
224.49190009346142
 10
2069.0477006033616
 20
231.63475723631876
 10
2071.8987160547345
 20
231.63475723631876
 10
2080.9643258292667
 20
219.4249655427386
 10
2080.9643258292667
 20
216.4902601784654
 10
2069.8596095863827
 20
206.4828619288792
 10
2068.473245247175
 20
199.34360441083808
 10
2065.6997673741926
 20
196.48712978929262
 10
2062.925640681637
 20
180.77284407500693
 10
2058.0185993792106
 20
175.71895881282484
 10
2037.8518944375253
 20
176.43517249090635
  0
LWPOLYLINE
  5
48
330
17
100
AcDbEntity
  8
M
100
AcDbPolyline
 90
33
 70
1
 10
1901.2075290528355
 20
538.5816607889328
 10
1892.8870649267378
 20
542.8663884312915
 10
1881.773322841139
 20
544.2971787454652
 10
1878.9991961485835
 20
547.1543216026079
 10
1867.9026893783614
 20
548.5828930311794
 10
1865.1269345394096
 20
551.4417127572478
 10
1848.492687342433
 20
554.2970510210175
 10
1844.3314973035995
 20
557.1541938781604
 10
1835.998604267577
 20
558.584569900105
 10
1833.2312309987165
 20
561.4347572363187
 10
1827.6829776136055
 20
561.4347572363187
 10
1825.5446701141627
 20
563.6370539139731
 10
1825.5446701141627
 20
585.1467462729497
 10
1827.6829776136055
 20
587.3490429506041
 10
1847.1652403211779
 20
587.3490429506041
 10
1856.874683745122
 20
583.0633286648902
 10
1859.5854345779935
 20
583.0633286648902
 10
1860.9724979242712
 20
584.4919000934615
 10
1877.7018331195516
 20
584.4919000934615
 10
1880.4728957547209
 20
581.6379129860899
 10
1899.891782602609
 20
583.0664844146614
 10
1901.281910006273
 20
581.6347572363186
 10
1903.9714616588813
 20
581.6347572363186
 10
1905.358525005159
 20
583.0633286648902
 10
1913.7654801227727
 20
583.0633286648902
 10
1915.9037876222155
 20
580.8610319872355
 10
1915.9037876222155
 20
575.0656253425446
 10
1914.5167242759383
 20
573.6370539139733
 10
1914.5167242759383
 20
553.6370539139733
 10
1911.7425975833826
 20
550.7799110568304
 10
1911.7425975833826
 20
539.3513396282591
 10
1909.5970318094433
 20
537.1415674711362
 10
1901.2075290528355
 20
538.5816607889328
  0
LWPOLYLINE
  5
49
330
17
100
AcDbEntity
  8
M
100
AcDbPolyline
 90
51
 70
1
 10
2769.838420466675
 20
503.5719552879002
 10
2760.332980797658
 20
515.0520752773423
 10
2757.6339531077797
 20
520.7566018351561
 10
2752.228871317778
 20
525.0405657511959
 10
2746.8180873001897
 20
535.0470269992002
 10
2743.47717793514
 20
538.5776143791758
 10
2740.8596274649403
 20
538.5776143791758
 10
2739.507804906624
 20
537.1490429506044
 10
2732.6625974686094
 20
537.1490429506044
 10
2731.3107749102933
 20
538.5776143791758
 10
2728.6932244400937
 20
538.5776143791758
 10
2727.3414018817775
 20
537.1490429506044
 10
2716.526821415248
 20
537.1490429506044
 10
2715.1686797087477
 20
535.7137936082107
 10
2705.7059218005343
 20
537.142365036782
 10
2704.3604183904013
 20
535.7204715220331
 10
2693.545837923871
 20
535.7204715220331
 10
2692.1509680423387
 20
534.2464087857117
 10
2690.756098160806
 20
535.7204715220331
 10
2686.6905686446407
 20
535.7204715220331
 10
2683.2641214132823
 20
540.7898457683483
 10
2683.2641214132823
 20
546.4949433652845
 10
2680.5641660400865
 20
549.3481869961422
 10
2679.21234348177
 20
563.6339012818564
 10
2677.800755413578
 20
565.1256313693049
 10
2681.352405437242
 20
567.3776069929743
 10
2682.731257457341
 20
565.9204715220328
 10
2703.008595832085
 20
565.9204715220328
 10
2704.3604183904013
 20
564.4919000934615
 10
2723.285934206829
 20
564.4919000934615
 10
2724.6377567651452
 20
563.0633286648902
 10
2744.915095139889
 20
563.0633286648902
 10
2746.2669176982054
 20
561.6347572363186
 10
2765.1924335146327
 20
561.6347572363186
 10
2766.5442560729493
 20
560.206185807747
 10
2786.821594447693
 20
560.206185807747
 10
2788.1734170060095
 20
558.7776143791757
 10
2807.0989328224373
 20
558.7776143791757
 10
2808.4507553807534
 20
557.3490429506044
 10
2816.561690730651
 20
557.3490429506044
 10
2818.6463772449088
 20
555.1459996787817
 10
2818.6463772449088
 20
515.0663719367127
 10
2816.561690730651
 20
512.8633286648899
 10
2805.6610156176876
 20
512.8633286648899
 10
2804.32728295666
 20
514.2727831537026
 10
2797.6133949083
 20
511.4347572363186
 10
2793.5807072392745
 20
511.4347572363186
 10
2792.234808257786
 20
510.0124456919005
 10
2782.7588373720923
 20
508.5818795296272
 10
2775.9982661655604
 20
504.2952405145907
 10
2769.838420466675
 20
503.5719552879002
  0
LWPOLYLINE
  5
4A
330
17
100
AcDbEntity
  8
M
100
AcDbPolyline
 90
131
 70
1
 10
2493.4082568654762
 20
444.29190009346144
 10
2485.2790692967333
 20
444.29190009346144
 10
2483.938453580295
 20
445.70862841879955
 10
2478.5311633470305
 20
444.280056990228
 10
2474.4644888302037
 20
448.5776143791759
 10
2469.057198596938
 20
448.5776143791759
 10
2467.702552531322
 20
450.00916961788727
 10
2447.4362663893885
 20
451.43696239870303
 10
2439.3733026071122
 20
457.1174513643125
 10
2438.008327078881
 20
455.6749802142831
 10
2435.261634639032
 20
458.57761437917566
 10
2432.6440841688327
 20
458.57761437917566
 10
2431.2492142872998
 20
457.1035516428544
 10
2429.854344405767
 20
458.57761437917566
 10
2425.798876730818
 20
458.57761437917566
 10
2423.7141902165604
 20
460.7806576509984
 10
2423.7141902165604
 20
482.2888568216387
 10
2425.798876730818
 20
484.4919000934614
 10
2429.9404390522
 20
484.4919000934614
 10
2431.2922616105166
 20
483.0633286648901
 10
2444.7243925472458
 20
483.0633286648901
 10
2446.0680663474254
 20
484.48328869473846
 10
2452.9003389686955
 20
485.92732280985405
 10
2461.020999130295
 20
480.2061858077472
 10
2465.0017309219897
 20
480.2061858077472
 10
2466.3966008035227
 20
481.68024854406843
 10
2467.7914706850556
 20
480.2061858077472
 10
2489.4206316181157
 20
480.2061858077472
 10
2490.7425598231303
 20
478.8092059654675
 10
2494.7531859681267
 20
481.63475723631853
 10
2497.5133147491683
 20
481.63475723631853
 10
2500.171731580742
 20
480.23008385390744
 10
2502.119898598903
 20
482.2888568216387
 10
2502.119898598903
 20
493.7174282502103
 10
2504.838412537663
 20
496.59028409744667
 10
2510.245702770928
 20
509.44742695458933
 10
2512.9473089310795
 20
512.3024150947873
 10
2517.002776606028
 20
523.7309865233588
 10
2522.37373775403
 20
529.406880591556
 10
2520.3936000719327
 20
532.8944785013553
 10
2516.382346901187
 20
535.7204715220331
 10
2513.667343021375
 20
535.7204715220331
 10
2511.006745227959
 20
538.5321230714259
 10
2509.654922669643
 20
537.1035516428545
 10
2508.2600527881104
 20
538.5776143791758
 10
2494.7418272049476
 20
538.5776143791758
 10
2493.3900046466315
 20
540.0061858077471
 10
2489.3345369716826
 20
540.0061858077471
 10
2486.629468179924
 20
542.8648331682703
 10
2446.059892992383
 20
544.293929406423
 10
2443.9789160328673
 20
547.9591345888523
 10
2446.6951737079366
 20
553.7000775600586
 10
2446.6951737079366
 20
556.5666362942302
 10
2450.7506413828855
 20
562.280922008516
 10
2450.7506413828855
 20
566.5572204172015
 10
2454.8061090578344
 20
575.12864898863
 10
2454.8061090578344
 20
578.0031425359246
 10
2458.2442877134813
 20
581.636521608914
 10
2493.477739929203
 20
580.2044520255299
 10
2494.8279218513803
 20
578.7776143791757
 10
2497.531566968013
 20
578.7776143791757
 10
2499.6162534822706
 20
576.574571107353
 10
2499.6162534822706
 20
565.1534363713174
 10
2505.590913398381
 20
560.242650575459
 10
2506.95127755301
 20
561.6802485440685
 10
2508.346147434543
 20
560.206185807747
 10
2520.5011916962103
 20
560.206185807747
 10
2524.5324520864124
 20
557.3660973759503
 10
2535.31475617328
 20
563.0633286648902
 10
2538.000149071068
 20
563.0633286648902
 10
2540.741027579582
 20
565.9598188161755
 10
2549.6278447898544
 20
558.0132828955944
 10
2550.982532831106
 20
547.9920857131889
 10
2553.6891558149214
 20
542.2715061314871
 10
2553.6891558149214
 20
536.5745711073528
 10
2556.3867491810024
 20
533.7238235850696
 10
2557.753632955559
 20
525.0568971700754
 10
2554.249049232646
 20
522.8347646225201
 10
2551.561421977447
 20
525.674980214283
 10
2550.252646742347
 20
524.2919000934615
 10
2547.485686985205
 20
524.2919000934615
 10
2540.726574193624
 20
527.1490429506044
 10
2529.9753083676032
 20
527.1490429506044
 10
2528.060602973352
 20
525.1256313693048
 10
2531.350193495847
 20
523.0398184037383
 10
2544.848194359952
 20
507.34904295060437
 10
2546.1971790673983
 20
507.34904295060437
 10
2552.318305428178
 20
500.8803935144116
 10
2554.323284356639
 20
497.3490429506043
 10
2555.6599369756127
 20
497.3490429506043
 10
2563.77087232551
 20
488.7776143791759
 10
2566.4745174421423
 20
488.7776143791759
 10
2567.7832926772426
 20
487.3945342583542
 10
2569.092067912342
 20
488.7776143791759
 10
2575.851180703923
 20
488.7776143791759
 10
2577.2030032622392
 20
490.2061858077472
 10
2583.962116053821
 20
490.2061858077472
 10
2586.6746777727676
 20
493.0727515016579
 10
2593.4337905643492
 20
491.64418007308655
 10
2594.776696520351
 20
493.06332866488987
 10
2602.957864581083
 20
493.06332866488987
 10
2609.113880705888
 20
489.44915086239513
 10
2609.113880705888
 20
487.92351479385576
 10
2602.9783760732334
 20
481.43967076850123
 10
2590.726118664804
 20
480.0010183719433
 10
2589.369406287086
 20
481.43475723631855
 10
2585.3918092940867
 20
481.43475723631855
 10
2579.974987345158
 20
477.1414882960129
 10
2573.224713631409
 20
478.5681915424077
 10
2571.8818076754073
 20
477.1490429506043
 10
2569.178162558775
 20
477.1490429506043
 10
2567.230880617701
 20
475.0912053096524
 10
2571.28634829265
 20
467.9483481667953
 10
2569.182812115327
 20
465.7253850542157
 10
2557.0164090904805
 20
464.2968136256441
 10
2555.6599369756127
 20
462.8633286648901
 10
2548.900824184031
 20
462.8633286648901
 10
2547.549001625715
 20
461.4347572363188
 10
2544.845356509082
 20
461.4347572363188
 10
2540.7898888341338
 20
457.1490429506043
 10
2536.734421159185
 20
457.1490429506043
 10
2535.359984458339
 20
455.69657347587275
 10
2532.6563393417064
 20
457.12514490444414
 10
2531.3271309259194
 20
455.720471522033
 10
2509.6979699928593
 20
455.720471522033
 10
2503.6977326475535
 20
449.3795744986636
 10
2506.4013777641867
 20
445.0938602129494
 10
2504.2906797595947
 20
442.8633286648901
 10
2500.2352120846454
 20
442.8633286648901
 10
2498.8607753838
 20
441.41085919015853
 10
2493.4082568654762
 20
444.29190009346144
  0
LWPOLYLINE
  5
4B
330
17
100
AcDbEntity
  8
M
100
AcDbPolyline
 90
11
 70
1
 10
2586.6564522091376
 20
114.30173756516481
 10
2585.313938612137
 20
115.72047152203302
 10
2578.5548258205554
 20
115.72047152203302
 10
2576.4701393062983
 20
117.92351479385576
 10
2576.4701393062983
 20
120.87027856670163
 10
2581.2590482205264
 20
124.48513298613007
 10
2588.0198412336485
 20
125.91405953771262
 10
2592.1325509908447
 20
128.81153037168335
 10
2606.4450248100325
 20
112.24599343634057
 10
2604.315224429614
 20
109.99527498715555
 10
2586.6564522091376
 20
114.30173756516481
  0
LWPOLYLINE
  5
4C
330
17
100
AcDbEntity
  8
M
100
AcDbPolyline
 90
18
 70
1
 10
2502.850582034198
 20
304.29420441178877
 10
2501.500939996529
 20
305.72047152203305
 10
2493.3900046466315
 20
305.72047152203305
 10
2492.038182088315
 20
307.14904295060444
 10
2479.8717790634687
 20
307.14904295060444
 10
2477.7870925492107
 20
309.35208622242715
 10
2477.7870925492107
 20
322.2888568216388
 10
2479.914826386685
 20
324.5373914012114
 10
2481.3096962682175
 20
323.06332866489
 10
2501.587034642962
 20
323.06332866489
 10
2502.938857201278
 20
321.63475723631865
 10
2538.000149071068
 20
321.63475723631865
 10
2539.351971629384
 20
323.06332866489
 10
2555.6599369756127
 20
323.06332866489
 10
2557.7446234898703
 20
320.8602853930672
 10
2557.7446234898703
 20
303.6378005081416
 10
2555.6577050236874
 20
301.43239856673586
 10
2502.850582034198
 20
304.29420441178877
  0
LWPOLYLINE
  5
4D
330
17
100
AcDbEntity
  8
M
100
AcDbPolyline
 90
26
 70
1
 10
3225.1641143459287
 20
328.5877254724298
 10
3219.0628925063584
 20
330.0162969010011
 10
3217.851284741662
 20
331.43475723631866
 10
3212.981999827739
 20
331.43475723631866
 10
3209.321266723997
 20
334.29190009346155
 10
3204.4475780531784
 20
334.29190009346155
 10
3199.566600581522
 20
337.14904295060444
 10
3193.44639738338
 20
337.14904295060444
 10
3189.0901249899266
 20
342.24904295060435
 10
3192.226153015466
 20
345.92047152203287
 10
3198.3512174744333
 20
345.92047152203287
 10
3204.4524393140036
 20
348.77761437917576
 10
3215.4107960058336
 20
348.77761437917576
 10
3216.6310403737475
 20
350.2061858077471
 10
3221.535860464801
 20
350.2061858077471
 10
3227.6370823043712
 20
353.06332866489
 10
3231.273972788717
 20
353.06332866489
 10
3232.5403146202425
 20
354.54586757831675
 10
3235.7072559377925
 20
350.83824802179475
 10
3234.4706811721135
 20
347.94286833229705
 10
3234.4706811721135
 20
342.2121480346653
 10
3232.0301924362852
 20
339.3550051775224
 10
3232.0301924362852
 20
332.2285826180113
 10
3230.7959101229344
 20
329.3385705941768
 10
3227.659337148586
 20
325.6665040371777
 10
3225.1641143459287
 20
328.5877254724298
  0
LWPOLYLINE
  5
4E
330
17
100
AcDbEntity
  8
M
100
AcDbPolyline
 90
95
 70
1
 10
3062.1899433928
 20
52.255168967042074
 10
3064.6458545900114
 20
55.1303672959158
 10
3063.4256102220975
 20
59.41608158163003
 10
3066.565387643199
 20
63.091899666762096
 10
3071.533136877765
 20
60.183963843652876
 10
3075.14268767514
 20
55.95816999883285
 10
3078.7200416839887
 20
58.7502368237548
 10
3081.708620613487
 20
62.249042950604405
 10
3079.2681318776586
 20
65.1061858077473
 10
3081.718483188573
 20
67.97487503490518
 10
3079.277994452745
 20
72.26058932061952
 10
3082.450257366809
 20
75.97443900688816
 10
3083.7165991983347
 20
74.49190009346151
 10
3088.597576669991
 20
74.49190009346151
 10
3089.817821037905
 20
73.06332866489007
 10
3094.6987985095616
 20
73.06332866489007
 10
3095.9190428774755
 20
71.63475723631862
 10
3100.800020349132
 20
71.63475723631862
 10
3102.020264717046
 20
70.20618580774729
 10
3104.3685585256517
 20
70.20618580774729
 10
3105.6349003571772
 20
71.68872472117383
 10
3106.901242188703
 20
70.20618580774729
 10
3111.7822196603593
 20
70.20618580774729
 10
3113.002464028273
 20
68.77761437917584
 10
3117.8644601413584
 20
68.77761437917584
 10
3120.2436090397305
 20
67.38494901234371
 10
3123.2053125172524
 20
72.23922829508244
 10
3120.2317353085346
 20
75.72047152203298
 10
3116.5710022047924
 20
75.72047152203298
 10
3112.2195123494857
 20
80.81487248176545
 10
3118.347466220275
 20
89.42385610399984
 10
3118.347466220275
 20
92.28593786654349
 10
3122.672224044363
 20
97.34904295060443
 10
3126.322923794495
 20
97.34904295060443
 10
3132.466740751079
 20
107.4188570274135
 10
3133.7466182828125
 20
105.92047152203298
 10
3137.315156459332
 20
105.92047152203298
 10
3139.7420069250684
 20
108.76164770602392
 10
3143.4001722081557
 20
110.18921706339357
 10
3154.3954163086614
 20
124.49190009346157
 10
3156.92283558478
 20
124.49190009346157
 10
3166.684790528093
 20
115.920471522033
 10
3169.133704952321
 20
115.920471522033
 10
3172.7848299703383
 20
111.64600566910099
 10
3178.8860518099086
 20
113.07457709767243
 10
3182.0110327938514
 20
109.41608158163008
 10
3180.7858089484407
 20
105.11287848924589
 10
3182.008911663772
 20
102.24904295060443
 10
3180.7962593816583
 20
99.4096765932232
 10
3182.0001733518075
 20
98.00022358082916
 10
3182.0001733518075
 20
95.13917234248403
 10
3189.8730023543662
 20
84.50426100440356
 10
3195.8830788025784
 20
85.91149118275266
 10
3203.2137499051432
 20
93.0633286648901
 10
3205.741035989744
 20
93.0633286648901
 10
3206.901647193839
 20
91.7045713131277
 10
3213.0069064749355
 20
101.71118874424623
 10
3224.0711856115718
 20
87.31870450278912
 10
3228.3996910727174
 20
83.6990669749046
 10
3225.274979229979
 20
78.57761437917587
 10
3224.0407327563357
 20
78.57761437917587
 10
3214.2317238529677
 20
68.52941300933924
 10
3210.575915997789
 20
72.8093611800349
 10
3202.7606580041115
 20
63.659837879414205
 10
3203.980902372026
 20
60.802695022271315
 10
3200.8139610544763
 20
57.09507546574921
 10
3198.3273748550364
 20
60.0061858077473
 10
3195.979081046431
 20
60.0061858077473
 10
3193.4924948469916
 20
57.09507546574921
 10
3192.2722504790777
 20
58.523646894320656
 10
3191.0981035747745
 20
57.14904295060441
 10
3188.6576148389463
 20
57.14904295060441
 10
3183.785273970508
 20
51.44486832957285
 10
3177.6840521309377
 20
50.0162969010014
 10
3173.9685849603657
 20
45.66650403717776
 10
3172.70224312884
 20
47.149042950604404
 10
3166.693216216493
 20
47.149042950604404
 10
3165.4729718485787
 20
45.72047152203296
 10
3162.959269544099
 20
45.72047152203296
 10
3158.105408177483
 20
48.56174161879545
 10
3155.653162818544
 20
47.1262882998773
 10
3150.7721853468875
 20
51.412002585591644
 10
3145.935401202819
 20
48.580728860396775
 10
3133.7510920335144
 20
47.15428048547798
 10
3130.0858851790704
 20
42.863328664890176
 10
3126.332957148105
 20
42.863328664890176
 10
3125.112712780191
 20
44.291900093461514
 10
3106.901242188703
 20
44.291900093461514
 10
3105.6809978207884
 20
42.863328664890176
 10
3099.487581053995
 20
42.863328664890176
 10
3098.267336686081
 20
44.291900093461514
 10
3082.496354830421
 20
44.291900093461514
 10
3081.2718267992304
 20
42.85831367024895
 10
3067.7514497334864
 20
44.2972821027956
 10
3062.1899433928
 20
52.255168967042074
  0
LWPOLYLINE
  5
4F
330
17
100
AcDbEntity
  8
M
100
AcDbPolyline
 90
8
 70
1
 10
3212.274767980294
 20
60.82047152203296
 10
3215.4429969536295
 20
64.52959857026141
 10
3219.1037300573716
 20
61.67245571311864
 10
3220.3478653700363
 20
63.128996884448064
 10
3224.7337959059305
 20
56.52721203541455
 10
3221.5946046869017
 20
52.85208023210786
 10
3218.452770322401
 20
53.58772547242996
 10
3212.274767980294
 20
60.82047152203296
  0
LWPOLYLINE
  5
50
330
17
100
AcDbEntity
  8
M
100
AcDbPolyline
 90
39
 70
1
 10
3172.018338697914
 20
520.7943844788855
 10
3173.2421323786443
 20
523.6598378794141
 10
3167.8212656571836
 20
530.0061858077473
 10
3163.0086404933536
 20
530.0061858077473
 10
3156.8585955767644
 20
527.1261795784087
 10
3155.635051574803
 20
528.5586139733241
 10
3151.974318471061
 20
527.1300425447525
 10
3150.737844506387
 20
528.577614379176
 10
3147.150324971296
 20
528.577614379176
 10
3144.674681372086
 20
527.1284645997744
 10
3140.9875821208075
 20
530.0061858077473
 10
3138.627595754469
 20
530.0061858077473
 10
3130.0536842312745
 20
519.968487330947
 10
3126.3446497058385
 20
522.8633286648901
 10
3122.672224044363
 20
522.8633286648901
 10
3121.476384199332
 20
524.2633290915895
 10
3119.0358954635044
 20
522.8347576630182
 10
3115.9069774844465
 20
526.4978623203797
 10
3115.9069774844465
 20
535.0692908918081
 10
3113.4664887486183
 20
537.926433748951
 10
3113.4664887486183
 20
552.2859378665431
 10
3116.5710022047924
 20
555.920471522033
 10
3125.204907707414
 20
555.920471522033
 10
3126.425152075328
 20
554.4919000934615
 10
3137.398925698155
 20
554.4919000934615
 10
3142.2539880177105
 20
550.2289404584743
 10
3144.6556040253877
 20
551.6347572363186
 10
3149.5176001384725
 20
551.6347572363186
 10
3150.7378445063864
 20
553.0633286648899
 10
3153.270528169438
 20
553.0633286648899
 10
3154.4907725373523
 20
551.6347572363186
 10
3160.595750045654
 20
551.6347572363186
 10
3169.7977296726667
 20
539.4253641037717
 10
3169.7977296726667
 20
536.5674515446018
 10
3177.146630234573
 20
526.5299804238668
 10
3175.930466081603
 20
525.1061858077474
 10
3180.8114435532593
 20
519.3919000934616
 10
3177.638313562554
 20
515.6770352982943
 10
3172.018338697914
 20
520.7943844788855
  0
LWPOLYLINE
  5
51
330
17
100
AcDbEntity
  8
M
100
AcDbPolyline
 90
44
 70
1
 10
3133.0091844339986
 20
386.4758693031859
 10
3115.3401698218986
 20
407.16143861173805
 10
3110.4591923502426
 20
408.5900100403094
 10
3106.145022541134
 20
413.6407194632367
 10
3106.145022541134
 20
417.9264337489511
 10
3103.194411621349
 20
421.3807897514635
 10
3099.533678517607
 20
417.0950754657493
 10
3095.826847950253
 20
421.4347572363187
 10
3093.3947849028245
 20
421.4347572363187
 10
3088.5138074311685
 20
425.72047152203294
 10
3086.0615556341522
 20
425.72047152203294
 10
3075.6479339154585
 20
439.346259451585
 10
3074.4284646606457
 20
443.62925140283846
 10
3071.9781802395396
 20
446.49786232037957
 10
3071.9781802395396
 20
455.06929089180824
 10
3069.5376915037114
 20
457.92643374895135
 10
3069.5376915037114
 20
460.8573664379719
 10
3074.418668975368
 20
466.5716521522577
 10
3074.418668975368
 20
469.4287950094006
 10
3077.5394120283013
 20
473.0823290707419
 10
3081.289748732598
 20
471.6187905631669
 10
3092.2583097737333
 20
458.77761437917565
 10
3093.4785541416477
 20
458.77761437917565
 10
3098.3595316133037
 20
453.0633286648901
 10
3100.800020349132
 20
453.0633286648901
 10
3105.6349003571772
 20
447.40301043545946
 10
3108.0753890930055
 20
450.2601532926024
 10
3110.566927881857
 20
447.3432448269524
 10
3121.526400482696
 20
445.91762970323447
 10
3133.722775663415
 20
440.20618580774715
 10
3139.847840122383
 20
440.20618580774715
 10
3141.068084490297
 20
438.7776143791758
 10
3143.5085732261255
 20
438.7776143791758
 10
3147.833331050213
 20
433.7145092951148
 10
3147.833331050213
 20
430.8573664379719
 10
3159.39073136758
 20
417.3268209865094
 10
3164.2717088392365
 20
414.46967812936674
 10
3168.608999874118
 20
409.3919000934613
 10
3160.6025823919017
 20
400.0185814688807
 10
3155.711367239855
 20
398.58701366145164
 10
3148.412935813249
 20
392.89070622031164
 10
3143.5319583415926
 20
387.1764205060261
 10
3136.114083809776
 20
381.3868896571101
 10
3133.0091844339986
 20
386.4758693031859
  0
LWPOLYLINE
  5
52
330
17
100
AcDbEntity
  8
M
100
AcDbPolyline
 90
31
 70
1
 10
4070.5108606104227
 20
194.4919000934615
 10
4073.1760062057347
 20
194.4919000934615
 10
4078.524794265074
 20
200.19406898918456
 10
4087.912260562745
 20
203.05340394444536
 10
4093.273844667092
 20
207.34026170162844
 10
4098.626667757477
 20
208.76687932938287
 10
4101.31681450423
 20
211.63475723631876
 10
4104.015210430045
 20
211.63475723631876
 10
4112.0188034824605
 20
215.90094229087632
 10
4116.05723789868
 20
220.2061858077472
 10
4118.823927983742
 20
220.2061858077472
 10
4120.8906791672225
 20
218.00288962496694
 10
4120.8906791672225
 20
200.78091056195612
 10
4118.210602186413
 20
197.92376770481323
 10
4118.210602186413
 20
192.20948199052756
 10
4115.523428608296
 20
189.34477368192492
 10
4114.183390117892
 20
182.2019165390678
 10
4112.850448224795
 20
180.78091056195612
 10
4112.850448224795
 20
178.00288962496703
 10
4114.1904867152
 20
176.57431819639547
 10
4114.1904867152
 20
169.3371569408113
 10
4110.738772183629
 20
167.12930061667075
 10
4095.969247753081
 20
177.1490429506044
 10
4090.6735527825317
 20
177.1490429506044
 10
4081.2932833497
 20
170.0061858077473
 10
4078.611382570502
 20
170.0061858077473
 10
4074.5748819095384
 20
167.13739780553482
 10
4070.4828958079765
 20
168.59150888086617
 10
4057.7088701182074
 20
182.20948199052756
 10
4057.7088701182074
 20
186.59055060761676
 10
4070.5108606104227
 20
194.4919000934615
  0
LWPOLYLINE
  5
53
330
17
100
AcDbEntity
  8
M
100
AcDbPolyline
 90
87
 70
1
 10
4026.8803461549564
 20
96.56617484400965
 10
4029.5309525732578
 20
99.39190009346154
 10
4027.637462251728
 20
101.41048850937918
 10
4024.9703984486196
 20
99.98885354345089
 10
4020.950282977406
 20
102.84599640059378
 10
4018.2571928188963
 20
101.41048850937918
 10
4014.201279210985
 20
105.73436602372333
 10
4010.1811637397714
 20
107.16293745229477
 10
4003.494004704698
 20
114.29190009346158
 10
4000.90054082814
 20
114.29190009346158
 10
3997.5888752202413
 20
110.76144115343622
 10
3990.2028237699324
 20
97.16084543099434
 10
3983.421897665424
 20
95.7150604984689
 10
3980.777198752324
 20
97.12477422366494
 10
3978.8465991843395
 20
95.06662484767037
 10
3978.8465991843395
 20
89.35233913338469
 10
3976.7798480008587
 20
87.14904295060444
 10
3972.7748946130646
 20
87.14904295060444
 10
3968.73156044811
 20
79.96493131801441
 10
3965.253260148324
 20
82.18979297557738
 10
3963.9113178315065
 20
92.20400022728658
 10
3962.5661372994846
 20
93.63805341909904
 10
3962.5661372994846
 20
99.4314610535384
 10
3963.8690665434347
 20
100.82047152203299
 10
3962.5290280530303
 20
102.24904295060443
 10
3965.236622133337
 20
105.13552089209033
 10
3963.9008830695843
 20
110.83147269099003
 10
3965.2268762536423
 20
113.65866906003508
 10
3960.612773011752
 20
118.5776143791758
 10
3953.912580559729
 20
118.5776143791758
 10
3951.8662177095416
 20
120.75917522328628
 10
3949.165752395439
 20
125.07749251700528
 10
3949.165752395439
 20
132.27353609953252
 10
3952.5551972107323
 20
138.7776143791758
 10
3955.2568008281846
 20
138.7776143791758
 10
3965.2462142802938
 20
148.00708451378895
 10
3965.2462142802938
 20
152.22034965986242
 10
3962.536542551291
 20
156.55338894259174
 10
3970.6143881960124
 20
163.72966259386567
 10
3971.9535033296243
 20
170.8675979335694
 10
3974.003088149854
 20
173.05259361509707
 10
3979.438215177993
 20
174.50114663030013
 10
3984.2067531459575
 20
170.87001580518236
 10
3984.2067531459575
 20
160.86003248210977
 10
3986.1168108815646
 20
158.82378208516334
 10
3988.0268686171717
 20
160.86003248210977
 10
3988.0268686171717
 20
166.57431819639547
 10
3990.1025945916963
 20
168.78718211186006
 10
4003.566509167276
 20
165.91649387161522
 10
4014.276867375144
 20
161.6347572363187
 10
4019.6427607487976
 20
161.6347572363187
 10
4025.0029147104156
 20
158.77761437917582
 10
4027.701310636232
 20
158.77761437917582
 10
4030.386626609966
 20
155.91488640215724
 10
4041.0894945970927
 20
154.48863899213273
 10
4046.443530556888
 20
151.6347572363187
 10
4051.7267811652323
 20
151.6347572363187
 10
4055.725228454804
 20
157.31824329280963
 10
4061.1239036282295
 20
161.6347572363187
 10
4065.222388367559
 20
161.6347572363187
 10
4067.282042953733
 20
159.43902650499808
 10
4069.963200861167
 20
145.14755051577922
 10
4075.3233548227854
 20
138.0046933729221
 10
4076.661180139574
 20
130.87363319192846
 10
4083.3696014358943
 20
125.15232947513744
 10
4083.3696014358943
 20
122.28860391068119
 10
4084.746749172753
 20
120.82047152203302
 10
4083.3696014358943
 20
119.35233913338472
 10
4083.3696014358943
 20
109.35233913338472
 10
4081.311041341911
 20
107.15777520457182
 10
4074.610848889888
 20
105.72920377600038
 10
4073.262619309986
 20
104.29190009346156
 10
4069.2425038387723
 20
104.29190009346156
 10
4066.572496623907
 20
101.44549228611166
 10
4061.212342662288
 20
100.01692085754021
 10
4057.908870118208
 20
96.49519627624181
 10
4057.908870118208
 20
92.2145961784484
 10
4051.2086776661854
 20
83.64316760701985
 10
4051.2086776661854
 20
80.78091056195613
 10
4049.1419264827045
 20
78.57761437917587
 10
4045.116508425345
 20
78.57761437917587
 10
4037.0958020212083
 20
71.45210263209034
 10
4034.3662932131083
 20
69.99718237225972
 10
4032.2733457238282
 20
70.74092344290706
 10
4025.5303612682847
 20
86.5555713146131
 10
4028.220384645361
 20
89.42331770115253
 10
4026.8803461549564
 20
96.56617484400965
  0
LWPOLYLINE
  5
54
330
17
100
AcDbEntity
  8
M
100
AcDbPolyline
 90
27
 70
1
 10
4013.468261908207
 20
287.94438334574926
 10
4014.808300398611
 20
290.80152620289215
 10
4010.2486098985955
 20
295.6624638685591
 10
4006.228494427382
 20
289.94817815427353
 10
4004.8340431951024
 20
291.4347572363186
 10
4000.90054082814
 20
291.4347572363186
 10
3999.51719578561
 20
289.9600181017598
 10
3996.0575074126414
 20
293.6482792948326
 10
3997.3949781249826
 20
299.35161531057565
 10
3992.807445495688
 20
302.84491477749265
 10
3990.097716850155
 20
301.4005380114863
 10
3987.99878056131
 20
305.1298841386153
 10
3994.1209762242966
 20
310.20618580774726
 10
3998.145241444181
 20
310.20618580774726
 10
4002.15619677673
 20
313.0568184477224
 10
4015.640224058495
 20
315.9317949882826
 10
4020.3742454802577
 20
309.44306988883653
 10
4024.4079078580944
 20
300.8427574847642
 10
4024.4079078580944
 20
298.002889624967
 10
4027.071780425948
 20
295.1630217651696
 10
4031.1329240438986
 20
286.5041156494535
 10
4026.351705243113
 20
282.86332866489016
 10
4023.667135042588
 20
282.86332866489016
 10
4016.9215969769266
 20
278.5486094893078
 10
4014.827638425262
 20
280.780910561956
 10
4014.827638425262
 20
286.49519627624176
 10
4013.468261908207
 20
287.94438334574926
  0
LWPOLYLINE
  5
55
330
17
100
AcDbEntity
  8
M
100
AcDbPolyline
 90
19
 70
1
 10
3974.0359226355454
 20
281.410488509379
 10
3972.716425977519
 20
282.81716095890266
 10
3971.3763874871147
 20
281.3885895303311
 10
3967.2946465187683
 20
285.74000075318975
 10
3959.2544155763408
 20
290.02571503890397
 10
3957.205983337866
 20
292.2094819905273
 10
3957.205983337866
 20
296.57431819639567
 10
3959.272734521347
 20
298.7776143791757
 10
3963.2928499925606
 20
298.7776143791757
 10
3964.624697393469
 20
300.19745355378
 10
3971.3248898454917
 20
301.62602498235134
 10
3972.6731194253925
 20
303.0633286648899
 10
3976.7115538416133
 20
303.0633286648899
 10
3982.117237242728
 20
305.94474024897266
 10
3984.2067531459575
 20
303.7171753392528
 10
3984.2067531459575
 20
283.63805341909887
 10
3980.769874510812
 20
279.97410894526973
 10
3976.7290127940564
 20
282.84599640059395
 10
3974.0359226355454
 20
281.410488509379
  0
LWPOLYLINE
  5
56
330
17
100
AcDbEntity
  8
M
100
AcDbPolyline
 90
20
 70
1
 10
3964.619855066016
 20
464.30579459515195
 10
3961.941445599877
 20
467.16115976916706
 10
3952.5538354344612
 20
470.02053854520574
 10
3948.5438174040814
 20
475.720471522033
 10
3947.2123881077064
 20
475.720471522033
 10
3942.4769530689227
 20
480.768764721596
 10
3941.1383597624904
 20
485.04985701649525
 10
3933.042064012894
 20
492.2425215481224
 10
3936.5353867365957
 20
495.96663922802054
 10
3937.918731779127
 20
494.4919000934614
 10
3941.852234146088
 20
494.4919000934614
 10
3943.192272636493
 20
495.920471522033
 10
3949.990067407539
 20
495.920471522033
 10
3956.044966347596
 20
486.5966826924436
 10
3963.3566983770647
 20
478.80188310611527
 10
3966.043972322894
 20
480.23429075979305
 10
3972.1529268315257
 20
472.2744981243493
 10
3970.799271644605
 20
465.05905939621084
 10
3968.724480490843
 20
462.8471920627416
 10
3964.619855066016
 20
464.30579459515195
  0
LWPOLYLINE
  5
57
330
17
100
AcDbEntity
  8
M
100
AcDbPolyline
 90
42
 70
1
 10
3868.726333724712
 20
247.96332866489
 10
3873.489622881633
 20
253.04131623340166
 10
3889.6054817730414
 20
263.06332866489015
 10
3892.2708100011196
 20
263.06332866489015
 10
3894.9408172159856
 20
265.9097364722399
 10
3900.300971177604
 20
267.33830790081123
 10
3902.991117924357
 20
270.20618580774726
 10
3905.679438741302
 20
270.20618580774726
 10
3916.3997466645383
 20
278.77761437917593
 10
3919.0798236453475
 20
278.77761437917593
 10
3924.439977606966
 20
283.06332866489015
 10
3927.111810751638
 20
283.06332866489015
 10
3929.7918877324473
 20
285.92047152203304
 10
3932.480208549393
 20
285.92047152203304
 10
3937.840362511011
 20
290.20618580774726
 10
3940.5121956556836
 20
290.20618580774726
 10
3943.2243752204668
 20
293.0975521850184
 10
3948.088251975923
 20
289.39382308923314
 10
3942.6655599434166
 20
285.0581064517718
 10
3942.6655599434166
 20
282.2203496598626
 10
3939.985482962608
 20
277.9346353741482
 10
3939.985482962608
 20
272.2094819905273
 10
3936.5868843782187
 20
268.58634663314297
 10
3929.886691926196
 20
267.15777520457164
 10
3927.91374342346
 20
265.05447900731025
 10
3926.5737049330555
 20
260.768764721596
 10
3923.9050210777523
 20
257.9237677048131
 10
3923.9050210777523
 20
255.0666248476704
 10
3920.498231403867
 20
251.4347572363188
 10
3917.818154423058
 20
251.4347572363188
 10
3909.1558450972616
 20
242.2001511433659
 10
3907.815806606857
 20
236.48586542908012
 10
3904.4405509212174
 20
232.88761517645284
 10
3900.36187615035
 20
229.988853543451
 10
3897.6492829077447
 20
231.4347572363188
 10
3889.66595542346
 20
231.4347572363188
 10
3885.6458399522467
 20
228.57761437917588
 10
3882.9771536725398
 20
228.57761437917588
 10
3878.9249356173523
 20
224.25767657333319
 10
3874.1310104403196
 20
227.90813916806852
 10
3871.4494841633073
 20
245.06026659604984
 10
3868.726333724712
 20
247.96332866489
  0
LWPOLYLINE
  5
58
330
17
100
AcDbEntity
  8
M
100
AcDbPolyline
 90
5
 70
1
 10
3933.04818126413
 20
56.53475723631873
 10
3935.1953482461913
 20
58.823782085163366
 10
3937.342515228252
 20
56.53475723631873
 10
3935.1953482461913
 20
54.24573238747388
 10
3933.04818126413
 20
56.53475723631873
  0
LWPOLYLINE
  5
59
330
17
100
AcDbEntity
  8
M
100
AcDbPolyline
 90
49
 70
1
 10
3884.8484232386536
 20
47.918950804120456
 10
3882.172580461253
 20
50.7715797147944
 10
3880.81419723785
 20
56.56409232066184
 10
3882.890540568288
 20
58.77761437917584
 10
3897.625512759811
 20
58.77761437917584
 10
3904.303619762363
 20
67.320789455803
 10
3908.9158408639246
 20
70.83288862050475
 10
3906.2474114560396
 20
73.67761437917586
 10
3908.374036605723
 20
75.94474024897247
 10
3911.0541135865324
 20
74.51616882040102
 10
3915.0514643379975
 20
78.77761437917586
 10
3925.858385365485
 20
78.77761437917586
 10
3927.925136548966
 20
76.5743181963956
 10
3927.925136548966
 20
73.63805341909901
 10
3926.6044360852125
 20
72.2300976314637
 10
3927.9444745756173
 20
69.37295477432082
 10
3926.6044360852125
 20
67.94438334574937
 10
3927.9089321360116
 20
65.16302176516953
 10
3931.1752327749778
 20
61.68092494230626
 10
3933.8756126959556
 20
64.55971210328715
 10
3935.988502366403
 20
60.80557389937413
 10
3933.8553097557865
 20
58.53144667318833
 10
3932.515271265382
 20
59.96001810175977
 10
3930.6423227762293
 20
57.96332866489007
 10
3931.964590046831
 20
56.55370255545944
 10
3930.624551556426
 20
53.69655969831655
 10
3931.982361266634
 20
52.2490429506044
 10
3929.8266732286493
 20
49.95093408132223
 10
3924.466519267031
 20
57.09379122417935
 10
3922.584320613999
 20
55.08724048860658
 10
3923.9243591044037
 20
52.23009763146369
 10
3921.234536243901
 20
49.3625650091184
 10
3922.5745747343053
 20
43.648279294832726
 10
3921.2249440969435
 20
42.20948199052754
 10
3921.2249440969435
 20
38.002889624967004
 10
3922.564982587348
 20
36.57431819639556
 10
3922.564982587348
 20
33.63805341909898
 10
3920.5083011698107
 20
31.44549228611171
 10
3915.1481472081928
 20
30.016920857540264
 10
3912.4680702273836
 20
27.159778000397374
 10
3907.107916265765
 20
25.731206571826036
 10
3904.4177695190124
 20
22.863328664890158
 10
3901.7376925382036
 20
22.863328664890158
 10
3900.393642298807
 20
21.430480441264386
 10
3892.936982034687
 20
22.15314433773663
 10
3891.544097308043
 20
23.63805341909897
 10
3891.544097308043
 20
27.934635374148197
 10
3886.187240963623
 20
36.50079072199652
 10
3884.8484232386536
 20
47.918950804120456
  0
LWPOLYLINE
  5
5A
330
17
100
AcDbEntity
  8
M
100
AcDbPolyline
 90
32
 70
1
 10
4443.236276556708
 20
286.54005872384926
 10
4446.701863536566
 20
292.27690314068076
 10
4446.701863536566
 20
296.499492668025
 10
4443.866473624744
 20
300.0197168493225
 10
4439.274089699773
 20
301.4451134830515
 10
4435.799115819678
 20
304.32130510924935
 10
4431.747336904187
 20
309.35171382168534
 10
4430.588591681097
 20
319.4220397972937
 10
4431.743372682681
 20
320.8557360903267
 10
4431.743372682681
 20
327.9985932331838
 10
4434.687349480854
 20
331.65363138892167
 10
4457.79546827679
 20
323.04679835013184
 10
4473.3668858165165
 20
302.2823730279126
 10
4473.3668858165165
 20
299.3566355251677
 10
4471.056689757653
 20
296.48845573936865
 10
4469.906036615046
 20
292.2027414536542
 10
4464.636987246968
 20
285.6610538640135
 10
4458.883721533935
 20
292.80391100687063
 10
4453.834186492636
 20
286.53475723631874
 10
4457.269472971987
 20
282.26974293127716
 10
4454.968166686774
 20
275.12688578842005
 10
4456.135492777849
 20
273.6776143791758
 10
4453.178314201351
 20
270.0061858077473
 10
4452.027661058744
 20
270.0061858077473
 10
4446.226536965262
 20
262.80391100687063
 10
4443.92523068005
 20
265.6610538640135
 10
4440.504196331892
 20
261.4137340201993
 10
4438.676074255952
 20
262.1702907006117
 10
4436.323855251143
 20
266.550819557989
 10
4444.418677288698
 20
275.16508098720516
 10
4446.689642497911
 20
279.3942911979549
 10
4443.236276556708
 20
286.54005872384926
  0
LWPOLYLINE
  5
5B
330
17
100
AcDbEntity
  8
M
100
AcDbPolyline
 90
54
 70
1
 10
4423.172251734204
 20
530.0061858077473
 10
4420.87615168831
 20
530.0061858077473
 10
4417.42419226049
 20
532.86332866489
 10
4412.809737449225
 20
532.86332866489
 10
4411.659084306619
 20
534.2919000934615
 10
4408.302841639696
 20
534.2919000934615
 10
4406.001535354483
 20
531.4347572363187
 10
4393.344350785811
 20
531.4347572363187
 10
4392.1682399816145
 20
529.9745793343112
 10
4387.514712088008
 20
532.86332866489
 10
4373.687530600604
 20
532.86332866489
 10
4369.132776410626
 20
538.5181967211562
 10
4364.578022220649
 20
532.86332866489
 10
4359.975409650223
 20
532.86332866489
 10
4358.824756507616
 20
531.4347572363187
 10
4356.523450222403
 20
531.4347572363187
 10
4354.22214393719
 20
528.577614379176
 10
4350.758342268532
 20
528.577614379176
 10
4347.306382840712
 20
525.7204715220329
 10
4340.3949624497845
 20
525.7204715220329
 10
4335.792349879358
 20
522.8633286648901
 10
4333.414670609375
 20
522.8633286648901
 10
4330.471224812175
 20
526.5177075665136
 10
4331.621877954782
 20
529.3748504236563
 10
4330.457492032877
 20
530.8204715220329
 10
4332.787202418521
 20
533.7128789474696
 10
4332.787202418521
 20
539.4271646617553
 10
4336.23916184634
 20
543.7128789474693
 10
4336.23916184634
 20
546.5760311654744
 10
4348.379450906541
 20
558.7776143791757
 10
4352.975774033685
 20
558.7776143791757
 10
4354.174285556742
 20
560.2656034657666
 10
4355.353707198435
 20
558.8013150567105
 10
4364.549017087074
 20
563.0824130579336
 10
4369.122292534334
 20
558.8240159808552
 10
4373.687530600604
 20
564.4919000934615
 10
4376.070942589094
 20
564.4919000934615
 10
4385.248273540102
 20
557.3706876371957
 10
4387.565627411188
 20
558.8092208526117
 10
4388.741738215385
 20
557.3490429506044
 10
4400.248269641451
 20
557.3490429506044
 10
4401.40280452085
 20
555.9156522258698
 10
4415.210642232128
 20
554.4870807972983
 10
4416.357413637942
 20
553.0633286648899
 10
4418.658719923154
 20
553.0633286648899
 10
4422.110679350974
 20
548.7776143791757
 10
4424.409260405623
 20
548.7776143791757
 10
4437.696638395714
 20
533.7154188712304
 10
4437.696638395714
 20
532.2843075188982
 10
4442.286456728673
 20
526.585906245734
 10
4443.4499041087465
 20
523.696994506348
 10
4443.4499041087465
 20
516.4994926680248
 10
4440.481538184067
 20
512.814174658171
 10
4423.172251734204
 20
530.0061858077473
  0
LWPOLYLINE
  5
5C
330
17
100
AcDbEntity
  8
M
100
AcDbPolyline
 90
14
 70
1
 10
4417.452880502437
 20
464.560415562841
 10
4418.6108615427065
 20
463.1227463229096
 10
4420.912167827919
 20
465.9798891800525
 10
4425.067857927474
 20
460.82047152203285
 10
4423.888800684436
 20
459.3566355251678
 10
4423.888800684436
 20
456.5047697817234
 10
4418.664722544619
 20
448.5776143791759
 10
4413.960390591832
 20
448.5776143791759
 10
4412.835195110815
 20
449.97457933431116
 10
4408.248077158823
 20
447.127055000932
 10
4401.792403784697
 20
452.2274573369344
 10
4407.085915094185
 20
460.2599724816866
 10
4411.689266708417
 20
455.9735700366835
 10
4417.452880502437
 20
464.560415562841
  0
LWPOLYLINE
  5
5D
330
17
100
AcDbEntity
  8
M
100
AcDbPolyline
 90
5
 70
1
 10
4411.71904618052
 20
511.6791480332509
 10
4414.711979644015
 20
507.96332866489
 10
4411.71904618052
 20
504.2475092965292
 10
4407.52893933163
 20
507.96332866489
 10
4411.71904618052
 20
511.6791480332509
  0
LWPOLYLINE
  5
5E
330
17
100
AcDbEntity
  8
M
100
AcDbPolyline
 90
28
 70
1
 10
4360.409669562393
 20
478.00702536504315
 10
4364.5301638402
 20
483.1227463229096
 10
4367.98212326802
 20
478.8370320371952
 10
4370.7587561245355
 20
482.28430751889795
 10
4370.7587561245355
 20
486.5797337826706
 10
4378.813328122781
 20
493.7225909255275
 10
4378.813328122781
 20
496.56703635609557
 10
4388.679044677373
 20
510.2566390970326
 10
4393.3358412012785
 20
505.9204715220328
 10
4396.709103037267
 20
505.9204715220328
 10
4401.349423970744
 20
510.2412978811074
 10
4405.511302511386
 20
506.550511596224
 10
4397.904821594012
 20
495.6539565058621
 10
4396.700593452734
 20
497.1490429506044
 10
4390.947327739702
 20
497.1490429506044
 10
4388.6938798349365
 20
499.9467681497277
 10
4384.766593835814
 20
495.0709212394534
 10
4384.766593835814
 20
492.21377838231075
 10
4381.301840170528
 20
487.91217965547474
 10
4379.023575938003
 20
482.2551087818868
 10
4381.321497084315
 20
477.97569862797894
 10
4380.155091491738
 20
473.6313128822257
 10
4376.074538979788
 20
468.5651808607626
 10
4370.321273266755
 20
469.99375228933394
 10
4366.869313838936
 20
465.7080380036197
 10
4363.898071698612
 20
466.4458157877084
 10
4359.2449380910875
 20
472.2228249305126
 10
4360.409669562393
 20
478.00702536504315
  0
LWPOLYLINE
  5
5F
330
17
100
AcDbEntity
  8
M
100
AcDbPolyline
 90
26
 70
1
 10
4380.68716621714
 20
447.1490429506043
 10
4374.886042123659
 20
439.9467681497277
 10
4370.744084803404
 20
445.0891361379422
 10
4371.90160433566
 20
447.96332866488996
 10
4370.744084803404
 20
450.83752119183794
 10
4377.173039836446
 20
458.8192675024337
 10
4380.675323976301
 20
455.920471522033
 10
4386.440431930172
 20
455.920471522033
 10
4389.39761050667
 20
452.2490429506044
 10
4384.794997936245
 20
446.5347572363186
 10
4387.591085072779
 20
443.0633286648901
 10
4389.816018373222
 20
443.0633286648901
 10
4394.469546266828
 20
445.952077995469
 10
4396.796310213631
 20
443.0633286648901
 10
4400.248269641451
 20
443.0633286648901
 10
4403.20544821795
 20
439.3919000934615
 10
4400.235665494185
 20
435.70482308377046
 10
4395.619857058689
 20
437.13749028089165
 10
4392.131530690331
 20
434.25024697020353
 10
4390.99518612015
 20
435.6610538640134
 10
4389.879787210727
 20
434.27625165519913
 10
4385.18316335181
 20
435.73400256360816
 10
4382.245822914303
 20
439.38080147253476
 10
4384.547129199516
 20
443.666515758249
 10
4381.74210259885
 20
447.1490429506043
 10
4380.68716621714
 20
447.1490429506043
  0
LWPOLYLINE
  5
60
330
17
100
AcDbEntity
  8
M
100
AcDbPolyline
 90
5
 70
1
 10
4360.374473740646
 20
452.2490429506044
 10
4363.379510697594
 20
455.9798891800525
 10
4367.535200797147
 20
450.82047152203285
 10
4364.5301638402
 20
447.0896252925848
 10
4360.374473740646
 20
452.2490429506044
  0
LWPOLYLINE
  5
61
330
17
100
AcDbEntity
  8
M
100
AcDbPolyline
 90
27
 70
1
 10
4320.115346528717
 20
109.37485042365635
 10
4321.280670992455
 20
112.26842307777652
 10
4321.280670992455
 20
122.28430751889829
 10
4324.257303848971
 20
125.97988918005242
 10
4325.4079569915775
 20
124.5513177514811
 10
4328.184589848094
 20
127.99859323318408
 10
4328.184589848094
 20
136.57002180461265
 10
4332.250025687894
 20
141.61738601053776
 10
4335.794760354698
 20
143.08435188100944
 10
4339.263653083304
 20
138.7776143791758
 10
4341.5649593685175
 20
138.7776143791758
 10
4344.493733844586
 20
135.1414503760412
 10
4344.493733844586
 20
130.85573609032696
 10
4346.7950401297985
 20
127.99859323318408
 10
4346.7950401297985
 20
125.14145037604119
 10
4347.945693272405
 20
123.71287894746973
 10
4347.945693272405
 20
116.50532910089173
 10
4343.3430807019795
 20
109.36247195803462
 10
4343.3430807019795
 20
105.07092123945327
 10
4339.215794702856
 20
99.94676814972769
 10
4336.914488417643
 20
102.80391100687058
 10
4333.507525976612
 20
98.57406187053653
 10
4323.631355667532
 20
99.29533072849483
 10
4321.280670992455
 20
102.2137783823105
 10
4321.280670992455
 20
105.14145037604116
 10
4322.402920034631
 20
106.53475723631867
 10
4320.115346528717
 20
109.37485042365635
  0
LWPOLYLINE
  5
62
330
17
100
AcDbEntity
  8
M
100
AcDbPolyline
 90
14
 70
1
 10
5231.526540149936
 20
173.67515601946826
 10
5235.112848463758
 20
180.8391326128771
 10
5233.920393812424
 20
192.27290768851424
 10
5237.483068367577
 20
197.96632049960493
 10
5235.094585901755
 20
202.26041009911611
 10
5238.691072898175
 20
206.57099576095794
 10
5238.691072898175
 20
232.28528147524375
 10
5241.724051420914
 20
235.92047152203298
 10
5256.12059754305
 20
235.92047152203298
 10
5259.153576065788
 20
232.28528147524375
 10
5259.153576065788
 20
173.64137585453653
 10
5254.927338006628
 20
168.57599922465215
 10
5233.963510582557
 20
169.2938932139929
 10
5231.526540149936
 20
173.67515601946826
  0
LWPOLYLINE
  5
63
330
17
100
AcDbEntity
  8
M
100
AcDbPolyline
 90
144
 70
1
 10
5241.720249623558
 20
351.43931389763605
 10
5238.688722196277
 20
355.0727647274391
 10
5239.880634147313
 20
373.64419329886755
 10
5235.764491665734
 20
378.5776143791758
 10
5229.898534620256
 20
378.5776143791758
 10
5228.6665374816175
 20
377.1009986687527
 10
5221.515065775401
 20
384.24385581161005
 10
5219.164414484033
 20
381.42647213619296
 10
5210.800774263637
 20
382.8585119354561
 10
5205.9915166011615
 20
379.9764332369086
 10
5204.774780938796
 20
381.4347572363187
 10
5191.6637494773995
 20
381.4347572363187
 10
5190.518638881214
 20
382.8072346905819
 10
5188.134814979143
 20
379.9500918334392
 10
5184.501563969034
 20
384.304741169205
 10
5179.733916164889
 20
385.7333125977763
 10
5175.519739493264
 20
390.78423299739376
 10
5175.519739493264
 20
400.8639624932656
 10
5180.943961680982
 20
405.9204715220329
 10
5198.839290178979
 20
405.9204715220329
 10
5204.820223602241
 20
408.7878613815713
 10
5214.387557496256
 20
404.48774723407274
 10
5221.562533183009
 20
403.05448067190775
 10
5222.747062914039
 20
401.6347572363187
 10
5228.613019959517
 20
401.6347572363187
 10
5229.804931910553
 20
403.06332866489004
 10
5232.1887558126255
 20
403.06332866489004
 10
5237.499160947139
 20
409.4281386181008
 10
5237.499160947139
 20
415.1454074267319
 10
5249.385143987547
 20
427.9668060053158
 10
5246.491699225058
 20
431.43475723631855
 10
5244.1224535322135
 20
431.43475723631855
 10
5238.156374369138
 20
435.7251598414228
 10
5228.680467258555
 20
437.14483372612176
 10
5226.275997412296
 20
435.7038896529289
 10
5216.713032024871
 20
441.4347572363188
 10
5213.129920852373
 20
441.4347572363188
 10
5206.027557018183
 20
447.10980397671085
 10
5204.8387494608205
 20
445.68495333313564
 10
5198.829799392844
 20
450.0061858077472
 10
5195.2586169062215
 20
450.0061858077472
 10
5190.484228974236
 20
452.8673678701555
 10
5180.930920209613
 20
454.2986380174173
 10
5179.744629967039
 20
455.720471522033
 10
5174.976982162894
 20
455.720471522033
 10
5173.7850702118585
 20
457.1490429506043
 10
5160.6740387504615
 20
457.1490429506043
 10
5159.494419060076
 20
458.56288143489843
 10
5154.726771255932
 20
457.1343100063271
 10
5153.522567044245
 20
458.57761437917566
 10
5147.637478423055
 20
458.57761437917566
 10
5145.204007098322
 20
457.1192903797655
 10
5144.034072790808
 20
458.5215204048675
 10
5138.80070420257
 20
452.2490429506044
 10
5139.992616153606
 20
450.82047152203285
 10
5136.92541913646
 20
447.14426874490243
 10
5122.622475724027
 20
448.572840173474
 10
5121.434547075974
 20
447.1490429506043
 10
5116.66689927183
 20
447.1490429506043
 10
5115.465217404217
 20
445.70876174458795
 10
5109.485013725973
 20
447.1422817465228
 10
5102.344824283684
 20
442.8633286648901
 10
5094.001440626431
 20
442.8633286648901
 10
5091.589946945221
 20
441.4181753672147
 10
5089.206123043149
 20
442.8467467957861
 10
5084.466145018142
 20
440.0061858077472
 10
5078.432114128973
 20
440.0061858077472
 10
5076.0482902269005
 20
442.8633286648901
 10
5073.758069034531
 20
442.8633286648901
 10
5072.566157083495
 20
441.4347572363188
 10
5055.87938976899
 20
441.4347572363188
 10
5054.6874778179545
 20
440.0061858077472
 10
5048.727918062774
 20
440.0061858077472
 10
5047.4892047568865
 20
438.5215204048677
 10
5043.187277736837
 20
443.67761437917574
 10
5047.442403402036
 20
448.7776143791759
 10
5053.4019631572155
 20
448.7776143791759
 10
5055.785787059288
 20
451.63475723631853
 10
5061.838949524171
 20
451.63475723631853
 10
5063.0308614752075
 20
450.2061858077472
 10
5065.321082667576
 20
450.2061858077472
 10
5066.5129946186125
 20
451.63475723631853
 10
5071.285230490869
 20
451.63475723631853
 10
5079.6370961200055
 20
460.2148996124965
 10
5086.80401937043
 20
458.7832415976264
 10
5093.946101068155
 20
463.0633286648901
 10
5104.654177051766
 20
463.0633286648901
 10
5105.878827584153
 20
464.5311390673549
 10
5109.503671309289
 20
461.63475723631876
 10
5111.824780333696
 20
461.63475723631876
 10
5116.59242813784
 20
464.4919000934614
 10
5122.532856317307
 20
464.4919000934614
 10
5123.724768268344
 20
465.920471522033
 10
5126.202194880118
 20
465.920471522033
 10
5127.3473054763035
 20
464.5479940677696
 10
5128.492416072488
 20
465.920471522033
 10
5142.888962194624
 20
465.920471522033
 10
5144.034072790808
 20
464.5479940677696
 10
5146.883617476974
 20
467.96332866489
 10
5142.150732554261
 20
473.635949171319
 10
5139.766908652189
 20
492.2073777427477
 10
5136.833242334506
 20
495.7235366995908
 10
5115.378827215856
 20
497.1521081281621
 10
5114.189472660055
 20
498.5776143791757
 10
5101.078441198658
 20
498.5776143791757
 10
5099.879147027617
 20
500.01503380072955
 10
5092.800138666903
 20
501.4291300178678
 10
5085.65805696918
 20
497.1490429506044
 10
5082.101452691784
 20
497.1490429506044
 10
5079.728342591862
 20
494.3047411692049
 10
5070.10102273237
 20
491.4200242920413
 10
5065.863839997946
 20
496.49851871167937
 10
5065.863839997946
 20
500.79453160635325
 10
5063.480016095873
 20
505.0802458920677
 10
5063.480016095873
 20
509.3659601777817
 10
5061.0961921938015
 20
513.6516744634961
 10
5061.0961921938015
 20
517.9373887492104
 10
5056.3285443896575
 20
526.5088173206391
 10
5056.3285443896575
 20
529.4281386181007
 10
5059.361522912396
 20
533.0633286648899
 10
5070.182333181423
 20
533.0633286648899
 10
5071.37424513246
 20
531.6347572363186
 10
5095.21248415318
 20
531.6347572363186
 10
5096.405801915519
 20
530.2045008662893
 10
5135.738896299709
 20
528.775929437718
 10
5139.958681504325
 20
523.7182869056649
 10
5141.150593455361
 20
512.2897154770934
 10
5142.346204864253
 20
510.8567100466722
 10
5142.346204864253
 20
505.14242433238667
 10
5146.464698047732
 20
500.2061858077472
 10
5149.946831191137
 20
500.2061858077472
 10
5151.138743142174
 20
501.63475723631853
 10
5170.20933435875
 20
501.63475723631853
 10
5171.401246309786
 20
503.0633286648901
 10
5190.471837526364
 20
503.0633286648901
 10
5191.6637494773995
 20
504.4919000934615
 10
5194.14390678294
 20
504.4919000934615
 10
5219.138342332713
 20
471.6816409616159
 10
5223.845706004572
 20
475.9131648839575
 10
5231.080932226879
 20
477.3584670378418
 10
5259.153576065788
 20
445.14364346724324
 10
5259.153576065788
 20
353.64137585453636
 10
5256.116614240066
 20
350.0014116020452
 10
5241.720249623558
 20
351.43931389763605
  0
LWPOLYLINE
  5
64
330
17
100
AcDbEntity
  8
M
100
AcDbPolyline
 90
37
 70
1
 10
5152.353274955138
 20
274.2919000934615
 10
5147.578846982988
 20
274.2919000934615
 10
5139.220168338976
 20
280.0166611649807
 10
5123.711901742754
 20
285.73589275413457
 10
5120.691789745605
 20
289.3556615688223
 10
5120.691789745605
 20
290.8567100466722
 10
5124.9166802193795
 20
295.9204715220328
 10
5126.108592170415
 20
295.9204715220328
 10
5131.41899730493
 20
302.2852814752438
 10
5131.41899730493
 20
303.64304381114295
 10
5112.348406088352
 20
327.92875809685717
 10
5112.348406088352
 20
330.8567100466723
 10
5118.937988888486
 20
338.75468414307585
 10
5121.360075941984
 20
340.2061858077473
 10
5127.322332053482
 20
340.2061858077473
 10
5138.049539612806
 20
345.92047152203287
 10
5151.232345851876
 20
345.92047152203287
 10
5155.457236325651
 20
340.8567100466723
 10
5155.457236325651
 20
339.35566156882214
 10
5148.333126544724
 20
330.81702775598797
 10
5158.387155984004
 20
317.34904295060437
 10
5163.081931647897
 20
317.34904295060437
 10
5169.041491403077
 20
320.2061858077473
 10
5191.689110944371
 20
320.2061858077473
 10
5201.26270061763
 20
324.5091116648734
 10
5205.517538269166
 20
320.86650109349534
 10
5205.517538269166
 20
317.92709014025075
 10
5202.496621218918
 20
314.3063564255525
 10
5194.15657010741
 20
311.45035477917725
 10
5185.81192110524
 20
300.0200501107894
 10
5181.0408584299275
 20
298.59045545491915
 10
5176.911651444299
 20
293.64137585453653
 10
5176.911651444299
 20
287.92709014025075
 10
5166.727201215344
 20
275.7204715220328
 10
5165.535289264309
 20
275.7204715220328
 10
5160.746346605832
 20
269.9806627643312
 10
5152.353274955138
 20
274.2919000934615
  0
LWPOLYLINE
  5
65
330
17
100
AcDbEntity
  8
M
100
AcDbPolyline
 90
91
 70
1
 10
5061.0961921938015
 20
67.92709014025078
 10
5061.0961921938015
 20
83.69386071047924
 10
5065.863839997946
 20
97.97957499619348
 10
5065.863839997946
 20
100.84918046820978
 10
5069.416352351057
 20
106.5263533420291
 10
5066.5129946186125
 20
110.00618580774724
 10
5056.9968305860375
 20
110.00618580774724
 10
5054.574743532538
 20
111.45768747241847
 10
5050.368984634477
 20
116.49851871167938
 10
5050.368984634477
 20
119.35566156882227
 10
5046.250491451
 20
124.29190009346158
 10
5035.616886601378
 20
124.29190009346158
 10
5032.680880744392
 20
120.77293707126758
 10
5030.29705684232
 20
112.2015084998389
 10
5027.952892756216
 20
109.39190009346156
 10
5031.4983934179
 20
105.14242433238653
 10
5031.4983934179
 20
97.92709014025081
 10
5027.273502944125
 20
92.8633286648901
 10
5024.877922785728
 20
92.8633286648901
 10
5021.29137233805
 20
89.99754455378006
 10
5015.252034921501
 20
91.44523955730521
 10
5014.068868773025
 20
92.8633286648901
 10
5011.778647580656
 20
92.8633286648901
 10
5010.56191191829
 20
91.40500466547974
 10
5005.744616691486
 20
94.29190009346155
 10
5002.149749262665
 20
94.29190009346155
 10
4997.92485878889
 20
99.35566156882226
 10
4997.92485878889
 20
100.85671004667229
 10
5002.149749262665
 20
105.92047152203298
 10
5004.545329421062
 20
105.92047152203298
 10
5008.12106527417
 20
108.77761437917577
 10
5012.884376584897
 20
108.77761437917577
 10
5018.179885103399
 20
113.71413536025732
 10
5017.001280450861
 20
120.77724489084952
 10
5015.773302863007
 20
122.24904295060435
 10
5018.817385001456
 20
125.89754128593312
 10
5021.239472054955
 20
127.34904295060446
 10
5028.371812185458
 20
127.34904295060446
 10
5031.298393417899
 20
130.85671004667233
 10
5031.298393417899
 20
136.570995760958
 10
5032.490305368936
 20
137.99956718952944
 10
5032.490305368936
 20
150.78423299739364
 10
5031.298393417899
 20
152.2128044259651
 10
5031.298393417899
 20
156.570995760958
 10
5034.336169464139
 20
160.21193590111216
 10
5046.348630821946
 20
158.77217694344225
 10
5049.394441175152
 20
155.12160724854573
 10
5043.434881419971
 20
142.26446439140284
 10
5054.694860037959
 20
128.76876638619362
 10
5061.828707710613
 20
127.34371551840162
 10
5066.587465752602
 20
124.49190009346157
 10
5070.088730471721
 20
124.49190009346157
 10
5073.015311704162
 20
127.99956718952943
 10
5073.015311704162
 20
129.35566156882228
 10
5063.480016095873
 20
140.78423299739373
 10
5063.480016095873
 20
155.14967677898005
 10
5068.909989654127
 20
160.2115472874268
 10
5079.7045087588
 20
158.77401179714911
 10
5084.50440816957
 20
155.89754128593324
 10
5089.26363820015
 20
150.19334473200396
 10
5094.031286004294
 20
148.76477330343252
 10
5097.571484343923
 20
144.52165266430052
 10
5099.946474701385
 20
145.944930350565
 10
5105.396934382136
 20
140.86396249326583
 10
5105.396934382136
 20
137.99956718952944
 10
5106.588846333172
 20
136.570995760958
 10
5106.588846333172
 20
129.4281386181009
 10
5107.780758284208
 20
127.99956718952943
 10
5107.780758284208
 20
122.28528147524365
 10
5108.972670235244
 20
120.8567100466723
 10
5108.972670235244
 20
113.71385290381508
 10
5110.164582186279
 20
112.28528147524364
 10
5110.164582186279
 20
106.57099576095797
 10
5111.356494137316
 20
105.14242433238653
 10
5111.356494137316
 20
97.9995671895294
 10
5112.578641279776
 20
96.53475723631865
 10
5109.515427565613
 20
92.8633286648901
 10
5097.596308055253
 20
92.8633286648901
 10
5096.404396104217
 20
91.43475723631866
 10
5094.020572202145
 20
91.43475723631866
 10
5091.106502435112
 20
87.94208581337726
 10
5093.477814871775
 20
80.83671785333635
 10
5093.477814871775
 20
75.14242433238661
 10
5094.691898189015
 20
73.68727931315433
 10
5091.650331171566
 20
68.58360195711388
 10
5078.529853784117
 20
67.15400130516558
 10
5077.333804887639
 20
65.72047152203298
 10
5072.566157083495
 20
65.72047152203298
 10
5071.370573602091
 20
64.2874995642294
 10
5063.529697967309
 20
65.01040085269449
 10
5061.0961921938015
 20
67.92709014025078
  0
LWPOLYLINE
  5
66
330
17
100
AcDbEntity
  8
M
100
AcDbPolyline
 90
14
 70
1
 10
5068.896818520685
 20
178.57761437917586
 10
5064.67192804691
 20
183.64137585453653
 10
5064.67192804691
 20
188.0053238877726
 10
5071.29083048406
 20
194.49605457074793
 10
5085.680990342249
 20
193.0587720035727
 10
5086.844276784598
 20
191.66450980715766
 10
5089.235571038281
 20
193.09755804748661
 10
5094.6655430228575
 20
185.14319241092082
 10
5095.866782833921
 20
176.5046841480119
 10
5092.828660251109
 20
172.86332866489008
 10
5089.252924398
 20
172.86332866489008
 10
5088.020927259362
 20
171.38671295446727
 10
5080.821353328022
 20
178.57761437917586
 10
5068.896818520685
 20
178.57761437917586
  0
LWPOLYLINE
  5
67
330
17
100
AcDbEntity
  8
M
100
AcDbPolyline
 90
15
 70
1
 10
5036.736524767471
 20
45.72047152203296
 10
5034.331371940638
 20
45.72047152203296
 10
5031.298393417899
 20
49.35566156882221
 10
5031.298393417899
 20
55.06994728310799
 10
5030.070581087485
 20
56.54154727281646
 10
5036.721147388716
 20
63.06332866489017
 10
5043.96027025863
 20
63.06332866489017
 10
5048.185160732404
 20
57.999567189529365
 10
5048.185160732404
 20
52.28528147524369
 10
5050.568984634478
 20
49.4281386181008
 10
5050.568984634478
 20
45.06994728310798
 10
5047.4892047568865
 20
41.37866326201045
 10
5046.260261367575
 20
42.851618887445156
 10
5043.303434840438
 20
42.142835341439145
 10
5036.736524767471
 20
45.72047152203296
  0
LWPOLYLINE
  5
68
330
17
100
AcDbEntity
  8
M
100
AcDbPolyline
 90
25
 70
1
 10
6408.5905390910475
 20
77.11360360304886
 10
6405.824450941229
 20
80.78703167223533
 10
6405.824450941229
 20
86.50131738652101
 10
6403.23516832475
 20
89.9399436801398
 10
6400.0080291849745
 20
85.65422939442546
 10
6388.587862017868
 20
100.82047152203299
 10
6390.764468288943
 20
103.71105422897354
 10
6390.764468288943
 20
106.56819708611631
 10
6394.566429428041
 20
111.61728808028238
 10
6405.32355989396
 20
115.90300236599671
 10
6407.488140246486
 20
118.77761437917577
 10
6411.790992432853
 20
118.77761437917577
 10
6412.873163701658
 20
120.2147624739518
 10
6421.5711981435325
 20
118.77086399101499
 10
6426.494306931448
 20
113.68575240592182
 10
6422.160146640106
 20
107.92988881509247
 10
6422.160146640106
 20
100.80227019334798
 10
6421.091286385871
 20
97.9633286648901
 10
6422.170196392584
 20
95.09769453602279
 10
6418.947852692991
 20
89.39190009346154
 10
6428.638238098103
 20
72.2331633647424
 10
6423.708054896221
 20
67.14074457073404
 10
6419.855501887217
 20
67.87164144927537
 10
6410.746633588493
 20
78.54527490521868
 10
6408.5905390910475
 20
77.11360360304886
  0
LWPOLYLINE
  5
69
330
17
100
AcDbEntity
  8
M
100
AcDbPolyline
 90
19
 70
1
 10
6258.467299885295
 20
17.909256218757275
 10
6245.559366762085
 20
35.05128542454883
 10
6242.296793387228
 20
40.828314433918436
 10
6245.049522135501
 20
44.48400091355087
 10
6253.754476890906
 20
45.92904818823751
 10
6254.8366481597095
 20
44.49190009346149
 10
6277.426622138139
 20
44.49190009346149
 10
6278.4524549201
 20
43.12957079249769
 10
6279.47828770206
 20
44.49190009346149
 10
6303.236227685881
 20
44.49190009346149
 10
6308.165871806348
 20
39.40003812020765
 10
6307.058850654783
 20
37.92988881509252
 10
6307.058850654783
 20
23.645929411764243
 10
6291.412889103452
 20
1.4347572363186956
 10
6281.729474324506
 20
1.4347572363186956
 10
6280.649103370045
 20
0.0
 10
6268.716770672658
 20
1.440582692543546
 10
6263.845865118254
 20
7.909256218757266
 10
6258.467299885295
 20
17.909256218757275
  0
LWPOLYLINE
  5
6A
330
17
100
AcDbEntity
  8
M
100
AcDbPolyline
 90
50
 70
1
 10
6248.290116921358
 20
491.4347572363186
 10
6243.9797571645295
 20
491.4347572363186
 10
6241.240354812682
 20
495.07274595794945
 10
6241.240354812682
 20
497.9298888150924
 10
6233.710363486539
 20
507.9298888150924
 10
6233.710363486539
 20
510.7870316722353
 10
6232.634650439947
 20
512.2156031008068
 10
6232.634650439947
 20
519.4101014221465
 10
6233.72442165834
 20
522.3045834240329
 10
6242.283805872212
 20
530.8298763259195
 10
6240.1646417660895
 20
533.6441745293782
 10
6240.1646417660895
 20
536.5610435749825
 10
6243.37250643382
 20
542.2412000387188
 10
6242.290887681381
 20
543.6776143791756
 10
6245.055470211121
 20
547.3490429506041
 10
6250.434035444081
 20
547.3490429506041
 10
6251.559628755304
 20
548.8438565067831
 10
6252.685222066527
 20
547.3490429506041
 10
6255.81260067704
 20
547.3490429506041
 10
6256.881567350141
 20
548.76865504151
 10
6264.411558676284
 20
550.1972264700815
 10
6265.494018096367
 20
551.6347572363186
 10
6267.745204718813
 20
551.6347572363186
 10
6268.771037500773
 20
550.2724279353547
 10
6269.796870282733
 20
551.6347572363186
 10
6274.1116961383705
 20
551.6347572363186
 10
6277.391507394142
 20
554.5385332733363
 10
6281.679594059875
 20
548.8438565067831
 10
6285.93256598161
 20
554.4919000934615
 10
6290.33517869724
 20
554.4919000934615
 10
6293.073265013653
 20
550.8556590968649
 10
6294.148834886235
 20
523.7164145826096
 10
6302.7843290759665
 20
513.6817982215235
 10
6300.016596116566
 20
510.0061858077473
 10
6288.183752604056
 20
510.0061858077473
 10
6284.917534273038
 20
505.6685734659113
 10
6280.61468208667
 20
509.95428775162577
 10
6278.039778574696
 20
506.5347572363187
 10
6280.166024489987
 20
503.71105422897347
 10
6280.166024489987
 20
482.21560310080656
 10
6276.350909091547
 20
477.1490429506043
 10
6267.745204718813
 20
477.1490429506043
 10
6266.669491672221
 20
475.720471522033
 10
6262.2668789565905
 20
475.720471522033
 10
6261.191165909999
 20
477.1490429506043
 10
6259.1395003460775
 20
477.1490429506043
 10
6258.0263853309025
 20
475.6708008558089
 10
6254.1551464946515
 20
479.3430103943804
 10
6253.079081575154
 20
486.488204013403
 10
6248.290116921358
 20
491.4347572363186
  0
LWPOLYLINE
  5
6B
330
17
100
AcDbEntity
  8
M
100
AcDbPolyline
 90
5
 70
1
 10
6283.16798345187
 20
537.96332866489
 10
6280.603881013283
 20
541.3685151087112
 10
6278.039778574696
 20
537.96332866489
 10
6280.603881013283
 20
534.5581422210689
 10
6283.16798345187
 20
537.96332866489
  0
LWPOLYLINE
  5
6C
330
17
100
AcDbEntity
  8
M
100
AcDbPolyline
 90
5
 70
1
 10
6289.872622087206
 20
475.1061858077471
 10
6287.058159292834
 20
471.36851510871116
 10
6284.243696498462
 20
475.1061858077471
 10
6287.058159292834
 20
478.8438565067831
 10
6289.872622087206
 20
475.1061858077471
  0
LWPOLYLINE
  5
6D
330
17
100
AcDbEntity
  8
M
100
AcDbPolyline
 90
26
 70
1
 10
7120.823259363892
 20
218.58143096976278
 10
7114.619764826085
 20
226.48161583629377
 10
7105.024644032482
 20
246.47706279013747
 10
7103.008680470723
 20
248.57761437917569
 10
7100.270753665114
 20
248.57761437917569
 10
7089.857500696284
 20
257.9811069592178
 10
7096.169236411831
 20
261.6347572363186
 10
7101.660261698042
 20
261.6347572363186
 10
7108.515480014028
 20
264.4919000934615
 10
7115.348073439499
 20
264.4919000934615
 10
7116.714957731373
 20
265.9161376272109
 10
7130.425394363348
 20
267.34470905578246
 10
7131.800597397867
 20
268.7776143791757
 10
7137.302915082568
 20
268.7776143791757
 10
7140.08974715204
 20
270.2294969039786
 10
7142.226054945111
 20
268.0035515473599
 10
7142.226054945111
 20
250.86069440450277
 10
7144.968142271506
 20
248.00355154735988
 10
7144.968142271506
 20
243.70686773778883
 10
7147.7102295979
 20
239.4211534520746
 10
7147.7102295979
 20
236.56037812181896
 10
7153.221227180317
 20
226.5114684292474
 10
7145.590504494821
 20
220.00618580774722
 10
7142.8429008536295
 20
220.00618580774722
 10
7138.726115533387
 20
217.14650450854066
 10
7120.823259363892
 20
218.58143096976278
  0
LWPOLYLINE
  5
6E
330
17
100
AcDbEntity
  8
M
100
AcDbPolyline
 90
116
 70
1
 10
7066.0118182057395
 20
422.86332866489005
 10
7060.524469943517
 20
422.86332866489005
 10
7055.040295290727
 20
425.72047152203294
 10
7049.537977606026
 20
425.72047152203294
 10
7048.166933942829
 20
427.14904295060427
 10
7035.827540974054
 20
427.14904295060427
 10
7034.456497310856
 20
428.5776143791758
 10
7031.79967013099
 20
428.5776143791758
 10
7029.80047456293
 20
426.4945343538488
 10
7029.80047456293
 20
423.63739149670585
 10
7027.686539141398
 20
421.4347572363187
 10
7024.8591916684745
 20
421.4347572363187
 10
7023.488148005277
 20
422.86332866489005
 10
7015.246705401619
 20
422.86332866489005
 10
7011.133574412027
 20
430.0061858077472
 10
7001.55144939412
 20
430.0061858077472
 10
7000.180405730923
 20
431.43475723631855
 10
6994.696231078133
 20
431.43475723631855
 10
6993.3251874149355
 20
432.8633286648901
 10
6990.6683602350695
 20
432.8633286648901
 10
6989.297316571872
 20
431.43475723631855
 10
6979.626056779306
 20
431.43475723631855
 10
6975.557298279825
 20
434.2610772133991
 10
6974.215836276701
 20
432.8633286648901
 10
6963.247486971123
 20
432.8633286648901
 10
6961.876443307926
 20
431.43475723631855
 10
6952.193877519016
 20
431.43475723631855
 10
6950.841481215699
 20
432.8438988784734
 10
6934.433710921044
 20
425.72047152203294
 10
6930.257178907858
 20
425.72047152203294
 10
6928.143243486326
 20
427.9231057824201
 10
6928.143243486326
 20
433.71783726164557
 10
6929.514287149524
 20
435.1464086902169
 10
6929.514287149524
 20
438.00355154736
 10
6932.21777134623
 20
440.82047152203285
 10
6930.299808981123
 20
442.8189098718948
 10
6927.600351727991
 20
440.0061858077472
 10
6924.773004255068
 20
440.0061858077472
 10
6922.659068833537
 20
442.20882006813457
 10
6922.659068833537
 20
453.6373914967059
 10
6921.288025170339
 20
455.06596292527723
 10
6921.288025170339
 20
489.4321229759314
 10
6922.659068833537
 20
490.86069440450274
 10
6922.659068833537
 20
496.5749801187885
 10
6928.152327050501
 20
502.2987305354746
 10
6929.5255040079965
 20
508.0219074714275
 10
6934.42400389595
 20
511.6676478716752
 10
6935.826613707176
 20
510.20618580774726
 10
6938.5605101010215
 20
510.20618580774726
 10
6944.048447978417
 20
505.9175306774252
 10
6960.508881165582
 20
504.4882724911072
 10
6961.876443307926
 20
503.0633286648901
 10
6965.989574297518
 20
503.0633286648901
 10
6968.739741927387
 20
500.19776646196937
 10
6975.594960243373
 20
498.7691950333978
 10
6976.963794983668
 20
497.3429252121572
 10
6996.158406268431
 20
494.4857823550143
 10
6997.523578551056
 20
493.06332866488987
 10
7005.675886380056
 20
493.06332866488987
 10
7009.792408358724
 20
495.9228270366619
 10
7029.060576183805
 20
494.4887811147377
 10
7031.171518226127
 20
492.2892658330743
 10
7031.171518226127
 20
467.9231057824201
 10
7029.052125589987
 20
465.7147853275819
 10
7018.009547221438
 20
467.1530247121577
 10
7013.9021483592405
 20
470.0061858077472
 10
7007.058248937426
 20
470.0061858077472
 10
7000.203030621438
 20
472.8633286648901
 10
6993.343330446847
 20
472.8633286648901
 10
6990.625730161805
 20
474.2791428456122
 10
6987.863385133685
 20
472.84001756865877
 10
6986.469969098949
 20
474.29190009346144
 10
6983.813141919083
 20
474.29190009346144
 10
6981.813946351022
 20
472.20882006813457
 10
6981.813946351022
 20
467.9231057824201
 10
6979.70001092949
 20
465.720471522033
 10
6975.568736907988
 20
465.720471522033
 10
6967.378760992627
 20
461.4536615336157
 10
6964.61853063432
 20
458.57761437917566
 10
6961.860244979391
 20
458.57761437917566
 10
6946.77876468422
 20
450.0061858077472
 10
6944.042549583934
 20
450.0061858077472
 10
6935.277615940049
 20
443.6835456727585
 10
6938.519687637654
 20
441.65668199763275
 10
6943.97580647238
 20
445.920471522033
 10
6959.049095835003
 20
445.920471522033
 10
6960.4201394982
 20
447.3490429506043
 10
6963.247486971123
 20
447.3490429506043
 10
6964.61853063432
 20
445.920471522033
 10
6980.98579444616
 20
445.920471522033
 10
6982.356838109357
 20
447.3490429506043
 10
7000.254359881107
 20
447.3490429506043
 10
7004.367490870699
 20
444.4919000934614
 10
7008.491927856635
 20
444.4919000934614
 10
7011.23401518303
 20
441.6347572363187
 10
7013.8908423628955
 20
441.6347572363187
 10
7016.63292968929
 20
444.4919000934614
 10
7019.460277162214
 20
444.4919000934614
 10
7020.788690752147
 20
443.1077474578854
 10
7022.159734415344
 20
444.53631888645674
 10
7023.573408151806
 20
443.0633286648901
 10
7029.057582804595
 20
443.0633286648901
 10
7030.428626467793
 20
441.6347572363187
 10
7038.654888446977
 20
441.6347572363187
 10
7041.396975773371
 20
438.7776143791758
 10
7050.994281415752
 20
438.7776143791758
 10
7052.365325078949
 20
437.34904295060426
 10
7057.849499731739
 20
437.34904295060426
 10
7059.220543394937
 20
435.9204715220329
 10
7071.559936363712
 20
435.9204715220329
 10
7072.93098002691
 20
434.4919000934616
 10
7078.415154679699
 20
434.4919000934616
 10
7080.52909010123
 20
432.28926583307424
 10
7080.52909010123
 20
422.19881236393655
 10
7075.643150169323
 20
418.56241979266326
 10
7066.0118182057395
 20
422.86332866489005
  0
LWPOLYLINE
  5
6F
330
17
100
AcDbEntity
  8
M
100
AcDbPolyline
 90
80
 70
1
 10
6929.565785695688
 20
256.44087497476585
 10
6926.772199823129
 20
259.35167721099174
 10
6926.772199823129
 20
266.49453435384885
 10
6925.362553030243
 20
267.96332866489
 10
6926.772199823129
 20
269.43212297593146
 10
6926.772199823129
 20
272.21447326690884
 10
6920.647565129726
 20
280.0142296820992
 10
6912.4268089709585
 20
281.441844970718
 10
6910.319675864761
 20
283.63739149670596
 10
6910.319675864761
 20
286.51200591756043
 10
6907.594356532066
 20
292.1913485044229
 10
6896.609239232788
 20
303.637391496706
 10
6896.609239232788
 20
342.2892658330742
 10
6898.745547025858
 20
344.5152111896929
 10
6909.794927138338
 20
338.75871008187886
 10
6912.5188714328215
 20
335.92047152203287
 10
6915.254541487142
 20
335.92047152203287
 10
6922.109759803129
 20
330.2061858077471
 10
6926.144047918267
 20
330.2061858077471
 10
6930.257178907858
 20
334.49190009346154
 10
6932.999266234253
 20
334.49190009346154
 10
6937.112397223845
 20
338.77761437917576
 10
6939.854484550239
 20
338.77761437917576
 10
6943.967615539831
 20
343.06332866489
 10
6946.709702866226
 20
343.06332866489
 10
6950.822833855818
 20
347.3490429506044
 10
6953.564921182213
 20
347.3490429506044
 10
6956.294129300684
 20
350.19276619978314
 10
6960.407260290276
 20
351.6213376283547
 10
6963.149347616671
 20
354.4784804854976
 10
6967.272211391028
 20
355.9104323019705
 10
6979.670429269417
 20
364.5227229735241
 10
6981.8048627868475
 20
362.2987305354747
 10
6983.175906450045
 20
356.5844448211891
 10
6987.286308190598
 20
352.30157430136165
 10
6988.655726558249
 20
348.02094049012743
 10
6996.146745206312
 20
341.63475723631865
 10
6998.894622214253
 20
341.63475723631865
 10
7001.0573608024415
 20
339.3812720720685
 10
6995.524382982996
 20
335.05741960845734
 10
6995.524382982996
 20
333.637391496706
 10
6987.286308190598
 20
325.0536544569899
 10
6985.945179588621
 20
320.8614509825437
 10
6997.519123268167
 20
313.0581959233193
 10
7005.746103060672
 20
311.6294998393935
 10
7009.851665523488
 20
308.7776143791757
 10
7013.976102509425
 20
308.7776143791757
 10
7017.461081594153
 20
305.146408690217
 10
7017.461081594153
 20
286.5749801187886
 10
7020.203168920548
 20
283.7178372616457
 10
7020.203168920548
 20
270.78024863956307
 10
7018.046603425752
 20
268.5331955861804
 10
7013.93347243616
 20
272.81890987189485
 10
7012.605058846228
 20
271.4347572363186
 10
7007.120884193438
 20
271.4347572363186
 10
7004.336166793779
 20
268.5331955861804
 10
7002.922493057317
 20
270.0061858077473
 10
7000.2475228455405
 20
270.0061858077473
 10
6994.718603449673
 20
267.12573185437304
 10
6991.954143751738
 20
270.0061858077473
 10
6989.212056425344
 20
270.0061858077473
 10
6985.727077340614
 20
273.63739149670596
 10
6985.727077340614
 20
275.0659629252775
 10
6978.871859024628
 20
282.2088200681346
 10
6978.871859024628
 20
286.49453435384885
 10
6974.115492869829
 20
291.4504733767712
 10
6967.297982704703
 20
294.2919000934615
 10
6959.134355981531
 20
294.2919000934615
 10
6955.7641167502725
 20
290.78024863956307
 10
6955.7641167502725
 20
279.427389899879
 10
6963.271987051163
 20
270.18215174768136
 10
6966.80961271777
 20
267.9705149830974
 10
6961.874401538314
 20
264.2974519653881
 10
6953.639972569211
 20
262.8674622585653
 10
6948.1478636440415
 20
260.0061858077473
 10
6944.041569690016
 20
260.0061858077473
 10
6939.928438700424
 20
257.1490429506044
 10
6935.826613707176
 20
257.1490429506044
 10
6934.449316061091
 20
255.7139551276194
 10
6929.565785695688
 20
256.44087497476585
  0
LWPOLYLINE
  5
70
330
17
100
AcDbEntity
  8
M
100
AcDbPolyline
 90
49
 70
1
 10
6898.04647597816
 20
409.28270672631504
 10
6896.609239232788
 20
410.7802486395632
 10
6896.609239232788
 20
532.2892658330743
 10
6898.745547025858
 20
534.5152111896928
 10
6904.281300522333
 20
531.6311968096413
 10
6913.895786476591
 20
530.2000680693001
 10
6915.260958759216
 20
528.7776143791759
 10
6920.726990380093
 20
528.7776143791759
 10
6931.6953396856725
 20
523.0633286648902
 10
6938.55055800166
 20
523.0633286648902
 10
6944.034732654449
 20
520.206185807747
 10
6946.794963012754
 20
520.206185807747
 10
6949.53705033915
 20
517.3490429506044
 10
6954.998600101422
 20
517.3490429506044
 10
6961.8538184174095
 20
514.4919000934615
 10
6965.989574297518
 20
514.4919000934615
 10
6967.360617960715
 20
513.0633286648899
 10
6970.017445140581
 20
513.0633286648899
 10
6972.019562818441
 20
515.1494534091291
 10
6973.390606481638
 20
533.7208819805578
 10
6975.528363489566
 20
535.9483373597925
 10
6982.4630136908945
 20
531.6129642083702
 10
6989.297316571872
 20
524.4919000934615
 10
6992.039403898267
 20
524.4919000934615
 10
6994.191942449487
 20
522.2490429506042
 10
6990.02633209318
 20
517.9086473109032
 10
6987.2842447667845
 20
510.7657901680461
 10
6983.171113777193
 20
506.4800758823319
 10
6980.429026450798
 20
499.3372187394748
 10
6978.316256321804
 20
497.1357986662569
 10
6968.635177118854
 20
500.0178811303181
 10
6965.904314150989
 20
502.86332866489016
 10
6961.791183161397
 20
502.86332866489016
 10
6960.416657977345
 20
504.29552769581574
 10
6943.964134018977
 20
505.72409912438707
 10
6939.854484550239
 20
510.0061858077473
 10
6935.741353560647
 20
510.0061858077473
 10
6934.401876045479
 20
511.40186660096197
 10
6929.703070291052
 20
507.90474985835255
 10
6928.334159922151
 20
502.1993553657339
 10
6922.859068833537
 20
496.49453435384885
 10
6922.859068833537
 20
490.78024863956307
 10
6921.4888866146575
 20
489.35257480074245
 10
6922.859930277855
 20
425.06686051502817
 10
6920.756357770535
 20
422.8750239874609
 10
6911.153988496006
 20
420.01637367385456
 10
6903.642489613032
 20
413.6127307741203
 10
6901.5721802751295
 20
410.0174346652484
 10
6898.04647597816
 20
409.28270672631504
  0
LWPOLYLINE
  5
71
330
17
100
AcDbEntity
  8
M
100
AcDbPolyline
 90
86
 70
1
 10
8141.741309918601
 20
178.57761437917586
 10
8134.154313306409
 20
178.57761437917586
 10
8133.205938729885
 20
180.0061858077473
 10
8128.464065847266
 20
180.0061858077473
 10
8127.5156912707425
 20
181.43475723631875
 10
8120.877069235076
 20
181.43475723631875
 10
8119.928694658553
 20
182.86332866489008
 10
8116.135196352458
 20
182.86332866489008
 10
8115.182138945698
 20
184.29895401249908
 10
8104.755089672429
 20
185.72683101047315
 10
8099.109790152873
 20
192.81326587756033
 10
8096.257405591983
 20
189.9488315159663
 10
8093.791784056359
 20
193.6628877197648
 10
8094.738432890974
 20
196.51483148016868
 10
8089.0442025358325
 20
203.66268827503265
 10
8090.947557606473
 20
207.9633286648901
 10
8089.049259031174
 20
212.25254387800197
 10
8102.901140655818
 20
238.87416844667786
 10
8105.756719496052
 20
234.572705244089
 10
8108.02765593736
 20
237.99350014566446
 10
8108.02765593736
 20
250.85064300280735
 10
8110.435222085752
 20
254.47724824626994
 10
8129.4027136162285
 20
260.1915339605557
 10
8133.1962119223235
 20
265.9058196748415
 10
8142.687278796748
 20
268.76516814307286
 10
8146.478380260704
 20
273.04817459033114
 10
8154.058366637141
 20
275.9026775036285
 10
8155.037888845745
 20
277.3781677534751
 10
8157.992937591057
 20
275.8944016298045
 10
8160.3998261572915
 20
270.81858322257256
 10
8157.029856411903
 20
264.2919000934615
 10
8156.074215537167
 20
264.2919000934615
 10
8152.821290739689
 20
259.3919000934616
 10
8155.072197475288
 20
256.0012766726606
 10
8156.926699766391
 20
258.79478153125734
 10
8161.66857264901
 20
257.3662101026858
 10
8165.450674331694
 20
263.06332866489015
 10
8168.403085031976
 20
263.06332866489015
 10
8169.307813218069
 20
261.7005033959833
 10
8173.479964557643
 20
266.58857592069216
 10
8175.34862541619
 20
270.8108245631956
 10
8173.091314429239
 20
274.21109494283394
 10
8172.142939852715
 20
272.78252351426255
 10
8169.651973705696
 20
276.5347572363187
 10
8173.091314429239
 20
281.71556238694615
 10
8176.93845622069
 20
275.9204715220328
 10
8178.731907945391
 20
275.9204715220328
 10
8186.360807570912
 20
285.97570156294904
 10
8189.787869518406
 20
282.2883378632003
 10
8189.787869518406
 20
279.42207157423604
 10
8194.03339580691
 20
273.02687952128457
 10
8196.831442545923
 20
270.2170125298319
 10
8202.42902632023
 20
271.6223201735549
 10
8204.33403196917
 20
274.4919000934615
 10
8207.28644266945
 20
274.4919000934615
 10
8209.701754673952
 20
270.8536269826828
 10
8210.650129250474
 20
256.56791269696856
 10
8212.548859354976
 20
253.70778585995023
 10
8212.548859354976
 20
249.4080630767771
 10
8214.445608508026
 20
243.69377736249132
 10
8214.445608508026
 20
225.07601432697288
 10
8212.02831555207
 20
221.43475723631855
 10
8210.131566399023
 20
221.43475723631855
 10
8208.234817245975
 20
218.57761437917588
 10
8206.338068092928
 20
218.57761437917588
 10
8205.389693516403
 20
217.14904295060433
 10
8200.647820633785
 20
217.14904295060433
 10
8198.758239096625
 20
214.30269693631365
 10
8192.10600491419
 20
212.87119629685358
 10
8187.355426992419
 20
208.57761437917588
 10
8182.628703679834
 20
208.57761437917588
 10
8180.743767303053
 20
205.7382655404374
 10
8169.363272384768
 20
201.45255125472306
 10
8166.0985348110235
 20
196.53475723631863
 10
8170.311646961291
 20
190.18839178934277
 10
8174.105145267386
 20
188.75982036077144
 10
8176.530655152785
 20
185.1061858077473
 10
8174.093332491118
 20
181.43475723631875
 10
8172.196583338071
 20
181.43475723631875
 10
8171.248208761547
 20
180.0061858077473
 10
8166.494237274533
 20
180.0061858077473
 10
8160.7994502178835
 20
174.2873413185807
 10
8147.427843593738
 20
175.72606573117145
 10
8146.483182801219
 20
177.1490429506044
 10
8142.689684495124
 20
177.1490429506044
 10
8141.741309918601
 20
178.57761437917586
  0
LWPOLYLINE
  5
72
330
17
100
AcDbEntity
  8
M
100
AcDbPolyline
 90
152
 70
1
 10
8133.206456962423
 20
304.3010430112364
 10
8129.410034725415
 20
308.5900606152786
 10
8124.6681618427965
 20
310.0186320438502
 10
8120.885680317669
 20
314.29190009346155
 10
8110.444948893315
 20
314.29190009346155
 10
8107.599825163744
 20
318.57761437917577
 10
8106.7587375579305
 20
318.57761437917577
 10
8102.965239251834
 20
312.8633286648902
 10
8097.167704821981
 20
312.8633286648902
 10
8094.750411866027
 20
316.5045857555443
 10
8094.750411866027
 20
319.41806392279557
 10
8100.000368990644
 20
328.76412211123176
 10
8105.694819514804
 20
330.1937487449834
 10
8107.628854943043
 20
333.10705728679903
 10
8109.536576701505
 20
331.67022163912
 10
8113.298683705479
 20
335.92047152203287
 10
8117.083570928981
 20
335.92047152203287
 10
8118.972063586137
 20
338.76517731641206
 10
8124.671129252228
 20
340.1959626097738
 10
8131.30558928238
 20
347.3343416228841
 10
8135.0908751066645
 20
348.75982036077147
 10
8136.99943703598
 20
351.63475723631865
 10
8138.902191484664
 20
351.63475723631865
 10
8144.041923900552
 20
357.9692579661494
 10
8141.729497142331
 20
361.45255125472295
 10
8137.935998836236
 20
362.88112268329434
 10
8135.0908751066645
 20
367.1668369690088
 10
8131.2973768005695
 20
368.5954083975801
 10
8129.3952105310345
 20
371.4607112560887
 10
8124.662046793461
 20
374.31260655131393
 10
8118.9561228732355
 20
380.0426349513529
 10
8107.059251655125
 20
397.9633286648901
 10
8110.444948893315
 20
403.06332866489004
 10
8112.341698046363
 20
403.06332866489004
 10
8113.343716108242
 20
404.5727052440889
 10
8115.294108746644
 20
401.6347572363187
 10
8117.083570928981
 20
401.6347572363187
 10
8119.388121149934
 20
405.10618580774724
 10
8117.083570928981
 20
408.5776143791758
 10
8115.294108746644
 20
408.5776143791758
 10
8114.292090684766
 20
407.06823779997694
 10
8110.85274996122
 20
412.2490429506044
 10
8112.749499114268
 20
415.1061858077473
 10
8106.693740253556
 20
424.2281976170902
 10
8102.900241947461
 20
419.94248333137597
 10
8099.064453975028
 20
425.72047152203294
 10
8098.223366369215
 20
425.72047152203294
 10
8097.274991792691
 20
424.2919000934614
 10
8095.378242639644
 20
424.2919000934614
 10
8092.479475424718
 20
419.9253806571196
 10
8089.060164406885
 20
425.0760143269728
 10
8089.060164406885
 20
427.99350014566437
 10
8091.467730555277
 20
431.620105389127
 10
8096.209603437896
 20
433.04867681769855
 10
8099.472255042935
 20
437.9633286648902
 10
8098.523880466411
 20
439.3919000934615
 10
8099.472255042935
 20
440.82047152203285
 10
8097.575505889888
 20
443.67761437917574
 10
8100.012828551552
 20
447.3490429506043
 10
8103.811781284716
 20
447.3490429506043
 10
8109.502028743858
 20
454.4919000934614
 10
8114.325536537308
 20
454.4919000934614
 10
8118.060975284804
 20
451.67848585822736
 10
8118.980320082029
 20
453.0633286648901
 10
8130.468101971024
 20
453.0633286648901
 10
8131.416476547548
 20
451.63475723631853
 10
8134.261600277119
 20
451.63475723631853
 10
8136.104705944812
 20
448.8584195298034
 10
8139.324016962645
 20
453.7077858599502
 10
8139.324016962645
 20
455.07601432697265
 10
8135.53051865655
 20
460.79030004125843
 10
8135.53051865655
 20
463.6474428984013
 10
8124.1299940325525
 20
480.8204715220329
 10
8126.596346473518
 20
484.53562871537025
 10
8128.551155185164
 20
483.0633286648901
 10
8133.293028067783
 20
483.0633286648901
 10
8137.08652637388
 20
480.2061858077472
 10
8138.994862077146
 20
480.2061858077472
 10
8142.788360383241
 20
475.920471522033
 10
8144.693720618882
 20
475.920471522033
 10
8150.383968078025
 20
467.3490429506043
 10
8153.229091807596
 20
467.3490429506043
 10
8156.594759340073
 20
462.2792144313789
 10
8156.594759340073
 20
460.79030004125843
 10
8155.64638476355
 20
459.3617286126871
 10
8155.64638476355
 20
452.2217377748251
 10
8148.0558426036505
 20
439.3585865304733
 10
8147.107103117605
 20
432.2129810045959
 10
8140.85793264645
 20
422.79962618851886
 10
8133.27093603426
 20
431.3710547599473
 10
8130.998899007075
 20
427.9486020054789
 10
8131.947273583599
 20
425.09145914833624
 10
8129.534701168231
 20
421.4573127812048
 10
8126.586651550031
 20
419.9770610048764
 10
8124.689902396984
 20
422.8342038620193
 10
8121.8684981605875
 20
421.4175422811278
 10
8120.006951849964
 20
422.8196000429812
 10
8116.783056831785
 20
417.9633286648902
 10
8119.104836945495
 20
414.46594607369155
 10
8123.769610374688
 20
411.65525831100126
 10
8125.639139750508
 20
413.06332866489004
 10
8129.5197273945005
 20
413.06332866489004
 10
8132.907674631862
 20
407.95993940856454
 10
8124.357561010561
 20
396.51162836467535
 10
8125.29201217853
 20
392.2888341027871
 10
8128.583165594245
 20
387.33124893220014
 10
8132.37666390034
 20
385.90267750362864
 10
8138.075296216027
 20
377.31861851507574
 10
8139.873590544852
 20
375.9642001439417
 10
8142.743327980478
 20
380.28699095837493
 10
8145.234294127499
 20
376.53475723631857
 10
8143.344416334644
 20
373.68796496120046
 10
8149.942118180542
 20
366.5891360923138
 10
8152.801261033978
 20
359.41108308152457
 10
8152.801261033978
 20
353.7077858599501
 10
8154.711635641385
 20
350.83011848087034
 10
8152.814886488338
 20
346.5444041951559
 10
8154.698010187026
 20
343.7077858599503
 10
8154.698010187026
 20
337.99350014566454
 10
8156.968946628335
 20
334.5727052440891
 10
8161.123006768332
 20
340.8301184808703
 10
8159.229419568291
 20
345.1086883178068
 10
8162.069731500919
 20
350.81330978366486
 10
8161.1166025169805
 20
352.24904295060435
 10
8163.553925178647
 20
355.92047152203287
 10
8169.3514596085
 20
355.92047152203287
 10
8170.299834185023
 20
354.49190009346154
 10
8174.081233886723
 20
354.49190009346154
 10
8176.940361450938
 20
351.6206942429546
 10
8180.743767303053
 20
350.1883917893428
 10
8183.5972758891685
 20
345.8900470865044
 10
8187.393847788888
 20
343.03058929592476
 10
8192.650134402735
 20
333.67326324886784
 10
8189.2673257155
 20
328.57761437917577
 10
8187.263289591742
 20
328.57761437917577
 10
8186.338184195668
 20
329.9711345872899
 10
8181.654484264175
 20
327.14904295060444
 10
8173.119113075461
 20
327.14904295060444
 10
8168.377240192843
 20
324.29190009346155
 10
8165.557961302405
 20
324.29190009346155
 10
8164.555943240525
 20
322.7825235142624
 10
8163.553925178647
 20
324.29190009346155
 10
8159.867713843262
 20
324.29190009346155
 10
8158.9275957626305
 20
322.87576572765363
 10
8153.140851084688
 20
321.42296808208494
 10
8149.393303835163
 20
325.65676904566163
 10
8144.285919550975
 20
317.96332866489007
 10
8147.111013574836
 20
313.7077858599503
 10
8147.111013574836
 20
309.36172861268716
 10
8144.7024161467425
 20
305.7335699147629
 10
8136.581353997062
 20
303.5747956888019
 10
8133.206456962423
 20
304.3010430112364
  0
LWPOLYLINE
  5
73
330
17
100
AcDbEntity
  8
M
100
AcDbPolyline
 90
8
 70
1
 10
8092.833633007269
 20
400.8204715220328
 10
8096.248360024758
 20
405.96420014394175
 10
8098.203168736402
 20
404.49190009346137
 10
8102.01686467531
 20
404.49190009346137
 10
8105.397103895557
 20
399.40012170619076
 10
8102.962507787957
 20
394.26587165802084
 10
8095.259142892665
 20
397.16683696900856
 10
8092.833633007269
 20
400.8204715220328
  0
LWPOLYLINE
  5
74
330
17
100
AcDbEntity
  8
M
100
AcDbPolyline
 90
28
 70
1
 10
8054.898649946317
 20
157.96332866489016
 10
8056.8154288050755
 20
160.85064300280726
 10
8056.8154288050755
 20
165.1363572885216
 10
8061.12230329819
 20
171.6239603934666
 10
8067.845385922626
 20
173.07070697695815
 10
8071.590621035139
 20
170.24991442965597
 10
8074.819270460731
 20
175.1133475461153
 10
8071.97414673116
 20
180.82763326040097
 10
8075.355089561935
 20
185.92047152203295
 10
8079.14858786803
 20
185.92047152203295
 10
8080.08723563699
 20
187.334391103413
 10
8084.934725674472
 20
188.7947815312574
 10
8089.280194112596
 20
182.2490429506044
 10
8085.486695806501
 20
176.53475723631863
 10
8088.3318195360725
 20
172.2490429506044
 10
8085.894496874406
 20
168.57761437917586
 10
8083.997747721359
 20
168.57761437917586
 10
8082.100998568311
 20
165.72047152203297
 10
8080.204249415264
 20
165.72047152203297
 10
8078.2538567768615
 20
162.7825235142627
 10
8077.317874893739
 20
164.19242737396965
 10
8071.685481081433
 20
152.88005204056566
 10
8066.936732151494
 20
151.44940908351
 10
8065.970595607982
 20
149.99408215222954
 10
8062.558477309743
 20
150.72833915399642
 10
8060.196245907587
 20
152.86332866489005
 10
8058.284347184505
 20
152.86332866489005
 10
8054.898649946317
 20
157.96332866489016
  0
LWPOLYLINE
  5
75
330
17
100
AcDbEntity
  8
M
100
AcDbPolyline
 90
34
 70
1
 10
8038.368481077507
 20
225.720471522033
 10
8035.523357347935
 20
225.720471522033
 10
8033.084133897891
 20
229.39476332075216
 10
8043.113340323577
 20
243.06332866489012
 10
8045.007103113173
 20
243.06332866489012
 10
8046.90385226622
 20
245.920471522033
 10
8048.800601419268
 20
245.920471522033
 10
8049.748975995792
 20
247.34904295060434
 10
8051.641215071941
 20
247.34904295060434
 10
8057.331462531083
 20
257.34904295060437
 10
8059.232721761029
 20
257.34904295060437
 10
8060.181096337553
 20
258.77761437917593
 10
8068.823754496979
 20
258.77761437917593
 10
8069.778459199198
 20
257.33950764996393
 10
8077.365455811388
 20
255.9109362213926
 10
8078.307500262216
 20
254.49190009346145
 10
8080.209129970481
 20
254.49190009346145
 10
8085.466666100789
 20
245.1323496370813
 10
8085.466666100789
 20
239.36172861268713
 10
8082.100998568311
 20
234.29190009346146
 10
8080.192150810868
 20
234.29190009346146
 10
8077.347027081297
 20
231.4347572363188
 10
8074.514001956121
 20
231.4347572363188
 10
8072.563609317719
 20
228.4968092285483
 10
8066.807905596953
 20
237.16683696900864
 10
8063.119137309455
 20
238.55596872996753
 10
8059.860552534646
 20
233.64744289840132
 10
8059.860552534646
 20
230.79030004125843
 10
8057.015428805074
 20
226.5045857555442
 10
8057.015428805074
 20
223.64744289840132
 10
8054.593891722636
 20
219.99979272426907
 10
8048.355457249732
 20
220.72265293872394
 10
8039.304517751503
 20
224.3104851288197
 10
8038.368481077507
 20
225.720471522033
  0
LWPOLYLINE
  5
76
330
17
100
AcDbEntity
  8
M
100
AcDbPolyline
 90
26
 70
1
 10
8018.880445744124
 20
65.13635728852162
 10
8019.8288203206475
 20
66.56492871709307
 10
8019.8288203206475
 20
70.8506430028073
 10
8023.194487853125
 20
75.92047152203295
 10
8031.72985904184
 20
75.92047152203295
 10
8032.678233618364
 20
77.34904295060441
 10
8035.543554980748
 20
77.34904295060441
 10
8039.337053286843
 20
80.2061858077473
 10
8041.225703411474
 20
80.2061858077473
 10
8044.070827141045
 20
83.06332866489008
 10
8047.011139236931
 20
83.06332866489008
 10
8065.570829699501
 20
55.10618580774729
 10
8063.1335070378345
 20
51.43475723631874
 10
8060.288383308263
 20
51.43475723631874
 10
8059.3400087317395
 20
50.00618580774729
 10
8052.701386696073
 20
50.00618580774729
 10
8051.75301211955
 20
48.57761437917585
 10
8049.748975995792
 20
48.57761437917585
 10
8048.854244904624
 20
49.92538065711993
 10
8047.959513813455
 20
48.57761437917585
 10
8032.785520589075
 20
48.57761437917585
 10
8031.834967034499
 20
47.14576067599996
 10
8019.873067104402
 20
47.86650662995429
 10
8017.921817934455
 20
50.80574486262191
 10
8018.880445744124
 20
53.69377736249126
 10
8018.880445744124
 20
65.13635728852162
  0
ENDSEC
  0
SECTION
  2
OBJECTS
  0
DICTIONARY
  5
A
330
0
100
AcDbDictionary
281
1
  3
ACAD_COLOR
350
B
  3
ACAD_GROUP
350
C
  3
ACAD_LAYOUT
350
D
  3
ACAD_MATERIAL
350
E
  3
ACAD_MLEADERSTYLE
350
F
  3
ACAD_MLINESTYLE
350
10
  3
ACAD_PLOTSETTINGS
350
11
  3
ACAD_PLOTSTYLENAME
350
12
  3
ACAD_SCALELIST
350
14
  3
ACAD_TABLESTYLE
350
15
  3
ACAD_VISUALSTYLE
350
16
  3
EZDXF_META
350
2D
  0
DICTIONARY
  5
B
330
A
100
AcDbDictionary
281
1
  0
DICTIONARY
  5
C
330
A
100
AcDbDictionary
281
1
  0
DICTIONARY
  5
D
330
A
100
AcDbDictionary
281
1
  3
Model
350
1A
  3
Layout1
350
1E
  0
DICTIONARY
  5
E
330
A
100
AcDbDictionary
281
1
  3
ByBlock
350
1F
  3
ByLayer
350
20
  3
Global
350
21
  0
DICTIONARY
  5
F
330
A
100
AcDbDictionary
281
1
  3
Standard
350
2C
  0
DICTIONARY
  5
10
330
A
100
AcDbDictionary
281
1
  3
Standard
350
22
  0
DICTIONARY
  5
11
330
A
100
AcDbDictionary
281
1
  0
ACDBDICTIONARYWDFLT
  5
12
330
A
100
AcDbDictionary
281
1
  3
Normal
350
13
100
AcDbDictionaryWithDefault
340
13
  0
ACDBPLACEHOLDER
  5
13
330
12
  0
DICTIONARY
  5
14
330
A
100
AcDbDictionary
281
1
  0
DICTIONARY
  5
15
330
A
100
AcDbDictionary
281
1
  0
DICTIONARY
  5
16
330
A
100
AcDbDictionary
281
1
  0
LAYOUT
  5
1A
330
D
100
AcDbPlotSettings
  1

  4
A3
  6

 40
7.5
 41
20.0
 42
7.5
 43
20.0
 44
420.0
 45
297.0
 46
0.0
 47
0.0
 48
0.0
 49
0.0
140
0.0
141
0.0
142
1.0
143
1.0
 70
1024
 72
1
 73
0
 74
5
  7

 75
16
 76
0
 77
2
 78
300
147
1.0
148
0.0
149
0.0
100
AcDbLayout
  1
Model
 70
1
 71
0
 10
0.0
 20
0.0
 11
420.0
 21
297.0
 12
0.0
 22
0.0
 32
0.0
 14
1e+20
 24
1e+20
 34
1e+20
 15
-1e+20
 25
-1e+20
 35
-1e+20
146
0.0
 13
0.0
 23
0.0
 33
0.0
 16
1.0
 26
0.0
 36
0.0
 17
0.0
 27
1.0
 37
0.0
 76
1
330
17
  0
LAYOUT
  5
1E
330
D
100
AcDbPlotSettings
  1

  4
A3
  6

 40
7.5
 41
20.0
 42
7.5
 43
20.0
 44
420.0
 45
297.0
 46
0.0
 47
0.0
 48
0.0
 49
0.0
140
0.0
141
0.0
142
1.0
143
1.0
 70
0
 72
1
 73
0
 74
5
  7

 75
16
 76
0
 77
2
 78
300
147
1.0
148
0.0
149
0.0
100
AcDbLayout
  1
Layout1
 70
1
 71
1
 10
0.0
 20
0.0
 11
420.0
 21
297.0
 12
0.0
 22
0.0
 32
0.0
 14
1e+20
 24
1e+20
 34
1e+20
 15
-1e+20
 25
-1e+20
 35
-1e+20
146
0.0
 13
0.0
 23
0.0
 33
0.0
 16
1.0
 26
0.0
 36
0.0
 17
0.0
 27
1.0
 37
0.0
 76
1
330
1B
  0
MATERIAL
  5
1F
102
{ACAD_REACTORS
330
E
102
}
330
E
100
AcDbMaterial
  1
ByBlock
  2

 70
0
 40
1.0
 71
1
 41
1.0
 91
-1023410177
 42
1.0
 72
1
  3

 73
1
 74
1
 75
1
 44
0.5
 73
0
 45
1.0
 46
1.0
 77
1
  4

 78
1
 79
1
170
1
 48
1.0
171
1
  6

172
1
173
1
174
1
140
1.0
141
1.0
175
1
  7

176
1
177
1
178
1
143
1.0
179
1
  8

270
1
271
1
272
1
145
1.0
146
1.0
273
1
  9

274
1
275
1
276
1
 42
1.0
 72
1
  3

 73
1
 74
1
 75
1
 94
63
  0
MATERIAL
  5
20
102
{ACAD_REACTORS
330
E
102
}
330
E
100
AcDbMaterial
  1
ByLayer
  2

 70
0
 40
1.0
 71
1
 41
1.0
 91
-1023410177
 42
1.0
 72
1
  3

 73
1
 74
1
 75
1
 44
0.5
 73
0
 45
1.0
 46
1.0
 77
1
  4

 78
1
 79
1
170
1
 48
1.0
171
1
  6

172
1
173
1
174
1
140
1.0
141
1.0
175
1
  7

176
1
177
1
178
1
143
1.0
179
1
  8

270
1
271
1
272
1
145
1.0
146
1.0
273
1
  9

274
1
275
1
276
1
 42
1.0
 72
1
  3

 73
1
 74
1
 75
1
 94
63
  0
MATERIAL
  5
21
102
{ACAD_REACTORS
330
E
102
}
330
E
100
AcDbMaterial
  1
Global
  2

 70
0
 40
1.0
 71
1
 41
1.0
 91
-1023410177
 42
1.0
 72
1
  3

 73
1
 74
1
 75
1
 44
0.5
 73
0
 45
1.0
 46
1.0
 77
1
  4

 78
1
 79
1
170
1
 48
1.0
171
1
  6

172
1
173
1
174
1
140
1.0
141
1.0
175
1
  7

176
1
177
1
178
1
143
1.0
179
1
  8

270
1
271
1
272
1
145
1.0
146
1.0
273
1
  9

274
1
275
1
276
1
 42
1.0
 72
1
  3

 73
1
 74
1
 75
1
 94
63
  0
MLINESTYLE
  5
22
102
{ACAD_REACTORS
330
10
102
}
330
10
100
AcDbMlineStyle
  2
Standard
 70
0
  3

 62
256
 51
90.0
 52
90.0
 71
2
 49
0.5
 62
256
  6
BYLAYER
 49
-0.5
 62
256
  6
BYLAYER
  0
MLEADERSTYLE
  5
2C
102
{ACAD_REACTORS
330
F
102
}
330
F
100
AcDbMLeaderStyle
179
2
170
2
171
1
172
0
 90
2
 40
0.0
 41
0.0
173
1
 91
-1056964608
 92
-2
290
1
 42
2.0
291
1
 43
8.0
  3
Standard
 44
4.0
300

342
29
174
1
175
1
176
0
178
1
 93
-1056964608
 45
4.0
292
0
297
0
 46
4.0
 94
-1056964608
 47
1.0
 49
1.0
140
1.0
294
1
141
0.0
177
0
142
1.0
295
0
296
0
143
3.75
271
0
272
9
273
9
  0
DICTIONARY
  5
2D
330
A
100
AcDbDictionary
280
1
281
1
  3
CREATED_BY_EZDXF
350
2E
  3
WRITTEN_BY_EZDXF
350
79
  0
DICTIONARYVAR
  5
2E
330
2D
100
DictionaryVariables
280
0
  1
1.4.4 @ 2026-07-20T15:30:43.123261+00:00
  0
DICTIONARYVAR
  5
79
330
2D
100
DictionaryVariables
280
0
  1
1.4.4 @ 2026-07-20T15:30:43.137424+00:00
  0
ENDSEC
  0
EOF
