  0
SECTION
  2
HEADER
  9
$ACADVER
  1
AC1027
  9
$ACADMAINTVER
 70
105
  9
$DWGCODEPAGE
  3
ANSI_1252
  9
$LASTSAVEDBY
  1
ezdxf
  9
$REQUIREDVERSIONS
160
0
  9
$INSBASE
 10
0.0
 20
0.0
 30
0.0
  9
$EXTMIN
 10
1e+20
 20
1e+20
 30
1e+20
  9
$EXTMAX
 10
-1e+20
 20
-1e+20
 30
-1e+20
  9
$LIMMIN
 10
0.0
 20
0.0
  9
$LIMMAX
 10
420.0
 20
297.0
  9
$ORTHOMODE
 70
0
  9
$REGENMODE
 70
1
  9
$FILLMODE
 70
1
  9
$QTEXTMODE
 70
0
  9
$MIRRTEXT
 70
1
  9
$LTSCALE
 40
1.0
  9
$ATTMODE
 70
1
  9
$TEXTSIZE
 40
2.5
  9
$TRACEWID
 40
1.0
  9
$TEXTSTYLE
  7
Standard
  9
$CLAYER
  8
0
  9
$CELTYPE
  6
ByLayer
  9
$CECOLOR
 62
256
  9
$CELTSCALE
 40
1.0
  9
$DISPSILH
 70
0
  9
$DIMSCALE
 40
1.0
  9
$DIMASZ
 40
2.5
  9
$DIMEXO
 40
0.625
  9
$DIMDLI
 40
3.75
  9
$DIMRND
 40
0.0
  9
$DIMDLE
 40
0.0
  9
$DIMEXE
 40
1.25
  9
$DIMTP
 40
0.0
  9
$DIMTM
 40
0.0
  9
$DIMTXT
 40
2.5
  9
$DIMCEN
 40
2.5
  9
$DIMTSZ
 40
0.0
  9
$DIMTOL
 70
0
  9
$DIMLIM
 70
0
  9
$DIMTIH
 70
0
  9
$DIMTOH
 70
0
  9
$DIMSE1
 70
0
  9
$DIMSE2
 70
0
  9
$DIMTAD
 70
1
  9
$DIMZIN
 70
8
  9
$DIMBLK
  1

  9
$DIMASO
 70
1
  9
$DIMSHO
 70
1
  9
$DIMPOST
  1

  9
$DIMAPOST
  1

  9
$DIMALT
 70
0
  9
$DIMALTD
 70
3
  9
$DIMALTF
 40
0.03937007874
  9
$DIMLFAC
 40
1.0
  9
$DIMTOFL
 70
1
  9
$DIMTVP
 40
0.0
  9
$DIMTIX
 70
0
  9
$DIMSOXD
 70
0
  9
$DIMSAH
 70
0
  9
$DIMBLK1
  1

  9
$DIMBLK2
  1

  9
$DIMSTYLE
  2
ISO-25
  9
$DIMCLRD
 70
0
  9
$DIMCLRE
 70
0
  9
$DIMCLRT
 70
0
  9
$DIMTFAC
 40
1.0
  9
$DIMGAP
 40
0.625
  9
$DIMJUST
 70
0
  9
$DIMSD1
 70
0
  9
$DIMSD2
 70
0
  9
$DIMTOLJ
 70
0
  9
$DIMTZIN
 70
8
  9
$DIMALTZ
 70
0
  9
$DIMALTTZ
 70
0
  9
$DIMUPT
 70
0
  9
$DIMDEC
 70
2
  9
$DIMTDEC
 70
2
  9
$DIMALTU
 70
2
  9
$DIMALTTD
 70
3
  9
$DIMTXSTY
  7
Standard
  9
$DIMAUNIT
 70
0
  9
$DIMADEC
 70
0
  9
$DIMALTRND
 40
0.0
  9
$DIMAZIN
 70
0
  9
$DIMDSEP
 70
44
  9
$DIMATFIT
 70
3
  9
$DIMFRAC
 70
0
  9
$DIMLDRBLK
  1

  9
$DIMLUNIT
 70
2
  9
$DIMLWD
 70
-2
  9
$DIMLWE
 70
-2
  9
$DIMTMOVE
 70
0
  9
$DIMFXL
 40
1.0
  9
$DIMFXLON
 70
0
  9
$DIMJOGANG
 40
0.785398163397
  9
$DIMTFILL
 70
0
  9
$DIMTFILLCLR
 70
0
  9
$DIMARCSYM
 70
0
  9
$DIMLTYPE
  6

  9
$DIMLTEX1
  6

  9
$DIMLTEX2
  6

  9
$DIMTXTDIRECTION
 70
0
  9
$LUNITS
 70
2
  9
$LUPREC
 70
4
  9
$SKETCHINC
 40
1.0
  9
$FILLETRAD
 40
10.0
  9
$AUNITS
 70
0
  9
$AUPREC
 70
2
  9
$MENU
  1
.
  9
$ELEVATION
 40
0.0
  9
$PELEVATION
 40
0.0
  9
$THICKNESS
 40
0.0
  9
$LIMCHECK
 70
0
  9
$CHAMFERA
 40
0.0
  9
$CHAMFERB
 40
0.0
  9
$CHAMFERC
 40
0.0
  9
$CHAMFERD
 40
0.0
  9
$SKPOLY
 70
0
  9
$TDCREATE
 40
2461246.4934259257
  9
$TDUCREATE
 40
2458532.153996898
  9
$TDUPDATE
 40
2461246.4934259257
  9
$TDUUPDATE
 40
2458532.1544311
  9
$TDINDWG
 40
0.0
  9
$TDUSRTIMER
 40
0.0
  9
$USRTIMER
 70
1
  9
$ANGBASE
 50
0.0
  9
$ANGDIR
 70
0
  9
$PDMODE
 70
0
  9
$PDSIZE
 40
0.0
  9
$PLINEWID
 40
0.0
  9
$SPLFRAME
 70
0
  9
$SPLINETYPE
 70
6
  9
$SPLINESEGS
 70
8
  9
$HANDSEED
  5
100
  9
$SURFTAB1
 70
6
  9
$SURFTAB2
 70
6
  9
$SURFTYPE
 70
6
  9
$SURFU
 70
6
  9
$SURFV
 70
6
  9
$UCSBASE
  2

  9
$UCSNAME
  2

  9
$UCSORG
 10
0.0
 20
0.0
 30
0.0
  9
$UCSXDIR
 10
1.0
 20
0.0
 30
0.0
  9
$UCSYDIR
 10
0.0
 20
1.0
 30
0.0
  9
$UCSORTHOREF
  2

  9
$UCSORTHOVIEW
 70
0
  9
$UCSORGTOP
 10
0.0
 20
0.0
 30
0.0
  9
$UCSORGBOTTOM
 10
0.0
 20
0.0
 30
0.0
  9
$UCSORGLEFT
 10
0.0
 20
0.0
 30
0.0
  9
$UCSORGRIGHT
 10
0.0
 20
0.0
 30
0.0
  9
$UCSORGFRONT
 10
0.0
 20
0.0
 30
0.0
  9
$UCSORGBACK
 10
0.0
 20
0.0
 30
0.0
  9
$PUCSBASE
  2

  9
$PUCSNAME
  2

  9
$PUCSORG
 10
0.0
 20
0.0
 30
0.0
  9
$PUCSXDIR
 10
1.0
 20
0.0
 30
0.0
  9
$PUCSYDIR
 10
0.0
 20
1.0
 30
0.0
  9
$PUCSORTHOREF
  2

  9
$PUCSORTHOVIEW
 70
0
  9
$PUCSORGTOP
 10
0.0
 20
0.0
 30
0.0
  9
$PUCSORGBOTTOM
 10
0.0
 20
0.0
 30
0.0
  9
$PUCSORGLEFT
 10
0.0
 20
0.0
 30
0.0
  9
$PUCSORGRIGHT
 10
0.0
 20
0.0
 30
0.0
  9
$PUCSORGFRONT
 10
0.0
 20
0.0
 30
0.0
  9
$PUCSORGBACK
 10
0.0
 20
0.0
 30
0.0
  9
$USERI1
 70
0
  9
$USERI2
 70
0
  9
$USERI3
 70
0
  9
$USERI4
 70
0
  9
$USERI5
 70
0
  9
$USERR1
 40
0.0
  9
$USERR2
 40
0.0
  9
$USERR3
 40
0.0
  9
$USERR4
 40
0.0
  9
$USERR5
 40
0.0
  9
$WORLDVIEW
 70
1
  9
$SHADEDGE
 70
3
  9
$SHADEDIF
 70
70
  9
$TILEMODE
 70
1
  9
$MAXACTVP
 70
64
  9
$PINSBASE
 10
0.0
 20
0.0
 30
0.0
  9
$PLIMCHECK
 70
0
  9
$PEXTMIN
 10
1e+20
 20
1e+20
 30
1e+20
  9
$PEXTMAX
 10
-1e+20
 20
-1e+20
 30
-1e+20
  9
$PLIMMIN
 10
0.0
 20
0.0
  9
$PLIMMAX
 10
420.0
 20
297.0
  9
$UNITMODE
 70
0
  9
$VISRETAIN
 70
1
  9
$PLINEGEN
 70
0
  9
$PSLTSCALE
 70
1
  9
$TREEDEPTH
 70
3020
  9
$CMLSTYLE
  2
Standard
  9
$CMLJUST
 70
0
  9
$CMLSCALE
 40
20.0
  9
$PROXYGRAPHICS
 70
1
  9
$MEASUREMENT
 70
1
  9
$CELWEIGHT
370
-1
  9
$ENDCAPS
280
0
  9
$JOINSTYLE
280
0
  9
$LWDISPLAY
290
0
  9
$INSUNITS
 70
4
  9
$HYPERLINKBASE
  1

  9
$STYLESHEET
  1

  9
$XEDIT
290
1
  9
$CEPSNTYPE
380
0
  9
$PSTYLEMODE
290
1
  9
$FINGERPRINTGUID
  2
{7E6CA645-3988-455A-A946-ABE3D8AE2701}
  9
$VERSIONGUID
  2
{3A884C62-E390-4949-81CA-3FFFC24C1963}
  9
$EXTNAMES
290
1
  9
$PSVPSCALE
 40
0.0
  9
$OLESTARTUP
290
0
  9
$SORTENTS
280
127
  9
$INDEXCTL
280
0
  9
$HIDETEXT
280
1
  9
$XCLIPFRAME
280
1
  9
$HALOGAP
280
0
  9
$OBSCOLOR
 70
257
  9
$OBSLTYPE
280
0
  9
$INTERSECTIONDISPLAY
280
0
  9
$INTERSECTIONCOLOR
 70
257
  9
$DIMASSOC
280
2
  9
$PROJECTNAME
  1

  9
$CAMERADISPLAY
290
0
  9
$LENSLENGTH
 40
50.0
  9
$CAMERAHEIGHT
 40
0.0
  9
$STEPSPERSEC
 40
24.0
  9
$STEPSIZE
 40
100.0
  9
$3DDWFPREC
 40
2.0
  9
$PSOLWIDTH
 40
0.005
  9
$PSOLHEIGHT
 40
0.08
  9
$LOFTANG1
 40
1.570796326795
  9
$LOFTANG2
 40
1.570796326795
  9
$LOFTMAG1
 40
0.0
  9
$LOFTMAG2
 40
0.0
  9
$LOFTPARAM
 70
7
  9
$LOFTNORMALS
280
1
  9
$LATITUDE
 40
37.795
  9
$LONGITUDE
 40
-122.394
  9
$NORTHDIRECTION
 40
0.0
  9
$TIMEZONE
 70
-8000
  9
$LIGHTGLYPHDISPLAY
280
1
  9
$TILEMODELIGHTSYNCH
280
1
  9
$CMATERIAL
347
20
  9
$SOLIDHIST
280
0
  9
$SHOWHIST
280
1
  9
$DWFFRAME
280
2
  9
$DGNFRAME
280
2
  9
$REALWORLDSCALE
290
1
  9
$INTERFERECOLOR
 62
256
  9
$CSHADOW
280
0
  9
$SHADOWPLANELOCATION
 40
0.0
  0
ENDSEC
  0
SECTION
  2
CLASSES
  0
CLASS
  1
ACDBDICTIONARYWDFLT
  2
AcDbDictionaryWithDefault
  3
ObjectDBX Classes
 90
0
 91
0
280
0
281
0
  0
CLASS
  1
SUN
  2
AcDbSun
  3
SCENEOE
 90
1153
 91
0
280
0
281
0
  0
CLASS
  1
VISUALSTYLE
  2
AcDbVisualStyle
  3
ObjectDBX Classes
 90
4095
 91
0
280
0
281
0
  0
CLASS
  1
MATERIAL
  2
AcDbMaterial
  3
ObjectDBX Classes
 90
1153
 91
0
280
0
281
0
  0
CLASS
  1
SCALE
  2
AcDbScale
  3
ObjectDBX Classes
 90
1153
 91
0
280
0
281
0
  0
CLASS
  1
TABLESTYLE
  2
AcDbTableStyle
  3
ObjectDBX Classes
 90
4095
 91
0
280
0
281
0
  0
CLASS
  1
MLEADERSTYLE
  2
AcDbMLeaderStyle
  3
ACDB_MLEADERSTYLE_CLASS
 90
4095
 91
0
280
0
281
0
  0
CLASS
  1
DICTIONARYVAR
  2
AcDbDictionaryVar
  3
ObjectDBX Classes
 90
0
 91
0
280
0
281
0
  0
CLASS
  1
CELLSTYLEMAP
  2
AcDbCellStyleMap
  3
ObjectDBX Classes
 90
1152
 91
0
280
0
281
0
  0
CLASS
  1
MENTALRAYRENDERSETTINGS
  2
AcDbMentalRayRenderSettings
  3
SCENEOE
 90
1024
 91
0
280
0
281
0
  0
CLASS
  1
ACDBDETAILVIEWSTYLE
  2
AcDbDetailViewStyle
  3
ObjectDBX Classes
 90
1025
 91
0
280
0
281
0
  0
CLASS
  1
ACDBSECTIONVIEWSTYLE
  2
AcDbSectionViewStyle
  3
ObjectDBX Classes
 90
1025
 91
0
280
0
281
0
  0
CLASS
  1
RASTERVARIABLES
  2
AcDbRasterVariables
  3
ISM
 90
0
 91
0
280
0
281
0
  0
CLASS
  1
LAYOUT
  2
AcDbLayout
  3
ObjectDBX Classes
 90
0
 91
0
280
0
281
0
  0
CLASS
  1
ACDBPLACEHOLDER
  2
AcDbPlaceHolder
  3
ObjectDBX Classes
 90
0
 91
0
280
0
281
0
  0
ENDSEC
  0
SECTION
  2
TABLES
  0
TABLE
  2
VPORT
  5
8
330
0
100
AcDbSymbolTable
 70
1
  0
VPORT
  5
23
330
8
100
AcDbSymbolTableRecord
100
AcDbViewportTableRecord
  2
*Active
 70
0
 10
0.0
 20
0.0
 11
1.0
 21
1.0
 12
0.0
 22
0.0
 13
0.0
 23
0.0
 14
0.5
 24
0.5
 15
0.5
 25
0.5
 16
0.0
 26
0.0
 36
1.0
 17
0.0
 27
0.0
 37
0.0
 40
1000.0
 41
1.34
 42
50.0
 43
0.0
 44
0.0
 50
0.0
 51
0.0
 71
0
 72
1000
 73
1
 74
3
 75
0
 76
0
 77
0
 78
0
281
0
 65
0
146
0.0
  0
ENDTAB
  0
TABLE
  2
LTYPE
  5
2
330
0
100
AcDbSymbolTable
 70
3
  0
LTYPE
  5
24
330
2
100
AcDbSymbolTableRecord
100
AcDbLinetypeTableRecord
  2
ByBlock
 70
0
  3

 72
65
 73
0
 40
0.0
  0
LTYPE
  5
25
330
2
100
AcDbSymbolTableRecord
100
AcDbLinetypeTableRecord
  2
ByLayer
 70
0
  3

 72
65
 73
0
 40
0.0
  0
LTYPE
  5
26
330
2
100
AcDbSymbolTableRecord
100
AcDbLinetypeTableRecord
  2
Continuous
 70
0
  3

 72
65
 73
0
 40
0.0
  0
ENDTAB
  0
TABLE
  2
LAYER
  5
1
330
0
100
AcDbSymbolTable
 70
3
  0
LAYER
  5
27
330
1
100
AcDbSymbolTableRecord
100
AcDbLayerTableRecord
  2
0
 70
0
 62
7
  6
Continuous
370
-3
390
13
347
21
  0
LAYER
  5
28
330
1
100
AcDbSymbolTableRecord
100
AcDbLayerTableRecord
  2
Defpoints
 70
0
 62
7
  6
Continuous
290
0
370
-3
390
13
347
21
  0
LAYER
  5
2F
330
1
100
AcDbSymbolTableRecord
100
AcDbLayerTableRecord
  2
K
 70
0
 62
7
  6
Continuous
370
-3
390
13
347
21
  0
ENDTAB
  0
TABLE
  2
STYLE
  5
5
330
0
100
AcDbSymbolTable
 70
1
  0
STYLE
  5
29
330
5
100
AcDbSymbolTableRecord
100
AcDbTextStyleTableRecord
  2
Standard
 70
0
 40
0.0
 41
1.0
 50
0.0
 71
0
 42
2.5
  3
txt
  4

  0
ENDTAB
  0
TABLE
  2
VIEW
  5
7
330
0
100
AcDbSymbolTable
 70
0
  0
ENDTAB
  0
TABLE
  2
UCS
  5
6
330
0
100
AcDbSymbolTable
 70
0
  0
ENDTAB
  0
TABLE
  2
APPID
  5
3
330
0
100
AcDbSymbolTable
 70
3
  0
APPID
  5
2A
330
3
100
AcDbSymbolTableRecord
100
AcDbRegAppTableRecord
  2
ACAD
 70
0
  0
APPID
  5
FD
330
3
100
AcDbSymbolTableRecord
100
AcDbRegAppTableRecord
  2
HATCHBACKGROUNDCOLOR
 70
0
  0
APPID
  5
FE
330
3
100
AcDbSymbolTableRecord
100
AcDbRegAppTableRecord
  2
EZDXF
 70
0
  0
ENDTAB
  0
TABLE
  2
DIMSTYLE
  5
4
330
0
100
AcDbSymbolTable
 70
1
100
AcDbDimStyleTable
  0
DIMSTYLE
105
2B
330
4
100
AcDbSymbolTableRecord
100
AcDbDimStyleTableRecord
  2
Standard
 70
0
 40
1.0
 41
2.5
 42
0.625
 43
3.75
 44
1.25
 45
0.0
 46
0.0
 47
0.0
 48
0.0
 49
2.5
140
2.5
141
2.5
142
0.0
143
0.03937007874
144
1.0
145
0.0
146
1.0
147
0.625
148
0.0
 69
0
 70
0
 71
0
 72
0
 73
0
 74
0
 75
0
 76
0
 77
1
 78
8
 79
3
170
0
171
3
172
1
173
0
174
0
175
0
176
0
177
0
178
0
179
2
271
2
272
2
273
2
274
3
275
0
276
0
277
2
278
44
279
0
280
0
281
0
282
0
283
0
284
8
285
0
286
0
288
0
289
3
290
0
371
-2
372
-2
  0
ENDTAB
  0
TABLE
  2
BLOCK_RECORD
  5
9
330
0
100
AcDbSymbolTable
 70
2
  0
BLOCK_RECORD
  5
17
330
9
100
AcDbSymbolTableRecord
100
AcDbBlockTableRecord
  2
*Model_Space
340
1A
 70
0
280
1
281
0
  0
BLOCK_RECORD
  5
1B
330
9
100
AcDbSymbolTableRecord
100
AcDbBlockTableRecord
  2
*Paper_Space
340
1E
 70
0
280
1
281
0
  0
ENDTAB
  0
ENDSEC
  0
SECTION
  2
BLOCKS
  0
BLOCK
  5
18
330
17
100
AcDbEntity
  8
0
100
AcDbBlockBegin
  2
*Model_Space
 70
0
 10
0.0
 20
0.0
 30
0.0
  3
*Model_Space
  1

  0
ENDBLK
  5
19
330
17
100
AcDbEntity
  8
0
100
AcDbBlockEnd
  0
BLOCK
  5
1C
330
1B
100
AcDbEntity
  8
0
100
AcDbBlockBegin
  2
*Paper_Space
 70
0
 10
0.0
 20
0.0
 30
0.0
  3
*Paper_Space
  1

  0
ENDBLK
  5
1D
330
1B
100
AcDbEntity
  8
0
100
AcDbBlockEnd
  0
ENDSEC
  0
SECTION
  2
ENTITIES
  0
LWPOLYLINE
  5
30
330
17
100
AcDbEntity
  8
K
100
AcDbPolyline
 90
19
 70
1
 10
757.1959345636109
 20
389.2820849200541
 10
749.6310698632722
 20
385.73605459176997
 10
746.6749883688655
 20
386.6598300587721
 10
744.7648144364231
 20
402.77692261375483
 10
740.952380952381
 20
409.92523539633373
 10
740.952380952381
 20
417.1464786401037
 10
747.7119539565161
 20
421.67297841965853
 10
760.1999999999999
 20
415.3689167150153
 10
760.1999999999999
 20
404.63641574043794
 10
762.9966876051393
 20
402.01452111061974
 10
774.4252590337109
 20
402.01452111061974
 10
777.3428571428572
 20
399.2792728832949
 10
777.3428571428572
 20
393.92213002615205
 10
779.2938304622821
 20
392.0930925391911
 10
771.6285714285715
 20
384.90691219508733
 10
771.6285714285715
 20
375.9216639677626
 10
767.6903679964064
 20
375.9216639677626
 10
761.9273432987721
 20
379.52355440378415
 10
757.1959345636109
 20
389.2820849200541
  0
LWPOLYLINE
  5
31
330
17
100
AcDbEntity
  8
K
100
AcDbPolyline
 90
153
 70
1
 10
696.2262368681626
 20
546.4573782534768
 10
692.4547572726115
 20
546.4573782534768
 10
687.6257243793611
 20
549.17370925593
 10
686.6778186357365
 20
557.1716639677627
 10
675.3603698653894
 20
557.1716639677627
 10
667.7001093294814
 20
553.5809168415559
 10
664.7619047619048
 20
556.3354836236588
 10
664.7619047619048
 20
559.9069121950873
 10
651.4424777500861
 20
572.3938750186674
 10
649.5421365904917
 20
577.7385845300264
 10
644.7973793959485
 20
580.4075104519567
 10
637.1967303005562
 20
589.3145211106198
 10
635.2985504900987
 20
589.3145211106198
 10
622.8710491786576
 20
600.9653035900958
 10
621.927270001935
 20
603.6196825246284
 10
616.2457377843987
 20
605.3951613426086
 10
608.6022480919353
 20
610.7694900326218
 10
602.8896975102866
 20
617.9101782596827
 10
591.4840725592346
 20
625.0386938540901
 10
581.9409990690414
 20
628.6173464129126
 10
578.1253107902746
 20
633.9831580549284
 10
572.4330577722701
 20
637.5408161911812
 10
557.2205825155629
 20
644.6716639677627
 10
553.3733333333332
 20
644.6716639677627
 10
551.4559963043362
 20
648.2666708971324
 10
532.4500240153756
 20
657.1757204075826
 10
522.8915088593507
 20
658.9679419993374
 10
520.9845744325615
 20
662.5434440495669
 10
494.33561599095276
 20
669.6815579178549
 10
492.4359279527343
 20
671.4625154536848
 10
479.0835164835164
 20
673.2507848468834
 10
477.1828571428571
 20
676.8145211106197
 10
467.7009141608701
 20
676.8145211106197
 10
458.17710463706055
 20
680.3859496820482
 10
446.72712191867015
 20
680.3859496820482
 10
444.8223600139083
 20
682.1716639677627
 10
431.48902668057497
 20
682.1716639677627
 10
429.5842647758131
 20
683.9573782534768
 10
359.1871637956155
 20
683.9573782534768
 10
357.28518652768804
 20
682.174274564795
 10
330.59753893198285
 20
680.3871553061539
 10
321.07051441055853
 20
676.8145211106197
 10
309.5921721460843
 20
676.8145211106197
 10
301.9792531741394
 20
682.1673547627686
 10
288.637660250265
 20
680.3805342818923
 10
286.7271219186702
 20
682.1716639677627
 10
282.9966876051393
 20
682.1716639677627
 10
281.09192570037743
 20
680.3859496820482
 10
277.2824018908536
 20
680.3859496820482
 10
273.4674933139384
 20
676.8094728911904
 10
244.9405582200652
 20
680.3753397779243
 10
242.09409997474833
 20
667.0325667530013
 10
235.36848514879145
 20
662.5288068249055
 10
227.7941021898958
 20
662.5288068249055
 10
224.94651879280866
 20
652.7402388974185
 10
215.42647420556412
 20
647.3852138170936
 10
214.46062006529667
 20
642.8577725345898
 10
208.61243228919184
 20
644.6853312146227
 10
202.90908037239413
 20
651.8145211106198
 10
197.29091962760586
 20
651.8145211106198
 10
191.57663391332017
 20
644.6716639677627
 10
187.7585923670441
 20
644.6716639677627
 10
184.9446650149564
 20
642.0336070751803
 10
182.0690012270756
 20
635.743092539191
 10
180.06045525200355
 20
635.743092539191
 10
178.15569334724162
 20
637.5288068249056
 10
168.64915394413444
 20
637.5288068249056
 10
164.77447204896686
 20
639.345063963265
 10
163.80315448708438
 20
643.8981150345894
 10
166.69803211173965
 20
648.4213613231133
 10
178.13416578942366
 20
653.7820489845277
 10
187.6565326846965
 20
664.4947117417096
 10
196.19047619047623
 20
668.9394739843032
 10
196.19047619047623
 20
670.6211979093729
 10
193.39378858533686
 20
673.2430925391911
 10
189.56380952380948
 20
673.2430925391911
 10
187.64338743036816
 20
676.8438839643936
 10
181.9760822821207
 20
680.3859496820482
 10
168.71097331942505
 20
680.3859496820482
 10
166.68015934981236
 20
678.4820615855364
 10
165.71696498282463
 20
693.8329718094035
 10
159.93680130214562
 20
699.2518752600399
 10
165.74219450165123
 20
702.8802460097311
 10
168.61670199479138
 20
707.3716639677626
 10
172.44931500322718
 20
707.3716639677626
 10
180.0529295713632
 20
712.7179554609831
 10
189.56004668808896
 20
716.2831243797552
 10
193.38173833162426
 20
721.6573782534768
 10
595.3896902398044
 20
721.6573782534768
 10
599.2121168387606
 20
716.2820908486946
 10
605.9142857142857
 20
713.5892551397783
 10
605.9142857142857
 20
709.9935585975807
 10
607.823328538305
 20
708.2038309500625
 10
606.8303117564938
 20
697.9633453876331
 10
603.8321153362195
 20
704.521900056983
 10
599.1769883035995
 20
707.1404090128318
 10
595.4096478637882
 20
701.842586519347
 10
587.7506849967727
 20
696.457378253477
 10
578.1556933472416
 20
696.457378253477
 10
576.26463290255
 20
698.2302474203751
 10
570.5503471882643
 20
696.444533134661
 10
568.6318838234321
 20
698.243092539191
 10
555.387622655071
 20
698.243092539191
 10
550.6761904761904
 20
692.0593378044106
 10
550.6761904761904
 20
686.6926264808017
 10
548.8176399860916
 20
684.950235396334
 10
551.5756788585996
 20
682.364573953358
 10
561.0391259385623
 20
680.5901776258648
 10
564.8569139265452
 20
682.379765745232
 10
577.3588617512627
 20
677.8718518661268
 10
575.429355181563
 20
668.8272898206599
 10
573.5385843693035
 20
667.0546921841664
 10
574.4745623166446
 20
659.1573782534768
 10
591.4769764268624
 20
659.1573782534768
 10
595.286500236386
 20
664.5145211106197
 10
597.2824018908536
 20
664.5145211106197
 10
599.1871637956156
 20
662.7288068249054
 10
603.017142857143
 20
662.7288068249054
 10
604.9275387596971
 20
659.1468145076163
 10
609.7238095238096
 20
658.2475137393454
 10
609.7238095238096
 20
649.2040192108949
 10
605.9142857142857
 20
643.846876353752
 10
605.9142857142857
 20
640.3278201301256
 10
609.6921968583771
 20
631.4733408861618
 10
620.1869907477649
 20
630.5788982251345
 10
621.1460257744336
 20
624.2852308626207
 10
628.7957212652051
 20
617.1136413400224
 10
626.8666666666667
 20
613.4966639677625
 10
626.8666666666667
 20
604.6832169434579
 10
635.3112103324587
 20
603.8035769782714
 10
642.9582014345667
 20
609.1803675969411
 10
651.5992745919054
 20
602.8795850863819
 10
656.3400036074519
 20
596.6573782534768
 10
661.9652171567653
 20
596.6573782534768
 10
663.9030451928894
 20
598.4740920373431
 10
674.4857142857143
 20
590.356703812733
 10
674.4857142857143
 20
586.6926264808016
 10
670.6872804562956
 20
583.1315947657217
 10
673.5117029823867
 20
571.657378253477
 10
684.8019047619048
 20
571.657378253477
 10
686.7066666666666
 20
575.2288068249055
 10
688.7314285714286
 20
575.2288068249055
 10
690.6495238095239
 20
571.6323782534768
 10
703.0571428571428
 20
565.3689167150152
 10
703.0571428571428
 20
561.7995159135924
 10
706.8469045831946
 20
560.0230651045056
 10
707.78962498737
 20
557.3716639677627
 10
711.5589613392675
 20
557.3716639677627
 10
718.2845761652245
 20
552.8679040396663
 10
720.2095771005329
 20
543.8444621554085
 10
715.3752899856636
 20
539.3123179852186
 10
699.0817896202379
 20
540.2108566083118
 10
696.2262368681626
 20
546.4573782534768
  0
LWPOLYLINE
  5
32
330
17
100
AcDbEntity
  8
K
100
AcDbPolyline
 90
65
 70
1
 10
516.1671013881349
 20
347.4017426131556
 10
518.0790855486639
 20
352.77919806464365
 10
516.1904761904761
 20
354.5497693379443
 10
516.1904761904761
 20
359.9069121950874
 10
513.3937885853368
 20
362.5288068249054
 10
503.87693698963477
 20
362.5288068249054
 10
495.23809523809524
 20
368.82796226873637
 10
495.23809523809524
 20
372.5138016278781
 10
499.07504392338376
 20
374.3123713241071
 10
500.94560684261967
 20
377.8196767976748
 10
499.06389243992896
 20
384.8761058077653
 10
492.4616143528245
 20
387.52880682490553
 10
486.7150716649576
 20
387.52880682490553
 10
482.9055478554338
 20
392.88594968204836
 10
477.2824018908536
 20
392.88594968204836
 10
475.3639385260214
 20
391.0873902775182
 10
472.3809523809524
 20
392.0195734478521
 10
472.3809523809524
 20
424.27927288329505
 10
474.28571428571433
 20
426.0649871690093
 10
474.28571428571433
 20
433.1895211106199
 10
478.09523809523813
 20
440.33237825347703
 10
478.09523809523813
 20
443.9107372960588
 10
485.7142857142857
 20
454.6250230103445
 10
485.7142857142857
 20
458.2118309831468
 10
500.97670040875994
 20
470.7317805372079
 10
503.8359060701402
 20
475.1992893831144
 10
511.4969340508463
 20
480.58594968204824
 10
515.2985504900987
 20
480.58594968204824
 10
517.2991178424636
 20
482.46148157489034
 10
520.1878393342555
 20
470.7260505144865
 10
526.8052605349064
 20
466.2947416747648
 10
536.2772211766576
 20
464.51874905443634
 10
540.1
 20
466.3106766278781
 10
547.7413222463418
 20
462.72880682490546
 10
557.2033123948606
 20
462.72880682490546
 10
559.1080742996226
 20
464.51452111061974
 10
576.2509314424798
 20
464.51452111061974
 10
578.1952380952381
 20
466.3373085975807
 10
585.8538304622822
 20
459.1573782534769
 10
587.7999645234211
 20
459.1573782534769
 10
588.7649120055155
 20
454.63418693116
 10
596.383959624563
 20
443.9199012168743
 10
598.2864980387059
 20
435.0017524005797
 10
600.1999999999999
 20
433.20784431186644
 10
600.1999999999999
 20
427.8507014547236
 10
602.104761904762
 20
426.0649871690093
 10
602.104761904762
 20
417.1364157404377
 10
604.0095238095238
 20
415.35070145472366
 10
604.0095238095238
 20
397.4069121950873
 10
602.104761904762
 20
395.621197909373
 10
602.104761904762
 20
388.4783407665159
 10
600.1999999999999
 20
386.6926264808016
 10
600.1999999999999
 20
379.568092539191
 10
596.3904761904762
 20
372.4252353963339
 10
596.3904761904762
 20
368.84954654890976
 10
590.648281688825
 20
359.87736764007985
 10
584.9619047619047
 20
356.32338206075485
 10
584.9619047619047
 20
354.5527082617223
 10
566.8229333637724
 20
335.7573925037892
 10
547.7345030364705
 20
328.59923113105117
 10
531.4002567263201
 20
329.50001677315487
 10
533.3138969883541
 20
336.6761677557831
 10
526.6955770379742
 20
339.3353141644181
 10
524.7882435873062
 20
342.91156438442084
 10
516.1671013881349
 20
347.4017426131556
  0
LWPOLYLINE
  5
33
330
17
100
AcDbEntity
  8
K
100
AcDbPolyline
 90
38
 70
1
 10
507.7148842087227
 20
130.3735568519142
 10
503.9317984368182
 20
128.60023539633403
 10
490.53664572819406
 20
128.60023539633403
 10
488.63188382343213
 20
130.3859496820483
 10
484.9014495099012
 20
130.3859496820483
 10
482.9966876051393
 20
128.60023539633403
 10
477.208921598938
 20
128.60023539633403
 10
466.6788093900296
 20
136.67731010203076
 10
464.74215303670013
 20
143.9397714270163
 10
480.9883132578472
 20
150.21126710062094
 10
484.79700660158124
 20
155.56724211524687
 10
501.942668177639
 20
162.71126777193757
 10
507.73013815287237
 20
169.94560524097923
 10
515.39635523533
 20
157.36821784007216
 10
543.9782692260366
 20
155.58184821565303
 10
548.7556900948339
 20
143.93688484795973
 10
551.5434637304414
 20
141.32334706457772
 10
556.1904761904763
 20
143.93729157334724
 10
556.1904761904763
 20
149.2995159135926
 10
560.0
 20
151.08523019930686
 10
560.0
 20
158.2078443118664
 10
562.9257379037907
 20
160.9507235966703
 10
572.517940119067
 20
159.15218568130607
 10
578.2020801821926
 20
155.59959814185254
 10
589.6128138027648
 20
160.94837952649564
 10
597.2917294430343
 20
159.14863367330756
 10
600.2321082335574
 20
156.39202855719202
 10
592.5534178608054
 20
145.5938702205095
 10
583.0571428571428
 20
138.47166396776257
 10
583.0571428571428
 20
136.69489169738125
 10
559.1894047114877
 20
112.5288068249054
 10
555.3776399860918
 20
112.5288068249054
 10
551.5285714285715
 20
108.92030505223016
 10
545.7747409662892
 20
114.3145211106198
 10
517.1881305662198
 20
114.3145211106198
 10
514.2917022174727
 20
118.8401904055374
 10
512.3925734134835
 20
127.74235667423628
 10
507.7148842087227
 20
130.3735568519142
  0
LWPOLYLINE
  5
34
330
17
100
AcDbEntity
  8
K
100
AcDbPolyline
 90
75
 70
1
 10
239.77996167315044
 20
104.67027254638816
 10
252.51741528314088
 20
105.58883891249316
 10
257.3341170863249
 20
101.07318097200823
 10
258.2560780575499
 20
96.7514889193909
 10
260.0604552520035
 20
98.44309253919114
 10
267.6795028710511
 20
98.44309253919114
 10
270.4835512137148
 20
101.07188786043831
 10
272.38831311847673
 20
111.78617357472409
 10
274.2536060521569
 20
113.53488570004922
 10
270.4761904761905
 20
118.84687635375202
 10
270.4761904761905
 20
124.18256358113578
 10
263.8791338988278
 20
128.60023539633403
 10
252.44140763295587
 20
128.60023539633403
 10
250.536645728194
 20
130.3859496820483
 10
246.67352525710507
 20
130.3859496820483
 10
245.71731597175517
 20
143.83264275728115
 10
242.93820456757666
 20
146.4380596986985
 10
235.36036986538963
 20
142.88594968204836
 10
229.58426477581307
 20
142.88594968204836
 10
223.90048568683653
 20
148.21449257796382
 10
216.28143806778894
 20
142.857349720821
 10
211.4252201601281
 20
147.410054009253
 10
213.32938877508445
 20
172.40226708055496
 10
204.82125504970165
 20
178.6061145886465
 10
200.00771906057548
 20
179.50865258660764
 10
199.05533810819455
 20
189.33008115803617
 10
175.23809523809524
 20
193.79581419617986
 10
175.23809523809524
 20
201.04666396776273
 10
177.16106413599064
 20
204.65223065131644
 10
193.3759492498638
 20
221.6420918919556
 10
200.02088274164527
 20
224.3119312413323
 10
200.9818035840586
 20
227.0145211106197
 10
220.16000000000008
 20
227.0145211106197
 10
222.07522854021758
 20
223.42346759771192
 10
231.58511219753842
 20
219.8572612262165
 10
247.79440528012952
 20
202.87325928306032
 10
253.5219226085146
 20
195.71386262257894
 10
255.4225748542207
 20
190.36827818153034
 10
266.83839392620365
 20
181.44966953154375
 10
271.5970513858512
 20
175.20393161575632
 10
283.0270701621064
 20
168.0601698805968
 10
286.8329218555832
 20
162.70819093664502
 10
305.8868608385209
 20
153.77665703839304
 10
307.7916227432828
 20
150.20522846696448
 10
319.16989367491345
 20
144.87166396776263
 10
324.890584384546
 20
144.87166396776263
 10
330.61317821430504
 20
141.29504282416318
 10
340.1656339977922
 20
139.5039573647594
 10
342.0694061043558
 20
135.93438466495266
 10
383.0825106144081
 20
129.67511726152904
 10
381.1370020985485
 20
122.37946032705582
 10
377.34285714285716
 20
120.60095487907552
 10
377.34285714285716
 20
117.04976933794453
 10
374.40877954623255
 20
114.29907159110897
 10
364.87302947923905
 20
117.87497786623157
 10
359.1762986702602
 20
114.3145211106198
 10
355.37763998609165
 20
114.3145211106198
 10
352.5809523809524
 20
111.69262648080169
 10
352.5809523809524
 20
102.74889350503503
 10
347.7536932716241
 20
100.03356025603793
 10
328.6497195205439
 20
96.45156517771036
 10
321.9216259559314
 20
100.95698497544193
 10
320.9818035840587
 20
103.600235396334
 10
311.5508460558658
 20
103.600235396334
 10
303.9253670381602
 20
100.02579210678452
 10
290.6699786048665
 20
101.80106734338634
 10
289.7209381318424
 20
84.89628391764425
 10
282.08831926995
 20
79.52959878037602
 10
281.0707273733743
 20
76.66762157125706
 10
279.0750439233838
 20
80.40952803998935
 10
267.66223275034906
 20
85.75928327734938
 10
263.8699790615273
 20
89.31452111061976
 10
260.04840499829083
 20
89.31452111061976
 10
256.22095101263176
 20
94.6968782779528
 10
239.77996167315044
 20
104.67027254638816
  0
LWPOLYLINE
  5
35
330
17
100
AcDbEntity
  8
K
100
AcDbPolyline
 90
35
 70
1
 10
233.39378858533686
 20
448.243092539191
 10
231.48902668057497
 20
450.02880682490553
 10
225.7221547865146
 20
450.02880682490553
 10
224.76539165248576
 20
461.6893575208819
 10
220.08510769813012
 20
466.0771237280904
 10
215.42385825580965
 20
463.455170916785
 10
213.522588859079
 20
456.3254106790452
 10
208.71097331942502
 20
451.8145211106198
 10
199.0770416792967
 20
451.8145211106198
 10
198.08152506549095
 20
454.6144115869483
 10
214.31990153046388
 20
473.4198843313103
 10
225.76978684494898
 20
480.5760626528636
 10
235.31996177991772
 20
484.15737825347685
 10
242.89714285714282
 20
484.15737825347685
 10
244.80190476190472
 20
487.7288068249054
 10
258.25523809523816
 20
487.7288068249054
 10
260.1600000000001
 20
484.15737825347685
 10
267.7435285650912
 20
484.15737825347685
 10
284.9268112028714
 20
475.20775187963307
 10
290.62425296093926
 20
468.0859496820483
 10
292.5204971289488
 20
468.0859496820483
 10
301.15238095238095
 20
459.9935585975806
 10
301.15238095238095
 20
456.42213002615205
 10
304.978057308479
 20
452.8355584423102
 10
303.9801011778461
 20
450.02880682490553
 10
294.3570346630731
 20
450.02880682490553
 10
288.68368357117
 20
453.57465125734495
 10
286.8062114146631
 20
451.8145211106198
 10
275.3776399860917
 20
451.8145211106198
 10
273.4728780813298
 20
450.02880682490553
 10
260.1286796226412
 20
450.02880682490553
 10
254.39683900304843
 20
446.44640643765996
 10
244.8662202401004
 20
450.0203884737656
 10
241.07465557967512
 20
448.243092539191
 10
233.39378858533686
 20
448.243092539191
  0
LWPOLYLINE
  5
36
330
17
100
AcDbEntity
  8
K
100
AcDbPolyline
 90
30
 70
1
 10
215.23809523809527
 20
359.9069121950874
 10
211.42857142857144
 20
363.478340766516
 10
211.42857142857144
 20
372.4935585975807
 10
215.2497244836777
 20
376.0758895867428
 10
218.12018352438994
 20
385.943092539191
 10
223.87693698963474
 20
385.943092539191
 10
232.3091952872165
 20
392.0916142145111
 10
224.7619047619048
 20
397.398302865121
 10
224.7619047619048
 20
400.9783407665158
 10
220.92334756148404
 20
404.5769881419105
 10
229.56146568508123
 20
418.074047710031
 10
237.3289913866959
 20
419.89456154634684
 10
238.29232842071977
 20
411.7664053217703
 10
242.10745686019806
 20
404.6130394977486
 10
240.20471674665728
 20
386.77485093330364
 10
242.10476190476192
 20
384.99355859758066
 10
242.10476190476192
 20
374.279272883295
 10
244.0095238095238
 20
372.4935585975807
 10
244.0095238095238
 20
359.9935585975808
 10
245.91428571428568
 20
358.2078443118665
 10
245.91428571428568
 20
352.7640550522303
 10
244.0095238095238
 20
350.97834076651577
 10
244.0095238095238
 20
343.81524059336135
 10
240.2
 20
342.02952630764725
 10
240.2
 20
334.9252353963338
 10
238.25244445813775
 20
331.2735687553422
 10
227.68140183880212
 20
332.17450988767195
 10
217.16481251941653
 20
340.24121192242796
 10
215.23809523809527
 20
343.8538068249052
 10
215.23809523809527
 20
359.9069121950874
  0
LWPOLYLINE
  5
37
330
17
100
AcDbEntity
  8
K
100
AcDbPolyline
 90
70
 70
1
 10
0.0
 20
522.4853135022702
 10
5.714285714285728
 20
529.6281706451273
 10
5.714285714285728
 20
533.1937813866158
 10
11.428571428571455
 20
542.1223528151869
 10
11.428571428571455
 20
545.6982758454002
 10
20.952380952380945
 20
558.1982758454004
 10
20.952380952380945
 20
561.791374446199
 10
26.69673936170319
 20
565.3815984520255
 10
30.47619047619049
 20
570.6964515817731
 10
30.47619047619049
 20
574.279272883295
 10
36.21478068134171
 20
579.6592012006242
 10
40.000000000000036
 20
584.9821658674875
 10
40.000000000000036
 20
588.5649871690094
 10
47.63859236704388
 20
595.7261675131131
 10
51.45212137895805
 20
602.876534410452
 10
58.195238095238075
 20
607.3920143543895
 10
64.94504071073531
 20
602.8720572457976
 10
65.8848630826081
 20
600.2288068249054
 10
71.46857142857138
 20
600.2288068249054
 10
73.36075820909794
 20
603.7766570383927
 10
77.22557686251868
 20
605.5882907821838
 10
94.37265207517581
 20
603.8021371141987
 10
103.89139035134632
 20
607.3716639677625
 10
153.47878787878787
 20
607.3716639677625
 10
162.14194985253363
 20
597.4451242061788
 10
125.9142857142857
 20
561.6941398592238
 10
125.9142857142857
 20
558.126066329829
 10
104.94732880269109
 20
534.8956311152781
 10
101.13836451148705
 20
525.9683710577689
 10
93.52411615964517
 20
517.0454237704539
 10
91.61978193315962
 20
509.9041704211335
 10
85.91428571428573
 20
502.77230014754093
 10
85.91428571428573
 20
499.1805249178977
 10
80.1756601886795
 20
495.59388396439374
 10
76.39047619047618
 20
488.49666396776246
 10
76.39047619047618
 20
484.92216121606134
 10
68.7714285714286
 20
472.42216121606117
 10
68.7714285714286
 20
467.0638322631956
 10
63.057142857142864
 20
458.135260834624
 10
63.057142857142864
 20
452.77544778232345
 10
59.24214094935487
 20
447.4106013494964
 10
57.33782562731393
 20
436.69882766301646
 10
54.45030723343963
 20
432.1870801725877
 10
51.62857142857141
 20
431.30528773356644
 10
51.62857142857141
 20
424.2109496820482
 10
47.819047619047595
 20
417.06809253919084
 10
47.819047619047595
 20
409.9297935196852
 10
44.009523809523834
 20
401.0012220911138
 10
44.009523809523834
 20
393.8354836236587
 10
42.10476190476192
 20
392.04976933794444
 10
42.10476190476192
 20
383.12119790937305
 10
40.20000000000002
 20
381.3354836236588
 10
40.20000000000002
 20
372.4069121950874
 10
38.295238095238105
 20
370.6211979093731
 10
38.295238095238105
 20
359.9069121950874
 10
36.39047619047619
 20
358.1211979093731
 10
36.39047619047619
 20
336.69262648080155
 10
34.48571428571429
 20
334.9069121950873
 10
34.48571428571429
 20
288.56498716900916
 10
36.39047619047619
 20
286.77927288329505
 10
36.39047619047619
 20
263.5649871690092
 10
38.295238095238105
 20
261.77927288329494
 10
38.295238095238105
 20
251.06498716900927
 10
40.20000000000002
 20
249.279272883295
 10
40.20000000000002
 20
238.42166396776264
 10
15.26126740678685
 20
238.42166396776264
 10
13.344077807587674
 20
245.6111249647598
 10
10.533116618725247
 20
248.24640107931805
 10
0.0
 20
249.1441098820505
 10
0.0
 20
522.4853135022702
  0
LWPOLYLINE
  5
38
330
17
100
AcDbEntity
  8
K
100
AcDbPolyline
 90
7
 70
1
 10
106.97472915141532
 20
84.85023539633407
 10
89.50741709328874
 20
84.85023539633407
 10
91.4370563324296
 20
97.513492903196
 10
96.3053684923461
 20
100.25191849314908
 10
101.15238095238094
 20
95.70784431186641
 10
101.15238095238094
 20
92.12817064512701
 10
106.97472915141532
 20
84.85023539633407
  0
LWPOLYLINE
  5
39
330
17
100
AcDbEntity
  8
K
100
AcDbPolyline
 90
13
 70
1
 10
84.9014495099012
 20
19.871663967762633
 10
87.79950287105126
 20
17.1547389416844
 10
89.72922636026686
 20
13.536507399405151
 10
88.75234547580213
 20
8.957378253476866
 10
71.609488332945
 20
8.957378253476866
 10
70.66745041965828
 20
4.541575534945608
 10
67.71184275564602
 20
1.7706933499340716
 10
59.00882391102069
 20
11.742902442733904
 10
60.06045525200354
 20
12.728806824905403
 10
69.66335427180597
 20
12.728806824905403
 10
71.50919659867183
 20
10.998329643468697
 10
77.18813056621987
 20
19.871663967762633
 10
84.9014495099012
 20
19.871663967762633
  0
LWPOLYLINE
  5
3A
330
17
100
AcDbEntity
  8
K
100
AcDbPolyline
 90
18
 70
1
 10
12.441407632955926
 20
169.87166396776254
 10
16.250931442479743
 20
169.87166396776254
 10
18.15569334724165
 20
171.65737825347682
 10
27.758592367044088
 20
171.65737825347682
 10
30.676190476190467
 20
168.92213002615208
 10
30.676190476190467
 20
163.56498716900924
 10
33.482989217132996
 20
160.9336133493756
 10
44.02202333836963
 20
158.2389739433776
 10
42.09627700090374
 20
145.6012636037577
 10
37.24702055318202
 20
142.87355685191437
 10
33.41105870603894
 20
144.67166396776264
 10
16.330020938472632
 20
144.67166396776264
 10
12.51107743715163
 20
141.09140443527423
 10
0.0
 20
143.79812791927327
 10
0.0
 20
156.4372915733473
 10
9.523809523809545
 20
161.79443443049013
 10
9.523809523809545
 20
167.1364157404378
 10
12.441407632955926
 20
169.87166396776254
  0
LWPOLYLINE
  5
3B
330
17
100
AcDbEntity
  8
K
100
AcDbPolyline
 90
50
 70
1
 10
1476.2163117847836
 20
60.01777946724363
 10
1491.4544070228787
 20
79.6606366101007
 10
1499.0563591041514
 20
86.7874666862939
 10
1500.0462366512313
 20
91.42751768823088
 10
1511.5574510645813
 20
77.03849967154342
 10
1515.315820610801
 20
78.80023539633407
 10
1526.740471558326
 20
78.80023539633407
 10
1531.4285714285716
 20
81.43729157334722
 10
1531.4285714285716
 20
88.56498716900929
 10
1540.0549755717823
 20
96.65224105326908
 10
1546.6888396132167
 20
97.54070498738976
 10
1549.5487549529616
 20
107.37166396776254
 10
1561.0128362043847
 20
107.37166396776254
 10
1565.7192747729891
 20
111.78395012582921
 10
1566.6730051630734
 20
119.83105029216756
 10
1572.4585103387774
 20
123.44699102698242
 10
1585.7628678114404
 20
121.66515743689365
 10
1593.3801571985898
 20
134.162272837686
 10
1604.009523809524
 20
133.25636091061776
 10
1604.009523809524
 20
106.34687635375184
 10
1592.5809523809523
 20
90.27544778232333
 10
1592.5809523809523
 20
86.7109496820483
 10
1588.7563523929643
 20
79.53982470457032
 10
1576.3412937299106
 20
62.52880682490547
 10
1568.6397911937038
 20
62.52880682490547
 10
1561.0614190750684
 20
67.85734972082092
 10
1559.1871637956156
 20
66.10023539633403
 10
1551.568116176568
 20
66.10023539633403
 10
1547.7585923670442
 20
62.52880682490547
 10
1542.064761904762
 20
62.52880682490547
 10
1540.1689477815432
 20
58.97415534387018
 10
1537.3238910615619
 20
58.08507511887595
 10
1534.4607688565625
 20
48.243092539191125
 10
1530.5428571428574
 20
48.243092539191125
 10
1521.047235326309
 20
55.364808901602444
 10
1515.3667748607368
 20
51.81452111061979
 10
1509.6633542718062
 20
51.81452111061979
 10
1503.9490685575206
 20
46.45737825347685
 10
1496.261796567835
 20
46.45737825347685
 10
1490.588445475932
 20
50.00322268591639
 10
1488.7109733194252
 20
48.243092539191125
 10
1481.0919257003777
 20
48.243092539191125
 10
1479.1871637956158
 20
46.45737825347685
 10
1469.678536100447
 20
46.45737825347685
 10
1466.866666666667
 20
42.06383226319544
 10
1466.866666666667
 20
38.478340766515906
 10
1463.9353670974501
 20
35.73024742037523
 10
1458.143551519386
 20
37.540189788520365
 10
1455.1918838234324
 20
40.307378253476855
 10
1476.2163117847836
 20
60.01777946724363
  0
LWPOLYLINE
  5
3C
330
17
100
AcDbEntity
  8
K
100
AcDbPolyline
 90
46
 70
1
 10
1577.1544781753885
 20
431.31378524566486
 10
1572.4547572726115
 20
433.9573782534768
 10
1568.6318838234324
 20
433.9573782534768
 10
1566.7544116669253
 20
435.7175084002022
 10
1561.0550672813993
 20
432.1554181592481
 10
1551.4962736822074
 20
437.5322395587934
 10
1544.761904761905
 20
438.4341639677626
 10
1544.761904761905
 20
442.0638322631955
 10
1539.0476190476193
 20
450.99240369176687
 10
1539.0476190476193
 20
456.35380682490523
 10
1520.0168780705014
 20
492.03644615700114
 10
1512.3949688218465
 20
500.9683710577687
 10
1508.5836830722337
 20
509.9010720334235
 10
1500.9740323695596
 20
520.6021433340592
 10
1491.3891323335504
 20
531.3851558745696
 10
1494.3288994170157
 20
534.1411875153185
 10
1498.172963467944
 20
535.9430925391912
 10
1507.807895649978
 20
535.9430925391912
 10
1508.7647518111153
 20
527.869618679595
 10
1513.4595284416746
 20
525.2288068249055
 10
1517.2944521445665
 20
525.2288068249055
 10
1521.1039759540904
 20
519.8716639677626
 10
1534.346169537718
 20
519.8716639677626
 10
1538.165914715132
 20
523.4526750715881
 10
1545.8766295530143
 20
521.6454762814594
 10
1548.7714285714287
 20
517.1223528151868
 10
1548.7714285714287
 20
506.4221300261521
 10
1553.4333333333336
 20
502.0515943118665
 10
1555.298550490099
 20
503.8002353963339
 10
1564.9014495099013
 20
503.8002353963339
 10
1567.8126924411004
 20
501.07094514833494
 10
1568.7599092193752
 20
494.8548350409062
 10
1581.1918797743801
 20
492.1652260266024
 10
1577.3428571428574
 20
483.14407923397107
 10
1577.3428571428574
 20
477.85070145472366
 10
1580.1395447479968
 20
475.2288068249054
 10
1587.773774195685
 20
475.2288068249054
 10
1593.495677172062
 20
466.28833342431653
 10
1601.1012532525583
 20
464.50577653045025
 10
1604.009523809524
 20
461.7792728832949
 10
1604.009523809524
 20
427.7781179774812
 10
1601.107107529018
 20
423.24309253919114
 10
1597.2715367654987
 20
423.24309253919114
 10
1591.547126506125
 20
419.6653361270829
 10
1579.0633042418206
 20
422.36616305926424
 10
1577.1544781753885
 20
431.31378524566486
  0
LWPOLYLINE
  5
3D
330
17
100
AcDbEntity
  8
K
100
AcDbPolyline
 90
7
 70
1
 10
1390.4761904761906
 20
456.4005803424666
 10
1393.3945817166764
 20
462.7845611810294
 10
1403.9875684329647
 20
454.65925887023997
 10
1405.9232988019462
 20
451.0297644283999
 10
1404.9308799710423
 20
448.2385864664832
 10
1390.4761904761906
 20
449.1420045599116
 10
1390.4761904761906
 20
456.4005803424666
  0
LWPOLYLINE
  5
3E
330
17
100
AcDbEntity
  8
K
100
AcDbPolyline
 90
34
 70
1
 10
1279.1416998778184
 20
84.18890223303532
 10
1290.6106220002248
 20
75.2288068249054
 10
1294.3461695377182
 20
75.2288068249054
 10
1297.1428571428573
 20
77.8507014547235
 10
1297.1428571428573
 20
88.58014871620445
 10
1301.9785667964213
 20
91.30023539633403
 10
1309.5842647758134
 20
91.30023539633403
 10
1311.5285714285717
 20
93.123022883295
 10
1313.47287808133
 20
91.30023539633403
 10
1317.1858767367353
 20
91.30023539633403
 10
1326.7269156156353
 20
107.40073850447784
 10
1330.5572521866245
 20
105.6052682368267
 10
1332.441407632956
 20
107.37166396776254
 10
1347.654808296734
 20
107.37166396776254
 10
1350.4787293972447
 20
113.54899137512953
 10
1351.4397233976415
 20
121.65737825347689
 10
1376.330020938473
 20
121.65737825347689
 10
1381.1523809523812
 20
117.13641574043787
 10
1381.1523809523812
 20
113.47233840850646
 10
1370.630126131
 20
105.40129067619708
 10
1353.4917078337708
 20
96.47503114639011
 10
1349.6776284650189
 20
92.89933173818532
 10
1340.170466635456
 20
89.33414605209921
 10
1338.2678132194737
 20
85.76667089713219
 10
1326.8010929555755
 20
80.39164577343006
 10
1313.4736520121428
 20
76.82179552072476
 10
1307.747727241689
 20
73.24309253919114
 10
1302.0334415274033
 20
73.24309253919114
 10
1296.3191558131175
 20
69.67166396776258
 10
1288.689562029606
 20
69.67166396776258
 10
1279.156610013114
 20
66.09680696157815
 10
1274.2740551083166
 20
67.01228600622767
 10
1276.196066423425
 20
81.42737086954143
 10
1279.1416998778184
 20
84.18890223303532
  0
LWPOLYLINE
  5
3F
330
17
100
AcDbEntity
  8
K
100
AcDbPolyline
 90
9
 70
1
 10
1252.4547572726117
 20
77.01452111061968
 10
1256.330020938473
 20
77.01452111061968
 10
1266.8828192132412
 20
67.12127272802459
 10
1265.8848630826083
 20
64.31452111061975
 10
1254.425259033711
 20
64.31452111061975
 10
1252.5123573343046
 20
62.52117576742633
 10
1247.619047619048
 20
63.43867133903702
 10
1247.619047619048
 20
74.29443443049011
 10
1252.4547572726117
 20
77.01452111061968
  0
LWPOLYLINE
  5
40
330
17
100
AcDbEntity
  8
K
100
AcDbPolyline
 90
37
 70
1
 10
1106.666666666667
 20
108.12119790937302
 10
1101.9652171567654
 20
112.5288068249054
 10
1088.6167019947914
 20
112.5288068249054
 10
1085.7496927665607
 20
117.00850874401635
 10
1082.9054562812908
 20
117.89733264566327
 10
1055.2380952380956
 20
143.83548362365872
 10
1055.2380952380956
 20
145.621197909373
 10
1045.7406700192807
 20
154.5250340520118
 10
1034.2857142857144
 20
168.84372871896957
 10
1034.2857142857144
 20
172.41515729039824
 10
1028.5714285714287
 20
179.55801443325535
 10
1028.5714285714287
 20
183.12119790937308
 10
1026.6623857474096
 20
184.91092555689116
 10
1027.6290544322114
 20
194.87969636891145
 10
1048.7015417967395
 20
193.08374574125276
 10
1053.5333333333335
 20
190.3658630019187
 10
1053.5333333333335
 20
183.21994587477053
 10
1064.9665502601574
 20
176.07418529550557
 10
1063.060755724454
 20
152.84731439161948
 10
1067.728085741735
 20
148.47169250041858
 10
1075.3471333607827
 20
153.82883535756142
 10
1081.0919257003777
 20
148.44309253919118
 10
1084.8396301346106
 20
148.44309253919118
 10
1092.4998906705189
 20
152.03383966539818
 10
1095.4350649806258
 20
149.2821137496726
 10
1096.383617600038
 20
135.94309253919113
 10
1100.1395447479968
 20
135.94309253919113
 10
1102.0443066527585
 20
134.15737825347685
 10
1111.5589613392676
 20
134.15737825347685
 10
1118.2952380952381
 20
129.6464786401037
 10
1118.2952380952381
 20
126.05359443891606
 10
1122.1368701383196
 20
120.65129937833319
 10
1120.192639262476
 20
118.82858293222975
 10
1118.2878773577138
 20
108.11429721794397
 10
1115.3819337944715
 20
105.389975127404
 10
1106.666666666667
 20
104.48213480159107
 10
1106.666666666667
 20
108.12119790937302
  0
LWPOLYLINE
  5
41
330
17
100
AcDbEntity
  8
K
100
AcDbPolyline
 90
34
 70
1
 10
1008.6380952380954
 20
582.1716639677627
 10
962.9752763153206
 20
582.1716639677627
 10
953.4457589692338
 20
578.5980949629802
 10
938.2184673466119
 20
580.3825432000059
 10
932.5096320035938
 20
576.8145211106196
 10
926.7340798467778
 20
576.8145211106196
 10
918.0387374407887
 20
583.1548749483198
 10
927.638592367044
 20
592.1547389416845
 10
931.4473629634956
 20
599.2961838100309
 10
961.0245211856305
 20
628.8137106647825
 10
964.0012021073252
 20
627.883497876753
 10
964.9507527928351
 20
619.8716639677627
 10
968.6114285714286
 20
619.8716639677627
 10
970.5161904761907
 20
623.4430925391913
 10
976.3504761904765
 20
623.4430925391913
 10
978.2552380952383
 20
619.8716639677627
 10
983.9490685575205
 20
619.8716639677627
 10
985.8538304622824
 20
618.0859496820482
 10
993.3524164289599
 20
618.0859496820482
 10
994.2944543422467
 20
622.5017524005797
 10
997.1969565231873
 20
625.2228481952112
 10
1008.7042147283361
 20
627.0208572897661
 10
1010.6212149044087
 20
625.2236696246974
 10
1017.3236712117648
 20
624.3260192263909
 10
1020.1856863910222
 20
612.6990825606579
 10
1023.9317984368181
 20
610.9430925391911
 10
1031.5518001539092
 20
610.9430925391911
 10
1051.7115271489663
 20
601.0432266041182
 10
1035.2986631332278
 20
587.4664089440406
 10
1031.462516227868
 20
596.4573782534769
 10
1022.0998114563333
 20
596.4573782534769
 10
1021.1502057441311
 20
577.7620157944957
 10
1018.202392584866
 20
574.9984409576848
 10
1008.6380952380954
 20
582.1716639677627
  0
LWPOLYLINE
  5
42
330
17
100
AcDbEntity
  8
K
100
AcDbPolyline
 90
12
 70
1
 10
1040.0000000000002
 20
381.3354836236588
 10
1038.095238095238
 20
383.12119790937305
 10
1038.095238095238
 20
408.2380402019589
 10
1041.0782242403075
 20
409.1702233722928
 10
1042.9966876051394
 20
407.3716639677626
 10
1048.7523454758023
 20
407.3716639677626
 10
1049.7333866243425
 20
402.7730335839798
 10
1047.819047619048
 20
400.9783407665158
 10
1047.819047619048
 20
379.5497693379445
 10
1042.9829861450692
 20
375.0159617060894
 10
1040.0000000000002
 20
375.9481448764236
 10
1040.0000000000002
 20
381.3354836236588
  0
LWPOLYLINE
  5
43
330
17
100
AcDbEntity
  8
K
100
AcDbPolyline
 90
34
 70
1
 10
906.654167137821
 20
161.66149684929044
 10
896.2408203066767
 20
164.32400030043524
 10
893.3333333333335
 20
167.04976933794447
 10
893.3333333333335
 20
172.40691219508741
 10
890.5424221550271
 20
175.02339142474955
 10
877.3020893360543
 20
173.2501325650657
 10
874.4857142857145
 20
168.8495465489097
 10
874.4857142857145
 20
165.2640550522302
 10
871.5735958567898
 20
162.53394402511324
 10
864.7606133085704
 20
161.62149100526247
 10
865.7154022180241
 20
246.65737825347676
 10
875.3928218147327
 20
246.65737825347676
 10
881.1071075290183
 20
237.72880682490538
 10
902.0443066527586
 20
237.72880682490538
 10
904.961904761905
 20
234.99355859758074
 10
904.961904761905
 20
227.8278201301257
 10
908.7714285714288
 20
218.8992487015541
 10
908.7714285714288
 20
213.56498716900919
 10
910.6761904761906
 20
211.7792728832949
 10
910.6761904761906
 20
206.42213002615208
 10
912.5809523809525
 20
204.63641574043777
 10
912.5809523809525
 20
199.25772319960944
 10
918.2952380952382
 20
186.75772319960947
 10
918.2952380952382
 20
181.40806710090118
 10
924.009523809524
 20
172.4794956723298
 10
924.009523809524
 20
167.12235281518684
 10
929.7238095238097
 20
158.19378138661543
 10
929.7238095238097
 20
152.76405505223022
 10
924.9014495099013
 20
148.24309253919122
 10
921.0128362043848
 20
148.24309253919122
 10
917.2239188532911
 20
151.79520255584146
 10
909.6370645376286
 20
148.23886459537462
 10
904.7484872872355
 20
149.15547282982322
 10
906.654167137821
 20
161.66149684929044
  0
LWPOLYLINE
  5
44
330
17
100
AcDbEntity
  8
K
100
AcDbPolyline
 90
37
 70
1
 10
2323.7736832119544
 20
99.2456723230739
 10
2327.629792093302
 20
102.86077439933695
 10
2329.533026697498
 20
109.99790416507128
 10
2337.1548151130905
 20
118.92968746459454
 10
2339.061525369134
 20
124.29231005971508
 10
2342.873414021302
 20
127.86595567112214
 10
2346.682937830825
 20
136.79452709969354
 10
2350.495735224187
 20
140.36902465597012
 10
2356.194193454414
 20
151.05363383764558
 10
2357.1569409028125
 20
157.3716639677626
 10
2364.8223600139086
 20
157.3716639677626
 10
2376.2755838886064
 20
168.1090613502919
 10
2381.14075991985
 20
165.37239983271735
 10
2383.9781929499563
 20
152.07193250409114
 10
2394.285714285714
 20
158.22130602826456
 10
2394.285714285714
 20
161.77927288329496
 10
2397.2033123948604
 20
164.5145211106197
 10
2408.631883823432
 20
164.5145211106197
 10
2410.559512047494
 20
166.32167257067786
 10
2419.247619047619
 20
161.79661684144608
 10
2419.247619047619
 20
140.21725384921012
 10
2410.6358052456585
 20
139.32018991150596
 10
2403.0085607599885
 20
126.80674192720298
 10
2389.648023338278
 20
128.59609961761055
 10
2383.057142857143
 20
124.18256358113578
 10
2383.057142857143
 20
117.04976933794453
 10
2380.1395447479968
 20
114.3145211106198
 10
2368.746483142277
 20
114.3145211106198
 10
2365.8921127677363
 20
104.5026229481354
 10
2359.192643475837
 20
103.60537259654178
 10
2356.366171699611
 20
100.95555530632971
 10
2352.5762289587246
 20
95.62594832695869
 10
2351.6193831772894
 20
89.34664788628699
 10
2347.738966033699
 20
87.52770235022899
 10
2329.5238095238096
 20
88.42647652012492
 10
2329.5238095238096
 20
92.05801443325534
 10
2323.7736832119544
 20
99.2456723230739
  0
LWPOLYLINE
  5
45
330
17
100
AcDbEntity
  8
K
100
AcDbPolyline
 90
6
 70
1
 10
2392.609985771849
 20
72.46633979361472
 10
2386.8441659862656
 20
63.45724637863959
 10
2383.824675284809
 20
60.62647384602493
 10
2382.8489392409356
 20
74.34776196300331
 10
2391.572409984947
 20
73.4390670938354
 10
2392.609985771849
 20
72.46633979361472
  0
LWPOLYLINE
  5
46
330
17
100
AcDbEntity
  8
K
100
AcDbPolyline
 90
34
 70
1
 10
2222.770218844218
 20
11.734852425975717
 10
2241.009712823308
 20
23.43452784019484
 10
2246.704690547979
 20
25.214208379154556
 10
2250.5099352872735
 20
30.565333793787897
 10
2258.14112263086
 20
34.142452861094185
 10
2275.4157025477266
 20
48.537936125149116
 10
2276.3829640898443
 20
40.37666686353081
 10
2286.771989957024
 20
35.94952515876682
 10
2289.5463176209823
 20
36.81650255375379
 10
2292.4050099874603
 20
44.856574834472475
 10
2300.051127699823
 20
46.648633673307515
 10
2303.876737652617
 20
50.23514300405163
 10
2315.3703307632936
 20
48.43926908050833
 10
2328.6013850318445
 20
41.35120429378447
 10
2329.5339897091367
 20
45.72278871858937
 10
2338.1679718282335
 20
52.0184006804314
 10
2353.477693131702
 20
50.22429271518114
 10
2355.3380952380953
 20
48.48016574043778
 10
2357.2033123948604
 20
50.22880682490549
 10
2366.72712191867
 20
50.22880682490549
 10
2368.671428571429
 20
52.05159431186645
 10
2373.5691739309023
 20
47.4599580373597
 10
2356.3640918854817
 20
25.95360548058334
 10
2336.299514313163
 20
7.143064006535194
 10
2328.6804666941157
 20
12.50020686367803
 10
2324.901449509901
 20
8.957378253476866
 10
2315.3776399860913
 20
8.957378253476866
 10
2313.4455883330743
 20
7.146079828773466
 10
2302.003549751343
 20
14.29735394235565
 10
2291.62208242888
 20
8.103864914749902
 10
2290.664875568161
 20
0.02743202742760964
 10
2232.3156344807035
 20
0.9241929047962838
 10
2234.253544380054
 20
4.557773966078038
 10
2222.770218844218
 20
11.734852425975717
  0
LWPOLYLINE
  5
47
330
17
100
AcDbEntity
  8
K
100
AcDbPolyline
 90
41
 70
1
 10
2302.8571428571427
 20
595.635260834624
 10
2300.0569380348493
 20
600.010580869457
 10
2288.6149399934297
 20
596.4349564815132
 10
2284.7958495612015
 20
605.3859496820482
 10
2277.2033123948613
 20
605.3859496820482
 10
2275.315029977577
 20
607.1562144482517
 10
2265.8324191724637
 20
603.600235396334
 10
2258.1729634679436
 20
603.600235396334
 10
2250.5951287657567
 20
607.1523454129842
 10
2246.806211414663
 20
603.600235396334
 10
2231.4426551885267
 20
603.600235396334
 10
2230.4730446850954
 20
609.9633043251035
 10
2234.252180476995
 20
618.8206538373685
 10
2222.0097527401217
 20
623.234990761722
 10
2218.1762998056715
 20
621.4380596986985
 10
2216.25093144248
 20
623.2430925391913
 10
2212.441407632956
 20
623.2430925391913
 10
2209.504376357213
 20
625.9965593602003
 10
2213.3496044974922
 20
635.0088128139794
 10
2216.25093144248
 20
637.7288068249055
 10
2225.8365603415796
 20
637.7288068249055
 10
2229.62380952381
 20
635.953533770735
 10
2233.4522716229
 20
637.7481253796839
 10
2235.3776399860913
 20
635.943092539191
 10
2242.9175981091466
 20
635.943092539191
 10
2252.4705470740782
 20
644.8989821938144
 10
2259.23075499645
 20
640.3720572457975
 10
2260.0510083188833
 20
638.0650947764537
 10
2260.9493840785894
 20
645.6451402489784
 10
2259.002581748721
 20
649.2953946174816
 10
2262.0200819344054
 20
650.2383634255082
 10
2300.1705934681295
 20
625.2020902315018
 10
2303.9803961666994
 20
619.8445551866382
 10
2317.305288984104
 20
610.9216358892685
 10
2329.806625589178
 20
599.2016328220114
 10
2322.976480885271
 20
596.4573782534769
 10
2319.1080742996223
 20
596.4573782534769
 10
2317.235702653229
 20
598.2127266719705
 10
2307.760394056869
 20
591.1062452246999
 10
2302.8571428571427
 20
590.1868856247511
 10
2302.8571428571427
 20
595.635260834624
  0
LWPOLYLINE
  5
48
330
17
100
AcDbEntity
  8
K
100
AcDbPolyline
 90
39
 70
1
 10
1937.1185644490804
 20
318.8993556257366
 10
1939.047619047619
 20
320.7078443118664
 10
1939.047619047619
 20
326.0852301993066
 10
1942.8663311084254
 20
327.8752514778095
 10
1944.7551182916995
 20
340.2704173680476
 10
1942.8609137663734
 20
342.04623411054115
 10
1940.9561518616115
 20
363.4748055391125
 10
1939.042368011649
 20
365.26897789845225
 10
1940.9493840785897
 20
381.35942596326413
 10
1937.1428571428573
 20
388.4966639677624
 10
1937.1428571428573
 20
395.7078443118663
 10
1940.952380952381
 20
399.2792728832949
 10
1940.952380952381
 20
402.7723001475408
 10
1935.222646199463
 20
409.93446858868845
 10
1939.0689764493275
 20
418.94930511180837
 10
1943.912210138542
 20
421.6736240619913
 10
1949.6524891464508
 20
418.08594968204824
 10
1953.393788585337
 20
418.08594968204824
 10
1957.2033123948606
 20
421.65737825347685
 10
1968.6318838234322
 20
421.65737825347685
 10
1970.5366457281941
 20
423.4430925391911
 10
1980.0604552520035
 20
423.4430925391911
 10
1982.004761904762
 20
425.26588002615205
 10
1985.853830462282
 20
421.65737825347685
 10
1997.300742025484
 20
421.65737825347685
 10
2004.0049267042991
 20
409.9849138573258
 10
2005.9069249767613
 20
399.28617357472405
 10
2007.8190476190478
 20
397.4935585975806
 10
2007.8190476190478
 20
370.6211979093731
 10
2005.9142857142858
 20
368.83548362365883
 10
2005.9142857142858
 20
363.5024057274058
 10
2000.188413960415
 20
349.187726342728
 10
1992.5566478900867
 20
338.4555553063292
 10
1981.152380952381
 20
327.76405505223016
 10
1981.152380952381
 20
325.9708194115934
 10
1972.527989474434
 20
319.68220062559027
 10
1957.257519389456
 20
314.3136759863406
 10
1939.0860640639828
 20
315.21029384779484
 10
1937.1185644490804
 20
318.8993556257366
  0
LWPOLYLINE
  5
49
330
17
100
AcDbEntity
  8
K
100
AcDbPolyline
 90
4
 70
1
 10
1926.6666666666667
 20
8.826555052230178
 10
1926.6666666666667
 20
11.073915740437812
 10
1927.8652590337108
 20
9.950235396333994
 10
1926.6666666666667
 20
8.826555052230178
  0
LWPOLYLINE
  5
4A
330
17
100
AcDbEntity
  8
K
100
AcDbPolyline
 90
24
 70
1
 10
1833.400547176426
 20
594.6653277886163
 10
1821.9176704814784
 20
592.8711283050309
 10
1820.9471299164109
 20
601.0600643227872
 10
1831.4672964298643
 20
610.92272042915
 10
1842.8896975102866
 20
618.0617211044138
 10
1848.603272384684
 20
625.2036896974106
 10
1867.6891651503904
 20
637.7288068249055
 10
1871.5832980052087
 20
637.7288068249055
 10
1874.4836575493914
 20
633.1969950371198
 10
1875.4229437628096
 20
619.988282660929
 10
1877.2033123948609
 20
621.6573782534767
 10
1888.7010357982585
 20
621.6573782534767
 10
1901.197277914284
 20
613.5468364954796
 10
1896.3551440461638
 20
607.1915357935721
 10
1888.7376837603451
 20
603.6208512845946
 10
1884.9318320668683
 20
598.2688723406425
 10
1873.3808026906408
 20
591.0494789805005
 10
1871.4579940602491
 20
596.4573782534769
 10
1865.7747409662893
 20
596.4573782534769
 10
1863.8767376526166
 20
598.2367563600449
 10
1852.5380260841714
 20
596.4650826774755
 10
1848.717957341105
 20
591.093111007538
 10
1835.2930708098772
 20
592.8910868822562
 10
1833.400547176426
 20
594.6653277886163
  0
LWPOLYLINE
  5
4B
330
17
100
AcDbEntity
  8
K
100
AcDbPolyline
 90
62
 70
1
 10
1847.6190476190477
 20
29.53242537979339
 10
1839.129509204175
 20
33.95405997087275
 10
1825.7805173931222
 20
32.16624856760675
 10
1820.0909618773126
 20
37.50020686367805
 10
1812.4719142582653
 20
32.14306400653521
 10
1807.6190476190477
 20
36.69262648080163
 10
1807.6190476190477
 20
40.27362351869623
 10
1802.9076154401673
 20
46.45737825347685
 10
1797.2033123948609
 20
46.45737825347685
 10
1793.3937885853368
 20
50.028806824905516
 10
1785.832419172463
 20
50.028806824905516
 10
1776.2820125087426
 20
46.44740432601024
 10
1771.4626174540347
 20
49.1583140442835
 10
1765.7142857142858
 20
56.34372871896964
 10
1765.7142857142858
 20
59.918304925180465
 10
1761.9254233197605
 20
65.24639266748156
 10
1748.5831464802347
 20
81.32860135798114
 10
1746.6864287501387
 20
86.66311997387655
 10
1742.8908876682262
 20
88.44227985602305
 10
1739.0476190476193
 20
93.84687635375188
 10
1739.0476190476193
 20
99.21094968204824
 10
1733.3528780813297
 20
109.8885889938408
 10
1729.5227292008863
 20
113.47935356925643
 10
1730.4791349825955
 20
152.0344616443945
 10
1740.0685950466482
 20
150.23643788238462
 10
1743.8699790615274
 20
153.80023539633402
 10
1759.1698936749133
 20
153.80023539633402
 10
1762.9382045675768
 20
152.03383966539806
 10
1764.8619047619047
 20
153.83730859758072
 10
1766.8062114146633
 20
152.01452111061974
 10
1770.5539158488962
 20
152.01452111061974
 10
1778.2141763848042
 20
155.60526823682665
 10
1783.0432365356282
 20
151.07802434542938
 10
1784.978057308479
 20
145.63634092178634
 10
1777.3735770129367
 20
138.50714064471538
 10
1783.9536475296866
 20
128.81328675843184
 10
1791.5578948086777
 20
130.5955322144453
 10
1794.4857142857143
 20
127.85070145472355
 10
1794.4857142857143
 20
117.18321694345791
 10
1802.9358523408805
 20
116.30299422937817
 10
1807.63737468573
 20
118.94760054835606
 10
1808.6169799492168
 20
121.70274035191287
 10
1813.5078211440446
 20
118.95164217982234
 10
1815.4702651437556
 20
115.27205968036391
 10
1809.7144885197997
 20
111.67469929039142
 10
1807.8372614049968
 20
101.11529676962428
 10
1823.9644599303467
 20
100.22592920388806
 10
1830.6495505549785
 20
90.37735819438598
 10
1840.174474185841
 20
83.23366547123912
 10
1845.8917850338844
 20
74.3003672711714
 10
1883.0167120646227
 20
39.49574817985424
 10
1892.540521588432
 20
34.1386053227114
 10
1901.2351970177501
 20
25.987347107725654
 10
1894.4050523138424
 20
23.243092539191213
 10
1881.0301063250868
 20
23.243092539191213
 10
1877.2617954324232
 20
25.009488270127058
 10
1875.3776399860917
 20
23.243092539191213
 10
1862.0443066527585
 20
23.243092539191213
 10
1858.2245614753442
 20
19.66208143536563
 10
1850.5273181760133
 20
21.46612283364624
 10
1847.6190476190477
 20
24.19262648080167
 10
1847.6190476190477
 20
29.53242537979339
  0
LWPOLYLINE
  5
4C
330
17
100
AcDbEntity
  8
K
100
AcDbPolyline
 90
18
 70
1
 10
3200.0110039242495
 20
165.25918086811896
 10
3195.2885678211196
 20
171.45737825347683
 10
3193.4728780813302
 20
171.45737825347683
 10
3183.943292130688
 20
162.52339142474958
 10
3177.0967119543957
 20
163.44034412693165
 10
3192.3809523809527
 20
197.4716607016882
 10
3192.3809523809527
 20
206.42213002615208
 10
3194.294454342247
 20
208.21603811486534
 10
3196.206161384678
 20
217.17716487626092
 10
3208.6083628596134
 20
219.86033346458845
 10
3216.2343166901196
 20
232.37166396776254
 10
3223.929942313819
 20
232.37166396776254
 10
3234.4857142857145
 20
227.87346568428435
 10
3234.4857142857145
 20
168.77424293955679
 10
3214.4388587065614
 20
169.66919184934048
 10
3208.743519784064
 20
160.77022478293702
 10
3202.904612214451
 20
157.12090755192898
 10
3200.0110039242495
 20
165.25918086811896
  0
LWPOLYLINE
  5
4D
330
17
100
AcDbEntity
  8
K
100
AcDbPolyline
 90
23
 70
1
 10
3027.692236959667
 20
7.141848223419123
 10
3018.221433203579
 20
1.814521110619749
 10
3012.4262258043154
 20
1.814521110619749
 10
3009.479048413568
 20
6.419485783662582
 10
3033.4016420957523
 20
18.081750203727488
 10
3042.9157964193223
 20
19.86565413939678
 10
3052.481631401286
 20
27.040030375869996
 10
3063.1114967966387
 20
18.886440441935438
 10
3061.1523809523815
 20
17.049769337944443
 10
3061.1523809523815
 20
13.564987169009225
 10
3063.9464018886338
 20
10.945592541272253
 10
3092.508481522695
 20
12.730722518401016
 10
3099.224069097232
 20
8.233677267594718
 10
3101.1613940400416
 20
4.6011929998285295
 10
3100.1705773683225
 20
1.814521110619749
 10
3096.3300209384734
 20
1.814521110619749
 10
3094.425259033711
 20
0.028806824905469597
 10
3054.3257142857146
 20
0.028806824905469597
 10
3050.5161904761912
 20
7.171663967762587
 10
3044.901449509902
 20
7.171663967762587
 10
3037.2742620962094
 20
0.021175767426329095
 10
3032.4247193977926
 20
0.9304650233794565
 10
3027.692236959667
 20
7.141848223419123
  0
LWPOLYLINE
  5
4E
330
17
100
AcDbEntity
  8
K
100
AcDbPolyline
 90
17
 70
1
 10
3031.556403814551
 20
419.66068362837086
 10
3029.663354271806
 20
417.8859496820483
 10
3025.792011086992
 20
417.8859496820483
 10
3021.947947036064
 20
419.687854705921
 10
3015.238095238096
 20
425.978340766516
 10
3015.238095238096
 20
431.42213002615216
 10
3018.1508782968695
 20
434.1528641437523
 10
3033.4678353987324
 20
435.947820054127
 10
3035.377639986092
 20
434.1573782534768
 10
3042.9966876051394
 20
434.1573782534768
 10
3046.8062114146637
 20
430.58594968204824
 10
3050.657107380564
 20
430.58594968204824
 10
3051.638148529105
 20
425.9873192982656
 10
3049.72380952381
 20
424.1926264808017
 10
3049.72380952381
 20
418.8203220764638
 10
3044.8754043897866
 20
416.09309418857555
 10
3031.556403814551
 20
419.66068362837086
  0
LWPOLYLINE
  5
4F
330
17
100
AcDbEntity
  8
K
100
AcDbPolyline
 90
21
 70
1
 10
3008.603417230962
 20
312.54382808828075
 10
3006.6905763749883
 20
316.13040469323084
 10
2994.315272619823
 20
324.1624528035544
 10
2982.857142857143
 20
340.27544778232345
 10
2982.857142857143
 20
345.6325906394665
 10
2979.0513204108447
 20
350.9845284545731
 10
2978.08541581042
 20
359.13434852065717
 10
2985.856858274115
 20
360.9557803480855
 10
2989.675404525519
 20
355.58594968204824
 10
2993.46372324403
 20
355.58594968204824
 10
3000.2000000000003
 20
351.0750500686751
 10
3000.2000000000003
 20
347.41830492518056
 10
2996.4225844240336
 20
342.10631427147786
 10
3002.9966876051394
 20
335.9430925391912
 10
3010.633170882313
 20
335.9430925391912
 10
3015.448018190037
 20
327.81803770740635
 10
3013.566747159045
 20
322.52696293273885
 10
3018.2358878074415
 20
321.65149906116443
 10
3026.8809436356514
 20
315.34781251976165
 10
3024.9325434112543
 20
308.04131167827376
 10
3008.603417230962
 20
312.54382808828075
  0
LWPOLYLINE
  5
50
330
17
100
AcDbEntity
  8
K
100
AcDbPolyline
 90
59
 70
1
 10
2718.0952380952385
 20
6.3294812656492505
 10
2707.7255262356825
 20
14.283521612467819
 10
2702.044306652759
 20
8.957378253476866
 10
2696.37139309485
 20
8.957378253476866
 10
2695.429355181563
 20
4.541575534945497
 10
2692.499890670519
 20
1.7952025558413132
 10
2688.612588226687
 20
3.617375576387416
 10
2667.654793696693
 20
25.051483618427127
 10
2660.9523809523816
 20
29.539706438278635
 10
2660.9523809523816
 20
33.115746482468175
 10
2649.5054377738115
 20
42.05867084072612
 10
2651.456637618077
 20
47.5464204027245
 10
2667.7562423666163
 20
48.445295664592436
 10
2671.5376095512593
 20
44.900263928989936
 10
2679.1566571703065
 20
50.25740678613288
 10
2684.8946909188126
 20
44.87800014690868
 10
2696.3052408135404
 20
46.66089856795996
 10
2703.9969565224624
 20
43.0554068294029
 10
2704.9531647053727
 20
38.57318097200824
 10
2707.7585923670445
 20
35.94309253919115
 10
2711.5681161765688
 20
35.94309253919115
 10
2716.3732364435277
 20
31.43829228891626
 10
2719.211858369933
 20
25.22880682490547
 10
2728.7230235731377
 20
25.22880682490547
 10
2732.532547382662
 20
19.871663967762633
 10
2736.2509314424797
 20
19.871663967762633
 10
2738.195238095239
 20
21.694451454723595
 10
2740.139544747997
 20
19.871663967762633
 10
2745.7747409662893
 20
19.871663967762633
 10
2747.679502871051
 20
21.65737825347691
 10
2753.493333333334
 20
21.65737825347691
 10
2755.3980952380953
 20
18.08594968204835
 10
2757.203312394861
 20
18.08594968204835
 10
2761.0128362043847
 20
21.65737825347691
 10
2764.835709653564
 20
21.65737825347691
 10
2774.4006065875847
 20
27.037632778863397
 10
2778.234782843235
 20
23.44309253919119
 10
2782.0363992824878
 20
23.44309253919119
 10
2789.655446901535
 20
18.08594968204835
 10
2795.3776399860917
 20
18.08594968204835
 10
2799.199305623472
 20
14.50313814700488
 10
2807.854421159938
 20
11.798414541859259
 10
2803.9881664078157
 20
2.736879966574124
 10
2799.167494583844
 20
0.025252065589786987
 10
2792.3878718502806
 20
0.9332372531205557
 10
2791.4364405008005
 20
12.528806824905425
 10
2782.056356906471
 20
12.528806824905425
 10
2778.2283656896966
 20
7.145694176316053
 10
2766.797298808835
 20
12.504006776720033
 10
2762.099775350574
 20
6.338507237752866
 10
2761.1382971924263
 20
0.028806824905469597
 10
2757.1967303005563
 20
0.028806824905469597
 10
2749.577682681509
 20
8.957378253476866
 10
2745.7747409662893
 20
8.957378253476866
 10
2743.873628928303
 20
10.739670789089107
 10
2733.524826406617
 20
9.857670574172639
 10
2732.5711588405443
 20
0.022973799044256893
 10
2718.0952380952385
 20
0.9277188456259244
 10
2718.0952380952385
 20
6.3294812656492505
  0
LWPOLYLINE
  5
51
330
17
100
AcDbEntity
  8
K
100
AcDbPolyline
 90
6
 70
1
 10
2729.5179960021
 20
543.9683256539944
 10
2738.256321344676
 20
544.8785678771792
 10
2741.1798292303233
 20
538.4833943773255
 10
2735.406575195375
 20
534.8751106054831
 10
2730.4931829725165
 20
528.4262833129808
 10
2729.5179960021
 20
543.9683256539944
  0
LWPOLYLINE
  5
52
330
17
100
AcDbEntity
  8
K
100
AcDbPolyline
 90
14
 70
1
 10
2655.2380952380954
 20
125.93416396776259
 10
2655.2380952380954
 20
134.90691219508733
 10
2652.451629000846
 20
137.5192242925084
 10
2644.8177810417424
 20
135.7300411770933
 10
2638.055982221555
 20
145.69161979611923
 10
2644.837690947436
 20
150.23294260362897
 10
2658.2402625234563
 20
148.43795533898341
 10
2661.152380952381
 20
145.70784431186635
 10
2661.152380952381
 20
142.11809253919117
 10
2664.9423600139085
 20
135.0118817988273
 10
2668.800461962326
 20
131.39491122218627
 10
2665.8829202692127
 20
126.83625232669759
 10
2662.0206051333985
 20
125.02579210678455
 10
2655.2380952380954
 20
125.93416396776259
  0
LWPOLYLINE
  5
53
330
17
100
AcDbEntity
  8
K
100
AcDbPolyline
 90
9
 70
1
 10
2636.1562193300197
 20
58.175728505188374
 10
2639.108074299623
 20
60.94309253919117
 10
2656.3610535587986
 20
60.94309253919117
 10
2657.359009689432
 20
58.136340921786434
 10
2655.4380952380957
 20
56.33548362365881
 10
2655.4380952380957
 20
52.764055052230255
 10
2652.5137385378603
 20
50.02247064575938
 10
2640.9972100181963
 20
51.82192822695675
 10
2636.1562193300197
 20
58.175728505188374
  0
LWPOLYLINE
  5
54
330
17
100
AcDbEntity
  8
K
100
AcDbPolyline
 90
44
 70
1
 10
4015.238095238095
 20
226.04210584441142
 10
4019.0500045435247
 20
234.97626827901186
 10
4020.957370011084
 20
251.06966441154344
 10
4022.857142857143
 20
252.85070145472355
 10
4022.857142857143
 20
322.40691219508733
 10
4020.952380952381
 20
324.1926264808016
 10
4020.952380952381
 20
331.3354836236587
 10
4019.047619047619
 20
333.121197909373
 10
4019.047619047619
 20
342.14647864010396
 10
4025.846445007676
 20
346.69926388121286
 10
4030.6485635312033
 20
338.5956888727596
 10
4035.2610298939753
 20
336.0011765437002
 10
4036.19565318448
 20
342.1346418876315
 10
4041.8779003083846
 20
349.2374507925128
 10
4037.1933297258815
 20
355.3859496820483
 10
4031.4890266805746
 20
355.3859496820483
 10
4028.5764176301313
 20
358.116520666839
 10
4027.6257243793616
 20
366.1379949702158
 10
4018.210130397108
 20
371.43426658523316
 10
4014.4115575736405
 20
367.8731045632323
 10
4011.442964823335
 20
368.80078979770315
 10
4009.5325495803413
 20
377.7558612492312
 10
4007.6190476190473
 20
379.5497693379445
 10
4007.6190476190473
 20
384.92523539633385
 10
4003.7852311157476
 20
392.11364134002224
 10
4004.8304998085528
 20
393.0935807395276
 10
4014.4328217157417
 20
391.2931453819294
 10
4016.290476190476
 20
389.5515943118665
 10
4018.155693347242
 20
391.3002353963341
 10
4023.9357189178645
 20
391.3002353963341
 10
4028.748837044732
 20
388.59285644997067
 10
4031.604255667709
 20
382.3466282122111
 10
4035.351350251914
 20
380.590177625865
 10
4049.72380952381
 20
383.2850137393454
 10
4049.72380952381
 20
227.73385916213795
 10
4046.7594063272036
 20
226.80748316319864
 10
4039.1253444203244
 20
230.38594968204828
 10
4031.609488332945
 20
230.38594968204828
 10
4030.6693144034407
 20
225.97888438749848
 10
4025.8638131312614
 20
219.6716639677626
 10
4022.0443066527587
 20
219.6716639677626
 10
4020.1314049533516
 20
217.8783186245693
 10
4015.238095238095
 20
218.79581419617978
 10
4015.238095238095
 20
226.04210584441142
  0
LWPOLYLINE
  5
55
330
17
100
AcDbEntity
  8
K
100
AcDbPolyline
 90
61
 70
1
 10
4037.178617820543
 20
423.24309253919114
 10
4031.4890266805746
 20
423.24309253919114
 10
4028.5714285714284
 20
425.978340766516
 10
4028.5714285714284
 20
429.6364157404379
 10
4030.4694040059853
 20
431.41576771033465
 10
4029.53513942641
 20
437.54687901379896
 10
4021.920194747077
 20
439.3316316730177
 10
4020.961121008913
 20
443.82728982065976
 10
4018.159343214017
 20
446.453956503375
 10
4007.6440215985085
 20
445.557764320235
 10
4003.8230663364816
 20
459.8863465528343
 10
3998.1126899424357
 20
463.45533179911337
 10
3996.204382511991
 20
468.8224464472387
 10
3991.4890266805755
 20
473.2430925391912
 10
3985.733368809912
 20
473.2430925391912
 10
3984.772084947232
 20
477.7491106455071
 10
3976.255127039428
 20
483.95939245328066
 10
3961.904761904762
 20
484.8562902741974
 10
3961.904761904762
 20
493.92213002615216
 10
3963.7804904186273
 20
495.6806255079006
 10
3960.980289739747
 20
500.05593906865107
 10
3955.350350237837
 20
503.5746512573448
 10
3953.47287808133
 20
501.81452111061986
 10
3949.5842647758136
 20
501.81452111061986
 10
3940.1000000000004
 20
510.7060193379443
 10
3934.4194826068783
 20
505.38053428189255
 10
3927.619047619048
 20
506.2913068249054
 10
3927.619047619048
 20
513.5649871690092
 10
3929.4775981091466
 20
515.3073782534768
 10
3923.809523809524
 20
520.621197909373
 10
3923.809523809524
 20
525.9341639677627
 10
3917.181539345403
 20
526.8218404584932
 10
3912.3617734212808
 20
534.9551954554489
 10
3916.1904761904766
 20
540.3393087246303
 10
3916.1904761904766
 20
547.4935585975808
 10
3919.0987467474415
 20
550.2200622447358
 10
3926.7959900467727
 20
552.0241036430166
 10
3928.7109733194256
 20
550.2288068249054
 10
3934.4457142857145
 20
550.2288068249054
 10
3938.2387831697797
 20
543.1168026672835
 10
3945.8578307888274
 20
546.6882312387121
 10
3951.5553898459057
 20
536.005308006689
 10
3959.1025946194013
 20
543.0808124818403
 10
3972.509803012181
 20
544.8764207487305
 10
3984.933514298211
 20
535.0210728535628
 10
4000.168098802406
 20
515.3827412661242
 10
4005.8968338670884
 20
511.80228185069745
 10
4007.802604984236
 20
506.4423005837205
 10
4015.4380952380952
 20
501.0735964989755
 10
4015.4380952380952
 20
497.4935585975807
 10
4023.0571428571425
 20
490.3507014547236
 10
4023.0571428571425
 20
486.77927288329505
 10
4030.67619047619
 20
479.6364157404377
 10
4030.67619047619
 20
476.0585313610838
 10
4038.278360024737
 20
467.14973892138136
 10
4045.9142857142856
 20
452.832378253477
 10
4045.9142857142856
 20
449.27927288329494
 10
4049.72380952381
 20
445.7078443118664
 10
4049.72380952381
 20
413.3773639209458
 10
4040.026221533382
 20
417.0139594173562
 10
4037.178617820543
 20
423.24309253919114
  0
LWPOLYLINE
  5
56
330
17
100
AcDbEntity
  8
K
100
AcDbPolyline
 90
32
 70
1
 10
3927.619047619048
 20
72.49355859758066
 10
3930.5761904761907
 20
75.26588002615209
 10
3932.520497128949
 20
73.44309253919113
 10
3938.129182894535
 20
73.44309253919113
 10
3941.9361492892513
 20
82.3656700268085
 10
3961.0879055191654
 20
84.16114717336298
 10
3962.9966876051394
 20
82.37166396776263
 10
3968.649153944134
 20
82.37166396776263
 10
3983.92846209909
 20
89.53383966539819
 10
3989.663354271806
 20
84.1573782534769
 10
3993.36727813263
 20
84.1573782534769
 10
3997.1768019421543
 20
93.08594968204831
 10
4004.8223600139086
 20
93.08594968204831
 10
4008.636357726328
 20
96.66157253744167
 10
4017.3300753499834
 20
95.75597695164417
 10
4019.2544055178237
 20
83.12756022519052
 10
4015.4380952380952
 20
79.54976933794444
 10
4015.4380952380952
 20
75.97834076651588
 10
4010.5761904761907
 20
71.42030505223018
 10
4006.7666666666664
 20
74.99173362365875
 10
4004.901449509902
 20
73.24309253919114
 10
3985.7747409662893
 20
73.24309253919114
 10
3983.8699790615274
 20
75.02880682490543
 10
3980.1325868198887
 20
75.02880682490543
 10
3971.6124454888454
 20
68.8162037710196
 10
3970.6248919073223
 20
66.03870932298528
 10
3961.019047619048
 20
73.24309253919114
 10
3947.7435285650913
 20
73.24309253919114
 10
3939.2388314336986
 20
68.81356278325723
 10
3938.2774606618123
 20
62.50456709275065
 10
3927.619047619048
 20
65.22972951845729
 10
3927.619047619048
 20
72.49355859758066
  0
LWPOLYLINE
  5
57
330
17
100
AcDbEntity
  8
K
100
AcDbPolyline
 90
28
 70
1
 10
3916.1904761904766
 20
17.162392586007602
 10
3925.6723745823674
 20
20.718104482966847
 10
3923.7896945497946
 20
24.2481295440411
 10
3930.525267546498
 20
32.36690056685298
 10
3939.047619047619
 20
33.25464551488644
 10
3939.047619047619
 20
38.56498716900924
 10
3941.957654474734
 20
41.2931453819293
 10
3951.5515916699605
 20
43.09200860603435
 10
3959.1385809249314
 20
37.75740678613282
 10
3961.012836204385
 20
39.514521110619704
 10
3968.6114285714293
 20
39.514521110619704
 10
3970.539977294795
 20
43.13054996693122
 10
3977.342857142857
 20
38.57505006867512
 10
3977.342857142857
 20
34.89830286512108
 10
3969.6974272631937
 20
29.522609980982327
 10
3966.821393243304
 20
25.02880682490549
 10
3964.9014495099013
 20
25.02880682490549
 10
3949.6806243925084
 20
10.759283277349319
 10
3942.0710170936786
 20
7.192279856022998
 10
3938.2468330969473
 20
1.814521110619749
 10
3934.425259033711
 20
1.814521110619749
 10
3932.520497128949
 20
0.028806824905469597
 10
3928.6318838234324
 20
0.028806824905469597
 10
3926.7666666666664
 20
1.7774479093730644
 10
3924.8977996431254
 20
0.025385074803430108
 10
3914.226109054411
 20
0.9349041590688278
 10
3916.1904761904766
 20
4.618092539191099
 10
3916.1904761904766
 20
17.162392586007602
  0
LWPOLYLINE
  5
58
330
17
100
AcDbEntity
  8
K
100
AcDbPolyline
 90
29
 70
1
 10
3785.7418032870874
 20
10.93773456110192
 10
3808.639209046647
 20
12.726594386067491
 10
3814.3570346630736
 20
16.30023539633396
 10
3820.080661971872
 20
16.30023539633396
 10
3833.4139953052054
 20
21.65737825347691
 10
3842.988780234868
 20
21.65737825347691
 10
3858.212445174499
 20
10.953238842798974
 10
3860.987788004656
 20
11.820533477223115
 10
3863.8547972328865
 20
16.30023539633396
 10
3867.7585923670445
 20
16.30023539633396
 10
3872.580952380953
 20
11.779272883294944
 10
3872.580952380953
 20
6.422130026152106
 10
3874.553586252174
 20
4.5727857718825815
 10
3869.6500046321507
 20
1.814521110619749
 10
3861.965217156766
 20
1.814521110619749
 10
3860.0810617104344
 20
3.5809168415555925
 10
3856.27153790091
 20
1.7952025558413132
 10
3854.3461695377177
 20
3.6002353963340283
 10
3842.9966876051394
 20
3.6002353963340283
 10
3841.0919257003775
 20
1.814521110619749
 10
3827.679502871051
 20
1.814521110619749
 10
3823.8699790615274
 20
5.385949682048308
 10
3820.1222746272947
 20
5.385949682048308
 10
3812.470879805235
 20
1.7993583592080808
 10
3804.8518321861875
 20
7.156501216350919
 10
3797.270011869104
 20
3.6025229427180117
 10
3788.6237500719726
 20
2.701870672183415
 10
3784.7502474417133
 20
8.148983745986161
 10
3785.7418032870874
 20
10.93773456110192
  0
LWPOLYLINE
  5
59
330
17
100
AcDbEntity
  8
K
100
AcDbPolyline
 90
28
 70
1
 10
3616.2723663470324
 20
3.5969171137298916
 10
3607.619047619048
 20
8.103853951221929
 10
3607.619047619048
 20
15.350701454723502
 10
3610.5290830461627
 20
18.078859667643666
 10
3615.2380952380954
 20
18.96179945363108
 10
3615.2380952380954
 20
26.064987169009292
 10
3618.176299805672
 20
28.819553951112464
 10
3629.56649672629
 20
23.480399144572893
 10
3631.4579940602493
 20
28.800235396334028
 10
3641.138297192426
 20
28.800235396334028
 10
3643.038460127537
 20
16.330416134670898
 10
3648.619741995576
 20
18.074566718433548
 10
3653.342073389866
 20
22.501752400579722
 10
3654.3047973813414
 20
27.01452111061975
 10
3658.221433203579
 20
27.01452111061975
 10
3667.7452427273884
 20
21.65737825347691
 10
3675.3555733322505
 20
21.65737825347691
 10
3700.117478094155
 20
12.728806824905403
 10
3707.7585923670445
 20
12.728806824905403
 10
3709.665219957616
 20
10.941343458744868
 10
3769.72380952381
 20
8.2601564245397
 10
3769.72380952381
 20
4.549769337944487
 10
3766.8062114146633
 20
1.814521110619749
 10
3759.187163795616
 20
1.814521110619749
 10
3757.282104150651
 20
0.02852769346495254
 10
3630.4951522397914
 20
0.9222327116336082
 10
3629.5453254964095
 20
5.374545571235845
 10
3616.2723663470324
 20
3.5969171137298916
  0
LWPOLYLINE
  5
5A
330
17
100
AcDbEntity
  8
K
100
AcDbPolyline
 90
28
 70
1
 10
3597.1558903984755
 20
528.628594021371
 10
3596.1797360620917
 20
533.2043174731709
 10
3608.6645763217657
 20
543.1081571022386
 10
3620.0775182177154
 20
535.9750684172702
 10
3625.755289432049
 20
543.0722824351882
 10
3628.599026210777
 20
543.9609501785409
 10
3631.464332106258
 20
550.2288068249054
 10
3635.2985504900994
 20
550.2288068249054
 10
3640.011629245583
 20
554.6473181581714
 10
3642.886033937083
 20
564.5280842852048
 10
3663.8857106429004
 20
560.9485939376223
 10
3671.5113643493114
 20
566.3103816999419
 10
3677.2170138549313
 20
564.5273662294358
 10
3679.108074299623
 20
566.3002353963338
 10
3684.888099870246
 20
566.3002353963338
 10
3689.6982973345207
 20
563.5944993226794
 10
3691.6681551022066
 20
559.9010160082688
 10
3681.0727994566764
 20
555.3859496820482
 10
3671.553052374615
 20
555.3859496820482
 10
3654.4101952317583
 20
546.4573782534768
 10
3648.7018184821245
 20
546.4573782534768
 10
3635.378623205306
 20
537.535595702036
 10
3627.767919919225
 20
535.7518371193607
 10
3622.056448480614
 20
530.3973326456631
 10
3616.359423972019
 20
528.6170124867272
 10
3614.4498168498167
 20
525.0364991325979
 10
3607.7051060034614
 20
524.1331896442464
 10
3597.1558903984755
 20
528.628594021371
  0
LWPOLYLINE
  5
5B
330
17
100
AcDbEntity
  8
K
100
AcDbPolyline
 90
6
 70
1
 10
3504.741619853383
 20
161.77575213886098
 10
3511.5510997483607
 20
166.3356717113912
 10
3516.390476190477
 20
159.98399013111464
 10
3516.390476190477
 20
156.27880682490547
 10
3506.6960892983443
 20
156.27880682490547
 10
3504.741619853383
 20
161.77575213886098
  0
LWPOLYLINE
  5
5C
330
17
100
AcDbEntity
  8
K
100
AcDbPolyline
 90
87
 70
1
 10
4440.976720763702
 20
12.558169678679288
 10
4435.309415615454
 20
16.100235396333986
 10
4431.4685714285715
 20
16.100235396333986
 10
4429.551234399574
 20
19.69524232570363
 10
4421.932186780527
 20
23.26667089713219
 10
4420.025512189289
 20
26.841685755702894
 10
4410.516621268712
 20
32.19043689852808
 10
4407.602895072474
 20
34.92205520750058
 10
4409.548854773456
 20
40.39506686651095
 10
4414.3386068556865
 20
41.2931453819293
 10
4420.126818417335
 20
46.71959372097456
 10
4422.075851533455
 20
43.06515662825006
 10
4428.761686868772
 20
40.378883502452666
 10
4429.709725763854
 20
34.157378253476864
 10
4440.971464048007
 20
34.157378253476864
 10
4442.8786588297435
 20
43.09735379286073
 10
4456.335500618694
 20
41.295098196126204
 10
4461.152380952381
 20
36.779272883294965
 10
4461.152380952381
 20
31.33548362365879
 10
4459.271911741396
 20
29.572543738360046
 10
4461.1288310019945
 20
26.090820124737625
 10
4467.749437529744
 20
21.65737825347691
 10
4475.315820610801
 20
21.65737825347691
 10
4479.1845761156565
 20
23.470857396378108
 10
4482.133795295659
 20
18.86270242762467
 10
4478.324271486135
 20
15.291273856195996
 10
4481.121015507309
 20
10.921361323113278
 10
4484.8841793892
 20
9.157378253476844
 10
4490.524595474482
 20
9.157378253476844
 10
4494.334119284005
 20
14.514521110619683
 10
4502.064761904762
 20
14.514521110619683
 10
4503.965650903913
 20
10.950354237211801
 10
4519.182121113017
 20
12.733534339841256
 10
4521.091925700378
 20
10.943092539191124
 10
4530.553915848896
 20
10.943092539191124
 10
4534.40465257528
 20
12.748125379683838
 10
4536.330020938472
 20
10.943092539191124
 10
4540.0604552520035
 20
10.943092539191124
 10
4543.8781188561725
 20
14.522152168098824
 10
4553.401928379982
 20
12.736437882384543
 10
4555.338095238096
 20
14.551594311866367
 10
4557.282401890854
 20
12.728806824905403
 10
4564.901449509901
 20
12.728806824905403
 10
4568.710973319426
 20
9.157378253476844
 10
4574.304797381341
 20
9.157378253476844
 10
4575.246835294628
 20
13.573180972008213
 10
4578.155693347242
 20
16.30023539633396
 10
4585.862348199034
 20
16.30023539633396
 10
4591.57663391332
 20
9.157378253476844
 10
4595.283368661458
 20
9.157378253476844
 10
4598.079453287676
 20
13.526260481942053
 10
4596.1661834967
 20
17.113641340022244
 10
4599.098746747442
 20
19.862919387593326
 10
4606.690724273175
 20
21.64228912018684
 10
4608.600851203107
 20
27.01452111061975
 10
4614.346169537718
 20
27.01452111061975
 10
4616.250931442481
 20
28.800235396334028
 10
4622.085678809135
 20
28.800235396334028
 10
4623.048402800611
 20
24.287466686294003
 10
4625.8538304622825
 20
21.65737825347691
 10
4633.404653710692
 20
21.65737825347691
 10
4639.118939424979
 20
25.22880682490547
 10
4643.017142857143
 20
25.22880682490547
 10
4644.917460317461
 20
21.66571158681019
 10
4658.250793650794
 20
23.451425872524467
 10
4660.16
 20
19.871663967762633
 10
4667.679502871051
 20
19.871663967762633
 10
4669.584264775814
 20
21.65737825347691
 10
4703.793131379003
 20
21.65737825347691
 10
4702.860860121081
 20
27.775408383594048
 10
4699.0291861896485
 20
34.95979700502849
 10
4703.859996392548
 20
41.30023539633398
 10
4709.709725763854
 20
41.30023539633398
 10
4710.666448773534
 20
35.02174064530994
 10
4717.262195170985
 20
32.371663967762586
 10
4722.917598109147
 20
32.371663967762586
 10
4724.822360013909
 20
34.157378253476864
 10
4742.096892832534
 20
34.157378253476864
 10
4743.060755724455
 20
22.41029925819149
 10
4741.1523809523815
 20
20.621197909373112
 10
4741.1523809523815
 20
17.193092539191102
 10
4754.714770863077
 20
17.193092539191102
 10
4734.415960875921
 20
3.600139422792026
 10
4451.488893616655
 20
4.493217286615447
 10
4446.7271219186705
 20
8.957378253476866
 10
4442.897142857143
 20
8.957378253476866
 10
4440.976720763702
 20
12.558169678679288
  0
LWPOLYLINE
  5
5D
330
17
100
AcDbEntity
  8
K
100
AcDbPolyline
 90
4
 70
1
 10
4710.323312394861
 20
20.76452111061977
 10
4709.6238095238095
 20
21.420305052230248
 10
4708.924306652759
 20
20.76452111061977
 10
4710.323312394861
 20
20.76452111061977
  0
LWPOLYLINE
  5
5E
330
17
100
AcDbEntity
  8
K
100
AcDbPolyline
 90
23
 70
1
 10
4696.230419127837
 20
175.0339986827778
 10
4677.182800080218
 20
176.81971296849207
 10
4672.3507111020945
 20
184.97386311907727
 10
4685.741203491475
 20
195.73408021768702
 10
4701.935247881214
 20
218.06042818148143
 10
4713.404653710692
 20
225.22880682490543
 10
4724.890584384546
 20
225.22880682490543
 10
4736.357145744658
 20
218.06220597483573
 10
4743.057142857143
 20
209.98631659817912
 10
4743.057142857143
 20
206.42213002615208
 10
4744.961904761905
 20
204.63641574043777
 10
4744.961904761905
 20
192.0497693379445
 10
4743.057142857143
 20
190.26405505223022
 10
4743.057142857143
 20
186.6984496820483
 10
4734.392919149116
 20
176.770693349934
 10
4730.536645728194
 20
180.38594968204836
 10
4726.806211414663
 20
180.38594968204836
 10
4721.071319241948
 20
175.00948827012698
 10
4709.6635605748415
 20
180.35687514533305
 10
4704.961904761905
 20
172.4228309610032
 10
4704.961904761905
 20
166.99309253919114
 10
4700.995400546259
 20
166.99309253919114
 10
4696.230419127837
 20
175.0339986827778
  0
LWPOLYLINE
  5
5F
330
17
100
AcDbEntity
  8
K
100
AcDbPolyline
 90
7
 70
1
 10
4686.742185720624
 20
39.514521110619704
 10
4690.640429798505
 20
39.514521110619704
 10
4693.5469423449495
 20
33.15652491527277
 10
4690.6041144463015
 20
28.55835632363679
 10
4682.917380622016
 20
33.963091043837544
 10
4677.892424276712
 20
34.905270358582264
 10
4686.742185720624
 20
39.514521110619704
  0
LWPOLYLINE
  5
60
330
17
100
AcDbEntity
  8
K
100
AcDbPolyline
 90
56
 70
1
 10
4555.309415615455
 20
110.74309253919112
 10
4545.796152256109
 20
110.74309253919112
 10
4526.720677634583
 20
117.89639552226328
 10
4519.958901264209
 20
122.42437077028157
 10
4523.809523809524
 20
127.83930872463034
 10
4523.809523809524
 20
138.60465659648813
 10
4528.684683585248
 20
139.5187490544365
 10
4532.474110293999
 20
137.74245528470962
 10
4538.166558472597
 20
141.30023539633407
 10
4543.980101177846
 20
141.30023539633407
 10
4545.884863082608
 20
135.94309253919113
 10
4557.218376196814
 20
135.94309253919113
 10
4565.7212030067185
 20
140.3716481693499
 10
4566.677818635736
 20
148.44309253919118
 10
4572.441407632956
 20
148.44309253919118
 10
4574.385714285714
 20
150.26588002615216
 10
4576.330020938472
 20
148.44309253919118
 10
4581.923845000389
 20
148.44309253919118
 10
4582.864018929893
 20
152.85015783374124
 10
4587.669520202073
 20
159.15737825347688
 10
4610.536645728194
 20
159.15737825347688
 10
4612.441407632957
 20
160.94309253919116
 10
4623.887249182229
 20
160.94309253919116
 10
4639.134364033801
 20
168.09017762586498
 10
4644.009523809525
 20
167.1760851679167
 10
4644.009523809525
 20
163.56498716900924
 10
4650.605513856297
 20
157.38124650015962
 10
4658.224561475345
 20
159.1669607858739
 10
4660.139544747997
 20
157.3716639677626
 10
4667.696772991753
 20
157.3716639677626
 10
4671.547509718138
 20
159.17669680825531
 10
4676.390476190477
 20
154.63641574043785
 10
4676.390476190477
 20
151.0649871690093
 10
4680.209577100533
 20
147.4845800658311
 10
4678.27736305916
 20
138.42732674689285
 10
4665.856825766839
 20
137.53161492292742
 10
4663.909523809524
 20
135.70601933794447
 10
4662.026119860263
 20
137.47171054037653
 10
4654.424443979926
 20
125.00021104919934
 10
4650.574245911557
 20
126.80499139374713
 10
4640.2
 20
122.38414796552665
 10
4640.2
 20
117.04976933794453
 10
4637.282401890854
 20
114.3145211106198
 10
4635.2985504901
 20
114.3145211106198
 10
4627.741554755841
 20
121.3992046114859
 10
4623.057142857143
 20
113.49425953243176
 10
4623.057142857143
 20
108.10603636217786
 10
4618.125797477942
 20
105.3321545863769
 10
4617.15542442992
 20
109.88077824897945
 10
4613.364698778407
 20
111.65768089812622
 10
4610.521463899554
 20
116.10023539633407
 10
4608.697623679769
 20
116.10023539633407
 10
4604.00402149075
 20
113.46008416501063
 10
4603.04713604398
 20
103.59220299518512
 10
4561.01984459774
 20
107.17407442526239
 10
4555.309415615455
 20
110.74309253919112
  0
LWPOLYLINE
  5
61
330
17
100
AcDbEntity
  8
K
100
AcDbPolyline
 90
37
 70
1
 10
4470.536645728194
 20
304.4930925391912
 10
4462.8766876051395
 20
311.67430327955515
 10
4453.315983094506
 20
329.600624236993
 10
4457.142857142857
 20
334.9821658674873
 10
4457.142857142857
 20
351.06498716900916
 10
4459.047619047619
 20
352.85070145472366
 10
4459.047619047619
 20
356.299534459721
 10
4451.428571428572
 20
358.08524874543525
 10
4451.428571428572
 20
363.55092424375835
 10
4457.142857142857
 20
372.47949567232973
 10
4457.142857142857
 20
376.06498716900927
 10
4460.0604552520035
 20
378.8002353963339
 10
4465.77474096629
 20
378.8002353963339
 10
4472.380952380953
 20
384.99355859758066
 10
4472.380952380953
 20
388.59518305910154
 10
4475.363938526022
 20
389.52736622943576
 10
4478.295238095238
 20
386.77927288329494
 10
4478.295238095238
 20
377.89037088220243
 10
4487.819047619048
 20
376.10465659648816
 10
4487.819047619048
 20
370.6211979093731
 10
4485.946393947844
 20
368.8655850926189
 10
4489.72380952381
 20
363.553594438916
 10
4489.72380952381
 20
359.9069121950874
 10
4486.806211414663
 20
357.1716639677626
 10
4483.006670274119
 20
357.1716639677626
 10
4478.295238095238
 20
350.98790923298185
 10
4478.295238095238
 20
347.4069121950872
 10
4476.419509581374
 20
345.64841671333903
 10
4482.133795295659
 20
336.7198452847674
 10
4477.289964572886
 20
332.17875398216734
 10
4472.580952380952
 20
331.29581419617983
 10
4472.580952380952
 20
325.9580977362185
 10
4468.771428571429
 20
324.17238345050424
 10
4468.771428571429
 20
318.9221300261521
 10
4472.580952380952
 20
315.35070145472355
 10
4472.580952380952
 20
304.4930925391912
 10
4470.536645728194
 20
304.4930925391912
  0
LWPOLYLINE
  5
62
330
17
100
AcDbEntity
  8
K
100
AcDbPolyline
 90
14
 70
1
 10
4458.127366857248
 20
53.592624404776636
 10
4441.0173101072805
 20
51.810326826654986
 10
4437.203312394861
 20
55.38594968204835
 10
4429.569082947172
 20
55.38594968204835
 10
4426.666666666667
 20
59.92097512033834
 10
4426.666666666667
 20
65.40487656484395
 10
4462.036964518424
 20
66.30108343608777
 10
4471.569917866394
 20
59.15136842511104
 10
4476.502756928229
 20
58.2264611010167
 10
4471.568116176569
 20
53.60023539633407
 10
4465.8538304622825
 20
53.60023539633407
 10
4462.030605192688
 20
50.01596170608957
 10
4459.070127144792
 20
50.94111109605714
 10
4458.127366857248
 20
53.592624404776636
  0
LWPOLYLINE
  5
63
330
17
100
AcDbEntity
  8
K
100
AcDbPolyline
 90
36
 70
1
 10
5782.857142857144
 20
533.1211979093732
 10
5779.061525369135
 20
536.6795893043818
 10
5777.16261922633
 20
542.0202628310194
 10
5773.333333333334
 20
543.8152405933613
 10
5773.333333333334
 20
545.6237563926417
 10
5752.338055355494
 20
567.0961997790697
 10
5757.203312394861
 20
571.657378253477
 10
5760.9923809523825
 20
571.657378253477
 10
5762.897142857144
 20
575.2288068249055
 10
5766.727121918671
 20
575.2288068249055
 10
5768.67142857143
 20
577.0515943118662
 10
5770.615735224188
 20
575.2288068249055
 10
5780.148062484749
 20
575.2288068249055
 10
5785.862348199035
 20
568.0859496820484
 10
5789.5842647758145
 20
568.0859496820484
 10
5791.489026680576
 20
569.8716639677624
 10
5801.139932592052
 20
569.8716639677624
 10
5803.045257980484
 20
555.5817235545212
 10
5821.152380952382
 20
554.688279986829
 10
5821.152380952382
 20
542.1832169434579
 10
5829.689514854531
 20
541.2939321619842
 10
5834.4857142857145
 20
531.4017708351665
 10
5834.4857142857145
 20
502.70737825347686
 10
5826.666666666668
 20
502.70737825347686
 10
5826.666666666668
 20
533.0815284818942
 10
5822.101520398286
 20
533.9374934072155
 10
5821.149683304949
 20
499.1359496820483
 10
5817.142857142859
 20
499.1359496820483
 10
5817.142857142859
 20
502.7781179774812
 10
5814.329086319434
 20
507.1746348890808
 10
5798.073059504563
 20
508.07110695607736
 10
5799.990422899467
 20
517.0587478696941
 10
5797.193201259059
 20
519.6811431575784
 10
5786.699179569698
 20
522.3642737031537
 10
5782.857142857144
 20
529.5680925391911
 10
5782.857142857144
 20
533.1211979093732
  0
LWPOLYLINE
  5
64
330
17
100
AcDbEntity
  8
K
100
AcDbPolyline
 90
13
 70
1
 10
5834.4857142857145
 20
288.4966639677623
 10
5828.731428571429
 20
277.7073782534768
 10
5826.666666666668
 20
277.7073782534768
 10
5826.666666666668
 20
417.16661163053004
 10
5829.708939371769
 20
418.11732185087413
 10
5830.681441512162
 20
409.91183504130925
 10
5828.771428571429
 20
408.12119790937317
 10
5828.771428571429
 20
404.622352815187
 10
5834.4857142857145
 20
395.6937813866154
 10
5834.4857142857145
 20
388.4998904502014
 10
5828.8095456149895
 20
376.08327148298906
 10
5834.4857142857145
 20
374.3094687733873
 10
5834.4857142857145
 20
288.4966639677623
  0
LWPOLYLINE
  5
65
330
17
100
AcDbEntity
  8
K
100
AcDbPolyline
 90
5
 70
1
 10
5832.580952380954
 20
442.0593378044105
 10
5827.619047619049
 20
435.5468378044106
 10
5827.619047619049
 20
452.21077584540046
 10
5832.580952380954
 20
445.69827584540036
 10
5832.580952380954
 20
442.0593378044105
  0
LWPOLYLINE
  5
66
330
17
100
AcDbEntity
  8
K
100
AcDbPolyline
 90
5
 70
1
 10
5826.666666666668
 20
463.56498716900916
 10
5827.7989599691955
 20
464.6265121401291
 10
5828.781594597165
 20
454.49309253919114
 10
5826.666666666668
 20
454.49309253919114
 10
5826.666666666668
 20
463.56498716900916
  0
LWPOLYLINE
  5
67
330
17
100
AcDbEntity
  8
K
100
AcDbPolyline
 90
51
 70
1
 10
5774.327644721949
 20
307.3582863204244
 10
5777.142857142859
 20
308.23804020195877
 10
5777.142857142859
 20
311.76402386232104
 10
5784.7619047619055
 20
324.264023862321
 10
5784.7619047619055
 20
327.83545243374954
 10
5792.386704566725
 20
340.3448896135305
 10
5796.195614683188
 20
358.1991557844527
 10
5800.000000000001
 20
365.3323782534771
 10
5800.000000000001
 20
372.4935585975807
 10
5801.904761904762
 20
374.279272883295
 10
5801.904761904762
 20
377.8709444850209
 10
5805.719360534496
 20
379.65903759270856
 10
5807.62253450963
 20
402.85397041464313
 10
5809.52380952381
 20
404.63641574043794
 10
5809.52380952381
 20
418.9221300261522
 10
5811.4285714285725
 20
420.7078443118665
 10
5811.4285714285725
 20
445.6964515817731
 10
5815.242245912744
 20
451.0594313251389
 10
5817.152162435911
 20
465.3838052488949
 10
5820.1959397544015
 20
466.3349856609232
 10
5821.153358601391
 20
434.91967974409897
 10
5817.342857142858
 20
429.56116206803785
 10
5817.342857142858
 20
425.978340766516
 10
5813.579544747998
 20
422.4502353963341
 10
5816.337583620506
 20
419.8645739533579
 10
5821.152380952382
 20
418.9617994536311
 10
5821.152380952382
 20
265.2723001475409
 10
5815.424713542748
 20
258.1127158854987
 10
5811.610025155098
 20
249.17203997694182
 10
5802.104761904763
 20
242.0430925391911
 10
5802.104761904763
 20
238.47834076651597
 10
5794.466169537719
 20
231.31716042241234
 10
5788.753602438203
 20
220.60609711082068
 10
5776.354823148782
 20
207.19395605255252
 10
5770.5860805833145
 20
203.5884919491352
 10
5757.22351911473
 20
208.95737825347695
 10
5753.47287808133
 20
208.95737825347695
 10
5749.649652811737
 20
205.37310456323243
 10
5743.912477926584
 20
207.16597171484295
 10
5734.3913956449605
 20
203.59556585923465
 10
5723.809523809525
 20
206.3011580898858
 10
5723.809523809525
 20
240.3507014547236
 10
5733.347239654849
 20
249.29231005971496
 10
5735.252001559611
 20
254.6494529168578
 10
5742.857142857144
 20
261.77927288329494
 10
5742.857142857144
 20
263.5770887319132
 10
5748.588880418627
 20
267.1594247078403
 10
5750.486937305416
 20
272.49770970193333
 10
5767.619047619049
 20
295.69744241831154
 10
5767.619047619049
 20
299.27203088389354
 10
5774.327644721949
 20
307.3582863204244
  0
LWPOLYLINE
  5
68
330
17
100
AcDbEntity
  8
K
100
AcDbPolyline
 90
42
 70
1
 10
5666.690048206641
 20
179.65888647139516
 10
5669.553033996257
 20
184.1323017676696
 10
5674.314938758162
 20
186.810873196241
 10
5680.035407052275
 20
195.74910490579455
 10
5682.888195075601
 20
196.6406011630837
 10
5684.8019047619055
 20
200.2288068249054
 10
5686.727121918671
 20
200.2288068249054
 10
5697.142857142859
 20
209.99355859758063
 10
5697.142857142859
 20
211.77633395951702
 10
5715.295629141746
 20
230.58594968204827
 10
5717.3389845320335
 20
230.58594968204827
 10
5718.297780282684
 20
206.31643224372598
 10
5714.478478399213
 20
204.5261344858488
 10
5712.575963322251
 20
188.47366352398177
 10
5709.62380952381
 20
185.7060193379445
 10
5707.679502871052
 20
187.52880682490547
 10
5700.077725372707
 20
187.52880682490547
 10
5696.327433258514
 20
189.28675625343283
 10
5693.527345401576
 20
184.91161897696594
 10
5691.61494776305
 20
175.94725504637532
 10
5682.104761904763
 20
172.38093534951759
 10
5682.104761904763
 20
159.9935585975807
 10
5684.9090121919335
 20
157.3645739533579
 10
5694.376723320221
 20
155.58937811680417
 10
5703.891390351348
 20
159.15737825347688
 10
5709.690872287443
 20
159.15737825347688
 10
5714.4857142857145
 20
147.46995088268855
 10
5714.4857142857145
 20
143.84272562306012
 10
5707.7660186902085
 20
135.74309253919114
 10
5705.853830462283
 20
135.74309253919114
 10
5698.22592011256
 20
128.5919265863259
 10
5676.13916051625
 20
133.0933042214435
 10
5680.000000000002
 20
140.33237825347678
 10
5680.000000000002
 20
145.621197909373
 10
5677.19783271464
 20
148.248229739399
 10
5663.956052579201
 20
150.0216824361096
 10
5660.15159500171
 20
144.67166396776264
 10
5654.363439658421
 20
144.67166396776264
 10
5646.744392039373
 20
148.24309253919122
 10
5639.092892470983
 20
148.24309253919122
 10
5636.159959341189
 20
152.825800554494
 10
5666.690048206641
 20
179.65888647139516
  0
LWPOLYLINE
  5
69
330
17
100
AcDbEntity
  8
K
100
AcDbPolyline
 90
16
 70
1
 10
5650.635750698295
 20
85.76057016175798
 10
5635.402995277662
 20
69.69477342905961
 10
5628.754564520261
 20
65.24269926115622
 10
5627.8026049842365
 20
62.56531306609037
 10
5620.00488640481
 20
57.08254218993136
 10
5619.046855025897
 20
93.90687331695725
 10
5621.9500353281255
 20
98.44309253919114
 10
5635.2985504901
 20
98.44309253919114
 10
5637.203312394861
 20
100.22880682490542
 10
5642.985822479785
 20
100.22880682490542
 10
5648.700108194071
 20
96.65737825347686
 10
5654.346169537719
 20
96.65737825347686
 10
5656.255405345377
 20
98.44728682315595
 10
5665.058279952028
 20
97.53032071829637
 10
5658.257925085223
 20
89.33346440563072
 10
5650.635750698295
 20
85.76057016175798
  0
LWPOLYLINE
  5
6A
330
17
100
AcDbEntity
  8
K
100
AcDbPolyline
 90
6
 70
1
 10
5635.4075349751665
 20
607.1684643798661
 10
5615.096610204472
 20
608.0752020928436
 10
5623.869979061529
 20
616.3002353963342
 10
5631.578098845548
 20
616.3002353963342
 10
5636.402840695492
 20
609.9677617182825
 10
5635.4075349751665
 20
607.1684643798661
  0
LWPOLYLINE
  5
6B
330
17
100
AcDbEntity
  8
K
100
AcDbPolyline
 90
29
 70
1
 10
5580.098619836141
 20
102.03579571411781
 10
5586.849802615498
 20
97.51491438865467
 10
5587.789624987371
 20
94.87166396776259
 10
5593.393788585338
 20
94.87166396776259
 10
5595.2985504901
 20
96.65737825347686
 10
5599.115981669895
 20
96.65737825347686
 10
5606.775704789355
 20
102.0431210718471
 10
5613.533333333335
 20
95.70784431186641
 10
5613.533333333335
 20
67.04976933794448
 10
5612.480952380954
 20
66.06316219508734
 10
5610.557252186625
 20
67.86663112726987
 10
5606.7153331039635
 20
66.06573155727236
 10
5602.8981437739085
 20
75.01226904958769
 10
5595.378623205307
 20
73.2498814163215
 10
5588.802232933894
 20
68.84604864528565
 10
5590.676190476192
 20
65.33237825347682
 10
5590.676190476192
 20
58.12119790937309
 10
5587.753549684447
 20
55.3812221671125
 10
5572.390935214312
 20
57.18152855033143
 10
5571.433560487276
 20
65.25937780969603
 10
5568.631883823433
 20
67.8859496820483
 10
5564.839630134611
 20
67.8859496820483
 10
5557.18604227416
 20
71.47356899163503
 10
5552.380952380953
 20
75.97834076651588
 10
5552.380952380953
 20
79.6406895899916
 10
5566.731162604145
 20
91.30023539633403
 10
5568.619833569721
 20
91.30023539633403
 10
5572.40939975526
 20
96.62931284474918
 10
5580.098619836141
 20
102.03579571411781
  0
LWPOLYLINE
  5
6C
330
17
100
AcDbEntity
  8
K
100
AcDbPolyline
 90
39
 70
1
 10
5540.170577368323
 20
616.1002353963341
 10
5534.425259033712
 20
616.1002353963341
 10
5532.52049712895
 20
614.3145211106197
 10
5528.619833569721
 20
614.3145211106197
 10
5524.810309760197
 20
619.6716639677627
 10
5523.017142857144
 20
619.6716639677627
 10
5521.119300653603
 20
616.1132098361234
 10
5513.3907607735055
 20
614.3018333017253
 10
5509.567485223676
 20
619.6783145436737
 10
5496.245451762259
 20
621.4625154536847
 10
5493.262025657465
 20
624.2594774269302
 10
5501.937217458544
 20
628.777806489993
 10
5505.762690712578
 20
634.157378253477
 10
5509.590476190478
 20
634.157378253477
 10
5519.114285714287
 20
641.3002353963341
 10
5561.091925700379
 20
641.3002353963341
 10
5564.901449509902
 20
637.7288068249055
 10
5568.719491056178
 20
637.7288068249055
 10
5574.433776770464
 20
630.5859496820484
 10
5580.040000000001
 20
630.5859496820484
 10
5581.944761904763
 20
634.157378253477
 10
5585.900201954331
 20
634.157378253477
 10
5586.86031148872
 20
627.8566594340492
 10
5588.771428571429
 20
626.0649871690092
 10
5588.771428571429
 20
617.0055925391912
 10
5581.949206349207
 20
616.0919020630008
 10
5580.040000000001
 20
619.6716639677627
 10
5574.445714285715
 20
619.6716639677627
 10
5572.549900162497
 20
616.1170124867274
 10
5569.723809523811
 20
615.2338591621377
 10
5569.723809523811
 20
609.9935585975808
 10
5571.633822464543
 20
608.2029214656443
 10
5570.664443680559
 20
600.0237879757836
 10
5554.2702688316185
 20
600.9278785005413
 10
5556.179683052403
 20
613.4584093244379
 10
5549.55931173267
 20
616.1183799439737
 10
5545.784916458306
 20
621.4261232985459
 10
5541.1340538857
 20
618.8100131014547
 10
5540.170577368323
 20
616.1002353963341
  0
LWPOLYLINE
  5
6D
330
17
100
AcDbEntity
  8
K
100
AcDbPolyline
 90
13
 70
1
 10
5527.819047619048
 20
20.564521110619793
 10
5521.934184536441
 20
20.564521110619793
 10
5520.978608048977
 20
23.252079981611608
 10
5514.285714285715
 20
24.148449682048323
 10
5514.285714285715
 20
45.69827584540032
 10
5519.0791390903405
 20
51.9896459014707
 10
5524.892800995892
 20
55.62318459244053
 10
5527.819047619048
 20
51.050924243758345
 10
5527.819047619048
 20
43.84687635375195
 10
5524.0095238095255
 20
38.48973349660911
 10
5524.0095238095255
 20
33.18952111061968
 10
5527.819047619048
 20
26.046663967762562
 10
5527.819047619048
 20
20.564521110619793
  0
LWPOLYLINE
  5
6E
330
17
100
AcDbEntity
  8
K
100
AcDbPolyline
 90
52
 70
1
 10
5375.238095238096
 20
556.4221300261521
 10
5375.238095238096
 20
568.9463979969211
 10
5381.985423876636
 20
571.657378253477
 10
5385.8538304622825
 20
571.657378253477
 10
5387.758592367045
 20
569.8716639677624
 10
5397.203312394861
 20
569.8716639677624
 10
5399.108074299624
 20
571.657378253477
 10
5402.99668760514
 20
571.657378253477
 10
5407.819047619049
 20
567.1364157404379
 10
5407.819047619049
 20
558.2321122826354
 10
5414.385714285715
 20
555.5937194254924
 10
5420.979807437998
 20
558.2431318527493
 10
5427.67305112924
 20
571.6893803396187
 10
5435.294550163556
 20
568.1168026672837
 10
5439.098370632232
 20
575.2489660460533
 10
5442.064997548205
 20
574.3218951348118
 10
5446.8161940836435
 20
568.0859496820484
 10
5450.536645728195
 20
568.0859496820484
 10
5452.441407632957
 20
569.8716639677624
 10
5463.838946441203
 20
569.8716639677624
 10
5465.7437083459645
 20
575.2288068249055
 10
5475.398095238097
 20
575.2288068249055
 10
5477.302857142858
 20
571.657378253477
 10
5480.9923809523825
 20
571.657378253477
 10
5482.897142857144
 20
575.2288068249055
 10
5484.921904761906
 20
575.2288068249055
 10
5486.83076923077
 20
571.6496859457845
 10
5500.124503897907
 20
569.8692750528643
 10
5509.67762846502
 20
566.2868533401971
 10
5512.597104927528
 20
563.5498441565959
 10
5510.651145226547
 20
558.0768324975857
 10
5505.861393144315
 20
557.1787539821674
 10
5493.533333333335
 20
545.6211979093729
 10
5493.533333333335
 20
543.8354836236589
 10
5483.99561748801
 20
534.8938750186672
 10
5482.089672449519
 20
529.5334045979087
 10
5466.866666666668
 20
517.045782666664
 10
5466.866666666668
 20
513.4783407665159
 10
5455.438095238096
 20
502.7640550522302
 10
5455.438095238096
 20
499.18717505389685
 10
5443.994003425651
 20
490.24647832542354
 10
5442.090855583248
 20
484.8938750186674
 10
5435.346082425143
 20
478.57065018294355
 10
5426.689221915688
 20
484.882944304421
 10
5422.879365079366
 20
492.02642587252456
 10
5413.349212679561
 20
499.174040172378
 10
5411.442477750087
 20
504.5367321615245
 10
5401.904761904763
 20
513.4783407665159
 10
5401.904761904763
 20
517.045782666664
 10
5386.695133323462
 20
529.5224311122627
 10
5369.487968926242
 20
551.0313866087882
 10
5375.238095238096
 20
556.4221300261521
  0
LWPOLYLINE
  5
6F
330
17
100
AcDbEntity
  8
K
100
AcDbPolyline
 90
7
 70
1
 10
5508.777899735236
 20
27.70737825347691
 10
5495.2985504901
 20
27.70737825347691
 10
5493.275272696406
 20
29.604201185064237
 10
5500.952380952383
 20
35.00216792754696
 10
5500.952380952383
 20
36.779272883294965
 10
5507.805554935903
 20
43.20412349284586
 10
5508.777899735236
 20
27.70737825347691
  0
LWPOLYLINE
  5
70
330
17
100
AcDbEntity
  8
K
100
AcDbPolyline
 90
51
 70
1
 10
5321.012836204385
 20
25.02880682490549
 10
5319.137213740745
 20
26.78720288456804
 10
5312.553931457047
 20
22.37875492673391
 10
5309.666871488961
 20
17.867723726599948
 10
5306.677217669235
 20
18.801990545264214
 10
5305.728369474243
 20
25.02880682490549
 10
5302.0906781448075
 20
25.02880682490549
 10
5301.146025774434
 20
18.829525644333156
 10
5296.286326682493
 20
14.273557745638321
 10
5280.987480912816
 20
30.409059143345353
 10
5274.302578336885
 20
34.885556404013364
 10
5273.350464922564
 20
37.56337538178967
 10
5260.859278558342
 20
45.67063576241437
 10
5265.788090605945
 20
48.4430925391911
 10
5279.096024045911
 20
48.4430925391911
 10
5282.905547855435
 20
53.80023539633405
 10
5286.727121918671
 20
53.80023539633405
 10
5288.638642414522
 20
55.59228586119447
 10
5300.164748600943
 20
53.791331769566185
 10
5302.064761904763
 20
50.22880682490549
 10
5305.762690712578
 20
50.22880682490549
 10
5309.561833405123
 20
55.57135123629742
 10
5312.3878205760475
 20
56.45447222721134
 10
5313.341585009166
 20
66.29016794374255
 10
5328.705930636827
 20
68.09067719698415
 10
5330.615735224188
 20
66.300235396334
 10
5334.456291654037
 20
66.300235396334
 10
5335.423005782851
 20
63.581351909045125
 10
5350.676190476192
 20
51.06897384028963
 10
5350.676190476192
 20
49.279272883295036
 10
5357.282401890854
 20
43.085949682048266
 10
5361.0985077946825
 20
43.085949682048266
 10
5368.71755541373
 20
34.157378253476864
 10
5370.615735224188
 20
34.157378253476864
 10
5382.0564484806155
 20
23.431709575576278
 10
5384.922140405347
 20
22.536180849097477
 10
5389.686655788808
 20
16.28275440830629
 10
5396.424989449901
 20
13.575388205188666
 10
5393.496175834957
 20
7.168608422501221
 10
5355.272500510126
 20
8.960343203352817
 10
5352.383491302007
 20
15.28005084610995
 10
5351.439723397642
 20
23.243092539191213
 10
5347.7790476190485
 20
23.243092539191213
 10
5345.874285714287
 20
19.671663967762655
 10
5343.849523809525
 20
19.671663967762655
 10
5341.944761904763
 20
23.243092539191213
 10
5338.255238095238
 20
23.243092539191213
 10
5336.35942397202
 20
19.688441058155814
 10
5330.54079270685
 20
17.87011878778999
 10
5324.813842277157
 20
25.02880682490549
 10
5321.012836204385
 20
25.02880682490549
  0
LWPOLYLINE
  5
71
330
17
100
AcDbEntity
  8
K
100
AcDbPolyline
 90
5
 70
1
 10
5333.562379074053
 20
618.9432491222699
 10
5332.542945903216
 20
616.0760933292885
 10
5329.494763783092
 20
617.0286502418269
 10
5330.51419695393
 20
619.8958060348084
 10
5333.562379074053
 20
618.9432491222699
  0
LWPOLYLINE
  5
72
330
17
100
AcDbEntity
  8
K
100
AcDbPolyline
 90
22
 70
1
 10
5298.172963467945
 20
621.6573782534767
 10
5302.02370019433
 20
623.4624110939696
 10
5305.833224003853
 20
619.8909825225411
 10
5309.610554509992
 20
621.6616061972934
 10
5314.485714285715
 20
620.7475137393453
 10
5314.485714285715
 20
611.7792728832948
 10
5316.394757109735
 20
609.989545235777
 10
5315.428867324438
 20
600.0288068249055
 10
5311.468571428572
 20
600.0288068249055
 10
5309.56380952381
 20
603.600235396334
 10
5305.774740966291
 20
603.600235396334
 10
5303.869979061528
 20
605.3859496820482
 10
5298.22143320358
 20
605.3859496820482
 10
5293.504108860888
 20
602.7324547392842
 10
5290.624057703203
 20
598.2323748054009
 10
5280.98674695459
 20
600.039370570766
 10
5279.0786712660765
 20
603.6170124867272
 10
5276.097002356409
 20
604.5487840209986
 10
5281.0052735223535
 20
609.1502882390721
 10
5285.72086045983
 20
610.034460789849
 10
5286.674535738896
 20
621.6573782534767
 10
5298.172963467945
 20
621.6573782534767
  0
LWPOLYLINE
  5
73
330
17
100
AcDbEntity
  8
K
100
AcDbPolyline
 90
5
 70
1
 10
5223.829712679606
 20
641.3054187140906
 10
5238.432506418622
 20
640.3927441054021
 10
5233.469228214555
 20
635.7396707890891
 10
5222.835690177492
 20
636.6459382354298
 10
5223.829712679606
 20
641.3054187140906
  0
LWPOLYLINE
  5
74
330
17
100
AcDbEntity
  8
K
100
AcDbPolyline
 90
14
 70
1
 10
5218.278374044069
 20
164.47920010294038
 10
5225.0819088701455
 20
159.92326160333582
 10
5212.491891269053
 20
155.3835917952493
 10
5205.731184979393
 20
156.28904353047167
 10
5204.779568167698
 20
160.74974733529046
 10
5194.285714285716
 20
161.64410988205026
 10
5194.285714285716
 20
172.40691219508741
 10
5187.675973761584
 20
178.60354393646094
 10
5177.131388389038
 20
179.50223018980293
 10
5178.102473981742
 20
187.6957648782479
 10
5189.645664509
 20
193.1066354379002
 10
5210.640444398547
 20
171.63470145995518
 10
5217.325993091688
 20
167.1577715315118
 10
5218.278374044069
 20
164.47920010294038
  0
LWPOLYLINE
  5
75
330
17
100
AcDbEntity
  8
K
100
AcDbPolyline
 90
7
 70
1
 10
5098.25031472983
 20
627.0301395620367
 10
5103.071549556801
 20
617.0863427314096
 10
5100.147867227012
 20
612.5180890911151
 10
5095.296748800275
 20
613.4276737961285
 10
5085.6589830765115
 20
620.6559980889516
 10
5090.527318176014
 20
625.2200622447358
 10
5098.25031472983
 20
627.0301395620367
  0
LWPOLYLINE
  5
76
330
17
100
AcDbEntity
  8
K
100
AcDbPolyline
 90
10
 70
1
 10
5085.943319105183
 20
604.6091969364717
 10
5083.018064782431
 20
600.0384870571712
 10
5078.18198308142
 20
599.1317217382318
 10
5074.305476369187
 20
600.9488342595909
 10
5073.35837858298
 20
603.6125467832999
 10
5068.459147833677
 20
604.5311525487941
 10
5081.052380952382
 20
616.3373085975809
 10
5084.009523809525
 20
613.5649871690093
 10
5084.009523809525
 20
606.4221300261522
 10
5085.943319105183
 20
604.6091969364717
  0
LWPOLYLINE
  5
77
330
17
100
AcDbEntity
  8
K
100
AcDbPolyline
 90
8
 70
1
 10
5059.070127144792
 20
586.6553968103426
 10
5058.120283344884
 20
589.3268324975857
 10
5053.201232482327
 20
590.249154534315
 10
5066.681938440103
 20
601.0818646789565
 10
5067.775244822248
 20
604.156788878739
 10
5068.774981171687
 20
593.8470077751556
 10
5062.038920471685
 20
585.7276488956892
 10
5059.070127144792
 20
586.6553968103426
  0
LWPOLYLINE
  5
78
330
17
100
AcDbEntity
  8
K
100
AcDbPolyline
 90
11
 70
1
 10
6616.1972702570065
 20
580.7104034459228
 10
6632.556647890087
 20
565.37348691491
 10
6655.438095238096
 20
533.1964515817732
 10
6655.438095238096
 20
531.3354836236587
 10
6644.896975607006
 20
521.4531839695121
 10
6636.197595808854
 20
522.359369365153
 10
6635.245558057289
 20
533.9623294623611
 10
6619.04761904762
 20
534.8555981577471
 10
6619.04761904762
 20
547.3866691647901
 10
6615.236139491621
 20
549.1733002066646
 10
6616.1972702570065
 20
580.7104034459228
  0
LWPOLYLINE
  5
79
330
17
100
AcDbEntity
  8
K
100
AcDbPolyline
 90
43
 70
1
 10
6530.553915848897
 20
571.457378253477
 10
6524.835709653565
 20
571.457378253477
 10
6515.306543363188
 20
576.8175342918134
 10
6500.055640201632
 20
578.6047495060585
 10
6498.155693347242
 20
580.3859496820481
 10
6490.536645728195
 20
580.3859496820481
 10
6488.631883823433
 20
582.1716639677627
 10
6469.584264775814
 20
582.1716639677627
 10
6467.679502871052
 20
583.9573782534767
 10
6463.861461324776
 20
583.9573782534767
 10
6458.14717561049
 20
591.100235396334
 10
6452.5204971289495
 20
591.100235396334
 10
6442.99668760514
 20
582.1716639677627
 10
6435.273855915782
 20
582.1716639677627
 10
6429.55713835005
 20
594.6769836428011
 10
6419.04761904762
 20
595.572681310622
 10
6419.04761904762
 20
600.9998904502013
 10
6416.226236868163
 20
607.1716639677626
 10
6412.5204971289495
 20
607.1716639677626
 10
6410.602033764118
 20
605.3731045632323
 10
6407.619047619049
 20
606.3052877335665
 10
6407.619047619049
 20
613.6207400577897
 10
6504.006495056568
 20
614.5154255228654
 10
6504.959407622508
 20
583.2479819529824
 10
6509.530697861535
 20
582.3908650331647
 10
6511.434321925384
 20
614.5145211106196
 10
6574.419047619049
 20
614.5145211106196
 10
6593.485097843401
 20
600.2149834423564
 10
6601.1138831334865
 20
596.6389903376285
 10
6609.723809523811
 20
586.7734496820482
 10
6609.723809523811
 20
549.1926264808014
 10
6606.806211414664
 20
546.4573782534768
 10
6602.917598109148
 20
546.4573782534768
 10
6597.203312394861
 20
551.8145211106197
 10
6589.584264775814
 20
551.8145211106197
 10
6587.700109329482
 20
553.5809168415559
 10
6580.122274627295
 20
550.0288068249054
 10
6576.330020938473
 20
550.0288068249054
 10
6572.493207380695
 20
546.4317941144877
 10
6555.29359636876
 20
557.1815509969474
 10
6545.750522878566
 20
560.7602035557701
 10
6541.938506715846
 20
566.1208512845944
 10
6530.553915848897
 20
571.457378253477
  0
LWPOLYLINE
  5
7A
330
17
100
AcDbEntity
  8
K
100
AcDbPolyline
 90
33
 70
1
 10
6302.062725712692
 20
5.382131821915936
 10
6287.481779295665
 20
6.293440972980124
 10
6296.290476190477
 20
14.551594311866367
 10
6298.234782843236
 20
12.728806824905403
 10
6301.918845664718
 20
12.728806824905403
 10
6302.863822995765
 20
18.930220559903567
 10
6328.654986892627
 20
41.31838366481722
 10
6332.503227008247
 20
39.514521110619704
 10
6345.874285714286
 20
39.514521110619704
 10
6347.783150183151
 20
35.93540023149877
 10
6361.02510822511
 20
34.16192370802229
 10
6370.542857142858
 20
41.30023539633398
 10
6374.445714285715
 20
41.30023539633398
 10
6376.353387914407
 20
37.72334734253702
 10
6395.368593919039
 20
35.94067177960281
 10
6400.181672933319
 20
33.23331483407033
 10
6402.12271582181
 20
27.77413171018861
 10
6374.406957086863
 20
5.374542215350497
 10
6371.451079525746
 20
6.298253953199939
 10
6370.498698573364
 20
8.97682538177136
 10
6364.869165101369
 20
10.736054591770072
 10
6353.50590845757
 20
5.409528039989286
 10
6351.601146552808
 20
1.8380994685607277
 10
6347.722116405379
 20
0.019804086953567612
 10
6340.973263694027
 20
2.731396694192978
 10
6340.019762083472
 20
5.413119973876501
 10
6332.476636902757
 20
8.948959902336906
 10
6323.027609492599
 20
5.4055746235277535
 10
6321.052380952381
 20
1.7020211106197891
 10
6319.083516483517
 20
5.393641989740683
 10
6305.769261286068
 20
7.17680116797037
 10
6303.93634222686
 20
8.895162785979128
 10
6302.062725712692
 20
5.382131821915936
  0
LWPOLYLINE
  5
7B
330
17
100
AcDbEntity
  8
K
100
AcDbPolyline
 90
4
 70
1
 10
6401.130864979782
 20
614.5259252214322
 10
6402.144551942285
 20
609.7742675847016
 10
6394.035056242264
 20
613.5755936940863
 10
6401.130864979782
 20
614.5259252214322
  0
LWPOLYLINE
  5
7C
330
17
100
AcDbEntity
  8
K
100
AcDbPolyline
 90
33
 70
1
 10
6328.6311571405795
 20
598.4552410209812
 10
6343.969125393284
 20
594.8604047117533
 10
6347.761620178877
 20
589.5272089195141
 10
6355.271175536875
 20
591.2872609565449
 10
6357.182857142858
 20
594.8716639677626
 10
6359.1992140493285
 20
594.8716639677626
 10
6363.008737858853
 20
589.5145211106197
 10
6366.7271219186705
 20
589.5145211106197
 10
6368.631883823433
 20
591.3002353963341
 10
6372.420952380954
 20
591.3002353963341
 10
6374.31313916148
 20
594.8480856098214
 10
6378.228365689697
 20
596.6833480449233
 10
6382.069259695904
 20
591.2820908486946
 10
6388.784107123437
 20
588.584161078704
 10
6386.852337904617
 20
577.7179592228453
 10
6380.14502442822
 20
576.8196583108274
 10
6378.214176384805
 20
575.0094882701272
 10
6366.778612322837
 20
580.3699089241749
 10
6357.244753035357
 20
573.2195144585648
 10
6349.597525970816
 20
578.5964709883206
 10
6334.3512122203165
 20
576.8097935956838
 10
6332.475905311748
 20
578.5678938224678
 10
6319.161644325596
 20
567.868934101453
 10
6315.364678803369
 20
569.6487616899963
 10
6307.776398370446
 20
560.7562455576641
 10
6304.961904761906
 20
559.876716304995
 10
6304.961904761906
 20
552.7781179774814
 10
6302.061389871044
 20
548.2460634605094
 10
6285.777090966718
 20
547.3480322709329
 10
6279.956184765094
 20
552.8051318349553
 10
6309.559632865425
 20
582.3488955641164
 10
6323.839681112265
 20
592.1664287338187
 10
6328.6311571405795
 20
598.4552410209812
  0
LWPOLYLINE
  5
7D
330
17
100
AcDbEntity
  8
K
100
AcDbPolyline
 90
41
 70
1
 10
6164.810309760196
 20
562.5288068249054
 10
6161.000785950673
 20
567.8859496820484
 10
6157.203312394862
 20
567.8859496820484
 10
6153.3937885853375
 20
571.457378253477
 10
6147.688657708352
 20
571.457378253477
 10
6140.872657708353
 20
576.0216639677626
 10
6147.697338568164
 20
580.5917627578146
 10
6157.289964572886
 20
578.7931453819294
 10
6159.1871637956165
 20
577.0145211106196
 10
6168.631883823433
 20
577.0145211106196
 10
6170.536645728194
 20
578.8002353963341
 10
6174.334119284006
 20
578.8002353963341
 10
6178.158322769295
 20
584.178021547522
 10
6187.6784229846335
 20
580.6079839667702
 10
6193.384287844539
 20
589.5233978103735
 10
6204.829118604998
 20
587.7351430040517
 10
6206.727121918671
 20
589.5145211106197
 10
6214.359519177374
 20
589.5145211106197
 10
6219.076843520065
 20
592.1680160533839
 10
6222.000398181026
 20
596.7360702111345
 10
6225.885158071462
 20
591.2731266152094
 10
6239.210050888867
 20
582.35020731784
 10
6257.316472837863
 20
565.3754367406559
 10
6268.793547708783
 20
551.0290931520065
 10
6258.239523558896
 20
533.9387699547452
 10
6249.523809523811
 20
536.6624305907094
 10
6249.523809523811
 20
545.6211979093729
 10
6244.828136440742
 20
550.0233914247495
 10
6231.494803107409
 20
548.2376771390352
 10
6229.584264775814
 20
550.0288068249054
 10
6225.8538304622825
 20
550.0288068249054
 10
6223.949068557522
 20
548.2430925391911
 10
6220.1931414095625
 20
548.2430925391911
 10
6219.24458879015
 20
534.9040713287095
 10
6214.399161463174
 20
530.3614832096694
 10
6203.841692953843
 20
536.65997294535
 10
6199.077449277663
 20
542.9130427703362
 10
6183.864785403447
 20
553.6094470568945
 10
6178.148996018299
 20
555.3956312397529
 10
6168.638095238096
 20
562.5288068249054
 10
6164.810309760196
 20
562.5288068249054
  0
LWPOLYLINE
  5
7E
330
17
100
AcDbEntity
  8
K
100
AcDbPolyline
 90
5
 70
1
 10
6199.0586338560315
 20
566.0818080441855
 10
6194.494079025632
 20
565.2259540134855
 10
6195.427080429684
 20
555.6043770341967
 10
6199.991635260084
 20
556.4602310648968
 10
6199.0586338560315
 20
566.0818080441855
  0
LWPOLYLINE
  5
7F
330
17
100
AcDbEntity
  8
K
100
AcDbPolyline
 90
14
 70
1
 10
6222.04430665276
 20
19.871663967762633
 10
6235.286500236387
 20
19.871663967762633
 10
6239.126491515763
 20
25.2716517043855
 10
6261.183429960408
 20
8.189511876332102
 10
6256.3453100837305
 20
0.025184584440340885
 10
6241.94571001972
 20
0.9251595884410824
 10
6237.185876736736
 20
8.957378253476866
 10
6220.060455252004
 20
8.957378253476866
 10
6216.259071237125
 20
12.521175767426286
 10
6206.735261713315
 20
10.735461481712004
 10
6200.000000000001
 20
17.049769337944443
 10
6200.000000000001
 20
20.760156424539765
 10
6220.137645848915
 20
21.659158471366347
 10
6222.04430665276
 20
19.871663967762633
  0
LWPOLYLINE
  5
80
330
17
100
AcDbEntity
  8
K
100
AcDbPolyline
 90
20
 70
1
 10
6178.178463089139
 20
30.66699654560978
 10
6180.027424875766
 20
34.13379989553589
 10
6183.89852808848
 20
35.94837952649566
 10
6191.499248048465
 20
34.16696078587389
 10
6193.3937885853375
 20
35.94309253919115
 10
6197.323774047231
 20
35.94309253919115
 10
6200.216813416118
 20
22.381970497531988
 10
6194.485714285715
 20
20.59100201928077
 10
6194.485714285715
 20
15.27544778232337
 10
6190.651885985326
 20
9.884126734901022
 10
6187.761193995174
 20
7.17410299413368
 10
6173.400898628538
 20
6.276584533718932
 10
6146.630528352269
 20
27.788489220006984
 10
6150.5004949670565
 20
33.23062977205271
 10
6151.555389845907
 20
34.21959372097461
 10
6153.493333333335
 20
30.58594968204831
 10
6157.196730300557
 20
30.58594968204831
 10
6164.825392741897
 20
39.525788480493816
 10
6172.537438033385
 20
37.71827786530135
 10
6178.178463089139
 20
30.66699654560978
  0
LWPOLYLINE
  5
81
330
17
100
AcDbEntity
  8
K
100
AcDbPolyline
 90
38
 70
1
 10
6100.060455252004
 20
94.87166396776259
 10
6102.857142857144
 20
97.49355859758069
 10
6102.857142857144
 20
104.6364157404378
 10
6104.609026680576
 20
106.27880682490543
 10
6095.234595197798
 20
106.27880682490543
 10
6096.195745060246
 20
134.21222470231697
 10
6103.890585519958
 20
130.60526823682673
 10
6107.679502871052
 20
134.15737825347685
 10
6111.568116176569
 20
134.15737825347685
 10
6128.7231151472815
 20
118.07456671843342
 10
6131.587567710809
 20
117.17942529233127
 10
6137.378697740427
 20
109.94051275530848
 10
6134.425259033712
 20
107.17166396776257
 10
6121.1093613585035
 20
107.17166396776257
 10
6116.40791148627
 20
99.23796730836776
 10
6119.202345624257
 20
94.87166396776259
 10
6130.615735224188
 20
94.87166396776259
 10
6134.418500442623
 20
91.30657157548016
 10
6145.905152131711
 20
93.10136090190025
 10
6146.861988037314
 20
81.43992330235838
 10
6151.559539452227
 20
78.79755063147009
 10
6160.200000000001
 20
77.89750265774353
 10
6160.200000000001
 20
67.03460779074932
 10
6155.359385754359
 20
64.31176227757562
 10
6138.23030894034
 20
66.09604111236922
 10
6136.330020938473
 20
64.31452111061975
 10
6132.532547382662
 20
64.31452111061975
 10
6128.723023573139
 20
58.95737825347691
 10
6117.282401890854
 20
58.95737825347691
 10
6115.369500191448
 20
57.16403291028349
 10
6110.524577273947
 20
58.07245595731481
 10
6100.055548505544
 20
69.67166396776258
 10
6098.158539271494
 20
69.67166396776258
 10
6078.115989297463
 20
86.67204117787763
 10
6076.128492706866
 20
90.39859728524702
 10
6092.439108289938
 20
91.29807976225467
 10
6096.250931442481
 20
94.87166396776259
 10
6100.060455252004
 20
94.87166396776259
  0
LWPOLYLINE
  5
82
330
17
100
AcDbEntity
  8
K
100
AcDbPolyline
 90
17
 70
1
 10
6073.3937885853375
 20
121.65737825347689
 10
6075.306690284744
 20
123.45072359667031
 10
6084.817473174499
 20
121.66745180484106
 10
6088.656289469603
 20
127.06578721982919
 10
6089.72380952381
 20
126.06498716900927
 10
6089.72380952381
 20
104.512413633559
 10
6077.304660446557
 20
101.82557849665308
 10
6074.485714285715
 20
97.42097512033831
 10
6074.485714285715
 20
93.77880682490547
 10
6072.445752158236
 20
93.77880682490547
 10
6045.740831007254
 20
115.23811846408738
 10
6041.872653671206
 20
120.67774284290633
 10
6046.754411666926
 20
125.25439096389456
 10
6052.519902522306
 20
121.65095917928193
 10
6060.070676619895
 20
119.88124650015963
 10
6061.965217156766
 20
121.65737825347689
 10
6073.3937885853375
 20
121.65737825347689
  0
LWPOLYLINE
  5
83
330
17
100
AcDbEntity
  8
K
100
AcDbPolyline
 90
25
 70
1
 10
5917.191262141148
 20
505.5859496820484
 10
5921.000785950673
 20
510.943092539191
 10
5928.742005939752
 20
510.943092539191
 10
5931.606063331399
 20
502.8879311251825
 10
5934.356039710835
 20
502.028563506609
 10
5949.619660015827
 20
518.1269130470295
 10
5950.697795086798
 20
517.1161614179939
 10
5943.039376581261
 20
500.9616848828754
 10
5939.236874573366
 20
497.39683925047405
 10
5937.332112668604
 20
490.25398210761693
 10
5934.407594200875
 20
487.51224604412045
 10
5927.632357695026
 20
490.234439283077
 10
5926.68276547544
 20
494.68565281239205
 10
5917.334650717822
 20
496.4384243294454
 10
5916.3847506728725
 20
483.0804549473432
 10
5911.515316414753
 20
482.167436023946
 10
5907.745631184322
 20
483.9344759757106
 10
5900.124401368965
 20
475.0033472858389
 10
5891.4285714285725
 20
479.5324253797933
 10
5891.4285714285725
 20
492.1805925391912
 10
5898.229006416403
 20
493.0913650822041
 10
5900.100000000001
 20
491.3373085975806
 10
5904.773534007488
 20
495.7187467295999
 10
5907.6439930482
 20
505.5859496820484
 10
5917.191262141148
 20
505.5859496820484
  0
LWPOLYLINE
  5
84
330
17
100
AcDbEntity
  8
K
100
AcDbPolyline
 90
15
 70
1
 10
5941.141636478127
 20
333.21791725647967
 10
5943.049110386211
 20
326.0648901011641
 10
5946.947475411774
 20
320.58281428396805
 10
5938.2390766516155
 20
319.675689413118
 10
5935.426465992514
 20
317.038866920211
 10
5932.5560069518015
 20
307.1716639677625
 10
5926.806211414664
 20
307.1716639677625
 10
5924.893309715258
 20
305.3783186245692
 10
5920.000000000001
 20
306.2958141961799
 10
5920.000000000001
 20
322.53322802505954
 10
5924.870895727401
 20
323.44652097394686
 10
5934.294368132376
 20
319.9127188220813
 10
5935.2425998728595
 20
335.02516218603637
 10
5938.221081383165
 20
335.95593765800714
 10
5941.141636478127
 20
333.21791725647967
  0
LWPOLYLINE
  5
85
330
17
100
AcDbEntity
  8
K
100
AcDbPolyline
 90
19
 70
1
 10
5922.998750154521
 20
566.3067006593755
 10
5929.723809523811
 20
558.200602312465
 10
5929.723809523811
 20
550.9481448764236
 10
5921.104067528234
 20
548.2544755028059
 10
5918.295238095239
 20
545.6211979093729
 10
5918.295238095239
 20
542.0593378044103
 10
5913.4828607503105
 20
535.7430925391911
 10
5905.840480822628
 20
535.7430925391911
 10
5901.193672728587
 20
533.129262986294
 10
5906.866666666668
 20
524.2652099580439
 10
5906.866666666668
 20
520.621197909373
 10
5903.939648865724
 20
517.8771187209884
 10
5891.4285714285725
 20
520.5838422049876
 10
5891.4285714285725
 20
529.6281706451273
 10
5897.142857142858
 20
536.7710277879844
 10
5897.142857142858
 20
540.3462020747442
 10
5908.591085057819
 20
552.867701356733
 10
5916.229917327126
 20
565.4001605485638
 10
5922.998750154521
 20
566.3067006593755
  0
LWPOLYLINE
  5
86
330
17
100
AcDbEntity
  8
K
100
AcDbPolyline
 90
10
 70
1
 10
7457.107016545288
 20
424.24567232307396
 10
7459.04761904762
 20
426.0649871690093
 10
7459.04761904762
 20
431.4663068249055
 10
7465.84805403545
 20
432.3770793679184
 10
7467.758592367045
 20
430.58594968204824
 10
7471.620702356344
 20
430.58594968204824
 10
7472.586646655898
 20
418.81350353121627
 10
7465.818486627234
 20
416.09415351969903
 10
7462.898146574907
 20
417.0067597860511
 10
7457.107016545288
 20
424.24567232307396
  0
LWPOLYLINE
  5
87
330
17
100
AcDbEntity
  8
K
100
AcDbPolyline
 90
8
 70
1
 10
7442.902443069245
 20
439.3287289605273
 10
7438.0490266805755
 20
443.87880682490544
 10
7448.631883823433
 20
453.8002353963341
 10
7450.634075358817
 20
453.8002353963341
 10
7457.342857142858
 20
442.11976711162157
 10
7457.342857142858
 20
436.6359496820483
 10
7449.604471495682
 20
436.6359496820483
 10
7442.902443069245
 20
439.3287289605273
  0
LWPOLYLINE
  5
88
330
17
100
AcDbEntity
  8
K
100
AcDbPolyline
 90
4
 70
1
 10
7409.791681490269
 20
204.6133993064997
 10
7404.7619047619055
 20
199.89798362365875
 10
7404.7619047619055
 20
207.44264871620433
 10
7409.791681490269
 20
204.6133993064997
  0
LWPOLYLINE
  5
89
330
17
100
AcDbEntity
  8
K
100
AcDbPolyline
 90
22
 70
1
 10
7349.646084151104
 20
166.100235396334
 10
7342.015757625807
 20
162.52351983760093
 10
7334.336841985538
 20
164.32326569078904
 10
7331.428571428572
 20
167.04976933794447
 10
7331.428571428572
 20
177.87094448502117
 10
7339.069892442001
 20
181.45281371006638
 10
7343.872074243567
 20
193.15813185138043
 10
7345.8538304622825
 20
191.30023539633402
 10
7353.47287808133
 20
191.30023539633402
 10
7355.338095238096
 20
189.5515943118664
 10
7358.103008006574
 20
192.14370003231485
 10
7360.971364220754
 20
207.3818424201471
 10
7376.278050554577
 20
205.58809011540225
 10
7385.818601192482
 20
209.16579660461687
 10
7389.616967436856
 20
207.38531242756676
 10
7395.350350237837
 20
210.96867667818032
 10
7398.295238095238
 20
208.20784431186635
 10
7398.295238095238
 20
193.85380682490538
 10
7394.466839136586
 20
186.67555877743126
 10
7361.021004564171
 20
153.52834772798417
 10
7355.273855915782
 20
166.100235396334
 10
7349.646084151104
 20
166.100235396334
  0
LWPOLYLINE
  5
8A
330
17
100
AcDbEntity
  8
K
100
AcDbPolyline
 90
24
 70
1
 10
7157.242857142858
 20
530.3755084505043
 10
7153.414395043768
 20
528.5809168415557
 10
7151.489026680576
 20
530.3859496820484
 10
7143.82360756948
 20
530.3859496820484
 10
7142.849379635685
 20
536.7793204975727
 10
7153.439811949968
 20
544.9026634659145
 10
7155.343142307302
 20
543.1182912559146
 10
7168.676475640635
 20
553.8325769702005
 10
7170.615735224188
 20
552.0145211106196
 10
7176.25093144248
 20
552.0145211106196
 10
7178.155693347242
 20
553.8002353963342
 10
7183.94116118725
 20
553.8002353963342
 10
7191.5266755360735
 20
548.4666706198173
 10
7201.042741995841
 20
555.6037204646436
 10
7209.72380952381
 20
551.0823311271603
 10
7209.72380952381
 20
545.6352608346239
 10
7206.8258988598645
 20
541.1072754222087
 10
7193.478357761552
 20
539.3196583108277
 10
7191.568116176569
 20
537.5288068249055
 10
7182.095533991104
 20
537.5288068249055
 10
7181.148275772558
 20
527.7602064461454
 10
7178.229006416403
 20
525.0233914247497
 10
7164.83338695036
 20
526.8174476032374
 10
7157.242857142858
 20
530.3755084505043
  0
LWPOLYLINE
  5
8B
330
17
100
AcDbEntity
  8
K
100
AcDbPolyline
 90
13
 70
1
 10
7127.572836204386
 20
18.878806824905503
 10
7128.631883823433
 20
19.871663967762633
 10
7140.040000000001
 20
19.871663967762633
 10
7141.95693024513
 20
23.465908177380037
 10
7157.237442851115
 20
18.093852964338296
 10
7168.674419559931
 20
23.454935796595635
 10
7182.007752893264
 20
16.312078653738403
 10
7201.0565443627065
 20
25.24119965503957
 10
7205.888773524997
 20
22.523070751250927
 10
7207.843340312825
 20
18.85825802407437
 10
7202.996159056146
 20
14.314025595937308
 10
7131.488500737705
 20
15.207871324917853
 10
7127.572836204386
 20
18.878806824905503
  0
LWPOLYLINE
  5
8C
330
17
100
AcDbEntity
  8
K
100
AcDbPolyline
 90
14
 70
1
 10
7020.906169537719
 20
18.878806824905503
 10
7023.869979061528
 20
21.65737825347691
 10
7033.385270848586
 20
21.65737825347691
 10
7039.084083848398
 20
28.78089450324328
 10
7042.93486822985
 20
30.58594968204831
 10
7046.818261668377
 20
30.58594968204831
 10
7050.620622063597
 20
25.238880376269645
 10
7060.131404953353
 20
27.02215216809889
 10
7063.949068557521
 20
23.44309253919119
 10
7079.197146464596
 20
23.44309253919119
 10
7084.021888314539
 20
17.110618861139514
 10
7083.0273324767395
 20
14.313430567327924
 10
7024.821713741397
 20
15.207984133957186
 10
7020.906169537719
 20
18.878806824905503
  0
LWPOLYLINE
  5
8D
330
17
100
AcDbEntity
  8
K
100
AcDbPolyline
 90
33
 70
1
 10
6959.108074299623
 20
557.1716639677627
 10
6947.679502871052
 20
557.1716639677627
 10
6945.774740966291
 20
558.9573782534768
 10
6924.901449509903
 20
558.9573782534768
 10
6922.914096017901
 20
557.0942343547262
 10
6921.897452188388
 20
559.9535451252303
 10
6925.714285714286
 20
568.8992487015541
 10
6925.714285714286
 20
574.279272883295
 10
6927.619047619049
 20
576.0649871690092
 10
6927.619047619049
 20
581.4706466249032
 10
6938.152164237773
 20
582.3683554276356
 10
6943.869979061528
 20
587.7288068249055
 10
7041.091925700378
 20
587.7288068249055
 10
7048.732212446613
 20
580.5660380003108
 10
7065.001349095877
 20
570.6968926064552
 10
7062.07339645969
 20
566.1219666124118
 10
7058.223755906784
 20
564.3174476032374
 10
7044.828136440742
 20
562.5233914247495
 10
7042.917598109148
 20
564.3145211106198
 10
7039.202345624257
 20
564.3145211106198
 10
7033.476395298484
 20
555.3677237265998
 10
7024.768772957
 20
558.088855708314
 10
7023.817961862256
 20
567.894095122855
 10
7004.879687410428
 20
569.6695583527135
 10
7001.033442662815
 20
567.8666311272701
 10
6997.242857142858
 20
571.4203050522303
 10
6995.377639986092
 20
569.6716639677625
 10
6985.898075891016
 20
569.6716639677625
 10
6983.993313986254
 20
558.9573782534768
 10
6980.139544747997
 20
558.9573782534768
 10
6974.419482606879
 20
553.5948199961783
 10
6961.007356524164
 20
555.3910868822561
 10
6959.108074299623
 20
557.1716639677627
  0
LWPOLYLINE
  5
8E
330
17
100
AcDbEntity
  8
K
100
AcDbPolyline
 90
29
 70
1
 10
6902.013536881348
 20
130.37350927826387
 10
6896.273256581916
 20
126.78583409111866
 10
6883.809523809525
 20
140.26823733048465
 10
6883.809523809525
 20
158.06452111061975
 10
6878.2883795048
 20
158.06452111061975
 10
6877.3271233466
 20
144.54685638593378
 10
6845.636082711291
 20
176.0578342903606
 10
6852.461614352826
 20
178.80023539633405
 10
6860.071320377359
 20
178.80023539633405
 10
6865.775335572933
 20
182.36524489356765
 10
6873.445927466938
 20
184.16303986872495
 10
6885.886084701764
 20
177.88315280306765
 10
6892.535937465236
 20
166.30528415237887
 10
6913.501709789255
 20
168.09213974817595
 10
6915.408672606418
 20
162.72880682490543
 10
6919.125344420326
 20
162.72880682490543
 10
6926.7443920393725
 20
166.300235396334
 10
6932.524407611145
 20
166.300235396334
 10
6945.857740944478
 20
152.01452111061974
 10
6947.758592367045
 20
152.01452111061974
 10
6960.246211414664
 20
140.30737825347683
 10
6955.3611604986145
 20
135.72764301968033
 10
6945.845808253062
 20
139.29590011176262
 10
6939.240286432721
 20
131.33388720331607
 10
6938.272685348679
 20
126.79825712187387
 10
6928.702833524781
 20
128.5926043388549
 10
6926.808813042793
 20
126.81696013699084
 10
6912.463544865534
 20
125.92038087591217
 10
6902.013536881348
 20
130.37350927826387
  0
LWPOLYLINE
  5
8F
330
17
100
AcDbEntity
  8
K
100
AcDbPolyline
 90
11
 70
1
 10
6822.893040293041
 20
568.7864991325978
 10
6819.014529057952
 20
576.0587076983895
 10
6829.554506945442
 20
582.3467626880853
 10
6833.3817383316255
 20
587.7288068249055
 10
6841.130750601435
 20
587.7288068249055
 10
6844.020613789629
 20
575.9887376228646
 10
6842.980208117661
 20
575.0133573053947
 10
6833.517628960472
 20
578.5618244893406
 10
6832.57596332225
 20
570.6165206668388
 10
6829.657577844974
 20
567.8805342818926
 10
6822.893040293041
 20
568.7864991325978
  0
LWPOLYLINE
  5
90
330
17
100
AcDbEntity
  8
K
100
AcDbPolyline
 90
22
 70
1
 10
8272.380952380952
 20
425.9986999575015
 10
8267.656398401952
 20
435.7430925391913
 10
8263.94906855752
 20
435.7430925391913
 10
8256.290476190477
 20
428.5631621950873
 10
8253.33968851128
 20
431.32952564433316
 10
8251.432736275297
 20
443.8438996929727
 10
8243.805177965036
 20
456.3578625457457
 10
8244.77598852186
 20
462.72880682490546
 10
8248.710973319427
 20
462.72880682490546
 10
8251.628571428571
 20
459.9935585975806
 10
8251.628571428571
 20
456.3354836236587
 10
8249.739962070384
 20
454.56491235035776
 10
8250.646767844513
 20
452.0145211106198
 10
8262.056356906473
 20
452.0145211106198
 10
8265.860814483964
 20
446.66450264227296
 10
8279.1025946194
 20
448.4379553389831
 10
8282.931299569216
 20
452.02736622943576
 10
8285.914285714285
 20
451.09518305910154
 10
8285.914285714285
 20
415.19849299893355
 10
8275.29502138063
 20
416.103543936461
 10
8272.380952380952
 20
418.83548362365883
 10
8272.380952380952
 20
425.9986999575015
  0
LWPOLYLINE
  5
91
330
17
100
AcDbEntity
  8
K
100
AcDbPolyline
 90
5
 70
1
 10
8276.190476190477
 20
475.96317921932075
 10
8276.190476190477
 20
481.41630682490546
 10
8284.95026370187
 20
491.45356334837885
 10
8285.922538206834
 20
470.48889433511965
 10
8276.190476190477
 20
475.96317921932075
  0
LWPOLYLINE
  5
92
330
17
100
AcDbEntity
  8
K
100
AcDbPolyline
 90
7
 70
1
 10
8280.000000000002
 20
297.47949567233
 10
8282.937768027245
 20
302.0697582148973
 10
8285.914285714285
 20
299.27927288329505
 10
8285.914285714285
 20
288.42166396776247
 10
8281.965217156767
 20
288.42166396776247
 10
8280.000000000002
 20
290.2640550522303
 10
8280.000000000002
 20
297.47949567233
  0
LWPOLYLINE
  5
93
330
17
100
AcDbEntity
  8
K
100
AcDbPolyline
 90
13
 70
1
 10
8281.904761904761
 20
361.6926264808017
 10
8274.277768694043
 20
368.84293261585145
 10
8276.175154610934
 20
379.515728398364
 10
8263.861323719606
 20
382.17977835081484
 10
8260.913585815784
 20
384.94328263564836
 10
8269.578354978355
 20
394.87166396776263
 10
8273.385270848585
 20
394.87166396776263
 10
8279.088622765383
 20
402.00085386375974
 10
8284.959697437273
 20
403.83556469872536
 10
8285.915940203846
 20
345.56452111061986
 10
8274.219047619048
 20
345.56452111061986
 10
8281.904761904761
 20
359.97523539633426
 10
8281.904761904761
 20
361.6926264808017
  0
LWPOLYLINE
  5
94
330
17
100
AcDbEntity
  8
K
100
AcDbPolyline
 90
8
 70
1
 10
8257.142857142859
 20
422.5237544876731
 10
8260.111389322405
 20
423.45142079378104
 10
8264.961904761905
 20
420.7230058590615
 10
8264.961904761905
 20
413.50122209111373
 10
8261.118436153085
 20
404.4930925391913
 10
8259.08761904762
 20
404.4930925391913
 10
8257.142857142859
 20
408.1395211106197
 10
8257.142857142859
 20
422.5237544876731
  0
LWPOLYLINE
  5
95
330
17
100
AcDbEntity
  8
K
100
AcDbPolyline
 90
4
 70
1
 10
8244.055735224187
 20
463.5216639677625
 10
8242.857142857143
 20
462.39798362365883
 10
8242.857142857143
 20
464.64534431186644
 10
8244.055735224187
 20
463.5216639677625
  0
LWPOLYLINE
  5
96
330
17
100
AcDbEntity
  8
K
100
AcDbPolyline
 90
10
 70
1
 10
8154.186326754138
 20
136.82510599058483
 10
8148.578564605375
 20
143.83480867653876
 10
8147.595464048008
 20
148.44309253919118
 10
8162.983337965484
 20
148.44309253919118
 10
8167.880891618795
 20
145.6882186092041
 10
8149.687231060198
 20
126.83623480671235
 10
8143.890234264574
 20
123.2131118094466
 10
8135.199300101497
 20
133.17147387130535
 10
8138.153394004224
 20
135.94093690511178
 10
8154.186326754138
 20
136.82510599058483
  0
LWPOLYLINE
  5
97
330
17
100
AcDbEntity
  8
K
100
AcDbPolyline
 90
9
 70
1
 10
7859.056924340673
 20
529.5166655437732
 10
7857.13119796546
 20
543.9596133578691
 10
7862.0361668581145
 20
544.8792950252416
 10
7863.949068557521
 20
543.0859496820483
 10
7869.663354271806
 20
543.0859496820483
 10
7872.592990262266
 20
540.339415940993
 10
7870.66146135351
 20
533.0961825331592
 10
7862.014339586433
 20
528.592473279473
 10
7859.056924340673
 20
529.5166655437732
  0
LWPOLYLINE
  5
98
330
17
100
AcDbEntity
  8
K
100
AcDbPolyline
 90
17
 70
1
 10
7848.6452334630885
 20
98.24309253919117
 10
7843.816200569838
 20
100.95942354164444
 10
7842.870428349057
 20
108.93937665448495
 10
7833.401928379982
 20
107.16403291028342
 10
7829.584264775814
 20
110.74309253919112
 10
7820.045273423363
 20
110.74309253919112
 10
7817.113823751961
 20
115.32348265075775
 10
7819.047619047619
 20
117.13641574043787
 10
7819.047619047619
 20
120.70784431186642
 10
7821.965217156766
 20
123.44309253919117
 10
7833.4110587060395
 20
123.44309253919117
 10
7837.2597608702135
 20
125.24717167864785
 10
7868.859364247325
 20
97.41797552266928
 10
7862.017598759191
 20
94.6690518890444
 10
7855.26432233469
 20
95.57350855304014
 10
7854.315136917393
 20
98.24309253919117
 10
7848.6452334630885
 20
98.24309253919117
  0
LWPOLYLINE
  5
99
330
17
100
AcDbEntity
  8
K
100
AcDbPolyline
 90
15
 70
1
 10
7721.0052735223535
 20
196.46446826788156
 10
7718.079085548665
 20
199.20776949321484
 10
7720.013906321516
 20
204.64945291685777
 10
7724.861904761905
 20
209.1944514547236
 10
7726.806211414663
 20
207.37166396776263
 10
7736.250931442481
 20
207.37166396776263
 10
7738.155693347243
 20
209.1573782534769
 10
7745.859740259741
 20
209.1573782534769
 10
7754.514699262574
 20
199.24023772939626
 10
7749.673336940786
 20
192.8859496820483
 10
7740.139544747997
 20
192.8859496820483
 10
7738.229006416402
 20
191.09481999617816
 10
7731.4547985251675
 20
192.00207998161156
 10
7730.5012357258365
 20
194.6839753547285
 10
7721.0052735223535
 20
196.46446826788156
  0
LWPOLYLINE
  5
9A
330
17
100
AcDbEntity
  8
K
100
AcDbPolyline
 90
11
 70
1
 10
7658.106390064309
 20
255.5859496820484
 10
7675.2985504901
 20
255.5859496820484
 10
7677.203312394861
 20
257.37166396776246
 10
7681.091925700378
 20
257.37166396776246
 10
7684.014774845495
 20
254.63149289421582
 10
7683.04779893378
 20
246.47263363912043
 10
7673.480440763362
 20
244.6787539821672
 10
7671.5613575854795
 20
242.879613502902
 10
7660.054099380331
 20
244.67762259745663
 10
7657.137606106888
 20
247.41183504130936
 10
7658.106390064309
 20
255.5859496820484
  0
LWPOLYLINE
  5
9B
330
17
100
AcDbEntity
  8
K
100
AcDbPolyline
 90
11
 70
1
 10
7664.7619047619055
 20
231.4394739843032
 10
7673.45001176203
 20
235.96452971353477
 10
7675.377639986093
 20
234.15737825347682
 10
7679.187163795616
 20
234.15737825347682
 10
7684.009523809525
 20
229.6364157404379
 10
7684.009523809525
 20
224.18401715083547
 10
7676.374033555665
 20
218.81531306609025
 10
7675.403680644657
 20
216.08619550387832
 10
7670.521286497641
 20
217.00164440644366
 10
7664.7619047619055
 20
224.20087157611246
 10
7664.7619047619055
 20
231.4394739843032
  0
LWPOLYLINE
  5
9C
330
17
100
AcDbEntity
  8
K
100
AcDbPolyline
 90
23
 70
1
 10
8873.339268155078
 20
92.86656983239972
 10
8868.77142857143
 20
92.0100999104656
 10
8868.77142857143
 20
74.16243059070926
 10
8865.76859304229
 20
73.22404448785346
 10
8860.937670935446
 20
81.37622554315227
 10
8864.756487925448
 20
88.53650739940522
 10
8862.846295292818
 20
97.49053536485664
 10
8874.310692656474
 20
106.44709580521283
 10
8877.178264195132
 20
110.92767633436596
 10
8882.973726814798
 20
112.7387584030114
 10
8897.332343377922
 20
102.86720951586348
 10
8898.278677465638
 20
98.43126847969563
 10
8909.591023366902
 20
96.66371443262301
 10
8912.368914499639
 20
99.26798736956432
 10
8910.461913507208
 20
106.41924109119006
 10
8919.190267667165
 20
112.7836659994933
 10
8923.023198057846
 20
103.80023539633399
 10
8928.710973319427
 20
103.80023539633399
 10
8933.581864914626
 20
99.23377452583327
 10
8900.121181835466
 20
69.65692073264663
 10
8890.555405604484
 20
73.24408681926454
 10
8874.290405480515
 20
74.14105373786583
 10
8873.339268155078
 20
92.86656983239972
  0
LWPOLYLINE
  5
9D
330
17
100
AcDbEntity
  8
K
100
AcDbPolyline
 90
16
 70
1
 10
8562.85516043413
 20
535.9443416199545
 10
8636.413741173881
 20
535.0487420167916
 10
8634.476974229183
 20
525.9701469635171
 10
8632.580952380953
 20
524.1926264808016
 10
8632.580952380953
 20
513.4924036917666
 10
8629.683041717006
 20
508.96441827935166
 10
8616.335500618694
 20
507.1768011679704
 10
8614.425259033711
 20
505.3859496820484
 10
8602.983337965485
 20
505.3859496820484
 10
8593.459528441676
 20
500.02880682490536
 10
8589.655446901535
 20
500.02880682490536
 10
8582.046436925622
 20
494.6787216855922
 10
8574.434586585892
 20
492.8946942622178
 10
8566.792509954594
 20
485.7302474203752
 10
8563.810939409243
 20
486.6619882157975
 10
8562.85516043413
 20
535.9443416199545
  0
LWPOLYLINE
  5
9E
330
17
100
AcDbEntity
  8
K
100
AcDbPolyline
 90
44
 70
1
 10
8492.512357334304
 20
459.16500931095595
 10
8494.425259033711
 20
457.37166396776263
 10
8498.155693347242
 20
457.37166396776263
 10
8500.95238095238
 20
459.9935585975806
 10
8500.95238095238
 20
463.48658586182654
 10
8495.186474352922
 20
470.69396911115126
 10
8500.07380489166
 20
473.4430925391911
 10
8507.679502871051
 20
473.4430925391911
 10
8510.476190476193
 20
476.06498716900916
 10
8510.476190476193
 20
481.4423730564495
 10
8518.095238095239
 20
485.0138016278781
 10
8518.095238095239
 20
497.4935585975807
 10
8520.000000000002
 20
499.279272883295
 10
8520.000000000002
 20
504.6805925391912
 10
8526.80043498783
 20
505.5913650822043
 10
8528.686320873298
 20
503.82334706457755
 10
8533.333333333334
 20
506.4372915733472
 10
8533.333333333334
 20
513.4966639677624
 10
8531.37621136616
 20
517.1662676562145
 10
8536.32188114383
 20
518.0935807395272
 10
8540.139544747997
 20
514.5145211106196
 10
8543.869979061528
 20
514.5145211106196
 10
8547.664347831149
 20
518.0717418321407
 10
8554.285714285716
 20
520.7321122826353
 10
8554.285714285716
 20
524.1926264808016
 10
8552.364799834379
 20
525.9934837789294
 10
8553.39028649409
 20
528.8776650093706
 10
8558.29523809524
 20
524.2792728832949
 10
8558.29523809524
 20
481.35380682490535
 10
8556.367493763843
 20
477.7392862035362
 10
8548.742981197123
 20
472.3783008050614
 10
8541.126133440705
 20
461.66710864759796
 10
8525.889966257906
 20
449.16869025546004
 10
8523.000204822294
 20
444.65343801231404
 10
8520.027597639348
 20
445.5823777569844
 10
8517.178617820544
 20
451.8145211106198
 10
8511.588571428572
 20
451.8145211106198
 10
8509.687033389635
 20
448.2491372876144
 10
8501.152380952382
 20
447.3601109920672
 10
8501.152380952382
 20
443.8450520901248
 10
8496.335979953192
 20
437.523525778689
 10
8487.61904761905
 20
438.4315395634958
 10
8487.61904761905
 20
458.24751373934527
 10
8492.512357334304
 20
459.16500931095595
  0
LWPOLYLINE
  5
9F
330
17
100
AcDbEntity
  8
K
100
AcDbPolyline
 90
58
 70
1
 10
8499.04761904762
 20
261.69792974981334
 10
8499.04761904762
 20
265.26405505223016
 10
8495.248839712349
 20
268.82541067904543
 10
8493.34407780759
 20
275.96826782190254
 10
8487.61904761905
 20
281.33548362365866
 10
8487.61904761905
 20
426.0649871690093
 10
8488.659173571687
 20
427.04010524960876
 10
8494.373459285975
 20
423.4686766781802
 10
8502.004761904762
 20
430.6230228832949
 10
8503.94906855752
 20
428.80023539633396
 10
8507.633131379003
 20
428.80023539633396
 10
8509.541254605541
 20
441.3222940704878
 10
8517.327424300543
 20
439.4974105482222
 10
8518.284191504494
 20
435.01256427970014
 10
8524.041693715186
 20
431.4141253980185
 10
8518.295238095237
 20
420.6395211106196
 10
8518.295238095237
 20
411.6926264808017
 10
8516.390476190476
 20
409.9069121950872
 10
8516.390476190476
 20
402.7640550522301
 10
8514.485714285716
 20
400.9783407665158
 10
8514.485714285716
 20
356.4221300261522
 10
8516.390476190476
 20
354.6364157404377
 10
8516.390476190476
 20
347.4935585975806
 10
8518.295238095237
 20
345.7078443118665
 10
8518.295238095237
 20
333.1895211106198
 10
8522.104761904762
 20
326.0466639677627
 10
8522.104761904762
 20
322.48216586748737
 10
8525.914285714287
 20
317.12502301034453
 10
8525.914285714287
 20
313.47834076651594
 10
8524.009523809525
 20
311.69262648080166
 10
8524.009523809525
 20
300.93416396776263
 10
8517.209088821694
 20
300.02339142474955
 10
8515.298550490099
 20
301.8145211106197
 10
8511.620702356342
 20
301.8145211106197
 10
8510.684007441409
 20
290.3985518348483
 10
8520.98400449646
 20
289.5207111767474
 10
8523.823430131039
 20
297.50659577400074
 10
8526.72712191867
 20
300.2288068249054
 10
8532.551529749275
 20
300.2288068249054
 10
8535.426684513277
 20
292.14243405115036
 10
8541.15238095238
 20
284.98531350226983
 10
8541.15238095238
 20
281.3268742936924
 10
8533.533333333335
 20
275.9697314365496
 10
8533.533333333335
 20
268.9663068249054
 10
8540.145024428219
 20
268.08081248184044
 10
8543.057142857144
 20
265.3507014547235
 10
8543.057142857144
 20
258.13526083462403
 10
8540.168634554928
 20
253.62196661241188
 10
8536.315353400114
 20
251.81574107109407
 10
8520.2
 20
250.92702672917576
 10
8520.2
 20
245.70784431186644
 10
8523.006798740942
 20
243.07647049223246
 10
8533.533333333335
 20
240.38502698849652
 10
8533.533333333335
 20
233.11113500970714
 10
8526.764228281634
 20
228.57825216258576
 10
8518.119697351765
 20
234.8815559656142
 10
8508.590300565924
 20
250.96241304172017
 10
8499.04761904762
 20
261.69792974981334
  0
LWPOLYLINE
  5
A0
330
17
100
AcDbEntity
  8
K
100
AcDbPolyline
 90
35
 70
1
 10
9751.519533305885
 20
139.28592114939244
 10
9743.94116118725
 20
133.95737825347686
 10
9740.060455252005
 20
133.95737825347686
 10
9735.238095238095
 20
138.47834076651588
 10
9735.238095238095
 20
142.16661163053013
 10
9738.143551519386
 20
143.07456671843354
 10
9751.489026680576
 20
155.5859496820483
 10
9753.381738331624
 20
155.5859496820483
 10
9757.191262141148
 20
160.94309253919116
 10
9759.108074299624
 20
160.94309253919116
 10
9772.480952380953
 20
173.4801657404378
 10
9774.425259033711
 20
171.65737825347682
 10
9780.128679622641
 20
171.65737825347682
 10
9785.816972043303
 20
168.1021954905627
 10
9790.494517542873
 20
170.7333148340705
 10
9791.462986022012
 20
173.45713243164673
 10
9801.144661891805
 20
171.6418182060604
 10
9802.11110656535
 20
161.67535751015373
 10
9798.29523809524
 20
159.88666916478977
 10
9798.29523809524
 20
156.42213002615213
 10
9802.104761904762
 20
152.85070145472358
 10
9802.104761904762
 20
149.14698412790128
 10
9786.937052277171
 20
147.36951815591792
 10
9789.688402471535
 20
143.0705334772232
 10
9792.580952380951
 20
142.16661163053013
 10
9792.580952380951
 20
136.6420045599116
 10
9778.158360016128
 20
135.74059253711002
 10
9776.25093144248
 20
137.52880682490542
 10
9772.503227008247
 20
137.52880682490542
 10
9768.57846397053
 20
135.6890741509761
 10
9767.622821889629
 20
156.2951065204461
 10
9763.052808458244
 20
157.15198403883056
 10
9762.101151365317
 20
131.27880682490544
 10
9760.060455252004
 20
131.27880682490544
 10
9751.519533305885
 20
139.28592114939244
  0
LWPOLYLINE
  5
A1
330
17
100
AcDbEntity
  8
K
100
AcDbPolyline
 90
23
 70
1
 10
9683.790845679863
 20
458.1387086559289
 10
9688.601870387063
 20
469.86558137972844
 10
9707.631954002269
 20
471.6496517186538
 10
9708.577783749377
 20
477.85665943404933
 10
9711.489026680574
 20
480.58594968204824
 10
9726.685749762293
 20
480.58594968204824
 10
9727.609470518515
 20
484.91589072683706
 10
9725.714285714286
 20
486.6926264808017
 10
9725.714285714286
 20
490.3658630019186
 10
9730.558867649903
 20
493.090940340703
 10
9740.068595046647
 20
491.30786645381295
 10
9741.965217156765
 20
493.08594968204824
 10
9747.758592367043
 20
493.08594968204824
 10
9750.682976946397
 20
490.3443391389061
 10
9749.713026054887
 20
483.9790364133821
 10
9724.900794815792
 20
476.8216620174891
 10
9715.364290346435
 20
471.45737825347686
 10
9711.568116176568
 20
471.45737825347686
 10
9703.94906855752
 20
464.31452111061975
 10
9700.13393554392
 20
464.31452111061975
 10
9689.708127576283
 20
456.3174524990806
 10
9688.714475410672
 20
453.5228057832975
 10
9683.790845679863
 20
458.1387086559289
  0
LWPOLYLINE
  5
A2
330
17
100
AcDbEntity
  8
K
100
AcDbPolyline
 90
11
 70
1
 10
9489.538046506097
 20
133.23101416159722
 10
9494.359519177375
 20
135.94309253919113
 10
9503.869979061526
 20
135.94309253919113
 10
9505.782880760935
 20
137.73643788238454
 10
9510.788471213944
 20
136.79788967244522
 10
9508.771428571428
 20
134.90691219508733
 10
9508.771428571428
 20
129.51009991046558
 10
9503.975157807316
 20
128.61079914219442
 10
9502.062725712693
 20
125.0249889647731
 10
9487.590969064413
 20
125.92947375529052
 10
9489.538046506097
 20
133.23101416159722
  0
LWPOLYLINE
  5
A3
330
17
100
AcDbEntity
  8
K
100
AcDbPolyline
 90
9
 70
1
 10
9455.235179979443
 20
186.70451564942846
 10
9456.201030063206
 20
198.47581354530186
 10
9459.233225652855
 20
197.52825242353646
 10
9460.180916904374
 20
193.0859496820483
 10
9465.863813131262
 20
193.0859496820483
 10
9470.680258168062
 20
186.76436557124666
 10
9469.711510697278
 20
178.59055878649775
 10
9461.000421358196
 20
179.49796392598526
 10
9455.235179979443
 20
186.70451564942846
  0
LWPOLYLINE
  5
A4
330
17
100
AcDbEntity
  8
K
100
AcDbPolyline
 90
4
 70
1
 10
9457.389068557519
 20
211.73594968204824
 10
9456.190476190477
 20
210.61226933794453
 10
9456.190476190477
 20
212.85963002615216
 10
9457.389068557519
 20
211.73594968204824
  0
LWPOLYLINE
  5
A5
330
17
100
AcDbEntity
  8
K
100
AcDbPolyline
 90
43
 70
1
 10
9409.52380952381
 20
200.98224764970053
 10
9409.52380952381
 20
202.75195348932618
 10
9403.83959650456
 20
206.30458662635675
 10
9396.135432121167
 20
217.13856779050255
 10
9402.890166398329
 20
219.85252352686214
 10
9405.714285714286
 20
224.2652099580441
 10
9405.714285714286
 20
227.7640550522303
 10
9402.917598109147
 20
230.38594968204828
 10
9399.121423939278
 20
230.38594968204828
 10
9394.285714285716
 20
233.1060363621781
 10
9394.285714285716
 20
238.5649871690093
 10
9397.20331239486
 20
241.30023539633393
 10
9401.02618584404
 20
241.30023539633393
 10
9405.707865286904
 20
243.93368008294559
 10
9403.817978163817
 20
261.6513718618926
 10
9399.100511617591
 20
262.5358968393102
 10
9396.180899089943
 20
265.2730335839798
 10
9398.10685912777
 20
274.30097126128885
 10
9402.98083378028
 20
277.04258200332634
 10
9409.710071449912
 20
268.9314473122527
 10
9413.519093508625
 20
260.0040518621481
 10
9422.061538995156
 20
250.21583307549656
 10
9424.961904761903
 20
249.30946877338732
 10
9424.961904761903
 20
245.71994587477042
 10
9430.647450818617
 20
242.16647958932603
 10
9440.171260342426
 20
227.88076530361178
 10
9445.88421301925
 20
224.31016988059704
 10
9449.72380952381
 20
218.9107372960587
 10
9449.72380952381
 20
209.85839559633612
 10
9439.200290475961
 20
208.9615047683945
 10
9434.519971146172
 20
202.81858564804546
 10
9437.282401890854
 20
200.2288068249054
 10
9443.008737858852
 20
200.2288068249054
 10
9446.828642785355
 20
194.85706552201165
 10
9449.72380952381
 20
193.95232591624446
 10
9449.72380952381
 20
192.01957344785214
 10
9446.740823378741
 20
191.0873902775181
 10
9444.847012460035
 20
192.86283801380466
 10
9435.364290346437
 20
187.52880682490547
 10
9429.663354271806
 20
187.52880682490547
 10
9427.7504525724
 20
185.73546148171204
 10
9422.906441309611
 20
186.64371359348496
 10
9409.52380952381
 20
200.98224764970053
  0
LWPOLYLINE
  5
A6
330
17
100
AcDbEntity
  8
K
100
AcDbPolyline
 90
117
 70
1
 10
10779.04761904762
 20
274.2792728832949
 10
10779.04761904762
 20
343.97880682490535
 10
10794.285714285716
 20
343.97880682490535
 10
10794.285714285716
 20
358.1211979093731
 10
10792.380952380954
 20
359.9069121950874
 10
10792.380952380954
 20
363.5649871690093
 10
10794.285714285716
 20
365.3507014547236
 10
10794.285714285716
 20
370.70784431186644
 10
10797.203312394864
 20
373.4430925391913
 10
10808.579297643659
 20
373.4430925391913
 10
10809.527974909302
 20
385.00509671422054
 10
10817.04429819864
 20
390.29001152703546
 10
10813.333333333336
 20
392.0295263076471
 10
10813.333333333336
 20
395.621197909373
 10
10811.428571428572
 20
397.4069121950873
 10
10811.428571428572
 20
418.83548362365883
 10
10809.523809523813
 20
420.6211979093731
 10
10809.523809523813
 20
445.6964515817731
 10
10813.296439573653
 20
451.00171258936297
 10
10801.920282288638
 20
459.8893354682806
 10
10800.977426202027
 20
462.5411182118714
 10
10796.190476190479
 20
463.43867133903694
 10
10796.190476190479
 20
479.5497693379443
 10
10793.39378858534
 20
482.1716639677626
 10
10782.024099932893
 20
482.1716639677626
 10
10768.649548656273
 20
476.7979603298348
 10
10763.81122016492
 20
481.3338932904766
 10
10762.861790625388
 20
505.36632850986854
 10
10758.287519034666
 20
504.5086525866077
 10
10757.3336292292
 20
494.6716639677625
 10
10753.393788585337
 20
494.6716639677625
 10
10749.584264775815
 20
498.2430925391913
 10
10745.836560341582
 20
498.2430925391913
 10
10738.176299805675
 20
494.6523454129842
 10
10736.250931442482
 20
496.4573782534768
 10
10732.520497128951
 20
496.4573782534768
 10
10730.62329790622
 20
494.6787539821672
 10
10721.02097599903
 20
492.878318624569
 10
10714.299620607231
 20
499.1795893043817
 10
10712.39485870247
 20
504.5367321615245
 10
10700.966287273899
 20
515.2510178758101
 10
10699.065946114302
 20
520.595727387169
 10
10689.542136590493
 20
525.9528702443121
 10
10687.641555716222
 20
531.2982539531997
 10
10684.802908479669
 20
532.1853312146227
 10
10679.079165131274
 20
539.3400104001186
 10
10672.40797330486
 20
543.8073263553052
 10
10669.569082947173
 20
548.2430925391911
 10
10665.779438656142
 20
548.2430925391911
 10
10653.36137759037
 20
558.0939582884815
 10
10648.621901154454
 20
564.3145211106198
 10
10644.82236001391
 20
564.3145211106198
 10
10639.975707306226
 20
568.8582580240743
 10
10643.809523809527
 20
576.0466639677627
 10
10643.809523809527
 20
581.439473984303
 10
10652.411102989021
 20
585.9194631402898
 10
10655.234134126538
 20
590.3304492926592
 10
10653.327412089038
 20
604.630864573908
 10
10656.250931442482
 20
607.3716639677625
 10
10660.11813345818
 20
607.3716639677625
 10
10669.58931785687
 20
603.8199698182538
 10
10674.292590358466
 20
609.9930149765985
 10
10675.260039052886
 20
614.5279307316886
 10
10686.866666666669
 20
612.7143951670347
 10
10686.866666666669
 20
605.5749152361952
 10
10702.097730614403
 20
603.7900249298201
 10
10703.053655966563
 20
592.1396847003576
 10
10705.814285714288
 20
589.5515943118664
 10
10715.319156948532
 20
598.4624110939694
 10
10726.825812672241
 20
593.0686662234808
 10
10744.961904761907
 20
574.276333959517
 10
10744.961904761907
 20
572.4975452688611
 10
10760.200000000003
 20
559.9975452688611
 10
10760.200000000003
 20
556.4221300261521
 10
10771.628571428573
 20
545.7078443118662
 10
10771.628571428573
 20
542.131112471426
 10
10781.140072161967
 20
531.4306741463589
 10
10783.039691009946
 20
526.0879961364119
 10
10788.741355876395
 20
522.5244555948829
 10
10792.56869788015
 20
517.1422559021016
 10
10796.37709449513
 20
508.21632633574075
 10
10802.095972409352
 20
501.06772894296313
 10
10804.000734314113
 20
493.924871800106
 10
10809.723809523812
 20
486.77102778798434
 10
10809.723809523812
 20
483.18952111062
 10
10813.505908457571
 20
476.0980856098212
 10
10817.330289855796
 20
474.3054068294029
 10
10819.24248055491
 20
465.3420129273097
 10
10826.86098768728
 20
451.0573120541167
 10
10830.668993825848
 20
434.9922861570353
 10
10834.482012922492
 20
429.63022805238063
 10
10836.387937269425
 20
413.5489913751292
 10
10842.104761904764
 20
401.0434374853237
 10
10842.104761904764
 20
390.37094448502086
 10
10845.905097463004
 20
388.58953719209524
 10
10849.717454345864
 20
363.570945148335
 10
10851.628571428573
 20
361.77927288329505
 10
10851.628571428573
 20
343.922130026152
 10
10853.533333333335
 20
342.13641574043794
 10
10853.533333333335
 20
277.7640550522301
 10
10851.628571428573
 20
275.9783407665158
 10
10851.628571428573
 20
263.4682778668499
 10
10838.29523809524
 20
254.5397064382785
 10
10838.29523809524
 20
247.4272713860729
 10
10833.494830344032
 20
237.52643039920608
 10
10809.552303736204
 20
238.42427514699972
 10
10807.632953940563
 20
243.82244644723883
 10
10799.147619047622
 20
251.77744790937317
 10
10796.390476190478
 20
249.19262648080164
 10
10796.390476190478
 20
243.8354836236588
 10
10793.433333333334
 20
241.06316219508727
 10
10789.569109735912
 20
244.68587181766998
 10
10776.195863686584
 20
250.05905103391902
 10
10775.234482370786
 20
261.775885820191
 10
10777.142857142859
 20
263.5649871690092
 10
10777.142857142859
 20
272.4935585975806
 10
10779.04761904762
 20
274.2792728832949
  0
LWPOLYLINE
  5
A7
330
17
100
AcDbEntity
  8
K
100
AcDbPolyline
 90
5
 70
1
 10
10654.47750786068
 20
568.1049036060798
 10
10659.041545805467
 20
568.9606607207272
 10
10658.103444520275
 20
582.1527100437313
 10
10653.539406575488
 20
581.2969529290835
 10
10654.47750786068
 20
568.1049036060798
  0
LWPOLYLINE
  5
A8
330
17
100
AcDbEntity
  8
K
100
AcDbPolyline
 90
4
 70
1
 10
10775.484306652761
 20
249.23594968204833
 10
10774.285714285716
 20
248.11226933794438
 10
10774.285714285716
 20
250.35963002615202
 10
10775.484306652761
 20
249.23594968204833
  0
LWPOLYLINE
  5
A9
330
17
100
AcDbEntity
  8
K
100
AcDbPolyline
 90
8
 70
1
 10
10753.377009033202
 20
162.5354574008163
 10
10749.561833405125
 20
167.9005481277992
 10
10746.64985325055
 20
168.81054192610335
 10
10747.631614906111
 20
173.41254968654573
 10
10751.511291148236
 20
175.2311479250408
 10
10760.200000000003
 20
174.32607408631506
 10
10760.200000000003
 20
161.62166396776257
 10
10753.377009033202
 20
162.5354574008163
  0
LWPOLYLINE
  5
AA
330
17
100
AcDbEntity
  8
K
100
AcDbPolyline
 90
44
 70
1
 10
10692.520497128951
 20
53.80023539633405
 10
10698.155693347244
 20
53.80023539633405
 10
10700.081061710434
 20
55.60526823682677
 10
10707.791622743285
 20
51.99094275267879
 10
10709.623809523811
 20
48.55559253919106
 10
10711.452911239894
 20
51.98515825684591
 10
10717.214177520218
 20
55.58594968204833
 10
10730.61573522419
 20
55.58594968204833
 10
10734.427860661843
 20
52.012082084248675
 10
10748.77142857143
 20
51.115609089899316
 10
10748.77142857143
 20
49.19262648080169
 10
10735.424188916582
 20
36.67958930438153
 10
10734.447707807976
 20
33.93323618643118
 10
10731.451079525747
 20
34.86968252462852
 10
10730.505613107869
 20
37.528806824905445
 10
10724.921904761906
 20
37.528806824905445
 10
10723.017142857145
 20
33.95737825347689
 10
10713.373333333335
 20
33.95737825347689
 10
10711.468571428573
 20
37.528806824905445
 10
10707.679502871053
 20
37.528806824905445
 10
10705.826699729192
 20
39.265809770400615
 10
10701.18663781284
 20
33.17572850518835
 10
10703.066719957676
 20
31.41315149440249
 10
10702.089785234792
 20
26.833769980872503
 10
10688.739235091249
 20
23.25772976385254
 10
10686.824311070619
 20
19.667247225171323
 10
10674.307450636017
 20
20.56990542958992
 10
10672.374178271193
 20
27.81967679767472
 10
10678.070945401463
 20
38.50111516693144
 10
10673.393788585337
 20
42.885949682048285
 10
10665.853830462283
 20
42.885949682048285
 10
10663.949068557524
 20
41.10023539633401
 10
10658.223917717882
 20
41.10023539633401
 10
10652.44593359406
 20
37.488995318944895
 10
10645.714285714288
 20
49.2092751096177
 10
10645.714285714288
 20
54.63641574043787
 10
10650.52450390034
 20
59.14599528986197
 10
10656.316319478405
 20
60.95593765800711
 10
10660.145900619671
 20
57.365705338068615
 10
10671.574472048243
 20
55.57999105235434
 10
10673.452271622902
 20
53.81955395111249
 10
10681.030106325088
 20
57.37166396776261
 10
10688.710973319427
 20
57.37166396776261
 10
10692.520497128951
 20
53.80023539633405
  0
LWPOLYLINE
  5
AB
330
17
100
AcDbEntity
  8
K
100
AcDbPolyline
 90
117
 70
1
 10
10458.126290313696
 20
196.6406011630837
 10
10463.939720515287
 20
198.45729810108048
 10
10477.224880867345
 20
184.2231977238764
 10
10481.892070820146
 20
192.0990807692303
 10
10476.21479195134
 20
204.51812829474247
 10
10472.380952380954
 20
206.31524059336138
 10
10472.380952380954
 20
217.11809253919122
 10
10474.253544380057
 20
220.62920253750684
 10
10468.599337358795
 20
224.16308192579436
 10
10465.805243164934
 20
228.52885410370482
 10
10460.158996282238
 20
221.4710455003369
 10
10454.35987099779
 20
219.65881884894668
 10
10452.435927952736
 20
221.46251545368477
 10
10445.714285714288
 20
222.36273539633387
 10
10445.714285714288
 20
234.90691219508741
 10
10442.917598109147
 20
237.52880682490542
 10
10423.927657267703
 20
237.52880682490542
 10
10414.362649025199
 20
233.94192873396602
 10
10410.536645728196
 20
237.52880682490542
 10
10393.472878081331
 20
237.52880682490542
 10
10391.56811617657
 20
235.7430925391911
 10
10385.762690712578
 20
235.7430925391911
 10
10381.953166903055
 20
241.10023539633397
 10
10370.636190476192
 20
241.10023539633397
 10
10368.731428571431
 20
237.52880682490542
 10
10359.087619047621
 20
237.52880682490542
 10
10357.173909361316
 20
241.11701248672713
 10
10354.202217620043
 20
242.0456661558753
 10
10370.514154704382
 20
259.1372178802759
 10
10375.263607427387
 20
261.80878503696516
 10
10379.06901921466
 20
268.9439321381012
 10
10392.380952380954
 20
279.6410212895889
 10
10392.380952380954
 20
283.2078443118665
 10
10399.089244547184
 20
289.49686821770626
 10
10407.61904761905
 20
293.9394739843032
 10
10407.61904761905
 20
297.49707289093243
 10
10424.771320417347
 20
311.7906335561812
 10
10425.733368809913
 20
316.3002353963339
 10
10435.377639986093
 20
316.3002353963339
 10
10437.282401890856
 20
314.51452111061985
 10
10441.109361358505
 20
314.51452111061985
 10
10445.910218204537
 20
306.413075182942
 10
10446.853760283448
 20
300.22108029008234
 10
10465.796503065765
 20
298.4451981542401
 10
10473.411058706042
 20
302.0145211106197
 10
10477.297583719495
 20
302.0145211106197
 10
10483.011869433782
 20
293.08594968204824
 10
10490.536645728196
 20
293.08594968204824
 10
10492.462014091387
 20
294.89098252254087
 10
10500.122274627296
 20
291.30023539633396
 10
10503.869979061528
 20
291.30023539633396
 10
10506.67015355725
 20
293.92539898607185
 10
10507.626238755754
 20
305.5776873428645
 10
10526.804821454536
 20
307.3756794708752
 10
10547.780544836807
 20
285.9232351026445
 10
10552.580952380953
 20
283.2230058590616
 10
10552.580952380953
 20
281.422130026152
 10
10565.914285714287
 20
268.92213002615205
 10
10565.914285714287
 20
267.14040241171824
 10
10581.152380952384
 20
254.64040241171827
 10
10581.152380952384
 20
252.85070145472355
 10
10594.485714285716
 20
240.3507014547236
 10
10594.485714285716
 20
238.5649871690093
 10
10606.818353242521
 20
227.0031381470049
 10
10609.701301426638
 20
226.1022168394683
 10
10611.6130510447
 20
220.7254210386732
 10
10623.02792360975
 20
211.80755184722565
 10
10634.444710567954
 20
197.53656814947408
 10
10640.200000000003
 20
195.73804020195874
 10
10640.200000000003
 20
193.91994817961833
 10
10665.065599013133
 20
168.8152568682846
 10
10660.165633997794
 20
167.89651342790867
 10
10658.25523809524
 20
164.31452111061972
 10
10652.509632003595
 20
164.31452111061972
 10
10646.754411666927
 20
160.71750840020204
 10
10644.82236001391
 20
162.52880682490544
 10
10641.09192570038
 20
162.52880682490544
 10
10639.187163795617
 20
160.74309253919117
 10
10629.584264775815
 20
160.74309253919117
 10
10627.679502871053
 20
162.52880682490544
 10
10623.938203432168
 20
162.52880682490544
 10
10618.197924424258
 20
158.94113244496245
 10
10613.333333333336
 20
161.67746493360647
 10
10613.333333333336
 20
172.40691219508741
 10
10610.536645728196
 20
175.02880682490542
 10
10597.203312394862
 20
175.02880682490542
 10
10593.424295210647
 20
178.57163543510669
 10
10585.845923092013
 20
173.2430925391911
 10
10581.965217156767
 20
173.2430925391911
 10
10580.055640201634
 20
175.03332093462976
 10
10564.817544963536
 20
176.81903522034403
 10
10562.917598109148
 20
178.60023539633409
 10
10553.381738331627
 20
178.60023539633409
 10
10549.572214522103
 20
183.95737825347692
 10
10547.679502871053
 20
183.95737825347692
 10
10537.142857142859
 20
193.83548362365877
 10
10537.142857142859
 20
195.62119790937305
 10
10521.904761904765
 20
209.90691219508727
 10
10521.904761904765
 20
211.6876335061152
 10
10509.721053624708
 20
221.35259440135246
 10
10508.770087475392
 20
150.92166396776264
 10
10506.711940090032
 20
150.92166396776264
 10
10503.8408892546
 20
155.4076808981262
 10
10500.077725372706
 20
157.1716639677626
 10
10488.693703198725
 20
157.1716639677626
 10
10484.853200249207
 20
155.37142821017602
 10
10478.11210214641
 20
159.88555640401336
 10
10477.176403077587
 20
162.51721003507726
 10
10465.860186333957
 20
160.74905116888516
 10
10460.139544747997
 20
155.38594968204833
 10
10456.255629132333
 20
155.38594968204833
 10
10443.8362549985
 20
165.23785704782912
 10
10439.967891766444
 20
170.67774284290638
 10
10445.714285714288
 20
176.0649871690093
 10
10445.714285714288
 20
186.79273459969315
 10
10456.21533905939
 20
193.0575675612607
 10
10458.126290313696
 20
196.6406011630837
  0
LWPOLYLINE
  5
AC
330
17
100
AcDbEntity
  8
K
100
AcDbPolyline
 90
5
 70
1
 10
10607.61736343226
 20
177.89005509717936
 10
10606.66906238479
 20
225.00876339332765
 10
10602.106446091553
 20
224.15327283834586
 10
10603.054747139024
 20
177.03456454219756
 10
10607.61736343226
 20
177.89005509717936
  0
LWPOLYLINE
  5
AD
330
17
100
AcDbEntity
  8
K
100
AcDbPolyline
 90
5
 70
1
 10
10549.712794715399
 20
196.67580560562524
 10
10554.277349545799
 20
197.53165963632523
 10
10553.344348141747
 20
207.15323661561425
 10
10548.779793311347
 20
206.29738258491403
 10
10549.712794715399
 20
196.67580560562524
  0
LWPOLYLINE
  5
AE
330
17
100
AcDbEntity
  8
K
100
AcDbPolyline
 90
8
 70
1
 10
10590.467177388533
 20
667.0849920785537
 10
10591.464665890475
 20
669.8904284902703
 10
10609.723809523812
 20
665.3857055544147
 10
10609.723809523812
 20
650.9540727957472
 10
10603.028232485836
 20
648.2638855929895
 10
10601.011726020686
 20
644.4829359708339
 10
10600.005138492714
 20
649.2013150082154
 10
10590.467177388533
 20
667.0849920785537
  0
LWPOLYLINE
  5
AF
330
17
100
AcDbEntity
  8
K
100
AcDbPolyline
 90
9
 70
1
 10
10605.901718427227
 20
615.3768354008312
 10
10609.723809523812
 20
613.5852301993067
 10
10609.723809523812
 20
608.1125885794066
 10
10602.078379644148
 20
602.7368956952678
 10
10599.158057938928
 20
598.173893030861
 10
10592.380952380954
 20
606.3427256230603
 10
10592.380952380954
 20
618.9718549806735
 10
10604.941541090557
 20
619.8776666664623
 10
10605.901718427227
 20
615.3768354008312
  0
LWPOLYLINE
  5
B0
330
17
100
AcDbEntity
  8
K
100
AcDbPolyline
 90
4
 70
1
 10
10597.14285714286
 20
26.683697909373084
 10
10597.14285714286
 20
28.931058597580716
 10
10598.341449509902
 20
27.807378253476898
 10
10597.14285714286
 20
26.683697909373084
  0
LWPOLYLINE
  5
B1
330
17
100
AcDbEntity
  8
K
100
AcDbPolyline
 90
163
 70
1
 10
10175.238095238097
 20
547.4935585975808
 10
10181.965217156767
 20
553.8002353963342
 10
10197.203312394862
 20
553.8002353963342
 10
10201.009307094917
 20
557.3683554276357
 10
10211.441580680808
 20
558.2574696537058
 10
10213.339688511283
 20
570.7138022911921
 10
10215.232844202128
 20
572.4886357513586
 10
10213.32707872424
 20
588.5685319710444
 10
10229.59640396692
 20
600.2322026413485
 10
10246.731595821568
 20
598.447286823156
 10
10248.631883823433
 20
600.2288068249054
 10
10254.299798045671
 20
600.2288068249054
 10
10255.243081792285
 20
606.419106412058
 10
10260.073189340621
 20
612.7586225692488
 10
10264.932680289461
 20
610.0251589105269
 10
10267.773774195688
 20
605.5859496820483
 10
10271.56811617657
 20
605.5859496820483
 10
10273.464738286688
 20
603.8078664538133
 10
10282.882188106789
 20
605.5736382950823
 10
10283.784894451826
 20
608.1124998904971
 10
10279.994653873484
 20
609.8891751615956
 10
10280.960250024611
 20
621.6573782534767
 10
10286.748533208493
 20
621.6573782534767
 10
10296.331100824893
 20
625.2508411096275
 10
10302.00647054549
 20
616.383075921196
 10
10311.475053052725
 20
630.5859496820484
 10
10328.710973319428
 20
630.5859496820484
 10
10330.61573522419
 20
628.8002353963338
 10
10336.23888118877
 20
628.8002353963338
 10
10340.033744811086
 20
634.1367623652164
 10
10343.902263470063
 20
635.9501304866121
 10
10349.569507753322
 20
634.1791166480938
 10
10352.401270032256
 20
640.3735966332616
 10
10360.016442634815
 20
645.7280148694348
 10
10360.98180358406
 20
648.4430925391912
 10
10364.82236001391
 20
648.4430925391912
 10
10368.631883823435
 20
652.0145211106197
 10
10378.217512722535
 20
652.0145211106197
 10
10381.985823615198
 20
650.2481253796838
 10
10383.86997906153
 20
652.0145211106197
 10
10387.749437529745
 20
652.0145211106197
 10
10394.468850234547
 20
647.5149143886548
 10
10395.40867260642
 20
644.8716639677626
 10
10400.957837524495
 20
644.8716639677626
 10
10401.901426418628
 20
661.679341144557
 10
10397.22553431657
 20
664.309530451965
 10
10387.695027334566
 20
662.5225603928392
 10
10378.991118393173
 20
668.869160662606
 10
10380.952380952383
 20
670.7078443118662
 10
10380.952380952383
 20
676.0649871690093
 10
10385.77474096629
 20
680.5859496820482
 10
10391.50629680128
 20
680.5859496820482
 10
10399.125344420327
 20
684.1573782534767
 10
10418.155693347244
 20
684.1573782534767
 10
10420.060455252005
 20
685.9430925391913
 10
10431.489026680576
 20
685.9430925391913
 10
10433.393788585337
 20
687.7288068249053
 10
10450.516190476192
 20
687.7288068249053
 10
10452.420952380955
 20
691.3002353963338
 10
10465.874285714288
 20
691.3002353963338
 10
10467.77904761905
 20
687.7288068249053
 10
10511.56811617657
 20
687.7288068249053
 10
10513.472878081333
 20
685.9430925391913
 10
10526.806211414665
 20
685.9430925391913
 10
10528.710973319427
 20
684.1573782534767
 10
10543.949068557522
 20
684.1573782534767
 10
10545.858645512657
 20
682.3671498580383
 10
10561.080133990312
 20
680.5833816770627
 10
10568.693703198724
 20
677.0145211106196
 10
10578.25523809524
 20
677.0145211106196
 10
10580.167487096973
 20
673.4290542323716
 10
10590.742125314779
 20
670.7253115062279
 10
10586.862965303442
 20
665.2702427402876
 10
10584.94909401282
 20
649.1219537256666
 10
10566.79981514767
 20
651.808524610311
 10
10562.99668760514
 20
648.2430925391913
 10
10555.398095238097
 20
648.2430925391913
 10
10553.50228111488
 20
644.6884410581558
 10
10550.676190476192
 20
643.8052877335664
 10
10550.676190476192
 20
631.3112156528898
 10
10543.933812149162
 20
628.602224360779
 10
10535.431892969515
 20
627.7166077795658
 10
10534.476499119151
 20
614.2813817588325
 10
10531.44614662099
 20
615.2283669145074
 10
10529.532839016645
 20
622.4032704308072
 10
10522.922984290224
 20
630.3705060385464
 10
10517.22381628765
 20
628.5895160377416
 10
10507.726202108677
 20
635.7127266719704
 10
10505.853830462283
 20
633.957378253477
 10
10492.400035476581
 20
633.957378253477
 10
10491.441138715636
 20
638.452206820408
 10
10487.626283505551
 20
640.2404202001345
 10
10486.70488191409
 20
648.014746128105
 10
10484.921904761906
 20
644.6716639677627
 10
10475.278095238098
 20
644.6716639677627
 10
10473.373333333335
 20
648.2430925391913
 10
10467.792042857036
 20
648.2430925391913
 10
10462.077757142752
 20
630.3859496820484
 10
10456.230476190478
 20
630.3859496820484
 10
10454.321611721614
 20
633.9650705611693
 10
10441.023863140837
 20
635.7460190318086
 10
10433.442037846035
 20
639.2999996387473
 10
10426.87317709072
 20
634.9012089543836
 10
10427.829944899497
 20
626.8284805678227
 10
10414.430738713934
 20
625.0339440251132
 10
10412.420112418642
 20
623.1489818732773
 10
10411.41899432804
 20
627.8417229229739
 10
10413.309040639559
 20
629.6136413400222
 10
10411.450526805133
 20
633.0983547795709
 10
10401.018445408465
 20
641.1002353963341
 10
10397.282401890856
 20
641.1002353963341
 10
10391.58327121647
 20
635.7573003890985
 10
10384.961904761907
 20
633.0969299386041
 10
10384.961904761907
 20
629.5656881038601
 10
10380.156980406124
 20
621.4573782534768
 10
10370.627785477902
 20
621.4573782534768
 10
10366.828642785356
 20
616.1148338420851
 10
10355.389781813949
 20
612.5401897885203
 10
10352.580952380955
 20
609.9069121950874
 10
10352.580952380955
 20
600.9783407665158
 10
10349.663354271808
 20
598.2430925391911
 10
10336.24241370573
 20
598.2430925391911
 10
10330.517194193955
 20
605.3996169289084
 10
10324.89606332883
 20
607.1562203242605
 10
10318.295238095241
 20
599.1998684802032
 10
10318.295238095241
 20
592.0593378044107
 10
10313.498001189024
 20
585.7629643650007
 10
10309.64046134657
 20
583.9547425638503
 10
10294.322103578741
 20
585.7498626147678
 10
10292.420952380955
 20
589.3145211106198
 10
10284.921904761906
 20
589.3145211106198
 10
10283.017142857147
 20
585.7430925391913
 10
10277.282401890856
 20
585.7430925391913
 10
10275.338095238098
 20
583.92030505223
 10
10273.39378858534
 20
585.7430925391913
 10
10265.853830462283
 20
585.7430925391913
 10
10263.050787679198
 20
583.1152399300473
 10
10261.140550787139
 20
570.5793103259108
 10
10246.841621417023
 20
567.8982610690143
 10
10245.93396397338
 20
565.345474508766
 10
10253.503503103293
 20
560.0231423080461
 10
10258.207652110144
 20
553.8489467365533
 10
10261.965217156767
 20
557.3716639677627
 10
10265.83656034158
 20
557.3716639677627
 10
10277.323095059386
 20
551.9873508187912
 10
10278.3163795098
 20
549.1937383019988
 10
10272.580952380955
 20
545.609096346469
 10
10272.580952380955
 20
543.8381574889656
 10
10252.539885304031
 20
523.2602761153397
 10
10248.693703198725
 20
521.4573782534769
 10
10241.012836204387
 20
521.4573782534769
 10
10239.108074299624
 20
523.2430925391913
 10
10231.489026680578
 20
523.2430925391913
 10
10229.584264775815
 20
525.0288068249055
 10
10206.797056577365
 20
525.0288068249055
 10
10200.1922260502
 20
520.6059292397504
 10
10199.232875721653
 20
514.3101927086709
 10
10180.952380952382
 20
515.212190805839
 10
10180.952380952382
 20
522.4935585975809
 10
10184.761904761906
 20
526.0649871690094
 10
10184.761904761906
 20
538.4631792193208
 10
10175.238095238097
 20
543.8203220764638
 10
10175.238095238097
 20
547.4935585975808
  0
LWPOLYLINE
  5
B2
330
17
100
AcDbEntity
  8
K
100
AcDbPolyline
 90
13
 70
1
 10
10572.452272758313
 20
19.871663967762633
 10
10578.135238095241
 20
19.871663967762633
 10
10580.17184680407
 20
23.690305296819258
 10
10581.158950366735
 20
11.65998062683471
 10
10570.647266834214
 20
8.972334269087723
 10
10567.801807872102
 20
2.7478927894660776
 10
10564.884970022424
 20
0.013357305394645635
 10
10555.284276296888
 20
3.6136174524710185
 10
10552.380952380954
 20
6.335483623658766
 10
10552.380952380954
 20
11.802037112855658
 10
10562.93672435285
 20
16.30023539633396
 10
10566.737987044027
 20
16.30023539633396
 10
10572.452272758313
 20
19.871663967762633
  0
LWPOLYLINE
  5
B3
330
17
100
AcDbEntity
  8
K
100
AcDbPolyline
 90
6
 70
1
 10
10561.082774748722
 20
630.6059312186644
 10
10567.810018126216
 20
622.4972003618608
 10
10569.753970688453
 20
615.2073782534767
 10
10554.285714285717
 20
615.2073782534767
 10
10554.285714285717
 20
627.8749694254925
 10
10561.082774748722
 20
630.6059312186644
  0
LWPOLYLINE
  5
B4
330
17
100
AcDbEntity
  8
K
100
AcDbPolyline
 90
33
 70
1
 10
10450.516190476192
 20
557.3716639677627
 10
10452.420952380955
 20
560.9430925391913
 10
10456.264281082138
 20
560.9430925391913
 10
10460.973057892163
 20
563.5917794948306
 10
10465.747222950655
 20
575.2288068249055
 10
10481.112380952381
 20
575.2288068249055
 10
10483.017142857145
 20
571.657378253477
 10
10492.540952380954
 20
571.657378253477
 10
10494.445714285715
 20
568.0859496820484
 10
10507.817671932227
 20
568.0859496820484
 10
10508.77203049702
 20
499.1931907860415
 10
10505.853830462283
 20
496.4573782534768
 10
10500.139544747999
 20
496.4573782534768
 10
10498.234782843238
 20
494.6716639677625
 10
10494.357034663075
 20
494.6716639677625
 10
10488.683683571171
 20
498.2175084002022
 10
10486.806211414665
 20
496.4573782534768
 10
10479.187163795617
 20
496.4573782534768
 10
10477.282401890856
 20
494.6716639677625
 10
10461.974371994067
 20
494.6716639677625
 10
10455.254959289266
 20
499.1712706897277
 10
10454.355861040736
 20
501.69998451371544
 10
10450.64244566511
 20
496.4779941417373
 10
10446.782509895305
 20
494.6686492496416
 10
10440.054975571784
 20
495.56965831082766
 10
10438.09523809524
 20
497.4069121950874
 10
10438.09523809524
 20
576.1046565964881
 10
10442.974465683432
 20
577.0195117692743
 10
10447.819047619048
 20
574.29443443049
 10
10447.819047619048
 20
565.2640550522302
 10
10445.921072184494
 20
563.4847030823335
 10
10446.852582906713
 20
557.3716639677627
 10
10450.516190476192
 20
557.3716639677627
  0
LWPOLYLINE
  5
B5
330
17
100
AcDbEntity
  8
K
100
AcDbPolyline
 90
5
 70
1
 10
10501.907350616359
 20
550.0087995796035
 10
10497.344680035763
 20
549.153298845742
 10
10498.292649383646
 20
505.60595692735023
 10
10502.855319964241
 20
506.4614576612115
 10
10501.907350616359
 20
550.0087995796035
  0
LWPOLYLINE
  5
B6
330
17
100
AcDbEntity
  8
K
100
AcDbPolyline
 90
5
 70
1
 10
10445.917004055442
 20
534.8677524565747
 10
10446.862847328868
 20
505.6057261849366
 10
10451.42585308742
 20
506.4612897646646
 10
10450.480009813991
 20
535.723316036303
 10
10445.917004055442
 20
534.8677524565747
  0
LWPOLYLINE
  5
B7
330
17
100
AcDbEntity
  8
K
100
AcDbPolyline
 90
39
 70
1
 10
10476.190476190479
 20
79.65157728763295
 10
10481.026185844043
 20
82.37166396776263
 10
10490.65124504704
 20
82.37166396776263
 10
10493.516721579483
 20
72.52158838749723
 10
10497.335621256356
 20
70.73147916396228
 10
10498.281952603327
 20
62.74680842389735
 10
10502.873241665917
 20
63.607675123133035
 10
10503.840083192228
 20
68.13974477771967
 10
10508.77142857143
 20
65.36586300191871
 10
10508.77142857143
 20
9.920975120338294
 10
10505.857347679437
 20
5.367723726599882
 10
10502.857142857145
 20
6.305287733566423
 10
10502.857142857145
 20
31.295814196179883
 10
10498.285091041345
 20
32.15307391164224
 10
10496.382883333388
 20
10.753237197103749
 10
10481.115991659357
 20
8.964148329053344
 10
10479.20761904762
 20
5.385949682048308
 10
10467.659047619049
 20
5.385949682048308
 10
10465.754285714289
 20
8.957378253476866
 10
10462.064761904763
 20
8.957378253476866
 10
10460.155555555557
 20
5.377616348715031
 10
10453.35956042993
 20
6.287794267325841
 10
10452.410375012632
 20
8.957378253476866
 10
10442.930947748804
 20
8.957378253476866
 10
10438.09523809524
 20
11.67746493360644
 10
10438.09523809524
 20
31.42213002615213
 10
10440.000000000002
 20
33.20784431186641
 10
10440.000000000002
 20
36.779272883294965
 10
10444.82236001391
 20
41.30023539633398
 10
10454.34616953772
 20
41.30023539633398
 10
10457.142857142859
 20
43.92213002615208
 10
10457.142857142859
 20
47.51380162787833
 10
10460.972143035855
 20
49.30877939022016
 10
10461.924523988235
 20
51.987350818791576
 10
10465.792011086993
 20
53.80023539633405
 10
10473.340191923773
 20
53.80023539633405
 10
10474.288744543186
 20
67.13925660681541
 10
10476.190476190479
 20
68.9221300261521
 10
10476.190476190479
 20
79.65157728763295
  0
LWPOLYLINE
  5
B8
330
17
100
AcDbEntity
  8
K
100
AcDbPolyline
 90
164
 70
1
 10
10213.26666666667
 20
134.850235396334
 10
10201.910839760565
 20
134.850235396334
 10
10200.961034799044
 20
149.98775197058677
 10
10191.582390369784
 20
146.47076030961392
 10
10188.76794168085
 20
143.83221466373908
 10
10187.811178546819
 20
132.17166396776258
 10
10172.390180294613
 20
132.17166396776258
 10
10171.432676608398
 20
142.04592073185972
 10
10168.631883823433
 20
144.67166396776264
 10
10157.282401890856
 20
144.67166396776264
 10
10151.528571428573
 20
139.27744790937314
 10
10147.667361043197
 20
142.89733264566328
 10
10141.927270001936
 20
144.69111109605714
 10
10140.943367864724
 20
147.45833585697144
 10
10144.737612068131
 20
154.57254373836005
 10
10140.100000000002
 20
158.9203050522302
 10
10136.330020938474
 20
155.38594968204833
 10
10132.520497128951
 20
155.38594968204833
 10
10130.607595429545
 20
153.5926043388549
 10
10125.75618286922
 20
154.502244193916
 10
10121.904761904763
 20
159.91830492518045
 10
10121.904761904763
 20
167.06501835891828
 10
10114.285714285716
 20
179.56501835891837
 10
10114.285714285716
 20
186.71094968204827
 10
10110.476190476193
 20
193.85380682490538
 10
10110.476190476193
 20
199.2040192108947
 10
10106.66666666667
 20
204.56116206803776
 10
10106.66666666667
 20
217.02952630764705
 10
10102.88456773291
 20
218.80238518284656
 10
10100.952380952383
 20
222.42523539633373
 10
10100.952380952383
 20
231.35380682490535
 10
10097.144326451773
 20
238.49390901354883
 10
10095.240627808133
 20
270.6188236249639
 10
10093.333333333336
 20
272.4069121950873
 10
10093.333333333336
 20
347.4935585975806
 10
10095.238095238097
 20
349.27927288329505
 10
10095.238095238097
 20
361.77927288329505
 10
10097.14285714286
 20
363.5649871690093
 10
10097.14285714286
 20
379.6364157404378
 10
10099.04761904762
 20
381.4221300261521
 10
10099.04761904762
 20
388.5649871690092
 10
10100.959741689907
 20
390.35760214615266
 10
10102.86776035774
 20
401.0902071527106
 10
10106.66666666667
 20
402.8709444850208
 10
10106.66666666667
 20
415.33237825347715
 10
10112.386090873664
 20
426.05629864159556
 10
10116.196464122237
 20
443.91742324427344
 10
10121.904761904763
 20
452.8366385294725
 10
10121.904761904763
 20
459.9821658674873
 10
10129.530326089725
 20
470.7056155025887
 10
10131.444670237344
 20
479.67910369456143
 10
10136.381070376618
 20
480.6046787206751
 10
10137.339370252277
 20
468.9253989860717
 10
10144.986197455682
 20
461.75649848287935
 10
10143.061003636438
 20
458.14676007179577
 10
10143.996236148472
 20
452.0092967115724
 10
10172.444074301846
 20
450.23130682698667
 10
10175.238095238097
 20
452.8507014547235
 10
10175.238095238097
 20
458.1395211106195
 10
10169.499516830036
 20
468.89935562573646
 10
10171.428571428572
 20
470.7078443118665
 10
10171.428571428572
 20
477.85737825347707
 10
10180.977906766542
 20
485.0193797569534
 10
10184.003900489513
 20
489.74749494909463
 10
10184.960834345158
 20
433.2285891000148
 10
10188.77142857143
 20
431.4423730564495
 10
10188.77142857143
 20
427.77544778232357
 10
10184.961904761907
 20
422.41830492518073
 10
10184.961904761907
 20
417.06809253919084
 10
10181.152380952384
 20
409.92523539633373
 10
10181.152380952384
 20
406.346876353752
 10
10177.339517569839
 20
400.98503722205083
 10
10175.435944322116
 20
383.1390380246401
 10
10171.628571428573
 20
374.21550780539957
 10
10171.628571428573
 20
368.83548362365883
 10
10169.723809523812
 20
367.04976933794455
 10
10169.723809523812
 20
349.1926264808017
 10
10167.81904761905
 20
347.4069121950872
 10
10167.81904761905
 20
331.3354836236587
 10
10165.914285714289
 20
329.54976933794444
 10
10165.914285714289
 20
288.56498716900916
 10
10167.81904761905
 20
286.77927288329505
 10
10167.81904761905
 20
274.2792728832949
 10
10169.723809523812
 20
272.4935585975806
 10
10169.723809523812
 20
251.04666396776275
 10
10173.529616069398
 20
243.91077669478867
 10
10177.338133720632
 20
218.91737960856628
 10
10181.152380952384
 20
213.55359443891587
 10
10181.152380952384
 20
208.19645158177303
 10
10184.956426663643
 20
202.84701230031445
 10
10186.86235193176
 20
192.12618266714054
 10
10190.648765600426
 20
185.02665703839293
 10
10194.485714285716
 20
183.228087342164
 10
10194.485714285716
 20
177.83663852947262
 10
10200.192614441788
 20
168.9196070356078
 10
10202.095972409354
 20
161.78201465724874
 10
10207.810258123638
 20
154.6391575143916
 10
10209.713065049558
 20
147.50363154219414
 10
10215.427350763843
 20
142.1464886850512
 10
10217.33438519727
 20
134.99510955970072
 10
10222.071788553216
 20
128.77726765502175
 10
10226.866666666669
 20
126.08014871620443
 10
10226.866666666669
 20
122.49355859758072
 10
10229.638701825681
 20
119.89477563600626
 10
10234.285714285717
 20
122.50872014477588
 10
10234.285714285717
 20
124.279272883295
 10
10247.61904761905
 20
136.77927288329494
 10
10247.61904761905
 20
138.56897384028954
 10
10262.857142857145
 20
151.0689738402896
 10
10262.857142857145
 20
152.85070145472358
 10
10275.31915694853
 20
164.53383966539815
 10
10283.013957725843
 20
160.92690180103298
 10
10289.723002140752
 20
154.63717266205634
 10
10290.673960974316
 20
103.82030999345781
 10
10295.239960948024
 20
104.67643498852797
 10
10296.193983426989
 20
146.71305046790695
 10
10307.708975043333
 20
141.31539814774575
 10
10315.296420217237
 20
146.6503205356474
 10
10323.048567815871
 20
148.46723012907714
 10
10324.006493552057
 20
134.99639946395826
 10
10326.806211414665
 20
132.37166396776257
 10
10334.425259033713
 20
132.37166396776257
 10
10339.263771594195
 20
127.83555844231032
 10
10337.327336758985
 20
122.38933546828056
 10
10325.898765330412
 20
113.46076403970918
 10
10323.99434970833
 20
108.10459510259662
 10
10309.63817504128
 20
96.44020318561941
 10
10298.195238095239
 20
101.80407987907547
 10
10294.40798891301
 20
100.02880682490544
 10
10284.830267384183
 20
100.02880682490544
 10
10277.251895265546
 20
105.35734972082089
 10
10265.849356559387
 20
94.6674696837978
 10
10248.706499416532
 20
96.45318396951208
 10
10246.806211414665
 20
94.67166396776261
 10
10242.930947748804
 20
94.67166396776261
 10
10233.42916992301
 20
100.01641399477134
 10
10225.836560341582
 20
96.45737825347689
 10
10218.27029266609
 20
96.45737825347689
 10
10215.426465992514
 20
86.68172406306817
 10
10211.674782843236
 20
83.16452111061979
 10
10213.533333333336
 20
81.42213002615206
 10
10213.533333333336
 20
76.06498716900923
 10
10218.234782843236
 20
71.65737825347685
 10
10229.67853610045
 20
71.65737825347685
 10
10232.580952380955
 20
67.12235281518686
 10
10232.580952380955
 20
61.71417616448704
 10
10229.69319996823
 20
55.39721776165108
 10
10215.32786740706
 20
52.70371790643169
 10
10208.616728783532
 20
55.40015753195593
 10
10203.826763556473
 20
59.89074993232324
 10
10200.981304594361
 20
66.11519141194489
 10
10190.47619047619
 20
68.80115808988585
 10
10190.47619047619
 20
110.0377353963341
 10
10197.178754578756
 20
110.93540023149873
 10
10199.087619047621
 20
114.51452111061977
 10
10202.975276315321
 20
114.51452111061977
 10
10212.55141901641
 20
110.92346759771165
 10
10214.41253270305
 20
107.43387943526028
 10
10215.262399728961
 20
108.23062977205255
 10
10219.015510814064
 20
113.50844223547607
 10
10217.142857142859
 20
115.26405505223025
 10
10217.142857142859
 20
124.17238345050407
 10
10209.48602126502
 20
127.76152526824147
 10
10213.26666666667
 20
134.850235396334
  0
LWPOLYLINE
  5
B9
330
17
100
AcDbEntity
  8
K
100
AcDbPolyline
 90
19
 70
1
 10
10226.950713679684
 20
493.87591144388875
 10
10221.132027272382
 20
490.2392324393255
 10
10217.328840701965
 20
481.32551391491165
 10
10209.714592350123
 20
472.40256662759674
 10
10207.808303144795
 20
465.2539821076168
 10
10202.104761904764
 20
459.9069121950873
 10
10202.104761904764
 20
454.5638322631954
 10
10196.38448825872
 20
445.6259046912517
 10
10194.466631190091
 20
436.6359496820483
 10
10190.47619047619
 20
436.6359496820483
 10
10190.47619047619
 20
493.80528773356644
 10
10184.69589009968
 20
495.6116316012268
 10
10189.568638589626
 20
502.00711399428286
 10
10201.136118549877
 20
503.81453273807176
 10
10202.096277000905
 20
497.51349290319604
 10
10206.79286177501
 20
494.8716639677625
 10
10214.357034663075
 20
494.8716639677625
 10
10220.101873584259
 20
498.46218829350283
 10
10226.950713679684
 20
493.87591144388875
  0
LWPOLYLINE
  5
BA
330
17
100
AcDbEntity
  8
K
100
AcDbPolyline
 90
16
 70
1
 10
10180.952380952382
 20
68.83548362365876
 10
10171.428571428572
 20
77.76405505223016
 10
10171.428571428572
 20
81.34372871896956
 10
10165.746840367432
 20
88.44589254539692
 10
10160.030072695039
 20
92.01887234064266
 10
10156.205261195606
 20
97.39751351171988
 10
10150.467177388533
 20
108.15642064998232
 10
10151.457994060253
 20
110.9430925391911
 10
10155.309415615457
 20
110.9430925391911
 10
10161.023701329741
 20
114.51452111061977
 10
10166.737987044029
 20
114.51452111061977
 10
10172.481966058987
 20
118.10450799496952
 10
10184.961904761907
 20
110.00454777913238
 10
10184.961904761907
 20
66.99309253919117
 10
10180.952380952382
 20
66.99309253919117
 10
10180.952380952382
 20
68.83548362365876
  0
LWPOLYLINE
  5
BB
330
17
100
AcDbEntity
  8
K
100
AcDbPolyline
 90
86
 70
1
 10
11473.472878081331
 20
166.300235396334
 10
11475.350350237839
 20
164.5401052496088
 10
11481.017697796293
 20
168.0821974736435
 10
11494.420780035163
 20
169.87725313063495
 10
11538.23601721118
 20
127.01452111061973
 10
11540.060455252005
 20
127.01452111061973
 10
11546.666666666668
 20
133.20784431186638
 10
11546.666666666668
 20
136.77927288329494
 10
11552.391696855208
 20
142.1464886850512
 10
11554.294503781128
 20
149.28201465724877
 10
11565.714285714288
 20
163.55674207369842
 10
11565.714285714288
 20
167.1364157404378
 10
11568.631883823435
 20
169.87166396776254
 10
11572.52049712895
 20
169.87166396776254
 10
11576.337583620505
 20
166.2931453819293
 10
11580.952380952382
 20
165.42787088220246
 10
11580.952380952382
 20
177.7198782534769
 10
11574.41948260688
 20
178.59481999617822
 10
11572.437905541712
 20
176.73709149758298
 10
11571.415690947504
 20
179.61207004379088
 10
11577.142857142859
 20
186.77102778798417
 10
11577.142857142859
 20
192.12502301034473
 10
11580.952380952382
 20
197.48216586748757
 10
11580.952380952382
 20
202.84113298825744
 10
11585.759887757504
 20
209.15098566997904
 10
11599.102594619402
 20
210.9379553389833
 10
11601.033442662816
 20
212.74812537968378
 10
11612.443995312917
 20
207.39942882494933
 10
11615.238095238095
 20
211.76520995804393
 10
11615.238095238095
 20
218.92213002615202
 10
11618.155693347244
 20
221.65737825347688
 10
11622.04430665276
 20
221.65737825347688
 10
11623.94329213069
 20
219.87707936791844
 10
11630.420190476192
 20
220.7445211106197
 10
11628.57142857143
 20
224.21094968204824
 10
11628.57142857143
 20
233.12119790937314
 10
11626.657089566135
 20
234.91589072683706
 10
11627.658207656737
 20
239.60863177653368
 10
11629.663354271808
 20
237.72880682490538
 10
11652.520497128951
 20
237.72880682490538
 10
11659.24761904762
 20
231.4221300261522
 10
11659.24761904762
 20
218.85836494825662
 10
11651.628571428573
 20
201.00122209111382
 10
11651.628571428573
 20
192.06383226319545
 10
11645.909948724147
 20
183.12848428752937
 10
11644.005358962799
 20
170.62961397868693
 10
11636.383379390305
 20
158.12480374256188
 10
11634.474969811463
 20
150.96826782190254
 10
11630.6640631597
 20
147.3955428358772
 10
11626.85731496705
 20
134.90465032874388
 10
11618.24570306092
 20
123.2430925391912
 10
11608.641038660733
 20
123.2430925391912
 10
11601.93178282867
 20
127.73589778387684
 10
11599.092892470982
 20
132.17166396776258
 10
11591.554766536914
 20
132.17166396776258
 10
11586.866666666669
 20
129.53460779074933
 10
11586.866666666669
 20
125.97834076651593
 10
11583.949068557522
 20
123.2430925391912
 10
11578.214576123368
 20
123.2430925391912
 10
11571.622239490247
 20
120.59438585624127
 10
11570.666962562535
 20
110.74309253919112
 10
11557.150726215088
 20
110.74309253919112
 10
11556.195863686582
 20
122.3804796053477
 10
11549.604471495684
 20
125.02880682490547
 10
11543.957586294275
 20
125.02880682490547
 10
11538.243300579988
 20
117.88594968204835
 10
11530.657107380566
 20
117.88594968204835
 10
11529.71506946728
 20
113.47014696351698
 10
11524.918719630605
 20
108.97356899163502
 10
11517.223918853293
 20
105.36663112726986
 10
11515.2985504901
 20
107.17166396776257
 10
11500.001791568255
 20
107.17166396776257
 10
11499.049108185902
 20
159.86696355418061
 10
11494.483629433802
 20
160.72299082019958
 10
11493.532578685315
 20
106.33477614113984
 10
11484.861904761907
 20
98.20601933794448
 10
11473.424295210649
 20
108.92877829224945
 10
11465.802591460908
 20
103.5697678432137
 10
11441.818288639854
 20
127.85387444953145
 10
11447.61904761905
 20
129.66661163053018
 10
11447.61904761905
 20
161.77927288329496
 10
11450.519375607493
 20
164.49833037246154
 10
11454.36987105708
 20
166.3032501144549
 10
11467.685279297886
 20
164.51993651077558
 10
11469.584264775815
 20
166.300235396334
 10
11473.472878081331
 20
166.300235396334
  0
LWPOLYLINE
  5
BC
330
17
100
AcDbEntity
  8
K
100
AcDbPolyline
 90
16
 70
1
 10
11452.441407632958
 20
580.5859496820482
 10
11454.385714285716
 20
582.4087371690093
 10
11458.229740160637
 20
578.8049629112699
 10
11473.467835398733
 20
580.5906771969838
 10
11475.383119666314
 20
578.7950981961262
 10
11482.090433142714
 20
577.8967972841084
 10
11484.014033108739
 20
567.0765474752166
 10
11482.079249715476
 20
563.4488286128458
 10
11472.580952380953
 20
558.1060363621781
 10
11472.580952380953
 20
552.7781179774812
 10
11469.671676750822
 20
548.2323748054009
 10
11464.82404529475
 20
549.1413057034146
 10
11452.443092913796
 20
557.1770199891291
 10
11447.615444444784
 20
558.0822040770692
 10
11448.575604257263
 20
580.5859496820482
 10
11452.441407632958
 20
580.5859496820482
  0
LWPOLYLINE
  5
BD
330
17
100
AcDbEntity
  8
K
100
AcDbPolyline
 90
7
 70
1
 10
11418.130570239553
 20
162.7089349990961
 10
11421.980377425314
 20
164.51353211742136
 10
11442.104761904764
 20
165.41194213882548
 10
11442.104761904764
 20
129.49309253919117
 10
11440.058448119034
 20
129.49309253919117
 10
11413.300943672817
 20
156.37005013025717
 10
11418.130570239553
 20
162.7089349990961
  0
LWPOLYLINE
  5
BE
330
17
100
AcDbEntity
  8
K
100
AcDbPolyline
 90
10
 70
1
 10
11420.068757685793
 20
573.2463839205585
 10
11413.135823312738
 20
574.1749019169499
 10
11423.91398711002
 20
580.6050564551014
 10
11431.519533305885
 20
575.2574067861331
 10
11441.14299876416
 20
584.2794056532645
 10
11442.109119552266
 20
561.6359496820484
 10
11440.045273423366
 20
561.6359496820484
 10
11437.188130566221
 20
566.1002353963339
 10
11433.408234931012
 20
566.1002353963339
 10
11420.068757685793
 20
573.2463839205585
  0
LWPOLYLINE
  5
BF
330
17
100
AcDbEntity
  8
K
100
AcDbPolyline
 90
67
 70
1
 10
11303.930881765027
 20
578.5431391118051
 10
11296.346635690836
 20
566.1002353963339
 10
11292.452272758313
 20
566.1002353963339
 10
11286.752633949003
 20
569.662509652153
 10
11280.963761137595
 20
567.8534868985886
 10
11279.056113652083
 20
589.3145211106198
 10
11265.853830462283
 20
589.3145211106198
 10
11263.954548237743
 20
587.5339440251134
 10
11250.62121490441
 20
585.7482297393991
 10
11248.710973319428
 20
583.9573782534767
 10
11242.99668760514
 20
583.9573782534767
 10
11241.091925700379
 20
582.1716639677627
 10
11235.377639986094
 20
582.1716639677627
 10
11233.472878081331
 20
580.3859496820481
 10
11225.83938411661
 20
580.3859496820481
 10
11212.506050783277
 20
573.243092539191
 10
11204.82236001391
 20
573.243092539191
 10
11200.000000000002
 20
577.7640550522302
 10
11200.000000000002
 20
585.0036214972469
 10
11206.726138699458
 20
589.5077322334893
 10
11214.326112701956
 20
591.2889761403247
 10
11218.143643093532
 20
596.6573782534768
 10
11225.751636497193
 20
596.6573782534768
 10
11230.503062745636
 20
606.457194890894
 10
11237.18815735496
 20
609.1431704035693
 10
11242.947468917297
 20
614.5425249932587
 10
11257.401888681468
 20
604.6051114053906
 10
11255.447672338629
 20
602.7730335839799
 10
11256.35131615279
 20
598.5372032051051
 10
11258.150213667022
 20
600.2236696246975
 10
11271.41437351333
 20
602.0001196041139
 10
11270.469404005986
 20
608.2014819960488
 10
11275.31915694853
 20
612.7481253796838
 10
11282.97941748444
 20
609.1573782534768
 10
11290.598465103485
 20
609.1573782534768
 10
11298.217512722535
 20
605.5859496820483
 10
11301.93705860862
 20
605.5859496820483
 10
11307.65426022599
 20
619.878953725473
 10
11324.826833916806
 20
618.090143966013
 10
11326.815484824174
 20
619.9545041916704
 10
11330.650255178127
 20
607.3716639677625
 10
11343.869979061528
 20
607.3716639677625
 10
11345.799393412417
 20
609.1804899217204
 10
11355.342258648421
 20
603.8126282264678
 10
11359.175201323214
 20
605.6093201052767
 10
11365.90256780548
 20
597.5004408632582
 10
11368.733422093692
 20
589.5386631776655
 10
11371.442964823336
 20
590.3853952806792
 10
11372.440297449259
 20
595.0603919646913
 10
11374.45134828351
 20
591.2896716504736
 10
11383.956631239555
 20
589.5074310962151
 10
11385.814285714288
 20
587.7658800261521
 10
11387.68216953994
 20
589.5170211127008
 10
11402.114283086694
 20
588.6150140160288
 10
11401.13229330253
 20
578.4882443668248
 10
11399.108074299624
 20
580.3859496820481
 10
11391.510437970395
 20
580.3859496820481
 10
11381.986628446586
 20
583.9573782534767
 10
11376.268201563184
 20
583.9573782534767
 10
11368.645149283251
 20
587.5306840096955
 10
11347.815589847143
 20
589.3059305525458
 10
11346.863253032165
 20
559.8430103392081
 10
11334.343174233163
 20
560.7459006372131
 10
11331.437311485106
 20
563.470146963517
 10
11328.590511667056
 20
576.8145211106196
 10
11305.77474096629
 20
576.8145211106196
 10
11303.930881765027
 20
578.5431391118051
  0
LWPOLYLINE
  5
C0
330
17
100
AcDbEntity
  8
K
100
AcDbPolyline
 90
32
 70
1
 10
11307.766155049077
 20
294.6787539821673
 10
11305.849356559389
 20
292.8817553980835
 10
11288.584210364304
 20
294.680208126738
 10
11287.624034173237
 20
300.98136438061016
 10
11282.899950872657
 20
307.18172371262034
 10
11270.387698152621
 20
309.8887014645514
 10
11280.000000000002
 20
320.7025410428545
 10
11280.000000000002
 20
408.24751373934544
 10
11284.814797331877
 20
409.15028823907215
 10
11287.643352109915
 20
411.8020583434817
 10
11295.238095238097
 20
422.4821658674874
 10
11295.238095238097
 20
426.0649871690093
 10
11300.100000000002
 20
430.6230228832949
 10
11304.961904761907
 20
426.0649871690093
 10
11304.961904761907
 20
422.4935585975808
 10
11307.758592367047
 20
419.8716639677625
 10
11330.61573522419
 20
419.8716639677625
 10
11332.480952380954
 20
418.12302288329494
 10
11334.349251383526
 20
419.87455319820765
 10
11346.866666666669
 20
418.97185498067347
 10
11346.866666666669
 20
318.9186778740886
 10
11362.211921022199
 20
302.73422992099063
 10
11355.383119666316
 20
301.81965831082755
 10
11353.472878081333
 20
300.0288068249054
 10
11345.905057800628
 20
300.0288068249054
 10
11344.957799582084
 20
290.26020644614556
 10
11342.03060519269
 20
287.5159617060895
 10
11330.602033764118
 20
291.08739027751807
 10
11328.710973319427
 20
289.31452111061975
 10
11322.909080372396
 20
289.31452111061975
 10
11317.202275941321
 20
296.44802664946303
 10
11307.766155049077
 20
294.6787539821673
  0
LWPOLYLINE
  5
C1
330
17
100
AcDbEntity
  8
K
100
AcDbPolyline
 90
25
 70
1
 10
11287.59695188188
 20
104.61570098684159
 10
11289.526839781282
 20
106.42497089252967
 10
11290.482647194063
 20
119.86601263476615
 10
11304.700513731126
 20
120.7546292933327
 10
11300.952380952383
 20
127.78237825347694
 10
11300.952380952383
 20
131.43868096900735
 10
11314.238440184987
 20
138.55621270075946
 10
11310.484222947125
 20
143.8355806915036
 10
11308.559390690118
 20
151.05370165527864
 10
11319.118295667515
 20
160.95267507158817
 10
11326.73734328656
 20
159.1669607858739
 10
11328.631883823433
 20
160.94309253919116
 10
11338.227824915128
 20
160.94309253919116
 10
11346.866666666669
 20
154.64393709536017
 10
11346.866666666669
 20
75.8805078974133
 10
11331.446910582577
 20
81.30151589572665
 10
11328.596374000583
 20
91.10023539633406
 10
11321.074655579678
 20
91.10023539633406
 10
11317.236015055905
 20
89.30087265081555
 10
11311.499891805932
 20
92.88594968204833
 10
11307.679502871053
 20
92.88594968204833
 10
11301.992506905022
 20
98.21750840020205
 10
11296.319155813118
 20
94.67166396776261
 10
11292.418303163859
 20
94.67166396776261
 10
11287.59695188188
 20
104.61570098684159
  0
LWPOLYLINE
  5
C2
330
17
100
AcDbEntity
  8
K
100
AcDbPolyline
 90
5
 70
1
 10
11342.850105417878
 20
111.81762279091134
 10
11341.914167718624
 20
123.22436350056432
 10
11337.349894582127
 20
122.36856228747106
 10
11338.28583228138
 20
110.96182157781797
 10
11342.850105417878
 20
111.81762279091134
  0
LWPOLYLINE
  5
C3
330
17
100
AcDbEntity
  8
K
100
AcDbPolyline
 90
16
 70
1
 10
11318.287205624309
 20
199.27917581545006
 10
11322.123940864434
 20
193.88376688402053
 10
11317.265364279652
 20
185.6849188972002
 10
11303.86997906153
 20
198.24309253919114
 10
11302.035820885118
 20
198.24309253919114
 10
11287.819047619048
 20
188.46906091876926
 10
11287.819047619048
 20
179.54976933794453
 10
11282.98298614507
 20
175.01596170608946
 10
11279.998242256235
 20
175.94869417135084
 10
11280.957073113115
 20
216.3993709459383
 10
11291.603346501044
 20
208.23319533587704
 10
11294.440440862352
 20
203.80023539633407
 10
11303.86997906153
 20
203.80023539633407
 10
11307.68397677395
 20
207.37585825172744
 10
11316.369350694653
 20
206.471131801654
 10
11318.287205624309
 20
199.27917581545006
  0
LWPOLYLINE
  5
C4
330
17
100
AcDbEntity
  8
K
100
AcDbPolyline
 90
18
 70
1
 10
11318.295238095241
 20
9.980969024742992
 10
11318.295238095241
 20
6.315240593361193
 10
11314.465952202245
 20
4.5202628310193615
 10
11313.503910701656
 20
1.814521110619749
 10
11307.659047619049
 20
1.814521110619749
 10
11305.754285714289
 20
5.385949682048308
 10
11302.064761904763
 20
5.385949682048308
 10
11300.14924841539
 20
1.7943618894720181
 10
11297.165365240031
 20
2.7268253817713806
 10
11296.208803257161
 20
5.417155958597708
 10
11291.428571428574
 20
8.106036362177882
 10
11291.428571428574
 20
18.922130026152175
 10
11294.385714285718
 20
21.694451454723595
 10
11296.321881143831
 20
19.879295025241774
 10
11305.84569066764
 20
21.66500931095605
 10
11307.758592367047
 20
19.871663967762633
 10
11311.58155425513
 20
19.871663967762633
 10
11318.295238095241
 20
9.980969024742992
  0
LWPOLYLINE
  5
C5
330
17
100
AcDbEntity
  8
K
100
AcDbPolyline
 90
26
 70
1
 10
11241.091925700379
 20
19.871663967762633
 10
11242.914096017901
 20
18.163379295084937
 10
11244.791327393583
 20
23.44309253919119
 10
11252.50322700825
 20
23.44309253919119
 10
11260.122274627296
 20
19.871663967762633
 10
11269.650004632153
 20
19.871663967762633
 10
11274.491536988138
 20
17.14830201752049
 10
11273.524105419676
 20
7.171663967762587
 10
11262.052824389511
 20
7.171663967762587
 10
11256.315493215303
 20
0.0
 10
11251.446898495256
 20
2.738584530026289
 10
11250.495952559664
 20
5.413119973876501
 10
11242.961306267469
 20
8.944985423342766
 10
11238.363110061699
 20
6.358500057596861
 10
11240.209577100535
 20
4.62743720868819
 10
11239.228239687085
 20
0.027418083139107985
 10
11186.662384241143
 20
0.9234269827859132
 10
11187.626083135097
 20
23.510119809856512
 10
11197.217840118034
 20
18.11475650695382
 10
11202.909080372398
 20
25.22880682490547
 10
11204.89354213963
 20
25.22880682490547
 10
11212.512589758679
 20
19.871663967762633
 10
11220.071320377361
 20
19.871663967762633
 10
11225.803160996953
 20
23.454064355007965
 10
11235.356228696273
 20
19.871663967762633
 10
11241.091925700379
 20
19.871663967762633
  0
LWPOLYLINE
  5
C6
330
17
100
AcDbEntity
  8
K
100
AcDbPolyline
 90
11
 70
1
 10
11261.215579650237
 20
204.57716696119942
 10
11255.438095238096
 20
200.9662392036118
 10
11255.438095238096
 20
199.1926264808016
 10
11246.792509954596
 20
191.0873902775181
 10
11243.809523809527
 20
192.01957344785214
 10
11243.809523809527
 20
201.0649871690092
 10
11245.714285714288
 20
202.8507014547235
 10
11245.714285714288
 20
208.20784431186635
 10
11248.648363310911
 20
210.95854205870202
 10
11258.24905703645
 20
207.35828191162585
 10
11261.215579650237
 20
204.57716696119942
  0
LWPOLYLINE
  5
C7
330
17
100
AcDbEntity
  8
K
100
AcDbPolyline
 90
30
 70
1
 10
11191.502376320232
 20
639.5145211106196
 10
11197.220582515565
 20
639.5145211106196
 10
11204.839630134613
 20
643.0859496820482
 10
11208.642748948789
 20
643.0859496820482
 10
11214.357034663075
 20
646.6573782534767
 10
11223.849523809526
 20
646.6573782534767
 10
11225.754285714287
 20
650.2288068249055
 10
11227.789624987372
 20
650.2288068249055
 10
11228.78044165909
 20
647.4421349356968
 10
11224.986197455682
 20
640.327927054308
 10
11229.675496099662
 20
635.9317095755762
 10
11235.312251950172
 20
634.1702233722929
 10
11237.203312394862
 20
635.943092539191
 10
11242.99668760514
 20
635.943092539191
 10
11245.91703874388
 20
633.2052633466213
 10
11244.955826906105
 20
617.8859496820482
 10
11241.000785950673
 20
617.8859496820482
 10
11237.176601953943
 20
623.2637084274518
 10
11233.422337612292
 20
625.0235198376007
 10
11225.78496233418
 20
623.2335100067942
 10
11223.86997906153
 20
625.0288068249054
 10
11216.342071192188
 20
625.0288068249054
 10
11212.540553964714
 20
619.682923223772
 10
11204.910777062083
 20
617.8946942622177
 10
11200.182760253054
 20
613.4621785037518
 10
11197.297158913347
 20
607.1499255731458
 10
11191.5544147165
 20
608.9445331346609
 10
11187.625841685578
 20
605.2614959181734
 10
11186.664868668038
 20
636.7934230562603
 10
11191.502376320232
 20
639.5145211106196
  0
LWPOLYLINE
  5
C8
330
17
100
AcDbEntity
  8
K
100
AcDbPolyline
 90
19
 70
1
 10
11200.963532921452
 20
239.51452111061965
 10
11204.901449509902
 20
239.51452111061965
 10
11206.806211414665
 20
237.72880682490538
 10
11216.25093144248
 20
237.72880682490538
 10
11218.155693347244
 20
239.51452111061965
 10
11227.758592367045
 20
239.51452111061965
 10
11230.694395986477
 20
236.7622052174031
 10
11224.999951596914
 20
222.52609424349558
 10
11239.182264700197
 20
219.8669105366301
 10
11244.009523809525
 20
217.1515772876328
 10
11244.009523809525
 20
215.2640550522301
 10
11239.204433916319
 20
210.7592832773496
 10
11231.496810929657
 20
207.14633500235203
 10
11222.889433519145
 20
218.80215857908857
 10
11218.17162784119
 20
221.4559242729387
 10
11201.904761904763
 20
220.55885446026824
 10
11201.904761904763
 20
229.54976933794458
 10
11199.994748964033
 20
231.34040646988086
 10
11200.963532921452
 20
239.51452111061965
  0
LWPOLYLINE
  5
C9
330
17
100
AcDbEntity
  8
K
100
AcDbPolyline
 90
23
 70
1
 10
11105.880340914991
 20
35.94309253919115
 10
11130.665038507123
 20
35.94309253919115
 10
11131.623582369872
 20
27.855378697257738
 10
11134.425259033713
 20
25.22880682490547
 10
11141.959855298333
 20
25.22880682490547
 10
11151.483664822143
 20
35.94309253919115
 10
11162.917598109148
 20
35.94309253919115
 10
11164.828136440743
 20
37.73422222506129
 10
11171.628571428573
 20
36.82344968204831
 10
11171.628571428573
 20
31.403806824905402
 10
11175.413755426776
 20
24.30658682827447
 10
11181.15498342491
 20
20.718319329440238
 10
11180.195396408133
 20
0.027224280153115288
 10
11125.758985688035
 20
0.9225599827862307
 10
11122.886367329591
 20
5.411026167855604
 10
11103.85452672913
 20
16.116436505614452
 10
11083.83688953125
 20
31.30839330757773
 10
11079.949068425229
 20
36.77564173791814
 10
11083.814598629737
 20
38.58760902128022
 10
11084.774011076915
 20
50.280448221289184
 10
11096.312750817771
 20
44.871663967762544
 10
11102.070817105467
 20
44.871663967762544
 10
11105.880340914991
 20
35.94309253919115
  0
LWPOLYLINE
  5
CA
330
17
100
AcDbEntity
  8
K
100
AcDbPolyline
 90
26
 70
1
 10
11119.104444418625
 20
602.0057981303976
 10
11138.148706509957
 20
614.5035951278343
 10
11151.464073637431
 20
619.8535194201232
 10
11155.286500236387
 20
625.2288068249053
 10
11159.122520645298
 20
625.2288068249053
 10
11172.451049535543
 20
632.3690901589657
 10
11181.15603198408
 20
633.2758591640217
 10
11180.192809177679
 20
603.4761535910153
 10
11178.155693347244
 20
605.3859496820482
 10
11163.010661232993
 20
605.3859496820482
 10
11153.43162469261
 20
591.0173948714724
 10
11147.674255792323
 20
600.0132837781705
 10
11134.479619821277
 20
596.4790062859263
 10
11133.535402359625
 20
584.9713559720396
 10
11135.472345391303
 20
581.3395877876425
 10
11130.593513302481
 20
578.5952447376793
 10
11120.997476973833
 20
580.3945015493007
 10
11115.290032753348
 20
587.5288068249055
 10
11113.482860750311
 20
587.5288068249055
 10
11108.76455249868
 20
581.336027244641
 10
11107.799964523423
 20
576.8145211106196
 10
11103.949068557522
 20
576.8145211106196
 10
11102.036166858115
 20
575.0211757674265
 10
11087.49720880952
 20
577.747230401538
 10
11113.383560691345
 20
600.2180219656225
 10
11119.104444418625
 20
602.0057981303976
  0
LWPOLYLINE
  5
CB
330
17
100
AcDbEntity
  8
K
100
AcDbPolyline
 90
5
 70
1
 10
11070.435091740403
 20
45.69038573667217
 10
11077.326241302553
 20
50.304994818469616
 10
11078.305404120974
 20
40.20737825347687
 10
11074.334119284007
 20
40.20737825347687
 10
11070.435091740403
 20
45.69038573667217
  0
LWPOLYLINE
  5
CC
330
17
100
AcDbEntity
  8
K
100
AcDbPolyline
 90
31
 70
1
 10
12419.050528722139
 20
333.1340654708977
 10
12417.145242638764
 20
349.20991679937066
 10
12413.333333333336
 20
358.14407923397107
 10
12413.333333333336
 20
367.06116206803785
 10
12409.523809523811
 20
372.4183049251807
 10
12409.523809523811
 20
384.92523539633385
 10
12407.594754925272
 20
388.5422127685937
 10
12418.155693347244
 20
398.4430925391912
 10
12420.139544747999
 20
398.4430925391912
 10
12423.057142857146
 20
395.7078443118663
 10
12423.057142857146
 20
379.66661163053016
 10
12425.788442426361
 20
378.81308051514986
 10
12427.679502871053
 20
380.5859496820484
 10
12433.393788585337
 20
380.5859496820484
 10
12436.190476190477
 20
383.2078443118664
 10
12436.190476190477
 20
392.13641574043777
 10
12439.098746747444
 20
394.8629193875931
 10
12446.795990046776
 20
396.6669607858738
 10
12449.723809523812
 20
393.92213002615205
 10
12449.723809523812
 20
376.04666396776275
 10
12453.557626027112
 20
368.85825802407436
 10
12447.814942439227
 20
363.4744921604313
 10
12446.85743875301
 20
353.600235396334
 10
12437.282401890854
 20
353.600235396334
 10
12434.476974229185
 20
350.9701469635168
 10
12432.590529481487
 20
342.1274372086883
 10
12434.485714285716
 20
340.35070145472343
 10
12434.485714285716
 20
327.70737825347686
 10
12424.839630134611
 20
327.70737825347686
 10
12420.979805828147
 20
329.5166708971323
 10
12419.050528722139
 20
333.1340654708977
  0
LWPOLYLINE
  5
CD
330
17
100
AcDbEntity
  8
K
100
AcDbPolyline
 90
45
 70
1
 10
12339.051340063115
 20
79.53721468683095
 10
12338.103444520277
 20
92.86699575801694
 10
12333.533333333335
 20
92.0100999104656
 10
12333.533333333335
 20
77.748893505035
 10
12328.675591981755
 20
75.01641399477133
 10
12321.030106325088
 20
78.6002353963341
 10
12317.203312394862
 20
78.6002353963341
 10
12312.313080414495
 20
83.18482787792836
 10
12317.216662034518
 20
85.94309253919118
 10
12324.835709653564
 20
85.94309253919118
 10
12329.510660430919
 20
88.57275235145168
 10
12327.61267829661
 20
97.46954360601801
 10
12330.521463899555
 20
102.01452111061971
 10
12341.98248727747
 20
102.01452111061971
 10
12345.833224003854
 20
103.81955395111243
 10
12347.758592367045
 20
102.01452111061971
 10
12353.387206491034
 20
102.01452111061971
 10
12361.002260689464
 20
110.93841274940375
 10
12378.23030894034
 20
112.73300110887018
 10
12383.057142857144
 20
108.20784431186637
 10
12383.057142857144
 20
104.6364157404378
 10
12385.853830462285
 20
102.01452111061971
 10
12391.489026680576
 20
102.01452111061971
 10
12394.285714285717
 20
104.6364157404378
 10
12394.285714285717
 20
108.1937813866154
 10
12397.18193521757
 20
112.71912659263961
 10
12406.79807162002
 20
114.52215216809891
 10
12410.576190476191
 20
110.98016574043778
 10
12420.100000000002
 20
119.9087371690093
 10
12422.047835762229
 20
118.08264114192146
 10
12432.681235957842
 20
117.17638544343178
 10
12411.616767208641
 20
92.04264432222764
 10
12409.706357676614
 20
86.66961751339919
 10
12404.009523809525
 20
83.10909634646902
 10
12404.009523809525
 20
81.33548362365872
 10
12395.377639986094
 20
73.24309253919114
 10
12381.965217156767
 20
73.24309253919114
 10
12378.155693347244
 20
76.81452111061971
 10
12366.806211414663
 20
76.81452111061971
 10
12363.004250287173
 20
73.25018255359583
 10
12358.173529044356
 20
72.34442232056747
 10
12351.538976735448
 20
76.78720288456798
 10
12349.663354271808
 20
75.02880682490543
 10
12345.783895803592
 20
75.02880682490543
 10
12339.051340063115
 20
79.53721468683095
  0
LWPOLYLINE
  5
CE
330
17
100
AcDbEntity
  8
K
100
AcDbPolyline
 90
13
 70
1
 10
12355.303024392995
 20
60.94728682315598
 10
12372.445881535854
 20
59.1615725374417
 10
12374.34616953772
 20
60.94309253919117
 10
12378.234782843236
 20
60.94309253919117
 10
12381.198592367045
 20
58.16452111061976
 10
12370.6374654749
 20
48.263464649232255
 10
12359.215064394477
 20
41.1244639739683
 10
12353.408213171417
 20
33.86589994514233
 10
12346.635867870715
 20
49.285078977989286
 10
12354.285714285716
 20
52.87094448502116
 10
12354.285714285716
 20
56.33548362365881
 10
12352.334740966291
 20
58.16452111061976
 10
12355.303024392995
 20
60.94728682315598
  0
LWPOLYLINE
  5
CF
330
17
100
AcDbEntity
  8
K
100
AcDbPolyline
 90
53
 70
1
 10
12239.098746747442
 20
551.8232656907892
 10
12236.190476190477
 20
554.5497693379446
 10
12236.190476190477
 20
563.5466639677628
 10
12238.077887856412
 20
567.0855608413892
 10
12234.287695966439
 20
572.4155181866654
 10
12233.34061137709
 20
587.509678829384
 10
12228.77142857143
 20
586.6529570533227
 10
12228.77142857143
 20
577.7338591621378
 10
12223.051296675323
 20
575.9463179446044
 10
12222.095628322188
 20
564.2991098907678
 10
12210.53028985652
 20
566.106194026028
 10
12207.61904761905
 20
568.8354836236588
 10
12207.61904761905
 20
576.1117883720293
 10
12216.259508166824
 20
577.0118363457558
 10
12220.952380952383
 20
579.6515772876328
 10
12220.952380952383
 20
590.3507014547234
 10
12223.86997906153
 20
593.0859496820483
 10
12231.489026680576
 20
593.0859496820483
 10
12235.2985504901
 20
596.6573782534768
 10
12241.074655579678
 20
596.6573782534768
 10
12248.597026217682
 20
593.1312670169121
 10
12251.433886211731
 20
608.2020857352991
 10
12254.39356584179
 20
612.8265851572667
 10
12265.852115808628
 20
591.341803969447
 10
12271.521729341619
 20
594.8853124275668
 10
12275.342410716294
 20
593.0943680331883
 10
12284.866220240103
 20
596.6657966046168
 10
12292.511880746531
 20
593.0818932422283
 10
12302.079716655118
 20
591.2879240093681
 10
12303.066155944805
 20
588.5135635071254
 10
12301.18051277696
 20
584.9779825674192
 10
12311.544194182101
 20
577.0285678532491
 10
12324.869127730051
 20
582.3823357966226
 10
12329.698297334522
 20
579.665927894108
 10
12331.652864122349
 20
576.0011151669314
 10
12329.723809523812
 20
574.1926264808016
 10
12329.723809523812
 20
559.9164806615535
 10
12324.892536904075
 20
553.5754353481489
 10
12317.220582515565
 20
557.1716639677627
 10
12313.472878081331
 20
557.1716639677627
 10
12309.657577844975
 20
553.5948199961783
 10
12296.324244511641
 20
555.3805342818923
 10
12294.425259033713
 20
553.6002353963341
 10
12288.631883823435
 20
553.6002353963341
 10
12284.842966472339
 20
557.1523454129845
 10
12277.21222500069
 20
553.5754353481489
 10
12272.380952380954
 20
559.9164806615535
 10
12272.380952380954
 20
563.4924036917671
 10
12269.569082947173
 20
567.8859496820484
 10
12258.28736902301
 20
567.8859496820484
 10
12257.3383114049
 20
556.3193099613192
 10
12246.783194593048
 20
550.0222232269757
 10
12239.098746747442
 20
551.8232656907892
  0
LWPOLYLINE
  5
D0
330
17
100
AcDbEntity
  8
K
100
AcDbPolyline
 90
7
 70
1
 10
12314.485714285716
 20
104.6364157404378
 10
12314.485714285716
 20
100.97834076651591
 10
12309.618737890185
 20
96.41555039570548
 10
12297.102017767045
 20
109.95527168275554
 10
12301.965217156767
 20
114.51452111061977
 10
12303.949068557522
 20
114.51452111061977
 10
12314.485714285716
 20
104.6364157404378
  0
LWPOLYLINE
  5
D1
330
17
100
AcDbEntity
  8
K
100
AcDbPolyline
 90
18
 70
1
 10
12185.874285714288
 20
32.371663967762586
 10
12193.415199875159
 20
32.371663967762586
 10
12202.939009398968
 20
35.94309253919115
 10
12208.631883823435
 20
35.94309253919115
 10
12210.536645728196
 20
37.728806824905426
 10
12216.25093144248
 20
37.728806824905426
 10
12218.169394807313
 20
39.52736622943564
 10
12221.152380952382
 20
38.595183059101586
 10
12221.152380952382
 20
34.99355859758069
 10
12223.094198245255
 20
33.17310488551372
 10
12216.337447261638
 20
25.02880682490549
 10
12212.509632003595
 20
25.02880682490549
 10
12206.798186030248
 20
21.459153091563987
 10
12192.444074301844
 20
20.562021108538666
 10
12182.876687605141
 20
29.53144613669778
 10
12180.928088258606
 20
33.18506991145087
 10
12183.93634222686
 20
36.005308006688885
 10
12185.874285714288
 20
32.371663967762586
  0
LWPOLYLINE
  5
D2
330
17
100
AcDbEntity
  8
K
100
AcDbPolyline
 90
10
 70
1
 10
12168.597655668025
 20
528.6092228387544
 10
12155.264322334691
 20
530.3949371244686
 10
12154.263274701465
 20
533.2103835929202
 10
12168.686320873301
 20
541.3233470645777
 10
12172.52049712895
 20
537.7288068249054
 10
12180.126195108343
 20
537.7288068249054
 10
12184.967727464329
 20
535.0054448746632
 10
12183.999730269117
 20
525.0229737990443
 10
12169.551699077894
 20
525.9259757484958
 10
12168.597655668025
 20
528.6092228387544
  0
LWPOLYLINE
  5
D3
330
17
100
AcDbEntity
  8
K
100
AcDbPolyline
 90
8
 70
1
 10
12131.435932166098
 20
527.8576021461527
 10
12134.349819404495
 20
530.5893714321502
 10
12145.006124875415
 20
529.6811635795152
 10
12140.167062763634
 20
517.8859496820481
 10
12136.330020938474
 20
517.8859496820481
 10
12134.417119239068
 20
516.092604338855
 10
12129.508013846766
 20
517.0130615999115
 10
12131.435932166098
 20
527.8576021461527
  0
LWPOLYLINE
  5
D4
330
17
100
AcDbEntity
  8
K
100
AcDbPolyline
 90
12
 70
1
 10
11936.265995244434
 20
77.01452111061968
 10
11942.044306652759
 20
77.01452111061968
 10
11945.853830462283
 20
73.44309253919113
 10
11951.575542499733
 20
73.44309253919113
 10
11958.29523809524
 20
65.34345945532205
 10
11958.29523809524
 20
61.70668940605262
 10
11955.385962465109
 20
57.16094623397239
 10
11945.767178284259
 20
58.9644682678816
 10
11941.965217156767
 20
62.52880682490547
 10
11930.501135905344
 20
62.52880682490547
 10
11927.600121156727
 20
72.50104502327281
 10
11936.265995244434
 20
77.01452111061968
  0
LWPOLYLINE
  5
D5
330
17
100
AcDbEntity
  8
K
100
AcDbPolyline
 90
19
 70
1
 10
11898.1690429869
 20
478.80023539633396
 10
11913.352416428963
 20
478.80023539633396
 10
11914.296376215729
 20
483.22504689680943
 10
11921.021991041685
 20
487.7288068249054
 10
11940.139544747997
 20
487.7288068249054
 10
11942.044306652759
 20
485.9430925391911
 10
11949.643147551938
 20
485.9430925391911
 10
11956.46020462716
 20
483.2040963928975
 10
11936.308814905275
 20
460.7137060782932
 10
11930.588445475934
 20
464.2889369716307
 10
11926.806211414665
 20
460.7430925391912
 10
11921.026185844043
 20
460.7430925391912
 10
11916.20209722301
 20
463.4566423885219
 10
11915.260647984656
 20
467.8696856933026
 10
11905.861393144316
 20
466.1073254107387
 10
11900.11344717746
 20
460.71862606681225
 10
11889.497544952226
 20
467.0519768261857
 10
11893.354690735043
 20
476.0921622546651
 10
11898.1690429869
 20
478.80023539633396
  0
LWPOLYLINE
  5
D6
330
17
100
AcDbEntity
  8
K
100
AcDbPolyline
 90
5
 70
1
 10
11922.868157665556
 20
480.3675223298999
 10
11918.303602835156
 20
479.51166829919964
 10
11919.23660423921
 20
469.890091319911
 10
11923.801159069608
 20
470.7459453506112
 10
11922.868157665556
 20
480.3675223298999
  0
LWPOLYLINE
  5
D7
330
17
100
AcDbEntity
  8
K
100
AcDbPolyline
 90
10
 70
1
 10
11870.478178626796
 20
129.63827963162754
 10
11871.45143667132
 20
150.62415621670877
 10
11871.523878288628
 20
150.63010390765564
 10
11873.515180733479
 20
141.29587369741304
 10
11889.723809523812
 20
140.40201549206367
 10
11889.723809523812
 20
129.52769098171257
 10
11875.349949524101
 20
123.2391272318396
 10
11870.5105564784
 20
124.14651342790873
 10
11868.547135877654
 20
127.827927054308
 10
11870.478178626796
 20
129.63827963162754
  0
LWPOLYLINE
  5
D8
330
17
100
AcDbEntity
  8
K
100
AcDbPolyline
 90
10
 70
1
 10
11852.403460478128
 20
160.92364541089665
 10
11858.143551519386
 20
162.7174238612905
 10
11862.004761904764
 20
166.33730859758066
 10
11866.898774900226
 20
161.74917141433488
 10
11863.074493095972
 20
156.37127512710347
 10
11864.961904761907
 20
152.83237825347695
 10
11864.961904761907
 20
136.63594968204828
 10
11862.897142857146
 20
136.63594968204828
 10
11851.419558340913
 20
158.15642064998235
 10
11852.403460478128
 20
160.92364541089665
  0
LWPOLYLINE
  5
D9
330
17
100
AcDbEntity
  8
K
100
AcDbPolyline
 90
5
 70
1
 10
13179.04761904762
 20
533.0645211106198
 10
13179.04761904762
 20
536.7792728832951
 10
13180.160839962315
 20
537.8229174908195
 10
13181.175964523423
 20
533.0645211106198
 10
13179.04761904762
 20
533.0645211106198
  0
LWPOLYLINE
  5
DA
330
17
100
AcDbEntity
  8
K
100
AcDbPolyline
 90
8
 70
1
 10
13165.697893283766
 20
533.0645211106198
 10
13166.651711912778
 20
539.3239558635103
 10
13156.160360351505
 20
540.2181051443006
 10
13159.072564476774
 20
550.2288068249054
 10
13162.991078401063
 20
550.2288068249054
 10
13173.533333333335
 20
542.1424180984473
 10
13173.533333333335
 20
533.0645211106198
 10
13165.697893283766
 20
533.0645211106198
  0
LWPOLYLINE
  5
DB
330
17
100
AcDbEntity
  8
K
100
AcDbPolyline
 90
8
 70
1
 10
13129.496986019954
 20
559.9133324992113
 10
13132.437361713075
 20
566.3454043279091
 10
13138.235062420272
 20
562.7218413859108
 10
13148.77142857143
 20
560.0278841313536
 10
13148.77142857143
 20
556.3354836236588
 10
13145.871100582985
 20
553.6164261344926
 10
13141.996911584502
 20
551.8004000414528
 10
13129.496986019954
 20
559.9133324992113
  0
LWPOLYLINE
  5
DC
330
17
100
AcDbEntity
  8
K
100
AcDbPolyline
 90
64
 70
1
 10
12884.855192668972
 20
23.44737555115728
 10
12892.451629000847
 20
21.666960785873933
 10
12894.366775996148
 20
23.462411093969628
 10
12901.985823615198
 20
19.890982522541066
 10
12909.615822336764
 20
27.04410632401022
 10
12918.279112155513
 20
20.727124164505618
 10
12919.218196415943
 20
18.08594968204835
 10
12924.780987857534
 20
18.08594968204835
 10
12925.72302577082
 20
22.501752400579722
 10
12929.523809523811
 20
26.064987169009292
 10
12929.523809523811
 20
33.121197909373066
 10
12927.572836204385
 20
34.950235396334016
 10
12930.550347188266
 20
37.741651943721365
 10
12936.335214596555
 20
35.93388087863103
 10
12943.900485686838
 20
30.6145496432757
 10
12949.584264775815
 20
35.94309253919115
 10
12959.058771016691
 20
35.94309253919115
 10
12960.007235886504
 20
43.94576487824797
 10
12963.822091096587
 20
45.733978257974314
 10
12964.785823993234
 20
50.25147621100601
 10
12975.438095238096
 20
47.52788413135367
 10
12975.438095238096
 20
43.84687635375184
 10
12971.667334368198
 20
38.54424388045563
 10
12980.121847895509
 20
32.379494433457
 10
12987.748370999156
 20
34.16696078587389
 10
12989.663354271806
 20
32.371663967762586
 10
12993.404653710695
 20
32.371663967762586
 10
12999.11893942498
 20
35.94309253919115
 10
13002.99668760514
 20
35.94309253919115
 10
13006.806211414665
 20
32.371663967762586
 10
13014.425259033713
 20
32.371663967762586
 10
13021.18663781284
 20
26.032871362331235
 10
13016.32496785742
 20
19.65192954584305
 10
13006.76371254961
 20
23.237400286271527
 10
13001.104067528235
 20
21.468761217091846
 10
12996.390476190478
 20
17.049769337944443
 10
12996.390476190478
 20
13.478340766515885
 10
12993.492902540815
 20
10.76186546995661
 10
12983.92091313193
 20
5.377621427458346
 10
12978.150499689162
 20
7.180875628322703
 10
12970.544553098467
 20
12.528806824905425
 10
12964.82236001391
 20
12.528806824905425
 10
12962.931299569218
 20
14.301675991803764
 10
12960.160235643443
 20
13.435718514999028
 10
12955.357491473142
 20
7.132116791478738
 10
12945.821440203914
 20
14.284155243398988
 10
12942.044306652759
 20
10.743092539191146
 10
12930.622317318494
 20
10.743092539191146
 10
12923.003269699444
 20
1.814521110619749
 10
12920.997654375744
 20
1.814521110619749
 10
12918.079453287677
 20
6.374210310725936
 10
12921.859724605867
 20
13.462219032329138
 10
12919.15057316468
 20
14.308828857700018
 10
12909.641942981989
 20
10.743092539191146
 10
12902.04430665276
 20
10.743092539191146
 10
12897.342857142858
 20
6.335483623658766
 10
12897.342857142858
 20
0.9216639677626093
 10
12893.412758447621
 20
0.9216639677626093
 10
12847.482706112114
 20
20.65723333067604
 10
12860.117370752865
 20
27.035309231056015
 10
12863.93536709745
 20
23.45593765800713
 10
12869.649652811739
 20
25.24165194372141
 10
12875.361160498614
 20
19.887113487273457
 10
12884.855192668972
 20
23.44737555115728
  0
LWPOLYLINE
  5
DD
330
17
100
AcDbEntity
  8
K
100
AcDbPolyline
 90
14
 70
1
 10
12964.768772957
 20
519.8473293700683
 10
12970.583450815655
 20
521.664416200898
 10
12978.156508401029
 20
518.1145454577542
 10
12985.792927758785
 20
530.6430459665773
 10
12987.760458052855
 20
528.7984863158878
 10
13007.81904761905
 20
527.9030135673969
 10
13007.81904761905
 20
518.812719394098
 10
12997.305218238187
 20
514.3323943738442
 10
12991.576633913322
 20
507.17166396776247
 10
12983.887249182231
 20
507.17166396776247
 10
12980.106842086956
 20
508.94372979367284
 10
12974.394489262302
 20
505.37350927826395
 10
12963.802919193371
 20
509.886962432638
 10
12964.768772957
 20
519.8473293700683
  0
LWPOLYLINE
  5
DE
330
17
100
AcDbEntity
  8
K
100
AcDbPolyline
 90
54
 70
1
 10
12842.911242237473
 20
71.46333688317085
 10
12831.56135758548
 20
73.236756360045
 10
12829.663354271808
 20
71.45737825347686
 10
12825.788090605947
 20
71.45737825347686
 10
12816.305368492347
 20
76.79140944237605
 10
12814.377663705769
 20
74.98418620495883
 10
12806.720539824368
 20
83.95737825347693
 10
12799.108074299624
 20
83.95737825347693
 10
12796.180899089944
 20
86.70160501255131
 10
12798.089821258784
 20
95.64967767897714
 10
12796.227252324652
 20
99.14199443047178
 10
12787.668124689355
 20
100.03357022581505
 10
12780.915325564272
 20
108.17310488551368
 10
12784.77264923616
 20
111.78934582790845
 10
12786.683525033535
 20
118.95513006806246
 10
12799.162607112845
 20
123.45479908704394
 10
12806.791139904873
 20
118.09098696764752
 10
12818.228024252146
 20
119.87800014690875
 10
12820.139544747999
 20
118.08594968204832
 10
12825.768158871986
 20
118.08594968204832
 10
12833.387206491034
 20
127.01452111061973
 10
12837.282401890854
 20
127.01452111061973
 10
12841.091925700379
 20
123.44309253919117
 10
12848.649153944136
 20
123.44309253919117
 10
12852.480952380954
 20
125.2392480564497
 10
12860.18023791653
 20
121.6302079616487
 10
12861.172059211474
 20
118.84071056961642
 10
12853.533333333335
 20
113.46973143654971
 10
12853.533333333335
 20
109.90230664593659
 10
12840.2
 20
99.1880209316508
 10
12840.2
 20
93.93947398430325
 10
12848.729803071867
 20
89.49686821770652
 10
12854.425259033713
 20
84.1573782534769
 10
12858.226085121316
 20
84.1573782534769
 10
12879.178466073696
 20
69.87166396776257
 10
12882.990476190478
 20
69.87166396776257
 10
12892.520082815736
 20
62.72445899881851
 10
12905.842803525833
 20
60.94016604657349
 10
12921.084582167425
 20
53.79558230832726
 10
12933.546352397188
 20
51.0995262490036
 10
12932.561632227997
 20
44.63730013868739
 10
12917.266962553495
 20
50.01433244612974
 10
12913.472878081331
 20
46.45737825347685
 10
12905.77474096629
 20
46.45737825347685
 10
12900.085107698133
 20
51.79140944237615
 10
12895.408870765652
 20
49.16102616785567
 10
12892.508876351067
 20
44.629784895065306
 10
12884.841067251476
 20
50.02121316821373
 10
12877.195162841477
 20
48.22920432212041
 10
12869.567650023453
 20
60.74309253919119
 10
12852.454757272613
 20
60.74309253919119
 10
12847.61904761905
 20
63.463179219320764
 10
12847.61904761905
 20
67.04976933794448
 10
12842.911242237473
 20
71.46333688317085
  0
LWPOLYLINE
  5
DF
330
17
100
AcDbEntity
  8
K
100
AcDbPolyline
 90
5
 70
1
 10
12866.658301926751
 20
65.38880249346812
 10
12865.7253005227
 20
75.01037947275702
 10
12861.1607456923
 20
74.15452544205704
 10
12862.09374709635
 20
64.53294846276813
 10
12866.658301926751
 20
65.38880249346812
  0
LWPOLYLINE
  5
E0
330
17
100
AcDbEntity
  8
K
100
AcDbPolyline
 90
5
 70
1
 10
12809.729882765965
 20
102.72552435765503
 10
12810.667984051155
 20
89.53347503465115
 10
12815.232021995942
 20
90.38923214929872
 10
12814.293920710752
 20
103.5812814723026
 10
12809.729882765965
 20
102.72552435765503
  0
LWPOLYLINE
  5
E1
330
17
100
AcDbEntity
  8
K
100
AcDbPolyline
 90
15
 70
1
 10
12866.66666666667
 20
522.3983028651212
 10
12866.66666666667
 20
527.8507014547234
 10
12873.393788585337
 20
534.1573782534768
 10
12875.377639986093
 20
534.1573782534768
 10
12882.99668760514
 20
527.0145211106197
 10
12892.458677753659
 20
527.0145211106197
 10
12896.309414480043
 20
528.8195539511123
 10
12899.276652438517
 20
526.0377683650436
 10
12896.345202767116
 20
521.4573782534769
 10
12892.520497128951
 20
521.4573782534769
 10
12888.710973319427
 20
517.8859496820481
 10
12882.98878023487
 20
517.8859496820481
 10
12875.271859327042
 20
512.459989668731
 10
12874.296100994286
 20
517.0338568535141
 10
12866.66666666667
 20
522.3983028651212
  0
LWPOLYLINE
  5
E2
330
17
100
AcDbEntity
  8
K
100
AcDbPolyline
 90
22
 70
1
 10
12763.809523809527
 20
145.5645211106197
 10
12758.289160239437
 20
145.5645211106197
 10
12757.329364459712
 20
130.2677758712507
 10
12748.571428571431
 20
138.47834076651588
 10
12748.571428571431
 20
147.54418051847074
 10
12762.87517466966
 20
148.43816464961012
 10
12765.727595790266
 20
161.80888865244813
 10
12772.570969361692
 20
164.55845839096716
 10
12773.526474742896
 20
151.1216639677626
 10
12783.150960081075
 20
151.1216639677626
 10
12779.298550622392
 20
145.70421316648952
 10
12786.866666666669
 20
142.15665877073536
 10
12786.866666666669
 20
134.99355859758066
 10
12788.817639986093
 20
133.16452111061972
 10
12783.924416111395
 20
128.57712372809038
 10
12774.359519177375
 20
133.95737825347686
 10
12770.636190476192
 20
133.95737825347686
 10
12768.744003695665
 20
130.40952803998928
 10
12764.875159775725
 20
128.5960074525173
 10
12759.776672212924
 20
129.5519738705426
 10
12763.809523809527
 20
131.44237305644967
 10
12763.809523809527
 20
145.5645211106197
  0
LWPOLYLINE
  5
E3
330
17
100
AcDbEntity
  8
K
100
AcDbPolyline
 90
13
 70
1
 10
12759.100511617593
 20
94.8645739533579
 10
12768.693137622315
 20
96.66319132924339
 10
12775.438095238096
 20
92.14647864010372
 10
12775.438095238096
 20
90.35070145472358
 10
12782.056448480615
 20
84.145995289862
 10
12784.94972606125
 20
83.24184604591389
 10
12786.874612258342
 20
72.41436118727984
 10
12783.940928762877
 20
69.66403291028345
 10
12779.072664297266
 20
70.57683249758561
 10
12777.158128916295
 20
75.9614632565686
 10
12763.838309253118
 20
86.66488977161968
 10
12758.05939749767
 20
93.88852946593107
 10
12759.100511617593
 20
94.8645739533579
  0
LWPOLYLINE
  5
E4
330
17
100
AcDbEntity
  8
K
100
AcDbPolyline
 90
7
 70
1
 10
12738.155693347244
 20
159.15737825347688
 10
12745.853830462283
 20
159.15737825347688
 10
12748.776679607401
 20
156.41720717993013
 10
12747.807219400089
 20
148.2373866807395
 10
12733.333333333334
 20
149.14200455991167
 10
12733.333333333334
 20
154.63641574043785
 10
12738.155693347244
 20
159.15737825347688
  0
LWPOLYLINE
  5
E5
330
17
100
AcDbEntity
  8
K
100
AcDbPolyline
 90
10
 70
1
 10
14102.817385581948
 20
234.9262571992433
 10
14106.666666666668
 20
240.33930872463029
 10
14106.666666666668
 20
245.71536566678887
 10
14115.387432920612
 20
252.07425772695558
 10
14116.397785906851
 20
249.23263995315205
 10
14112.580952380955
 20
240.28693637682818
 10
14112.580952380955
 20
234.90691219508741
 10
14110.676190476192
 20
233.12119790937314
 10
14110.676190476192
 20
229.4005350079783
 10
14102.817385581948
 20
234.9262571992433
  0
LWPOLYLINE
  5
E6
330
17
100
AcDbEntity
  8
K
100
AcDbPolyline
 90
5
 70
1
 10
14060.898927326441
 20
134.86295130309233
 10
14065.759934026928
 20
144.88877762284568
 10
14076.444538640717
 20
142.15691848863833
 10
14071.58260788953
 20
133.9524103460109
 10
14060.898927326441
 20
134.86295130309233
  0
LWPOLYLINE
  5
E7
330
17
100
AcDbEntity
  8
K
100
AcDbPolyline
 90
8
 70
1
 10
14003.809523809527
 20
497.4069121950874
 10
14003.809523809527
 20
506.4080671009011
 10
14006.71194009003
 20
510.943092539191
 10
14008.72302357314
 20
510.943092539191
 10
14012.54292849964
 20
505.57135123629746
 10
14015.514222615015
 20
504.6428218252431
 10
14006.773871530071
 20
494.6278362070767
 10
14003.809523809527
 20
497.4069121950874
  0
LWPOLYLINE
  5
E8
330
17
100
AcDbEntity
  8
K
100
AcDbPolyline
 90
11
 70
1
 10
13945.817354500618
 20
542.8769469440965
 10
13938.176299805675
 20
539.2952025558415
 10
13935.238095238097
 20
542.0497693379443
 10
13935.238095238097
 20
551.0649871690093
 10
13936.278221190736
 20
552.0401052496088
 10
13942.041749642878
 20
548.4378999670201
 10
13951.575678858602
 20
546.6502882390721
 10
13955.392795025995
 20
543.0717418321408
 10
13962.187577970133
 20
540.3416951135139
 10
13959.16949896278
 20
537.5122460441205
 10
13945.817354500618
 20
542.8769469440965
  0
LWPOLYLINE
  5
E9
330
17
100
AcDbEntity
  8
K
100
AcDbPolyline
 90
6
 70
1
 10
13941.871260857772
 20
41.34672356485791
 10
13947.777117182817
 20
39.50114346328149
 10
13954.522769673826
 20
31.370223050011468
 10
13951.573595856791
 20
28.605372596541834
 10
13944.783420734506
 20
27.695974142664447
 10
13941.871260857772
 20
41.34672356485791
  0
LWPOLYLINE
  5
EA
330
17
100
AcDbEntity
  8
K
100
AcDbPolyline
 90
15
 70
1
 10
13899.061525369134
 20
183.108160732953
 10
13898.11356516192
 20
185.7742988157406
 10
13893.265461366875
 20
188.501357200454
 10
13894.34616953772
 20
189.51452111061974
 10
13900.122274627296
 20
189.51452111061974
 10
13907.741322246344
 20
185.94309253919116
 10
13920.992380952383
 20
185.94309253919116
 10
13922.930324439809
 20
189.57673657811748
 10
13926.809740524133
 20
185.9397839990643
 10
13937.35432589668
 20
185.0410977457223
 10
13936.383240303976
 20
176.8475630572771
 10
13932.503227008247
 20
175.02880682490542
 10
13917.294452144568
 20
175.02880682490542
 10
13913.448472435162
 20
169.6203978585531
 10
13899.061525369134
 20
183.108160732953
  0
LWPOLYLINE
  5
EB
330
17
100
AcDbEntity
  8
K
100
AcDbPolyline
 90
7
 70
1
 10
13914.285714285716
 20
20.707844311866452
 10
13921.012836204385
 20
27.01452111061975
 10
13928.710973319427
 20
27.01452111061975
 10
13933.612405885135
 20
22.419428080267977
 10
13919.159473333626
 20
16.0962700889824
 10
13914.285714285716
 20
17.010099910465538
 10
13914.285714285716
 20
20.707844311866452
  0
LWPOLYLINE
  5
EC
330
17
100
AcDbEntity
  8
K
100
AcDbPolyline
 90
73
 70
1
 10
13789.584264775815
 20
7.171663967762587
 10
13781.976082282123
 20
7.171663967762587
 10
13776.261796567836
 20
10.743092539191146
 10
13762.917598109148
 20
10.743092539191146
 10
13761.012836204387
 20
12.528806824905425
 10
13755.298550490099
 20
12.528806824905425
 10
13751.489026680578
 20
16.100235396333986
 10
13747.679502871053
 20
16.100235396333986
 10
13744.761904761906
 20
18.83548362365883
 10
13744.761904761906
 20
22.49355859758073
 10
13749.578785095593
 20
27.009383910411966
 10
13762.912118428925
 20
28.795098196126247
 10
13764.836061473981
 20
30.598794800864248
 10
13767.864084917948
 20
29.652537474624594
 10
13764.033816503303
 20
22.470784197165194
 10
13766.806211414665
 20
19.871663967762633
 10
13768.631883823433
 20
19.871663967762633
 10
13776.25093144248
 20
27.01452111061975
 10
13785.774740966292
 20
27.01452111061975
 10
13789.616655034184
 20
30.616315549269025
 10
13799.114285714288
 20
23.493092539191185
 10
13802.897142857144
 20
30.58594968204831
 10
13806.791147612712
 20
30.58594968204831
 10
13823.90769218887
 20
21.67108271529972
 10
13833.373764125856
 20
26.995748179854285
 10
13836.190476190477
 20
29.636415740437847
 10
13836.190476190477
 20
33.215365666788735
 10
13844.850785464829
 20
39.53017451266927
 10
13852.503227008247
 20
35.94309253919115
 10
13860.02942263168
 20
35.94309253919115
 10
13860.943367864722
 20
38.513563507125205
 10
13859.07195885894
 20
42.02245539296501
 10
13853.350785180533
 20
45.59818894197054
 10
13852.43790554171
 20
48.16566292615454
 10
13850.615735224188
 20
46.45737825347685
 10
13846.727121918671
 20
46.45737825347685
 10
13842.917598109148
 20
50.028806824905516
 10
13839.108074299624
 20
50.028806824905516
 10
13836.210020938473
 20
52.745731850983525
 10
13832.340284885793
 20
60.00148694975871
 10
13839.128281019493
 20
62.72880682490545
 10
13854.425259033713
 20
62.72880682490545
 10
13859.233712726105
 20
58.22088148828652
 10
13861.135516901213
 20
52.87205724579758
 10
13867.708642312173
 20
48.47041076524283
 10
13869.579970967434
 20
50.224781379549775
 10
13886.722828110293
 20
52.01049566526406
 10
13888.67142857143
 20
53.83730859758074
 10
13895.438095238096
 20
47.49355859758075
 10
13895.438095238096
 20
40.3709444850211
 10
13899.3050121167
 20
38.55832719817587
 10
13893.533333333335
 20
31.343728718969622
 10
13893.533333333335
 20
27.865863001918733
 10
13898.210328144816
 20
25.235053420459842
 10
13905.843609094394
 20
27.024103643016772
 10
13908.77142857143
 20
24.27927288329501
 10
13908.77142857143
 20
13.478340766515885
 10
13905.853830462283
 20
10.743092539191146
 10
13892.520497128951
 20
10.743092539191146
 10
13890.62329790622
 20
8.964468267881553
 10
13880.97493369894
 20
7.155399979016708
 10
13880.010019558285
 20
11.678435013334209
 10
13870.486210034476
 20
18.82129215619144
 10
13869.542892619436
 20
23.243092539191213
 10
13861.976082282123
 20
23.243092539191213
 10
13856.280586083354
 20
26.802777663420763
 10
13849.692553173058
 20
24.155800154818664
 10
13844.918885168028
 20
16.100235396333986
 10
13839.178008958317
 20
16.100235396333986
 10
13832.574839905006
 20
11.678470405278919
 10
13831.616940096015
 20
3.5961907669032067
 10
13791.487160994768
 20
5.387698762494564
 10
13789.584264775815
 20
7.171663967762587
  0
LWPOLYLINE
  5
ED
330
17
100
AcDbEntity
  8
K
100
AcDbPolyline
 90
21
 70
1
 10
13807.61904761905
 20
372.36724276760845
 10
13807.61904761905
 20
424.32344968204836
 10
13814.340689857498
 20
425.2236696246975
 10
13820.115139101828
 20
430.6372157912576
 10
13823.958198005477
 20
425.2329142079999
 10
13846.802869487306
 20
427.0176541675176
 10
13848.710973319425
 20
425.2288068249054
 10
13852.45867775366
 20
425.2288068249054
 10
13860.178703515556
 20
428.84756890079456
 10
13861.162498862688
 20
422.39141193524574
 10
13857.34285714286
 20
420.6009548790758
 10
13857.34285714286
 20
381.2913068249054
 10
13850.62121490441
 20
380.39108688225633
 10
13848.67142857143
 20
378.5631621950872
 10
13846.727121918671
 20
380.3859496820484
 10
13829.592172146085
 20
380.3859496820484
 10
13822.013800027451
 20
385.71449257796354
 10
13815.438095238096
 20
379.5497693379445
 10
13815.438095238096
 20
375.9924036917671
 10
13812.528819607965
 20
371.44666051968653
 10
13807.61904761905
 20
372.36724276760845
  0
LWPOLYLINE
  5
EE
330
17
100
AcDbEntity
  8
K
100
AcDbPolyline
 90
18
 70
1
 10
13807.61904761905
 20
126.08014871620443
 10
13812.495844682824
 20
128.82334706457766
 10
13815.431740060149
 20
126.07094514833494
 10
13816.376392430522
 20
119.87166396776261
 10
13820.060455252005
 20
119.87166396776261
 10
13823.909523809525
 20
123.48016574043785
 10
13829.678509311709
 20
118.07174183214076
 10
13836.390476190478
 20
115.37496942549264
 10
13836.390476190478
 20
106.33548362365875
 10
13834.481609105891
 20
104.54592073185964
 10
13833.52561427276
 20
94.68722401517904
 10
13823.993425000752
 20
92.89993852667789
 10
13823.048402800612
 20
88.47014696351695
 10
13820.139544747997
 20
85.74309253919121
 10
13812.520497128951
 20
85.74309253919121
 10
13810.602033764118
 20
83.94453313466099
 10
13807.61904761905
 20
84.87671630499504
 10
13807.61904761905
 20
126.08014871620443
  0
LWPOLYLINE
  5
EF
330
17
100
AcDbEntity
  8
K
100
AcDbPolyline
 90
15
 70
1
 10
13687.625402796997
 20
67.04381135861881
 10
13686.680750426623
 20
73.24309253919114
 10
13667.679502871053
 20
73.24309253919114
 10
13664.761904761906
 20
75.97834076651588
 10
13664.761904761906
 20
83.21790721153232
 10
13671.538976735448
 20
87.7561250509572
 10
13675.377639986094
 20
84.1573782534769
 10
13694.425259033713
 20
84.1573782534769
 10
13699.24761904762
 20
79.63641574043778
 10
13699.24761904762
 20
76.08523019930679
 10
13703.057142857144
 20
74.29951591359251
 10
13703.057142857144
 20
70.62119790937305
 10
13696.324244511641
 20
64.30910571046388
 10
13689.578785095593
 20
65.21251545368467
 10
13687.625402796997
 20
67.04381135861881
  0
LWPOLYLINE
  5
F0
330
17
100
AcDbEntity
  8
K
100
AcDbPolyline
 90
29
 70
1
 10
14881.07822424031
 20
358.9445331346609
 10
14873.433333333334
 20
351.77744790937305
 10
14870.484930532724
 20
354.54157553494537
 10
14868.578564605376
 20
363.4776658193958
 10
14862.864278891087
 20
370.6205229622529
 10
14860.958897518296
 20
379.55199814722226
 10
14849.534249788876
 20
395.61790901671947
 10
14847.638809702521
 20
400.9488342595909
 10
14843.822091096588
 20
402.73792110612226
 10
14842.83795503807
 20
407.3510588804122
 10
14862.036166858115
 20
410.9507235966704
 10
14863.954548237743
 20
409.152241053269
 10
14870.659291211085
 20
408.2542844050535
 10
14872.574964449197
 20
399.2745661014162
 10
14875.37140136871
 20
394.9051334146746
 10
14884.835709653566
 20
400.22880682490546
 10
14892.520497128951
 20
400.22880682490546
 10
14895.438095238096
 20
397.4935585975806
 10
14895.438095238096
 20
386.78472431019975
 10
14906.920250858318
 20
377.81429023190185
 10
14904.961904761907
 20
375.97834076651594
 10
14904.961904761907
 20
358.0770211106198
 10
14898.240262523457
 20
357.17680116797044
 10
14895.438095238096
 20
354.5497693379443
 10
14895.438095238096
 20
347.4069121950872
 10
14892.516023226055
 20
344.6674696837978
 10
14883.809523809525
 20
345.574396706353
 10
14883.809523809525
 20
358.0910020192808
 10
14881.07822424031
 20
358.9445331346609
  0
LWPOLYLINE
  5
F1
330
17
100
AcDbEntity
  8
K
100
AcDbPolyline
 90
16
 70
1
 10
14878.09523809524
 20
238.5649871690093
 10
14881.04012595264
 20
241.32581953532306
 10
14892.468697381211
 20
234.18296239246595
 10
14895.244450416045
 20
236.78523086262072
 10
14896.228826640154
 20
243.24519983334392
 10
14900.161976118688
 20
237.71420837915446
 10
14903.048821154945
 20
236.8120693053245
 10
14904.97221176361
 20
220.58346104471383
 10
14900.086744986183
 20
219.667436023946
 10
14896.373475660448
 20
221.40803102038376
 10
14895.433106179393
 20
213.47366352398168
 10
14892.516023226055
 20
210.73889825522642
 10
14875.245214856473
 20
212.53794079372435
 10
14874.282101418405
 20
224.2758858201911
 10
14878.09523809524
 20
227.85070145472363
 10
14878.09523809524
 20
238.5649871690093
  0
LWPOLYLINE
  5
F2
330
17
100
AcDbEntity
  8
K
100
AcDbPolyline
 90
38
 70
1
 10
14808.67142857143
 20
135.9801657404378
 10
14810.536645728196
 20
137.7288068249054
 10
14825.77474096629
 20
137.7288068249054
 10
14833.39378858534
 20
144.87166396776263
 10
14837.203312394862
 20
144.87166396776263
 10
14842.917598109148
 20
150.22880682490546
 10
14846.79286177501
 20
150.22880682490546
 10
14851.620086524716
 20
147.51349290319604
 10
14852.566868621
 20
141.30023539633407
 10
14861.918845664717
 20
141.30023539633407
 10
14862.869924650016
 20
147.5416912373585
 10
14871.484732872197
 20
148.43906709383546
 10
14874.294454342249
 20
151.0731809720083
 10
14875.257178333723
 20
155.5859496820483
 10
14883.011869433782
 20
155.5859496820483
 10
14885.930949170179
 20
151.02488759392685
 10
14877.293055440688
 20
135.72861744795273
 10
14869.653132903917
 20
137.5192242925084
 10
14867.758592367045
 20
135.74309253919114
 10
14863.990440713898
 20
135.74309253919114
 10
14863.048402800612
 20
131.3272898206598
 10
14860.139544747997
 20
128.60023539633403
 10
14856.24241370573
 20
128.60023539633403
 10
14850.528127991443
 20
135.74309253919114
 10
14837.282401890854
 20
135.74309253919114
 10
14829.663354271806
 20
128.60023539633403
 10
14825.77474096629
 20
128.60023539633403
 10
14823.909523809523
 20
130.34887648080164
 10
14822.04430665276
 20
128.60023539633403
 10
14812.53567895759
 20
128.60023539633403
 10
14809.731784044923
 20
124.21914959528857
 10
14811.658732593214
 20
116.99309253919121
 10
14801.956699420014
 20
116.99309253919121
 10
14796.154635592908
 20
124.24567232307393
 10
14800.010744474255
 20
127.86077439933696
 10
14801.918998887048
 20
135.0167284473115
 10
14806.781558968538
 20
137.75191849314905
 10
14808.67142857143
 20
135.9801657404378
  0
LWPOLYLINE
  5
F3
330
17
100
AcDbEntity
  8
K
100
AcDbPolyline
 90
46
 70
1
 10
14738.195238095239
 20
42.8488764808016
 10
14736.330020938474
 20
41.10023539633401
 10
14732.441407632956
 20
41.10023539633401
 10
14729.514232423277
 20
43.84446215540838
 10
14731.41899432804
 20
52.77303358397989
 10
14729.523809523811
 20
54.54976933794453
 10
14729.523809523811
 20
63.46623920361183
 10
14723.809523809525
 20
67.03766777504039
 10
14723.809523809525
 20
68.9221300261521
 10
14728.652490281864
 20
73.46241109396956
 10
14736.25734859602
 20
69.8976337592091
 10
14740.048404998293
 20
75.2288068249054
 10
14743.869979061528
 20
75.2288068249054
 10
14746.671655725371
 20
77.85537869725768
 10
14747.628669726962
 20
85.930184335682
 10
14759.082870446678
 20
87.7199031981376
 10
14760.98546125116
 20
91.28726095654504
 10
14768.622556271252
 20
93.077205101879
 10
14772.422577880516
 20
96.63972536056365
 10
14789.65484345856
 20
105.61486368246109
 10
14797.257996244685
 20
94.92293007697205
 10
14801.012836204385
 20
98.44309253919114
 10
14810.615735224188
 20
98.44309253919114
 10
14813.552766499932
 20
95.68962571818207
 10
14809.743242690407
 20
86.76105428961067
 10
14812.520497128951
 20
84.1573782534769
 10
14820.077725372706
 20
84.1573782534769
 10
14823.928462099091
 20
85.96241109396962
 10
14826.857926610135
 20
83.21603811486544
 10
14828.781005671963
 20
74.20160501255124
 10
14820.151686575853
 20
66.11161835994895
 10
14814.430452691793
 20
64.32373277117986
 10
14799.18929406848
 20
53.60729311416357
 10
14791.595491129794
 20
51.82749555040878
 10
14789.696384648047
 20
48.2666708971321
 10
14785.785406078277
 20
46.43339969255311
 10
14780.04351434757
 20
53.610764355938144
 10
14772.611648881599
 20
55.352607824525
 10
14775.457283057169
 20
42.0136976265415
 10
14765.80823278906
 20
40.20450070127124
 10
14754.287441666555
 20
43.80474792705458
 10
14753.336148852155
 20
83.93741353453
 10
14748.769562861502
 20
83.08117866128295
 10
14747.816803865418
 20
41.10023539633401
 10
14740.060455252005
 20
41.10023539633401
 10
14738.195238095239
 20
42.8488764808016
  0
LWPOLYLINE
  5
F4
330
17
100
AcDbEntity
  8
K
100
AcDbPolyline
 90
5
 70
1
 10
14806.671676624992
 20
91.08068213479426
 10
14802.10836507903
 20
90.22506121992613
 10
14803.05213289882
 20
68.10550294358808
 10
14807.615444444784
 20
68.9611238584562
 10
14806.671676624992
 20
91.08068213479426
  0
LWPOLYLINE
  5
F5
330
17
100
AcDbEntity
  8
K
100
AcDbPolyline
 90
17
 70
1
 10
14692.441407632958
 20
41.30023539633398
 10
14694.36677599615
 20
43.1052682368267
 10
14698.217512722535
 20
41.30023539633398
 10
14707.804963859093
 20
41.30023539633398
 10
14708.763858274953
 20
35.007490792257286
 10
14716.390476190478
 20
29.645025070404117
 10
14716.390476190478
 20
25.963179219320786
 10
14711.554766536914
 20
23.243092539191213
 10
14698.234782843238
 20
23.243092539191213
 10
14696.328427896578
 20
21.455884776700017
 10
14672.380952380952
 20
22.353915108535904
 10
14672.380952380952
 20
29.636415740437847
 10
14677.203312394862
 20
34.157378253476864
 10
14684.822360013908
 20
34.157378253476864
 10
14687.627787675581
 20
36.78746668629395
 10
14688.590511667056
 20
41.30023539633398
 10
14692.441407632958
 20
41.30023539633398
  0
LWPOLYLINE
  5
F6
330
17
100
AcDbEntity
  8
K
100
AcDbPolyline
 90
18
 70
1
 10
14662.034131160743
 20
175.2600617798362
 10
14666.68499373335
 20
177.8761719769275
 10
14667.648470250728
 20
180.58594968204832
 10
14675.377639986094
 20
180.58594968204832
 10
14678.333254377108
 20
177.81506119047108
 10
14670.69649567195
 20
168.86573458286148
 10
14674.514285714286
 20
161.70737825347692
 10
14664.975927954663
 20
154.553609933759
 10
14666.894029886613
 20
147.36072768894505
 10
14656.38196926376
 20
146.46481343131558
 10
14655.432592919324
 20
136.67436987929625
 10
14650.48927981472
 20
133.89375625795708
 10
14649.5201966565
 20
145.70445724876225
 10
14651.428571428572
 20
147.49355859758074
 10
14651.428571428572
 20
183.20784431186644
 10
14652.468697381213
 20
184.182962392466
 10
14658.265165400202
 20
180.56016988059687
 10
14662.034131160743
 20
175.2600617798362
  0
LWPOLYLINE
  5
F7
330
17
100
AcDbEntity
  8
K
100
AcDbPolyline
 90
61
 70
1
 10
14561.052380952382
 20
166.06316219508733
 10
14559.108074299624
 20
167.88594968204828
 10
14555.306457860372
 20
167.88594968204828
 10
14547.62321300454
 20
173.28823122130456
 10
14546.671741486876
 20
184.8842903428164
 10
14542.786135583472
 20
186.7056681100374
 10
14568.610276938036
 20
212.70914377956396
 10
14573.362557805782
 20
215.3823017676696
 10
14576.225883242752
 20
219.85624776293744
 10
14579.04761904762
 20
220.73804020195885
 10
14579.04761904762
 20
224.29951591359242
 10
14582.888508302216
 20
226.09993275168472
 10
14585.753363789
 20
230.5762694497825
 10
14590.65069261044
 20
231.49451860380253
 10
14593.489594032942
 20
219.96148157489037
 10
14595.298550490099
 20
221.65737825347688
 10
14602.987532767842
 20
221.65737825347688
 10
14609.693271843162
 20
217.1669279798246
 10
14614.405915189525
 20
210.98158358772145
 10
14622.76793348469
 20
217.07888859461278
 10
14614.361233339672
 20
221.4573782534769
 10
14610.495273571818
 20
221.4573782534769
 10
14609.51744020137
 20
226.0409721774469
 10
14612.426225804316
 20
230.58594968204827
 10
14618.155693347242
 20
230.58594968204827
 10
14620.064475433217
 20
232.37543288764851
 10
14639.112094480837
 20
230.58971860193424
 10
14641.012836204385
 20
232.37166396776254
 10
14652.520497128951
 20
232.37166396776254
 10
14655.433106179393
 20
229.64109298297208
 10
14656.379324221409
 20
221.65737825347688
 10
14660.139544747997
 20
221.65737825347688
 10
14662.013800027451
 20
219.90026392899009
 10
14669.632847646499
 20
225.25740678613292
 10
14674.495291386249
 20
220.69886578011688
 10
14672.57029045094
 20
211.6754238958586
 10
14665.844675624983
 20
207.17166396776264
 10
14660.051937515253
 20
207.17166396776264
 10
14654.326718003478
 20
214.3281883574798
 10
14651.45616906792
 20
215.22523489984147
 10
14648.607189249116
 20
221.4573782534769
 10
14646.812793508969
 20
221.4573782534769
 10
14639.204969799017
 20
212.54195984337832
 10
14636.367968093306
 20
211.6553968103426
 10
14635.390625880787
 20
208.9066218376433
 10
14629.595129901169
 20
212.5288068249055
 10
14625.900201954331
 20
212.5288068249055
 10
14624.95554958396
 20
206.32952564433305
 10
14623.057142857144
 20
204.54976933794444
 10
14623.057142857144
 20
197.4093648380878
 10
14600.966625662271
 20
174.8986475878781
 10
14600.006077855802
 20
190.2073782534769
 10
14594.485714285716
 20
190.2073782534769
 10
14594.485714285716
 20
168.84272562306023
 10
14587.78571717323
 20
160.76683624640364
 10
14581.992506905022
 20
157.14607982877348
 10
14578.15021366702
 20
160.74822973939894
 10
14571.436692691972
 20
161.64736201284302
 10
14570.48853701275
 20
171.42521745481253
 10
14564.913591337758
 20
169.68304693137736
 10
14561.052380952382
 20
166.06316219508733
  0
LWPOLYLINE
  5
F8
330
17
100
AcDbEntity
  8
K
100
AcDbPolyline
 90
15
 70
1
 10
14547.623998067478
 20
471.65737825347685
 10
14557.282401890856
 20
471.65737825347685
 10
14559.187163795617
 20
469.8716639677626
 10
14562.917598109147
 20
469.8716639677626
 10
14566.727121918671
 20
473.4430925391911
 10
14570.615735224188
 20
473.4430925391911
 10
14573.533333333335
 20
470.7078443118665
 10
14573.533333333335
 20
467.0497693379446
 10
14570.615735224188
 20
464.31452111061975
 10
14566.806211414665
 20
464.31452111061975
 10
14561.10919582108
 20
458.9735689916353
 10
14553.50590845757
 20
455.4095280399896
 10
14551.58227197222
 20
451.8027096299601
 10
14546.662363236464
 20
452.7251925179142
 10
14547.623998067478
 20
471.65737825347685
  0
LWPOLYLINE
  5
F9
330
17
100
AcDbEntity
  8
K
100
AcDbPolyline
 90
16
 70
1
 10
14524.83606147398
 20
450.01596170608957
 10
14518.079085548665
 20
456.3506266360721
 10
14519.074526945169
 20
459.15030556373836
 10
14527.636409745961
 20
460.0421683554875
 10
14529.532549580343
 20
468.930323829151
 10
14532.441407632958
 20
471.65737825347685
 10
14536.330020938474
 20
471.65737825347685
 10
14538.195238095239
 20
469.90873716900927
 10
14540.1
 20
471.69445145472355
 10
14541.152380952382
 20
470.7078443118665
 10
14541.152380952382
 20
451.0852301993066
 10
14545.037915025225
 20
449.26388610266224
 10
14542.036166858114
 20
446.44974719599793
 10
14537.20426327462
 20
447.3557291179032
 10
14530.560325884626
 20
451.80479433441644
 10
14524.83606147398
 20
450.01596170608957
  0
LWPOLYLINE
  5
FA
330
17
100
AcDbEntity
  8
K
100
AcDbPolyline
 90
4
 70
1
 10
14540.000000000002
 20
184.28820145472358
 10
14541.198592367045
 20
183.16452111061977
 10
14540.000000000002
 20
182.04084076651594
 10
14540.000000000002
 20
184.28820145472358
  0
LWPOLYLINE
  5
FB
330
17
100
AcDbEntity
  8
K
100
AcDbPolyline
 90
14
 70
1
 10
14480.0
 20
456.434231589056
 10
14485.742194501652
 20
460.0231031525882
 10
14488.65205374153
 20
464.5697582148972
 10
14490.607595429545
 20
462.7364378823845
 10
14494.925071797967
 20
463.5459647014638
 10
14489.430335689742
 20
465.2630697352843
 10
14494.385714285716
 20
469.90873716900927
 10
14497.351281629322
 20
467.1285177843779
 10
14494.46864696132
 20
451.8145211106198
 10
14486.826666666668
 20
451.8145211106198
 10
14484.919111124806
 20
448.23785446962785
 10
14474.078365779395
 20
449.1617816297483
 10
14480.0
 20
452.86280301762747
 10
14480.0
 20
456.434231589056
  0
LWPOLYLINE
  5
FC
330
17
100
AcDbEntity
  8
K
100
AcDbPolyline
 90
29
 70
1
 10
14443.809523809525
 20
390.26405505223016
 10
14443.809523809525
 20
397.4252353963338
 10
14441.880469210986
 20
401.04221276859363
 10
14443.809523809525
 20
402.85070145472343
 10
14443.809523809525
 20
406.422130026152
 10
14449.523809523811
 20
411.77927288329505
 10
14449.523809523811
 20
415.35070145472366
 10
14453.34723965485
 20
418.9351672025722
 10
14455.250404028513
 20
424.28781700350214
 10
14464.761904761906
 20
434.988255328569
 10
14464.761904761906
 20
438.5892551397782
 10
14471.53579439672
 20
441.31090722519383
 10
14476.390476190478
 20
438.58014871620435
 10
14476.390476190478
 20
429.54976933794455
 10
14474.485714285716
 20
427.7640550522303
 10
14474.485714285716
 20
422.3866691647901
 10
14470.648765600426
 20
420.58809946856104
 10
14466.895238095238
 20
413.55023539633396
 10
14476.390476190478
 20
406.42880682490545
 10
14476.390476190478
 20
404.5497693379446
 10
14466.866666666669
 20
395.621197909373
 10
14466.866666666669
 20
392.04976933794444
 10
14465.00811617657
 20
390.3073782534768
 10
14468.760684097175
 20
386.78934582790845
 10
14470.688228357505
 20
379.5610548516751
 10
14467.752815940212
 20
376.809105710464
 10
14447.583496494743
 20
379.5103538504824
 10
14449.507656977235
 20
384.92205520750065
 10
14443.809523809525
 20
390.26405505223016
  0
ENDSEC
  0
SECTION
  2
OBJECTS
  0
DICTIONARY
  5
A
330
0
100
AcDbDictionary
281
1
  3
ACAD_COLOR
350
B
  3
ACAD_GROUP
350
C
  3
ACAD_LAYOUT
350
D
  3
ACAD_MATERIAL
350
E
  3
ACAD_MLEADERSTYLE
350
F
  3
ACAD_MLINESTYLE
350
10
  3
ACAD_PLOTSETTINGS
350
11
  3
ACAD_PLOTSTYLENAME
350
12
  3
ACAD_SCALELIST
350
14
  3
ACAD_TABLESTYLE
350
15
  3
ACAD_VISUALSTYLE
350
16
  3
EZDXF_META
350
2D
  0
DICTIONARY
  5
B
330
A
100
AcDbDictionary
281
1
  0
DICTIONARY
  5
C
330
A
100
AcDbDictionary
281
1
  0
DICTIONARY
  5
D
330
A
100
AcDbDictionary
281
1
  3
Model
350
1A
  3
Layout1
350
1E
  0
DICTIONARY
  5
E
330
A
100
AcDbDictionary
281
1
  3
ByBlock
350
1F
  3
ByLayer
350
20
  3
Global
350
21
  0
DICTIONARY
  5
F
330
A
100
AcDbDictionary
281
1
  3
Standard
350
2C
  0
DICTIONARY
  5
10
330
A
100
AcDbDictionary
281
1
  3
Standard
350
22
  0
DICTIONARY
  5
11
330
A
100
AcDbDictionary
281
1
  0
ACDBDICTIONARYWDFLT
  5
12
330
A
100
AcDbDictionary
281
1
  3
Normal
350
13
100
AcDbDictionaryWithDefault
340
13
  0
ACDBPLACEHOLDER
  5
13
330
12
  0
DICTIONARY
  5
14
330
A
100
AcDbDictionary
281
1
  0
DICTIONARY
  5
15
330
A
100
AcDbDictionary
281
1
  0
DICTIONARY
  5
16
330
A
100
AcDbDictionary
281
1
  0
LAYOUT
  5
1A
330
D
100
AcDbPlotSettings
  1

  4
A3
  6

 40
7.5
 41
20.0
 42
7.5
 43
20.0
 44
420.0
 45
297.0
 46
0.0
 47
0.0
 48
0.0
 49
0.0
140
0.0
141
0.0
142
1.0
143
1.0
 70
1024
 72
1
 73
0
 74
5
  7

 75
16
 76
0
 77
2
 78
300
147
1.0
148
0.0
149
0.0
100
AcDbLayout
  1
Model
 70
1
 71
0
 10
0.0
 20
0.0
 11
420.0
 21
297.0
 12
0.0
 22
0.0
 32
0.0
 14
1e+20
 24
1e+20
 34
1e+20
 15
-1e+20
 25
-1e+20
 35
-1e+20
146
0.0
 13
0.0
 23
0.0
 33
0.0
 16
1.0
 26
0.0
 36
0.0
 17
0.0
 27
1.0
 37
0.0
 76
1
330
17
  0
LAYOUT
  5
1E
330
D
100
AcDbPlotSettings
  1

  4
A3
  6

 40
7.5
 41
20.0
 42
7.5
 43
20.0
 44
420.0
 45
297.0
 46
0.0
 47
0.0
 48
0.0
 49
0.0
140
0.0
141
0.0
142
1.0
143
1.0
 70
0
 72
1
 73
0
 74
5
  7

 75
16
 76
0
 77
2
 78
300
147
1.0
148
0.0
149
0.0
100
AcDbLayout
  1
Layout1
 70
1
 71
1
 10
0.0
 20
0.0
 11
420.0
 21
297.0
 12
0.0
 22
0.0
 32
0.0
 14
1e+20
 24
1e+20
 34
1e+20
 15
-1e+20
 25
-1e+20
 35
-1e+20
146
0.0
 13
0.0
 23
0.0
 33
0.0
 16
1.0
 26
0.0
 36
0.0
 17
0.0
 27
1.0
 37
0.0
 76
1
330
1B
  0
MATERIAL
  5
1F
102
{ACAD_REACTORS
330
E
102
}
330
E
100
AcDbMaterial
  1
ByBlock
  2

 70
0
 40
1.0
 71
1
 41
1.0
 91
-1023410177
 42
1.0
 72
1
  3

 73
1
 74
1
 75
1
 44
0.5
 73
0
 45
1.0
 46
1.0
 77
1
  4

 78
1
 79
1
170
1
 48
1.0
171
1
  6

172
1
173
1
174
1
140
1.0
141
1.0
175
1
  7

176
1
177
1
178
1
143
1.0
179
1
  8

270
1
271
1
272
1
145
1.0
146
1.0
273
1
  9

274
1
275
1
276
1
 42
1.0
 72
1
  3

 73
1
 74
1
 75
1
 94
63
  0
MATERIAL
  5
20
102
{ACAD_REACTORS
330
E
102
}
330
E
100
AcDbMaterial
  1
ByLayer
  2

 70
0
 40
1.0
 71
1
 41
1.0
 91
-1023410177
 42
1.0
 72
1
  3

 73
1
 74
1
 75
1
 44
0.5
 73
0
 45
1.0
 46
1.0
 77
1
  4

 78
1
 79
1
170
1
 48
1.0
171
1
  6

172
1
173
1
174
1
140
1.0
141
1.0
175
1
  7

176
1
177
1
178
1
143
1.0
179
1
  8

270
1
271
1
272
1
145
1.0
146
1.0
273
1
  9

274
1
275
1
276
1
 42
1.0
 72
1
  3

 73
1
 74
1
 75
1
 94
63
  0
MATERIAL
  5
21
102
{ACAD_REACTORS
330
E
102
}
330
E
100
AcDbMaterial
  1
Global
  2

 70
0
 40
1.0
 71
1
 41
1.0
 91
-1023410177
 42
1.0
 72
1
  3

 73
1
 74
1
 75
1
 44
0.5
 73
0
 45
1.0
 46
1.0
 77
1
  4

 78
1
 79
1
170
1
 48
1.0
171
1
  6

172
1
173
1
174
1
140
1.0
141
1.0
175
1
  7

176
1
177
1
178
1
143
1.0
179
1
  8

270
1
271
1
272
1
145
1.0
146
1.0
273
1
  9

274
1
275
1
276
1
 42
1.0
 72
1
  3

 73
1
 74
1
 75
1
 94
63
  0
MLINESTYLE
  5
22
102
{ACAD_REACTORS
330
10
102
}
330
10
100
AcDbMlineStyle
  2
Standard
 70
0
  3

 62
256
 51
90.0
 52
90.0
 71
2
 49
0.5
 62
256
  6
BYLAYER
 49
-0.5
 62
256
  6
BYLAYER
  0
MLEADERSTYLE
  5
2C
102
{ACAD_REACTORS
330
F
102
}
330
F
100
AcDbMLeaderStyle
179
2
170
2
171
1
172
0
 90
2
 40
0.0
 41
0.0
173
1
 91
-1056964608
 92
-2
290
1
 42
2.0
291
1
 43
8.0
  3
Standard
 44
4.0
300

342
29
174
1
175
1
176
0
178
1
 93
-1056964608
 45
4.0
292
0
297
0
 46
4.0
 94
-1056964608
 47
1.0
 49
1.0
140
1.0
294
1
141
0.0
177
0
142
1.0
295
0
296
0
143
3.75
271
0
272
9
273
9
  0
DICTIONARY
  5
2D
330
A
100
AcDbDictionary
280
1
281
1
  3
CREATED_BY_EZDXF
350
2E
  3
WRITTEN_BY_EZDXF
350
FF
  0
DICTIONARYVAR
  5
2E
330
2D
100
DictionaryVariables
280
0
  1
1.4.4 @ 2026-07-24T08:50:32.432998+00:00
  0
DICTIONARYVAR
  5
FF
330
2D
100
DictionaryVariables
280
0
  1
1.4.4 @ 2026-07-24T08:50:32.461792+00:00
  0
ENDSEC
  0
EOF
