ply
format ascii 1.0
element vertex 12872
property float x
property float y
property float z
property uchar red
property uchar green
property uchar blue
element face 12700
property list uchar int vertex_indices
end_header
1438.800 1037.855 387.221 147 147 147
1436.115 1035.135 394.167 147 147 147
1448.313 1047.491 425.714 147 147 147
1450.947 1050.159 429.801 147 147 147
1450.947 1050.159 435.264 147 147 147
1457.299 1056.594 451.692 147 147 147
1457.299 1056.594 459.907 147 147 147
1460.476 1059.811 468.121 147 147 147
1460.476 1059.811 484.550 147 147 147
1463.652 1063.028 492.764 147 147 147
1463.652 1063.028 544.782 147 147 147
1466.828 1066.246 555.734 147 147 147
1466.828 1066.246 561.165 147 147 147
1463.652 1063.028 569.379 147 147 147
1463.652 1063.028 1015.689 147 147 147
1460.466 1059.801 1023.929 147 147 147
1468.445 1067.883 1044.564 147 147 147
1471.704 1071.185 1044.564 147 147 147
1472.763 1072.257 1041.826 147 147 147
1475.932 1075.468 1041.826 147 147 147
1479.674 1079.257 1034.915 147 147 147
1479.674 1079.257 487.236 147 147 147
1477.558 1077.114 481.765 147 147 147
1478.617 1078.187 468.075 147 147 147
1476.502 1076.045 462.606 147 147 147
1477.561 1077.117 457.130 147 147 147
1475.439 1074.967 451.641 147 147 147
1475.439 1074.967 443.433 147 147 147
1465.902 1065.307 410.547 147 147 147
1450.518 1049.724 378.993 147 147 147
1446.746 1045.904 380.386 147 147 147
1441.989 1041.085 387.221 147 147 147
1438.089 1038.558 387.221 147 147 147
1435.403 1035.837 394.167 147 147 147
1447.601 1048.193 425.714 147 147 147
1450.235 1050.862 429.801 147 147 147
1450.235 1050.862 435.264 147 147 147
1456.588 1057.296 451.692 147 147 147
1456.588 1057.296 459.907 147 147 147
1459.764 1060.514 468.121 147 147 147
1459.764 1060.514 484.550 147 147 147
1462.940 1063.731 492.764 147 147 147
1462.940 1063.731 544.782 147 147 147
1466.117 1066.948 555.734 147 147 147
1466.117 1066.948 561.165 147 147 147
1462.940 1063.731 569.379 147 147 147
1462.940 1063.731 1015.689 147 147 147
1459.754 1060.503 1023.929 147 147 147
1467.733 1068.586 1044.564 147 147 147
1470.993 1071.887 1044.564 147 147 147
1472.051 1072.960 1041.826 147 147 147
1475.221 1076.170 1041.826 147 147 147
1478.962 1079.960 1034.915 147 147 147
1478.962 1079.960 487.236 147 147 147
1476.846 1077.817 481.765 147 147 147
1477.905 1078.889 468.075 147 147 147
1475.791 1076.748 462.606 147 147 147
1476.849 1077.820 457.130 147 147 147
1474.727 1075.670 451.641 147 147 147
1474.727 1075.670 443.433 147 147 147
1465.190 1066.010 410.547 147 147 147
1449.806 1050.427 378.993 147 147 147
1446.034 1046.606 380.386 147 147 147
1441.277 1041.787 387.221 147 147 147
1438.800 1037.855 387.221 147 147 147
1436.115 1035.135 394.167 147 147 147
1448.313 1047.491 425.714 147 147 147
1450.947 1050.159 429.801 147 147 147
1450.947 1050.159 435.264 147 147 147
1457.299 1056.594 451.692 147 147 147
1457.299 1056.594 459.907 147 147 147
1460.476 1059.811 468.121 147 147 147
1460.476 1059.811 484.550 147 147 147
1463.652 1063.028 492.764 147 147 147
1463.652 1063.028 544.782 147 147 147
1466.828 1066.246 555.734 147 147 147
1466.828 1066.246 561.165 147 147 147
1463.652 1063.028 569.379 147 147 147
1463.652 1063.028 1015.689 147 147 147
1460.466 1059.801 1023.929 147 147 147
1468.445 1067.883 1044.564 147 147 147
1471.704 1071.185 1044.564 147 147 147
1472.763 1072.257 1041.826 147 147 147
1475.932 1075.468 1041.826 147 147 147
1479.674 1079.257 1034.915 147 147 147
1479.674 1079.257 487.236 147 147 147
1477.558 1077.114 481.765 147 147 147
1478.617 1078.187 468.075 147 147 147
1476.502 1076.045 462.606 147 147 147
1477.561 1077.117 457.130 147 147 147
1475.439 1074.967 451.641 147 147 147
1475.439 1074.967 443.433 147 147 147
1465.902 1065.307 410.547 147 147 147
1450.518 1049.724 378.993 147 147 147
1446.746 1045.904 380.386 147 147 147
1441.989 1041.085 387.221 147 147 147
1438.089 1038.558 387.221 147 147 147
1435.403 1035.837 394.167 147 147 147
1447.601 1048.193 425.714 147 147 147
1450.235 1050.862 429.801 147 147 147
1450.235 1050.862 435.264 147 147 147
1456.588 1057.296 451.692 147 147 147
1456.588 1057.296 459.907 147 147 147
1459.764 1060.514 468.121 147 147 147
1459.764 1060.514 484.550 147 147 147
1462.940 1063.731 492.764 147 147 147
1462.940 1063.731 544.782 147 147 147
1466.117 1066.948 555.734 147 147 147
1466.117 1066.948 561.165 147 147 147
1462.940 1063.731 569.379 147 147 147
1462.940 1063.731 1015.689 147 147 147
1459.754 1060.503 1023.929 147 147 147
1467.733 1068.586 1044.564 147 147 147
1470.993 1071.887 1044.564 147 147 147
1472.051 1072.960 1041.826 147 147 147
1475.221 1076.170 1041.826 147 147 147
1478.962 1079.960 1034.915 147 147 147
1478.962 1079.960 487.236 147 147 147
1476.846 1077.817 481.765 147 147 147
1477.905 1078.889 468.075 147 147 147
1475.791 1076.748 462.606 147 147 147
1476.849 1077.820 457.130 147 147 147
1474.727 1075.670 451.641 147 147 147
1474.727 1075.670 443.433 147 147 147
1465.190 1066.010 410.547 147 147 147
1449.806 1050.427 378.993 147 147 147
1446.034 1046.606 380.386 147 147 147
1441.277 1041.787 387.221 147 147 147
1439.855 1038.924 609.028 147 147 147
1432.443 1031.416 614.505 147 147 147
1428.704 1027.628 621.412 147 147 147
1434.007 1033.000 640.614 147 147 147
1434.007 1033.000 648.829 147 147 147
1437.183 1036.217 659.782 147 147 147
1437.183 1036.217 667.993 147 147 147
1442.483 1041.585 689.922 147 147 147
1444.088 1043.212 694.074 147 147 147
1451.500 1050.719 696.812 147 147 147
1452.605 1051.839 699.672 147 147 147
1455.322 1054.591 692.645 147 147 147
1455.322 1054.591 596.760 147 147 147
1453.687 1052.935 592.531 147 147 147
1448.348 1047.526 598.055 147 147 147
1446.220 1045.371 598.055 147 147 147
1439.144 1039.626 609.028 147 147 147
1431.731 1032.118 614.505 147 147 147
1427.992 1028.331 621.412 147 147 147
1433.296 1033.703 640.614 147 147 147
1433.296 1033.703 648.829 147 147 147
1436.472 1036.920 659.782 147 147 147
1436.472 1036.920 667.993 147 147 147
1441.771 1042.288 689.922 147 147 147
1443.377 1043.914 694.074 147 147 147
1450.788 1051.421 696.812 147 147 147
1451.894 1052.541 699.672 147 147 147
1454.611 1055.294 692.645 147 147 147
1454.611 1055.294 596.760 147 147 147
1452.976 1053.637 592.531 147 147 147
1447.636 1048.229 598.055 147 147 147
1445.508 1046.073 598.055 147 147 147
1439.855 1038.924 609.028 147 147 147
1432.443 1031.416 614.505 147 147 147
1428.704 1027.628 621.412 147 147 147
1434.007 1033.000 640.614 147 147 147
1434.007 1033.000 648.829 147 147 147
1437.183 1036.217 659.782 147 147 147
1437.183 1036.217 667.993 147 147 147
1442.483 1041.585 689.922 147 147 147
1444.088 1043.212 694.074 147 147 147
1451.500 1050.719 696.812 147 147 147
1452.605 1051.839 699.672 147 147 147
1455.322 1054.591 692.645 147 147 147
1455.322 1054.591 596.760 147 147 147
1453.687 1052.935 592.531 147 147 147
1448.348 1047.526 598.055 147 147 147
1446.220 1045.371 598.055 147 147 147
1439.144 1039.626 609.028 147 147 147
1431.731 1032.118 614.505 147 147 147
1427.992 1028.331 621.412 147 147 147
1433.296 1033.703 640.614 147 147 147
1433.296 1033.703 648.829 147 147 147
1436.472 1036.920 659.782 147 147 147
1436.472 1036.920 667.993 147 147 147
1441.771 1042.288 689.922 147 147 147
1443.377 1043.914 694.074 147 147 147
1450.788 1051.421 696.812 147 147 147
1451.894 1052.541 699.672 147 147 147
1454.611 1055.294 692.645 147 147 147
1454.611 1055.294 596.760 147 147 147
1452.976 1053.637 592.531 147 147 147
1447.636 1048.229 598.055 147 147 147
1445.508 1046.073 598.055 147 147 147
1453.662 1052.909 1003.605 147 147 147
1455.322 1054.591 999.311 147 147 147
1455.322 1054.591 933.546 147 147 147
1453.675 1052.923 929.286 147 147 147
1437.170 1036.204 958.202 147 147 147
1452.951 1053.612 1003.605 147 147 147
1454.611 1055.294 999.311 147 147 147
1454.611 1055.294 933.546 147 147 147
1452.964 1053.625 929.286 147 147 147
1436.458 1036.906 958.202 147 147 147
1453.662 1052.909 1003.605 147 147 147
1455.322 1054.591 999.311 147 147 147
1455.322 1054.591 933.546 147 147 147
1453.675 1052.923 929.286 147 147 147
1437.170 1036.204 958.202 147 147 147
1452.951 1053.612 1003.605 147 147 147
1454.611 1055.294 999.311 147 147 147
1454.611 1055.294 933.546 147 147 147
1452.964 1053.625 929.286 147 147 147
1436.458 1036.906 958.202 147 147 147
1103.177 697.889 959.500 147 147 147
1098.926 693.584 967.744 147 147 147
1096.268 690.892 974.617 147 147 147
1096.268 690.892 982.830 147 147 147
1083.065 677.517 1014.245 147 147 147
1081.997 676.436 1014.245 147 147 147
1077.219 671.596 1032.095 147 147 147
1072.984 667.306 1040.308 147 147 147
1070.338 664.626 1049.889 147 147 147
1063.986 658.192 1060.841 147 147 147
1060.812 654.977 1071.786 147 147 147
1058.726 652.864 1074.483 147 147 147
1054.477 648.560 1074.483 147 147 147
1052.860 646.921 1078.666 147 147 147
1053.391 647.460 1110.279 147 147 147
1055.619 649.716 1110.279 147 147 147
1056.636 650.746 1107.648 147 147 147
1057.653 651.777 1110.279 147 147 147
1060.829 654.994 1110.279 147 147 147
1064.047 658.254 1118.600 147 147 147
1065.118 659.338 1115.832 147 147 147
1071.425 665.727 1126.707 147 147 147
1076.794 671.165 1126.707 147 147 147
1077.852 672.237 1123.969 147 147 147
1079.901 674.313 1123.969 147 147 147
1082.064 676.504 1126.766 147 147 147
1083.104 677.557 1124.076 147 147 147
1084.122 678.588 1126.707 147 147 147
1086.322 680.817 1126.707 147 147 147
1087.381 681.889 1123.969 147 147 147
1092.592 687.167 1123.969 147 147 147
1093.650 688.240 1126.707 147 147 147
1095.832 690.450 1126.707 147 147 147
1101.133 695.819 1121.224 147 147 147
1109.619 704.415 1118.480 147 147 147
1110.673 705.483 1115.755 147 147 147
1114.908 709.773 1115.755 147 147 147
1115.967 710.845 1113.017 147 147 147
1119.143 714.062 1113.017 147 147 147
1121.261 716.207 1107.540 147 147 147
1123.370 718.344 1107.540 147 147 147
1126.546 721.561 1102.064 147 147 147
1130.771 725.840 1102.064 147 147 147
1136.064 731.203 1096.588 147 147 147
1139.259 734.439 1096.588 147 147 147
1142.440 737.661 1088.361 147 147 147
1150.905 746.235 1085.625 147 147 147
1155.134 750.519 1077.421 147 147 147
1157.258 752.670 1077.421 147 147 147
1158.321 753.748 1074.671 147 147 147
1166.791 762.327 1071.933 147 147 147
1169.963 765.540 1063.731 147 147 147
1173.127 768.745 1063.731 147 147 147
1180.539 776.252 1052.779 147 147 147
1183.726 779.481 1052.779 147 147 147
1185.844 781.626 1047.302 147 147 147
1190.073 785.910 1047.302 147 147 147
1194.316 790.208 1039.072 147 147 147
1204.909 800.937 1033.593 147 147 147
1208.083 804.153 1025.384 147 147 147
1222.905 819.167 1019.907 147 147 147
1223.959 820.234 1017.183 147 147 147
1228.175 824.505 1017.183 147 147 147
1233.500 829.899 1011.675 147 147 147
1235.610 832.036 1006.217 147 147 147
1243.021 839.543 1003.479 147 147 147
1244.640 841.182 999.294 147 147 147
1240.389 836.877 982.804 147 147 147
1237.666 834.119 978.580 147 147 147
1236.581 833.019 981.388 147 147 147
1232.346 828.729 981.388 147 147 147
1231.287 827.657 984.126 147 147 147
1227.052 823.367 984.126 147 147 147
1225.988 822.290 986.877 147 147 147
1217.518 813.710 989.615 147 147 147
1216.464 812.643 992.340 147 147 147
1212.229 808.353 992.340 147 147 147
1211.171 807.281 995.079 147 147 147
1206.936 802.991 995.079 147 147 147
1205.877 801.918 997.817 147 147 147
1201.642 797.629 997.817 147 147 147
1200.583 796.556 1000.555 147 147 147
1196.348 792.266 1000.555 147 147 147
1195.290 791.194 1003.293 147 147 147
1191.055 786.904 1003.293 147 147 147
1189.996 785.832 1006.031 147 147 147
1185.761 781.542 1006.031 147 147 147
1184.702 780.470 1008.769 147 147 147
1180.467 776.180 1008.769 147 147 147
1179.408 775.107 1011.507 147 147 147
1175.173 770.818 1011.507 147 147 147
1174.115 769.745 1014.245 147 147 147
1169.880 765.455 1014.245 147 147 147
1168.821 764.383 1016.983 147 147 147
1164.586 760.093 1016.983 147 147 147
1163.527 759.021 1019.721 147 147 147
1159.292 754.731 1019.721 147 147 147
1158.234 753.659 1022.460 147 147 147
1153.999 749.369 1022.460 147 147 147
1152.940 748.296 1025.198 147 147 147
1148.705 744.007 1025.198 147 147 147
1147.646 742.934 1027.936 147 147 147
1143.411 738.644 1027.936 147 147 147
1142.352 737.572 1030.674 147 147 147
1138.118 733.282 1030.674 147 147 147
1137.053 732.204 1033.426 147 147 147
1129.724 724.780 1036.134 147 147 147
1128.184 723.220 1032.151 147 147 147
1132.413 727.504 1023.949 147 147 147
1131.353 726.430 1018.468 147 147 147
1140.876 736.077 996.576 147 147 147
1140.876 736.077 988.366 147 147 147
1145.111 740.366 980.152 147 147 147
1145.111 740.366 974.669 147 147 147
1146.183 741.452 971.896 147 147 147
1142.416 737.636 964.936 147 147 147
1138.189 733.355 967.668 147 147 147
1137.142 732.294 964.960 147 147 147
1131.848 726.932 964.960 147 147 147
1130.766 725.836 962.162 147 147 147
1128.649 723.691 964.900 147 147 147
1127.613 722.642 962.221 147 147 147
1119.143 714.062 962.221 147 147 147
1118.084 712.990 959.483 147 147 147
1115.898 710.776 959.483 147 147 147
1113.803 708.653 962.193 147 147 147
1108.525 703.307 956.733 147 147 147
1102.465 698.592 959.500 147 147 147
1098.215 694.286 967.744 147 147 147
1095.557 691.594 974.617 147 147 147
1095.557 691.594 982.830 147 147 147
1082.353 678.220 1014.245 147 147 147
1081.286 677.139 1014.245 147 147 147
1076.507 672.299 1032.095 147 147 147
1072.273 668.009 1040.308 147 147 147
1069.627 665.329 1049.889 147 147 147
1063.275 658.894 1060.841 147 147 147
1060.100 655.679 1071.786 147 147 147
1058.015 653.566 1074.483 147 147 147
1053.765 649.262 1074.483 147 147 147
1052.148 647.624 1078.666 147 147 147
1052.679 648.162 1110.279 147 147 147
1054.907 650.419 1110.279 147 147 147
1055.924 651.449 1107.648 147 147 147
1056.941 652.479 1110.279 147 147 147
1060.118 655.697 1110.279 147 147 147
1063.335 658.956 1118.600 147 147 147
1064.406 660.040 1115.832 147 147 147
1070.714 666.430 1126.707 147 147 147
1076.082 671.867 1126.707 147 147 147
1077.141 672.940 1123.969 147 147 147
1079.189 675.015 1123.969 147 147 147
1081.353 677.206 1126.766 147 147 147
1082.393 678.260 1124.076 147 147 147
1083.410 679.290 1126.707 147 147 147
1085.611 681.519 1126.707 147 147 147
1086.669 682.592 1123.969 147 147 147
1091.880 687.870 1123.969 147 147 147
1092.939 688.942 1126.707 147 147 147
1095.121 691.152 1126.707 147 147 147
1100.421 696.521 1121.224 147 147 147
1108.908 705.118 1118.480 147 147 147
1109.962 706.186 1115.755 147 147 147
1114.197 710.475 1115.755 147 147 147
1115.255 711.548 1113.017 147 147 147
1118.432 714.765 1113.017 147 147 147
1120.549 716.910 1107.540 147 147 147
1122.658 719.046 1107.540 147 147 147
1125.834 722.264 1102.064 147 147 147
1130.059 726.543 1102.064 147 147 147
1135.353 731.905 1096.588 147 147 147
1138.548 735.141 1096.588 147 147 147
1141.729 738.364 1088.361 147 147 147
1150.193 746.938 1085.625 147 147 147
1154.423 751.222 1077.421 147 147 147
1156.546 753.373 1077.421 147 147 147
1157.610 754.450 1074.671 147 147 147
1166.080 763.030 1071.933 147 147 147
1169.251 766.242 1063.731 147 147 147
1172.416 769.448 1063.731 147 147 147
1179.827 776.955 1052.779 147 147 147
1183.015 780.184 1052.779 147 147 147
1185.132 782.329 1047.302 147 147 147
1189.361 786.612 1047.302 147 147 147
1193.605 790.911 1039.072 147 147 147
1204.197 801.640 1033.593 147 147 147
1207.371 804.855 1025.384 147 147 147
1222.194 819.870 1019.907 147 147 147
1223.247 820.937 1017.183 147 147 147
1227.463 825.207 1017.183 147 147 147
1232.788 830.601 1011.675 147 147 147
1234.899 832.739 1006.217 147 147 147
1242.310 840.246 1003.479 147 147 147
1243.928 841.885 999.294 147 147 147
1239.677 837.579 982.804 147 147 147
1236.955 834.822 978.580 147 147 147
1235.869 833.722 981.388 147 147 147
1231.634 829.432 981.388 147 147 147
1230.575 828.359 984.126 147 147 147
1226.340 824.070 984.126 147 147 147
1225.277 822.992 986.877 147 147 147
1216.807 814.413 989.615 147 147 147
1215.753 813.345 992.340 147 147 147
1211.518 809.056 992.340 147 147 147
1210.459 807.983 995.079 147 147 147
1206.224 803.693 995.079 147 147 147
1205.165 802.621 997.817 147 147 147
1200.930 798.331 997.817 147 147 147
1199.872 797.259 1000.555 147 147 147
1195.637 792.969 1000.555 147 147 147
1194.578 791.897 1003.293 147 147 147
1190.343 787.607 1003.293 147 147 147
1189.284 786.534 1006.031 147 147 147
1185.049 782.245 1006.031 147 147 147
1183.991 781.172 1008.769 147 147 147
1179.756 776.882 1008.769 147 147 147
1178.697 775.810 1011.507 147 147 147
1174.462 771.520 1011.507 147 147 147
1173.403 770.448 1014.245 147 147 147
1169.168 766.158 1014.245 147 147 147
1168.109 765.086 1016.983 147 147 147
1163.874 760.796 1016.983 147 147 147
1162.816 759.723 1019.721 147 147 147
1158.581 755.434 1019.721 147 147 147
1157.522 754.361 1022.460 147 147 147
1153.287 750.071 1022.460 147 147 147
1152.228 748.999 1025.198 147 147 147
1147.993 744.709 1025.198 147 147 147
1146.935 743.637 1027.936 147 147 147
1142.700 739.347 1027.936 147 147 147
1141.641 738.275 1030.674 147 147 147
1137.406 733.985 1030.674 147 147 147
1136.342 732.907 1033.426 147 147 147
1129.013 725.483 1036.134 147 147 147
1127.473 723.923 1032.151 147 147 147
1131.701 728.206 1023.949 147 147 147
1130.641 727.133 1018.468 147 147 147
1140.165 736.779 996.576 147 147 147
1140.165 736.779 988.366 147 147 147
1144.399 741.069 980.152 147 147 147
1144.399 741.069 974.669 147 147 147
1145.472 742.155 971.896 147 147 147
1141.704 738.339 964.936 147 147 147
1137.478 734.057 967.668 147 147 147
1136.430 732.996 964.960 147 147 147
1131.136 727.634 964.960 147 147 147
1130.055 726.539 962.162 147 147 147
1127.937 724.394 964.900 147 147 147
1126.902 723.345 962.221 147 147 147
1118.432 714.765 962.221 147 147 147
1117.373 713.693 959.483 147 147 147
1115.187 711.478 959.483 147 147 147
1113.091 709.356 962.193 147 147 147
1107.814 704.010 956.733 147 147 147
1103.177 697.889 959.500 147 147 147
1098.926 693.584 967.744 147 147 147
1096.268 690.892 974.617 147 147 147
1096.268 690.892 982.830 147 147 147
1083.065 677.517 1014.245 147 147 147
1081.997 676.436 1014.245 147 147 147
1077.219 671.596 1032.095 147 147 147
1072.984 667.306 1040.308 147 147 147
1070.338 664.626 1049.889 147 147 147
1063.986 658.192 1060.841 147 147 147
1060.812 654.977 1071.786 147 147 147
1058.726 652.864 1074.483 147 147 147
1054.477 648.560 1074.483 147 147 147
1052.860 646.921 1078.666 147 147 147
1053.391 647.460 1110.279 147 147 147
1055.619 649.716 1110.279 147 147 147
1056.636 650.746 1107.648 147 147 147
1057.653 651.777 1110.279 147 147 147
1060.829 654.994 1110.279 147 147 147
1064.047 658.254 1118.600 147 147 147
1065.118 659.338 1115.832 147 147 147
1071.425 665.727 1126.707 147 147 147
1076.794 671.165 1126.707 147 147 147
1077.852 672.237 1123.969 147 147 147
1079.901 674.313 1123.969 147 147 147
1082.064 676.504 1126.766 147 147 147
1083.104 677.557 1124.076 147 147 147
1084.122 678.588 1126.707 147 147 147
1086.322 680.817 1126.707 147 147 147
1087.381 681.889 1123.969 147 147 147
1092.592 687.167 1123.969 147 147 147
1093.650 688.240 1126.707 147 147 147
1095.832 690.450 1126.707 147 147 147
1101.133 695.819 1121.224 147 147 147
1109.619 704.415 1118.480 147 147 147
1110.673 705.483 1115.755 147 147 147
1114.908 709.773 1115.755 147 147 147
1115.967 710.845 1113.017 147 147 147
1119.143 714.062 1113.017 147 147 147
1121.261 716.207 1107.540 147 147 147
1123.370 718.344 1107.540 147 147 147
1126.546 721.561 1102.064 147 147 147
1130.771 725.840 1102.064 147 147 147
1136.064 731.203 1096.588 147 147 147
1139.259 734.439 1096.588 147 147 147
1142.440 737.661 1088.361 147 147 147
1150.905 746.235 1085.625 147 147 147
1155.134 750.519 1077.421 147 147 147
1157.258 752.670 1077.421 147 147 147
1158.321 753.748 1074.671 147 147 147
1166.791 762.327 1071.933 147 147 147
1169.963 765.540 1063.731 147 147 147
1173.127 768.745 1063.731 147 147 147
1180.539 776.252 1052.779 147 147 147
1183.726 779.481 1052.779 147 147 147
1185.844 781.626 1047.302 147 147 147
1190.073 785.910 1047.302 147 147 147
1194.316 790.208 1039.072 147 147 147
1204.909 800.937 1033.593 147 147 147
1208.083 804.153 1025.384 147 147 147
1222.905 819.167 1019.907 147 147 147
1223.959 820.234 1017.183 147 147 147
1228.175 824.505 1017.183 147 147 147
1233.500 829.899 1011.675 147 147 147
1235.610 832.036 1006.217 147 147 147
1243.021 839.543 1003.479 147 147 147
1244.640 841.182 999.294 147 147 147
1240.389 836.877 982.804 147 147 147
1237.666 834.119 978.580 147 147 147
1236.581 833.019 981.388 147 147 147
1232.346 828.729 981.388 147 147 147
1231.287 827.657 984.126 147 147 147
1227.052 823.367 984.126 147 147 147
1225.988 822.290 986.877 147 147 147
1217.518 813.710 989.615 147 147 147
1216.464 812.643 992.340 147 147 147
1212.229 808.353 992.340 147 147 147
1211.171 807.281 995.079 147 147 147
1206.936 802.991 995.079 147 147 147
1205.877 801.918 997.817 147 147 147
1201.642 797.629 997.817 147 147 147
1200.583 796.556 1000.555 147 147 147
1196.348 792.266 1000.555 147 147 147
1195.290 791.194 1003.293 147 147 147
1191.055 786.904 1003.293 147 147 147
1189.996 785.832 1006.031 147 147 147
1185.761 781.542 1006.031 147 147 147
1184.702 780.470 1008.769 147 147 147
1180.467 776.180 1008.769 147 147 147
1179.408 775.107 1011.507 147 147 147
1175.173 770.818 1011.507 147 147 147
1174.115 769.745 1014.245 147 147 147
1169.880 765.455 1014.245 147 147 147
1168.821 764.383 1016.983 147 147 147
1164.586 760.093 1016.983 147 147 147
1163.527 759.021 1019.721 147 147 147
1159.292 754.731 1019.721 147 147 147
1158.234 753.659 1022.460 147 147 147
1153.999 749.369 1022.460 147 147 147
1152.940 748.296 1025.198 147 147 147
1148.705 744.007 1025.198 147 147 147
1147.646 742.934 1027.936 147 147 147
1143.411 738.644 1027.936 147 147 147
1142.352 737.572 1030.674 147 147 147
1138.118 733.282 1030.674 147 147 147
1137.053 732.204 1033.426 147 147 147
1129.724 724.780 1036.134 147 147 147
1128.184 723.220 1032.151 147 147 147
1132.413 727.504 1023.949 147 147 147
1131.353 726.430 1018.468 147 147 147
1140.876 736.077 996.576 147 147 147
1140.876 736.077 988.366 147 147 147
1145.111 740.366 980.152 147 147 147
1145.111 740.366 974.669 147 147 147
1146.183 741.452 971.896 147 147 147
1142.416 737.636 964.936 147 147 147
1138.189 733.355 967.668 147 147 147
1137.142 732.294 964.960 147 147 147
1131.848 726.932 964.960 147 147 147
1130.766 725.836 962.162 147 147 147
1128.649 723.691 964.900 147 147 147
1127.613 722.642 962.221 147 147 147
1119.143 714.062 962.221 147 147 147
1118.084 712.990 959.483 147 147 147
1115.898 710.776 959.483 147 147 147
1113.803 708.653 962.193 147 147 147
1108.525 703.307 956.733 147 147 147
1102.465 698.592 959.500 147 147 147
1098.215 694.286 967.744 147 147 147
1095.557 691.594 974.617 147 147 147
1095.557 691.594 982.830 147 147 147
1082.353 678.220 1014.245 147 147 147
1081.286 677.139 1014.245 147 147 147
1076.507 672.299 1032.095 147 147 147
1072.273 668.009 1040.308 147 147 147
1069.627 665.329 1049.889 147 147 147
1063.275 658.894 1060.841 147 147 147
1060.100 655.679 1071.786 147 147 147
1058.015 653.566 1074.483 147 147 147
1053.765 649.262 1074.483 147 147 147
1052.148 647.624 1078.666 147 147 147
1052.679 648.162 1110.279 147 147 147
1054.907 650.419 1110.279 147 147 147
1055.924 651.449 1107.648 147 147 147
1056.941 652.479 1110.279 147 147 147
1060.118 655.697 1110.279 147 147 147
1063.335 658.956 1118.600 147 147 147
1064.406 660.040 1115.832 147 147 147
1070.714 666.430 1126.707 147 147 147
1076.082 671.867 1126.707 147 147 147
1077.141 672.940 1123.969 147 147 147
1079.189 675.015 1123.969 147 147 147
1081.353 677.206 1126.766 147 147 147
1082.393 678.260 1124.076 147 147 147
1083.410 679.290 1126.707 147 147 147
1085.611 681.519 1126.707 147 147 147
1086.669 682.592 1123.969 147 147 147
1091.880 687.870 1123.969 147 147 147
1092.939 688.942 1126.707 147 147 147
1095.121 691.152 1126.707 147 147 147
1100.421 696.521 1121.224 147 147 147
1108.908 705.118 1118.480 147 147 147
1109.962 706.186 1115.755 147 147 147
1114.197 710.475 1115.755 147 147 147
1115.255 711.548 1113.017 147 147 147
1118.432 714.765 1113.017 147 147 147
1120.549 716.910 1107.540 147 147 147
1122.658 719.046 1107.540 147 147 147
1125.834 722.264 1102.064 147 147 147
1130.059 726.543 1102.064 147 147 147
1135.353 731.905 1096.588 147 147 147
1138.548 735.141 1096.588 147 147 147
1141.729 738.364 1088.361 147 147 147
1150.193 746.938 1085.625 147 147 147
1154.423 751.222 1077.421 147 147 147
1156.546 753.373 1077.421 147 147 147
1157.610 754.450 1074.671 147 147 147
1166.080 763.030 1071.933 147 147 147
1169.251 766.242 1063.731 147 147 147
1172.416 769.448 1063.731 147 147 147
1179.827 776.955 1052.779 147 147 147
1183.015 780.184 1052.779 147 147 147
1185.132 782.329 1047.302 147 147 147
1189.361 786.612 1047.302 147 147 147
1193.605 790.911 1039.072 147 147 147
1204.197 801.640 1033.593 147 147 147
1207.371 804.855 1025.384 147 147 147
1222.194 819.870 1019.907 147 147 147
1223.247 820.937 1017.183 147 147 147
1227.463 825.207 1017.183 147 147 147
1232.788 830.601 1011.675 147 147 147
1234.899 832.739 1006.217 147 147 147
1242.310 840.246 1003.479 147 147 147
1243.928 841.885 999.294 147 147 147
1239.677 837.579 982.804 147 147 147
1236.955 834.822 978.580 147 147 147
1235.869 833.722 981.388 147 147 147
1231.634 829.432 981.388 147 147 147
1230.575 828.359 984.126 147 147 147
1226.340 824.070 984.126 147 147 147
1225.277 822.992 986.877 147 147 147
1216.807 814.413 989.615 147 147 147
1215.753 813.345 992.340 147 147 147
1211.518 809.056 992.340 147 147 147
1210.459 807.983 995.079 147 147 147
1206.224 803.693 995.079 147 147 147
1205.165 802.621 997.817 147 147 147
1200.930 798.331 997.817 147 147 147
1199.872 797.259 1000.555 147 147 147
1195.637 792.969 1000.555 147 147 147
1194.578 791.897 1003.293 147 147 147
1190.343 787.607 1003.293 147 147 147
1189.284 786.534 1006.031 147 147 147
1185.049 782.245 1006.031 147 147 147
1183.991 781.172 1008.769 147 147 147
1179.756 776.882 1008.769 147 147 147
1178.697 775.810 1011.507 147 147 147
1174.462 771.520 1011.507 147 147 147
1173.403 770.448 1014.245 147 147 147
1169.168 766.158 1014.245 147 147 147
1168.109 765.086 1016.983 147 147 147
1163.874 760.796 1016.983 147 147 147
1162.816 759.723 1019.721 147 147 147
1158.581 755.434 1019.721 147 147 147
1157.522 754.361 1022.460 147 147 147
1153.287 750.071 1022.460 147 147 147
1152.228 748.999 1025.198 147 147 147
1147.993 744.709 1025.198 147 147 147
1146.935 743.637 1027.936 147 147 147
1142.700 739.347 1027.936 147 147 147
1141.641 738.275 1030.674 147 147 147
1137.406 733.985 1030.674 147 147 147
1136.342 732.907 1033.426 147 147 147
1129.013 725.483 1036.134 147 147 147
1127.473 723.923 1032.151 147 147 147
1131.701 728.206 1023.949 147 147 147
1130.641 727.133 1018.468 147 147 147
1140.165 736.779 996.576 147 147 147
1140.165 736.779 988.366 147 147 147
1144.399 741.069 980.152 147 147 147
1144.399 741.069 974.669 147 147 147
1145.472 742.155 971.896 147 147 147
1141.704 738.339 964.936 147 147 147
1137.478 734.057 967.668 147 147 147
1136.430 732.996 964.960 147 147 147
1131.136 727.634 964.960 147 147 147
1130.055 726.539 962.162 147 147 147
1127.937 724.394 964.900 147 147 147
1126.902 723.345 962.221 147 147 147
1118.432 714.765 962.221 147 147 147
1117.373 713.693 959.483 147 147 147
1115.187 711.478 959.483 147 147 147
1113.091 709.356 962.193 147 147 147
1107.814 704.010 956.733 147 147 147
1034.267 1012.388 745.912 147 147 147
1030.691 1008.610 745.912 147 147 147
1026.488 1004.171 755.566 147 147 147
1026.488 1004.171 761.042 147 147 147
1023.539 1001.055 767.817 147 147 147
1021.155 998.537 767.817 147 147 147
1018.140 995.352 774.743 147 147 147
1019.340 996.620 783.014 147 147 147
1022.347 999.796 789.921 147 147 147
1025.923 1003.574 789.921 147 147 147
1028.307 1006.092 795.398 147 147 147
1031.892 1009.880 795.398 147 147 147
1041.466 1019.993 809.143 147 147 147
1071.938 1052.183 744.635 147 147 147
1067.710 1047.716 737.698 147 147 147
1060.503 1040.104 737.698 147 147 147
1058.161 1037.629 740.388 147 147 147
1055.793 1035.128 734.949 147 147 147
1044.990 1023.716 737.707 147 147 147
1043.810 1022.469 740.417 147 147 147
1037.850 1016.174 737.679 147 147 147
1033.540 1013.075 745.912 147 147 147
1029.965 1009.298 745.912 147 147 147
1025.762 1004.858 755.566 147 147 147
1025.762 1004.858 761.042 147 147 147
1022.813 1001.743 767.817 147 147 147
1020.429 999.225 767.817 147 147 147
1017.414 996.040 774.743 147 147 147
1018.614 997.308 783.014 147 147 147
1021.621 1000.484 789.921 147 147 147
1025.197 1004.261 789.921 147 147 147
1027.581 1006.779 795.398 147 147 147
1031.166 1010.567 795.398 147 147 147
1040.740 1020.681 809.143 147 147 147
1071.211 1052.870 744.635 147 147 147
1066.983 1048.404 737.698 147 147 147
1059.777 1040.791 737.698 147 147 147
1057.434 1038.316 740.388 147 147 147
1055.067 1035.815 734.949 147 147 147
1044.264 1024.403 737.707 147 147 147
1043.084 1023.157 740.417 147 147 147
1037.124 1016.861 737.679 147 147 147
1034.267 1012.388 745.912 147 147 147
1030.691 1008.610 745.912 147 147 147
1026.488 1004.171 755.566 147 147 147
1026.488 1004.171 761.042 147 147 147
1023.539 1001.055 767.817 147 147 147
1021.155 998.537 767.817 147 147 147
1018.140 995.352 774.743 147 147 147
1019.340 996.620 783.014 147 147 147
1022.347 999.796 789.921 147 147 147
1025.923 1003.574 789.921 147 147 147
1028.307 1006.092 795.398 147 147 147
1031.892 1009.880 795.398 147 147 147
1041.466 1019.993 809.143 147 147 147
1071.938 1052.183 744.635 147 147 147
1067.710 1047.716 737.698 147 147 147
1060.503 1040.104 737.698 147 147 147
1058.161 1037.629 740.388 147 147 147
1055.793 1035.128 734.949 147 147 147
1044.990 1023.716 737.707 147 147 147
1043.810 1022.469 740.417 147 147 147
1037.850 1016.174 737.679 147 147 147
1033.540 1013.075 745.912 147 147 147
1029.965 1009.298 745.912 147 147 147
1025.762 1004.858 755.566 147 147 147
1025.762 1004.858 761.042 147 147 147
1022.813 1001.743 767.817 147 147 147
1020.429 999.225 767.817 147 147 147
1017.414 996.040 774.743 147 147 147
1018.614 997.308 783.014 147 147 147
1021.621 1000.484 789.921 147 147 147
1025.197 1004.261 789.921 147 147 147
1027.581 1006.779 795.398 147 147 147
1031.166 1010.567 795.398 147 147 147
1040.740 1020.681 809.143 147 147 147
1071.211 1052.870 744.635 147 147 147
1066.983 1048.404 737.698 147 147 147
1059.777 1040.791 737.698 147 147 147
1057.434 1038.316 740.388 147 147 147
1055.067 1035.815 734.949 147 147 147
1044.264 1024.403 737.707 147 147 147
1043.084 1023.157 740.417 147 147 147
1037.124 1016.861 737.679 147 147 147
873.392 842.444 340.961 147 147 147
874.622 843.743 338.136 147 147 147
893.693 863.889 338.136 147 147 147
894.885 865.148 335.398 147 147 147
913.956 885.294 335.398 147 147 147
915.148 886.553 332.660 147 147 147
919.849 891.519 332.660 147 147 147
923.427 895.299 338.140 147 147 147
943.681 916.695 335.403 147 147 147
946.063 919.211 340.874 147 147 147
955.674 929.364 340.874 147 147 147
956.866 930.623 338.136 147 147 147
962.750 936.839 338.136 147 147 147
965.132 939.355 343.607 147 147 147
987.787 963.288 346.346 147 147 147
991.374 967.077 351.840 147 147 147
997.324 973.363 349.107 147 147 147
999.700 975.873 354.564 147 147 147
1005.668 982.177 354.564 147 147 147
1009.285 985.997 360.102 147 147 147
1010.503 987.285 357.302 147 147 147
1014.004 990.982 357.302 147 147 147
1015.196 992.241 360.040 147 147 147
1021.164 998.546 360.040 147 147 147
1024.780 1002.366 365.579 147 147 147
1025.961 1003.614 362.865 147 147 147
1028.307 1006.092 368.255 147 147 147
1034.275 1012.397 368.255 147 147 147
1037.862 1016.186 373.749 147 147 147
1042.620 1021.212 371.016 147 147 147
1044.994 1023.720 376.469 147 147 147
1047.384 1026.245 376.469 147 147 147
1052.152 1031.281 384.683 147 147 147
1059.297 1038.830 384.683 147 147 147
1061.681 1041.348 390.160 147 147 147
1064.065 1043.866 390.160 147 147 147
1065.282 1045.151 392.954 147 147 147
1068.343 1048.386 388.733 147 147 147
1068.343 1048.386 358.542 147 147 147
1066.539 1046.479 354.396 147 147 147
1064.086 1043.888 351.579 147 147 147
1062.898 1042.633 354.308 147 147 147
1056.955 1036.356 346.118 147 147 147
1054.585 1033.851 348.841 147 147 147
1052.221 1031.355 343.412 147 147 147
1049.837 1028.837 343.412 147 147 147
1048.646 1027.577 340.674 147 147 147
1041.489 1020.018 340.674 147 147 147
1035.490 1013.680 329.649 147 147 147
1034.267 1012.388 332.460 147 147 147
1028.383 1006.172 332.460 147 147 147
1025.999 1003.654 326.983 147 147 147
1022.415 999.867 326.983 147 147 147
1018.798 996.047 321.445 147 147 147
1017.579 994.760 324.245 147 147 147
1014.071 991.053 324.245 147 147 147
1010.495 987.276 318.769 147 147 147
998.584 974.693 318.769 147 147 147
997.392 973.434 316.031 147 147 147
991.424 967.130 316.031 147 147 147
987.848 963.352 310.555 147 147 147
979.451 954.482 310.555 147 147 147
977.108 952.007 313.246 147 147 147
974.745 949.511 307.817 147 147 147
964.018 938.178 307.817 147 147 147
961.634 935.660 302.340 147 147 147
957.982 931.803 302.340 147 147 147
956.790 930.544 305.079 147 147 147
947.313 920.531 305.079 147 147 147
941.353 914.236 299.602 147 147 147
937.719 910.397 299.602 147 147 147
936.527 909.138 302.340 147 147 147
918.724 890.331 302.340 147 147 147
917.530 889.069 299.597 147 147 147
875.736 844.920 305.083 147 147 147
873.920 843.000 309.257 147 147 147
873.920 843.000 320.209 147 147 147
871.536 840.482 325.685 147 147 147
871.536 840.482 336.696 147 147 147
872.666 843.131 340.961 147 147 147
873.896 844.430 338.136 147 147 147
892.967 864.576 338.136 147 147 147
894.159 865.836 335.398 147 147 147
913.230 885.982 335.398 147 147 147
914.422 887.241 332.660 147 147 147
919.122 892.206 332.660 147 147 147
922.701 895.987 338.140 147 147 147
942.955 917.383 335.403 147 147 147
945.337 919.899 340.874 147 147 147
954.948 930.052 340.874 147 147 147
956.140 931.311 338.136 147 147 147
962.024 937.527 338.136 147 147 147
964.406 940.043 343.607 147 147 147
987.061 963.975 346.346 147 147 147
990.648 967.765 351.840 147 147 147
996.598 974.050 349.107 147 147 147
998.974 976.560 354.564 147 147 147
1004.942 982.865 354.564 147 147 147
1008.558 986.685 360.102 147 147 147
1009.777 987.972 357.302 147 147 147
1013.277 991.670 357.302 147 147 147
1014.469 992.929 360.040 147 147 147
1020.437 999.233 360.040 147 147 147
1024.054 1003.054 365.579 147 147 147
1025.235 1004.301 362.865 147 147 147
1027.581 1006.779 368.255 147 147 147
1033.549 1013.084 368.255 147 147 147
1037.136 1016.874 373.749 147 147 147
1041.894 1021.900 371.016 147 147 147
1044.268 1024.407 376.469 147 147 147
1046.658 1026.932 376.469 147 147 147
1051.425 1031.969 384.683 147 147 147
1058.571 1039.517 384.683 147 147 147
1060.955 1042.035 390.160 147 147 147
1063.339 1044.554 390.160 147 147 147
1064.555 1045.839 392.954 147 147 147
1067.617 1049.073 388.733 147 147 147
1067.617 1049.073 358.542 147 147 147
1065.812 1047.167 354.396 147 147 147
1063.359 1044.575 351.579 147 147 147
1062.171 1043.320 354.308 147 147 147
1056.229 1037.043 346.118 147 147 147
1053.858 1034.539 348.841 147 147 147
1051.495 1032.042 343.412 147 147 147
1049.111 1029.524 343.412 147 147 147
1047.919 1028.265 340.674 147 147 147
1040.763 1020.705 340.674 147 147 147
1034.764 1014.368 329.649 147 147 147
1033.540 1013.075 332.460 147 147 147
1027.656 1006.859 332.460 147 147 147
1025.272 1004.341 326.983 147 147 147
1021.688 1000.555 326.983 147 147 147
1018.072 996.735 321.445 147 147 147
1016.853 995.447 324.245 147 147 147
1013.345 991.741 324.245 147 147 147
1009.769 987.964 318.769 147 147 147
997.858 975.381 318.769 147 147 147
996.666 974.122 316.031 147 147 147
990.698 967.817 316.031 147 147 147
987.122 964.040 310.555 147 147 147
978.725 955.169 310.555 147 147 147
976.382 952.695 313.246 147 147 147
974.019 950.198 307.817 147 147 147
963.291 938.866 307.817 147 147 147
960.908 936.347 302.340 147 147 147
957.256 932.490 302.340 147 147 147
956.064 931.231 305.079 147 147 147
946.586 921.219 305.079 147 147 147
940.627 914.923 299.602 147 147 147
936.993 911.085 299.602 147 147 147
935.801 909.826 302.340 147 147 147
917.998 891.018 302.340 147 147 147
916.804 889.757 299.597 147 147 147
875.010 845.607 305.083 147 147 147
873.193 843.688 309.257 147 147 147
873.193 843.688 320.209 147 147 147
870.809 841.170 325.685 147 147 147
870.809 841.170 336.696 147 147 147
873.392 842.444 340.961 147 147 147
874.622 843.743 338.136 147 147 147
893.693 863.889 338.136 147 147 147
894.885 865.148 335.398 147 147 147
913.956 885.294 335.398 147 147 147
915.148 886.553 332.660 147 147 147
919.849 891.519 332.660 147 147 147
923.427 895.299 338.140 147 147 147
943.681 916.695 335.403 147 147 147
946.063 919.211 340.874 147 147 147
955.674 929.364 340.874 147 147 147
956.866 930.623 338.136 147 147 147
962.750 936.839 338.136 147 147 147
965.132 939.355 343.607 147 147 147
987.787 963.288 346.346 147 147 147
991.374 967.077 351.840 147 147 147
997.324 973.363 349.107 147 147 147
999.700 975.873 354.564 147 147 147
1005.668 982.177 354.564 147 147 147
1009.285 985.997 360.102 147 147 147
1010.503 987.285 357.302 147 147 147
1014.004 990.982 357.302 147 147 147
1015.196 992.241 360.040 147 147 147
1021.164 998.546 360.040 147 147 147
1024.780 1002.366 365.579 147 147 147
1025.961 1003.614 362.865 147 147 147
1028.307 1006.092 368.255 147 147 147
1034.275 1012.397 368.255 147 147 147
1037.862 1016.186 373.749 147 147 147
1042.620 1021.212 371.016 147 147 147
1044.994 1023.720 376.469 147 147 147
1047.384 1026.245 376.469 147 147 147
1052.152 1031.281 384.683 147 147 147
1059.297 1038.830 384.683 147 147 147
1061.681 1041.348 390.160 147 147 147
1064.065 1043.866 390.160 147 147 147
1065.282 1045.151 392.954 147 147 147
1068.343 1048.386 388.733 147 147 147
1068.343 1048.386 358.542 147 147 147
1066.539 1046.479 354.396 147 147 147
1064.086 1043.888 351.579 147 147 147
1062.898 1042.633 354.308 147 147 147
1056.955 1036.356 346.118 147 147 147
1054.585 1033.851 348.841 147 147 147
1052.221 1031.355 343.412 147 147 147
1049.837 1028.837 343.412 147 147 147
1048.646 1027.577 340.674 147 147 147
1041.489 1020.018 340.674 147 147 147
1035.490 1013.680 329.649 147 147 147
1034.267 1012.388 332.460 147 147 147
1028.383 1006.172 332.460 147 147 147
1025.999 1003.654 326.983 147 147 147
1022.415 999.867 326.983 147 147 147
1018.798 996.047 321.445 147 147 147
1017.579 994.760 324.245 147 147 147
1014.071 991.053 324.245 147 147 147
1010.495 987.276 318.769 147 147 147
998.584 974.693 318.769 147 147 147
997.392 973.434 316.031 147 147 147
991.424 967.130 316.031 147 147 147
987.848 963.352 310.555 147 147 147
979.451 954.482 310.555 147 147 147
977.108 952.007 313.246 147 147 147
974.745 949.511 307.817 147 147 147
964.018 938.178 307.817 147 147 147
961.634 935.660 302.340 147 147 147
957.982 931.803 302.340 147 147 147
956.790 930.544 305.079 147 147 147
947.313 920.531 305.079 147 147 147
941.353 914.236 299.602 147 147 147
937.719 910.397 299.602 147 147 147
936.527 909.138 302.340 147 147 147
918.724 890.331 302.340 147 147 147
917.530 889.069 299.597 147 147 147
875.736 844.920 305.083 147 147 147
873.920 843.000 309.257 147 147 147
873.920 843.000 320.209 147 147 147
871.536 840.482 325.685 147 147 147
871.536 840.482 336.696 147 147 147
872.666 843.131 340.961 147 147 147
873.896 844.430 338.136 147 147 147
892.967 864.576 338.136 147 147 147
894.159 865.836 335.398 147 147 147
913.230 885.982 335.398 147 147 147
914.422 887.241 332.660 147 147 147
919.122 892.206 332.660 147 147 147
922.701 895.987 338.140 147 147 147
942.955 917.383 335.403 147 147 147
945.337 919.899 340.874 147 147 147
954.948 930.052 340.874 147 147 147
956.140 931.311 338.136 147 147 147
962.024 937.527 338.136 147 147 147
964.406 940.043 343.607 147 147 147
987.061 963.975 346.346 147 147 147
990.648 967.765 351.840 147 147 147
996.598 974.050 349.107 147 147 147
998.974 976.560 354.564 147 147 147
1004.942 982.865 354.564 147 147 147
1008.558 986.685 360.102 147 147 147
1009.777 987.972 357.302 147 147 147
1013.277 991.670 357.302 147 147 147
1014.469 992.929 360.040 147 147 147
1020.437 999.233 360.040 147 147 147
1024.054 1003.054 365.579 147 147 147
1025.235 1004.301 362.865 147 147 147
1027.581 1006.779 368.255 147 147 147
1033.549 1013.084 368.255 147 147 147
1037.136 1016.874 373.749 147 147 147
1041.894 1021.900 371.016 147 147 147
1044.268 1024.407 376.469 147 147 147
1046.658 1026.932 376.469 147 147 147
1051.425 1031.969 384.683 147 147 147
1058.571 1039.517 384.683 147 147 147
1060.955 1042.035 390.160 147 147 147
1063.339 1044.554 390.160 147 147 147
1064.555 1045.839 392.954 147 147 147
1067.617 1049.073 388.733 147 147 147
1067.617 1049.073 358.542 147 147 147
1065.812 1047.167 354.396 147 147 147
1063.359 1044.575 351.579 147 147 147
1062.171 1043.320 354.308 147 147 147
1056.229 1037.043 346.118 147 147 147
1053.858 1034.539 348.841 147 147 147
1051.495 1032.042 343.412 147 147 147
1049.111 1029.524 343.412 147 147 147
1047.919 1028.265 340.674 147 147 147
1040.763 1020.705 340.674 147 147 147
1034.764 1014.368 329.649 147 147 147
1033.540 1013.075 332.460 147 147 147
1027.656 1006.859 332.460 147 147 147
1025.272 1004.341 326.983 147 147 147
1021.688 1000.555 326.983 147 147 147
1018.072 996.735 321.445 147 147 147
1016.853 995.447 324.245 147 147 147
1013.345 991.741 324.245 147 147 147
1009.769 987.964 318.769 147 147 147
997.858 975.381 318.769 147 147 147
996.666 974.122 316.031 147 147 147
990.698 967.817 316.031 147 147 147
987.122 964.040 310.555 147 147 147
978.725 955.169 310.555 147 147 147
976.382 952.695 313.246 147 147 147
974.019 950.198 307.817 147 147 147
963.291 938.866 307.817 147 147 147
960.908 936.347 302.340 147 147 147
957.256 932.490 302.340 147 147 147
956.064 931.231 305.079 147 147 147
946.586 921.219 305.079 147 147 147
940.627 914.923 299.602 147 147 147
936.993 911.085 299.602 147 147 147
935.801 909.826 302.340 147 147 147
917.998 891.018 302.340 147 147 147
916.804 889.757 299.597 147 147 147
875.010 845.607 305.083 147 147 147
873.193 843.688 309.257 147 147 147
873.193 843.688 320.209 147 147 147
870.809 841.170 325.685 147 147 147
870.809 841.170 336.696 147 147 147
1037.842 1016.165 1085.436 147 147 147
1034.267 1012.388 1085.436 147 147 147
1033.075 1011.129 1088.174 147 147 147
1028.325 1006.111 1088.174 147 147 147
1022.365 999.815 1093.650 147 147 147
1017.597 994.779 1093.650 147 147 147
1011.638 988.483 1099.126 147 147 147
1008.044 984.687 1099.126 147 147 147
1006.852 983.427 1101.864 147 147 147
1002.102 978.410 1101.864 147 147 147
996.142 972.114 1107.340 147 147 147
991.375 967.078 1107.340 147 147 147
985.415 960.782 1112.817 147 147 147
981.821 956.985 1112.817 147 147 147
980.629 955.726 1115.555 147 147 147
975.879 950.709 1115.555 147 147 147
969.920 944.413 1121.031 147 147 147
965.152 939.376 1121.031 147 147 147
959.192 933.081 1126.507 147 147 147
955.598 929.284 1126.507 147 147 147
954.406 928.025 1129.245 147 147 147
949.657 923.008 1129.245 147 147 147
943.697 916.712 1134.721 147 147 147
938.929 911.675 1134.721 147 147 147
932.969 905.380 1140.198 147 147 147
929.376 901.583 1140.198 147 147 147
928.184 900.324 1142.936 147 147 147
923.434 895.306 1142.936 147 147 147
917.474 889.011 1148.412 147 147 147
912.706 883.974 1148.412 147 147 147
906.747 877.678 1153.888 147 147 147
903.153 873.882 1153.888 147 147 147
901.961 872.623 1156.626 147 147 147
897.187 867.580 1156.626 147 147 147
894.173 864.396 1166.317 147 147 147
898.385 868.846 1175.993 147 147 147
923.492 895.367 1175.993 147 147 147
924.646 896.587 1173.342 147 147 147
925.800 897.806 1175.993 147 147 147
933.027 905.441 1175.993 147 147 147
934.219 906.700 1173.255 147 147 147
938.969 911.717 1173.255 147 147 147
944.929 918.013 1167.779 147 147 147
948.522 921.809 1167.779 147 147 147
949.714 923.069 1165.040 147 147 147
953.290 926.846 1165.040 147 147 147
954.482 928.105 1162.302 147 147 147
959.250 933.142 1162.302 147 147 147
960.436 934.395 1159.577 147 147 147
968.760 943.188 1162.309 147 147 147
974.686 949.448 1156.864 147 147 147
975.861 950.690 1159.564 147 147 147
983.013 958.245 1159.564 147 147 147
984.226 959.526 1162.350 147 147 147
986.609 962.044 1159.612 147 147 147
988.347 963.880 1163.604 147 147 147
988.947 964.513 1175.993 147 147 147
1045.092 1023.824 1175.993 147 147 147
1045.694 1024.460 1169.082 147 147 147
1048.079 1026.979 1163.603 147 147 147
1049.271 1028.238 1133.484 147 147 147
1051.656 1030.758 1128.005 147 147 147
1051.656 1030.758 1117.053 147 147 147
1054.040 1033.276 1111.577 147 147 147
1054.040 1033.276 1100.624 147 147 147
1056.424 1035.794 1095.148 147 147 147
1056.424 1035.794 1081.458 147 147 147
1057.629 1037.067 1078.690 147 147 147
1055.789 1035.123 1074.463 147 147 147
1039.027 1017.417 1082.714 147 147 147
1037.116 1016.853 1085.436 147 147 147
1033.540 1013.075 1085.436 147 147 147
1032.348 1011.816 1088.174 147 147 147
1027.599 1006.798 1088.174 147 147 147
1021.639 1000.503 1093.650 147 147 147
1016.871 995.466 1093.650 147 147 147
1010.911 989.170 1099.126 147 147 147
1007.318 985.374 1099.126 147 147 147
1006.126 984.115 1101.864 147 147 147
1001.376 979.097 1101.864 147 147 147
995.416 972.802 1107.340 147 147 147
990.648 967.765 1107.340 147 147 147
984.689 961.469 1112.817 147 147 147
981.095 957.673 1112.817 147 147 147
979.903 956.414 1115.555 147 147 147
975.153 951.396 1115.555 147 147 147
969.193 945.100 1121.031 147 147 147
964.426 940.064 1121.031 147 147 147
958.466 933.768 1126.507 147 147 147
954.872 929.972 1126.507 147 147 147
953.680 928.713 1129.245 147 147 147
948.930 923.695 1129.245 147 147 147
942.971 917.399 1134.721 147 147 147
938.203 912.363 1134.721 147 147 147
932.243 906.067 1140.198 147 147 147
928.649 902.271 1140.198 147 147 147
927.458 901.012 1142.936 147 147 147
922.708 895.994 1142.936 147 147 147
916.748 889.698 1148.412 147 147 147
911.980 884.662 1148.412 147 147 147
906.021 878.366 1153.888 147 147 147
902.427 874.570 1153.888 147 147 147
901.235 873.310 1156.626 147 147 147
896.461 868.267 1156.626 147 147 147
893.447 865.084 1166.317 147 147 147
897.659 869.533 1175.993 147 147 147
922.765 896.055 1175.993 147 147 147
923.920 897.274 1173.342 147 147 147
925.074 898.493 1175.993 147 147 147
932.301 906.128 1175.993 147 147 147
933.493 907.387 1173.255 147 147 147
938.243 912.405 1173.255 147 147 147
944.202 918.701 1167.779 147 147 147
947.796 922.497 1167.779 147 147 147
948.988 923.756 1165.040 147 147 147
952.564 927.533 1165.040 147 147 147
953.756 928.793 1162.302 147 147 147
958.524 933.829 1162.302 147 147 147
959.710 935.082 1159.577 147 147 147
968.034 943.876 1162.309 147 147 147
973.960 950.136 1156.864 147 147 147
975.135 951.377 1159.564 147 147 147
982.287 958.932 1159.564 147 147 147
983.499 960.213 1162.350 147 147 147
985.883 962.731 1159.612 147 147 147
987.621 964.567 1163.604 147 147 147
988.220 965.200 1175.993 147 147 147
1044.366 1024.511 1175.993 147 147 147
1044.968 1025.147 1169.082 147 147 147
1047.353 1027.667 1163.603 147 147 147
1048.545 1028.926 1133.484 147 147 147
1050.930 1031.445 1128.005 147 147 147
1050.930 1031.445 1117.053 147 147 147
1053.314 1033.964 1111.577 147 147 147
1053.314 1033.964 1100.624 147 147 147
1055.698 1036.482 1095.148 147 147 147
1055.698 1036.482 1081.458 147 147 147
1056.902 1037.754 1078.690 147 147 147
1055.062 1035.811 1074.463 147 147 147
1038.301 1018.104 1082.714 147 147 147
1037.842 1016.165 1085.436 147 147 147
1034.267 1012.388 1085.436 147 147 147
1033.075 1011.129 1088.174 147 147 147
1028.325 1006.111 1088.174 147 147 147
1022.365 999.815 1093.650 147 147 147
1017.597 994.779 1093.650 147 147 147
1011.638 988.483 1099.126 147 147 147
1008.044 984.687 1099.126 147 147 147
1006.852 983.427 1101.864 147 147 147
1002.102 978.410 1101.864 147 147 147
996.142 972.114 1107.340 147 147 147
991.375 967.078 1107.340 147 147 147
985.415 960.782 1112.817 147 147 147
981.821 956.985 1112.817 147 147 147
980.629 955.726 1115.555 147 147 147
975.879 950.709 1115.555 147 147 147
969.920 944.413 1121.031 147 147 147
965.152 939.376 1121.031 147 147 147
959.192 933.081 1126.507 147 147 147
955.598 929.284 1126.507 147 147 147
954.406 928.025 1129.245 147 147 147
949.657 923.008 1129.245 147 147 147
943.697 916.712 1134.721 147 147 147
938.929 911.675 1134.721 147 147 147
932.969 905.380 1140.198 147 147 147
929.376 901.583 1140.198 147 147 147
928.184 900.324 1142.936 147 147 147
923.434 895.306 1142.936 147 147 147
917.474 889.011 1148.412 147 147 147
912.706 883.974 1148.412 147 147 147
906.747 877.678 1153.888 147 147 147
903.153 873.882 1153.888 147 147 147
901.961 872.623 1156.626 147 147 147
897.187 867.580 1156.626 147 147 147
894.173 864.396 1166.317 147 147 147
898.385 868.846 1175.993 147 147 147
923.492 895.367 1175.993 147 147 147
924.646 896.587 1173.342 147 147 147
925.800 897.806 1175.993 147 147 147
933.027 905.441 1175.993 147 147 147
934.219 906.700 1173.255 147 147 147
938.969 911.717 1173.255 147 147 147
944.929 918.013 1167.779 147 147 147
948.522 921.809 1167.779 147 147 147
949.714 923.069 1165.040 147 147 147
953.290 926.846 1165.040 147 147 147
954.482 928.105 1162.302 147 147 147
959.250 933.142 1162.302 147 147 147
960.436 934.395 1159.577 147 147 147
968.760 943.188 1162.309 147 147 147
974.686 949.448 1156.864 147 147 147
975.861 950.690 1159.564 147 147 147
983.013 958.245 1159.564 147 147 147
984.226 959.526 1162.350 147 147 147
986.609 962.044 1159.612 147 147 147
988.347 963.880 1163.604 147 147 147
988.947 964.513 1175.993 147 147 147
1045.092 1023.824 1175.993 147 147 147
1045.694 1024.460 1169.082 147 147 147
1048.079 1026.979 1163.603 147 147 147
1049.271 1028.238 1133.484 147 147 147
1051.656 1030.758 1128.005 147 147 147
1051.656 1030.758 1117.053 147 147 147
1054.040 1033.276 1111.577 147 147 147
1054.040 1033.276 1100.624 147 147 147
1056.424 1035.794 1095.148 147 147 147
1056.424 1035.794 1081.458 147 147 147
1057.629 1037.067 1078.690 147 147 147
1055.789 1035.123 1074.463 147 147 147
1039.027 1017.417 1082.714 147 147 147
1037.116 1016.853 1085.436 147 147 147
1033.540 1013.075 1085.436 147 147 147
1032.348 1011.816 1088.174 147 147 147
1027.599 1006.798 1088.174 147 147 147
1021.639 1000.503 1093.650 147 147 147
1016.871 995.466 1093.650 147 147 147
1010.911 989.170 1099.126 147 147 147
1007.318 985.374 1099.126 147 147 147
1006.126 984.115 1101.864 147 147 147
1001.376 979.097 1101.864 147 147 147
995.416 972.802 1107.340 147 147 147
990.648 967.765 1107.340 147 147 147
984.689 961.469 1112.817 147 147 147
981.095 957.673 1112.817 147 147 147
979.903 956.414 1115.555 147 147 147
975.153 951.396 1115.555 147 147 147
969.193 945.100 1121.031 147 147 147
964.426 940.064 1121.031 147 147 147
958.466 933.768 1126.507 147 147 147
954.872 929.972 1126.507 147 147 147
953.680 928.713 1129.245 147 147 147
948.930 923.695 1129.245 147 147 147
942.971 917.399 1134.721 147 147 147
938.203 912.363 1134.721 147 147 147
932.243 906.067 1140.198 147 147 147
928.649 902.271 1140.198 147 147 147
927.458 901.012 1142.936 147 147 147
922.708 895.994 1142.936 147 147 147
916.748 889.698 1148.412 147 147 147
911.980 884.662 1148.412 147 147 147
906.021 878.366 1153.888 147 147 147
902.427 874.570 1153.888 147 147 147
901.235 873.310 1156.626 147 147 147
896.461 868.267 1156.626 147 147 147
893.447 865.084 1166.317 147 147 147
897.659 869.533 1175.993 147 147 147
922.765 896.055 1175.993 147 147 147
923.920 897.274 1173.342 147 147 147
925.074 898.493 1175.993 147 147 147
932.301 906.128 1175.993 147 147 147
933.493 907.387 1173.255 147 147 147
938.243 912.405 1173.255 147 147 147
944.202 918.701 1167.779 147 147 147
947.796 922.497 1167.779 147 147 147
948.988 923.756 1165.040 147 147 147
952.564 927.533 1165.040 147 147 147
953.756 928.793 1162.302 147 147 147
958.524 933.829 1162.302 147 147 147
959.710 935.082 1159.577 147 147 147
968.034 943.876 1162.309 147 147 147
973.960 950.136 1156.864 147 147 147
975.135 951.377 1159.564 147 147 147
982.287 958.932 1159.564 147 147 147
983.499 960.213 1162.350 147 147 147
985.883 962.731 1159.612 147 147 147
987.621 964.567 1163.604 147 147 147
988.220 965.200 1175.993 147 147 147
1044.366 1024.511 1175.993 147 147 147
1044.968 1025.147 1169.082 147 147 147
1047.353 1027.667 1163.603 147 147 147
1048.545 1028.926 1133.484 147 147 147
1050.930 1031.445 1128.005 147 147 147
1050.930 1031.445 1117.053 147 147 147
1053.314 1033.964 1111.577 147 147 147
1053.314 1033.964 1100.624 147 147 147
1055.698 1036.482 1095.148 147 147 147
1055.698 1036.482 1081.458 147 147 147
1056.902 1037.754 1078.690 147 147 147
1055.062 1035.811 1074.463 147 147 147
1038.301 1018.104 1082.714 147 147 147
988.964 964.531 409.149 147 147 147
974.653 949.413 439.283 147 147 147
962.100 936.153 459.881 147 147 147
966.373 940.666 466.892 147 147 147
967.556 941.916 464.175 147 147 147
968.710 943.135 466.826 147 147 147
974.675 949.437 466.826 147 147 147
979.483 954.516 475.109 147 147 147
980.680 955.780 472.359 147 147 147
986.599 962.033 480.517 147 147 147
991.426 967.132 480.517 147 147 147
996.194 972.169 472.302 147 147 147
1000.959 977.202 472.302 147 147 147
1014.070 991.052 453.136 147 147 147
1017.655 994.840 453.136 147 147 147
1020.039 997.358 447.660 147 147 147
1022.417 999.870 447.660 147 147 147
1027.194 1004.917 439.429 147 147 147
1031.965 1009.957 436.689 147 147 147
1048.080 1026.980 402.412 147 147 147
1048.080 1026.980 399.614 147 147 147
1043.878 1022.541 389.960 147 147 147
1041.494 1020.023 389.960 147 147 147
1039.102 1017.496 384.465 147 147 147
1033.133 1011.190 387.207 147 147 147
1025.981 1003.635 376.255 147 147 147
1020.031 997.349 378.989 147 147 147
1017.655 994.840 373.531 147 147 147
1014.079 991.062 373.531 147 147 147
1012.879 989.795 370.774 147 147 147
1009.827 986.571 372.176 147 147 147
1000.895 977.135 389.960 147 147 147
999.700 975.873 389.960 147 147 147
992.538 968.307 406.412 147 147 147
988.237 965.218 409.149 147 147 147
973.927 950.101 439.283 147 147 147
961.374 936.840 459.881 147 147 147
965.647 941.354 466.892 147 147 147
966.829 942.603 464.175 147 147 147
967.984 943.822 466.826 147 147 147
973.949 950.124 466.826 147 147 147
978.757 955.203 475.109 147 147 147
979.954 956.468 472.359 147 147 147
985.873 962.721 480.517 147 147 147
990.700 967.820 480.517 147 147 147
995.468 972.856 472.302 147 147 147
1000.232 977.889 472.302 147 147 147
1013.344 991.740 453.136 147 147 147
1016.929 995.527 453.136 147 147 147
1019.313 998.045 447.660 147 147 147
1021.691 1000.557 447.660 147 147 147
1026.468 1005.604 439.429 147 147 147
1031.239 1010.644 436.689 147 147 147
1047.354 1027.668 402.412 147 147 147
1047.354 1027.668 399.614 147 147 147
1043.152 1023.228 389.960 147 147 147
1040.768 1020.710 389.960 147 147 147
1038.376 1018.183 384.465 147 147 147
1032.407 1011.877 387.207 147 147 147
1025.255 1004.323 376.255 147 147 147
1019.305 998.037 378.989 147 147 147
1016.929 995.527 373.531 147 147 147
1013.353 991.750 373.531 147 147 147
1012.153 990.482 370.774 147 147 147
1009.101 987.258 372.176 147 147 147
1000.169 977.822 389.960 147 147 147
998.974 976.560 389.960 147 147 147
991.812 968.994 406.412 147 147 147
988.964 964.531 409.149 147 147 147
974.653 949.413 439.283 147 147 147
962.100 936.153 459.881 147 147 147
966.373 940.666 466.892 147 147 147
967.556 941.916 464.175 147 147 147
968.710 943.135 466.826 147 147 147
974.675 949.437 466.826 147 147 147
979.483 954.516 475.109 147 147 147
980.680 955.780 472.359 147 147 147
986.599 962.033 480.517 147 147 147
991.426 967.132 480.517 147 147 147
996.194 972.169 472.302 147 147 147
1000.959 977.202 472.302 147 147 147
1014.070 991.052 453.136 147 147 147
1017.655 994.840 453.136 147 147 147
1020.039 997.358 447.660 147 147 147
1022.417 999.870 447.660 147 147 147
1027.194 1004.917 439.429 147 147 147
1031.965 1009.957 436.689 147 147 147
1048.080 1026.980 402.412 147 147 147
1048.080 1026.980 399.614 147 147 147
1043.878 1022.541 389.960 147 147 147
1041.494 1020.023 389.960 147 147 147
1039.102 1017.496 384.465 147 147 147
1033.133 1011.190 387.207 147 147 147
1025.981 1003.635 376.255 147 147 147
1020.031 997.349 378.989 147 147 147
1017.655 994.840 373.531 147 147 147
1014.079 991.062 373.531 147 147 147
1012.879 989.795 370.774 147 147 147
1009.827 986.571 372.176 147 147 147
1000.895 977.135 389.960 147 147 147
999.700 975.873 389.960 147 147 147
992.538 968.307 406.412 147 147 147
988.237 965.218 409.149 147 147 147
973.927 950.101 439.283 147 147 147
961.374 936.840 459.881 147 147 147
965.647 941.354 466.892 147 147 147
966.829 942.603 464.175 147 147 147
967.984 943.822 466.826 147 147 147
973.949 950.124 466.826 147 147 147
978.757 955.203 475.109 147 147 147
979.954 956.468 472.359 147 147 147
985.873 962.721 480.517 147 147 147
990.700 967.820 480.517 147 147 147
995.468 972.856 472.302 147 147 147
1000.232 977.889 472.302 147 147 147
1013.344 991.740 453.136 147 147 147
1016.929 995.527 453.136 147 147 147
1019.313 998.045 447.660 147 147 147
1021.691 1000.557 447.660 147 147 147
1026.468 1005.604 439.429 147 147 147
1031.239 1010.644 436.689 147 147 147
1047.354 1027.668 402.412 147 147 147
1047.354 1027.668 399.614 147 147 147
1043.152 1023.228 389.960 147 147 147
1040.768 1020.710 389.960 147 147 147
1038.376 1018.183 384.465 147 147 147
1032.407 1011.877 387.207 147 147 147
1025.255 1004.323 376.255 147 147 147
1019.305 998.037 378.989 147 147 147
1016.929 995.527 373.531 147 147 147
1013.353 991.750 373.531 147 147 147
1012.153 990.482 370.774 147 147 147
1009.101 987.258 372.176 147 147 147
1000.169 977.822 389.960 147 147 147
998.974 976.560 389.960 147 147 147
991.812 968.994 406.412 147 147 147
952.063 925.550 685.955 147 147 147
966.328 940.619 715.993 147 147 147
967.515 941.873 715.993 147 147 147
975.235 950.028 736.454 147 147 147
975.235 950.028 741.934 147 147 147
981.805 956.969 757.027 147 147 147
991.338 967.038 770.714 147 147 147
994.962 970.867 781.814 147 147 147
996.151 972.123 779.081 147 147 147
1001.466 977.738 796.715 147 147 147
1017.581 994.761 830.993 147 147 147
1018.768 996.015 830.993 147 147 147
1024.763 1002.349 847.521 147 147 147
1032.585 1010.612 829.553 147 147 147
1032.585 1010.612 824.009 147 147 147
1024.824 1002.412 811.665 147 147 147
1019.480 996.768 799.391 147 147 147
1020.676 998.031 793.899 147 147 147
1014.697 991.715 785.658 147 147 147
1011.718 988.568 773.341 147 147 147
999.795 975.973 754.168 147 147 147
993.835 969.677 737.740 147 147 147
986.100 961.505 725.437 147 147 147
986.100 961.505 714.560 147 147 147
995.625 971.567 698.150 147 147 147
999.220 975.366 687.136 147 147 147
997.392 973.434 682.936 147 147 147
994.933 970.836 682.936 147 147 147
993.778 969.617 685.587 147 147 147
992.624 968.398 682.936 147 147 147
979.513 954.547 682.936 147 147 147
978.300 953.266 680.150 147 147 147
975.917 950.748 682.888 147 147 147
974.745 949.511 680.198 147 147 147
969.902 944.394 680.198 147 147 147
968.726 943.152 682.898 147 147 147
962.808 936.900 677.460 147 147 147
960.366 934.321 677.460 147 147 147
959.174 933.062 680.198 147 147 147
956.866 930.623 680.198 147 147 147
955.670 929.360 677.449 147 147 147
950.220 923.602 678.841 147 147 147
949.005 922.320 684.419 147 147 147
950.869 924.288 688.699 147 147 147
951.337 926.237 685.955 147 147 147
965.601 941.306 715.993 147 147 147
966.789 942.560 715.993 147 147 147
974.508 950.715 736.454 147 147 147
974.508 950.715 741.934 147 147 147
981.079 957.656 757.027 147 147 147
990.611 967.726 770.714 147 147 147
994.236 971.554 781.814 147 147 147
995.425 972.811 779.081 147 147 147
1000.739 978.425 796.715 147 147 147
1016.855 995.449 830.993 147 147 147
1018.042 996.703 830.993 147 147 147
1024.037 1003.036 847.521 147 147 147
1031.859 1011.299 829.553 147 147 147
1031.859 1011.299 824.009 147 147 147
1024.097 1003.100 811.665 147 147 147
1018.754 997.455 799.391 147 147 147
1019.949 998.718 793.899 147 147 147
1013.970 992.402 785.658 147 147 147
1010.992 989.255 773.341 147 147 147
999.069 976.660 754.168 147 147 147
993.109 970.364 737.740 147 147 147
985.373 962.193 725.437 147 147 147
985.373 962.193 714.560 147 147 147
994.898 972.255 698.150 147 147 147
998.494 976.053 687.136 147 147 147
996.666 974.122 682.936 147 147 147
994.206 971.524 682.936 147 147 147
993.052 970.304 685.587 147 147 147
991.898 969.085 682.936 147 147 147
978.787 955.235 682.936 147 147 147
977.574 953.954 680.150 147 147 147
975.190 951.435 682.888 147 147 147
974.019 950.198 680.198 147 147 147
969.176 945.082 680.198 147 147 147
968.000 943.840 682.898 147 147 147
962.082 937.588 677.460 147 147 147
959.640 935.008 677.460 147 147 147
958.448 933.749 680.198 147 147 147
956.140 931.311 680.198 147 147 147
954.944 930.047 677.449 147 147 147
949.493 924.290 678.841 147 147 147
948.279 923.007 684.419 147 147 147
950.142 924.975 688.699 147 147 147
952.063 925.550 685.955 147 147 147
966.328 940.619 715.993 147 147 147
967.515 941.873 715.993 147 147 147
975.235 950.028 736.454 147 147 147
975.235 950.028 741.934 147 147 147
981.805 956.969 757.027 147 147 147
991.338 967.038 770.714 147 147 147
994.962 970.867 781.814 147 147 147
996.151 972.123 779.081 147 147 147
1001.466 977.738 796.715 147 147 147
1017.581 994.761 830.993 147 147 147
1018.768 996.015 830.993 147 147 147
1024.763 1002.349 847.521 147 147 147
1032.585 1010.612 829.553 147 147 147
1032.585 1010.612 824.009 147 147 147
1024.824 1002.412 811.665 147 147 147
1019.480 996.768 799.391 147 147 147
1020.676 998.031 793.899 147 147 147
1014.697 991.715 785.658 147 147 147
1011.718 988.568 773.341 147 147 147
999.795 975.973 754.168 147 147 147
993.835 969.677 737.740 147 147 147
986.100 961.505 725.437 147 147 147
986.100 961.505 714.560 147 147 147
995.625 971.567 698.150 147 147 147
999.220 975.366 687.136 147 147 147
997.392 973.434 682.936 147 147 147
994.933 970.836 682.936 147 147 147
993.778 969.617 685.587 147 147 147
992.624 968.398 682.936 147 147 147
979.513 954.547 682.936 147 147 147
978.300 953.266 680.150 147 147 147
975.917 950.748 682.888 147 147 147
974.745 949.511 680.198 147 147 147
969.902 944.394 680.198 147 147 147
968.726 943.152 682.898 147 147 147
962.808 936.900 677.460 147 147 147
960.366 934.321 677.460 147 147 147
959.174 933.062 680.198 147 147 147
956.866 930.623 680.198 147 147 147
955.670 929.360 677.449 147 147 147
950.220 923.602 678.841 147 147 147
949.005 922.320 684.419 147 147 147
950.869 924.288 688.699 147 147 147
951.337 926.237 685.955 147 147 147
965.601 941.306 715.993 147 147 147
966.789 942.560 715.993 147 147 147
974.508 950.715 736.454 147 147 147
974.508 950.715 741.934 147 147 147
981.079 957.656 757.027 147 147 147
990.611 967.726 770.714 147 147 147
994.236 971.554 781.814 147 147 147
995.425 972.811 779.081 147 147 147
1000.739 978.425 796.715 147 147 147
1016.855 995.449 830.993 147 147 147
1018.042 996.703 830.993 147 147 147
1024.037 1003.036 847.521 147 147 147
1031.859 1011.299 829.553 147 147 147
1031.859 1011.299 824.009 147 147 147
1024.097 1003.100 811.665 147 147 147
1018.754 997.455 799.391 147 147 147
1019.949 998.718 793.899 147 147 147
1013.970 992.402 785.658 147 147 147
1010.992 989.255 773.341 147 147 147
999.069 976.660 754.168 147 147 147
993.109 970.364 737.740 147 147 147
985.373 962.193 725.437 147 147 147
985.373 962.193 714.560 147 147 147
994.898 972.255 698.150 147 147 147
998.494 976.053 687.136 147 147 147
996.666 974.122 682.936 147 147 147
994.206 971.524 682.936 147 147 147
993.052 970.304 685.587 147 147 147
991.898 969.085 682.936 147 147 147
978.787 955.235 682.936 147 147 147
977.574 953.954 680.150 147 147 147
975.190 951.435 682.888 147 147 147
974.019 950.198 680.198 147 147 147
969.176 945.082 680.198 147 147 147
968.000 943.840 682.898 147 147 147
962.082 937.588 677.460 147 147 147
959.640 935.008 677.460 147 147 147
958.448 933.749 680.198 147 147 147
956.140 931.311 680.198 147 147 147
954.944 930.047 677.449 147 147 147
949.493 924.290 678.841 147 147 147
948.279 923.007 684.419 147 147 147
950.142 924.975 688.699 147 147 147
783.973 747.983 379.007 147 147 147
774.423 737.895 379.007 147 147 147
773.231 736.636 381.745 147 147 147
770.847 734.117 381.745 147 147 147
768.464 731.599 387.221 147 147 147
757.742 720.273 387.221 147 147 147
752.980 715.242 395.426 147 147 147
743.453 705.178 392.691 147 147 147
736.295 697.617 400.912 147 147 147
731.522 692.574 400.912 147 147 147
727.946 688.797 406.388 147 147 147
723.184 683.766 406.388 147 147 147
716.032 676.212 414.602 147 147 147
710.058 669.901 414.602 147 147 147
707.675 667.383 420.079 147 147 147
705.291 664.865 420.079 147 147 147
704.099 663.605 422.817 147 147 147
698.139 657.310 422.817 147 147 147
694.563 653.532 431.031 147 147 147
692.179 651.014 431.031 147 147 147
689.795 648.496 436.507 147 147 147
687.412 645.977 436.507 147 147 147
686.220 644.718 439.245 147 147 147
680.260 638.423 439.245 147 147 147
677.876 635.904 444.721 147 147 147
675.492 633.386 444.721 147 147 147
671.916 629.609 452.936 147 147 147
663.573 620.795 452.936 147 147 147
659.989 617.008 461.169 147 147 147
655.221 611.972 463.907 147 147 147
652.845 609.462 469.364 147 147 147
649.275 605.691 469.364 147 147 147
644.502 600.648 477.588 147 147 147
636.160 591.837 480.326 147 147 147
625.439 580.511 496.745 147 147 147
623.055 577.993 496.745 147 147 147
615.894 570.427 507.713 147 147 147
611.124 565.389 510.452 147 147 147
606.365 560.362 518.650 147 147 147
602.784 556.578 518.650 147 147 147
600.967 554.660 522.822 147 147 147
599.770 553.395 536.571 147 147 147
600.965 554.657 539.315 147 147 147
600.965 554.657 553.005 147 147 147
603.349 557.175 558.481 147 147 147
603.349 557.175 574.910 147 147 147
605.722 559.682 580.362 147 147 147
600.396 554.056 595.317 147 147 147
599.208 552.801 595.317 147 147 147
593.819 547.108 607.696 147 147 147
592.611 545.832 613.246 147 147 147
608.796 562.930 633.902 147 147 147
612.395 566.731 625.636 147 147 147
617.163 571.768 625.636 147 147 147
618.353 573.025 622.902 147 147 147
643.384 599.467 625.640 147 147 147
644.577 600.728 622.898 147 147 147
652.859 609.477 622.898 147 147 147
657.668 614.557 628.421 147 147 147
658.881 615.838 625.636 147 147 147
669.598 627.159 625.636 147 147 147
681.517 639.751 609.207 147 147 147
683.916 642.285 609.207 147 147 147
688.697 647.336 595.477 147 147 147
697.656 656.800 583.129 147 147 147
696.454 655.529 574.843 147 147 147
694.601 653.572 570.587 147 147 147
693.371 652.273 573.412 147 147 147
691.063 649.835 573.412 147 147 147
688.679 647.316 567.936 147 147 147
685.103 643.539 567.936 147 147 147
679.144 637.243 554.245 147 147 147
675.560 633.457 554.245 147 147 147
671.984 629.680 548.769 147 147 147
669.608 627.170 548.769 147 147 147
667.224 624.652 543.293 147 147 147
664.840 622.134 543.293 147 147 147
663.083 620.278 539.257 147 147 147
663.083 620.278 533.839 147 147 147
667.232 624.661 524.307 147 147 147
672.000 629.697 521.569 147 147 147
675.568 633.466 513.374 147 147 147
677.938 635.969 513.374 147 147 147
685.080 643.514 505.171 147 147 147
691.055 649.826 507.916 147 147 147
696.458 655.534 495.505 147 147 147
696.458 655.534 487.285 147 147 147
704.801 664.348 462.642 147 147 147
704.801 664.348 454.376 147 147 147
702.417 661.829 448.900 147 147 147
702.417 661.829 438.005 147 147 147
704.174 663.685 433.969 147 147 147
710.058 669.901 433.969 147 147 147
711.250 671.160 436.707 147 147 147
716.018 676.197 436.707 147 147 147
717.210 677.456 439.445 147 147 147
724.362 685.011 439.445 147 147 147
725.592 686.310 442.270 147 147 147
726.821 687.609 439.445 147 147 147
733.897 695.084 439.445 147 147 147
735.089 696.343 442.183 147 147 147
742.241 703.898 442.183 147 147 147
743.453 705.179 444.969 147 147 147
745.878 707.741 442.183 147 147 147
750.598 712.727 442.183 147 147 147
753.023 715.288 444.969 147 147 147
754.236 716.569 442.183 147 147 147
760.196 722.865 442.183 147 147 147
762.580 725.383 436.707 147 147 147
764.963 727.902 436.707 147 147 147
766.155 729.161 433.969 147 147 147
772.115 735.456 433.969 147 147 147
775.691 739.234 425.755 147 147 147
781.582 745.457 425.755 147 147 147
789.901 754.245 439.406 147 147 147
799.454 764.337 461.350 147 147 147
803.030 768.114 461.350 147 147 147
805.434 770.654 466.873 147 147 147
807.818 773.172 464.135 147 147 147
810.182 775.669 469.564 147 147 147
818.595 784.557 469.564 147 147 147
823.365 789.596 461.346 147 147 147
844.822 812.262 458.608 147 147 147
851.410 819.222 446.225 147 147 147
851.410 819.222 399.672 147 147 147
853.167 821.078 395.636 147 147 147
861.506 829.887 395.636 147 147 147
866.905 835.591 385.988 147 147 147
866.905 835.591 366.806 147 147 147
869.298 838.118 358.562 147 147 147
867.469 836.186 354.361 147 147 147
837.595 804.628 357.106 147 147 147
836.404 803.370 359.840 147 147 147
818.531 784.489 359.840 147 147 147
813.761 779.450 368.059 147 147 147
791.122 755.535 370.796 147 147 147
783.247 748.670 379.007 147 147 147
773.697 738.582 379.007 147 147 147
772.505 737.323 381.745 147 147 147
770.121 734.805 381.745 147 147 147
767.737 732.287 387.221 147 147 147
757.016 720.960 387.221 147 147 147
752.254 715.930 395.426 147 147 147
742.727 705.866 392.691 147 147 147
735.569 698.304 400.912 147 147 147
730.796 693.262 400.912 147 147 147
727.220 689.484 406.388 147 147 147
722.458 684.454 406.388 147 147 147
715.306 676.899 414.602 147 147 147
709.332 670.589 414.602 147 147 147
706.948 668.070 420.079 147 147 147
704.564 665.552 420.079 147 147 147
703.373 664.293 422.817 147 147 147
697.413 657.997 422.817 147 147 147
693.837 654.220 431.031 147 147 147
691.453 651.701 431.031 147 147 147
689.069 649.183 436.507 147 147 147
686.685 646.665 436.507 147 147 147
685.493 645.406 439.245 147 147 147
679.534 639.110 439.245 147 147 147
677.150 636.592 444.721 147 147 147
674.766 634.073 444.721 147 147 147
671.190 630.296 452.936 147 147 147
662.847 621.482 452.936 147 147 147
659.262 617.696 461.169 147 147 147
654.495 612.659 463.907 147 147 147
652.119 610.150 469.364 147 147 147
648.549 606.379 469.364 147 147 147
643.776 601.336 477.588 147 147 147
635.434 592.524 480.326 147 147 147
624.713 581.198 496.745 147 147 147
622.329 578.680 496.745 147 147 147
615.167 571.115 507.713 147 147 147
610.398 566.076 510.452 147 147 147
605.639 561.049 518.650 147 147 147
602.057 557.266 518.650 147 147 147
600.241 555.347 522.822 147 147 147
599.044 554.083 536.571 147 147 147
600.239 555.344 539.315 147 147 147
600.239 555.344 553.005 147 147 147
602.623 557.863 558.481 147 147 147
602.623 557.863 574.910 147 147 147
604.996 560.370 580.362 147 147 147
599.670 554.743 595.317 147 147 147
598.482 553.488 595.317 147 147 147
593.093 547.796 607.696 147 147 147
591.885 546.519 613.246 147 147 147
608.070 563.617 633.902 147 147 147
611.669 567.419 625.636 147 147 147
616.436 572.455 625.636 147 147 147
617.627 573.713 622.902 147 147 147
642.657 600.155 625.640 147 147 147
643.851 601.416 622.898 147 147 147
652.133 610.164 622.898 147 147 147
656.942 615.245 628.421 147 147 147
658.154 616.525 625.636 147 147 147
668.871 627.847 625.636 147 147 147
680.791 640.438 609.207 147 147 147
683.190 642.972 609.207 147 147 147
687.971 648.023 595.477 147 147 147
696.930 657.487 583.129 147 147 147
695.727 656.217 574.843 147 147 147
693.875 654.260 570.587 147 147 147
692.645 652.961 573.412 147 147 147
690.337 650.522 573.412 147 147 147
687.953 648.004 567.936 147 147 147
684.377 644.227 567.936 147 147 147
678.417 637.931 554.245 147 147 147
674.833 634.145 554.245 147 147 147
671.257 630.367 548.769 147 147 147
668.882 627.858 548.769 147 147 147
666.498 625.339 543.293 147 147 147
664.114 622.821 543.293 147 147 147
662.357 620.965 539.257 147 147 147
662.357 620.965 533.839 147 147 147
666.506 625.348 524.307 147 147 147
671.274 630.385 521.569 147 147 147
674.842 634.153 513.374 147 147 147
677.212 636.657 513.374 147 147 147
684.353 644.201 505.171 147 147 147
690.329 650.514 507.916 147 147 147
695.731 656.221 495.505 147 147 147
695.731 656.221 487.285 147 147 147
704.075 665.035 462.642 147 147 147
704.075 665.035 454.376 147 147 147
701.691 662.517 448.900 147 147 147
701.691 662.517 438.005 147 147 147
703.448 664.373 433.969 147 147 147
709.332 670.589 433.969 147 147 147
710.524 671.848 436.707 147 147 147
715.292 676.884 436.707 147 147 147
716.484 678.143 439.445 147 147 147
723.636 685.698 439.445 147 147 147
724.865 686.997 442.270 147 147 147
726.095 688.296 439.445 147 147 147
733.171 695.771 439.445 147 147 147
734.363 697.031 442.183 147 147 147
741.515 704.585 442.183 147 147 147
742.727 705.866 444.969 147 147 147
745.152 708.428 442.183 147 147 147
749.872 713.414 442.183 147 147 147
752.297 715.976 444.969 147 147 147
753.510 717.257 442.183 147 147 147
759.469 723.552 442.183 147 147 147
761.853 726.071 436.707 147 147 147
764.237 728.589 436.707 147 147 147
765.429 729.848 433.969 147 147 147
771.389 736.144 433.969 147 147 147
774.965 739.921 425.755 147 147 147
780.856 746.144 425.755 147 147 147
789.175 754.933 439.406 147 147 147
798.728 765.024 461.350 147 147 147
802.304 768.802 461.350 147 147 147
804.708 771.342 466.873 147 147 147
807.092 773.860 464.135 147 147 147
809.455 776.356 469.564 147 147 147
817.869 785.244 469.564 147 147 147
822.639 790.283 461.346 147 147 147
844.095 812.950 458.608 147 147 147
850.684 819.909 446.225 147 147 147
850.684 819.909 399.672 147 147 147
852.441 821.766 395.636 147 147 147
860.779 830.574 395.636 147 147 147
866.179 836.278 385.988 147 147 147
866.179 836.278 366.806 147 147 147
868.572 838.806 358.562 147 147 147
866.743 836.874 354.361 147 147 147
836.869 805.315 357.106 147 147 147
835.678 804.058 359.840 147 147 147
817.805 785.177 359.840 147 147 147
813.035 780.138 368.059 147 147 147
790.396 756.222 370.796 147 147 147
783.973 747.983 379.007 147 147 147
774.423 737.895 379.007 147 147 147
773.231 736.636 381.745 147 147 147
770.847 734.117 381.745 147 147 147
768.464 731.599 387.221 147 147 147
757.742 720.273 387.221 147 147 147
752.980 715.242 395.426 147 147 147
743.453 705.178 392.691 147 147 147
736.295 697.617 400.912 147 147 147
731.522 692.574 400.912 147 147 147
727.946 688.797 406.388 147 147 147
723.184 683.766 406.388 147 147 147
716.032 676.212 414.602 147 147 147
710.058 669.901 414.602 147 147 147
707.675 667.383 420.079 147 147 147
705.291 664.865 420.079 147 147 147
704.099 663.605 422.817 147 147 147
698.139 657.310 422.817 147 147 147
694.563 653.532 431.031 147 147 147
692.179 651.014 431.031 147 147 147
689.795 648.496 436.507 147 147 147
687.412 645.977 436.507 147 147 147
686.220 644.718 439.245 147 147 147
680.260 638.423 439.245 147 147 147
677.876 635.904 444.721 147 147 147
675.492 633.386 444.721 147 147 147
671.916 629.609 452.936 147 147 147
663.573 620.795 452.936 147 147 147
659.989 617.008 461.169 147 147 147
655.221 611.972 463.907 147 147 147
652.845 609.462 469.364 147 147 147
649.275 605.691 469.364 147 147 147
644.502 600.648 477.588 147 147 147
636.160 591.837 480.326 147 147 147
625.439 580.511 496.745 147 147 147
623.055 577.993 496.745 147 147 147
615.894 570.427 507.713 147 147 147
611.124 565.389 510.452 147 147 147
606.365 560.362 518.650 147 147 147
602.784 556.578 518.650 147 147 147
600.967 554.660 522.822 147 147 147
599.770 553.395 536.571 147 147 147
600.965 554.657 539.315 147 147 147
600.965 554.657 553.005 147 147 147
603.349 557.175 558.481 147 147 147
603.349 557.175 574.910 147 147 147
605.722 559.682 580.362 147 147 147
600.396 554.056 595.317 147 147 147
599.208 552.801 595.317 147 147 147
593.819 547.108 607.696 147 147 147
592.611 545.832 613.246 147 147 147
608.796 562.930 633.902 147 147 147
612.395 566.731 625.636 147 147 147
617.163 571.768 625.636 147 147 147
618.353 573.025 622.902 147 147 147
643.384 599.467 625.640 147 147 147
644.577 600.728 622.898 147 147 147
652.859 609.477 622.898 147 147 147
657.668 614.557 628.421 147 147 147
658.881 615.838 625.636 147 147 147
669.598 627.159 625.636 147 147 147
681.517 639.751 609.207 147 147 147
683.916 642.285 609.207 147 147 147
688.697 647.336 595.477 147 147 147
697.656 656.800 583.129 147 147 147
696.454 655.529 574.843 147 147 147
694.601 653.572 570.587 147 147 147
693.371 652.273 573.412 147 147 147
691.063 649.835 573.412 147 147 147
688.679 647.316 567.936 147 147 147
685.103 643.539 567.936 147 147 147
679.144 637.243 554.245 147 147 147
675.560 633.457 554.245 147 147 147
671.984 629.680 548.769 147 147 147
669.608 627.170 548.769 147 147 147
667.224 624.652 543.293 147 147 147
664.840 622.134 543.293 147 147 147
663.083 620.278 539.257 147 147 147
663.083 620.278 533.839 147 147 147
667.232 624.661 524.307 147 147 147
672.000 629.697 521.569 147 147 147
675.568 633.466 513.374 147 147 147
677.938 635.969 513.374 147 147 147
685.080 643.514 505.171 147 147 147
691.055 649.826 507.916 147 147 147
696.458 655.534 495.505 147 147 147
696.458 655.534 487.285 147 147 147
704.801 664.348 462.642 147 147 147
704.801 664.348 454.376 147 147 147
702.417 661.829 448.900 147 147 147
702.417 661.829 438.005 147 147 147
704.174 663.685 433.969 147 147 147
710.058 669.901 433.969 147 147 147
711.250 671.160 436.707 147 147 147
716.018 676.197 436.707 147 147 147
717.210 677.456 439.445 147 147 147
724.362 685.011 439.445 147 147 147
725.592 686.310 442.270 147 147 147
726.821 687.609 439.445 147 147 147
733.897 695.084 439.445 147 147 147
735.089 696.343 442.183 147 147 147
742.241 703.898 442.183 147 147 147
743.453 705.179 444.969 147 147 147
745.878 707.741 442.183 147 147 147
750.598 712.727 442.183 147 147 147
753.023 715.288 444.969 147 147 147
754.236 716.569 442.183 147 147 147
760.196 722.865 442.183 147 147 147
762.580 725.383 436.707 147 147 147
764.963 727.902 436.707 147 147 147
766.155 729.161 433.969 147 147 147
772.115 735.456 433.969 147 147 147
775.691 739.234 425.755 147 147 147
781.582 745.457 425.755 147 147 147
789.901 754.245 439.406 147 147 147
799.454 764.337 461.350 147 147 147
803.030 768.114 461.350 147 147 147
805.434 770.654 466.873 147 147 147
807.818 773.172 464.135 147 147 147
810.182 775.669 469.564 147 147 147
818.595 784.557 469.564 147 147 147
823.365 789.596 461.346 147 147 147
844.822 812.262 458.608 147 147 147
851.410 819.222 446.225 147 147 147
851.410 819.222 399.672 147 147 147
853.167 821.078 395.636 147 147 147
861.506 829.887 395.636 147 147 147
866.905 835.591 385.988 147 147 147
866.905 835.591 366.806 147 147 147
869.298 838.118 358.562 147 147 147
867.469 836.186 354.361 147 147 147
837.595 804.628 357.106 147 147 147
836.404 803.370 359.840 147 147 147
818.531 784.489 359.840 147 147 147
813.761 779.450 368.059 147 147 147
791.122 755.535 370.796 147 147 147
783.247 748.670 379.007 147 147 147
773.697 738.582 379.007 147 147 147
772.505 737.323 381.745 147 147 147
770.121 734.805 381.745 147 147 147
767.737 732.287 387.221 147 147 147
757.016 720.960 387.221 147 147 147
752.254 715.930 395.426 147 147 147
742.727 705.866 392.691 147 147 147
735.569 698.304 400.912 147 147 147
730.796 693.262 400.912 147 147 147
727.220 689.484 406.388 147 147 147
722.458 684.454 406.388 147 147 147
715.306 676.899 414.602 147 147 147
709.332 670.589 414.602 147 147 147
706.948 668.070 420.079 147 147 147
704.564 665.552 420.079 147 147 147
703.373 664.293 422.817 147 147 147
697.413 657.997 422.817 147 147 147
693.837 654.220 431.031 147 147 147
691.453 651.701 431.031 147 147 147
689.069 649.183 436.507 147 147 147
686.685 646.665 436.507 147 147 147
685.493 645.406 439.245 147 147 147
679.534 639.110 439.245 147 147 147
677.150 636.592 444.721 147 147 147
674.766 634.073 444.721 147 147 147
671.190 630.296 452.936 147 147 147
662.847 621.482 452.936 147 147 147
659.262 617.696 461.169 147 147 147
654.495 612.659 463.907 147 147 147
652.119 610.150 469.364 147 147 147
648.549 606.379 469.364 147 147 147
643.776 601.336 477.588 147 147 147
635.434 592.524 480.326 147 147 147
624.713 581.198 496.745 147 147 147
622.329 578.680 496.745 147 147 147
615.167 571.115 507.713 147 147 147
610.398 566.076 510.452 147 147 147
605.639 561.049 518.650 147 147 147
602.057 557.266 518.650 147 147 147
600.241 555.347 522.822 147 147 147
599.044 554.083 536.571 147 147 147
600.239 555.344 539.315 147 147 147
600.239 555.344 553.005 147 147 147
602.623 557.863 558.481 147 147 147
602.623 557.863 574.910 147 147 147
604.996 560.370 580.362 147 147 147
599.670 554.743 595.317 147 147 147
598.482 553.488 595.317 147 147 147
593.093 547.796 607.696 147 147 147
591.885 546.519 613.246 147 147 147
608.070 563.617 633.902 147 147 147
611.669 567.419 625.636 147 147 147
616.436 572.455 625.636 147 147 147
617.627 573.713 622.902 147 147 147
642.657 600.155 625.640 147 147 147
643.851 601.416 622.898 147 147 147
652.133 610.164 622.898 147 147 147
656.942 615.245 628.421 147 147 147
658.154 616.525 625.636 147 147 147
668.871 627.847 625.636 147 147 147
680.791 640.438 609.207 147 147 147
683.190 642.972 609.207 147 147 147
687.971 648.023 595.477 147 147 147
696.930 657.487 583.129 147 147 147
695.727 656.217 574.843 147 147 147
693.875 654.260 570.587 147 147 147
692.645 652.961 573.412 147 147 147
690.337 650.522 573.412 147 147 147
687.953 648.004 567.936 147 147 147
684.377 644.227 567.936 147 147 147
678.417 637.931 554.245 147 147 147
674.833 634.145 554.245 147 147 147
671.257 630.367 548.769 147 147 147
668.882 627.858 548.769 147 147 147
666.498 625.339 543.293 147 147 147
664.114 622.821 543.293 147 147 147
662.357 620.965 539.257 147 147 147
662.357 620.965 533.839 147 147 147
666.506 625.348 524.307 147 147 147
671.274 630.385 521.569 147 147 147
674.842 634.153 513.374 147 147 147
677.212 636.657 513.374 147 147 147
684.353 644.201 505.171 147 147 147
690.329 650.514 507.916 147 147 147
695.731 656.221 495.505 147 147 147
695.731 656.221 487.285 147 147 147
704.075 665.035 462.642 147 147 147
704.075 665.035 454.376 147 147 147
701.691 662.517 448.900 147 147 147
701.691 662.517 438.005 147 147 147
703.448 664.373 433.969 147 147 147
709.332 670.589 433.969 147 147 147
710.524 671.848 436.707 147 147 147
715.292 676.884 436.707 147 147 147
716.484 678.143 439.445 147 147 147
723.636 685.698 439.445 147 147 147
724.865 686.997 442.270 147 147 147
726.095 688.296 439.445 147 147 147
733.171 695.771 439.445 147 147 147
734.363 697.031 442.183 147 147 147
741.515 704.585 442.183 147 147 147
742.727 705.866 444.969 147 147 147
745.152 708.428 442.183 147 147 147
749.872 713.414 442.183 147 147 147
752.297 715.976 444.969 147 147 147
753.510 717.257 442.183 147 147 147
759.469 723.552 442.183 147 147 147
761.853 726.071 436.707 147 147 147
764.237 728.589 436.707 147 147 147
765.429 729.848 433.969 147 147 147
771.389 736.144 433.969 147 147 147
774.965 739.921 425.755 147 147 147
780.856 746.144 425.755 147 147 147
789.175 754.933 439.406 147 147 147
798.728 765.024 461.350 147 147 147
802.304 768.802 461.350 147 147 147
804.708 771.342 466.873 147 147 147
807.092 773.860 464.135 147 147 147
809.455 776.356 469.564 147 147 147
817.869 785.244 469.564 147 147 147
822.639 790.283 461.346 147 147 147
844.095 812.950 458.608 147 147 147
850.684 819.909 446.225 147 147 147
850.684 819.909 399.672 147 147 147
852.441 821.766 395.636 147 147 147
860.779 830.574 395.636 147 147 147
866.179 836.278 385.988 147 147 147
866.179 836.278 366.806 147 147 147
868.572 838.806 358.562 147 147 147
866.743 836.874 354.361 147 147 147
836.869 805.315 357.106 147 147 147
835.678 804.058 359.840 147 147 147
817.805 785.177 359.840 147 147 147
813.035 780.138 368.059 147 147 147
790.396 756.222 370.796 147 147 147
701.096 660.434 903.405 147 147 147
690.361 649.093 928.066 147 147 147
690.361 649.093 930.802 147 147 147
678.441 636.501 955.445 147 147 147
678.441 636.501 958.185 147 147 147
674.286 632.112 967.730 147 147 147
671.930 629.623 970.436 147 147 147
669.604 627.166 970.436 147 147 147
663.083 620.278 958.180 147 147 147
663.083 620.278 950.029 147 147 147
664.840 622.134 945.993 147 147 147
667.224 624.652 945.993 147 147 147
669.608 627.170 940.517 147 147 147
671.992 629.688 940.517 147 147 147
675.568 633.466 932.302 147 147 147
677.952 635.984 932.302 147 147 147
681.528 639.762 924.088 147 147 147
683.910 642.278 924.088 147 147 147
697.663 656.807 895.241 147 147 147
695.831 654.871 891.031 147 147 147
693.453 652.359 891.031 147 147 147
689.858 648.562 880.022 147 147 147
687.449 646.017 882.789 147 147 147
682.733 641.036 877.373 147 147 147
677.952 635.984 866.388 147 147 147
675.568 633.466 866.388 147 147 147
674.338 632.167 863.563 147 147 147
673.108 630.868 866.388 147 147 147
668.340 625.831 866.388 147 147 147
665.957 623.313 871.864 147 147 147
659.997 617.017 871.864 147 147 147
658.801 615.754 874.611 147 147 147
646.887 603.168 877.348 147 147 147
641.500 597.478 886.972 147 147 147
639.107 594.949 895.218 147 147 147
639.107 594.949 903.423 147 147 147
635.531 591.172 911.638 147 147 147
635.531 591.172 919.852 147 147 147
631.955 587.395 928.066 147 147 147
631.955 587.395 939.019 147 147 147
629.571 584.876 944.495 147 147 147
629.571 584.876 952.716 147 147 147
622.420 577.322 974.620 147 147 147
622.420 577.322 985.566 147 147 147
619.466 574.201 992.352 147 147 147
602.779 556.573 997.828 147 147 147
600.395 554.055 1003.304 147 147 147
582.516 535.168 1008.780 147 147 147
580.137 532.655 1014.245 147 147 147
576.561 528.877 1014.245 147 147 147
574.742 526.956 1018.423 147 147 147
574.742 526.956 1144.465 147 147 147
576.623 528.943 1145.905 147 147 147
577.808 530.195 1143.183 147 147 147
584.942 537.731 1151.377 147 147 147
587.309 540.231 1148.659 147 147 147
588.480 541.469 1151.350 147 147 147
596.838 550.297 1151.350 147 147 147
601.647 555.377 1156.873 147 147 147
602.822 556.618 1154.175 147 147 147
603.976 557.837 1156.826 147 147 147
609.935 564.133 1156.826 147 147 147
614.703 569.170 1167.779 147 147 147
618.355 573.027 1167.779 147 147 147
620.173 574.948 1163.600 147 147 147
620.173 574.948 1158.127 147 147 147
632.093 587.540 1133.484 147 147 147
632.093 587.540 1128.016 147 147 147
639.245 595.095 1117.064 147 147 147
639.245 595.095 1106.103 147 147 147
651.164 607.686 1081.460 147 147 147
651.164 607.686 1075.981 147 147 147
652.921 609.542 1071.945 147 147 147
655.305 612.061 1071.945 147 147 147
657.124 613.982 1067.767 147 147 147
657.124 613.982 1062.297 147 147 147
663.083 620.278 1051.344 147 147 147
663.083 620.278 1045.862 147 147 147
664.840 622.134 1041.826 147 147 147
667.224 624.652 1041.826 147 147 147
669.043 626.573 1037.648 147 147 147
669.043 626.573 1032.172 147 147 147
670.800 628.429 1028.136 147 147 147
673.184 630.948 1028.136 147 147 147
675.003 632.869 1023.958 147 147 147
675.003 632.869 1013.011 147 147 147
680.962 639.165 1002.059 147 147 147
680.962 639.165 999.315 147 147 147
691.703 650.510 974.643 147 147 147
690.512 649.253 971.908 147 147 147
702.409 661.820 947.312 147 147 147
705.386 664.965 937.738 147 147 147
708.377 668.125 933.614 147 147 147
708.377 668.125 922.654 147 147 147
714.329 674.412 911.717 147 147 147
716.103 676.287 904.921 147 147 147
718.478 678.795 904.921 147 147 147
720.297 680.716 900.743 147 147 147
720.297 680.716 895.275 147 147 147
725.064 685.753 887.060 147 147 147
725.064 685.753 881.577 147 147 147
726.821 687.609 877.540 147 147 147
729.205 690.127 877.540 147 147 147
731.024 692.049 873.362 147 147 147
731.024 692.049 867.892 147 147 147
736.984 698.344 856.940 147 147 147
736.984 698.344 848.661 147 147 147
735.165 696.423 844.483 147 147 147
730.321 691.307 844.483 147 147 147
729.134 690.052 847.211 147 147 147
723.772 684.388 845.843 147 147 147
710.632 670.507 873.283 147 147 147
700.370 661.121 903.405 147 147 147
689.634 649.780 928.066 147 147 147
689.634 649.780 930.802 147 147 147
677.715 637.189 955.445 147 147 147
677.715 637.189 958.185 147 147 147
673.560 632.800 967.730 147 147 147
671.204 630.311 970.436 147 147 147
668.878 627.853 970.436 147 147 147
662.357 620.965 958.180 147 147 147
662.357 620.965 950.029 147 147 147
664.114 622.821 945.993 147 147 147
666.498 625.339 945.993 147 147 147
668.882 627.858 940.517 147 147 147
671.266 630.376 940.517 147 147 147
674.842 634.153 932.302 147 147 147
677.225 636.672 932.302 147 147 147
680.801 640.449 924.088 147 147 147
683.183 642.965 924.088 147 147 147
696.937 657.495 895.241 147 147 147
695.105 655.559 891.031 147 147 147
692.726 653.046 891.031 147 147 147
689.132 649.250 880.022 147 147 147
686.723 646.705 882.789 147 147 147
682.007 641.723 877.373 147 147 147
677.225 636.672 866.388 147 147 147
674.842 634.153 866.388 147 147 147
673.612 632.854 863.563 147 147 147
672.382 631.555 866.388 147 147 147
667.614 626.519 866.388 147 147 147
665.230 624.000 871.864 147 147 147
659.271 617.705 871.864 147 147 147
658.075 616.442 874.611 147 147 147
646.160 603.855 877.348 147 147 147
640.774 598.165 886.972 147 147 147
638.381 595.637 895.218 147 147 147
638.381 595.637 903.423 147 147 147
634.805 591.860 911.638 147 147 147
634.805 591.860 919.852 147 147 147
631.229 588.082 928.066 147 147 147
631.229 588.082 939.019 147 147 147
628.845 585.564 944.495 147 147 147
628.845 585.564 952.716 147 147 147
621.694 578.009 974.620 147 147 147
621.694 578.009 985.566 147 147 147
618.740 574.888 992.352 147 147 147
602.052 557.260 997.828 147 147 147
599.669 554.743 1003.304 147 147 147
581.790 535.855 1008.780 147 147 147
579.411 533.342 1014.245 147 147 147
575.835 529.565 1014.245 147 147 147
574.016 527.643 1018.423 147 147 147
574.016 527.643 1144.465 147 147 147
575.897 529.630 1145.905 147 147 147
577.082 530.882 1143.183 147 147 147
584.216 538.419 1151.377 147 147 147
586.583 540.919 1148.659 147 147 147
587.754 542.156 1151.350 147 147 147
596.112 550.985 1151.350 147 147 147
600.921 556.065 1156.873 147 147 147
602.095 557.306 1154.175 147 147 147
603.249 558.525 1156.826 147 147 147
609.209 564.821 1156.826 147 147 147
613.977 569.857 1167.779 147 147 147
617.628 573.715 1167.779 147 147 147
619.447 575.636 1163.600 147 147 147
619.447 575.636 1158.127 147 147 147
631.367 588.227 1133.484 147 147 147
631.367 588.227 1128.016 147 147 147
638.518 595.782 1117.064 147 147 147
638.518 595.782 1106.103 147 147 147
650.438 608.374 1081.460 147 147 147
650.438 608.374 1075.981 147 147 147
652.195 610.230 1071.945 147 147 147
654.579 612.748 1071.945 147 147 147
656.397 614.669 1067.767 147 147 147
656.397 614.669 1062.297 147 147 147
662.357 620.965 1051.344 147 147 147
662.357 620.965 1045.862 147 147 147
664.114 622.821 1041.826 147 147 147
666.498 625.339 1041.826 147 147 147
668.317 627.261 1037.648 147 147 147
668.317 627.261 1032.172 147 147 147
670.074 629.117 1028.136 147 147 147
672.458 631.635 1028.136 147 147 147
674.277 633.556 1023.958 147 147 147
674.277 633.556 1013.011 147 147 147
680.236 639.852 1002.059 147 147 147
680.236 639.852 999.315 147 147 147
690.976 651.198 974.643 147 147 147
689.786 649.940 971.908 147 147 147
701.682 662.507 947.312 147 147 147
704.659 665.652 937.738 147 147 147
707.651 668.812 933.614 147 147 147
707.651 668.812 922.654 147 147 147
713.602 675.099 911.717 147 147 147
715.377 676.974 904.921 147 147 147
717.752 679.482 904.921 147 147 147
719.570 681.404 900.743 147 147 147
719.570 681.404 895.275 147 147 147
724.338 686.440 887.060 147 147 147
724.338 686.440 881.577 147 147 147
726.095 688.296 877.540 147 147 147
728.479 690.815 877.540 147 147 147
730.298 692.736 873.362 147 147 147
730.298 692.736 867.892 147 147 147
736.258 699.032 856.940 147 147 147
736.258 699.032 848.661 147 147 147
734.439 697.110 844.483 147 147 147
729.595 691.994 844.483 147 147 147
728.408 690.739 847.211 147 147 147
723.046 685.076 845.843 147 147 147
709.906 671.195 873.283 147 147 147
701.096 660.434 903.405 147 147 147
690.361 649.093 928.066 147 147 147
690.361 649.093 930.802 147 147 147
678.441 636.501 955.445 147 147 147
678.441 636.501 958.185 147 147 147
674.286 632.112 967.730 147 147 147
671.930 629.623 970.436 147 147 147
669.604 627.166 970.436 147 147 147
663.083 620.278 958.180 147 147 147
663.083 620.278 950.029 147 147 147
664.840 622.134 945.993 147 147 147
667.224 624.652 945.993 147 147 147
669.608 627.170 940.517 147 147 147
671.992 629.688 940.517 147 147 147
675.568 633.466 932.302 147 147 147
677.952 635.984 932.302 147 147 147
681.528 639.762 924.088 147 147 147
683.910 642.278 924.088 147 147 147
697.663 656.807 895.241 147 147 147
695.831 654.871 891.031 147 147 147
693.453 652.359 891.031 147 147 147
689.858 648.562 880.022 147 147 147
687.449 646.017 882.789 147 147 147
682.733 641.036 877.373 147 147 147
677.952 635.984 866.388 147 147 147
675.568 633.466 866.388 147 147 147
674.338 632.167 863.563 147 147 147
673.108 630.868 866.388 147 147 147
668.340 625.831 866.388 147 147 147
665.957 623.313 871.864 147 147 147
659.997 617.017 871.864 147 147 147
658.801 615.754 874.611 147 147 147
646.887 603.168 877.348 147 147 147
641.500 597.478 886.972 147 147 147
639.107 594.949 895.218 147 147 147
639.107 594.949 903.423 147 147 147
635.531 591.172 911.638 147 147 147
635.531 591.172 919.852 147 147 147
631.955 587.395 928.066 147 147 147
631.955 587.395 939.019 147 147 147
629.571 584.876 944.495 147 147 147
629.571 584.876 952.716 147 147 147
622.420 577.322 974.620 147 147 147
622.420 577.322 985.566 147 147 147
619.466 574.201 992.352 147 147 147
602.779 556.573 997.828 147 147 147
600.395 554.055 1003.304 147 147 147
582.516 535.168 1008.780 147 147 147
580.137 532.655 1014.245 147 147 147
576.561 528.877 1014.245 147 147 147
574.742 526.956 1018.423 147 147 147
574.742 526.956 1144.465 147 147 147
576.623 528.943 1145.905 147 147 147
577.808 530.195 1143.183 147 147 147
584.942 537.731 1151.377 147 147 147
587.309 540.231 1148.659 147 147 147
588.480 541.469 1151.350 147 147 147
596.838 550.297 1151.350 147 147 147
601.647 555.377 1156.873 147 147 147
602.822 556.618 1154.175 147 147 147
603.976 557.837 1156.826 147 147 147
609.935 564.133 1156.826 147 147 147
614.703 569.170 1167.779 147 147 147
618.355 573.027 1167.779 147 147 147
620.173 574.948 1163.600 147 147 147
620.173 574.948 1158.127 147 147 147
632.093 587.540 1133.484 147 147 147
632.093 587.540 1128.016 147 147 147
639.245 595.095 1117.064 147 147 147
639.245 595.095 1106.103 147 147 147
651.164 607.686 1081.460 147 147 147
651.164 607.686 1075.981 147 147 147
652.921 609.542 1071.945 147 147 147
655.305 612.061 1071.945 147 147 147
657.124 613.982 1067.767 147 147 147
657.124 613.982 1062.297 147 147 147
663.083 620.278 1051.344 147 147 147
663.083 620.278 1045.862 147 147 147
664.840 622.134 1041.826 147 147 147
667.224 624.652 1041.826 147 147 147
669.043 626.573 1037.648 147 147 147
669.043 626.573 1032.172 147 147 147
670.800 628.429 1028.136 147 147 147
673.184 630.948 1028.136 147 147 147
675.003 632.869 1023.958 147 147 147
675.003 632.869 1013.011 147 147 147
680.962 639.165 1002.059 147 147 147
680.962 639.165 999.315 147 147 147
691.703 650.510 974.643 147 147 147
690.512 649.253 971.908 147 147 147
702.409 661.820 947.312 147 147 147
705.386 664.965 937.738 147 147 147
708.377 668.125 933.614 147 147 147
708.377 668.125 922.654 147 147 147
714.329 674.412 911.717 147 147 147
716.103 676.287 904.921 147 147 147
718.478 678.795 904.921 147 147 147
720.297 680.716 900.743 147 147 147
720.297 680.716 895.275 147 147 147
725.064 685.753 887.060 147 147 147
725.064 685.753 881.577 147 147 147
726.821 687.609 877.540 147 147 147
729.205 690.127 877.540 147 147 147
731.024 692.049 873.362 147 147 147
731.024 692.049 867.892 147 147 147
736.984 698.344 856.940 147 147 147
736.984 698.344 848.661 147 147 147
735.165 696.423 844.483 147 147 147
730.321 691.307 844.483 147 147 147
729.134 690.052 847.211 147 147 147
723.772 684.388 845.843 147 147 147
710.632 670.507 873.283 147 147 147
700.370 661.121 903.405 147 147 147
689.634 649.780 928.066 147 147 147
689.634 649.780 930.802 147 147 147
677.715 637.189 955.445 147 147 147
677.715 637.189 958.185 147 147 147
673.560 632.800 967.730 147 147 147
671.204 630.311 970.436 147 147 147
668.878 627.853 970.436 147 147 147
662.357 620.965 958.180 147 147 147
662.357 620.965 950.029 147 147 147
664.114 622.821 945.993 147 147 147
666.498 625.339 945.993 147 147 147
668.882 627.858 940.517 147 147 147
671.266 630.376 940.517 147 147 147
674.842 634.153 932.302 147 147 147
677.225 636.672 932.302 147 147 147
680.801 640.449 924.088 147 147 147
683.183 642.965 924.088 147 147 147
696.937 657.495 895.241 147 147 147
695.105 655.559 891.031 147 147 147
692.726 653.046 891.031 147 147 147
689.132 649.250 880.022 147 147 147
686.723 646.705 882.789 147 147 147
682.007 641.723 877.373 147 147 147
677.225 636.672 866.388 147 147 147
674.842 634.153 866.388 147 147 147
673.612 632.854 863.563 147 147 147
672.382 631.555 866.388 147 147 147
667.614 626.519 866.388 147 147 147
665.230 624.000 871.864 147 147 147
659.271 617.705 871.864 147 147 147
658.075 616.442 874.611 147 147 147
646.160 603.855 877.348 147 147 147
640.774 598.165 886.972 147 147 147
638.381 595.637 895.218 147 147 147
638.381 595.637 903.423 147 147 147
634.805 591.860 911.638 147 147 147
634.805 591.860 919.852 147 147 147
631.229 588.082 928.066 147 147 147
631.229 588.082 939.019 147 147 147
628.845 585.564 944.495 147 147 147
628.845 585.564 952.716 147 147 147
621.694 578.009 974.620 147 147 147
621.694 578.009 985.566 147 147 147
618.740 574.888 992.352 147 147 147
602.052 557.260 997.828 147 147 147
599.669 554.743 1003.304 147 147 147
581.790 535.855 1008.780 147 147 147
579.411 533.342 1014.245 147 147 147
575.835 529.565 1014.245 147 147 147
574.016 527.643 1018.423 147 147 147
574.016 527.643 1144.465 147 147 147
575.897 529.630 1145.905 147 147 147
577.082 530.882 1143.183 147 147 147
584.216 538.419 1151.377 147 147 147
586.583 540.919 1148.659 147 147 147
587.754 542.156 1151.350 147 147 147
596.112 550.985 1151.350 147 147 147
600.921 556.065 1156.873 147 147 147
602.095 557.306 1154.175 147 147 147
603.249 558.525 1156.826 147 147 147
609.209 564.821 1156.826 147 147 147
613.977 569.857 1167.779 147 147 147
617.628 573.715 1167.779 147 147 147
619.447 575.636 1163.600 147 147 147
619.447 575.636 1158.127 147 147 147
631.367 588.227 1133.484 147 147 147
631.367 588.227 1128.016 147 147 147
638.518 595.782 1117.064 147 147 147
638.518 595.782 1106.103 147 147 147
650.438 608.374 1081.460 147 147 147
650.438 608.374 1075.981 147 147 147
652.195 610.230 1071.945 147 147 147
654.579 612.748 1071.945 147 147 147
656.397 614.669 1067.767 147 147 147
656.397 614.669 1062.297 147 147 147
662.357 620.965 1051.344 147 147 147
662.357 620.965 1045.862 147 147 147
664.114 622.821 1041.826 147 147 147
666.498 625.339 1041.826 147 147 147
668.317 627.261 1037.648 147 147 147
668.317 627.261 1032.172 147 147 147
670.074 629.117 1028.136 147 147 147
672.458 631.635 1028.136 147 147 147
674.277 633.556 1023.958 147 147 147
674.277 633.556 1013.011 147 147 147
680.236 639.852 1002.059 147 147 147
680.236 639.852 999.315 147 147 147
690.976 651.198 974.643 147 147 147
689.786 649.940 971.908 147 147 147
701.682 662.507 947.312 147 147 147
704.659 665.652 937.738 147 147 147
707.651 668.812 933.614 147 147 147
707.651 668.812 922.654 147 147 147
713.602 675.099 911.717 147 147 147
715.377 676.974 904.921 147 147 147
717.752 679.482 904.921 147 147 147
719.570 681.404 900.743 147 147 147
719.570 681.404 895.275 147 147 147
724.338 686.440 887.060 147 147 147
724.338 686.440 881.577 147 147 147
726.095 688.296 877.540 147 147 147
728.479 690.815 877.540 147 147 147
730.298 692.736 873.362 147 147 147
730.298 692.736 867.892 147 147 147
736.258 699.032 856.940 147 147 147
736.258 699.032 848.661 147 147 147
734.439 697.110 844.483 147 147 147
729.595 691.994 844.483 147 147 147
728.408 690.739 847.211 147 147 147
723.046 685.076 845.843 147 147 147
709.906 671.195 873.283 147 147 147
683.836 642.200 379.007 147 147 147
680.260 638.423 379.007 147 147 147
676.684 634.645 387.221 147 147 147
668.340 625.831 387.221 147 147 147
664.765 622.054 395.436 147 147 147
655.229 611.981 395.436 147 147 147
651.653 608.203 403.650 147 147 147
649.269 605.685 403.650 147 147 147
646.899 603.181 409.095 147 147 147
643.331 599.411 406.362 147 147 147
638.538 594.349 414.619 147 147 147
633.766 589.307 417.359 147 147 147
631.390 586.798 422.817 147 147 147
627.814 583.020 422.817 147 147 147
625.431 580.502 428.293 147 147 147
621.855 576.725 428.293 147 147 147
618.279 572.947 436.507 147 147 147
609.935 564.133 436.507 147 147 147
606.360 560.356 444.721 147 147 147
602.784 556.578 444.721 147 147 147
599.208 552.801 452.936 147 147 147
595.632 549.023 452.936 147 147 147
592.056 545.246 461.150 147 147 147
589.672 542.728 461.150 147 147 147
587.854 540.806 465.328 147 147 147
587.854 540.806 473.600 147 147 147
591.429 544.584 481.815 147 147 147
591.429 544.584 495.499 147 147 147
595.627 549.018 507.898 147 147 147
596.891 550.354 507.898 147 147 147
607.619 561.686 491.469 147 147 147
609.997 564.198 491.469 147 147 147
614.793 569.264 485.961 147 147 147
617.168 571.774 480.503 147 147 147
624.315 579.324 477.767 147 147 147
633.844 589.390 461.350 147 147 147
643.385 599.469 461.350 147 147 147
648.159 604.512 450.384 147 147 147
655.311 612.067 447.646 147 147 147
658.881 615.838 439.445 147 147 147
664.834 622.127 439.445 147 147 147
669.612 627.174 431.215 147 147 147
674.384 632.215 428.474 147 147 147
676.760 634.725 423.017 147 147 147
683.902 642.270 423.017 147 147 147
693.437 652.343 409.326 147 147 147
700.599 659.908 409.326 147 147 147
702.982 662.426 403.850 147 147 147
710.128 669.975 403.850 147 147 147
714.896 675.011 395.636 147 147 147
718.478 678.795 395.636 147 147 147
720.297 680.716 391.458 147 147 147
720.297 680.716 366.750 147 147 147
714.893 675.008 357.095 147 147 147
708.274 668.016 358.478 147 147 147
704.106 663.613 365.317 147 147 147
696.953 656.057 365.317 147 147 147
692.185 651.020 373.531 147 147 147
686.220 644.718 373.531 147 147 147
683.110 642.887 379.007 147 147 147
679.534 639.110 379.007 147 147 147
675.958 635.333 387.221 147 147 147
667.614 626.519 387.221 147 147 147
664.038 622.741 395.436 147 147 147
654.503 612.668 395.436 147 147 147
650.927 608.891 403.650 147 147 147
648.543 606.372 403.650 147 147 147
646.173 603.869 409.095 147 147 147
642.604 600.099 406.362 147 147 147
637.812 595.036 414.619 147 147 147
633.040 589.995 417.359 147 147 147
630.664 587.485 422.817 147 147 147
627.088 583.708 422.817 147 147 147
624.704 581.189 428.293 147 147 147
621.129 577.412 428.293 147 147 147
617.553 573.635 436.507 147 147 147
609.209 564.821 436.507 147 147 147
605.633 561.043 444.721 147 147 147
602.057 557.266 444.721 147 147 147
598.482 553.488 452.936 147 147 147
594.906 549.711 452.936 147 147 147
591.330 545.933 461.150 147 147 147
588.946 543.415 461.150 147 147 147
587.127 541.494 465.328 147 147 147
587.127 541.494 473.600 147 147 147
590.703 545.271 481.815 147 147 147
590.703 545.271 495.499 147 147 147
594.901 549.706 507.898 147 147 147
596.165 551.041 507.898 147 147 147
606.893 562.373 491.469 147 147 147
609.271 564.886 491.469 147 147 147
614.067 569.952 485.961 147 147 147
616.442 572.462 480.503 147 147 147
623.589 580.011 477.767 147 147 147
633.118 590.077 461.350 147 147 147
642.659 600.157 461.350 147 147 147
647.433 605.199 450.384 147 147 147
654.584 612.754 447.646 147 147 147
658.154 616.525 439.445 147 147 147
664.108 622.815 439.445 147 147 147
668.885 627.861 431.215 147 147 147
673.658 632.903 428.474 147 147 147
676.034 635.413 423.017 147 147 147
683.176 642.957 423.017 147 147 147
692.711 653.030 409.326 147 147 147
699.872 660.595 409.326 147 147 147
702.256 663.114 403.850 147 147 147
709.402 670.662 403.850 147 147 147
714.170 675.699 395.636 147 147 147
717.752 679.482 395.636 147 147 147
719.570 681.404 391.458 147 147 147
719.570 681.404 366.750 147 147 147
714.167 675.695 357.095 147 147 147
707.547 668.703 358.478 147 147 147
703.379 664.300 365.317 147 147 147
696.227 656.744 365.317 147 147 147
691.459 651.708 373.531 147 147 147
685.493 645.406 373.531 147 147 147
683.836 642.200 379.007 147 147 147
680.260 638.423 379.007 147 147 147
676.684 634.645 387.221 147 147 147
668.340 625.831 387.221 147 147 147
664.765 622.054 395.436 147 147 147
655.229 611.981 395.436 147 147 147
651.653 608.203 403.650 147 147 147
649.269 605.685 403.650 147 147 147
646.899 603.181 409.095 147 147 147
643.331 599.411 406.362 147 147 147
638.538 594.349 414.619 147 147 147
633.766 589.307 417.359 147 147 147
631.390 586.798 422.817 147 147 147
627.814 583.020 422.817 147 147 147
625.431 580.502 428.293 147 147 147
621.855 576.725 428.293 147 147 147
618.279 572.947 436.507 147 147 147
609.935 564.133 436.507 147 147 147
606.360 560.356 444.721 147 147 147
602.784 556.578 444.721 147 147 147
599.208 552.801 452.936 147 147 147
595.632 549.023 452.936 147 147 147
592.056 545.246 461.150 147 147 147
589.672 542.728 461.150 147 147 147
587.854 540.806 465.328 147 147 147
587.854 540.806 473.600 147 147 147
591.429 544.584 481.815 147 147 147
591.429 544.584 495.499 147 147 147
595.627 549.018 507.898 147 147 147
596.891 550.354 507.898 147 147 147
607.619 561.686 491.469 147 147 147
609.997 564.198 491.469 147 147 147
614.793 569.264 485.961 147 147 147
617.168 571.774 480.503 147 147 147
624.315 579.324 477.767 147 147 147
633.844 589.390 461.350 147 147 147
643.385 599.469 461.350 147 147 147
648.159 604.512 450.384 147 147 147
655.311 612.067 447.646 147 147 147
658.881 615.838 439.445 147 147 147
664.834 622.127 439.445 147 147 147
669.612 627.174 431.215 147 147 147
674.384 632.215 428.474 147 147 147
676.760 634.725 423.017 147 147 147
683.902 642.270 423.017 147 147 147
693.437 652.343 409.326 147 147 147
700.599 659.908 409.326 147 147 147
702.982 662.426 403.850 147 147 147
710.128 669.975 403.850 147 147 147
714.896 675.011 395.636 147 147 147
718.478 678.795 395.636 147 147 147
720.297 680.716 391.458 147 147 147
720.297 680.716 366.750 147 147 147
714.893 675.008 357.095 147 147 147
708.274 668.016 358.478 147 147 147
704.106 663.613 365.317 147 147 147
696.953 656.057 365.317 147 147 147
692.185 651.020 373.531 147 147 147
686.220 644.718 373.531 147 147 147
683.110 642.887 379.007 147 147 147
679.534 639.110 379.007 147 147 147
675.958 635.333 387.221 147 147 147
667.614 626.519 387.221 147 147 147
664.038 622.741 395.436 147 147 147
654.503 612.668 395.436 147 147 147
650.927 608.891 403.650 147 147 147
648.543 606.372 403.650 147 147 147
646.173 603.869 409.095 147 147 147
642.604 600.099 406.362 147 147 147
637.812 595.036 414.619 147 147 147
633.040 589.995 417.359 147 147 147
630.664 587.485 422.817 147 147 147
627.088 583.708 422.817 147 147 147
624.704 581.189 428.293 147 147 147
621.129 577.412 428.293 147 147 147
617.553 573.635 436.507 147 147 147
609.209 564.821 436.507 147 147 147
605.633 561.043 444.721 147 147 147
602.057 557.266 444.721 147 147 147
598.482 553.488 452.936 147 147 147
594.906 549.711 452.936 147 147 147
591.330 545.933 461.150 147 147 147
588.946 543.415 461.150 147 147 147
587.127 541.494 465.328 147 147 147
587.127 541.494 473.600 147 147 147
590.703 545.271 481.815 147 147 147
590.703 545.271 495.499 147 147 147
594.901 549.706 507.898 147 147 147
596.165 551.041 507.898 147 147 147
606.893 562.373 491.469 147 147 147
609.271 564.886 491.469 147 147 147
614.067 569.952 485.961 147 147 147
616.442 572.462 480.503 147 147 147
623.589 580.011 477.767 147 147 147
633.118 590.077 461.350 147 147 147
642.659 600.157 461.350 147 147 147
647.433 605.199 450.384 147 147 147
654.584 612.754 447.646 147 147 147
658.154 616.525 439.445 147 147 147
664.108 622.815 439.445 147 147 147
668.885 627.861 431.215 147 147 147
673.658 632.903 428.474 147 147 147
676.034 635.413 423.017 147 147 147
683.176 642.957 423.017 147 147 147
692.711 653.030 409.326 147 147 147
699.872 660.595 409.326 147 147 147
702.256 663.114 403.850 147 147 147
709.402 670.662 403.850 147 147 147
714.170 675.699 395.636 147 147 147
717.752 679.482 395.636 147 147 147
719.570 681.404 391.458 147 147 147
719.570 681.404 366.750 147 147 147
714.167 675.695 357.095 147 147 147
707.547 668.703 358.478 147 147 147
703.379 664.300 365.317 147 147 147
696.227 656.744 365.317 147 147 147
691.459 651.708 373.531 147 147 147
685.493 645.406 373.531 147 147 147
953.296 826.635 454.353 147 147 147
953.296 826.635 465.329 147 147 147
951.492 824.950 469.364 147 147 147
949.041 822.660 469.364 147 147 147
939.234 813.498 494.046 147 147 147
936.160 810.626 498.172 147 147 147
936.160 810.626 503.662 147 147 147
934.356 808.940 507.698 147 147 147
930.684 805.510 507.698 147 147 147
927.012 802.079 515.912 147 147 147
916.003 791.793 515.912 147 147 147
911.103 787.215 524.133 147 147 147
897.643 774.641 526.870 147 147 147
891.528 768.927 535.079 147 147 147
885.397 763.199 535.079 147 147 147
883.525 761.450 539.267 147 147 147
884.756 762.600 547.532 147 147 147
893.311 770.593 572.137 147 147 147
890.873 768.315 577.591 147 147 147
890.873 768.315 602.247 147 147 147
889.642 767.165 607.752 147 147 147
891.517 768.917 611.945 147 147 147
893.976 771.214 611.945 147 147 147
900.121 776.955 620.194 147 147 147
905.080 781.588 614.647 147 147 147
909.963 786.150 600.993 147 147 147
911.182 787.290 600.993 147 147 147
917.953 793.615 585.847 147 147 147
916.729 792.472 580.371 147 147 147
924.646 799.868 562.660 147 147 147
927.094 802.156 562.660 147 147 147
928.962 803.901 558.481 147 147 147
928.962 803.901 553.012 147 147 147
933.849 808.467 544.812 147 147 147
935.672 810.170 538.017 147 147 147
938.110 812.447 538.017 147 147 147
939.978 814.193 533.838 147 147 147
939.978 814.193 528.369 147 147 147
944.865 818.759 520.169 147 147 147
946.688 820.461 513.374 147 147 147
949.126 822.739 513.374 147 147 147
950.994 824.484 509.195 147 147 147
950.994 824.484 500.981 147 147 147
957.694 830.744 485.993 147 147 147
962.505 835.239 485.993 147 147 147
971.073 843.244 507.898 147 147 147
973.530 845.539 507.898 147 147 147
978.398 850.087 516.065 147 147 147
982.070 853.518 527.018 147 147 147
986.993 858.118 535.279 147 147 147
989.435 860.399 535.279 147 147 147
991.239 862.085 539.314 147 147 147
991.239 862.085 544.794 147 147 147
999.815 870.097 561.238 147 147 147
1001.653 871.814 568.091 147 147 147
1007.777 877.535 576.311 147 147 147
1017.584 886.698 600.993 147 147 147
1018.813 887.846 600.993 147 147 147
1031.052 899.281 625.636 147 147 147
1033.504 901.572 625.636 147 147 147
1038.372 906.120 633.803 147 147 147
1042.080 909.584 644.862 147 147 147
1044.536 911.879 642.114 147 147 147
1048.201 915.303 650.312 147 147 147
1051.873 918.733 647.574 147 147 147
1053.082 919.863 650.279 147 147 147
1058.060 924.514 650.279 147 147 147
1059.266 925.640 647.581 147 147 147
1065.352 931.327 653.027 147 147 147
1071.450 937.024 650.298 147 147 147
1072.665 938.160 653.017 147 147 147
1075.195 940.523 653.017 147 147 147
1076.378 941.628 650.370 147 147 147
1077.561 942.734 653.017 147 147 147
1082.539 947.384 653.017 147 147 147
1083.722 948.490 650.370 147 147 147
1084.905 949.595 653.017 147 147 147
1094.697 958.743 653.017 147 147 147
1095.962 959.925 655.846 147 147 147
1102.767 966.283 640.623 147 147 147
1102.767 966.283 604.972 147 147 147
1097.871 961.708 594.019 147 147 147
1097.871 961.708 580.329 147 147 147
1094.199 958.278 572.115 147 147 147
1094.199 958.278 566.639 147 147 147
1092.350 956.550 562.502 147 147 147
1082.533 947.378 546.031 147 147 147
1080.076 945.083 546.031 147 147 147
1075.210 940.537 540.588 147 147 147
1071.538 937.106 532.374 147 147 147
1066.612 932.504 526.864 147 147 147
1062.944 929.077 526.864 147 147 147
1056.780 923.318 518.591 147 147 147
1055.556 922.175 521.329 147 147 147
1049.470 916.489 513.160 147 147 147
1043.350 910.771 515.898 147 147 147
1037.244 905.066 507.702 147 147 147
1017.662 886.772 504.964 147 147 147
1013.944 883.297 499.418 147 147 147
1012.691 882.126 502.221 147 147 147
1006.644 876.477 502.221 147 147 147
1002.928 873.005 496.680 147 147 147
1001.675 871.835 499.483 147 147 147
991.965 862.763 499.483 147 147 147
990.741 861.619 496.745 147 147 147
984.618 855.899 496.745 147 147 147
976.050 847.894 480.317 147 147 147
973.605 845.610 480.317 147 147 147
971.801 843.925 476.281 147 147 147
971.801 843.925 468.067 147 147 147
969.933 842.179 463.888 147 147 147
967.480 839.888 463.888 147 147 147
961.361 834.170 452.936 147 147 147
958.917 831.887 452.936 147 147 147
957.674 830.726 450.155 147 147 147
952.613 827.366 454.353 147 147 147
952.613 827.366 465.329 147 147 147
950.809 825.680 469.364 147 147 147
948.359 823.391 469.364 147 147 147
938.551 814.228 494.046 147 147 147
935.477 811.356 498.172 147 147 147
935.477 811.356 503.662 147 147 147
933.673 809.671 507.698 147 147 147
930.001 806.240 507.698 147 147 147
926.329 802.810 515.912 147 147 147
915.320 792.524 515.912 147 147 147
910.420 787.946 524.133 147 147 147
896.961 775.371 526.870 147 147 147
890.845 769.658 535.079 147 147 147
884.714 763.930 535.079 147 147 147
882.842 762.180 539.267 147 147 147
884.073 763.331 547.532 147 147 147
892.628 771.323 572.137 147 147 147
890.190 769.045 577.591 147 147 147
890.190 769.045 602.247 147 147 147
888.960 767.896 607.752 147 147 147
890.834 769.647 611.945 147 147 147
893.293 771.945 611.945 147 147 147
899.439 777.686 620.194 147 147 147
904.397 782.319 614.647 147 147 147
909.280 786.881 600.993 147 147 147
910.500 788.020 600.993 147 147 147
917.270 794.346 585.847 147 147 147
916.046 793.202 580.371 147 147 147
923.963 800.599 562.660 147 147 147
926.411 802.886 562.660 147 147 147
928.279 804.632 558.481 147 147 147
928.279 804.632 553.012 147 147 147
933.167 809.198 544.812 147 147 147
934.989 810.900 538.017 147 147 147
937.427 813.178 538.017 147 147 147
939.295 814.923 533.838 147 147 147
939.295 814.923 528.369 147 147 147
944.182 819.489 520.169 147 147 147
946.005 821.192 513.374 147 147 147
948.443 823.470 513.374 147 147 147
950.311 825.215 509.195 147 147 147
950.311 825.215 500.981 147 147 147
957.011 831.475 485.993 147 147 147
961.822 835.970 485.993 147 147 147
970.390 843.974 507.898 147 147 147
972.847 846.270 507.898 147 147 147
977.715 850.818 516.065 147 147 147
981.387 854.249 527.018 147 147 147
986.311 858.849 535.279 147 147 147
988.752 861.130 535.279 147 147 147
990.556 862.815 539.314 147 147 147
990.556 862.815 544.794 147 147 147
999.132 870.827 561.238 147 147 147
1000.970 872.545 568.091 147 147 147
1007.094 878.266 576.311 147 147 147
1016.901 887.429 600.993 147 147 147
1018.130 888.577 600.993 147 147 147
1030.370 900.012 625.636 147 147 147
1032.822 902.303 625.636 147 147 147
1037.690 906.851 633.803 147 147 147
1041.397 910.315 644.862 147 147 147
1043.854 912.610 642.114 147 147 147
1047.518 916.033 650.312 147 147 147
1051.190 919.464 647.574 147 147 147
1052.399 920.594 650.279 147 147 147
1057.377 925.244 650.279 147 147 147
1058.583 926.371 647.581 147 147 147
1064.669 932.057 653.027 147 147 147
1070.767 937.755 650.298 147 147 147
1071.983 938.890 653.017 147 147 147
1074.513 941.254 653.017 147 147 147
1075.696 942.359 650.370 147 147 147
1076.879 943.464 653.017 147 147 147
1081.856 948.115 653.017 147 147 147
1083.039 949.220 650.370 147 147 147
1084.222 950.326 653.017 147 147 147
1094.014 959.474 653.017 147 147 147
1095.279 960.656 655.846 147 147 147
1102.084 967.013 640.623 147 147 147
1102.084 967.013 604.972 147 147 147
1097.188 962.439 594.019 147 147 147
1097.188 962.439 580.329 147 147 147
1093.516 959.009 572.115 147 147 147
1093.516 959.009 566.639 147 147 147
1091.667 957.281 562.502 147 147 147
1081.850 948.109 546.031 147 147 147
1079.394 945.814 546.031 147 147 147
1074.527 941.268 540.588 147 147 147
1070.855 937.837 532.374 147 147 147
1065.930 933.235 526.864 147 147 147
1062.262 929.808 526.864 147 147 147
1056.098 924.049 518.591 147 147 147
1054.874 922.906 521.329 147 147 147
1048.788 917.220 513.160 147 147 147
1042.668 911.502 515.898 147 147 147
1036.561 905.797 507.702 147 147 147
1016.980 887.502 504.964 147 147 147
1013.261 884.028 499.418 147 147 147
1012.008 882.857 502.221 147 147 147
1005.961 877.208 502.221 147 147 147
1002.245 873.736 496.680 147 147 147
1000.992 872.565 499.483 147 147 147
991.282 863.494 499.483 147 147 147
990.058 862.350 496.745 147 147 147
983.935 856.629 496.745 147 147 147
975.367 848.624 480.317 147 147 147
972.923 846.341 480.317 147 147 147
971.119 844.655 476.281 147 147 147
971.119 844.655 468.067 147 147 147
969.251 842.910 463.888 147 147 147
966.798 840.618 463.888 147 147 147
960.678 834.901 452.936 147 147 147
958.235 832.618 452.936 147 147 147
956.992 831.457 450.155 147 147 147
953.296 826.635 454.353 147 147 147
953.296 826.635 465.329 147 147 147
951.492 824.950 469.364 147 147 147
949.041 822.660 469.364 147 147 147
939.234 813.498 494.046 147 147 147
936.160 810.626 498.172 147 147 147
936.160 810.626 503.662 147 147 147
934.356 808.940 507.698 147 147 147
930.684 805.510 507.698 147 147 147
927.012 802.079 515.912 147 147 147
916.003 791.793 515.912 147 147 147
911.103 787.215 524.133 147 147 147
897.643 774.641 526.870 147 147 147
891.528 768.927 535.079 147 147 147
885.397 763.199 535.079 147 147 147
883.525 761.450 539.267 147 147 147
884.756 762.600 547.532 147 147 147
893.311 770.593 572.137 147 147 147
890.873 768.315 577.591 147 147 147
890.873 768.315 602.247 147 147 147
889.642 767.165 607.752 147 147 147
891.517 768.917 611.945 147 147 147
893.976 771.214 611.945 147 147 147
900.121 776.955 620.194 147 147 147
905.080 781.588 614.647 147 147 147
909.963 786.150 600.993 147 147 147
911.182 787.290 600.993 147 147 147
917.953 793.615 585.847 147 147 147
916.729 792.472 580.371 147 147 147
924.646 799.868 562.660 147 147 147
927.094 802.156 562.660 147 147 147
928.962 803.901 558.481 147 147 147
928.962 803.901 553.012 147 147 147
933.849 808.467 544.812 147 147 147
935.672 810.170 538.017 147 147 147
938.110 812.447 538.017 147 147 147
939.978 814.193 533.838 147 147 147
939.978 814.193 528.369 147 147 147
944.865 818.759 520.169 147 147 147
946.688 820.461 513.374 147 147 147
949.126 822.739 513.374 147 147 147
950.994 824.484 509.195 147 147 147
950.994 824.484 500.981 147 147 147
957.694 830.744 485.993 147 147 147
962.505 835.239 485.993 147 147 147
971.073 843.244 507.898 147 147 147
973.530 845.539 507.898 147 147 147
978.398 850.087 516.065 147 147 147
982.070 853.518 527.018 147 147 147
986.993 858.118 535.279 147 147 147
989.435 860.399 535.279 147 147 147
991.239 862.085 539.314 147 147 147
991.239 862.085 544.794 147 147 147
999.815 870.097 561.238 147 147 147
1001.653 871.814 568.091 147 147 147
1007.777 877.535 576.311 147 147 147
1017.584 886.698 600.993 147 147 147
1018.813 887.846 600.993 147 147 147
1031.052 899.281 625.636 147 147 147
1033.504 901.572 625.636 147 147 147
1038.372 906.120 633.803 147 147 147
1042.080 909.584 644.862 147 147 147
1044.536 911.879 642.114 147 147 147
1048.201 915.303 650.312 147 147 147
1051.873 918.733 647.574 147 147 147
1053.082 919.863 650.279 147 147 147
1058.060 924.514 650.279 147 147 147
1059.266 925.640 647.581 147 147 147
1065.352 931.327 653.027 147 147 147
1071.450 937.024 650.298 147 147 147
1072.665 938.160 653.017 147 147 147
1075.195 940.523 653.017 147 147 147
1076.378 941.628 650.370 147 147 147
1077.561 942.734 653.017 147 147 147
1082.539 947.384 653.017 147 147 147
1083.722 948.490 650.370 147 147 147
1084.905 949.595 653.017 147 147 147
1094.697 958.743 653.017 147 147 147
1095.962 959.925 655.846 147 147 147
1102.767 966.283 640.623 147 147 147
1102.767 966.283 604.972 147 147 147
1097.871 961.708 594.019 147 147 147
1097.871 961.708 580.329 147 147 147
1094.199 958.278 572.115 147 147 147
1094.199 958.278 566.639 147 147 147
1092.350 956.550 562.502 147 147 147
1082.533 947.378 546.031 147 147 147
1080.076 945.083 546.031 147 147 147
1075.210 940.537 540.588 147 147 147
1071.538 937.106 532.374 147 147 147
1066.612 932.504 526.864 147 147 147
1062.944 929.077 526.864 147 147 147
1056.780 923.318 518.591 147 147 147
1055.556 922.175 521.329 147 147 147
1049.470 916.489 513.160 147 147 147
1043.350 910.771 515.898 147 147 147
1037.244 905.066 507.702 147 147 147
1017.662 886.772 504.964 147 147 147
1013.944 883.297 499.418 147 147 147
1012.691 882.126 502.221 147 147 147
1006.644 876.477 502.221 147 147 147
1002.928 873.005 496.680 147 147 147
1001.675 871.835 499.483 147 147 147
991.965 862.763 499.483 147 147 147
990.741 861.619 496.745 147 147 147
984.618 855.899 496.745 147 147 147
976.050 847.894 480.317 147 147 147
973.605 845.610 480.317 147 147 147
971.801 843.925 476.281 147 147 147
971.801 843.925 468.067 147 147 147
969.933 842.179 463.888 147 147 147
967.480 839.888 463.888 147 147 147
961.361 834.170 452.936 147 147 147
958.917 831.887 452.936 147 147 147
957.674 830.726 450.155 147 147 147
952.613 827.366 454.353 147 147 147
952.613 827.366 465.329 147 147 147
950.809 825.680 469.364 147 147 147
948.359 823.391 469.364 147 147 147
938.551 814.228 494.046 147 147 147
935.477 811.356 498.172 147 147 147
935.477 811.356 503.662 147 147 147
933.673 809.671 507.698 147 147 147
930.001 806.240 507.698 147 147 147
926.329 802.810 515.912 147 147 147
915.320 792.524 515.912 147 147 147
910.420 787.946 524.133 147 147 147
896.961 775.371 526.870 147 147 147
890.845 769.658 535.079 147 147 147
884.714 763.930 535.079 147 147 147
882.842 762.180 539.267 147 147 147
884.073 763.331 547.532 147 147 147
892.628 771.323 572.137 147 147 147
890.190 769.045 577.591 147 147 147
890.190 769.045 602.247 147 147 147
888.960 767.896 607.752 147 147 147
890.834 769.647 611.945 147 147 147
893.293 771.945 611.945 147 147 147
899.439 777.686 620.194 147 147 147
904.397 782.319 614.647 147 147 147
909.280 786.881 600.993 147 147 147
910.500 788.020 600.993 147 147 147
917.270 794.346 585.847 147 147 147
916.046 793.202 580.371 147 147 147
923.963 800.599 562.660 147 147 147
926.411 802.886 562.660 147 147 147
928.279 804.632 558.481 147 147 147
928.279 804.632 553.012 147 147 147
933.167 809.198 544.812 147 147 147
934.989 810.900 538.017 147 147 147
937.427 813.178 538.017 147 147 147
939.295 814.923 533.838 147 147 147
939.295 814.923 528.369 147 147 147
944.182 819.489 520.169 147 147 147
946.005 821.192 513.374 147 147 147
948.443 823.470 513.374 147 147 147
950.311 825.215 509.195 147 147 147
950.311 825.215 500.981 147 147 147
957.011 831.475 485.993 147 147 147
961.822 835.970 485.993 147 147 147
970.390 843.974 507.898 147 147 147
972.847 846.270 507.898 147 147 147
977.715 850.818 516.065 147 147 147
981.387 854.249 527.018 147 147 147
986.311 858.849 535.279 147 147 147
988.752 861.130 535.279 147 147 147
990.556 862.815 539.314 147 147 147
990.556 862.815 544.794 147 147 147
999.132 870.827 561.238 147 147 147
1000.970 872.545 568.091 147 147 147
1007.094 878.266 576.311 147 147 147
1016.901 887.429 600.993 147 147 147
1018.130 888.577 600.993 147 147 147
1030.370 900.012 625.636 147 147 147
1032.822 902.303 625.636 147 147 147
1037.690 906.851 633.803 147 147 147
1041.397 910.315 644.862 147 147 147
1043.854 912.610 642.114 147 147 147
1047.518 916.033 650.312 147 147 147
1051.190 919.464 647.574 147 147 147
1052.399 920.594 650.279 147 147 147
1057.377 925.244 650.279 147 147 147
1058.583 926.371 647.581 147 147 147
1064.669 932.057 653.027 147 147 147
1070.767 937.755 650.298 147 147 147
1071.983 938.890 653.017 147 147 147
1074.513 941.254 653.017 147 147 147
1075.696 942.359 650.370 147 147 147
1076.879 943.464 653.017 147 147 147
1081.856 948.115 653.017 147 147 147
1083.039 949.220 650.370 147 147 147
1084.222 950.326 653.017 147 147 147
1094.014 959.474 653.017 147 147 147
1095.279 960.656 655.846 147 147 147
1102.084 967.013 640.623 147 147 147
1102.084 967.013 604.972 147 147 147
1097.188 962.439 594.019 147 147 147
1097.188 962.439 580.329 147 147 147
1093.516 959.009 572.115 147 147 147
1093.516 959.009 566.639 147 147 147
1091.667 957.281 562.502 147 147 147
1081.850 948.109 546.031 147 147 147
1079.394 945.814 546.031 147 147 147
1074.527 941.268 540.588 147 147 147
1070.855 937.837 532.374 147 147 147
1065.930 933.235 526.864 147 147 147
1062.262 929.808 526.864 147 147 147
1056.098 924.049 518.591 147 147 147
1054.874 922.906 521.329 147 147 147
1048.788 917.220 513.160 147 147 147
1042.668 911.502 515.898 147 147 147
1036.561 905.797 507.702 147 147 147
1016.980 887.502 504.964 147 147 147
1013.261 884.028 499.418 147 147 147
1012.008 882.857 502.221 147 147 147
1005.961 877.208 502.221 147 147 147
1002.245 873.736 496.680 147 147 147
1000.992 872.565 499.483 147 147 147
991.282 863.494 499.483 147 147 147
990.058 862.350 496.745 147 147 147
983.935 856.629 496.745 147 147 147
975.367 848.624 480.317 147 147 147
972.923 846.341 480.317 147 147 147
971.119 844.655 476.281 147 147 147
971.119 844.655 468.067 147 147 147
969.251 842.910 463.888 147 147 147
966.798 840.618 463.888 147 147 147
960.678 834.901 452.936 147 147 147
958.235 832.618 452.936 147 147 147
956.992 831.457 450.155 147 147 147
959.445 832.380 744.552 147 147 147
942.288 816.351 780.190 147 147 147
939.232 813.495 789.764 147 147 147
936.160 810.626 793.887 147 147 147
936.160 810.626 802.115 147 147 147
934.923 809.470 804.881 147 147 147
936.804 811.227 809.088 147 147 147
941.767 815.864 809.088 147 147 147
944.170 818.109 806.400 147 147 147
945.372 819.232 809.088 147 147 147
949.126 822.739 809.088 147 147 147
950.350 823.883 806.350 147 147 147
955.179 828.394 806.350 147 147 147
957.671 830.723 809.138 147 147 147
958.917 831.887 806.350 147 147 147
965.037 837.605 806.350 147 147 147
966.220 838.710 803.704 147 147 147
967.409 839.821 806.362 147 147 147
977.217 848.984 803.619 147 147 147
979.703 851.307 806.400 147 147 147
980.949 852.471 803.612 147 147 147
987.069 858.189 803.612 147 147 147
988.271 859.311 800.924 147 147 147
990.719 861.598 803.662 147 147 147
992.622 863.376 799.405 147 147 147
991.398 862.233 796.667 147 147 147
992.630 863.384 793.910 147 147 147
987.086 858.205 787.021 147 147 147
976.034 847.879 759.549 147 147 147
973.591 845.597 762.281 147 147 147
969.955 842.199 751.435 147 147 147
965.026 837.594 743.165 147 147 147
958.762 833.111 744.552 147 147 147
941.606 817.082 780.190 147 147 147
938.549 814.226 789.764 147 147 147
935.477 811.356 793.887 147 147 147
935.477 811.356 802.115 147 147 147
934.241 810.201 804.881 147 147 147
936.121 811.958 809.088 147 147 147
941.084 816.595 809.088 147 147 147
943.488 818.840 806.400 147 147 147
944.689 819.963 809.088 147 147 147
948.443 823.470 809.088 147 147 147
949.667 824.613 806.350 147 147 147
954.496 829.125 806.350 147 147 147
956.988 831.454 809.138 147 147 147
958.235 832.618 806.350 147 147 147
964.355 838.336 806.350 147 147 147
965.538 839.441 803.704 147 147 147
966.726 840.551 806.362 147 147 147
976.534 849.715 803.619 147 147 147
979.020 852.037 806.400 147 147 147
980.266 853.202 803.612 147 147 147
986.386 858.919 803.612 147 147 147
987.588 860.042 800.924 147 147 147
990.036 862.329 803.662 147 147 147
991.939 864.107 799.405 147 147 147
990.715 862.964 796.667 147 147 147
991.947 864.115 793.910 147 147 147
986.403 858.935 787.021 147 147 147
975.351 848.610 759.549 147 147 147
972.909 846.327 762.281 147 147 147
969.272 842.930 751.435 147 147 147
964.343 838.325 743.165 147 147 147
959.445 832.380 744.552 147 147 147
942.288 816.351 780.190 147 147 147
939.232 813.495 789.764 147 147 147
936.160 810.626 793.887 147 147 147
936.160 810.626 802.115 147 147 147
934.923 809.470 804.881 147 147 147
936.804 811.227 809.088 147 147 147
941.767 815.864 809.088 147 147 147
944.170 818.109 806.400 147 147 147
945.372 819.232 809.088 147 147 147
949.126 822.739 809.088 147 147 147
950.350 823.883 806.350 147 147 147
955.179 828.394 806.350 147 147 147
957.671 830.723 809.138 147 147 147
958.917 831.887 806.350 147 147 147
965.037 837.605 806.350 147 147 147
966.220 838.710 803.704 147 147 147
967.409 839.821 806.362 147 147 147
977.217 848.984 803.619 147 147 147
979.703 851.307 806.400 147 147 147
980.949 852.471 803.612 147 147 147
987.069 858.189 803.612 147 147 147
988.271 859.311 800.924 147 147 147
990.719 861.598 803.662 147 147 147
992.622 863.376 799.405 147 147 147
991.398 862.233 796.667 147 147 147
992.630 863.384 793.910 147 147 147
987.086 858.205 787.021 147 147 147
976.034 847.879 759.549 147 147 147
973.591 845.597 762.281 147 147 147
969.955 842.199 751.435 147 147 147
965.026 837.594 743.165 147 147 147
958.762 833.111 744.552 147 147 147
941.606 817.082 780.190 147 147 147
938.549 814.226 789.764 147 147 147
935.477 811.356 793.887 147 147 147
935.477 811.356 802.115 147 147 147
934.241 810.201 804.881 147 147 147
936.121 811.958 809.088 147 147 147
941.084 816.595 809.088 147 147 147
943.488 818.840 806.400 147 147 147
944.689 819.963 809.088 147 147 147
948.443 823.470 809.088 147 147 147
949.667 824.613 806.350 147 147 147
954.496 829.125 806.350 147 147 147
956.988 831.454 809.138 147 147 147
958.235 832.618 806.350 147 147 147
964.355 838.336 806.350 147 147 147
965.538 839.441 803.704 147 147 147
966.726 840.551 806.362 147 147 147
976.534 849.715 803.619 147 147 147
979.020 852.037 806.400 147 147 147
980.266 853.202 803.612 147 147 147
986.386 858.919 803.612 147 147 147
987.588 860.042 800.924 147 147 147
990.036 862.329 803.662 147 147 147
991.939 864.107 799.405 147 147 147
990.715 862.964 796.667 147 147 147
991.947 864.115 793.910 147 147 147
986.403 858.935 787.021 147 147 147
975.351 848.610 759.549 147 147 147
972.909 846.327 762.281 147 147 147
969.272 842.930 751.435 147 147 147
964.343 838.325 743.165 147 147 147
934.354 808.939 296.868 147 147 147
933.132 807.797 299.602 147 147 147
911.120 787.231 299.602 147 147 147
905.000 781.513 305.079 147 147 147
887.854 765.494 305.079 147 147 147
884.207 762.087 310.518 147 147 147
881.792 759.831 307.817 147 147 147
876.829 755.194 307.817 147 147 147
875.600 754.046 310.567 147 147 147
867.032 746.041 313.305 147 147 147
865.813 744.902 316.031 147 147 147
851.126 731.180 316.031 147 147 147
848.678 728.893 321.507 147 147 147
846.230 726.606 321.507 147 147 147
845.006 725.462 324.245 147 147 147
835.234 716.333 324.245 147 147 147
825.443 707.185 332.460 147 147 147
816.869 699.175 332.460 147 147 147
811.966 694.594 337.944 147 147 147
803.393 686.584 340.683 147 147 147
799.728 683.160 346.150 147 147 147
797.271 680.864 346.150 147 147 147
795.390 679.107 350.357 147 147 147
796.627 680.263 353.123 147 147 147
796.627 680.263 380.518 147 147 147
799.760 683.190 384.723 147 147 147
805.909 688.935 376.469 147 147 147
818.154 700.375 376.469 147 147 147
823.050 704.949 368.255 147 147 147
830.382 711.800 368.255 147 147 147
838.950 719.804 360.040 147 147 147
847.536 727.826 360.040 147 147 147
849.984 730.113 354.564 147 147 147
856.103 735.831 354.564 147 147 147
857.327 736.974 351.826 147 147 147
872.015 750.697 351.826 147 147 147
875.687 754.127 343.612 147 147 147
894.026 771.261 343.612 147 147 147
903.818 780.409 335.398 147 147 147
914.854 790.720 335.398 147 147 147
916.080 791.865 332.657 147 147 147
955.247 828.458 329.919 147 147 147
956.470 829.600 327.183 147 147 147
960.141 833.031 327.183 147 147 147
962.010 834.776 323.004 147 147 147
962.010 834.776 312.052 147 147 147
964.457 837.063 306.576 147 147 147
964.457 837.063 298.305 147 147 147
962.588 835.316 294.122 147 147 147
933.672 809.669 296.868 147 147 147
932.449 808.527 299.602 147 147 147
910.437 787.962 299.602 147 147 147
904.317 782.244 305.079 147 147 147
887.171 766.225 305.079 147 147 147
883.524 762.818 310.518 147 147 147
881.109 760.562 307.817 147 147 147
876.146 755.925 307.817 147 147 147
874.917 754.776 310.567 147 147 147
866.349 746.772 313.305 147 147 147
865.131 745.633 316.031 147 147 147
850.443 731.911 316.031 147 147 147
847.995 729.624 321.507 147 147 147
845.547 727.337 321.507 147 147 147
844.323 726.193 324.245 147 147 147
834.552 717.064 324.245 147 147 147
824.760 707.915 332.460 147 147 147
816.187 699.906 332.460 147 147 147
811.284 695.325 337.944 147 147 147
802.710 687.315 340.683 147 147 147
799.045 683.891 346.150 147 147 147
796.588 681.595 346.150 147 147 147
794.707 679.838 350.357 147 147 147
795.944 680.993 353.123 147 147 147
795.944 680.993 380.518 147 147 147
799.077 683.921 384.723 147 147 147
805.227 689.666 376.469 147 147 147
817.471 701.106 376.469 147 147 147
822.367 705.680 368.255 147 147 147
829.699 712.530 368.255 147 147 147
838.267 720.535 360.040 147 147 147
846.853 728.557 360.040 147 147 147
849.301 730.844 354.564 147 147 147
855.421 736.561 354.564 147 147 147
856.645 737.705 351.826 147 147 147
871.332 751.427 351.826 147 147 147
875.004 754.858 343.612 147 147 147
893.344 771.992 343.612 147 147 147
903.136 781.140 335.398 147 147 147
914.172 791.451 335.398 147 147 147
915.397 792.596 332.657 147 147 147
954.564 829.189 329.919 147 147 147
955.787 830.331 327.183 147 147 147
959.459 833.762 327.183 147 147 147
961.327 835.507 323.004 147 147 147
961.327 835.507 312.052 147 147 147
963.775 837.794 306.576 147 147 147
963.775 837.794 298.305 147 147 147
961.905 836.047 294.122 147 147 147
934.354 808.939 296.868 147 147 147
933.132 807.797 299.602 147 147 147
911.120 787.231 299.602 147 147 147
905.000 781.513 305.079 147 147 147
887.854 765.494 305.079 147 147 147
884.207 762.087 310.518 147 147 147
881.792 759.831 307.817 147 147 147
876.829 755.194 307.817 147 147 147
875.600 754.046 310.567 147 147 147
867.032 746.041 313.305 147 147 147
865.813 744.902 316.031 147 147 147
851.126 731.180 316.031 147 147 147
848.678 728.893 321.507 147 147 147
846.230 726.606 321.507 147 147 147
845.006 725.462 324.245 147 147 147
835.234 716.333 324.245 147 147 147
825.443 707.185 332.460 147 147 147
816.869 699.175 332.460 147 147 147
811.966 694.594 337.944 147 147 147
803.393 686.584 340.683 147 147 147
799.728 683.160 346.150 147 147 147
797.271 680.864 346.150 147 147 147
795.390 679.107 350.357 147 147 147
796.627 680.263 353.123 147 147 147
796.627 680.263 380.518 147 147 147
799.760 683.190 384.723 147 147 147
805.909 688.935 376.469 147 147 147
818.154 700.375 376.469 147 147 147
823.050 704.949 368.255 147 147 147
830.382 711.800 368.255 147 147 147
838.950 719.804 360.040 147 147 147
847.536 727.826 360.040 147 147 147
849.984 730.113 354.564 147 147 147
856.103 735.831 354.564 147 147 147
857.327 736.974 351.826 147 147 147
872.015 750.697 351.826 147 147 147
875.687 754.127 343.612 147 147 147
894.026 771.261 343.612 147 147 147
903.818 780.409 335.398 147 147 147
914.854 790.720 335.398 147 147 147
916.080 791.865 332.657 147 147 147
955.247 828.458 329.919 147 147 147
956.470 829.600 327.183 147 147 147
960.141 833.031 327.183 147 147 147
962.010 834.776 323.004 147 147 147
962.010 834.776 312.052 147 147 147
964.457 837.063 306.576 147 147 147
964.457 837.063 298.305 147 147 147
962.588 835.316 294.122 147 147 147
933.672 809.669 296.868 147 147 147
932.449 808.527 299.602 147 147 147
910.437 787.962 299.602 147 147 147
904.317 782.244 305.079 147 147 147
887.171 766.225 305.079 147 147 147
883.524 762.818 310.518 147 147 147
881.109 760.562 307.817 147 147 147
876.146 755.925 307.817 147 147 147
874.917 754.776 310.567 147 147 147
866.349 746.772 313.305 147 147 147
865.131 745.633 316.031 147 147 147
850.443 731.911 316.031 147 147 147
847.995 729.624 321.507 147 147 147
845.547 727.337 321.507 147 147 147
844.323 726.193 324.245 147 147 147
834.552 717.064 324.245 147 147 147
824.760 707.915 332.460 147 147 147
816.187 699.906 332.460 147 147 147
811.284 695.325 337.944 147 147 147
802.710 687.315 340.683 147 147 147
799.045 683.891 346.150 147 147 147
796.588 681.595 346.150 147 147 147
794.707 679.838 350.357 147 147 147
795.944 680.993 353.123 147 147 147
795.944 680.993 380.518 147 147 147
799.077 683.921 384.723 147 147 147
805.227 689.666 376.469 147 147 147
817.471 701.106 376.469 147 147 147
822.367 705.680 368.255 147 147 147
829.699 712.530 368.255 147 147 147
838.267 720.535 360.040 147 147 147
846.853 728.557 360.040 147 147 147
849.301 730.844 354.564 147 147 147
855.421 736.561 354.564 147 147 147
856.645 737.705 351.826 147 147 147
871.332 751.427 351.826 147 147 147
875.004 754.858 343.612 147 147 147
893.344 771.992 343.612 147 147 147
903.136 781.140 335.398 147 147 147
914.172 791.451 335.398 147 147 147
915.397 792.596 332.657 147 147 147
954.564 829.189 329.919 147 147 147
955.787 830.331 327.183 147 147 147
959.459 833.762 327.183 147 147 147
961.327 835.507 323.004 147 147 147
961.327 835.507 312.052 147 147 147
963.775 837.794 306.576 147 147 147
963.775 837.794 298.305 147 147 147
961.905 836.047 294.122 147 147 147
824.052 1928.808 235.314 147 147 147
821.799 1926.534 243.553 147 147 147
821.799 1926.534 249.021 147 147 147
819.554 1924.266 254.497 147 147 147
819.554 1924.266 295.622 147 147 147
821.799 1926.534 301.098 147 147 147
821.799 1926.534 306.566 147 147 147
824.052 1928.808 314.805 147 147 147
832.481 1937.321 335.363 147 147 147
839.218 1944.124 343.577 147 147 147
842.585 1947.524 351.788 147 147 147
850.472 1955.489 362.779 147 147 147
852.714 1957.754 362.779 147 147 147
856.126 1961.199 368.325 147 147 147
857.255 1962.340 365.571 147 147 147
863.981 1969.132 373.771 147 147 147
870.742 1975.960 362.779 147 147 147
874.111 1979.361 362.779 147 147 147
890.953 1996.369 335.398 147 147 147
894.324 1999.774 335.398 147 147 147
899.420 2004.921 325.732 147 147 147
897.712 2003.196 318.790 147 147 147
892.091 1997.519 316.048 147 147 147
888.715 1994.110 307.817 147 147 147
886.470 1991.843 307.817 147 147 147
878.072 1983.362 287.337 147 147 147
875.833 1981.101 279.148 147 147 147
875.833 1981.101 251.759 147 147 147
874.721 1979.977 249.045 147 147 147
884.243 1989.594 223.090 147 147 147
888.722 1994.117 214.898 147 147 147
892.095 1997.523 212.157 147 147 147
896.589 2002.062 201.196 147 147 147
910.063 2015.668 184.767 147 147 147
912.896 2018.530 177.857 147 147 147
911.170 2016.786 173.648 147 147 147
866.178 1971.350 176.391 147 147 147
865.056 1970.217 179.126 147 147 147
848.223 1953.218 179.126 147 147 147
844.829 1949.791 184.644 147 147 147
823.341 1929.512 235.314 147 147 147
821.089 1927.237 243.553 147 147 147
821.089 1927.237 249.021 147 147 147
818.843 1924.969 254.497 147 147 147
818.843 1924.969 295.622 147 147 147
821.089 1927.237 301.098 147 147 147
821.089 1927.237 306.566 147 147 147
823.341 1929.512 314.805 147 147 147
831.771 1938.025 335.363 147 147 147
838.507 1944.828 343.577 147 147 147
841.874 1948.228 351.788 147 147 147
849.761 1956.193 362.779 147 147 147
852.004 1958.457 362.779 147 147 147
855.415 1961.903 368.325 147 147 147
856.545 1963.043 365.571 147 147 147
863.270 1969.835 373.771 147 147 147
870.032 1976.664 362.779 147 147 147
873.400 1980.065 362.779 147 147 147
890.242 1997.073 335.398 147 147 147
893.614 2000.478 335.398 147 147 147
898.710 2005.624 325.732 147 147 147
897.002 2003.900 318.790 147 147 147
891.380 1998.223 316.048 147 147 147
888.005 1994.814 307.817 147 147 147
885.759 1992.546 307.817 147 147 147
877.362 1984.066 287.337 147 147 147
875.123 1981.805 279.148 147 147 147
875.123 1981.805 251.759 147 147 147
874.010 1980.681 249.045 147 147 147
883.533 1990.298 223.090 147 147 147
888.012 1994.821 214.898 147 147 147
891.384 1998.226 212.157 147 147 147
895.879 2002.765 201.196 147 147 147
909.352 2016.372 184.767 147 147 147
912.186 2019.233 177.857 147 147 147
910.460 2017.490 173.648 147 147 147
865.467 1972.054 176.391 147 147 147
864.346 1970.921 179.126 147 147 147
847.512 1953.922 179.126 147 147 147
844.119 1950.494 184.644 147 147 147
824.052 1928.808 235.314 147 147 147
821.799 1926.534 243.553 147 147 147
821.799 1926.534 249.021 147 147 147
819.554 1924.266 254.497 147 147 147
819.554 1924.266 295.622 147 147 147
821.799 1926.534 301.098 147 147 147
821.799 1926.534 306.566 147 147 147
824.052 1928.808 314.805 147 147 147
832.481 1937.321 335.363 147 147 147
839.218 1944.124 343.577 147 147 147
842.585 1947.524 351.788 147 147 147
850.472 1955.489 362.779 147 147 147
852.714 1957.754 362.779 147 147 147
856.126 1961.199 368.325 147 147 147
857.255 1962.340 365.571 147 147 147
863.981 1969.132 373.771 147 147 147
870.742 1975.960 362.779 147 147 147
874.111 1979.361 362.779 147 147 147
890.953 1996.369 335.398 147 147 147
894.324 1999.774 335.398 147 147 147
899.420 2004.921 325.732 147 147 147
897.712 2003.196 318.790 147 147 147
892.091 1997.519 316.048 147 147 147
888.715 1994.110 307.817 147 147 147
886.470 1991.843 307.817 147 147 147
878.072 1983.362 287.337 147 147 147
875.833 1981.101 279.148 147 147 147
875.833 1981.101 251.759 147 147 147
874.721 1979.977 249.045 147 147 147
884.243 1989.594 223.090 147 147 147
888.722 1994.117 214.898 147 147 147
892.095 1997.523 212.157 147 147 147
896.589 2002.062 201.196 147 147 147
910.063 2015.668 184.767 147 147 147
912.896 2018.530 177.857 147 147 147
911.170 2016.786 173.648 147 147 147
866.178 1971.350 176.391 147 147 147
865.056 1970.217 179.126 147 147 147
848.223 1953.218 179.126 147 147 147
844.829 1949.791 184.644 147 147 147
823.341 1929.512 235.314 147 147 147
821.089 1927.237 243.553 147 147 147
821.089 1927.237 249.021 147 147 147
818.843 1924.969 254.497 147 147 147
818.843 1924.969 295.622 147 147 147
821.089 1927.237 301.098 147 147 147
821.089 1927.237 306.566 147 147 147
823.341 1929.512 314.805 147 147 147
831.771 1938.025 335.363 147 147 147
838.507 1944.828 343.577 147 147 147
841.874 1948.228 351.788 147 147 147
849.761 1956.193 362.779 147 147 147
852.004 1958.457 362.779 147 147 147
855.415 1961.903 368.325 147 147 147
856.545 1963.043 365.571 147 147 147
863.270 1969.835 373.771 147 147 147
870.032 1976.664 362.779 147 147 147
873.400 1980.065 362.779 147 147 147
890.242 1997.073 335.398 147 147 147
893.614 2000.478 335.398 147 147 147
898.710 2005.624 325.732 147 147 147
897.002 2003.900 318.790 147 147 147
891.380 1998.223 316.048 147 147 147
888.005 1994.814 307.817 147 147 147
885.759 1992.546 307.817 147 147 147
877.362 1984.066 287.337 147 147 147
875.123 1981.805 279.148 147 147 147
875.123 1981.805 251.759 147 147 147
874.010 1980.681 249.045 147 147 147
883.533 1990.298 223.090 147 147 147
888.012 1994.821 214.898 147 147 147
891.384 1998.226 212.157 147 147 147
895.879 2002.765 201.196 147 147 147
909.352 2016.372 184.767 147 147 147
912.186 2019.233 177.857 147 147 147
910.460 2017.490 173.648 147 147 147
865.467 1972.054 176.391 147 147 147
864.346 1970.921 179.126 147 147 147
847.512 1953.922 179.126 147 147 147
844.119 1950.494 184.644 147 147 147
827.415 1932.205 416.098 147 147 147
829.655 1934.467 435.219 147 147 147
826.882 1931.666 441.983 147 147 147
824.643 1929.406 441.983 147 147 147
820.651 1925.374 448.937 147 147 147
825.815 1930.589 455.934 147 147 147
826.922 1931.707 453.234 147 147 147
828.004 1932.800 455.874 147 147 147
833.618 1938.469 455.874 147 147 147
834.735 1939.597 458.597 147 147 147
841.472 1946.400 461.335 147 147 147
845.958 1950.931 472.276 147 147 147
849.322 1954.328 475.011 147 147 147
855.483 1960.549 495.497 147 147 147
855.483 1960.549 528.306 147 147 147
853.237 1958.282 533.783 147 147 147
853.237 1958.282 544.741 147 147 147
840.889 1945.812 585.804 147 147 147
839.768 1944.679 594.009 147 147 147
829.667 1934.479 615.905 147 147 147
826.875 1931.660 625.436 147 147 147
825.761 1930.534 625.436 147 147 147
812.810 1917.455 654.273 147 147 147
814.522 1919.184 661.231 147 147 147
822.471 1927.212 661.231 147 147 147
823.594 1928.346 658.493 147 147 147
829.208 1934.016 658.493 147 147 147
830.309 1935.127 655.809 147 147 147
832.531 1937.371 658.519 147 147 147
838.127 1943.023 653.060 147 147 147
839.273 1944.179 655.853 147 147 147
840.395 1945.313 653.115 147 147 147
843.755 1948.706 661.309 147 147 147
857.284 1962.369 636.565 147 147 147
860.657 1965.775 633.824 147 147 147
864.025 1969.176 625.609 147 147 147
867.393 1972.577 622.872 147 147 147
892.675 1998.109 563.957 147 147 147
892.675 1998.109 561.217 147 147 147
899.405 2004.905 544.805 147 147 147
906.149 2011.715 520.138 147 147 147
906.149 2011.715 514.670 147 147 147
908.394 2013.983 509.194 147 147 147
908.394 2013.983 498.241 147 147 147
910.640 2016.251 492.765 147 147 147
910.640 2016.251 470.806 147 147 147
908.394 2013.983 465.330 147 147 147
908.394 2013.983 457.118 147 147 147
896.577 2002.049 425.555 147 147 147
895.452 2000.913 425.555 147 147 147
889.798 1995.203 411.766 147 147 147
888.664 1994.058 414.532 147 147 147
878.613 1983.908 398.192 147 147 147
861.771 1966.900 387.239 147 147 147
858.401 1963.496 381.759 147 147 147
852.794 1957.834 379.025 147 147 147
851.664 1956.693 376.269 147 147 147
846.035 1951.009 376.269 147 147 147
841.533 1946.463 370.780 147 147 147
838.669 1943.570 372.177 147 147 147
822.912 1927.657 399.625 147 147 147
826.705 1932.909 416.098 147 147 147
828.945 1935.171 435.219 147 147 147
826.171 1932.370 441.983 147 147 147
823.933 1930.109 441.983 147 147 147
819.940 1926.078 448.937 147 147 147
825.105 1931.293 455.934 147 147 147
826.211 1932.411 453.234 147 147 147
827.294 1933.504 455.874 147 147 147
832.908 1939.173 455.874 147 147 147
834.024 1940.301 458.597 147 147 147
840.761 1947.104 461.335 147 147 147
845.247 1951.634 472.276 147 147 147
848.612 1955.032 475.011 147 147 147
854.772 1961.253 495.497 147 147 147
854.772 1961.253 528.306 147 147 147
852.526 1958.985 533.783 147 147 147
852.526 1958.985 544.741 147 147 147
840.179 1946.516 585.804 147 147 147
839.057 1945.383 594.009 147 147 147
828.956 1935.182 615.905 147 147 147
826.165 1932.363 625.436 147 147 147
825.050 1931.238 625.436 147 147 147
812.099 1918.159 654.273 147 147 147
813.811 1919.888 661.231 147 147 147
821.761 1927.916 661.231 147 147 147
822.884 1929.050 658.493 147 147 147
828.497 1934.719 658.493 147 147 147
829.598 1935.831 655.809 147 147 147
831.821 1938.075 658.519 147 147 147
837.417 1943.726 653.060 147 147 147
838.562 1944.883 655.853 147 147 147
839.685 1946.017 653.115 147 147 147
843.045 1949.410 661.309 147 147 147
856.574 1963.072 636.565 147 147 147
859.946 1966.478 633.824 147 147 147
863.315 1969.880 625.609 147 147 147
866.682 1973.281 622.872 147 147 147
891.965 1998.813 563.957 147 147 147
891.965 1998.813 561.217 147 147 147
898.695 2005.609 544.805 147 147 147
905.438 2012.419 520.138 147 147 147
905.438 2012.419 514.670 147 147 147
907.684 2014.687 509.194 147 147 147
907.684 2014.687 498.241 147 147 147
909.929 2016.954 492.765 147 147 147
909.929 2016.954 470.806 147 147 147
907.684 2014.687 465.330 147 147 147
907.684 2014.687 457.118 147 147 147
895.866 2002.753 425.555 147 147 147
894.742 2001.617 425.555 147 147 147
889.087 1995.907 411.766 147 147 147
887.953 1994.761 414.532 147 147 147
877.902 1984.612 398.192 147 147 147
861.061 1967.604 387.239 147 147 147
857.690 1964.200 381.759 147 147 147
852.083 1958.538 379.025 147 147 147
850.953 1957.396 376.269 147 147 147
845.325 1951.713 376.269 147 147 147
840.823 1947.166 370.780 147 147 147
837.959 1944.274 372.177 147 147 147
822.201 1928.361 399.625 147 147 147
827.415 1932.205 416.098 147 147 147
829.655 1934.467 435.219 147 147 147
826.882 1931.666 441.983 147 147 147
824.643 1929.406 441.983 147 147 147
820.651 1925.374 448.937 147 147 147
825.815 1930.589 455.934 147 147 147
826.922 1931.707 453.234 147 147 147
828.004 1932.800 455.874 147 147 147
833.618 1938.469 455.874 147 147 147
834.735 1939.597 458.597 147 147 147
841.472 1946.400 461.335 147 147 147
845.958 1950.931 472.276 147 147 147
849.322 1954.328 475.011 147 147 147
855.483 1960.549 495.497 147 147 147
855.483 1960.549 528.306 147 147 147
853.237 1958.282 533.783 147 147 147
853.237 1958.282 544.741 147 147 147
840.889 1945.812 585.804 147 147 147
839.768 1944.679 594.009 147 147 147
829.667 1934.479 615.905 147 147 147
826.875 1931.660 625.436 147 147 147
825.761 1930.534 625.436 147 147 147
812.810 1917.455 654.273 147 147 147
814.522 1919.184 661.231 147 147 147
822.471 1927.212 661.231 147 147 147
823.594 1928.346 658.493 147 147 147
829.208 1934.016 658.493 147 147 147
830.309 1935.127 655.809 147 147 147
832.531 1937.371 658.519 147 147 147
838.127 1943.023 653.060 147 147 147
839.273 1944.179 655.853 147 147 147
840.395 1945.313 653.115 147 147 147
843.755 1948.706 661.309 147 147 147
857.284 1962.369 636.565 147 147 147
860.657 1965.775 633.824 147 147 147
864.025 1969.176 625.609 147 147 147
867.393 1972.577 622.872 147 147 147
892.675 1998.109 563.957 147 147 147
892.675 1998.109 561.217 147 147 147
899.405 2004.905 544.805 147 147 147
906.149 2011.715 520.138 147 147 147
906.149 2011.715 514.670 147 147 147
908.394 2013.983 509.194 147 147 147
908.394 2013.983 498.241 147 147 147
910.640 2016.251 492.765 147 147 147
910.640 2016.251 470.806 147 147 147
908.394 2013.983 465.330 147 147 147
908.394 2013.983 457.118 147 147 147
896.577 2002.049 425.555 147 147 147
895.452 2000.913 425.555 147 147 147
889.798 1995.203 411.766 147 147 147
888.664 1994.058 414.532 147 147 147
878.613 1983.908 398.192 147 147 147
861.771 1966.900 387.239 147 147 147
858.401 1963.496 381.759 147 147 147
852.794 1957.834 379.025 147 147 147
851.664 1956.693 376.269 147 147 147
846.035 1951.009 376.269 147 147 147
841.533 1946.463 370.780 147 147 147
838.669 1943.570 372.177 147 147 147
822.912 1927.657 399.625 147 147 147
826.705 1932.909 416.098 147 147 147
828.945 1935.171 435.219 147 147 147
826.171 1932.370 441.983 147 147 147
823.933 1930.109 441.983 147 147 147
819.940 1926.078 448.937 147 147 147
825.105 1931.293 455.934 147 147 147
826.211 1932.411 453.234 147 147 147
827.294 1933.504 455.874 147 147 147
832.908 1939.173 455.874 147 147 147
834.024 1940.301 458.597 147 147 147
840.761 1947.104 461.335 147 147 147
845.247 1951.634 472.276 147 147 147
848.612 1955.032 475.011 147 147 147
854.772 1961.253 495.497 147 147 147
854.772 1961.253 528.306 147 147 147
852.526 1958.985 533.783 147 147 147
852.526 1958.985 544.741 147 147 147
840.179 1946.516 585.804 147 147 147
839.057 1945.383 594.009 147 147 147
828.956 1935.182 615.905 147 147 147
826.165 1932.363 625.436 147 147 147
825.050 1931.238 625.436 147 147 147
812.099 1918.159 654.273 147 147 147
813.811 1919.888 661.231 147 147 147
821.761 1927.916 661.231 147 147 147
822.884 1929.050 658.493 147 147 147
828.497 1934.719 658.493 147 147 147
829.598 1935.831 655.809 147 147 147
831.821 1938.075 658.519 147 147 147
837.417 1943.726 653.060 147 147 147
838.562 1944.883 655.853 147 147 147
839.685 1946.017 653.115 147 147 147
843.045 1949.410 661.309 147 147 147
856.574 1963.072 636.565 147 147 147
859.946 1966.478 633.824 147 147 147
863.315 1969.880 625.609 147 147 147
866.682 1973.281 622.872 147 147 147
891.965 1998.813 563.957 147 147 147
891.965 1998.813 561.217 147 147 147
898.695 2005.609 544.805 147 147 147
905.438 2012.419 520.138 147 147 147
905.438 2012.419 514.670 147 147 147
907.684 2014.687 509.194 147 147 147
907.684 2014.687 498.241 147 147 147
909.929 2016.954 492.765 147 147 147
909.929 2016.954 470.806 147 147 147
907.684 2014.687 465.330 147 147 147
907.684 2014.687 457.118 147 147 147
895.866 2002.753 425.555 147 147 147
894.742 2001.617 425.555 147 147 147
889.087 1995.907 411.766 147 147 147
887.953 1994.761 414.532 147 147 147
877.902 1984.612 398.192 147 147 147
861.061 1967.604 387.239 147 147 147
857.690 1964.200 381.759 147 147 147
852.083 1958.538 379.025 147 147 147
850.953 1957.396 376.269 147 147 147
845.325 1951.713 376.269 147 147 147
840.823 1947.166 370.780 147 147 147
837.959 1944.274 372.177 147 147 147
822.201 1928.361 399.625 147 147 147
740.508 1844.440 261.469 147 147 147
741.631 1845.574 258.731 147 147 147
747.245 1851.244 258.731 147 147 147
748.371 1852.381 255.984 147 147 147
760.722 1864.853 253.246 147 147 147
761.841 1865.984 250.517 147 147 147
767.455 1871.653 250.517 147 147 147
768.578 1872.787 247.779 147 147 147
774.192 1878.456 247.779 147 147 147
775.315 1879.590 245.040 147 147 147
779.806 1884.126 245.040 147 147 147
780.932 1885.263 242.294 147 147 147
793.283 1897.735 239.556 147 147 147
794.402 1898.866 236.826 147 147 147
798.893 1903.401 236.826 147 147 147
800.016 1904.535 234.088 147 147 147
802.180 1906.721 234.088 147 147 147
803.348 1907.900 236.936 147 147 147
810.712 1915.337 216.214 147 147 147
810.712 1915.337 210.733 147 147 147
812.950 1917.597 202.547 147 147 147
820.830 1925.555 186.076 147 147 147
819.101 1923.808 181.859 147 147 147
740.421 1844.352 192.823 147 147 147
736.468 1840.360 205.216 147 147 147
736.468 1840.360 257.289 147 147 147
738.182 1842.091 261.469 147 147 147
739.798 1845.144 261.469 147 147 147
740.920 1846.278 258.731 147 147 147
746.534 1851.947 258.731 147 147 147
747.661 1853.085 255.984 147 147 147
760.011 1865.557 253.246 147 147 147
761.131 1866.687 250.517 147 147 147
766.744 1872.357 250.517 147 147 147
767.867 1873.491 247.779 147 147 147
773.481 1879.160 247.779 147 147 147
774.604 1880.294 245.040 147 147 147
779.095 1884.829 245.040 147 147 147
780.221 1885.967 242.294 147 147 147
792.572 1898.439 239.556 147 147 147
793.691 1899.569 236.826 147 147 147
798.182 1904.105 236.826 147 147 147
799.305 1905.239 234.088 147 147 147
801.470 1907.425 234.088 147 147 147
802.637 1908.604 236.936 147 147 147
810.002 1916.041 216.214 147 147 147
810.002 1916.041 210.733 147 147 147
812.239 1918.301 202.547 147 147 147
820.119 1926.258 186.076 147 147 147
818.390 1924.512 181.859 147 147 147
739.710 1845.055 192.823 147 147 147
735.757 1841.064 205.216 147 147 147
735.757 1841.064 257.289 147 147 147
737.471 1842.795 261.469 147 147 147
740.508 1844.440 261.469 147 147 147
741.631 1845.574 258.731 147 147 147
747.245 1851.244 258.731 147 147 147
748.371 1852.381 255.984 147 147 147
760.722 1864.853 253.246 147 147 147
761.841 1865.984 250.517 147 147 147
767.455 1871.653 250.517 147 147 147
768.578 1872.787 247.779 147 147 147
774.192 1878.456 247.779 147 147 147
775.315 1879.590 245.040 147 147 147
779.806 1884.126 245.040 147 147 147
780.932 1885.263 242.294 147 147 147
793.283 1897.735 239.556 147 147 147
794.402 1898.866 236.826 147 147 147
798.893 1903.401 236.826 147 147 147
800.016 1904.535 234.088 147 147 147
802.180 1906.721 234.088 147 147 147
803.348 1907.900 236.936 147 147 147
810.712 1915.337 216.214 147 147 147
810.712 1915.337 210.733 147 147 147
812.950 1917.597 202.547 147 147 147
820.830 1925.555 186.076 147 147 147
819.101 1923.808 181.859 147 147 147
740.421 1844.352 192.823 147 147 147
736.468 1840.360 205.216 147 147 147
736.468 1840.360 257.289 147 147 147
738.182 1842.091 261.469 147 147 147
739.798 1845.144 261.469 147 147 147
740.920 1846.278 258.731 147 147 147
746.534 1851.947 258.731 147 147 147
747.661 1853.085 255.984 147 147 147
760.011 1865.557 253.246 147 147 147
761.131 1866.687 250.517 147 147 147
766.744 1872.357 250.517 147 147 147
767.867 1873.491 247.779 147 147 147
773.481 1879.160 247.779 147 147 147
774.604 1880.294 245.040 147 147 147
779.095 1884.829 245.040 147 147 147
780.221 1885.967 242.294 147 147 147
792.572 1898.439 239.556 147 147 147
793.691 1899.569 236.826 147 147 147
798.182 1904.105 236.826 147 147 147
799.305 1905.239 234.088 147 147 147
801.470 1907.425 234.088 147 147 147
802.637 1908.604 236.936 147 147 147
810.002 1916.041 216.214 147 147 147
810.002 1916.041 210.733 147 147 147
812.239 1918.301 202.547 147 147 147
820.119 1926.258 186.076 147 147 147
818.390 1924.512 181.859 147 147 147
739.710 1845.055 192.823 147 147 147
735.757 1841.064 205.216 147 147 147
735.757 1841.064 257.289 147 147 147
737.471 1842.795 261.469 147 147 147
762.330 1866.478 689.760 147 147 147
761.169 1865.305 692.592 147 147 147
761.169 1865.305 698.074 147 147 147
757.802 1861.905 709.021 147 147 147
755.557 1859.638 733.663 147 147 147
752.188 1856.236 744.617 147 147 147
751.065 1855.102 761.046 147 147 147
747.696 1851.699 772.003 147 147 147
747.696 1851.699 791.217 147 147 147
749.417 1853.437 795.415 147 147 147
756.226 1860.313 792.648 147 147 147
762.955 1867.109 781.707 147 147 147
766.329 1870.516 781.707 147 147 147
774.189 1878.453 765.279 147 147 147
777.560 1881.858 765.279 147 147 147
780.937 1885.268 757.043 147 147 147
785.425 1889.801 754.307 147 147 147
792.162 1896.604 740.616 147 147 147
796.652 1901.138 737.879 147 147 147
806.747 1911.333 718.731 147 147 147
808.998 1913.606 718.731 147 147 147
810.730 1915.356 714.506 147 147 147
805.617 1910.192 707.579 147 147 147
801.076 1905.606 707.579 147 147 147
795.462 1899.937 713.055 147 147 147
790.971 1895.401 713.055 147 147 147
785.357 1889.732 718.531 147 147 147
781.970 1886.312 718.531 147 147 147
780.862 1885.193 721.233 147 147 147
777.499 1881.796 718.499 147 147 147
770.788 1875.019 732.136 147 147 147
769.180 1873.395 728.214 147 147 147
771.415 1875.652 722.765 147 147 147
771.415 1875.652 717.281 147 147 147
773.669 1877.928 709.035 147 147 147
765.214 1869.390 691.166 147 147 147
761.620 1867.181 689.760 147 147 147
760.458 1866.009 692.592 147 147 147
760.458 1866.009 698.074 147 147 147
757.092 1862.609 709.021 147 147 147
754.846 1860.341 733.663 147 147 147
751.478 1856.939 744.617 147 147 147
750.355 1855.805 761.046 147 147 147
746.985 1852.402 772.003 147 147 147
746.985 1852.402 791.217 147 147 147
748.706 1854.141 795.415 147 147 147
755.516 1861.017 792.648 147 147 147
762.245 1867.813 781.707 147 147 147
765.619 1871.220 781.707 147 147 147
773.478 1879.157 765.279 147 147 147
776.850 1882.562 765.279 147 147 147
780.227 1885.972 757.043 147 147 147
784.715 1890.504 754.307 147 147 147
791.451 1897.308 740.616 147 147 147
795.941 1901.842 737.879 147 147 147
806.037 1912.037 718.731 147 147 147
808.287 1914.310 718.731 147 147 147
810.020 1916.059 714.506 147 147 147
804.907 1910.896 707.579 147 147 147
800.366 1906.310 707.579 147 147 147
794.752 1900.640 713.055 147 147 147
790.261 1896.105 713.055 147 147 147
784.647 1890.436 718.531 147 147 147
781.260 1887.015 718.531 147 147 147
780.152 1885.896 721.233 147 147 147
776.788 1882.500 718.499 147 147 147
770.078 1875.723 732.136 147 147 147
768.470 1874.099 728.214 147 147 147
770.704 1876.355 722.765 147 147 147
770.704 1876.355 717.281 147 147 147
772.958 1878.632 709.035 147 147 147
764.504 1870.094 691.166 147 147 147
762.330 1866.478 689.760 147 147 147
761.169 1865.305 692.592 147 147 147
761.169 1865.305 698.074 147 147 147
757.802 1861.905 709.021 147 147 147
755.557 1859.638 733.663 147 147 147
752.188 1856.236 744.617 147 147 147
751.065 1855.102 761.046 147 147 147
747.696 1851.699 772.003 147 147 147
747.696 1851.699 791.217 147 147 147
749.417 1853.437 795.415 147 147 147
756.226 1860.313 792.648 147 147 147
762.955 1867.109 781.707 147 147 147
766.329 1870.516 781.707 147 147 147
774.189 1878.453 765.279 147 147 147
777.560 1881.858 765.279 147 147 147
780.937 1885.268 757.043 147 147 147
785.425 1889.801 754.307 147 147 147
792.162 1896.604 740.616 147 147 147
796.652 1901.138 737.879 147 147 147
806.747 1911.333 718.731 147 147 147
808.998 1913.606 718.731 147 147 147
810.730 1915.356 714.506 147 147 147
805.617 1910.192 707.579 147 147 147
801.076 1905.606 707.579 147 147 147
795.462 1899.937 713.055 147 147 147
790.971 1895.401 713.055 147 147 147
785.357 1889.732 718.531 147 147 147
781.970 1886.312 718.531 147 147 147
780.862 1885.193 721.233 147 147 147
777.499 1881.796 718.499 147 147 147
770.788 1875.019 732.136 147 147 147
769.180 1873.395 728.214 147 147 147
771.415 1875.652 722.765 147 147 147
771.415 1875.652 717.281 147 147 147
773.669 1877.928 709.035 147 147 147
765.214 1869.390 691.166 147 147 147
761.620 1867.181 689.760 147 147 147
760.458 1866.009 692.592 147 147 147
760.458 1866.009 698.074 147 147 147
757.092 1862.609 709.021 147 147 147
754.846 1860.341 733.663 147 147 147
751.478 1856.939 744.617 147 147 147
750.355 1855.805 761.046 147 147 147
746.985 1852.402 772.003 147 147 147
746.985 1852.402 791.217 147 147 147
748.706 1854.141 795.415 147 147 147
755.516 1861.017 792.648 147 147 147
762.245 1867.813 781.707 147 147 147
765.619 1871.220 781.707 147 147 147
773.478 1879.157 765.279 147 147 147
776.850 1882.562 765.279 147 147 147
780.227 1885.972 757.043 147 147 147
784.715 1890.504 754.307 147 147 147
791.451 1897.308 740.616 147 147 147
795.941 1901.842 737.879 147 147 147
806.037 1912.037 718.731 147 147 147
808.287 1914.310 718.731 147 147 147
810.020 1916.059 714.506 147 147 147
804.907 1910.896 707.579 147 147 147
800.366 1906.310 707.579 147 147 147
794.752 1900.640 713.055 147 147 147
790.261 1896.105 713.055 147 147 147
784.647 1890.436 718.531 147 147 147
781.260 1887.015 718.531 147 147 147
780.152 1885.896 721.233 147 147 147
776.788 1882.500 718.499 147 147 147
770.078 1875.723 732.136 147 147 147
768.470 1874.099 728.214 147 147 147
770.704 1876.355 722.765 147 147 147
770.704 1876.355 717.281 147 147 147
772.958 1878.632 709.035 147 147 147
764.504 1870.094 691.166 147 147 147
788.110 1892.512 292.870 147 147 147
789.830 1894.249 297.064 147 147 147
797.770 1902.267 297.064 147 147 147
799.484 1903.998 292.884 147 147 147
799.484 1903.998 260.027 147 147 147
802.853 1907.400 251.813 147 147 147
802.853 1907.400 246.283 147 147 147
801.090 1905.620 241.985 147 147 147
797.101 1901.591 254.493 147 147 147
795.979 1900.458 262.702 147 147 147
792.612 1897.058 270.913 147 147 147
787.400 1893.216 292.870 147 147 147
789.119 1894.952 297.064 147 147 147
797.060 1902.971 297.064 147 147 147
798.774 1904.702 292.884 147 147 147
798.774 1904.702 260.027 147 147 147
802.142 1908.104 251.813 147 147 147
802.142 1908.104 246.283 147 147 147
800.380 1906.324 241.985 147 147 147
796.390 1902.295 254.493 147 147 147
795.268 1901.162 262.702 147 147 147
791.901 1897.762 270.913 147 147 147
788.110 1892.512 292.870 147 147 147
789.830 1894.249 297.064 147 147 147
797.770 1902.267 297.064 147 147 147
799.484 1903.998 292.884 147 147 147
799.484 1903.998 260.027 147 147 147
802.853 1907.400 251.813 147 147 147
802.853 1907.400 246.283 147 147 147
801.090 1905.620 241.985 147 147 147
797.101 1901.591 254.493 147 147 147
795.979 1900.458 262.702 147 147 147
792.612 1897.058 270.913 147 147 147
787.400 1893.216 292.870 147 147 147
789.119 1894.952 297.064 147 147 147
797.060 1902.971 297.064 147 147 147
798.774 1904.702 292.884 147 147 147
798.774 1904.702 260.027 147 147 147
802.142 1908.104 251.813 147 147 147
802.142 1908.104 246.283 147 147 147
800.380 1906.324 241.985 147 147 147
796.390 1902.295 254.493 147 147 147
795.268 1901.162 262.702 147 147 147
791.901 1897.762 270.913 147 147 147
653.973 1757.051 203.769 147 147 147
632.640 1735.508 203.769 147 147 147
631.518 1734.374 206.507 147 147 147
609.062 1711.697 206.507 147 147 147
607.939 1710.563 209.245 147 147 147
591.097 1693.555 209.245 147 147 147
589.383 1691.824 213.425 147 147 147
589.383 1691.824 218.956 147 147 147
591.097 1693.555 223.136 147 147 147
594.483 1696.974 223.136 147 147 147
602.343 1704.911 231.350 147 147 147
605.694 1708.295 231.350 147 147 147
607.980 1710.604 236.925 147 147 147
609.114 1711.749 234.159 147 147 147
612.428 1715.096 239.547 147 147 147
621.411 1724.167 245.023 147 147 147
628.201 1731.025 256.063 147 147 147
629.312 1732.147 253.353 147 147 147
632.640 1735.508 261.469 147 147 147
634.886 1737.776 261.469 147 147 147
636.009 1738.910 264.207 147 147 147
640.581 1743.527 264.207 147 147 147
641.703 1744.661 261.469 147 147 147
656.300 1759.401 261.469 147 147 147
657.400 1760.512 258.785 147 147 147
659.601 1762.735 261.469 147 147 147
666.405 1769.606 261.469 147 147 147
667.527 1770.739 258.731 147 147 147
693.351 1796.818 258.731 147 147 147
694.474 1797.952 255.993 147 147 147
696.639 1800.138 255.993 147 147 147
697.762 1801.272 258.731 147 147 147
702.334 1805.889 258.731 147 147 147
703.456 1807.023 255.993 147 147 147
715.807 1819.495 255.993 147 147 147
718.053 1821.763 250.517 147 147 147
720.298 1824.031 250.517 147 147 147
722.023 1825.773 246.310 147 147 147
719.767 1823.494 240.806 147 147 147
719.767 1823.494 235.332 147 147 147
705.717 1809.306 198.329 147 147 147
703.440 1807.006 195.552 147 147 147
678.673 1781.995 198.297 147 147 147
677.552 1780.862 201.031 147 147 147
655.096 1758.185 201.031 147 147 147
653.263 1757.755 203.769 147 147 147
631.930 1736.212 203.769 147 147 147
630.807 1735.078 206.507 147 147 147
608.351 1712.400 206.507 147 147 147
607.229 1711.267 209.245 147 147 147
590.387 1694.259 209.245 147 147 147
588.673 1692.528 213.425 147 147 147
588.673 1692.528 218.956 147 147 147
590.387 1694.259 223.136 147 147 147
593.773 1697.678 223.136 147 147 147
601.632 1705.615 231.350 147 147 147
604.983 1708.999 231.350 147 147 147
607.269 1711.307 236.925 147 147 147
608.403 1712.453 234.159 147 147 147
611.718 1715.800 239.547 147 147 147
620.700 1724.871 245.023 147 147 147
627.491 1731.729 256.063 147 147 147
628.602 1732.851 253.353 147 147 147
631.930 1736.212 261.469 147 147 147
634.175 1738.479 261.469 147 147 147
635.298 1739.613 264.207 147 147 147
639.870 1744.230 264.207 147 147 147
640.993 1745.364 261.469 147 147 147
655.589 1760.104 261.469 147 147 147
656.690 1761.216 258.785 147 147 147
658.891 1763.439 261.469 147 147 147
665.694 1770.309 261.469 147 147 147
666.817 1771.443 258.731 147 147 147
692.641 1797.522 258.731 147 147 147
693.764 1798.656 255.993 147 147 147
695.928 1800.842 255.993 147 147 147
697.051 1801.976 258.731 147 147 147
701.623 1806.593 258.731 147 147 147
702.746 1807.727 255.993 147 147 147
715.097 1820.199 255.993 147 147 147
717.342 1822.467 250.517 147 147 147
719.588 1824.735 250.517 147 147 147
721.313 1826.477 246.310 147 147 147
719.056 1824.198 240.806 147 147 147
719.056 1824.198 235.332 147 147 147
705.007 1810.010 198.329 147 147 147
702.729 1807.710 195.552 147 147 147
677.962 1782.698 198.297 147 147 147
676.841 1781.566 201.031 147 147 147
654.385 1758.889 201.031 147 147 147
653.973 1757.051 203.769 147 147 147
632.640 1735.508 203.769 147 147 147
631.518 1734.374 206.507 147 147 147
609.062 1711.697 206.507 147 147 147
607.939 1710.563 209.245 147 147 147
591.097 1693.555 209.245 147 147 147
589.383 1691.824 213.425 147 147 147
589.383 1691.824 218.956 147 147 147
591.097 1693.555 223.136 147 147 147
594.483 1696.974 223.136 147 147 147
602.343 1704.911 231.350 147 147 147
605.694 1708.295 231.350 147 147 147
607.980 1710.604 236.925 147 147 147
609.114 1711.749 234.159 147 147 147
612.428 1715.096 239.547 147 147 147
621.411 1724.167 245.023 147 147 147
628.201 1731.025 256.063 147 147 147
629.312 1732.147 253.353 147 147 147
632.640 1735.508 261.469 147 147 147
634.886 1737.776 261.469 147 147 147
636.009 1738.910 264.207 147 147 147
640.581 1743.527 264.207 147 147 147
641.703 1744.661 261.469 147 147 147
656.300 1759.401 261.469 147 147 147
657.400 1760.512 258.785 147 147 147
659.601 1762.735 261.469 147 147 147
666.405 1769.606 261.469 147 147 147
667.527 1770.739 258.731 147 147 147
693.351 1796.818 258.731 147 147 147
694.474 1797.952 255.993 147 147 147
696.639 1800.138 255.993 147 147 147
697.762 1801.272 258.731 147 147 147
702.334 1805.889 258.731 147 147 147
703.456 1807.023 255.993 147 147 147
715.807 1819.495 255.993 147 147 147
718.053 1821.763 250.517 147 147 147
720.298 1824.031 250.517 147 147 147
722.023 1825.773 246.310 147 147 147
719.767 1823.494 240.806 147 147 147
719.767 1823.494 235.332 147 147 147
705.717 1809.306 198.329 147 147 147
703.440 1807.006 195.552 147 147 147
678.673 1781.995 198.297 147 147 147
677.552 1780.862 201.031 147 147 147
655.096 1758.185 201.031 147 147 147
653.263 1757.755 203.769 147 147 147
631.930 1736.212 203.769 147 147 147
630.807 1735.078 206.507 147 147 147
608.351 1712.400 206.507 147 147 147
607.229 1711.267 209.245 147 147 147
590.387 1694.259 209.245 147 147 147
588.673 1692.528 213.425 147 147 147
588.673 1692.528 218.956 147 147 147
590.387 1694.259 223.136 147 147 147
593.773 1697.678 223.136 147 147 147
601.632 1705.615 231.350 147 147 147
604.983 1708.999 231.350 147 147 147
607.269 1711.307 236.925 147 147 147
608.403 1712.453 234.159 147 147 147
611.718 1715.800 239.547 147 147 147
620.700 1724.871 245.023 147 147 147
627.491 1731.729 256.063 147 147 147
628.602 1732.851 253.353 147 147 147
631.930 1736.212 261.469 147 147 147
634.175 1738.479 261.469 147 147 147
635.298 1739.613 264.207 147 147 147
639.870 1744.230 264.207 147 147 147
640.993 1745.364 261.469 147 147 147
655.589 1760.104 261.469 147 147 147
656.690 1761.216 258.785 147 147 147
658.891 1763.439 261.469 147 147 147
665.694 1770.309 261.469 147 147 147
666.817 1771.443 258.731 147 147 147
692.641 1797.522 258.731 147 147 147
693.764 1798.656 255.993 147 147 147
695.928 1800.842 255.993 147 147 147
697.051 1801.976 258.731 147 147 147
701.623 1806.593 258.731 147 147 147
702.746 1807.727 255.993 147 147 147
715.097 1820.199 255.993 147 147 147
717.342 1822.467 250.517 147 147 147
719.588 1824.735 250.517 147 147 147
721.313 1826.477 246.310 147 147 147
719.056 1824.198 240.806 147 147 147
719.056 1824.198 235.332 147 147 147
705.007 1810.010 198.329 147 147 147
702.729 1807.710 195.552 147 147 147
677.962 1782.698 198.297 147 147 147
676.841 1781.566 201.031 147 147 147
654.385 1758.889 201.031 147 147 147
661.843 1764.999 450.198 147 147 147
650.608 1753.653 466.637 147 147 147
643.866 1746.844 469.378 147 147 147
638.249 1741.172 480.336 147 147 147
633.759 1736.638 483.073 147 147 147
629.262 1732.097 491.297 147 147 147
619.154 1721.888 502.254 147 147 147
614.659 1717.349 513.215 147 147 147
611.316 1713.973 518.650 147 147 147
609.062 1711.697 518.650 147 147 147
604.571 1707.161 529.602 147 147 147
603.448 1706.028 529.602 147 147 147
594.986 1697.482 550.238 147 147 147
596.106 1698.613 552.968 147 147 147
591.615 1694.077 561.182 147 147 147
592.752 1695.226 563.956 147 147 147
592.752 1695.226 569.378 147 147 147
591.618 1694.081 572.143 147 147 147
593.343 1695.823 576.350 147 147 147
600.161 1702.708 576.350 147 147 147
601.283 1703.841 573.612 147 147 147
611.388 1714.046 573.612 147 147 147
612.511 1715.180 570.874 147 147 147
618.125 1720.849 570.874 147 147 147
619.248 1721.983 568.136 147 147 147
624.862 1727.653 568.136 147 147 147
625.985 1728.786 565.398 147 147 147
639.377 1742.311 565.398 147 147 147
642.154 1745.116 572.170 147 147 147
642.154 1745.116 577.646 147 147 147
643.277 1746.249 580.384 147 147 147
643.277 1746.249 596.813 147 147 147
644.991 1747.980 600.993 147 147 147
650.686 1753.731 600.993 147 147 147
651.786 1754.843 598.309 147 147 147
654.032 1757.111 601.047 147 147 147
655.177 1758.267 598.255 147 147 147
675.373 1778.662 598.255 147 147 147
677.574 1780.885 595.571 147 147 147
678.715 1782.037 598.353 147 147 147
679.878 1783.212 595.517 147 147 147
691.106 1794.550 595.517 147 147 147
692.828 1796.290 591.316 147 147 147
686.083 1789.478 569.384 147 147 147
686.083 1789.478 561.217 147 147 147
689.452 1792.880 553.003 147 147 147
689.452 1792.880 544.726 147 147 147
685.442 1788.831 537.742 147 147 147
684.288 1787.666 540.555 147 147 147
681.001 1784.346 540.555 147 147 147
679.347 1782.675 536.521 147 147 147
679.347 1782.675 531.098 147 147 147
681.591 1784.942 525.624 147 147 147
682.714 1786.076 481.814 147 147 147
684.961 1788.344 476.337 147 147 147
684.961 1788.344 462.592 147 147 147
681.009 1784.354 452.957 147 147 147
676.514 1779.814 450.216 147 147 147
671.988 1775.244 441.939 147 147 147
665.215 1768.405 450.198 147 147 147
661.133 1765.703 450.198 147 147 147
649.897 1754.356 466.637 147 147 147
643.155 1747.548 469.378 147 147 147
637.539 1741.876 480.336 147 147 147
633.049 1737.341 483.073 147 147 147
628.552 1732.800 491.297 147 147 147
618.443 1722.592 502.254 147 147 147
613.948 1718.053 513.215 147 147 147
610.605 1714.677 518.650 147 147 147
608.351 1712.400 518.650 147 147 147
603.860 1707.865 529.602 147 147 147
602.737 1706.731 529.602 147 147 147
594.276 1698.186 550.238 147 147 147
595.395 1699.316 552.968 147 147 147
590.904 1694.781 561.182 147 147 147
592.041 1695.929 563.956 147 147 147
592.041 1695.929 569.378 147 147 147
590.907 1694.784 572.143 147 147 147
592.632 1696.526 576.350 147 147 147
599.450 1703.411 576.350 147 147 147
600.573 1704.545 573.612 147 147 147
610.678 1714.750 573.612 147 147 147
611.801 1715.884 570.874 147 147 147
617.414 1721.553 570.874 147 147 147
618.537 1722.687 568.136 147 147 147
624.151 1728.356 568.136 147 147 147
625.274 1729.490 565.398 147 147 147
638.666 1743.015 565.398 147 147 147
641.443 1745.819 572.170 147 147 147
641.443 1745.819 577.646 147 147 147
642.566 1746.953 580.384 147 147 147
642.566 1746.953 596.813 147 147 147
644.280 1748.684 600.993 147 147 147
649.975 1754.435 600.993 147 147 147
651.076 1755.547 598.309 147 147 147
653.321 1757.814 601.047 147 147 147
654.466 1758.971 598.255 147 147 147
674.662 1779.366 598.255 147 147 147
676.863 1781.588 595.571 147 147 147
678.004 1782.741 598.353 147 147 147
679.167 1783.915 595.517 147 147 147
690.395 1795.254 595.517 147 147 147
692.118 1796.994 591.316 147 147 147
685.373 1790.182 569.384 147 147 147
685.373 1790.182 561.217 147 147 147
688.741 1793.584 553.003 147 147 147
688.741 1793.584 544.726 147 147 147
684.731 1789.534 537.742 147 147 147
683.578 1788.369 540.555 147 147 147
680.290 1785.049 540.555 147 147 147
678.636 1783.379 536.521 147 147 147
678.636 1783.379 531.098 147 147 147
680.881 1785.646 525.624 147 147 147
682.004 1786.780 481.814 147 147 147
684.250 1789.048 476.337 147 147 147
684.250 1789.048 462.592 147 147 147
680.299 1785.058 452.957 147 147 147
675.803 1780.518 450.216 147 147 147
671.278 1775.948 441.939 147 147 147
664.505 1769.108 450.198 147 147 147
661.843 1764.999 450.198 147 147 147
650.608 1753.653 466.637 147 147 147
643.866 1746.844 469.378 147 147 147
638.249 1741.172 480.336 147 147 147
633.759 1736.638 483.073 147 147 147
629.262 1732.097 491.297 147 147 147
619.154 1721.888 502.254 147 147 147
614.659 1717.349 513.215 147 147 147
611.316 1713.973 518.650 147 147 147
609.062 1711.697 518.650 147 147 147
604.571 1707.161 529.602 147 147 147
603.448 1706.028 529.602 147 147 147
594.986 1697.482 550.238 147 147 147
596.106 1698.613 552.968 147 147 147
591.615 1694.077 561.182 147 147 147
592.752 1695.226 563.956 147 147 147
592.752 1695.226 569.378 147 147 147
591.618 1694.081 572.143 147 147 147
593.343 1695.823 576.350 147 147 147
600.161 1702.708 576.350 147 147 147
601.283 1703.841 573.612 147 147 147
611.388 1714.046 573.612 147 147 147
612.511 1715.180 570.874 147 147 147
618.125 1720.849 570.874 147 147 147
619.248 1721.983 568.136 147 147 147
624.862 1727.653 568.136 147 147 147
625.985 1728.786 565.398 147 147 147
639.377 1742.311 565.398 147 147 147
642.154 1745.116 572.170 147 147 147
642.154 1745.116 577.646 147 147 147
643.277 1746.249 580.384 147 147 147
643.277 1746.249 596.813 147 147 147
644.991 1747.980 600.993 147 147 147
650.686 1753.731 600.993 147 147 147
651.786 1754.843 598.309 147 147 147
654.032 1757.111 601.047 147 147 147
655.177 1758.267 598.255 147 147 147
675.373 1778.662 598.255 147 147 147
677.574 1780.885 595.571 147 147 147
678.715 1782.037 598.353 147 147 147
679.878 1783.212 595.517 147 147 147
691.106 1794.550 595.517 147 147 147
692.828 1796.290 591.316 147 147 147
686.083 1789.478 569.384 147 147 147
686.083 1789.478 561.217 147 147 147
689.452 1792.880 553.003 147 147 147
689.452 1792.880 544.726 147 147 147
685.442 1788.831 537.742 147 147 147
684.288 1787.666 540.555 147 147 147
681.001 1784.346 540.555 147 147 147
679.347 1782.675 536.521 147 147 147
679.347 1782.675 531.098 147 147 147
681.591 1784.942 525.624 147 147 147
682.714 1786.076 481.814 147 147 147
684.961 1788.344 476.337 147 147 147
684.961 1788.344 462.592 147 147 147
681.009 1784.354 452.957 147 147 147
676.514 1779.814 450.216 147 147 147
671.988 1775.244 441.939 147 147 147
665.215 1768.405 450.198 147 147 147
661.133 1765.703 450.198 147 147 147
649.897 1754.356 466.637 147 147 147
643.155 1747.548 469.378 147 147 147
637.539 1741.876 480.336 147 147 147
633.049 1737.341 483.073 147 147 147
628.552 1732.800 491.297 147 147 147
618.443 1722.592 502.254 147 147 147
613.948 1718.053 513.215 147 147 147
610.605 1714.677 518.650 147 147 147
608.351 1712.400 518.650 147 147 147
603.860 1707.865 529.602 147 147 147
602.737 1706.731 529.602 147 147 147
594.276 1698.186 550.238 147 147 147
595.395 1699.316 552.968 147 147 147
590.904 1694.781 561.182 147 147 147
592.041 1695.929 563.956 147 147 147
592.041 1695.929 569.378 147 147 147
590.907 1694.784 572.143 147 147 147
592.632 1696.526 576.350 147 147 147
599.450 1703.411 576.350 147 147 147
600.573 1704.545 573.612 147 147 147
610.678 1714.750 573.612 147 147 147
611.801 1715.884 570.874 147 147 147
617.414 1721.553 570.874 147 147 147
618.537 1722.687 568.136 147 147 147
624.151 1728.356 568.136 147 147 147
625.274 1729.490 565.398 147 147 147
638.666 1743.015 565.398 147 147 147
641.443 1745.819 572.170 147 147 147
641.443 1745.819 577.646 147 147 147
642.566 1746.953 580.384 147 147 147
642.566 1746.953 596.813 147 147 147
644.280 1748.684 600.993 147 147 147
649.975 1754.435 600.993 147 147 147
651.076 1755.547 598.309 147 147 147
653.321 1757.814 601.047 147 147 147
654.466 1758.971 598.255 147 147 147
674.662 1779.366 598.255 147 147 147
676.863 1781.588 595.571 147 147 147
678.004 1782.741 598.353 147 147 147
679.167 1783.915 595.517 147 147 147
690.395 1795.254 595.517 147 147 147
692.118 1796.994 591.316 147 147 147
685.373 1790.182 569.384 147 147 147
685.373 1790.182 561.217 147 147 147
688.741 1793.584 553.003 147 147 147
688.741 1793.584 544.726 147 147 147
684.731 1789.534 537.742 147 147 147
683.578 1788.369 540.555 147 147 147
680.290 1785.049 540.555 147 147 147
678.636 1783.379 536.521 147 147 147
678.636 1783.379 531.098 147 147 147
680.881 1785.646 525.624 147 147 147
682.004 1786.780 481.814 147 147 147
684.250 1789.048 476.337 147 147 147
684.250 1789.048 462.592 147 147 147
680.299 1785.058 452.957 147 147 147
675.803 1780.518 450.216 147 147 147
671.278 1775.948 441.939 147 147 147
664.505 1769.108 450.198 147 147 147
1806.916 951.540 806.150 147 147 147
1803.094 947.880 806.150 147 147 147
1797.979 942.981 811.626 147 147 147
1794.143 939.307 811.626 147 147 147
1789.028 934.408 817.102 147 147 147
1785.194 930.737 817.102 147 147 147
1776.243 922.164 825.317 147 147 147
1772.404 918.487 825.317 147 147 147
1767.289 913.588 830.793 147 147 147
1763.453 909.914 830.793 147 147 147
1758.338 905.015 836.269 147 147 147
1754.504 901.344 836.269 147 147 147
1745.543 892.762 844.492 147 147 147
1732.756 880.515 849.968 147 147 147
1723.805 871.942 858.183 147 147 147
1711.014 859.692 863.660 147 147 147
1705.909 854.802 869.126 147 147 147
1702.075 851.131 869.126 147 147 147
1693.114 842.549 877.349 147 147 147
1680.324 830.299 882.826 147 147 147
1675.218 825.409 888.293 147 147 147
1671.385 821.738 888.293 147 147 147
1662.424 813.156 896.516 147 147 147
1649.634 800.906 901.993 147 147 147
1644.528 796.016 907.460 147 147 147
1640.695 792.345 907.460 147 147 147
1631.734 783.763 915.683 147 147 147
1618.944 771.513 921.160 147 147 147
1613.838 766.623 926.626 147 147 147
1610.005 762.952 926.626 147 147 147
1601.054 754.379 934.840 147 147 147
1597.200 750.688 934.840 147 147 147
1595.921 749.463 937.579 147 147 147
1593.357 747.007 937.579 147 147 147
1590.125 743.912 947.265 147 147 147
1595.917 749.459 962.421 147 147 147
1598.543 751.974 962.421 147 147 147
1603.658 756.873 956.945 147 147 147
1607.491 760.544 956.945 147 147 147
1616.442 769.117 948.731 147 147 147
1620.281 772.794 948.731 147 147 147
1625.396 777.693 943.255 147 147 147
1627.969 780.156 943.255 147 147 147
1629.247 781.381 940.517 147 147 147
1633.066 785.038 940.517 147 147 147
1642.017 793.611 932.302 147 147 147
1645.854 797.285 932.302 147 147 147
1654.805 805.858 924.088 147 147 147
1658.641 809.532 924.088 147 147 147
1667.592 818.105 915.874 147 147 147
1671.429 821.779 915.874 147 147 147
1680.380 830.352 907.660 147 147 147
1684.216 834.026 907.660 147 147 147
1693.167 842.599 899.445 147 147 147
1697.004 846.274 899.445 147 147 147
1705.955 854.847 891.231 147 147 147
1709.791 858.521 891.231 147 147 147
1718.743 867.094 883.017 147 147 147
1722.578 870.767 883.017 147 147 147
1735.365 883.014 872.064 147 147 147
1739.203 886.689 872.064 147 147 147
1748.154 895.262 863.850 147 147 147
1751.990 898.936 863.850 147 147 147
1760.942 907.509 855.636 147 147 147
1764.778 911.183 855.636 147 147 147
1773.729 919.756 847.421 147 147 147
1777.565 923.430 847.421 147 147 147
1786.517 932.003 839.207 147 147 147
1790.353 935.677 839.207 147 147 147
1799.304 944.250 830.993 147 147 147
1803.140 947.924 830.993 147 147 147
1812.092 956.497 822.779 147 147 147
1815.928 960.172 822.779 147 147 147
1824.879 968.744 814.564 147 147 147
1828.721 972.423 814.564 147 147 147
1834.520 977.978 807.665 147 147 147
1834.520 977.978 804.851 147 147 147
1828.723 972.425 792.437 147 147 147
1808.186 952.757 803.430 147 147 147
1806.224 952.262 806.150 147 147 147
1802.402 948.602 806.150 147 147 147
1797.287 943.703 811.626 147 147 147
1793.451 940.029 811.626 147 147 147
1788.336 935.130 817.102 147 147 147
1784.503 931.459 817.102 147 147 147
1775.551 922.886 825.317 147 147 147
1771.712 919.209 825.317 147 147 147
1766.597 914.310 830.793 147 147 147
1762.761 910.636 830.793 147 147 147
1757.646 905.737 836.269 147 147 147
1753.813 902.066 836.269 147 147 147
1744.852 893.484 844.492 147 147 147
1732.064 881.237 849.968 147 147 147
1723.113 872.664 858.183 147 147 147
1710.323 860.414 863.660 147 147 147
1705.217 855.524 869.126 147 147 147
1701.384 851.853 869.126 147 147 147
1692.423 843.271 877.349 147 147 147
1679.633 831.021 882.826 147 147 147
1674.527 826.131 888.293 147 147 147
1670.693 822.460 888.293 147 147 147
1661.733 813.878 896.516 147 147 147
1648.943 801.628 901.993 147 147 147
1643.837 796.738 907.460 147 147 147
1640.003 793.067 907.460 147 147 147
1631.043 784.485 915.683 147 147 147
1618.252 772.235 921.160 147 147 147
1613.147 767.345 926.626 147 147 147
1609.313 763.674 926.626 147 147 147
1600.362 755.101 934.840 147 147 147
1596.508 751.410 934.840 147 147 147
1595.229 750.185 937.579 147 147 147
1592.665 747.729 937.579 147 147 147
1589.434 744.635 947.265 147 147 147
1595.225 750.181 962.421 147 147 147
1597.851 752.696 962.421 147 147 147
1602.966 757.595 956.945 147 147 147
1606.799 761.266 956.945 147 147 147
1615.751 769.839 948.731 147 147 147
1619.590 773.516 948.731 147 147 147
1624.705 778.415 943.255 147 147 147
1627.277 780.878 943.255 147 147 147
1628.556 782.103 940.517 147 147 147
1632.374 785.760 940.517 147 147 147
1641.326 794.333 932.302 147 147 147
1645.162 798.007 932.302 147 147 147
1654.113 806.580 924.088 147 147 147
1657.949 810.255 924.088 147 147 147
1666.901 818.827 915.874 147 147 147
1670.737 822.502 915.874 147 147 147
1679.688 831.075 907.660 147 147 147
1683.525 834.749 907.660 147 147 147
1692.476 843.322 899.445 147 147 147
1696.312 846.996 899.445 147 147 147
1705.263 855.569 891.231 147 147 147
1709.100 859.243 891.231 147 147 147
1718.051 867.816 883.017 147 147 147
1721.886 871.489 883.017 147 147 147
1734.674 883.736 872.064 147 147 147
1738.511 887.411 872.064 147 147 147
1747.462 895.984 863.850 147 147 147
1751.299 899.658 863.850 147 147 147
1760.250 908.231 855.636 147 147 147
1764.086 911.905 855.636 147 147 147
1773.037 920.478 847.421 147 147 147
1776.874 924.152 847.421 147 147 147
1785.825 932.725 839.207 147 147 147
1789.661 936.400 839.207 147 147 147
1798.613 944.973 830.993 147 147 147
1802.449 948.647 830.993 147 147 147
1811.400 957.220 822.779 147 147 147
1815.236 960.894 822.779 147 147 147
1824.188 969.467 814.564 147 147 147
1828.029 973.146 814.564 147 147 147
1833.829 978.700 807.665 147 147 147
1833.829 978.700 804.851 147 147 147
1828.031 973.148 792.437 147 147 147
1807.494 953.479 803.430 147 147 147
1806.916 951.540 806.150 147 147 147
1803.094 947.880 806.150 147 147 147
1797.979 942.981 811.626 147 147 147
1794.143 939.307 811.626 147 147 147
1789.028 934.408 817.102 147 147 147
1785.194 930.737 817.102 147 147 147
1776.243 922.164 825.317 147 147 147
1772.404 918.487 825.317 147 147 147
1767.289 913.588 830.793 147 147 147
1763.453 909.914 830.793 147 147 147
1758.338 905.015 836.269 147 147 147
1754.504 901.344 836.269 147 147 147
1745.543 892.762 844.492 147 147 147
1732.756 880.515 849.968 147 147 147
1723.805 871.942 858.183 147 147 147
1711.014 859.692 863.660 147 147 147
1705.909 854.802 869.126 147 147 147
1702.075 851.131 869.126 147 147 147
1693.114 842.549 877.349 147 147 147
1680.324 830.299 882.826 147 147 147
1675.218 825.409 888.293 147 147 147
1671.385 821.738 888.293 147 147 147
1662.424 813.156 896.516 147 147 147
1649.634 800.906 901.993 147 147 147
1644.528 796.016 907.460 147 147 147
1640.695 792.345 907.460 147 147 147
1631.734 783.763 915.683 147 147 147
1618.944 771.513 921.160 147 147 147
1613.838 766.623 926.626 147 147 147
1610.005 762.952 926.626 147 147 147
1601.054 754.379 934.840 147 147 147
1597.200 750.688 934.840 147 147 147
1595.921 749.463 937.579 147 147 147
1593.357 747.007 937.579 147 147 147
1590.125 743.912 947.265 147 147 147
1595.917 749.459 962.421 147 147 147
1598.543 751.974 962.421 147 147 147
1603.658 756.873 956.945 147 147 147
1607.491 760.544 956.945 147 147 147
1616.442 769.117 948.731 147 147 147
1620.281 772.794 948.731 147 147 147
1625.396 777.693 943.255 147 147 147
1627.969 780.156 943.255 147 147 147
1629.247 781.381 940.517 147 147 147
1633.066 785.038 940.517 147 147 147
1642.017 793.611 932.302 147 147 147
1645.854 797.285 932.302 147 147 147
1654.805 805.858 924.088 147 147 147
1658.641 809.532 924.088 147 147 147
1667.592 818.105 915.874 147 147 147
1671.429 821.779 915.874 147 147 147
1680.380 830.352 907.660 147 147 147
1684.216 834.026 907.660 147 147 147
1693.167 842.599 899.445 147 147 147
1697.004 846.274 899.445 147 147 147
1705.955 854.847 891.231 147 147 147
1709.791 858.521 891.231 147 147 147
1718.743 867.094 883.017 147 147 147
1722.578 870.767 883.017 147 147 147
1735.365 883.014 872.064 147 147 147
1739.203 886.689 872.064 147 147 147
1748.154 895.262 863.850 147 147 147
1751.990 898.936 863.850 147 147 147
1760.942 907.509 855.636 147 147 147
1764.778 911.183 855.636 147 147 147
1773.729 919.756 847.421 147 147 147
1777.565 923.430 847.421 147 147 147
1786.517 932.003 839.207 147 147 147
1790.353 935.677 839.207 147 147 147
1799.304 944.250 830.993 147 147 147
1803.140 947.924 830.993 147 147 147
1812.092 956.497 822.779 147 147 147
1815.928 960.172 822.779 147 147 147
1824.879 968.744 814.564 147 147 147
1828.721 972.423 814.564 147 147 147
1834.520 977.978 807.665 147 147 147
1834.520 977.978 804.851 147 147 147
1828.723 972.425 792.437 147 147 147
1808.186 952.757 803.430 147 147 147
1806.224 952.262 806.150 147 147 147
1802.402 948.602 806.150 147 147 147
1797.287 943.703 811.626 147 147 147
1793.451 940.029 811.626 147 147 147
1788.336 935.130 817.102 147 147 147
1784.503 931.459 817.102 147 147 147
1775.551 922.886 825.317 147 147 147
1771.712 919.209 825.317 147 147 147
1766.597 914.310 830.793 147 147 147
1762.761 910.636 830.793 147 147 147
1757.646 905.737 836.269 147 147 147
1753.813 902.066 836.269 147 147 147
1744.852 893.484 844.492 147 147 147
1732.064 881.237 849.968 147 147 147
1723.113 872.664 858.183 147 147 147
1710.323 860.414 863.660 147 147 147
1705.217 855.524 869.126 147 147 147
1701.384 851.853 869.126 147 147 147
1692.423 843.271 877.349 147 147 147
1679.633 831.021 882.826 147 147 147
1674.527 826.131 888.293 147 147 147
1670.693 822.460 888.293 147 147 147
1661.733 813.878 896.516 147 147 147
1648.943 801.628 901.993 147 147 147
1643.837 796.738 907.460 147 147 147
1640.003 793.067 907.460 147 147 147
1631.043 784.485 915.683 147 147 147
1618.252 772.235 921.160 147 147 147
1613.147 767.345 926.626 147 147 147
1609.313 763.674 926.626 147 147 147
1600.362 755.101 934.840 147 147 147
1596.508 751.410 934.840 147 147 147
1595.229 750.185 937.579 147 147 147
1592.665 747.729 937.579 147 147 147
1589.434 744.635 947.265 147 147 147
1595.225 750.181 962.421 147 147 147
1597.851 752.696 962.421 147 147 147
1602.966 757.595 956.945 147 147 147
1606.799 761.266 956.945 147 147 147
1615.751 769.839 948.731 147 147 147
1619.590 773.516 948.731 147 147 147
1624.705 778.415 943.255 147 147 147
1627.277 780.878 943.255 147 147 147
1628.556 782.103 940.517 147 147 147
1632.374 785.760 940.517 147 147 147
1641.326 794.333 932.302 147 147 147
1645.162 798.007 932.302 147 147 147
1654.113 806.580 924.088 147 147 147
1657.949 810.255 924.088 147 147 147
1666.901 818.827 915.874 147 147 147
1670.737 822.502 915.874 147 147 147
1679.688 831.075 907.660 147 147 147
1683.525 834.749 907.660 147 147 147
1692.476 843.322 899.445 147 147 147
1696.312 846.996 899.445 147 147 147
1705.263 855.569 891.231 147 147 147
1709.100 859.243 891.231 147 147 147
1718.051 867.816 883.017 147 147 147
1721.886 871.489 883.017 147 147 147
1734.674 883.736 872.064 147 147 147
1738.511 887.411 872.064 147 147 147
1747.462 895.984 863.850 147 147 147
1751.299 899.658 863.850 147 147 147
1760.250 908.231 855.636 147 147 147
1764.086 911.905 855.636 147 147 147
1773.037 920.478 847.421 147 147 147
1776.874 924.152 847.421 147 147 147
1785.825 932.725 839.207 147 147 147
1789.661 936.400 839.207 147 147 147
1798.613 944.973 830.993 147 147 147
1802.449 948.647 830.993 147 147 147
1811.400 957.220 822.779 147 147 147
1815.236 960.894 822.779 147 147 147
1824.188 969.467 814.564 147 147 147
1828.029 973.146 814.564 147 147 147
1833.829 978.700 807.665 147 147 147
1833.829 978.700 804.851 147 147 147
1828.031 973.148 792.437 147 147 147
1807.494 953.479 803.430 147 147 147
1756.358 903.119 314.762 147 147 147
1751.915 898.864 324.277 147 147 147
1746.800 893.965 329.753 147 147 147
1741.027 888.436 342.113 147 147 147
1741.027 888.436 344.914 147 147 147
1750.676 897.677 362.820 147 147 147
1753.272 900.164 360.040 147 147 147
1759.680 906.301 360.040 147 147 147
1762.238 908.751 354.564 147 147 147
1771.189 917.324 354.564 147 147 147
1773.747 919.773 349.088 147 147 147
1780.062 925.821 349.088 147 147 147
1784.505 930.076 358.601 147 147 147
1784.505 930.076 361.280 147 147 147
1781.341 927.046 368.055 147 147 147
1777.504 923.372 368.055 147 147 147
1774.947 920.922 373.531 147 147 147
1772.389 918.473 373.531 147 147 147
1771.111 917.248 376.269 147 147 147
1767.274 913.574 376.269 147 147 147
1761.473 908.018 388.690 147 147 147
1762.766 909.256 391.458 147 147 147
1762.766 909.256 402.410 147 147 147
1764.717 911.125 406.588 147 147 147
1768.553 914.799 406.588 147 147 147
1769.871 916.061 409.410 147 147 147
1771.179 917.313 406.611 147 147 147
1776.294 922.212 409.349 147 147 147
1777.586 923.450 406.581 147 147 147
1791.574 936.847 403.858 147 147 147
1793.456 938.649 407.887 147 147 147
1793.456 938.649 421.518 147 147 147
1791.571 936.844 425.555 147 147 147
1783.898 929.495 425.555 147 147 147
1781.337 927.043 431.038 147 147 147
1767.271 913.571 433.776 147 147 147
1765.331 911.713 437.929 147 147 147
1762.766 909.256 446.170 147 147 147
1762.766 909.256 454.375 147 147 147
1760.194 906.793 459.881 147 147 147
1762.181 908.696 464.134 147 147 147
1764.762 911.168 461.370 147 147 147
1774.980 920.954 469.575 147 147 147
1780.081 925.839 466.844 147 147 147
1784.505 930.076 473.610 147 147 147
1784.505 930.076 479.017 147 147 147
1757.651 904.357 533.779 147 147 147
1757.651 904.357 536.518 147 147 147
1751.918 898.867 548.792 147 147 147
1748.082 895.193 551.530 147 147 147
1744.849 892.097 558.452 147 147 147
1746.128 893.322 561.190 147 147 147
1744.847 892.094 563.934 147 147 147
1751.917 898.866 576.322 147 147 147
1757.030 903.762 581.795 147 147 147
1762.766 909.256 594.077 147 147 147
1762.766 909.256 599.553 147 147 147
1765.995 912.349 606.469 147 147 147
1768.551 914.797 606.469 147 147 147
1782.617 928.269 639.326 147 147 147
1783.899 929.497 639.326 147 147 147
1804.950 949.658 681.668 147 147 147
1803.079 947.866 685.674 147 147 147
1797.983 942.985 685.674 147 147 147
1791.589 936.862 691.150 147 147 147
1787.734 933.169 691.150 147 147 147
1786.456 931.945 693.888 147 147 147
1782.619 928.271 693.888 147 147 147
1781.341 927.046 696.626 147 147 147
1777.504 923.372 696.626 147 147 147
1776.226 922.147 699.364 147 147 147
1772.394 918.477 699.364 147 147 147
1765.327 911.709 711.744 147 147 147
1758.933 905.585 766.511 147 147 147
1757.044 903.776 770.555 147 147 147
1753.223 900.116 770.555 147 147 147
1748.108 895.217 776.031 147 147 147
1745.535 892.754 776.031 147 147 147
1743.581 890.882 780.216 147 147 147
1744.866 892.113 791.227 147 147 147
1746.814 893.979 795.398 147 147 147
1749.450 896.503 795.398 147 147 147
1750.729 897.728 792.660 147 147 147
1758.338 905.015 792.660 147 147 147
1760.860 907.431 795.360 147 147 147
1762.757 909.248 802.131 147 147 147
1760.880 907.451 806.150 147 147 147
1758.323 905.001 806.150 147 147 147
1757.044 903.776 808.888 147 147 147
1748.093 895.203 808.888 147 147 147
1746.814 893.979 811.626 147 147 147
1737.882 885.424 811.626 147 147 147
1731.488 879.300 817.102 147 147 147
1728.990 876.908 817.102 147 147 147
1727.695 875.668 814.330 147 147 147
1717.436 865.842 822.568 147 147 147
1712.321 860.943 819.830 147 147 147
1702.091 851.146 828.044 147 147 147
1696.976 846.247 825.306 147 147 147
1682.890 832.756 836.275 147 147 147
1673.938 824.183 839.013 147 147 147
1663.715 814.392 847.221 147 147 147
1659.879 810.718 847.221 147 147 147
1645.813 797.246 858.174 147 147 147
1641.956 793.553 858.174 147 147 147
1640.677 792.328 860.912 147 147 147
1636.856 788.668 860.912 147 147 147
1631.741 783.769 866.388 147 147 147
1627.890 780.081 866.388 147 147 147
1624.048 776.402 874.614 147 147 147
1615.110 767.841 877.348 147 147 147
1610.002 762.949 882.817 147 147 147
1606.151 759.261 882.817 147 147 147
1602.308 755.580 891.046 147 147 147
1589.520 743.333 896.522 147 147 147
1585.691 739.665 904.721 147 147 147
1581.855 735.991 904.721 147 147 147
1578.611 732.885 911.667 147 147 147
1580.565 734.756 915.850 147 147 147
1584.477 738.502 918.642 147 147 147
1585.730 739.703 915.958 147 147 147
1588.249 742.115 921.350 147 147 147
1593.372 747.022 921.350 147 147 147
1597.218 750.705 926.840 147 147 147
1603.667 756.881 924.078 147 147 147
1608.773 761.771 918.612 147 147 147
1612.609 765.446 918.612 147 147 147
1617.724 770.344 913.136 147 147 147
1621.560 774.019 913.136 147 147 147
1626.675 778.917 907.660 147 147 147
1629.247 781.381 907.660 147 147 147
1630.533 782.612 904.906 147 147 147
1643.308 794.847 899.435 147 147 147
1648.414 799.737 893.969 147 147 147
1652.250 803.412 893.969 147 147 147
1657.365 808.310 888.493 147 147 147
1661.202 811.985 888.493 147 147 147
1666.317 816.883 883.017 147 147 147
1670.153 820.557 883.017 147 147 147
1675.268 825.456 877.540 147 147 147
1679.101 829.128 877.540 147 147 147
1688.062 837.710 869.317 147 147 147
1700.852 849.959 863.840 147 147 147
1705.958 854.849 858.374 147 147 147
1709.794 858.523 858.374 147 147 147
1714.909 863.422 852.898 147 147 147
1718.746 867.096 852.898 147 147 147
1723.861 871.995 847.421 147 147 147
1727.697 875.669 847.421 147 147 147
1732.812 880.568 841.945 147 147 147
1736.645 884.240 841.945 147 147 147
1745.606 892.822 833.722 147 147 147
1758.396 905.071 828.245 147 147 147
1763.502 909.961 822.779 147 147 147
1767.338 913.635 822.779 147 147 147
1772.453 918.534 817.302 147 147 147
1776.289 922.208 817.302 147 147 147
1781.405 927.107 811.826 147 147 147
1785.241 930.781 811.826 147 147 147
1790.356 935.680 806.350 147 147 147
1794.189 939.351 806.350 147 147 147
1803.148 947.932 798.128 147 147 147
1810.837 955.295 795.385 147 147 147
1812.109 956.514 792.660 147 147 147
1815.931 960.174 792.660 147 147 147
1821.046 965.073 787.183 147 147 147
1823.618 967.537 787.183 147 147 147
1825.579 969.415 782.985 147 147 147
1816.609 960.824 755.547 147 147 147
1811.518 955.948 744.646 147 147 147
1825.569 969.405 717.294 147 147 147
1825.569 969.405 550.209 147 147 147
1822.339 966.312 543.293 147 147 147
1818.503 962.638 543.293 147 147 147
1814.055 958.378 533.769 147 147 147
1811.498 955.928 520.078 147 147 147
1808.942 953.480 514.605 147 147 147
1806.385 951.032 495.447 147 147 147
1803.840 948.594 487.271 147 147 147
1805.730 950.405 483.223 147 147 147
1810.816 955.275 477.779 147 147 147
1813.388 957.739 477.779 147 147 147
1815.958 960.200 472.276 147 147 147
1822.352 966.324 466.799 147 147 147
1825.569 969.405 459.910 147 147 147
1825.569 969.405 388.661 147 147 147
1823.012 966.956 383.185 147 147 147
1823.012 966.956 374.970 147 147 147
1820.454 964.506 369.494 147 147 147
1820.454 964.506 361.289 147 147 147
1815.331 959.600 344.834 147 147 147
1799.340 944.285 310.595 147 147 147
1794.200 939.362 302.340 147 147 147
1791.640 936.910 302.340 147 147 147
1783.986 929.579 291.413 147 147 147
1778.847 924.658 285.912 147 147 147
1776.293 922.212 285.912 147 147 147
1769.899 916.088 277.698 147 147 147
1764.795 911.200 277.698 147 147 147
1763.508 909.967 274.942 147 147 147
1760.234 906.831 276.344 147 147 147
1749.978 897.009 298.304 147 147 147
1749.978 897.009 301.101 147 147 147
1755.666 903.842 314.762 147 147 147
1751.223 899.586 324.277 147 147 147
1746.108 894.687 329.753 147 147 147
1740.335 889.158 342.113 147 147 147
1740.335 889.158 344.914 147 147 147
1749.984 898.399 362.820 147 147 147
1752.580 900.886 360.040 147 147 147
1758.989 907.023 360.040 147 147 147
1761.546 909.473 354.564 147 147 147
1770.497 918.046 354.564 147 147 147
1773.055 920.495 349.088 147 147 147
1779.370 926.543 349.088 147 147 147
1783.813 930.798 358.601 147 147 147
1783.813 930.798 361.280 147 147 147
1780.649 927.768 368.055 147 147 147
1776.813 924.094 368.055 147 147 147
1774.255 921.645 373.531 147 147 147
1771.698 919.195 373.531 147 147 147
1770.419 917.970 376.269 147 147 147
1766.583 914.296 376.269 147 147 147
1760.781 908.740 388.690 147 147 147
1762.074 909.978 391.458 147 147 147
1762.074 909.978 402.410 147 147 147
1764.025 911.847 406.588 147 147 147
1767.861 915.521 406.588 147 147 147
1769.179 916.783 409.410 147 147 147
1770.487 918.036 406.611 147 147 147
1775.602 922.934 409.349 147 147 147
1776.895 924.173 406.581 147 147 147
1790.883 937.569 403.858 147 147 147
1792.764 939.371 407.887 147 147 147
1792.764 939.371 421.518 147 147 147
1790.879 937.566 425.555 147 147 147
1783.206 930.218 425.555 147 147 147
1780.645 927.765 431.038 147 147 147
1766.579 914.293 433.776 147 147 147
1764.640 912.436 437.929 147 147 147
1762.074 909.978 446.170 147 147 147
1762.074 909.978 454.375 147 147 147
1759.503 907.516 459.881 147 147 147
1761.489 909.418 464.134 147 147 147
1764.070 911.890 461.370 147 147 147
1774.288 921.676 469.575 147 147 147
1779.389 926.562 466.844 147 147 147
1783.813 930.798 473.610 147 147 147
1783.813 930.798 479.017 147 147 147
1756.959 905.079 533.779 147 147 147
1756.959 905.079 536.518 147 147 147
1751.227 899.589 548.792 147 147 147
1747.390 895.915 551.530 147 147 147
1744.158 892.819 558.452 147 147 147
1745.436 894.044 561.190 147 147 147
1744.155 892.817 563.934 147 147 147
1751.226 899.588 576.322 147 147 147
1756.338 904.485 581.795 147 147 147
1762.074 909.978 594.077 147 147 147
1762.074 909.978 599.553 147 147 147
1765.304 913.072 606.469 147 147 147
1767.859 915.519 606.469 147 147 147
1781.926 928.991 639.326 147 147 147
1783.208 930.219 639.326 147 147 147
1804.258 950.380 681.668 147 147 147
1802.388 948.588 685.674 147 147 147
1797.291 943.707 685.674 147 147 147
1790.898 937.584 691.150 147 147 147
1787.043 933.892 691.150 147 147 147
1785.764 932.667 693.888 147 147 147
1781.928 928.993 693.888 147 147 147
1780.649 927.768 696.626 147 147 147
1776.813 924.094 696.626 147 147 147
1775.534 922.869 699.364 147 147 147
1771.702 919.199 699.364 147 147 147
1764.635 912.431 711.744 147 147 147
1758.241 906.307 766.511 147 147 147
1756.353 904.499 770.555 147 147 147
1752.531 900.839 770.555 147 147 147
1747.416 895.940 776.031 147 147 147
1744.844 893.476 776.031 147 147 147
1742.889 891.604 780.216 147 147 147
1744.175 892.836 791.227 147 147 147
1746.122 894.701 795.398 147 147 147
1748.759 897.226 795.398 147 147 147
1750.037 898.450 792.660 147 147 147
1757.646 905.737 792.660 147 147 147
1760.168 908.153 795.360 147 147 147
1762.066 909.970 802.131 147 147 147
1760.189 908.173 806.150 147 147 147
1757.631 905.723 806.150 147 147 147
1756.353 904.499 808.888 147 147 147
1747.401 895.926 808.888 147 147 147
1746.122 894.701 811.626 147 147 147
1737.190 886.146 811.626 147 147 147
1730.796 880.022 817.102 147 147 147
1728.299 877.630 817.102 147 147 147
1727.004 876.390 814.330 147 147 147
1716.744 866.564 822.568 147 147 147
1711.629 861.665 819.830 147 147 147
1701.399 851.868 828.044 147 147 147
1696.285 846.969 825.306 147 147 147
1682.198 833.478 836.275 147 147 147
1673.246 824.905 839.013 147 147 147
1663.023 815.114 847.221 147 147 147
1659.188 811.440 847.221 147 147 147
1645.121 797.968 858.174 147 147 147
1641.265 794.275 858.174 147 147 147
1639.986 793.050 860.912 147 147 147
1636.164 789.390 860.912 147 147 147
1631.049 784.491 866.388 147 147 147
1627.198 780.803 866.388 147 147 147
1623.357 777.124 874.614 147 147 147
1614.419 768.564 877.348 147 147 147
1609.310 763.671 882.817 147 147 147
1605.459 759.983 882.817 147 147 147
1601.616 756.302 891.046 147 147 147
1588.828 744.055 896.522 147 147 147
1584.999 740.388 904.721 147 147 147
1581.163 736.713 904.721 147 147 147
1577.919 733.607 911.667 147 147 147
1579.873 735.478 915.850 147 147 147
1583.785 739.225 918.642 147 147 147
1585.039 740.425 915.958 147 147 147
1587.557 742.837 921.350 147 147 147
1592.681 747.744 921.350 147 147 147
1596.526 751.428 926.840 147 147 147
1602.975 757.604 924.078 147 147 147
1608.081 762.494 918.612 147 147 147
1611.917 766.168 918.612 147 147 147
1617.032 771.067 913.136 147 147 147
1620.868 774.741 913.136 147 147 147
1625.983 779.640 907.660 147 147 147
1628.556 782.103 907.660 147 147 147
1629.841 783.335 904.906 147 147 147
1642.616 795.570 899.435 147 147 147
1647.722 800.460 893.969 147 147 147
1651.559 804.134 893.969 147 147 147
1656.674 809.033 888.493 147 147 147
1660.510 812.707 888.493 147 147 147
1665.625 817.606 883.017 147 147 147
1669.461 821.280 883.017 147 147 147
1674.576 826.179 877.540 147 147 147
1678.410 829.850 877.540 147 147 147
1687.370 838.432 869.317 147 147 147
1700.160 850.681 863.840 147 147 147
1705.266 855.572 858.374 147 147 147
1709.103 859.246 858.374 147 147 147
1714.218 864.145 852.898 147 147 147
1718.054 867.819 852.898 147 147 147
1723.169 872.717 847.421 147 147 147
1727.005 876.392 847.421 147 147 147
1732.120 881.290 841.945 147 147 147
1735.953 884.962 841.945 147 147 147
1744.914 893.544 833.722 147 147 147
1757.704 905.793 828.245 147 147 147
1762.810 910.683 822.779 147 147 147
1766.647 914.358 822.779 147 147 147
1771.762 919.256 817.302 147 147 147
1775.598 922.931 817.302 147 147 147
1780.713 927.829 811.826 147 147 147
1784.549 931.503 811.826 147 147 147
1789.664 936.402 806.350 147 147 147
1793.497 940.074 806.350 147 147 147
1802.457 948.654 798.128 147 147 147
1810.145 956.017 795.385 147 147 147
1811.418 957.236 792.660 147 147 147
1815.239 960.897 792.660 147 147 147
1820.354 965.795 787.183 147 147 147
1822.926 968.259 787.183 147 147 147
1824.887 970.137 782.985 147 147 147
1815.918 961.546 755.547 147 147 147
1810.826 956.670 744.646 147 147 147
1824.877 970.127 717.294 147 147 147
1824.877 970.127 550.209 147 147 147
1821.648 967.034 543.293 147 147 147
1817.811 963.360 543.293 147 147 147
1813.363 959.100 533.769 147 147 147
1810.806 956.651 520.078 147 147 147
1808.250 954.203 514.605 147 147 147
1805.693 951.754 495.447 147 147 147
1803.148 949.316 487.271 147 147 147
1805.038 951.127 483.223 147 147 147
1810.124 955.998 477.779 147 147 147
1812.696 958.461 477.779 147 147 147
1815.266 960.923 472.276 147 147 147
1821.660 967.046 466.799 147 147 147
1824.877 970.127 459.910 147 147 147
1824.877 970.127 388.661 147 147 147
1822.320 967.678 383.185 147 147 147
1822.320 967.678 374.970 147 147 147
1819.762 965.229 369.494 147 147 147
1819.762 965.229 361.289 147 147 147
1814.639 960.322 344.834 147 147 147
1798.649 945.007 310.595 147 147 147
1793.509 940.085 302.340 147 147 147
1790.949 937.633 302.340 147 147 147
1783.294 930.301 291.413 147 147 147
1778.155 925.380 285.912 147 147 147
1775.601 922.934 285.912 147 147 147
1769.208 916.811 277.698 147 147 147
1764.104 911.922 277.698 147 147 147
1762.817 910.689 274.942 147 147 147
1759.542 907.554 276.344 147 147 147
1749.286 897.731 298.304 147 147 147
1749.286 897.731 301.101 147 147 147
1756.358 903.119 314.762 147 147 147
1751.915 898.864 324.277 147 147 147
1746.800 893.965 329.753 147 147 147
1741.027 888.436 342.113 147 147 147
1741.027 888.436 344.914 147 147 147
1750.676 897.677 362.820 147 147 147
1753.272 900.164 360.040 147 147 147
1759.680 906.301 360.040 147 147 147
1762.238 908.751 354.564 147 147 147
1771.189 917.324 354.564 147 147 147
1773.747 919.773 349.088 147 147 147
1780.062 925.821 349.088 147 147 147
1784.505 930.076 358.601 147 147 147
1784.505 930.076 361.280 147 147 147
1781.341 927.046 368.055 147 147 147
1777.504 923.372 368.055 147 147 147
1774.947 920.922 373.531 147 147 147
1772.389 918.473 373.531 147 147 147
1771.111 917.248 376.269 147 147 147
1767.274 913.574 376.269 147 147 147
1761.473 908.018 388.690 147 147 147
1762.766 909.256 391.458 147 147 147
1762.766 909.256 402.410 147 147 147
1764.717 911.125 406.588 147 147 147
1768.553 914.799 406.588 147 147 147
1769.871 916.061 409.410 147 147 147
1771.179 917.313 406.611 147 147 147
1776.294 922.212 409.349 147 147 147
1777.586 923.450 406.581 147 147 147
1791.574 936.847 403.858 147 147 147
1793.456 938.649 407.887 147 147 147
1793.456 938.649 421.518 147 147 147
1791.571 936.844 425.555 147 147 147
1783.898 929.495 425.555 147 147 147
1781.337 927.043 431.038 147 147 147
1767.271 913.571 433.776 147 147 147
1765.331 911.713 437.929 147 147 147
1762.766 909.256 446.170 147 147 147
1762.766 909.256 454.375 147 147 147
1760.194 906.793 459.881 147 147 147
1762.181 908.696 464.134 147 147 147
1764.762 911.168 461.370 147 147 147
1774.980 920.954 469.575 147 147 147
1780.081 925.839 466.844 147 147 147
1784.505 930.076 473.610 147 147 147
1784.505 930.076 479.017 147 147 147
1757.651 904.357 533.779 147 147 147
1757.651 904.357 536.518 147 147 147
1751.918 898.867 548.792 147 147 147
1748.082 895.193 551.530 147 147 147
1744.849 892.097 558.452 147 147 147
1746.128 893.322 561.190 147 147 147
1744.847 892.094 563.934 147 147 147
1751.917 898.866 576.322 147 147 147
1757.030 903.762 581.795 147 147 147
1762.766 909.256 594.077 147 147 147
1762.766 909.256 599.553 147 147 147
1765.995 912.349 606.469 147 147 147
1768.551 914.797 606.469 147 147 147
1782.617 928.269 639.326 147 147 147
1783.899 929.497 639.326 147 147 147
1804.950 949.658 681.668 147 147 147
1803.079 947.866 685.674 147 147 147
1797.983 942.985 685.674 147 147 147
1791.589 936.862 691.150 147 147 147
1787.734 933.169 691.150 147 147 147
1786.456 931.945 693.888 147 147 147
1782.619 928.271 693.888 147 147 147
1781.341 927.046 696.626 147 147 147
1777.504 923.372 696.626 147 147 147
1776.226 922.147 699.364 147 147 147
1772.394 918.477 699.364 147 147 147
1765.327 911.709 711.744 147 147 147
1758.933 905.585 766.511 147 147 147
1757.044 903.776 770.555 147 147 147
1753.223 900.116 770.555 147 147 147
1748.108 895.217 776.031 147 147 147
1745.535 892.754 776.031 147 147 147
1743.581 890.882 780.216 147 147 147
1744.866 892.113 791.227 147 147 147
1746.814 893.979 795.398 147 147 147
1749.450 896.503 795.398 147 147 147
1750.729 897.728 792.660 147 147 147
1758.338 905.015 792.660 147 147 147
1760.860 907.431 795.360 147 147 147
1762.757 909.248 802.131 147 147 147
1760.880 907.451 806.150 147 147 147
1758.323 905.001 806.150 147 147 147
1757.044 903.776 808.888 147 147 147
1748.093 895.203 808.888 147 147 147
1746.814 893.979 811.626 147 147 147
1737.882 885.424 811.626 147 147 147
1731.488 879.300 817.102 147 147 147
1728.990 876.908 817.102 147 147 147
1727.695 875.668 814.330 147 147 147
1717.436 865.842 822.568 147 147 147
1712.321 860.943 819.830 147 147 147
1702.091 851.146 828.044 147 147 147
1696.976 846.247 825.306 147 147 147
1682.890 832.756 836.275 147 147 147
1673.938 824.183 839.013 147 147 147
1663.715 814.392 847.221 147 147 147
1659.879 810.718 847.221 147 147 147
1645.813 797.246 858.174 147 147 147
1641.956 793.553 858.174 147 147 147
1640.677 792.328 860.912 147 147 147
1636.856 788.668 860.912 147 147 147
1631.741 783.769 866.388 147 147 147
1627.890 780.081 866.388 147 147 147
1624.048 776.402 874.614 147 147 147
1615.110 767.841 877.348 147 147 147
1610.002 762.949 882.817 147 147 147
1606.151 759.261 882.817 147 147 147
1602.308 755.580 891.046 147 147 147
1589.520 743.333 896.522 147 147 147
1585.691 739.665 904.721 147 147 147
1581.855 735.991 904.721 147 147 147
1578.611 732.885 911.667 147 147 147
1580.565 734.756 915.850 147 147 147
1584.477 738.502 918.642 147 147 147
1585.730 739.703 915.958 147 147 147
1588.249 742.115 921.350 147 147 147
1593.372 747.022 921.350 147 147 147
1597.218 750.705 926.840 147 147 147
1603.667 756.881 924.078 147 147 147
1608.773 761.771 918.612 147 147 147
1612.609 765.446 918.612 147 147 147
1617.724 770.344 913.136 147 147 147
1621.560 774.019 913.136 147 147 147
1626.675 778.917 907.660 147 147 147
1629.247 781.381 907.660 147 147 147
1630.533 782.612 904.906 147 147 147
1643.308 794.847 899.435 147 147 147
1648.414 799.737 893.969 147 147 147
1652.250 803.412 893.969 147 147 147
1657.365 808.310 888.493 147 147 147
1661.202 811.985 888.493 147 147 147
1666.317 816.883 883.017 147 147 147
1670.153 820.557 883.017 147 147 147
1675.268 825.456 877.540 147 147 147
1679.101 829.128 877.540 147 147 147
1688.062 837.710 869.317 147 147 147
1700.852 849.959 863.840 147 147 147
1705.958 854.849 858.374 147 147 147
1709.794 858.523 858.374 147 147 147
1714.909 863.422 852.898 147 147 147
1718.746 867.096 852.898 147 147 147
1723.861 871.995 847.421 147 147 147
1727.697 875.669 847.421 147 147 147
1732.812 880.568 841.945 147 147 147
1736.645 884.240 841.945 147 147 147
1745.606 892.822 833.722 147 147 147
1758.396 905.071 828.245 147 147 147
1763.502 909.961 822.779 147 147 147
1767.338 913.635 822.779 147 147 147
1772.453 918.534 817.302 147 147 147
1776.289 922.208 817.302 147 147 147
1781.405 927.107 811.826 147 147 147
1785.241 930.781 811.826 147 147 147
1790.356 935.680 806.350 147 147 147
1794.189 939.351 806.350 147 147 147
1803.148 947.932 798.128 147 147 147
1810.837 955.295 795.385 147 147 147
1812.109 956.514 792.660 147 147 147
1815.931 960.174 792.660 147 147 147
1821.046 965.073 787.183 147 147 147
1823.618 967.537 787.183 147 147 147
1825.579 969.415 782.985 147 147 147
1816.609 960.824 755.547 147 147 147
1811.518 955.948 744.646 147 147 147
1825.569 969.405 717.294 147 147 147
1825.569 969.405 550.209 147 147 147
1822.339 966.312 543.293 147 147 147
1818.503 962.638 543.293 147 147 147
1814.055 958.378 533.769 147 147 147
1811.498 955.928 520.078 147 147 147
1808.942 953.480 514.605 147 147 147
1806.385 951.032 495.447 147 147 147
1803.840 948.594 487.271 147 147 147
1805.730 950.405 483.223 147 147 147
1810.816 955.275 477.779 147 147 147
1813.388 957.739 477.779 147 147 147
1815.958 960.200 472.276 147 147 147
1822.352 966.324 466.799 147 147 147
1825.569 969.405 459.910 147 147 147
1825.569 969.405 388.661 147 147 147
1823.012 966.956 383.185 147 147 147
1823.012 966.956 374.970 147 147 147
1820.454 964.506 369.494 147 147 147
1820.454 964.506 361.289 147 147 147
1815.331 959.600 344.834 147 147 147
1799.340 944.285 310.595 147 147 147
1794.200 939.362 302.340 147 147 147
1791.640 936.910 302.340 147 147 147
1783.986 929.579 291.413 147 147 147
1778.847 924.658 285.912 147 147 147
1776.293 922.212 285.912 147 147 147
1769.899 916.088 277.698 147 147 147
1764.795 911.200 277.698 147 147 147
1763.508 909.967 274.942 147 147 147
1760.234 906.831 276.344 147 147 147
1749.978 897.009 298.304 147 147 147
1749.978 897.009 301.101 147 147 147
1755.666 903.842 314.762 147 147 147
1751.223 899.586 324.277 147 147 147
1746.108 894.687 329.753 147 147 147
1740.335 889.158 342.113 147 147 147
1740.335 889.158 344.914 147 147 147
1749.984 898.399 362.820 147 147 147
1752.580 900.886 360.040 147 147 147
1758.989 907.023 360.040 147 147 147
1761.546 909.473 354.564 147 147 147
1770.497 918.046 354.564 147 147 147
1773.055 920.495 349.088 147 147 147
1779.370 926.543 349.088 147 147 147
1783.813 930.798 358.601 147 147 147
1783.813 930.798 361.280 147 147 147
1780.649 927.768 368.055 147 147 147
1776.813 924.094 368.055 147 147 147
1774.255 921.645 373.531 147 147 147
1771.698 919.195 373.531 147 147 147
1770.419 917.970 376.269 147 147 147
1766.583 914.296 376.269 147 147 147
1760.781 908.740 388.690 147 147 147
1762.074 909.978 391.458 147 147 147
1762.074 909.978 402.410 147 147 147
1764.025 911.847 406.588 147 147 147
1767.861 915.521 406.588 147 147 147
1769.179 916.783 409.410 147 147 147
1770.487 918.036 406.611 147 147 147
1775.602 922.934 409.349 147 147 147
1776.895 924.173 406.581 147 147 147
1790.883 937.569 403.858 147 147 147
1792.764 939.371 407.887 147 147 147
1792.764 939.371 421.518 147 147 147
1790.879 937.566 425.555 147 147 147
1783.206 930.218 425.555 147 147 147
1780.645 927.765 431.038 147 147 147
1766.579 914.293 433.776 147 147 147
1764.640 912.436 437.929 147 147 147
1762.074 909.978 446.170 147 147 147
1762.074 909.978 454.375 147 147 147
1759.503 907.516 459.881 147 147 147
1761.489 909.418 464.134 147 147 147
1764.070 911.890 461.370 147 147 147
1774.288 921.676 469.575 147 147 147
1779.389 926.562 466.844 147 147 147
1783.813 930.798 473.610 147 147 147
1783.813 930.798 479.017 147 147 147
1756.959 905.079 533.779 147 147 147
1756.959 905.079 536.518 147 147 147
1751.227 899.589 548.792 147 147 147
1747.390 895.915 551.530 147 147 147
1744.158 892.819 558.452 147 147 147
1745.436 894.044 561.190 147 147 147
1744.155 892.817 563.934 147 147 147
1751.226 899.588 576.322 147 147 147
1756.338 904.485 581.795 147 147 147
1762.074 909.978 594.077 147 147 147
1762.074 909.978 599.553 147 147 147
1765.304 913.072 606.469 147 147 147
1767.859 915.519 606.469 147 147 147
1781.926 928.991 639.326 147 147 147
1783.208 930.219 639.326 147 147 147
1804.258 950.380 681.668 147 147 147
1802.388 948.588 685.674 147 147 147
1797.291 943.707 685.674 147 147 147
1790.898 937.584 691.150 147 147 147
1787.043 933.892 691.150 147 147 147
1785.764 932.667 693.888 147 147 147
1781.928 928.993 693.888 147 147 147
1780.649 927.768 696.626 147 147 147
1776.813 924.094 696.626 147 147 147
1775.534 922.869 699.364 147 147 147
1771.702 919.199 699.364 147 147 147
1764.635 912.431 711.744 147 147 147
1758.241 906.307 766.511 147 147 147
1756.353 904.499 770.555 147 147 147
1752.531 900.839 770.555 147 147 147
1747.416 895.940 776.031 147 147 147
1744.844 893.476 776.031 147 147 147
1742.889 891.604 780.216 147 147 147
1744.175 892.836 791.227 147 147 147
1746.122 894.701 795.398 147 147 147
1748.759 897.226 795.398 147 147 147
1750.037 898.450 792.660 147 147 147
1757.646 905.737 792.660 147 147 147
1760.168 908.153 795.360 147 147 147
1762.066 909.970 802.131 147 147 147
1760.189 908.173 806.150 147 147 147
1757.631 905.723 806.150 147 147 147
1756.353 904.499 808.888 147 147 147
1747.401 895.926 808.888 147 147 147
1746.122 894.701 811.626 147 147 147
1737.190 886.146 811.626 147 147 147
1730.796 880.022 817.102 147 147 147
1728.299 877.630 817.102 147 147 147
1727.004 876.390 814.330 147 147 147
1716.744 866.564 822.568 147 147 147
1711.629 861.665 819.830 147 147 147
1701.399 851.868 828.044 147 147 147
1696.285 846.969 825.306 147 147 147
1682.198 833.478 836.275 147 147 147
1673.246 824.905 839.013 147 147 147
1663.023 815.114 847.221 147 147 147
1659.188 811.440 847.221 147 147 147
1645.121 797.968 858.174 147 147 147
1641.265 794.275 858.174 147 147 147
1639.986 793.050 860.912 147 147 147
1636.164 789.390 860.912 147 147 147
1631.049 784.491 866.388 147 147 147
1627.198 780.803 866.388 147 147 147
1623.357 777.124 874.614 147 147 147
1614.419 768.564 877.348 147 147 147
1609.310 763.671 882.817 147 147 147
1605.459 759.983 882.817 147 147 147
1601.616 756.302 891.046 147 147 147
1588.828 744.055 896.522 147 147 147
1584.999 740.388 904.721 147 147 147
1581.163 736.713 904.721 147 147 147
1577.919 733.607 911.667 147 147 147
1579.873 735.478 915.850 147 147 147
1583.785 739.225 918.642 147 147 147
1585.039 740.425 915.958 147 147 147
1587.557 742.837 921.350 147 147 147
1592.681 747.744 921.350 147 147 147
1596.526 751.428 926.840 147 147 147
1602.975 757.604 924.078 147 147 147
1608.081 762.494 918.612 147 147 147
1611.917 766.168 918.612 147 147 147
1617.032 771.067 913.136 147 147 147
1620.868 774.741 913.136 147 147 147
1625.983 779.640 907.660 147 147 147
1628.556 782.103 907.660 147 147 147
1629.841 783.335 904.906 147 147 147
1642.616 795.570 899.435 147 147 147
1647.722 800.460 893.969 147 147 147
1651.559 804.134 893.969 147 147 147
1656.674 809.033 888.493 147 147 147
1660.510 812.707 888.493 147 147 147
1665.625 817.606 883.017 147 147 147
1669.461 821.280 883.017 147 147 147
1674.576 826.179 877.540 147 147 147
1678.410 829.850 877.540 147 147 147
1687.370 838.432 869.317 147 147 147
1700.160 850.681 863.840 147 147 147
1705.266 855.572 858.374 147 147 147
1709.103 859.246 858.374 147 147 147
1714.218 864.145 852.898 147 147 147
1718.054 867.819 852.898 147 147 147
1723.169 872.717 847.421 147 147 147
1727.005 876.392 847.421 147 147 147
1732.120 881.290 841.945 147 147 147
1735.953 884.962 841.945 147 147 147
1744.914 893.544 833.722 147 147 147
1757.704 905.793 828.245 147 147 147
1762.810 910.683 822.779 147 147 147
1766.647 914.358 822.779 147 147 147
1771.762 919.256 817.302 147 147 147
1775.598 922.931 817.302 147 147 147
1780.713 927.829 811.826 147 147 147
1784.549 931.503 811.826 147 147 147
1789.664 936.402 806.350 147 147 147
1793.497 940.074 806.350 147 147 147
1802.457 948.654 798.128 147 147 147
1810.145 956.017 795.385 147 147 147
1811.418 957.236 792.660 147 147 147
1815.239 960.897 792.660 147 147 147
1820.354 965.795 787.183 147 147 147
1822.926 968.259 787.183 147 147 147
1824.887 970.137 782.985 147 147 147
1815.918 961.546 755.547 147 147 147
1810.826 956.670 744.646 147 147 147
1824.877 970.127 717.294 147 147 147
1824.877 970.127 550.209 147 147 147
1821.648 967.034 543.293 147 147 147
1817.811 963.360 543.293 147 147 147
1813.363 959.100 533.769 147 147 147
1810.806 956.651 520.078 147 147 147
1808.250 954.203 514.605 147 147 147
1805.693 951.754 495.447 147 147 147
1803.148 949.316 487.271 147 147 147
1805.038 951.127 483.223 147 147 147
1810.124 955.998 477.779 147 147 147
1812.696 958.461 477.779 147 147 147
1815.266 960.923 472.276 147 147 147
1821.660 967.046 466.799 147 147 147
1824.877 970.127 459.910 147 147 147
1824.877 970.127 388.661 147 147 147
1822.320 967.678 383.185 147 147 147
1822.320 967.678 374.970 147 147 147
1819.762 965.229 369.494 147 147 147
1819.762 965.229 361.289 147 147 147
1814.639 960.322 344.834 147 147 147
1798.649 945.007 310.595 147 147 147
1793.509 940.085 302.340 147 147 147
1790.949 937.633 302.340 147 147 147
1783.294 930.301 291.413 147 147 147
1778.155 925.380 285.912 147 147 147
1775.601 922.934 285.912 147 147 147
1769.208 916.811 277.698 147 147 147
1764.104 911.922 277.698 147 147 147
1762.817 910.689 274.942 147 147 147
1759.542 907.554 276.344 147 147 147
1749.286 897.731 298.304 147 147 147
1749.286 897.731 301.101 147 147 147
1776.226 922.147 275.160 147 147 147
1778.796 924.608 275.160 147 147 147
1790.294 935.620 288.837 147 147 147
1795.403 940.514 291.572 147 147 147
1806.909 951.534 310.734 147 147 147
1810.816 955.276 313.523 147 147 147
1813.388 957.739 308.017 147 147 147
1815.938 960.181 308.017 147 147 147
1820.473 964.524 301.082 147 147 147
1814.683 958.979 288.685 147 147 147
1808.262 952.830 280.436 147 147 147
1805.716 950.391 280.436 147 147 147
1801.894 946.731 272.253 147 147 147
1794.192 939.354 264.007 147 147 147
1791.637 936.907 264.007 147 147 147
1780.121 925.878 250.308 147 147 147
1775.581 921.530 251.697 147 147 147
1774.274 920.278 254.494 147 147 147
1774.274 920.278 270.982 147 147 147
1775.534 922.869 275.160 147 147 147
1778.104 925.331 275.160 147 147 147
1789.602 936.343 288.837 147 147 147
1794.711 941.236 291.572 147 147 147
1806.217 952.256 310.734 147 147 147
1810.125 955.998 313.523 147 147 147
1812.696 958.461 308.017 147 147 147
1815.247 960.904 308.017 147 147 147
1819.781 965.246 301.082 147 147 147
1813.992 959.702 288.685 147 147 147
1807.570 953.552 280.436 147 147 147
1805.024 951.113 280.436 147 147 147
1801.202 947.453 272.253 147 147 147
1793.500 940.076 264.007 147 147 147
1790.945 937.629 264.007 147 147 147
1779.429 926.600 250.308 147 147 147
1774.889 922.252 251.697 147 147 147
1773.583 921.001 254.494 147 147 147
1773.583 921.001 270.982 147 147 147
1776.226 922.147 275.160 147 147 147
1778.796 924.608 275.160 147 147 147
1790.294 935.620 288.837 147 147 147
1795.403 940.514 291.572 147 147 147
1806.909 951.534 310.734 147 147 147
1810.816 955.276 313.523 147 147 147
1813.388 957.739 308.017 147 147 147
1815.938 960.181 308.017 147 147 147
1820.473 964.524 301.082 147 147 147
1814.683 958.979 288.685 147 147 147
1808.262 952.830 280.436 147 147 147
1805.716 950.391 280.436 147 147 147
1801.894 946.731 272.253 147 147 147
1794.192 939.354 264.007 147 147 147
1791.637 936.907 264.007 147 147 147
1780.121 925.878 250.308 147 147 147
1775.581 921.530 251.697 147 147 147
1774.274 920.278 254.494 147 147 147
1774.274 920.278 270.982 147 147 147
1775.534 922.869 275.160 147 147 147
1778.104 925.331 275.160 147 147 147
1789.602 936.343 288.837 147 147 147
1794.711 941.236 291.572 147 147 147
1806.217 952.256 310.734 147 147 147
1810.125 955.998 313.523 147 147 147
1812.696 958.461 308.017 147 147 147
1815.247 960.904 308.017 147 147 147
1819.781 965.246 301.082 147 147 147
1813.992 959.702 288.685 147 147 147
1807.570 953.552 280.436 147 147 147
1805.024 951.113 280.436 147 147 147
1801.202 947.453 272.253 147 147 147
1793.500 940.076 264.007 147 147 147
1790.945 937.629 264.007 147 147 147
1779.429 926.600 250.308 147 147 147
1774.889 922.252 251.697 147 147 147
1773.583 921.001 254.494 147 147 147
1773.583 921.001 270.982 147 147 147
1592.077 745.781 650.102 147 147 147
1581.850 735.987 666.525 147 147 147
1572.891 727.406 672.006 147 147 147
1567.105 721.865 687.148 147 147 147
1568.382 723.088 689.883 147 147 147
1553.050 708.404 725.449 147 147 147
1553.050 708.404 728.181 147 147 147
1544.083 699.816 744.638 147 147 147
1547.328 702.924 751.588 147 147 147
1556.280 711.497 751.588 147 147 147
1557.580 712.742 754.372 147 147 147
1560.137 715.192 751.634 147 147 147
1561.395 716.396 754.326 147 147 147
1569.067 723.744 754.326 147 147 147
1570.360 724.983 757.095 147 147 147
1574.196 728.657 754.357 147 147 147
1575.461 729.868 757.064 147 147 147
1578.099 732.394 757.064 147 147 147
1592.165 745.866 724.207 147 147 147
1597.260 750.745 724.207 147 147 147
1603.653 756.869 718.731 147 147 147
1608.768 761.767 718.731 147 147 147
1615.162 767.891 713.255 147 147 147
1620.277 772.790 713.255 147 147 147
1626.671 778.913 707.779 147 147 147
1631.786 783.812 707.779 147 147 147
1638.180 789.936 702.302 147 147 147
1643.295 794.835 702.302 147 147 147
1649.689 800.958 696.826 147 147 147
1654.804 805.857 696.826 147 147 147
1661.197 811.981 691.350 147 147 147
1666.312 816.879 691.350 147 147 147
1672.706 823.003 685.874 147 147 147
1677.821 827.902 685.874 147 147 147
1684.215 834.025 680.398 147 147 147
1689.330 838.924 680.398 147 147 147
1695.729 845.053 674.917 147 147 147
1707.244 856.081 672.177 147 147 147
1713.059 861.650 665.260 147 147 147
1703.380 852.380 641.772 147 147 147
1702.097 851.152 644.518 147 147 147
1698.964 848.151 637.809 147 147 147
1695.745 845.068 628.161 147 147 147
1685.429 835.188 630.922 147 147 147
1684.176 833.988 633.604 147 147 147
1681.619 831.539 630.866 147 147 147
1680.319 830.294 633.650 147 147 147
1675.204 825.395 633.650 147 147 147
1673.925 824.170 636.388 147 147 147
1668.810 819.272 636.388 147 147 147
1667.531 818.047 639.126 147 147 147
1662.416 813.148 639.126 147 147 147
1661.159 811.944 641.819 147 147 147
1658.601 809.494 639.081 147 147 147
1657.301 808.249 641.864 147 147 147
1652.186 803.350 641.864 147 147 147
1650.908 802.126 644.602 147 147 147
1645.792 797.227 644.602 147 147 147
1644.514 796.002 647.340 147 147 147
1642.035 793.628 647.340 147 147 147
1640.717 792.366 644.518 147 147 147
1639.438 791.141 647.256 147 147 147
1636.920 788.729 641.864 147 147 147
1634.354 786.271 641.864 147 147 147
1626.639 778.883 630.852 147 147 147
1625.372 777.669 633.566 147 147 147
1622.854 775.257 628.174 147 147 147
1620.287 772.799 628.174 147 147 147
1616.444 769.119 622.688 147 147 147
1611.907 764.773 624.076 147 147 147
1598.471 751.905 644.625 147 147 147
1591.385 746.503 650.102 147 147 147
1581.158 736.709 666.525 147 147 147
1572.199 728.128 672.006 147 147 147
1566.413 722.587 687.148 147 147 147
1567.690 723.810 689.883 147 147 147
1552.358 709.126 725.449 147 147 147
1552.358 709.126 728.181 147 147 147
1543.391 700.538 744.638 147 147 147
1546.637 703.646 751.588 147 147 147
1555.588 712.219 751.588 147 147 147
1556.888 713.464 754.372 147 147 147
1559.446 715.914 751.634 147 147 147
1560.703 717.118 754.326 147 147 147
1568.375 724.466 754.326 147 147 147
1569.668 725.705 757.095 147 147 147
1573.505 729.379 754.357 147 147 147
1574.769 730.590 757.064 147 147 147
1577.407 733.116 757.064 147 147 147
1591.474 746.588 724.207 147 147 147
1596.568 751.467 724.207 147 147 147
1602.962 757.591 718.731 147 147 147
1608.077 762.490 718.731 147 147 147
1614.471 768.613 713.255 147 147 147
1619.586 773.512 713.255 147 147 147
1625.979 779.636 707.779 147 147 147
1631.094 784.534 707.779 147 147 147
1637.488 790.658 702.302 147 147 147
1642.603 795.557 702.302 147 147 147
1648.997 801.680 696.826 147 147 147
1654.112 806.579 696.826 147 147 147
1660.506 812.703 691.350 147 147 147
1665.621 817.602 691.350 147 147 147
1672.015 823.725 685.874 147 147 147
1677.130 828.624 685.874 147 147 147
1683.523 834.748 680.398 147 147 147
1688.638 839.646 680.398 147 147 147
1695.038 845.775 674.917 147 147 147
1706.552 856.803 672.177 147 147 147
1712.367 862.372 665.260 147 147 147
1702.688 853.102 641.772 147 147 147
1701.405 851.874 644.518 147 147 147
1698.272 848.873 637.809 147 147 147
1695.053 845.790 628.161 147 147 147
1684.738 835.910 630.922 147 147 147
1683.485 834.711 633.604 147 147 147
1680.927 832.261 630.866 147 147 147
1679.627 831.016 633.650 147 147 147
1674.512 826.117 633.650 147 147 147
1673.233 824.893 636.388 147 147 147
1668.118 819.994 636.388 147 147 147
1666.840 818.769 639.126 147 147 147
1661.725 813.870 639.126 147 147 147
1660.467 812.666 641.819 147 147 147
1657.910 810.216 639.081 147 147 147
1656.610 808.971 641.864 147 147 147
1651.495 804.072 641.864 147 147 147
1650.216 802.848 644.602 147 147 147
1645.101 797.949 644.602 147 147 147
1643.822 796.724 647.340 147 147 147
1641.343 794.350 647.340 147 147 147
1640.025 793.088 644.518 147 147 147
1638.746 791.863 647.256 147 147 147
1636.228 789.451 641.864 147 147 147
1633.662 786.993 641.864 147 147 147
1625.947 779.605 630.852 147 147 147
1624.680 778.391 633.566 147 147 147
1622.162 775.979 628.174 147 147 147
1619.596 773.522 628.174 147 147 147
1615.753 769.841 622.688 147 147 147
1611.215 765.495 624.076 147 147 147
1597.779 752.628 644.625 147 147 147
1592.077 745.781 650.102 147 147 147
1581.850 735.987 666.525 147 147 147
1572.891 727.406 672.006 147 147 147
1567.105 721.865 687.148 147 147 147
1568.382 723.088 689.883 147 147 147
1553.050 708.404 725.449 147 147 147
1553.050 708.404 728.181 147 147 147
1544.083 699.816 744.638 147 147 147
1547.328 702.924 751.588 147 147 147
1556.280 711.497 751.588 147 147 147
1557.580 712.742 754.372 147 147 147
1560.137 715.192 751.634 147 147 147
1561.395 716.396 754.326 147 147 147
1569.067 723.744 754.326 147 147 147
1570.360 724.983 757.095 147 147 147
1574.196 728.657 754.357 147 147 147
1575.461 729.868 757.064 147 147 147
1578.099 732.394 757.064 147 147 147
1592.165 745.866 724.207 147 147 147
1597.260 750.745 724.207 147 147 147
1603.653 756.869 718.731 147 147 147
1608.768 761.767 718.731 147 147 147
1615.162 767.891 713.255 147 147 147
1620.277 772.790 713.255 147 147 147
1626.671 778.913 707.779 147 147 147
1631.786 783.812 707.779 147 147 147
1638.180 789.936 702.302 147 147 147
1643.295 794.835 702.302 147 147 147
1649.689 800.958 696.826 147 147 147
1654.804 805.857 696.826 147 147 147
1661.197 811.981 691.350 147 147 147
1666.312 816.879 691.350 147 147 147
1672.706 823.003 685.874 147 147 147
1677.821 827.902 685.874 147 147 147
1684.215 834.025 680.398 147 147 147
1689.330 838.924 680.398 147 147 147
1695.729 845.053 674.917 147 147 147
1707.244 856.081 672.177 147 147 147
1713.059 861.650 665.260 147 147 147
1703.380 852.380 641.772 147 147 147
1702.097 851.152 644.518 147 147 147
1698.964 848.151 637.809 147 147 147
1695.745 845.068 628.161 147 147 147
1685.429 835.188 630.922 147 147 147
1684.176 833.988 633.604 147 147 147
1681.619 831.539 630.866 147 147 147
1680.319 830.294 633.650 147 147 147
1675.204 825.395 633.650 147 147 147
1673.925 824.170 636.388 147 147 147
1668.810 819.272 636.388 147 147 147
1667.531 818.047 639.126 147 147 147
1662.416 813.148 639.126 147 147 147
1661.159 811.944 641.819 147 147 147
1658.601 809.494 639.081 147 147 147
1657.301 808.249 641.864 147 147 147
1652.186 803.350 641.864 147 147 147
1650.908 802.126 644.602 147 147 147
1645.792 797.227 644.602 147 147 147
1644.514 796.002 647.340 147 147 147
1642.035 793.628 647.340 147 147 147
1640.717 792.366 644.518 147 147 147
1639.438 791.141 647.256 147 147 147
1636.920 788.729 641.864 147 147 147
1634.354 786.271 641.864 147 147 147
1626.639 778.883 630.852 147 147 147
1625.372 777.669 633.566 147 147 147
1622.854 775.257 628.174 147 147 147
1620.287 772.799 628.174 147 147 147
1616.444 769.119 622.688 147 147 147
1611.907 764.773 624.076 147 147 147
1598.471 751.905 644.625 147 147 147
1591.385 746.503 650.102 147 147 147
1581.158 736.709 666.525 147 147 147
1572.199 728.128 672.006 147 147 147
1566.413 722.587 687.148 147 147 147
1567.690 723.810 689.883 147 147 147
1552.358 709.126 725.449 147 147 147
1552.358 709.126 728.181 147 147 147
1543.391 700.538 744.638 147 147 147
1546.637 703.646 751.588 147 147 147
1555.588 712.219 751.588 147 147 147
1556.888 713.464 754.372 147 147 147
1559.446 715.914 751.634 147 147 147
1560.703 717.118 754.326 147 147 147
1568.375 724.466 754.326 147 147 147
1569.668 725.705 757.095 147 147 147
1573.505 729.379 754.357 147 147 147
1574.769 730.590 757.064 147 147 147
1577.407 733.116 757.064 147 147 147
1591.474 746.588 724.207 147 147 147
1596.568 751.467 724.207 147 147 147
1602.962 757.591 718.731 147 147 147
1608.077 762.490 718.731 147 147 147
1614.471 768.613 713.255 147 147 147
1619.586 773.512 713.255 147 147 147
1625.979 779.636 707.779 147 147 147
1631.094 784.534 707.779 147 147 147
1637.488 790.658 702.302 147 147 147
1642.603 795.557 702.302 147 147 147
1648.997 801.680 696.826 147 147 147
1654.112 806.579 696.826 147 147 147
1660.506 812.703 691.350 147 147 147
1665.621 817.602 691.350 147 147 147
1672.015 823.725 685.874 147 147 147
1677.130 828.624 685.874 147 147 147
1683.523 834.748 680.398 147 147 147
1688.638 839.646 680.398 147 147 147
1695.038 845.775 674.917 147 147 147
1706.552 856.803 672.177 147 147 147
1712.367 862.372 665.260 147 147 147
1702.688 853.102 641.772 147 147 147
1701.405 851.874 644.518 147 147 147
1698.272 848.873 637.809 147 147 147
1695.053 845.790 628.161 147 147 147
1684.738 835.910 630.922 147 147 147
1683.485 834.711 633.604 147 147 147
1680.927 832.261 630.866 147 147 147
1679.627 831.016 633.650 147 147 147
1674.512 826.117 633.650 147 147 147
1673.233 824.893 636.388 147 147 147
1668.118 819.994 636.388 147 147 147
1666.840 818.769 639.126 147 147 147
1661.725 813.870 639.126 147 147 147
1660.467 812.666 641.819 147 147 147
1657.910 810.216 639.081 147 147 147
1656.610 808.971 641.864 147 147 147
1651.495 804.072 641.864 147 147 147
1650.216 802.848 644.602 147 147 147
1645.101 797.949 644.602 147 147 147
1643.822 796.724 647.340 147 147 147
1641.343 794.350 647.340 147 147 147
1640.025 793.088 644.518 147 147 147
1638.746 791.863 647.256 147 147 147
1636.228 789.451 641.864 147 147 147
1633.662 786.993 641.864 147 147 147
1625.947 779.605 630.852 147 147 147
1624.680 778.391 633.566 147 147 147
1622.162 775.979 628.174 147 147 147
1619.596 773.522 628.174 147 147 147
1615.753 769.841 622.688 147 147 147
1611.215 765.495 624.076 147 147 147
1597.779 752.628 644.625 147 147 147
1506.270 550.930 698.071 147 147 147
1506.270 550.930 977.405 147 147 147
1507.800 552.412 981.607 147 147 147
1514.865 559.261 978.834 147 147 147
1515.856 560.222 976.112 147 147 147
1519.824 564.068 976.112 147 147 147
1524.808 568.900 970.636 147 147 147
1528.796 572.765 970.636 147 147 147
1533.780 577.596 965.160 147 147 147
1536.789 580.514 965.160 147 147 147
1537.786 581.480 962.421 147 147 147
1541.754 585.327 962.421 147 147 147
1546.738 590.158 956.945 147 147 147
1550.726 594.023 956.945 147 147 147
1555.710 598.855 951.469 147 147 147
1559.697 602.720 951.469 147 147 147
1564.681 607.552 945.993 147 147 147
1567.691 610.469 945.993 147 147 147
1568.693 611.440 943.241 147 147 147
1576.668 619.171 940.503 147 147 147
1577.659 620.132 937.779 147 147 147
1581.628 623.979 937.779 147 147 147
1586.612 628.810 932.302 147 147 147
1590.599 632.675 932.302 147 147 147
1595.583 637.507 926.826 147 147 147
1599.571 641.372 926.826 147 147 147
1604.555 646.203 921.350 147 147 147
1607.564 649.121 921.350 147 147 147
1608.561 650.087 918.612 147 147 147
1612.529 653.934 918.612 147 147 147
1617.521 658.772 913.128 147 147 147
1625.513 666.519 910.384 147 147 147
1626.504 667.480 907.660 147 147 147
1630.472 671.327 907.660 147 147 147
1635.457 676.158 902.183 147 147 147
1639.444 680.024 902.183 147 147 147
1644.428 684.855 896.707 147 147 147
1647.438 687.773 896.707 147 147 147
1648.435 688.739 893.969 147 147 147
1652.403 692.585 893.969 147 147 147
1657.394 697.424 888.485 147 147 147
1665.386 705.171 885.741 147 147 147
1666.378 706.132 883.017 147 147 147
1670.346 709.979 883.017 147 147 147
1675.330 714.810 877.540 147 147 147
1678.340 717.728 877.540 147 147 147
1679.336 718.694 874.802 147 147 147
1683.305 722.541 874.802 147 147 147
1688.296 727.379 869.318 147 147 147
1696.288 735.126 866.574 147 147 147
1697.279 736.087 863.850 147 147 147
1701.267 739.952 863.850 147 147 147
1703.216 741.842 858.495 147 147 147
1704.213 742.809 861.233 147 147 147
1705.789 744.336 856.905 147 147 147
1704.213 742.809 852.576 147 147 147
1703.216 741.842 855.315 147 147 147
1702.264 740.919 852.698 147 147 147
1698.262 737.039 852.698 147 147 147
1690.238 729.261 841.678 147 147 147
1689.241 728.295 844.416 147 147 147
1687.247 726.363 841.678 147 147 147
1686.226 725.373 844.483 147 147 147
1683.246 722.484 844.483 147 147 147
1678.256 717.646 852.708 147 147 147
1670.289 709.923 855.444 147 147 147
1665.312 705.099 860.912 147 147 147
1661.305 701.215 860.912 147 147 147
1660.308 700.249 863.650 147 147 147
1658.315 698.316 863.650 147 147 147
1656.315 696.378 869.142 147 147 147
1649.338 689.614 871.880 147 147 147
1648.346 688.653 874.602 147 147 147
1644.378 684.807 874.602 147 147 147
1639.394 679.975 880.079 147 147 147
1635.388 676.092 880.079 147 147 147
1634.435 675.168 882.696 147 147 147
1633.482 674.244 880.079 147 147 147
1629.407 670.294 880.079 147 147 147
1628.405 669.323 882.831 147 147 147
1620.430 661.592 885.569 147 147 147
1619.438 660.631 888.293 147 147 147
1615.451 656.766 888.293 147 147 147
1614.464 655.809 891.005 147 147 147
1609.502 650.999 888.279 147 147 147
1604.505 646.155 893.769 147 147 147
1600.498 642.271 893.769 147 147 147
1599.546 641.348 896.386 147 147 147
1598.593 640.424 893.769 147 147 147
1594.517 636.473 893.769 147 147 147
1593.521 635.507 896.507 147 147 147
1589.533 631.642 896.507 147 147 147
1588.546 630.685 899.219 147 147 147
1583.562 625.854 896.481 147 147 147
1582.600 624.921 899.124 147 147 147
1581.647 623.997 896.507 147 147 147
1572.675 615.300 896.507 147 147 147
1571.634 614.291 893.648 147 147 147
1570.638 613.325 896.386 147 147 147
1569.685 612.402 893.769 147 147 147
1561.710 604.671 893.769 147 147 147
1560.713 603.705 891.031 147 147 147
1556.638 599.754 891.031 147 147 147
1555.685 598.831 893.648 147 147 147
1554.732 597.907 891.031 147 147 147
1551.742 595.008 891.031 147 147 147
1549.748 593.076 885.555 147 147 147
1546.749 590.169 885.555 147 147 147
1543.788 587.298 880.132 147 147 147
1540.786 584.388 866.388 147 147 147
1538.783 582.446 866.388 147 147 147
1537.315 581.024 862.357 147 147 147
1537.315 581.024 851.452 147 147 147
1538.788 582.451 847.408 147 147 147
1546.763 590.182 844.669 147 147 147
1547.755 591.143 841.945 147 147 147
1551.742 595.008 841.945 147 147 147
1552.739 595.975 839.207 147 147 147
1557.723 600.806 839.207 147 147 147
1558.720 601.772 836.469 147 147 147
1562.707 605.638 836.469 147 147 147
1563.704 606.604 833.731 147 147 147
1567.691 610.469 833.731 147 147 147
1568.688 611.435 830.993 147 147 147
1572.675 615.300 830.993 147 147 147
1573.672 616.267 828.255 147 147 147
1577.659 620.132 828.255 147 147 147
1578.656 621.098 825.517 147 147 147
1582.644 624.963 825.517 147 147 147
1583.640 625.930 822.779 147 147 147
1587.628 629.795 822.779 147 147 147
1588.625 630.761 820.040 147 147 147
1592.612 634.626 820.040 147 147 147
1593.609 635.593 817.302 147 147 147
1597.596 639.458 817.302 147 147 147
1598.593 640.424 814.564 147 147 147
1601.593 643.332 814.564 147 147 147
1603.112 644.804 807.610 147 147 147
1597.596 639.458 792.460 147 147 147
1594.517 636.473 792.460 147 147 147
1593.521 635.507 795.198 147 147 147
1588.536 630.676 795.198 147 147 147
1587.540 629.709 797.936 147 147 147
1583.552 625.844 797.936 147 147 147
1582.555 624.878 800.674 147 147 147
1578.568 621.013 800.674 147 147 147
1577.571 620.046 803.412 147 147 147
1573.584 616.181 803.412 147 147 147
1572.587 615.215 806.150 147 147 147
1567.603 610.383 806.150 147 147 147
1566.606 609.417 808.888 147 147 147
1562.619 605.552 808.888 147 147 147
1561.622 604.586 811.626 147 147 147
1557.635 600.721 811.626 147 147 147
1556.638 599.754 814.364 147 147 147
1552.650 595.889 814.364 147 147 147
1551.654 594.923 817.102 147 147 147
1546.669 590.091 817.102 147 147 147
1545.673 589.125 819.840 147 147 147
1543.767 587.278 819.840 147 147 147
1542.307 585.863 815.830 147 147 147
1548.770 592.127 795.349 147 147 147
1557.742 600.825 778.918 147 147 147
1560.733 603.724 767.963 147 147 147
1564.695 607.564 759.802 147 147 147
1566.696 609.505 759.802 147 147 147
1576.680 619.182 729.638 147 147 147
1579.196 621.622 725.490 147 147 147
1574.669 617.233 713.055 147 147 147
1570.682 613.368 713.055 147 147 147
1569.685 612.402 710.317 147 147 147
1559.717 602.739 710.317 147 147 147
1558.720 601.772 707.579 147 147 147
1553.736 596.941 707.579 147 147 147
1552.727 595.963 704.807 147 147 147
1548.716 592.075 707.561 147 147 147
1543.699 587.212 702.048 147 147 147
1542.726 586.269 704.719 147 147 147
1541.774 585.345 702.102 147 147 147
1539.706 583.341 702.102 147 147 147
1537.737 581.432 704.807 147 147 147
1532.734 576.582 699.310 147 147 147
1531.761 575.640 701.981 147 147 147
1530.808 574.716 699.364 147 147 147
1527.730 571.732 699.364 147 147 147
1526.753 570.785 702.048 147 147 147
1521.818 566.001 696.626 147 147 147
1511.869 556.357 696.626 147 147 147
1510.865 555.384 693.870 147 147 147
1507.289 551.917 695.273 147 147 147
1505.574 551.648 698.071 147 147 147
1505.574 551.648 977.405 147 147 147
1507.104 553.130 981.607 147 147 147
1514.169 559.979 978.834 147 147 147
1515.160 560.940 976.112 147 147 147
1519.128 564.786 976.112 147 147 147
1524.112 569.618 970.636 147 147 147
1528.099 573.483 970.636 147 147 147
1533.084 578.314 965.160 147 147 147
1536.093 581.232 965.160 147 147 147
1537.090 582.198 962.421 147 147 147
1541.058 586.045 962.421 147 147 147
1546.042 590.876 956.945 147 147 147
1550.030 594.741 956.945 147 147 147
1555.014 599.573 951.469 147 147 147
1559.001 603.438 951.469 147 147 147
1563.985 608.270 945.993 147 147 147
1566.995 611.187 945.993 147 147 147
1567.997 612.158 943.241 147 147 147
1575.972 619.889 940.503 147 147 147
1576.963 620.850 937.779 147 147 147
1580.932 624.697 937.779 147 147 147
1585.916 629.528 932.302 147 147 147
1589.903 633.393 932.302 147 147 147
1594.887 638.225 926.826 147 147 147
1598.875 642.090 926.826 147 147 147
1603.859 646.921 921.350 147 147 147
1606.868 649.839 921.350 147 147 147
1607.865 650.805 918.612 147 147 147
1611.833 654.652 918.612 147 147 147
1616.825 659.490 913.128 147 147 147
1624.816 667.237 910.384 147 147 147
1625.808 668.198 907.660 147 147 147
1629.776 672.045 907.660 147 147 147
1634.761 676.876 902.183 147 147 147
1638.748 680.742 902.183 147 147 147
1643.732 685.573 896.707 147 147 147
1646.742 688.491 896.707 147 147 147
1647.739 689.457 893.969 147 147 147
1651.707 693.303 893.969 147 147 147
1656.698 698.142 888.485 147 147 147
1664.690 705.889 885.741 147 147 147
1665.682 706.850 883.017 147 147 147
1669.650 710.697 883.017 147 147 147
1674.634 715.528 877.540 147 147 147
1677.644 718.446 877.540 147 147 147
1678.640 719.412 874.802 147 147 147
1682.609 723.259 874.802 147 147 147
1687.600 728.097 869.318 147 147 147
1695.592 735.844 866.574 147 147 147
1696.583 736.805 863.850 147 147 147
1700.571 740.670 863.850 147 147 147
1702.520 742.560 858.495 147 147 147
1703.517 743.527 861.233 147 147 147
1705.093 745.054 856.905 147 147 147
1703.517 743.527 852.576 147 147 147
1702.520 742.560 855.315 147 147 147
1701.568 741.637 852.698 147 147 147
1697.566 737.757 852.698 147 147 147
1689.542 729.980 841.678 147 147 147
1688.545 729.013 844.416 147 147 147
1686.551 727.081 841.678 147 147 147
1685.530 726.091 844.483 147 147 147
1682.550 723.202 844.483 147 147 147
1677.560 718.364 852.708 147 147 147
1669.593 710.641 855.444 147 147 147
1664.616 705.817 860.912 147 147 147
1660.609 701.933 860.912 147 147 147
1659.612 700.967 863.650 147 147 147
1657.619 699.034 863.650 147 147 147
1655.619 697.096 869.142 147 147 147
1648.642 690.332 871.880 147 147 147
1647.650 689.371 874.602 147 147 147
1643.682 685.525 874.602 147 147 147
1638.698 680.693 880.079 147 147 147
1634.692 676.810 880.079 147 147 147
1633.739 675.886 882.696 147 147 147
1632.786 674.962 880.079 147 147 147
1628.711 671.012 880.079 147 147 147
1627.709 670.041 882.831 147 147 147
1619.734 662.310 885.569 147 147 147
1618.742 661.349 888.293 147 147 147
1614.755 657.484 888.293 147 147 147
1613.768 656.527 891.005 147 147 147
1608.806 651.717 888.279 147 147 147
1603.809 646.873 893.769 147 147 147
1599.802 642.989 893.769 147 147 147
1598.850 642.066 896.386 147 147 147
1597.897 641.142 893.769 147 147 147
1593.821 637.191 893.769 147 147 147
1592.825 636.225 896.507 147 147 147
1588.837 632.360 896.507 147 147 147
1587.850 631.403 899.219 147 147 147
1582.866 626.572 896.481 147 147 147
1581.904 625.639 899.124 147 147 147
1580.951 624.715 896.507 147 147 147
1571.979 616.018 896.507 147 147 147
1570.938 615.009 893.648 147 147 147
1569.942 614.043 896.386 147 147 147
1568.989 613.120 893.769 147 147 147
1561.014 605.389 893.769 147 147 147
1560.017 604.423 891.031 147 147 147
1555.942 600.472 891.031 147 147 147
1554.989 599.549 893.648 147 147 147
1554.036 598.625 891.031 147 147 147
1551.046 595.726 891.031 147 147 147
1549.052 593.794 885.555 147 147 147
1546.053 590.887 885.555 147 147 147
1543.092 588.016 880.132 147 147 147
1540.090 585.106 866.388 147 147 147
1538.087 583.164 866.388 147 147 147
1536.619 581.742 862.357 147 147 147
1536.619 581.742 851.452 147 147 147
1538.092 583.169 847.408 147 147 147
1546.067 590.900 844.669 147 147 147
1547.058 591.861 841.945 147 147 147
1551.046 595.726 841.945 147 147 147
1552.043 596.693 839.207 147 147 147
1557.027 601.524 839.207 147 147 147
1558.024 602.490 836.469 147 147 147
1562.011 606.356 836.469 147 147 147
1563.008 607.322 833.731 147 147 147
1566.995 611.187 833.731 147 147 147
1567.992 612.153 830.993 147 147 147
1571.979 616.018 830.993 147 147 147
1572.976 616.985 828.255 147 147 147
1576.963 620.850 828.255 147 147 147
1577.960 621.816 825.517 147 147 147
1581.948 625.681 825.517 147 147 147
1582.944 626.648 822.779 147 147 147
1586.932 630.513 822.779 147 147 147
1587.929 631.479 820.040 147 147 147
1591.916 635.344 820.040 147 147 147
1592.913 636.311 817.302 147 147 147
1596.900 640.176 817.302 147 147 147
1597.897 641.142 814.564 147 147 147
1600.897 644.050 814.564 147 147 147
1602.416 645.522 807.610 147 147 147
1596.900 640.176 792.460 147 147 147
1593.821 637.191 792.460 147 147 147
1592.825 636.225 795.198 147 147 147
1587.840 631.394 795.198 147 147 147
1586.844 630.427 797.936 147 147 147
1582.856 626.562 797.936 147 147 147
1581.859 625.596 800.674 147 147 147
1577.872 621.731 800.674 147 147 147
1576.875 620.764 803.412 147 147 147
1572.888 616.899 803.412 147 147 147
1571.891 615.933 806.150 147 147 147
1566.907 611.102 806.150 147 147 147
1565.910 610.135 808.888 147 147 147
1561.923 606.270 808.888 147 147 147
1560.926 605.304 811.626 147 147 147
1556.939 601.439 811.626 147 147 147
1555.942 600.472 814.364 147 147 147
1551.954 596.607 814.364 147 147 147
1550.958 595.641 817.102 147 147 147
1545.973 590.809 817.102 147 147 147
1544.977 589.843 819.840 147 147 147
1543.071 587.996 819.840 147 147 147
1541.611 586.581 815.830 147 147 147
1548.074 592.845 795.349 147 147 147
1557.046 601.543 778.918 147 147 147
1560.037 604.442 767.963 147 147 147
1563.999 608.282 759.802 147 147 147
1566.000 610.223 759.802 147 147 147
1575.984 619.900 729.638 147 147 147
1578.500 622.340 725.490 147 147 147
1573.973 617.951 713.055 147 147 147
1569.986 614.086 713.055 147 147 147
1568.989 613.120 710.317 147 147 147
1559.020 603.457 710.317 147 147 147
1558.024 602.490 707.579 147 147 147
1553.039 597.659 707.579 147 147 147
1552.030 596.681 704.807 147 147 147
1548.020 592.793 707.561 147 147 147
1543.003 587.930 702.048 147 147 147
1542.030 586.987 704.719 147 147 147
1541.077 586.063 702.102 147 147 147
1539.010 584.059 702.102 147 147 147
1537.041 582.150 704.807 147 147 147
1532.038 577.300 699.310 147 147 147
1531.065 576.358 701.981 147 147 147
1530.112 575.434 699.364 147 147 147
1527.034 572.450 699.364 147 147 147
1526.057 571.503 702.048 147 147 147
1521.122 566.719 696.626 147 147 147
1511.173 557.075 696.626 147 147 147
1510.169 556.102 693.870 147 147 147
1506.593 552.635 695.273 147 147 147
1506.270 550.930 698.071 147 147 147
1506.270 550.930 977.405 147 147 147
1507.800 552.412 981.607 147 147 147
1514.865 559.261 978.834 147 147 147
1515.856 560.222 976.112 147 147 147
1519.824 564.068 976.112 147 147 147
1524.808 568.900 970.636 147 147 147
1528.796 572.765 970.636 147 147 147
1533.780 577.596 965.160 147 147 147
1536.789 580.514 965.160 147 147 147
1537.786 581.480 962.421 147 147 147
1541.754 585.327 962.421 147 147 147
1546.738 590.158 956.945 147 147 147
1550.726 594.023 956.945 147 147 147
1555.710 598.855 951.469 147 147 147
1559.697 602.720 951.469 147 147 147
1564.681 607.552 945.993 147 147 147
1567.691 610.469 945.993 147 147 147
1568.693 611.440 943.241 147 147 147
1576.668 619.171 940.503 147 147 147
1577.659 620.132 937.779 147 147 147
1581.628 623.979 937.779 147 147 147
1586.612 628.810 932.302 147 147 147
1590.599 632.675 932.302 147 147 147
1595.583 637.507 926.826 147 147 147
1599.571 641.372 926.826 147 147 147
1604.555 646.203 921.350 147 147 147
1607.564 649.121 921.350 147 147 147
1608.561 650.087 918.612 147 147 147
1612.529 653.934 918.612 147 147 147
1617.521 658.772 913.128 147 147 147
1625.513 666.519 910.384 147 147 147
1626.504 667.480 907.660 147 147 147
1630.472 671.327 907.660 147 147 147
1635.457 676.158 902.183 147 147 147
1639.444 680.024 902.183 147 147 147
1644.428 684.855 896.707 147 147 147
1647.438 687.773 896.707 147 147 147
1648.435 688.739 893.969 147 147 147
1652.403 692.585 893.969 147 147 147
1657.394 697.424 888.485 147 147 147
1665.386 705.171 885.741 147 147 147
1666.378 706.132 883.017 147 147 147
1670.346 709.979 883.017 147 147 147
1675.330 714.810 877.540 147 147 147
1678.340 717.728 877.540 147 147 147
1679.336 718.694 874.802 147 147 147
1683.305 722.541 874.802 147 147 147
1688.296 727.379 869.318 147 147 147
1696.288 735.126 866.574 147 147 147
1697.279 736.087 863.850 147 147 147
1701.267 739.952 863.850 147 147 147
1703.216 741.842 858.495 147 147 147
1704.213 742.809 861.233 147 147 147
1705.789 744.336 856.905 147 147 147
1704.213 742.809 852.576 147 147 147
1703.216 741.842 855.315 147 147 147
1702.264 740.919 852.698 147 147 147
1698.262 737.039 852.698 147 147 147
1690.238 729.261 841.678 147 147 147
1689.241 728.295 844.416 147 147 147
1687.247 726.363 841.678 147 147 147
1686.226 725.373 844.483 147 147 147
1683.246 722.484 844.483 147 147 147
1678.256 717.646 852.708 147 147 147
1670.289 709.923 855.444 147 147 147
1665.312 705.099 860.912 147 147 147
1661.305 701.215 860.912 147 147 147
1660.308 700.249 863.650 147 147 147
1658.315 698.316 863.650 147 147 147
1656.315 696.378 869.142 147 147 147
1649.338 689.614 871.880 147 147 147
1648.346 688.653 874.602 147 147 147
1644.378 684.807 874.602 147 147 147
1639.394 679.975 880.079 147 147 147
1635.388 676.092 880.079 147 147 147
1634.435 675.168 882.696 147 147 147
1633.482 674.244 880.079 147 147 147
1629.407 670.294 880.079 147 147 147
1628.405 669.323 882.831 147 147 147
1620.430 661.592 885.569 147 147 147
1619.438 660.631 888.293 147 147 147
1615.451 656.766 888.293 147 147 147
1614.464 655.809 891.005 147 147 147
1609.502 650.999 888.279 147 147 147
1604.505 646.155 893.769 147 147 147
1600.498 642.271 893.769 147 147 147
1599.546 641.348 896.386 147 147 147
1598.593 640.424 893.769 147 147 147
1594.517 636.473 893.769 147 147 147
1593.521 635.507 896.507 147 147 147
1589.533 631.642 896.507 147 147 147
1588.546 630.685 899.219 147 147 147
1583.562 625.854 896.481 147 147 147
1582.600 624.921 899.124 147 147 147
1581.647 623.997 896.507 147 147 147
1572.675 615.300 896.507 147 147 147
1571.634 614.291 893.648 147 147 147
1570.638 613.325 896.386 147 147 147
1569.685 612.402 893.769 147 147 147
1561.710 604.671 893.769 147 147 147
1560.713 603.705 891.031 147 147 147
1556.638 599.754 891.031 147 147 147
1555.685 598.831 893.648 147 147 147
1554.732 597.907 891.031 147 147 147
1551.742 595.008 891.031 147 147 147
1549.748 593.076 885.555 147 147 147
1546.749 590.169 885.555 147 147 147
1543.788 587.298 880.132 147 147 147
1540.786 584.388 866.388 147 147 147
1538.783 582.446 866.388 147 147 147
1537.315 581.024 862.357 147 147 147
1537.315 581.024 851.452 147 147 147
1538.788 582.451 847.408 147 147 147
1546.763 590.182 844.669 147 147 147
1547.755 591.143 841.945 147 147 147
1551.742 595.008 841.945 147 147 147
1552.739 595.975 839.207 147 147 147
1557.723 600.806 839.207 147 147 147
1558.720 601.772 836.469 147 147 147
1562.707 605.638 836.469 147 147 147
1563.704 606.604 833.731 147 147 147
1567.691 610.469 833.731 147 147 147
1568.688 611.435 830.993 147 147 147
1572.675 615.300 830.993 147 147 147
1573.672 616.267 828.255 147 147 147
1577.659 620.132 828.255 147 147 147
1578.656 621.098 825.517 147 147 147
1582.644 624.963 825.517 147 147 147
1583.640 625.930 822.779 147 147 147
1587.628 629.795 822.779 147 147 147
1588.625 630.761 820.040 147 147 147
1592.612 634.626 820.040 147 147 147
1593.609 635.593 817.302 147 147 147
1597.596 639.458 817.302 147 147 147
1598.593 640.424 814.564 147 147 147
1601.593 643.332 814.564 147 147 147
1603.112 644.804 807.610 147 147 147
1597.596 639.458 792.460 147 147 147
1594.517 636.473 792.460 147 147 147
1593.521 635.507 795.198 147 147 147
1588.536 630.676 795.198 147 147 147
1587.540 629.709 797.936 147 147 147
1583.552 625.844 797.936 147 147 147
1582.555 624.878 800.674 147 147 147
1578.568 621.013 800.674 147 147 147
1577.571 620.046 803.412 147 147 147
1573.584 616.181 803.412 147 147 147
1572.587 615.215 806.150 147 147 147
1567.603 610.383 806.150 147 147 147
1566.606 609.417 808.888 147 147 147
1562.619 605.552 808.888 147 147 147
1561.622 604.586 811.626 147 147 147
1557.635 600.721 811.626 147 147 147
1556.638 599.754 814.364 147 147 147
1552.650 595.889 814.364 147 147 147
1551.654 594.923 817.102 147 147 147
1546.669 590.091 817.102 147 147 147
1545.673 589.125 819.840 147 147 147
1543.767 587.278 819.840 147 147 147
1542.307 585.863 815.830 147 147 147
1548.770 592.127 795.349 147 147 147
1557.742 600.825 778.918 147 147 147
1560.733 603.724 767.963 147 147 147
1564.695 607.564 759.802 147 147 147
1566.696 609.505 759.802 147 147 147
1576.680 619.182 729.638 147 147 147
1579.196 621.622 725.490 147 147 147
1574.669 617.233 713.055 147 147 147
1570.682 613.368 713.055 147 147 147
1569.685 612.402 710.317 147 147 147
1559.717 602.739 710.317 147 147 147
1558.720 601.772 707.579 147 147 147
1553.736 596.941 707.579 147 147 147
1552.727 595.963 704.807 147 147 147
1548.716 592.075 707.561 147 147 147
1543.699 587.212 702.048 147 147 147
1542.726 586.269 704.719 147 147 147
1541.774 585.345 702.102 147 147 147
1539.706 583.341 702.102 147 147 147
1537.737 581.432 704.807 147 147 147
1532.734 576.582 699.310 147 147 147
1531.761 575.640 701.981 147 147 147
1530.808 574.716 699.364 147 147 147
1527.730 571.732 699.364 147 147 147
1526.753 570.785 702.048 147 147 147
1521.818 566.001 696.626 147 147 147
1511.869 556.357 696.626 147 147 147
1510.865 555.384 693.870 147 147 147
1507.289 551.917 695.273 147 147 147
1505.574 551.648 698.071 147 147 147
1505.574 551.648 977.405 147 147 147
1507.104 553.130 981.607 147 147 147
1514.169 559.979 978.834 147 147 147
1515.160 560.940 976.112 147 147 147
1519.128 564.786 976.112 147 147 147
1524.112 569.618 970.636 147 147 147
1528.099 573.483 970.636 147 147 147
1533.084 578.314 965.160 147 147 147
1536.093 581.232 965.160 147 147 147
1537.090 582.198 962.421 147 147 147
1541.058 586.045 962.421 147 147 147
1546.042 590.876 956.945 147 147 147
1550.030 594.741 956.945 147 147 147
1555.014 599.573 951.469 147 147 147
1559.001 603.438 951.469 147 147 147
1563.985 608.270 945.993 147 147 147
1566.995 611.187 945.993 147 147 147
1567.997 612.158 943.241 147 147 147
1575.972 619.889 940.503 147 147 147
1576.963 620.850 937.779 147 147 147
1580.932 624.697 937.779 147 147 147
1585.916 629.528 932.302 147 147 147
1589.903 633.393 932.302 147 147 147
1594.887 638.225 926.826 147 147 147
1598.875 642.090 926.826 147 147 147
1603.859 646.921 921.350 147 147 147
1606.868 649.839 921.350 147 147 147
1607.865 650.805 918.612 147 147 147
1611.833 654.652 918.612 147 147 147
1616.825 659.490 913.128 147 147 147
1624.816 667.237 910.384 147 147 147
1625.808 668.198 907.660 147 147 147
1629.776 672.045 907.660 147 147 147
1634.761 676.876 902.183 147 147 147
1638.748 680.742 902.183 147 147 147
1643.732 685.573 896.707 147 147 147
1646.742 688.491 896.707 147 147 147
1647.739 689.457 893.969 147 147 147
1651.707 693.303 893.969 147 147 147
1656.698 698.142 888.485 147 147 147
1664.690 705.889 885.741 147 147 147
1665.682 706.850 883.017 147 147 147
1669.650 710.697 883.017 147 147 147
1674.634 715.528 877.540 147 147 147
1677.644 718.446 877.540 147 147 147
1678.640 719.412 874.802 147 147 147
1682.609 723.259 874.802 147 147 147
1687.600 728.097 869.318 147 147 147
1695.592 735.844 866.574 147 147 147
1696.583 736.805 863.850 147 147 147
1700.571 740.670 863.850 147 147 147
1702.520 742.560 858.495 147 147 147
1703.517 743.527 861.233 147 147 147
1705.093 745.054 856.905 147 147 147
1703.517 743.527 852.576 147 147 147
1702.520 742.560 855.315 147 147 147
1701.568 741.637 852.698 147 147 147
1697.566 737.757 852.698 147 147 147
1689.542 729.980 841.678 147 147 147
1688.545 729.013 844.416 147 147 147
1686.551 727.081 841.678 147 147 147
1685.530 726.091 844.483 147 147 147
1682.550 723.202 844.483 147 147 147
1677.560 718.364 852.708 147 147 147
1669.593 710.641 855.444 147 147 147
1664.616 705.817 860.912 147 147 147
1660.609 701.933 860.912 147 147 147
1659.612 700.967 863.650 147 147 147
1657.619 699.034 863.650 147 147 147
1655.619 697.096 869.142 147 147 147
1648.642 690.332 871.880 147 147 147
1647.650 689.371 874.602 147 147 147
1643.682 685.525 874.602 147 147 147
1638.698 680.693 880.079 147 147 147
1634.692 676.810 880.079 147 147 147
1633.739 675.886 882.696 147 147 147
1632.786 674.962 880.079 147 147 147
1628.711 671.012 880.079 147 147 147
1627.709 670.041 882.831 147 147 147
1619.734 662.310 885.569 147 147 147
1618.742 661.349 888.293 147 147 147
1614.755 657.484 888.293 147 147 147
1613.768 656.527 891.005 147 147 147
1608.806 651.717 888.279 147 147 147
1603.809 646.873 893.769 147 147 147
1599.802 642.989 893.769 147 147 147
1598.850 642.066 896.386 147 147 147
1597.897 641.142 893.769 147 147 147
1593.821 637.191 893.769 147 147 147
1592.825 636.225 896.507 147 147 147
1588.837 632.360 896.507 147 147 147
1587.850 631.403 899.219 147 147 147
1582.866 626.572 896.481 147 147 147
1581.904 625.639 899.124 147 147 147
1580.951 624.715 896.507 147 147 147
1571.979 616.018 896.507 147 147 147
1570.938 615.009 893.648 147 147 147
1569.942 614.043 896.386 147 147 147
1568.989 613.120 893.769 147 147 147
1561.014 605.389 893.769 147 147 147
1560.017 604.423 891.031 147 147 147
1555.942 600.472 891.031 147 147 147
1554.989 599.549 893.648 147 147 147
1554.036 598.625 891.031 147 147 147
1551.046 595.726 891.031 147 147 147
1549.052 593.794 885.555 147 147 147
1546.053 590.887 885.555 147 147 147
1543.092 588.016 880.132 147 147 147
1540.090 585.106 866.388 147 147 147
1538.087 583.164 866.388 147 147 147
1536.619 581.742 862.357 147 147 147
1536.619 581.742 851.452 147 147 147
1538.092 583.169 847.408 147 147 147
1546.067 590.900 844.669 147 147 147
1547.058 591.861 841.945 147 147 147
1551.046 595.726 841.945 147 147 147
1552.043 596.693 839.207 147 147 147
1557.027 601.524 839.207 147 147 147
1558.024 602.490 836.469 147 147 147
1562.011 606.356 836.469 147 147 147
1563.008 607.322 833.731 147 147 147
1566.995 611.187 833.731 147 147 147
1567.992 612.153 830.993 147 147 147
1571.979 616.018 830.993 147 147 147
1572.976 616.985 828.255 147 147 147
1576.963 620.850 828.255 147 147 147
1577.960 621.816 825.517 147 147 147
1581.948 625.681 825.517 147 147 147
1582.944 626.648 822.779 147 147 147
1586.932 630.513 822.779 147 147 147
1587.929 631.479 820.040 147 147 147
1591.916 635.344 820.040 147 147 147
1592.913 636.311 817.302 147 147 147
1596.900 640.176 817.302 147 147 147
1597.897 641.142 814.564 147 147 147
1600.897 644.050 814.564 147 147 147
1602.416 645.522 807.610 147 147 147
1596.900 640.176 792.460 147 147 147
1593.821 637.191 792.460 147 147 147
1592.825 636.225 795.198 147 147 147
1587.840 631.394 795.198 147 147 147
1586.844 630.427 797.936 147 147 147
1582.856 626.562 797.936 147 147 147
1581.859 625.596 800.674 147 147 147
1577.872 621.731 800.674 147 147 147
1576.875 620.764 803.412 147 147 147
1572.888 616.899 803.412 147 147 147
1571.891 615.933 806.150 147 147 147
1566.907 611.102 806.150 147 147 147
1565.910 610.135 808.888 147 147 147
1561.923 606.270 808.888 147 147 147
1560.926 605.304 811.626 147 147 147
1556.939 601.439 811.626 147 147 147
1555.942 600.472 814.364 147 147 147
1551.954 596.607 814.364 147 147 147
1550.958 595.641 817.102 147 147 147
1545.973 590.809 817.102 147 147 147
1544.977 589.843 819.840 147 147 147
1543.071 587.996 819.840 147 147 147
1541.611 586.581 815.830 147 147 147
1548.074 592.845 795.349 147 147 147
1557.046 601.543 778.918 147 147 147
1560.037 604.442 767.963 147 147 147
1563.999 608.282 759.802 147 147 147
1566.000 610.223 759.802 147 147 147
1575.984 619.900 729.638 147 147 147
1578.500 622.340 725.490 147 147 147
1573.973 617.951 713.055 147 147 147
1569.986 614.086 713.055 147 147 147
1568.989 613.120 710.317 147 147 147
1559.020 603.457 710.317 147 147 147
1558.024 602.490 707.579 147 147 147
1553.039 597.659 707.579 147 147 147
1552.030 596.681 704.807 147 147 147
1548.020 592.793 707.561 147 147 147
1543.003 587.930 702.048 147 147 147
1542.030 586.987 704.719 147 147 147
1541.077 586.063 702.102 147 147 147
1539.010 584.059 702.102 147 147 147
1537.041 582.150 704.807 147 147 147
1532.038 577.300 699.310 147 147 147
1531.065 576.358 701.981 147 147 147
1530.112 575.434 699.364 147 147 147
1527.034 572.450 699.364 147 147 147
1526.057 571.503 702.048 147 147 147
1521.122 566.719 696.626 147 147 147
1511.173 557.075 696.626 147 147 147
1510.169 556.102 693.870 147 147 147
1506.593 552.635 695.273 147 147 147
1543.690 587.203 321.507 147 147 147
1541.690 585.264 321.507 147 147 147
1536.706 580.433 332.460 147 147 147
1533.714 577.533 332.460 147 147 147
1527.725 571.727 346.169 147 147 147
1522.738 566.893 348.909 147 147 147
1518.751 563.028 359.861 147 147 147
1513.766 558.196 362.599 147 147 147
1509.787 554.338 373.531 147 147 147
1507.793 552.406 373.531 147 147 147
1505.788 550.462 379.038 147 147 147
1502.799 547.565 381.775 147 147 147
1483.343 528.705 429.736 147 147 147
1483.343 528.705 435.209 147 147 147
1478.359 523.873 446.161 147 147 147
1478.359 523.873 451.638 147 147 147
1473.364 519.031 462.614 147 147 147
1474.363 520.000 465.357 147 147 147
1473.375 519.042 468.071 147 147 147
1473.375 519.042 479.072 147 147 147
1475.357 520.963 484.517 147 147 147
1471.381 517.109 492.707 147 147 147
1471.381 517.109 1037.643 147 147 147
1472.913 518.595 1041.853 147 147 147
1487.952 533.173 1033.591 147 147 147
1488.941 534.132 1030.874 147 147 147
1492.910 537.978 1030.874 147 147 147
1497.894 542.810 1025.398 147 147 147
1500.903 545.727 1025.398 147 147 147
1501.900 546.694 1022.660 147 147 147
1505.868 550.540 1022.660 147 147 147
1510.853 555.372 1017.183 147 147 147
1513.862 558.289 1017.183 147 147 147
1514.859 559.255 1014.445 147 147 147
1517.850 562.154 1014.445 147 147 147
1518.846 563.121 1011.707 147 147 147
1522.815 566.967 1011.707 147 147 147
1527.799 571.799 1006.231 147 147 147
1530.808 574.716 1006.231 147 147 147
1531.805 575.682 1003.493 147 147 147
1534.796 578.581 1003.493 147 147 147
1535.793 579.548 1000.755 147 147 147
1539.761 583.394 1000.755 147 147 147
1544.745 588.226 995.279 147 147 147
1547.755 591.143 995.279 147 147 147
1548.751 592.109 992.540 147 147 147
1551.742 595.008 992.540 147 147 147
1552.739 595.975 989.802 147 147 147
1556.707 599.821 989.802 147 147 147
1561.691 604.653 984.326 147 147 147
1564.701 607.570 984.326 147 147 147
1565.697 608.536 981.588 147 147 147
1569.666 612.383 981.588 147 147 147
1574.650 617.214 976.112 147 147 147
1577.659 620.132 976.112 147 147 147
1578.656 621.098 973.374 147 147 147
1581.647 623.997 973.374 147 147 147
1582.644 624.963 970.636 147 147 147
1586.612 628.810 970.636 147 147 147
1591.596 633.641 965.160 147 147 147
1594.606 636.559 965.160 147 147 147
1595.602 637.525 962.421 147 147 147
1598.593 640.424 962.421 147 147 147
1599.590 641.390 959.683 147 147 147
1603.558 645.237 959.683 147 147 147
1608.542 650.068 954.207 147 147 147
1611.552 652.986 954.207 147 147 147
1612.549 653.952 951.469 147 147 147
1615.539 656.851 951.469 147 147 147
1616.536 657.817 948.731 147 147 147
1620.504 661.664 948.731 147 147 147
1625.488 666.495 943.255 147 147 147
1628.498 669.413 943.255 147 147 147
1629.495 670.379 940.517 147 147 147
1633.463 674.226 940.517 147 147 147
1638.447 679.057 935.040 147 147 147
1641.457 681.975 935.040 147 147 147
1642.454 682.941 932.302 147 147 147
1645.444 685.840 932.302 147 147 147
1646.441 686.806 929.564 147 147 147
1650.409 690.653 929.564 147 147 147
1655.393 695.484 924.088 147 147 147
1658.403 698.402 924.088 147 147 147
1659.400 699.368 921.350 147 147 147
1662.390 702.267 921.350 147 147 147
1663.387 703.233 918.612 147 147 147
1667.355 707.080 918.612 147 147 147
1672.339 711.911 913.136 147 147 147
1675.349 714.829 913.136 147 147 147
1676.346 715.795 910.398 147 147 147
1679.336 718.694 910.398 147 147 147
1680.333 719.660 907.660 147 147 147
1684.301 723.507 907.660 147 147 147
1689.286 728.338 902.183 147 147 147
1692.295 731.256 902.183 147 147 147
1693.292 732.222 899.445 147 147 147
1696.283 735.121 899.445 147 147 147
1697.279 736.087 896.707 147 147 147
1701.260 739.946 896.707 147 147 147
1704.795 743.373 889.771 147 147 147
1702.790 741.429 884.262 147 147 147
1702.790 741.429 878.786 147 147 147
1700.270 738.986 871.864 147 147 147
1698.207 736.987 871.864 147 147 147
1693.223 732.155 877.340 147 147 147
1689.236 728.290 877.340 147 147 147
1684.252 723.459 882.817 147 147 147
1680.264 719.593 882.817 147 147 147
1675.280 714.762 888.293 147 147 147
1672.270 711.844 888.293 147 147 147
1671.274 710.878 891.031 147 147 147
1667.305 707.032 891.031 147 147 147
1662.321 702.200 896.507 147 147 147
1658.334 698.335 896.507 147 147 147
1653.350 693.503 901.983 147 147 147
1650.340 690.586 901.983 147 147 147
1649.343 689.620 904.721 147 147 147
1645.375 685.773 904.721 147 147 147
1640.391 680.942 910.198 147 147 147
1636.404 677.076 910.198 147 147 147
1631.419 672.245 915.674 147 147 147
1628.410 669.327 915.674 147 147 147
1627.413 668.361 918.412 147 147 147
1623.445 664.515 918.412 147 147 147
1618.461 659.683 923.888 147 147 147
1615.451 656.766 923.888 147 147 147
1614.454 655.799 926.626 147 147 147
1610.486 651.953 926.626 147 147 147
1605.502 647.121 932.102 147 147 147
1601.514 643.256 932.102 147 147 147
1596.530 638.425 937.579 147 147 147
1593.521 635.507 937.579 147 147 147
1592.524 634.541 940.317 147 147 147
1588.556 630.694 940.317 147 147 147
1583.571 625.863 945.793 147 147 147
1579.584 621.998 945.793 147 147 147
1574.600 617.166 951.269 147 147 147
1571.590 614.249 951.269 147 147 147
1570.593 613.282 954.007 147 147 147
1566.625 609.436 954.007 147 147 147
1561.641 604.604 959.483 147 147 147
1557.654 600.739 959.483 147 147 147
1552.670 595.908 964.960 147 147 147
1549.660 592.990 964.960 147 147 147
1548.663 592.024 967.698 147 147 147
1544.695 588.177 967.698 147 147 147
1539.711 583.346 973.174 147 147 147
1535.724 579.481 973.174 147 147 147
1530.739 574.649 978.650 147 147 147
1527.730 571.732 978.650 147 147 147
1526.733 570.765 981.388 147 147 147
1522.765 566.919 981.388 147 147 147
1517.781 562.087 986.864 147 147 147
1513.793 558.222 986.864 147 147 147
1508.809 553.391 992.340 147 147 147
1505.799 550.473 992.340 147 147 147
1504.803 549.507 995.079 147 147 147
1500.834 545.660 995.079 147 147 147
1495.900 540.877 1000.501 147 147 147
1494.452 539.473 996.524 147 147 147
1494.452 539.473 676.167 147 147 147
1493.464 538.515 673.452 147 147 147
1494.452 539.473 670.738 147 147 147
1494.452 539.473 481.815 147 147 147
1499.436 544.305 470.862 147 147 147
1499.436 544.305 459.918 147 147 147
1504.420 549.136 451.703 147 147 147
1504.420 549.136 443.483 147 147 147
1508.407 553.001 435.269 147 147 147
1508.407 553.001 429.788 147 147 147
1519.841 564.085 401.112 147 147 147
1520.844 565.057 401.112 147 147 147
1524.844 568.935 387.378 147 147 147
1534.810 578.595 373.691 147 147 147
1537.796 581.490 365.489 147 147 147
1544.774 588.254 360.013 147 147 147
1548.751 592.109 349.088 147 147 147
1550.734 594.032 349.088 147 147 147
1555.718 598.863 340.874 147 147 147
1557.723 600.806 340.874 147 147 147
1561.710 604.671 329.921 147 147 147
1564.701 607.570 329.921 147 147 147
1566.232 609.055 325.714 147 147 147
1563.233 606.148 317.476 147 147 147
1563.233 606.148 312.000 147 147 147
1559.685 602.708 302.253 147 147 147
1556.635 599.752 307.837 147 147 147
1548.662 592.023 313.312 147 147 147
1542.994 587.921 321.507 147 147 147
1540.994 585.982 321.507 147 147 147
1536.010 581.151 332.460 147 147 147
1533.018 578.251 332.460 147 147 147
1527.029 572.445 346.169 147 147 147
1522.042 567.611 348.909 147 147 147
1518.055 563.746 359.861 147 147 147
1513.070 558.914 362.599 147 147 147
1509.091 555.056 373.531 147 147 147
1507.097 553.124 373.531 147 147 147
1505.092 551.180 379.038 147 147 147
1502.103 548.283 381.775 147 147 147
1482.647 529.423 429.736 147 147 147
1482.647 529.423 435.209 147 147 147
1477.663 524.591 446.161 147 147 147
1477.663 524.591 451.638 147 147 147
1472.668 519.749 462.614 147 147 147
1473.667 520.718 465.357 147 147 147
1472.679 519.760 468.071 147 147 147
1472.679 519.760 479.072 147 147 147
1474.661 521.681 484.517 147 147 147
1470.685 517.827 492.707 147 147 147
1470.685 517.827 1037.643 147 147 147
1472.217 519.313 1041.853 147 147 147
1487.256 533.891 1033.591 147 147 147
1488.245 534.850 1030.874 147 147 147
1492.214 538.696 1030.874 147 147 147
1497.198 543.528 1025.398 147 147 147
1500.207 546.445 1025.398 147 147 147
1501.204 547.412 1022.660 147 147 147
1505.172 551.258 1022.660 147 147 147
1510.156 556.090 1017.183 147 147 147
1513.166 559.007 1017.183 147 147 147
1514.163 559.973 1014.445 147 147 147
1517.154 562.872 1014.445 147 147 147
1518.150 563.839 1011.707 147 147 147
1522.118 567.685 1011.707 147 147 147
1527.103 572.517 1006.231 147 147 147
1530.112 575.434 1006.231 147 147 147
1531.109 576.400 1003.493 147 147 147
1534.100 579.299 1003.493 147 147 147
1535.096 580.266 1000.755 147 147 147
1539.065 584.112 1000.755 147 147 147
1544.049 588.944 995.279 147 147 147
1547.058 591.861 995.279 147 147 147
1548.055 592.827 992.540 147 147 147
1551.046 595.726 992.540 147 147 147
1552.043 596.693 989.802 147 147 147
1556.011 600.539 989.802 147 147 147
1560.995 605.371 984.326 147 147 147
1564.005 608.288 984.326 147 147 147
1565.001 609.254 981.588 147 147 147
1568.970 613.101 981.588 147 147 147
1573.954 617.932 976.112 147 147 147
1576.963 620.850 976.112 147 147 147
1577.960 621.816 973.374 147 147 147
1580.951 624.715 973.374 147 147 147
1581.948 625.681 970.636 147 147 147
1585.916 629.528 970.636 147 147 147
1590.900 634.359 965.160 147 147 147
1593.910 637.277 965.160 147 147 147
1594.906 638.243 962.421 147 147 147
1597.897 641.142 962.421 147 147 147
1598.894 642.108 959.683 147 147 147
1602.862 645.955 959.683 147 147 147
1607.846 650.786 954.207 147 147 147
1610.856 653.704 954.207 147 147 147
1611.853 654.670 951.469 147 147 147
1614.843 657.569 951.469 147 147 147
1615.840 658.535 948.731 147 147 147
1619.808 662.382 948.731 147 147 147
1624.792 667.213 943.255 147 147 147
1627.802 670.131 943.255 147 147 147
1628.799 671.097 940.517 147 147 147
1632.767 674.944 940.517 147 147 147
1637.751 679.775 935.040 147 147 147
1640.761 682.693 935.040 147 147 147
1641.758 683.659 932.302 147 147 147
1644.748 686.558 932.302 147 147 147
1645.745 687.524 929.564 147 147 147
1649.713 691.371 929.564 147 147 147
1654.697 696.202 924.088 147 147 147
1657.707 699.120 924.088 147 147 147
1658.704 700.086 921.350 147 147 147
1661.694 702.985 921.350 147 147 147
1662.691 703.951 918.612 147 147 147
1666.659 707.798 918.612 147 147 147
1671.643 712.629 913.136 147 147 147
1674.653 715.547 913.136 147 147 147
1675.650 716.513 910.398 147 147 147
1678.640 719.412 910.398 147 147 147
1679.637 720.378 907.660 147 147 147
1683.605 724.225 907.660 147 147 147
1688.590 729.056 902.183 147 147 147
1691.599 731.974 902.183 147 147 147
1692.596 732.940 899.445 147 147 147
1695.587 735.839 899.445 147 147 147
1696.583 736.805 896.707 147 147 147
1700.564 740.664 896.707 147 147 147
1704.099 744.091 889.771 147 147 147
1702.094 742.147 884.262 147 147 147
1702.094 742.147 878.786 147 147 147
1699.574 739.704 871.864 147 147 147
1697.511 737.705 871.864 147 147 147
1692.527 732.873 877.340 147 147 147
1688.540 729.008 877.340 147 147 147
1683.556 724.177 882.817 147 147 147
1679.568 720.311 882.817 147 147 147
1674.584 715.480 888.293 147 147 147
1671.574 712.562 888.293 147 147 147
1670.578 711.596 891.031 147 147 147
1666.609 707.750 891.031 147 147 147
1661.625 702.918 896.507 147 147 147
1657.638 699.053 896.507 147 147 147
1652.654 694.221 901.983 147 147 147
1649.644 691.304 901.983 147 147 147
1648.647 690.338 904.721 147 147 147
1644.679 686.491 904.721 147 147 147
1639.695 681.660 910.198 147 147 147
1635.708 677.794 910.198 147 147 147
1630.723 672.963 915.674 147 147 147
1627.714 670.045 915.674 147 147 147
1626.717 669.079 918.412 147 147 147
1622.749 665.233 918.412 147 147 147
1617.765 660.401 923.888 147 147 147
1614.755 657.484 923.888 147 147 147
1613.758 656.517 926.626 147 147 147
1609.790 652.671 926.626 147 147 147
1604.806 647.839 932.102 147 147 147
1600.818 643.974 932.102 147 147 147
1595.834 639.143 937.579 147 147 147
1592.825 636.225 937.579 147 147 147
1591.828 635.259 940.317 147 147 147
1587.860 631.412 940.317 147 147 147
1582.875 626.581 945.793 147 147 147
1578.888 622.716 945.793 147 147 147
1573.904 617.884 951.269 147 147 147
1570.894 614.967 951.269 147 147 147
1569.897 614.000 954.007 147 147 147
1565.929 610.154 954.007 147 147 147
1560.945 605.322 959.483 147 147 147
1556.958 601.457 959.483 147 147 147
1551.974 596.626 964.960 147 147 147
1548.964 593.708 964.960 147 147 147
1547.967 592.742 967.698 147 147 147
1543.999 588.895 967.698 147 147 147
1539.015 584.064 973.174 147 147 147
1535.027 580.199 973.174 147 147 147
1530.043 575.367 978.650 147 147 147
1527.034 572.450 978.650 147 147 147
1526.037 571.483 981.388 147 147 147
1522.069 567.637 981.388 147 147 147
1517.085 562.805 986.864 147 147 147
1513.097 558.940 986.864 147 147 147
1508.113 554.109 992.340 147 147 147
1505.103 551.191 992.340 147 147 147
1504.106 550.225 995.079 147 147 147
1500.138 546.378 995.079 147 147 147
1495.203 541.595 1000.501 147 147 147
1493.756 540.191 996.524 147 147 147
1493.756 540.191 676.167 147 147 147
1492.768 539.233 673.452 147 147 147
1493.756 540.191 670.738 147 147 147
1493.756 540.191 481.815 147 147 147
1498.740 545.023 470.862 147 147 147
1498.740 545.023 459.918 147 147 147
1503.724 549.854 451.703 147 147 147
1503.724 549.854 443.483 147 147 147
1507.711 553.719 435.269 147 147 147
1507.711 553.719 429.788 147 147 147
1519.145 564.803 401.112 147 147 147
1520.148 565.775 401.112 147 147 147
1524.148 569.653 387.378 147 147 147
1534.114 579.313 373.691 147 147 147
1537.100 582.208 365.489 147 147 147
1544.078 588.972 360.013 147 147 147
1548.055 592.827 349.088 147 147 147
1550.038 594.750 349.088 147 147 147
1555.022 599.581 340.874 147 147 147
1557.027 601.524 340.874 147 147 147
1561.014 605.389 329.921 147 147 147
1564.005 608.288 329.921 147 147 147
1565.536 609.773 325.714 147 147 147
1562.537 606.866 317.476 147 147 147
1562.537 606.866 312.000 147 147 147
1558.989 603.426 302.253 147 147 147
1555.939 600.470 307.837 147 147 147
1547.966 592.741 313.312 147 147 147
1543.690 587.203 321.507 147 147 147
1541.690 585.264 321.507 147 147 147
1536.706 580.433 332.460 147 147 147
1533.714 577.533 332.460 147 147 147
1527.725 571.727 346.169 147 147 147
1522.738 566.893 348.909 147 147 147
1518.751 563.028 359.861 147 147 147
1513.766 558.196 362.599 147 147 147
1509.787 554.338 373.531 147 147 147
1507.793 552.406 373.531 147 147 147
1505.788 550.462 379.038 147 147 147
1502.799 547.565 381.775 147 147 147
1483.343 528.705 429.736 147 147 147
1483.343 528.705 435.209 147 147 147
1478.359 523.873 446.161 147 147 147
1478.359 523.873 451.638 147 147 147
1473.364 519.031 462.614 147 147 147
1474.363 520.000 465.357 147 147 147
1473.375 519.042 468.071 147 147 147
1473.375 519.042 479.072 147 147 147
1475.357 520.963 484.517 147 147 147
1471.381 517.109 492.707 147 147 147
1471.381 517.109 1037.643 147 147 147
1472.913 518.595 1041.853 147 147 147
1487.952 533.173 1033.591 147 147 147
1488.941 534.132 1030.874 147 147 147
1492.910 537.978 1030.874 147 147 147
1497.894 542.810 1025.398 147 147 147
1500.903 545.727 1025.398 147 147 147
1501.900 546.694 1022.660 147 147 147
1505.868 550.540 1022.660 147 147 147
1510.853 555.372 1017.183 147 147 147
1513.862 558.289 1017.183 147 147 147
1514.859 559.255 1014.445 147 147 147
1517.850 562.154 1014.445 147 147 147
1518.846 563.121 1011.707 147 147 147
1522.815 566.967 1011.707 147 147 147
1527.799 571.799 1006.231 147 147 147
1530.808 574.716 1006.231 147 147 147
1531.805 575.682 1003.493 147 147 147
1534.796 578.581 1003.493 147 147 147
1535.793 579.548 1000.755 147 147 147
1539.761 583.394 1000.755 147 147 147
1544.745 588.226 995.279 147 147 147
1547.755 591.143 995.279 147 147 147
1548.751 592.109 992.540 147 147 147
1551.742 595.008 992.540 147 147 147
1552.739 595.975 989.802 147 147 147
1556.707 599.821 989.802 147 147 147
1561.691 604.653 984.326 147 147 147
1564.701 607.570 984.326 147 147 147
1565.697 608.536 981.588 147 147 147
1569.666 612.383 981.588 147 147 147
1574.650 617.214 976.112 147 147 147
1577.659 620.132 976.112 147 147 147
1578.656 621.098 973.374 147 147 147
1581.647 623.997 973.374 147 147 147
1582.644 624.963 970.636 147 147 147
1586.612 628.810 970.636 147 147 147
1591.596 633.641 965.160 147 147 147
1594.606 636.559 965.160 147 147 147
1595.602 637.525 962.421 147 147 147
1598.593 640.424 962.421 147 147 147
1599.590 641.390 959.683 147 147 147
1603.558 645.237 959.683 147 147 147
1608.542 650.068 954.207 147 147 147
1611.552 652.986 954.207 147 147 147
1612.549 653.952 951.469 147 147 147
1615.539 656.851 951.469 147 147 147
1616.536 657.817 948.731 147 147 147
1620.504 661.664 948.731 147 147 147
1625.488 666.495 943.255 147 147 147
1628.498 669.413 943.255 147 147 147
1629.495 670.379 940.517 147 147 147
1633.463 674.226 940.517 147 147 147
1638.447 679.057 935.040 147 147 147
1641.457 681.975 935.040 147 147 147
1642.454 682.941 932.302 147 147 147
1645.444 685.840 932.302 147 147 147
1646.441 686.806 929.564 147 147 147
1650.409 690.653 929.564 147 147 147
1655.393 695.484 924.088 147 147 147
1658.403 698.402 924.088 147 147 147
1659.400 699.368 921.350 147 147 147
1662.390 702.267 921.350 147 147 147
1663.387 703.233 918.612 147 147 147
1667.355 707.080 918.612 147 147 147
1672.339 711.911 913.136 147 147 147
1675.349 714.829 913.136 147 147 147
1676.346 715.795 910.398 147 147 147
1679.336 718.694 910.398 147 147 147
1680.333 719.660 907.660 147 147 147
1684.301 723.507 907.660 147 147 147
1689.286 728.338 902.183 147 147 147
1692.295 731.256 902.183 147 147 147
1693.292 732.222 899.445 147 147 147
1696.283 735.121 899.445 147 147 147
1697.279 736.087 896.707 147 147 147
1701.260 739.946 896.707 147 147 147
1704.795 743.373 889.771 147 147 147
1702.790 741.429 884.262 147 147 147
1702.790 741.429 878.786 147 147 147
1700.270 738.986 871.864 147 147 147
1698.207 736.987 871.864 147 147 147
1693.223 732.155 877.340 147 147 147
1689.236 728.290 877.340 147 147 147
1684.252 723.459 882.817 147 147 147
1680.264 719.593 882.817 147 147 147
1675.280 714.762 888.293 147 147 147
1672.270 711.844 888.293 147 147 147
1671.274 710.878 891.031 147 147 147
1667.305 707.032 891.031 147 147 147
1662.321 702.200 896.507 147 147 147
1658.334 698.335 896.507 147 147 147
1653.350 693.503 901.983 147 147 147
1650.340 690.586 901.983 147 147 147
1649.343 689.620 904.721 147 147 147
1645.375 685.773 904.721 147 147 147
1640.391 680.942 910.198 147 147 147
1636.404 677.076 910.198 147 147 147
1631.419 672.245 915.674 147 147 147
1628.410 669.327 915.674 147 147 147
1627.413 668.361 918.412 147 147 147
1623.445 664.515 918.412 147 147 147
1618.461 659.683 923.888 147 147 147
1615.451 656.766 923.888 147 147 147
1614.454 655.799 926.626 147 147 147
1610.486 651.953 926.626 147 147 147
1605.502 647.121 932.102 147 147 147
1601.514 643.256 932.102 147 147 147
1596.530 638.425 937.579 147 147 147
1593.521 635.507 937.579 147 147 147
1592.524 634.541 940.317 147 147 147
1588.556 630.694 940.317 147 147 147
1583.571 625.863 945.793 147 147 147
1579.584 621.998 945.793 147 147 147
1574.600 617.166 951.269 147 147 147
1571.590 614.249 951.269 147 147 147
1570.593 613.282 954.007 147 147 147
1566.625 609.436 954.007 147 147 147
1561.641 604.604 959.483 147 147 147
1557.654 600.739 959.483 147 147 147
1552.670 595.908 964.960 147 147 147
1549.660 592.990 964.960 147 147 147
1548.663 592.024 967.698 147 147 147
1544.695 588.177 967.698 147 147 147
1539.711 583.346 973.174 147 147 147
1535.724 579.481 973.174 147 147 147
1530.739 574.649 978.650 147 147 147
1527.730 571.732 978.650 147 147 147
1526.733 570.765 981.388 147 147 147
1522.765 566.919 981.388 147 147 147
1517.781 562.087 986.864 147 147 147
1513.793 558.222 986.864 147 147 147
1508.809 553.391 992.340 147 147 147
1505.799 550.473 992.340 147 147 147
1504.803 549.507 995.079 147 147 147
1500.834 545.660 995.079 147 147 147
1495.900 540.877 1000.501 147 147 147
1494.452 539.473 996.524 147 147 147
1494.452 539.473 676.167 147 147 147
1493.464 538.515 673.452 147 147 147
1494.452 539.473 670.738 147 147 147
1494.452 539.473 481.815 147 147 147
1499.436 544.305 470.862 147 147 147
1499.436 544.305 459.918 147 147 147
1504.420 549.136 451.703 147 147 147
1504.420 549.136 443.483 147 147 147
1508.407 553.001 435.269 147 147 147
1508.407 553.001 429.788 147 147 147
1519.841 564.085 401.112 147 147 147
1520.844 565.057 401.112 147 147 147
1524.844 568.935 387.378 147 147 147
1534.810 578.595 373.691 147 147 147
1537.796 581.490 365.489 147 147 147
1544.774 588.254 360.013 147 147 147
1548.751 592.109 349.088 147 147 147
1550.734 594.032 349.088 147 147 147
1555.718 598.863 340.874 147 147 147
1557.723 600.806 340.874 147 147 147
1561.710 604.671 329.921 147 147 147
1564.701 607.570 329.921 147 147 147
1566.232 609.055 325.714 147 147 147
1563.233 606.148 317.476 147 147 147
1563.233 606.148 312.000 147 147 147
1559.685 602.708 302.253 147 147 147
1556.635 599.752 307.837 147 147 147
1548.662 592.023 313.312 147 147 147
1542.994 587.921 321.507 147 147 147
1540.994 585.982 321.507 147 147 147
1536.010 581.151 332.460 147 147 147
1533.018 578.251 332.460 147 147 147
1527.029 572.445 346.169 147 147 147
1522.042 567.611 348.909 147 147 147
1518.055 563.746 359.861 147 147 147
1513.070 558.914 362.599 147 147 147
1509.091 555.056 373.531 147 147 147
1507.097 553.124 373.531 147 147 147
1505.092 551.180 379.038 147 147 147
1502.103 548.283 381.775 147 147 147
1482.647 529.423 429.736 147 147 147
1482.647 529.423 435.209 147 147 147
1477.663 524.591 446.161 147 147 147
1477.663 524.591 451.638 147 147 147
1472.668 519.749 462.614 147 147 147
1473.667 520.718 465.357 147 147 147
1472.679 519.760 468.071 147 147 147
1472.679 519.760 479.072 147 147 147
1474.661 521.681 484.517 147 147 147
1470.685 517.827 492.707 147 147 147
1470.685 517.827 1037.643 147 147 147
1472.217 519.313 1041.853 147 147 147
1487.256 533.891 1033.591 147 147 147
1488.245 534.850 1030.874 147 147 147
1492.214 538.696 1030.874 147 147 147
1497.198 543.528 1025.398 147 147 147
1500.207 546.445 1025.398 147 147 147
1501.204 547.412 1022.660 147 147 147
1505.172 551.258 1022.660 147 147 147
1510.156 556.090 1017.183 147 147 147
1513.166 559.007 1017.183 147 147 147
1514.163 559.973 1014.445 147 147 147
1517.154 562.872 1014.445 147 147 147
1518.150 563.839 1011.707 147 147 147
1522.118 567.685 1011.707 147 147 147
1527.103 572.517 1006.231 147 147 147
1530.112 575.434 1006.231 147 147 147
1531.109 576.400 1003.493 147 147 147
1534.100 579.299 1003.493 147 147 147
1535.096 580.266 1000.755 147 147 147
1539.065 584.112 1000.755 147 147 147
1544.049 588.944 995.279 147 147 147
1547.058 591.861 995.279 147 147 147
1548.055 592.827 992.540 147 147 147
1551.046 595.726 992.540 147 147 147
1552.043 596.693 989.802 147 147 147
1556.011 600.539 989.802 147 147 147
1560.995 605.371 984.326 147 147 147
1564.005 608.288 984.326 147 147 147
1565.001 609.254 981.588 147 147 147
1568.970 613.101 981.588 147 147 147
1573.954 617.932 976.112 147 147 147
1576.963 620.850 976.112 147 147 147
1577.960 621.816 973.374 147 147 147
1580.951 624.715 973.374 147 147 147
1581.948 625.681 970.636 147 147 147
1585.916 629.528 970.636 147 147 147
1590.900 634.359 965.160 147 147 147
1593.910 637.277 965.160 147 147 147
1594.906 638.243 962.421 147 147 147
1597.897 641.142 962.421 147 147 147
1598.894 642.108 959.683 147 147 147
1602.862 645.955 959.683 147 147 147
1607.846 650.786 954.207 147 147 147
1610.856 653.704 954.207 147 147 147
1611.853 654.670 951.469 147 147 147
1614.843 657.569 951.469 147 147 147
1615.840 658.535 948.731 147 147 147
1619.808 662.382 948.731 147 147 147
1624.792 667.213 943.255 147 147 147
1627.802 670.131 943.255 147 147 147
1628.799 671.097 940.517 147 147 147
1632.767 674.944 940.517 147 147 147
1637.751 679.775 935.040 147 147 147
1640.761 682.693 935.040 147 147 147
1641.758 683.659 932.302 147 147 147
1644.748 686.558 932.302 147 147 147
1645.745 687.524 929.564 147 147 147
1649.713 691.371 929.564 147 147 147
1654.697 696.202 924.088 147 147 147
1657.707 699.120 924.088 147 147 147
1658.704 700.086 921.350 147 147 147
1661.694 702.985 921.350 147 147 147
1662.691 703.951 918.612 147 147 147
1666.659 707.798 918.612 147 147 147
1671.643 712.629 913.136 147 147 147
1674.653 715.547 913.136 147 147 147
1675.650 716.513 910.398 147 147 147
1678.640 719.412 910.398 147 147 147
1679.637 720.378 907.660 147 147 147
1683.605 724.225 907.660 147 147 147
1688.590 729.056 902.183 147 147 147
1691.599 731.974 902.183 147 147 147
1692.596 732.940 899.445 147 147 147
1695.587 735.839 899.445 147 147 147
1696.583 736.805 896.707 147 147 147
1700.564 740.664 896.707 147 147 147
1704.099 744.091 889.771 147 147 147
1702.094 742.147 884.262 147 147 147
1702.094 742.147 878.786 147 147 147
1699.574 739.704 871.864 147 147 147
1697.511 737.705 871.864 147 147 147
1692.527 732.873 877.340 147 147 147
1688.540 729.008 877.340 147 147 147
1683.556 724.177 882.817 147 147 147
1679.568 720.311 882.817 147 147 147
1674.584 715.480 888.293 147 147 147
1671.574 712.562 888.293 147 147 147
1670.578 711.596 891.031 147 147 147
1666.609 707.750 891.031 147 147 147
1661.625 702.918 896.507 147 147 147
1657.638 699.053 896.507 147 147 147
1652.654 694.221 901.983 147 147 147
1649.644 691.304 901.983 147 147 147
1648.647 690.338 904.721 147 147 147
1644.679 686.491 904.721 147 147 147
1639.695 681.660 910.198 147 147 147
1635.708 677.794 910.198 147 147 147
1630.723 672.963 915.674 147 147 147
1627.714 670.045 915.674 147 147 147
1626.717 669.079 918.412 147 147 147
1622.749 665.233 918.412 147 147 147
1617.765 660.401 923.888 147 147 147
1614.755 657.484 923.888 147 147 147
1613.758 656.517 926.626 147 147 147
1609.790 652.671 926.626 147 147 147
1604.806 647.839 932.102 147 147 147
1600.818 643.974 932.102 147 147 147
1595.834 639.143 937.579 147 147 147
1592.825 636.225 937.579 147 147 147
1591.828 635.259 940.317 147 147 147
1587.860 631.412 940.317 147 147 147
1582.875 626.581 945.793 147 147 147
1578.888 622.716 945.793 147 147 147
1573.904 617.884 951.269 147 147 147
1570.894 614.967 951.269 147 147 147
1569.897 614.000 954.007 147 147 147
1565.929 610.154 954.007 147 147 147
1560.945 605.322 959.483 147 147 147
1556.958 601.457 959.483 147 147 147
1551.974 596.626 964.960 147 147 147
1548.964 593.708 964.960 147 147 147
1547.967 592.742 967.698 147 147 147
1543.999 588.895 967.698 147 147 147
1539.015 584.064 973.174 147 147 147
1535.027 580.199 973.174 147 147 147
1530.043 575.367 978.650 147 147 147
1527.034 572.450 978.650 147 147 147
1526.037 571.483 981.388 147 147 147
1522.069 567.637 981.388 147 147 147
1517.085 562.805 986.864 147 147 147
1513.097 558.940 986.864 147 147 147
1508.113 554.109 992.340 147 147 147
1505.103 551.191 992.340 147 147 147
1504.106 550.225 995.079 147 147 147
1500.138 546.378 995.079 147 147 147
1495.203 541.595 1000.501 147 147 147
1493.756 540.191 996.524 147 147 147
1493.756 540.191 676.167 147 147 147
1492.768 539.233 673.452 147 147 147
1493.756 540.191 670.738 147 147 147
1493.756 540.191 481.815 147 147 147
1498.740 545.023 470.862 147 147 147
1498.740 545.023 459.918 147 147 147
1503.724 549.854 451.703 147 147 147
1503.724 549.854 443.483 147 147 147
1507.711 553.719 435.269 147 147 147
1507.711 553.719 429.788 147 147 147
1519.145 564.803 401.112 147 147 147
1520.148 565.775 401.112 147 147 147
1524.148 569.653 387.378 147 147 147
1534.114 579.313 373.691 147 147 147
1537.100 582.208 365.489 147 147 147
1544.078 588.972 360.013 147 147 147
1548.055 592.827 349.088 147 147 147
1550.038 594.750 349.088 147 147 147
1555.022 599.581 340.874 147 147 147
1557.027 601.524 340.874 147 147 147
1561.014 605.389 329.921 147 147 147
1564.005 608.288 329.921 147 147 147
1565.536 609.773 325.714 147 147 147
1562.537 606.866 317.476 147 147 147
1562.537 606.866 312.000 147 147 147
1558.989 603.426 302.253 147 147 147
1555.939 600.470 307.837 147 147 147
1547.966 592.741 313.312 147 147 147
1558.631 601.687 351.626 147 147 147
1555.641 598.788 359.840 147 147 147
1553.662 596.870 359.840 147 147 147
1549.645 592.976 365.357 147 147 147
1546.662 590.084 373.552 147 147 147
1541.682 585.257 376.287 147 147 147
1533.693 577.512 392.747 147 147 147
1527.730 571.732 409.126 147 147 147
1526.731 570.763 409.126 147 147 147
1518.740 563.017 433.819 147 147 147
1515.242 559.626 440.682 147 147 147
1515.242 559.626 446.160 147 147 147
1511.254 555.761 454.374 147 147 147
1511.254 555.761 470.804 147 147 147
1506.270 550.930 481.757 147 147 147
1506.270 550.930 648.833 147 147 147
1507.793 552.406 653.017 147 147 147
1512.857 557.315 653.017 147 147 147
1515.847 560.213 647.540 147 147 147
1521.837 566.019 647.540 147 147 147
1522.834 566.986 644.802 147 147 147
1528.806 572.775 644.802 147 147 147
1531.797 575.674 639.326 147 147 147
1537.767 581.462 639.326 147 147 147
1542.757 586.298 633.844 147 147 147
1553.726 596.932 631.105 147 147 147
1557.713 600.796 625.629 147 147 147
1569.681 612.397 622.890 147 147 147
1572.667 615.292 617.421 147 147 147
1578.656 621.098 617.421 147 147 147
1579.653 622.065 614.683 147 147 147
1581.652 624.002 614.683 147 147 147
1588.154 630.305 591.328 147 147 147
1588.154 630.305 585.850 147 147 147
1590.142 632.232 577.658 147 147 147
1593.138 635.136 569.429 147 147 147
1593.138 635.136 563.952 147 147 147
1595.137 637.074 558.462 147 147 147
1593.618 635.601 551.507 147 147 147
1591.527 633.575 551.507 147 147 147
1590.530 632.608 554.245 147 147 147
1584.558 626.819 554.245 147 147 147
1581.567 623.920 559.721 147 147 147
1577.659 620.132 559.721 147 147 147
1574.625 617.190 551.386 147 147 147
1573.639 616.235 554.094 147 147 147
1571.214 613.884 544.769 147 147 147
1572.675 615.300 540.755 147 147 147
1575.651 618.185 540.755 147 147 147
1581.632 623.983 532.540 147 147 147
1584.637 626.896 532.540 147 147 147
1586.631 628.829 527.064 147 147 147
1589.621 631.727 527.064 147 147 147
1591.615 633.660 521.588 147 147 147
1597.596 639.458 521.588 147 147 147
1599.590 641.390 516.112 147 147 147
1601.583 643.323 516.112 147 147 147
1603.106 644.799 511.929 147 147 147
1603.106 644.799 500.928 147 147 147
1597.552 639.415 485.672 147 147 147
1596.511 638.406 488.531 147 147 147
1588.536 630.676 488.531 147 147 147
1587.540 629.709 491.269 147 147 147
1579.565 621.979 491.269 147 147 147
1578.568 621.013 494.007 147 147 147
1576.663 619.166 494.007 147 147 147
1575.666 618.199 491.269 147 147 147
1566.606 609.417 491.269 147 147 147
1565.609 608.451 494.007 147 147 147
1557.723 600.806 494.007 147 147 147
1555.258 598.417 487.238 147 147 147
1555.258 598.417 479.077 147 147 147
1559.715 602.737 469.557 147 147 147
1574.672 617.236 466.818 147 147 147
1575.666 618.199 464.088 147 147 147
1584.619 626.879 464.088 147 147 147
1591.576 633.623 455.898 147 147 147
1594.589 636.543 458.657 147 147 147
1595.602 637.525 455.874 147 147 147
1597.592 639.454 455.874 147 147 147
1603.106 644.799 443.481 147 147 147
1603.106 644.799 427.000 147 147 147
1601.539 643.280 422.696 147 147 147
1600.498 642.271 425.555 147 147 147
1595.602 637.525 425.555 147 147 147
1594.606 636.559 422.817 147 147 147
1590.618 632.694 422.817 147 147 147
1589.621 631.727 420.079 147 147 147
1583.552 625.844 420.079 147 147 147
1582.600 624.921 422.696 147 147 147
1580.625 623.007 417.273 147 147 147
1578.583 621.027 420.079 147 147 147
1574.669 617.233 420.079 147 147 147
1572.205 614.844 413.309 147 147 147
1572.205 614.844 407.881 147 147 147
1574.207 616.785 402.381 147 147 147
1571.678 614.334 395.436 147 147 147
1568.688 611.435 395.436 147 147 147
1566.230 609.053 388.684 147 147 147
1568.694 611.441 379.207 147 147 147
1569.685 612.402 379.207 147 147 147
1573.210 615.819 369.524 147 147 147
1572.205 614.844 366.762 147 147 147
1572.205 614.844 361.286 147 147 147
1570.211 612.912 355.809 147 147 147
1570.211 612.912 350.333 147 147 147
1567.682 610.460 343.385 147 147 147
1562.611 605.545 346.171 147 147 147
1560.625 603.619 351.626 147 147 147
1557.935 602.405 351.626 147 147 147
1554.945 599.506 359.840 147 147 147
1552.966 597.588 359.840 147 147 147
1548.949 593.694 365.357 147 147 147
1545.966 590.802 373.552 147 147 147
1540.986 585.975 376.287 147 147 147
1532.997 578.230 392.747 147 147 147
1527.034 572.450 409.126 147 147 147
1526.035 571.481 409.126 147 147 147
1518.044 563.735 433.819 147 147 147
1514.546 560.344 440.682 147 147 147
1514.546 560.344 446.160 147 147 147
1510.558 556.479 454.374 147 147 147
1510.558 556.479 470.804 147 147 147
1505.574 551.648 481.757 147 147 147
1505.574 551.648 648.833 147 147 147
1507.097 553.124 653.017 147 147 147
1512.161 558.033 653.017 147 147 147
1515.151 560.931 647.540 147 147 147
1521.141 566.737 647.540 147 147 147
1522.138 567.704 644.802 147 147 147
1528.110 573.493 644.802 147 147 147
1531.101 576.392 639.326 147 147 147
1537.071 582.180 639.326 147 147 147
1542.061 587.016 633.844 147 147 147
1553.030 597.650 631.105 147 147 147
1557.017 601.514 625.629 147 147 147
1568.985 613.115 622.890 147 147 147
1571.971 616.010 617.421 147 147 147
1577.960 621.816 617.421 147 147 147
1578.957 622.783 614.683 147 147 147
1580.956 624.720 614.683 147 147 147
1587.458 631.023 591.328 147 147 147
1587.458 631.023 585.850 147 147 147
1589.446 632.950 577.658 147 147 147
1592.442 635.854 569.429 147 147 147
1592.442 635.854 563.952 147 147 147
1594.441 637.792 558.462 147 147 147
1592.922 636.319 551.507 147 147 147
1590.831 634.293 551.507 147 147 147
1589.834 633.326 554.245 147 147 147
1583.862 627.537 554.245 147 147 147
1580.871 624.638 559.721 147 147 147
1576.963 620.850 559.721 147 147 147
1573.929 617.908 551.386 147 147 147
1572.943 616.953 554.094 147 147 147
1570.518 614.602 544.769 147 147 147
1571.979 616.018 540.755 147 147 147
1574.955 618.903 540.755 147 147 147
1580.936 624.701 532.540 147 147 147
1583.941 627.614 532.540 147 147 147
1585.935 629.547 527.064 147 147 147
1588.925 632.445 527.064 147 147 147
1590.919 634.378 521.588 147 147 147
1596.900 640.176 521.588 147 147 147
1598.894 642.108 516.112 147 147 147
1600.887 644.041 516.112 147 147 147
1602.410 645.517 511.929 147 147 147
1602.410 645.517 500.928 147 147 147
1596.856 640.133 485.672 147 147 147
1595.815 639.124 488.531 147 147 147
1587.840 631.394 488.531 147 147 147
1586.844 630.427 491.269 147 147 147
1578.869 622.697 491.269 147 147 147
1577.872 621.731 494.007 147 147 147
1575.967 619.884 494.007 147 147 147
1574.970 618.917 491.269 147 147 147
1565.910 610.135 491.269 147 147 147
1564.913 609.169 494.007 147 147 147
1557.027 601.524 494.007 147 147 147
1554.562 599.135 487.238 147 147 147
1554.562 599.135 479.077 147 147 147
1559.018 603.455 469.557 147 147 147
1573.976 617.954 466.818 147 147 147
1574.970 618.917 464.088 147 147 147
1583.923 627.597 464.088 147 147 147
1590.880 634.341 455.898 147 147 147
1593.893 637.261 458.657 147 147 147
1594.906 638.243 455.874 147 147 147
1596.896 640.172 455.874 147 147 147
1602.410 645.517 443.481 147 147 147
1602.410 645.517 427.000 147 147 147
1600.843 643.998 422.696 147 147 147
1599.802 642.989 425.555 147 147 147
1594.906 638.243 425.555 147 147 147
1593.910 637.277 422.817 147 147 147
1589.922 633.412 422.817 147 147 147
1588.925 632.445 420.079 147 147 147
1582.856 626.562 420.079 147 147 147
1581.904 625.639 422.696 147 147 147
1579.929 623.725 417.273 147 147 147
1577.887 621.745 420.079 147 147 147
1573.973 617.951 420.079 147 147 147
1571.509 615.562 413.309 147 147 147
1571.509 615.562 407.881 147 147 147
1573.511 617.503 402.381 147 147 147
1570.982 615.052 395.436 147 147 147
1567.992 612.153 395.436 147 147 147
1565.534 609.771 388.684 147 147 147
1567.998 612.159 379.207 147 147 147
1568.989 613.120 379.207 147 147 147
1572.514 616.537 369.524 147 147 147
1571.509 615.562 366.762 147 147 147
1571.509 615.562 361.286 147 147 147
1569.515 613.630 355.809 147 147 147
1569.515 613.630 350.333 147 147 147
1566.986 611.178 343.385 147 147 147
1561.915 606.263 346.171 147 147 147
1559.929 604.337 351.626 147 147 147
1558.631 601.687 351.626 147 147 147
1555.641 598.788 359.840 147 147 147
1553.662 596.870 359.840 147 147 147
1549.645 592.976 365.357 147 147 147
1546.662 590.084 373.552 147 147 147
1541.682 585.257 376.287 147 147 147
1533.693 577.512 392.747 147 147 147
1527.730 571.732 409.126 147 147 147
1526.731 570.763 409.126 147 147 147
1518.740 563.017 433.819 147 147 147
1515.242 559.626 440.682 147 147 147
1515.242 559.626 446.160 147 147 147
1511.254 555.761 454.374 147 147 147
1511.254 555.761 470.804 147 147 147
1506.270 550.930 481.757 147 147 147
1506.270 550.930 648.833 147 147 147
1507.793 552.406 653.017 147 147 147
1512.857 557.315 653.017 147 147 147
1515.847 560.213 647.540 147 147 147
1521.837 566.019 647.540 147 147 147
1522.834 566.986 644.802 147 147 147
1528.806 572.775 644.802 147 147 147
1531.797 575.674 639.326 147 147 147
1537.767 581.462 639.326 147 147 147
1542.757 586.298 633.844 147 147 147
1553.726 596.932 631.105 147 147 147
1557.713 600.796 625.629 147 147 147
1569.681 612.397 622.890 147 147 147
1572.667 615.292 617.421 147 147 147
1578.656 621.098 617.421 147 147 147
1579.653 622.065 614.683 147 147 147
1581.652 624.002 614.683 147 147 147
1588.154 630.305 591.328 147 147 147
1588.154 630.305 585.850 147 147 147
1590.142 632.232 577.658 147 147 147
1593.138 635.136 569.429 147 147 147
1593.138 635.136 563.952 147 147 147
1595.137 637.074 558.462 147 147 147
1593.618 635.601 551.507 147 147 147
1591.527 633.575 551.507 147 147 147
1590.530 632.608 554.245 147 147 147
1584.558 626.819 554.245 147 147 147
1581.567 623.920 559.721 147 147 147
1577.659 620.132 559.721 147 147 147
1574.625 617.190 551.386 147 147 147
1573.639 616.235 554.094 147 147 147
1571.214 613.884 544.769 147 147 147
1572.675 615.300 540.755 147 147 147
1575.651 618.185 540.755 147 147 147
1581.632 623.983 532.540 147 147 147
1584.637 626.896 532.540 147 147 147
1586.631 628.829 527.064 147 147 147
1589.621 631.727 527.064 147 147 147
1591.615 633.660 521.588 147 147 147
1597.596 639.458 521.588 147 147 147
1599.590 641.390 516.112 147 147 147
1601.583 643.323 516.112 147 147 147
1603.106 644.799 511.929 147 147 147
1603.106 644.799 500.928 147 147 147
1597.552 639.415 485.672 147 147 147
1596.511 638.406 488.531 147 147 147
1588.536 630.676 488.531 147 147 147
1587.540 629.709 491.269 147 147 147
1579.565 621.979 491.269 147 147 147
1578.568 621.013 494.007 147 147 147
1576.663 619.166 494.007 147 147 147
1575.666 618.199 491.269 147 147 147
1566.606 609.417 491.269 147 147 147
1565.609 608.451 494.007 147 147 147
1557.723 600.806 494.007 147 147 147
1555.258 598.417 487.238 147 147 147
1555.258 598.417 479.077 147 147 147
1559.715 602.737 469.557 147 147 147
1574.672 617.236 466.818 147 147 147
1575.666 618.199 464.088 147 147 147
1584.619 626.879 464.088 147 147 147
1591.576 633.623 455.898 147 147 147
1594.589 636.543 458.657 147 147 147
1595.602 637.525 455.874 147 147 147
1597.592 639.454 455.874 147 147 147
1603.106 644.799 443.481 147 147 147
1603.106 644.799 427.000 147 147 147
1601.539 643.280 422.696 147 147 147
1600.498 642.271 425.555 147 147 147
1595.602 637.525 425.555 147 147 147
1594.606 636.559 422.817 147 147 147
1590.618 632.694 422.817 147 147 147
1589.621 631.727 420.079 147 147 147
1583.552 625.844 420.079 147 147 147
1582.600 624.921 422.696 147 147 147
1580.625 623.007 417.273 147 147 147
1578.583 621.027 420.079 147 147 147
1574.669 617.233 420.079 147 147 147
1572.205 614.844 413.309 147 147 147
1572.205 614.844 407.881 147 147 147
1574.207 616.785 402.381 147 147 147
1571.678 614.334 395.436 147 147 147
1568.688 611.435 395.436 147 147 147
1566.230 609.053 388.684 147 147 147
1568.694 611.441 379.207 147 147 147
1569.685 612.402 379.207 147 147 147
1573.210 615.819 369.524 147 147 147
1572.205 614.844 366.762 147 147 147
1572.205 614.844 361.286 147 147 147
1570.211 612.912 355.809 147 147 147
1570.211 612.912 350.333 147 147 147
1567.682 610.460 343.385 147 147 147
1562.611 605.545 346.171 147 147 147
1560.625 603.619 351.626 147 147 147
1557.935 602.405 351.626 147 147 147
1554.945 599.506 359.840 147 147 147
1552.966 597.588 359.840 147 147 147
1548.949 593.694 365.357 147 147 147
1545.966 590.802 373.552 147 147 147
1540.986 585.975 376.287 147 147 147
1532.997 578.230 392.747 147 147 147
1527.034 572.450 409.126 147 147 147
1526.035 571.481 409.126 147 147 147
1518.044 563.735 433.819 147 147 147
1514.546 560.344 440.682 147 147 147
1514.546 560.344 446.160 147 147 147
1510.558 556.479 454.374 147 147 147
1510.558 556.479 470.804 147 147 147
1505.574 551.648 481.757 147 147 147
1505.574 551.648 648.833 147 147 147
1507.097 553.124 653.017 147 147 147
1512.161 558.033 653.017 147 147 147
1515.151 560.931 647.540 147 147 147
1521.141 566.737 647.540 147 147 147
1522.138 567.704 644.802 147 147 147
1528.110 573.493 644.802 147 147 147
1531.101 576.392 639.326 147 147 147
1537.071 582.180 639.326 147 147 147
1542.061 587.016 633.844 147 147 147
1553.030 597.650 631.105 147 147 147
1557.017 601.514 625.629 147 147 147
1568.985 613.115 622.890 147 147 147
1571.971 616.010 617.421 147 147 147
1577.960 621.816 617.421 147 147 147
1578.957 622.783 614.683 147 147 147
1580.956 624.720 614.683 147 147 147
1587.458 631.023 591.328 147 147 147
1587.458 631.023 585.850 147 147 147
1589.446 632.950 577.658 147 147 147
1592.442 635.854 569.429 147 147 147
1592.442 635.854 563.952 147 147 147
1594.441 637.792 558.462 147 147 147
1592.922 636.319 551.507 147 147 147
1590.831 634.293 551.507 147 147 147
1589.834 633.326 554.245 147 147 147
1583.862 627.537 554.245 147 147 147
1580.871 624.638 559.721 147 147 147
1576.963 620.850 559.721 147 147 147
1573.929 617.908 551.386 147 147 147
1572.943 616.953 554.094 147 147 147
1570.518 614.602 544.769 147 147 147
1571.979 616.018 540.755 147 147 147
1574.955 618.903 540.755 147 147 147
1580.936 624.701 532.540 147 147 147
1583.941 627.614 532.540 147 147 147
1585.935 629.547 527.064 147 147 147
1588.925 632.445 527.064 147 147 147
1590.919 634.378 521.588 147 147 147
1596.900 640.176 521.588 147 147 147
1598.894 642.108 516.112 147 147 147
1600.887 644.041 516.112 147 147 147
1602.410 645.517 511.929 147 147 147
1602.410 645.517 500.928 147 147 147
1596.856 640.133 485.672 147 147 147
1595.815 639.124 488.531 147 147 147
1587.840 631.394 488.531 147 147 147
1586.844 630.427 491.269 147 147 147
1578.869 622.697 491.269 147 147 147
1577.872 621.731 494.007 147 147 147
1575.967 619.884 494.007 147 147 147
1574.970 618.917 491.269 147 147 147
1565.910 610.135 491.269 147 147 147
1564.913 609.169 494.007 147 147 147
1557.027 601.524 494.007 147 147 147
1554.562 599.135 487.238 147 147 147
1554.562 599.135 479.077 147 147 147
1559.018 603.455 469.557 147 147 147
1573.976 617.954 466.818 147 147 147
1574.970 618.917 464.088 147 147 147
1583.923 627.597 464.088 147 147 147
1590.880 634.341 455.898 147 147 147
1593.893 637.261 458.657 147 147 147
1594.906 638.243 455.874 147 147 147
1596.896 640.172 455.874 147 147 147
1602.410 645.517 443.481 147 147 147
1602.410 645.517 427.000 147 147 147
1600.843 643.998 422.696 147 147 147
1599.802 642.989 425.555 147 147 147
1594.906 638.243 425.555 147 147 147
1593.910 637.277 422.817 147 147 147
1589.922 633.412 422.817 147 147 147
1588.925 632.445 420.079 147 147 147
1582.856 626.562 420.079 147 147 147
1581.904 625.639 422.696 147 147 147
1579.929 623.725 417.273 147 147 147
1577.887 621.745 420.079 147 147 147
1573.973 617.951 420.079 147 147 147
1571.509 615.562 413.309 147 147 147
1571.509 615.562 407.881 147 147 147
1573.511 617.503 402.381 147 147 147
1570.982 615.052 395.436 147 147 147
1567.992 612.153 395.436 147 147 147
1565.534 609.771 388.684 147 147 147
1567.998 612.159 379.207 147 147 147
1568.989 613.120 379.207 147 147 147
1572.514 616.537 369.524 147 147 147
1571.509 615.562 366.762 147 147 147
1571.509 615.562 361.286 147 147 147
1569.515 613.630 355.809 147 147 147
1569.515 613.630 350.333 147 147 147
1566.986 611.178 343.385 147 147 147
1561.915 606.263 346.171 147 147 147
1559.929 604.337 351.626 147 147 147
828.208 1117.266 370.798 147 147 147
825.495 1114.695 376.269 147 147 147
814.625 1104.392 376.269 147 147 147
813.716 1103.530 379.018 147 147 147
802.853 1093.235 381.756 147 147 147
801.952 1092.380 384.483 147 147 147
792.900 1083.800 384.483 147 147 147
791.995 1082.942 387.221 147 147 147
788.374 1079.511 387.221 147 147 147
787.466 1078.650 389.967 147 147 147
771.186 1063.220 392.703 147 147 147
767.569 1059.791 398.174 147 147 147
761.218 1053.772 398.174 147 147 147
759.834 1052.460 402.359 147 147 147
759.834 1052.460 440.745 147 147 147
765.266 1057.608 451.698 147 147 147
765.266 1057.608 492.760 147 147 147
766.675 1058.944 497.025 147 147 147
768.486 1060.660 494.287 147 147 147
769.792 1061.898 498.236 147 147 147
769.792 1061.898 514.665 147 147 147
771.175 1063.209 518.850 147 147 147
773.079 1065.014 518.850 147 147 147
773.984 1065.872 516.112 147 147 147
785.752 1077.025 516.112 147 147 147
786.657 1077.883 513.374 147 147 147
797.519 1088.179 513.374 147 147 147
798.425 1089.037 510.636 147 147 147
810.192 1100.190 510.636 147 147 147
811.097 1101.048 507.898 147 147 147
821.960 1111.344 507.898 147 147 147
822.865 1112.202 505.160 147 147 147
833.727 1122.497 505.160 147 147 147
834.632 1123.355 502.421 147 147 147
839.065 1127.556 502.421 147 147 147
840.390 1128.812 506.429 147 147 147
837.681 1126.245 514.621 147 147 147
837.681 1126.245 531.050 147 147 147
835.871 1124.529 536.526 147 147 147
835.871 1124.529 552.954 147 147 147
833.155 1121.955 561.169 147 147 147
833.155 1121.955 572.121 147 147 147
830.440 1119.381 580.335 147 147 147
830.440 1119.381 591.288 147 147 147
828.197 1117.255 598.073 147 147 147
821.860 1111.250 600.811 147 147 147
820.051 1109.535 606.283 147 147 147
811.917 1101.825 609.017 147 147 147
810.087 1100.090 611.786 147 147 147
805.994 1096.212 621.413 147 147 147
808.278 1098.377 633.850 147 147 147
810.099 1100.102 633.850 147 147 147
812.809 1102.671 642.048 147 147 147
820.046 1109.530 644.785 147 147 147
822.789 1112.130 655.847 147 147 147
824.600 1113.846 653.109 147 147 147
827.292 1116.398 663.969 147 147 147
832.743 1121.565 663.969 147 147 147
836.417 1125.046 669.525 147 147 147
837.308 1125.892 666.827 147 147 147
841.785 1130.135 677.660 147 147 147
844.505 1132.712 677.660 147 147 147
847.250 1135.315 683.197 147 147 147
849.069 1137.038 680.446 147 147 147
854.500 1142.186 688.660 147 147 147
856.302 1143.894 685.935 147 147 147
858.988 1146.440 691.350 147 147 147
861.695 1149.006 691.350 147 147 147
864.410 1151.579 699.564 147 147 147
867.141 1154.167 699.564 147 147 147
870.762 1157.599 705.040 147 147 147
874.376 1161.025 705.040 147 147 147
877.122 1163.627 710.577 147 147 147
878.972 1165.381 707.779 147 147 147
882.514 1168.739 707.779 147 147 147
883.414 1169.591 710.499 147 147 147
889.750 1175.597 713.237 147 147 147
890.708 1176.505 716.134 147 147 147
891.634 1177.382 713.334 147 147 147
895.202 1180.764 718.731 147 147 147
898.823 1184.196 718.731 147 147 147
900.671 1185.948 721.527 147 147 147
907.944 1192.841 707.779 147 147 147
911.562 1196.270 707.779 147 147 147
915.673 1200.167 700.869 147 147 147
915.673 1200.167 673.438 147 147 147
912.053 1196.735 657.009 147 147 147
912.053 1196.735 651.526 147 147 147
910.242 1195.020 646.050 147 147 147
910.242 1195.020 640.574 147 147 147
907.539 1192.457 632.396 147 147 147
915.673 1200.167 618.726 147 147 147
915.673 1200.167 569.369 147 147 147
911.562 1196.270 562.460 147 147 147
908.864 1193.713 562.460 147 147 147
906.133 1191.125 551.446 147 147 147
903.405 1188.539 554.197 147 147 147
897.999 1183.415 540.571 147 147 147
891.666 1177.412 537.835 147 147 147
888.944 1174.833 529.602 147 147 147
887.143 1173.125 529.602 147 147 147
884.427 1170.551 515.912 147 147 147
882.608 1168.827 515.912 147 147 147
881.276 1167.565 511.883 147 147 147
881.276 1167.565 506.407 147 147 147
879.892 1166.253 502.221 147 147 147
878.082 1164.537 502.221 147 147 147
876.750 1163.275 498.193 147 147 147
876.750 1163.275 492.716 147 147 147
875.340 1161.939 488.452 147 147 147
873.530 1160.223 491.190 147 147 147
872.224 1158.985 487.240 147 147 147
872.224 1158.985 470.812 147 147 147
870.840 1157.674 466.626 147 147 147
869.030 1155.958 466.626 147 147 147
866.288 1153.359 458.332 147 147 147
864.431 1151.599 461.142 147 147 147
853.552 1141.288 458.400 147 147 147
852.643 1140.426 461.150 147 147 147
850.014 1137.934 461.150 147 147 147
846.888 1134.972 454.397 147 147 147
849.594 1137.536 446.212 147 147 147
849.594 1137.536 440.741 147 147 147
854.115 1141.821 429.800 147 147 147
856.831 1144.396 416.106 147 147 147
861.362 1148.690 402.403 147 147 147
861.362 1148.690 396.926 147 147 147
867.693 1154.691 377.774 147 147 147
872.229 1158.990 358.565 147 147 147
870.814 1157.649 354.285 147 147 147
867.138 1154.164 359.845 147 147 147
849.028 1136.999 362.584 147 147 147
846.312 1134.425 368.060 147 147 147
827.520 1117.992 370.798 147 147 147
824.807 1115.421 376.269 147 147 147
813.937 1105.117 376.269 147 147 147
813.028 1104.256 379.018 147 147 147
802.166 1093.960 381.756 147 147 147
801.264 1093.106 384.483 147 147 147
792.212 1084.526 384.483 147 147 147
791.307 1083.668 387.221 147 147 147
787.686 1080.236 387.221 147 147 147
786.778 1079.376 389.967 147 147 147
770.498 1063.946 392.703 147 147 147
766.881 1060.517 398.174 147 147 147
760.530 1054.498 398.174 147 147 147
759.146 1053.186 402.359 147 147 147
759.146 1053.186 440.745 147 147 147
764.578 1058.334 451.698 147 147 147
764.578 1058.334 492.760 147 147 147
765.988 1059.670 497.025 147 147 147
767.798 1061.386 494.287 147 147 147
769.104 1062.624 498.236 147 147 147
769.104 1062.624 514.665 147 147 147
770.487 1063.935 518.850 147 147 147
772.391 1065.740 518.850 147 147 147
773.296 1066.598 516.112 147 147 147
785.064 1077.751 516.112 147 147 147
785.969 1078.609 513.374 147 147 147
796.831 1088.905 513.374 147 147 147
797.737 1089.763 510.636 147 147 147
809.504 1100.916 510.636 147 147 147
810.409 1101.774 507.898 147 147 147
821.272 1112.070 507.898 147 147 147
822.177 1112.927 505.160 147 147 147
833.039 1123.223 505.160 147 147 147
833.944 1124.081 502.421 147 147 147
838.377 1128.282 502.421 147 147 147
839.702 1129.538 506.429 147 147 147
836.993 1126.971 514.621 147 147 147
836.993 1126.971 531.050 147 147 147
835.183 1125.255 536.526 147 147 147
835.183 1125.255 552.954 147 147 147
832.467 1122.681 561.169 147 147 147
832.467 1122.681 572.121 147 147 147
829.752 1120.107 580.335 147 147 147
829.752 1120.107 591.288 147 147 147
827.509 1117.981 598.073 147 147 147
821.172 1111.975 600.811 147 147 147
819.363 1110.261 606.283 147 147 147
811.229 1102.551 609.017 147 147 147
809.399 1100.816 611.786 147 147 147
805.306 1096.937 621.413 147 147 147
807.591 1099.102 633.850 147 147 147
809.411 1100.828 633.850 147 147 147
812.121 1103.396 642.048 147 147 147
819.358 1110.256 644.785 147 147 147
822.101 1112.856 655.847 147 147 147
823.912 1114.572 653.109 147 147 147
826.604 1117.124 663.969 147 147 147
832.055 1122.290 663.969 147 147 147
835.729 1125.772 669.525 147 147 147
836.621 1126.617 666.827 147 147 147
841.097 1130.860 677.660 147 147 147
843.817 1133.438 677.660 147 147 147
846.562 1136.040 683.197 147 147 147
848.381 1137.764 680.446 147 147 147
853.812 1142.912 688.660 147 147 147
855.614 1144.620 685.935 147 147 147
858.300 1147.165 691.350 147 147 147
861.007 1149.731 691.350 147 147 147
863.723 1152.305 699.564 147 147 147
866.453 1154.893 699.564 147 147 147
870.074 1158.325 705.040 147 147 147
873.688 1161.751 705.040 147 147 147
876.434 1164.353 710.577 147 147 147
878.284 1166.107 707.779 147 147 147
881.827 1169.464 707.779 147 147 147
882.726 1170.317 710.499 147 147 147
889.062 1176.323 713.237 147 147 147
890.020 1177.230 716.134 147 147 147
890.946 1178.108 713.334 147 147 147
894.514 1181.490 718.731 147 147 147
898.135 1184.922 718.731 147 147 147
899.983 1186.674 721.527 147 147 147
907.256 1193.567 707.779 147 147 147
910.874 1196.996 707.779 147 147 147
914.985 1200.893 700.869 147 147 147
914.985 1200.893 673.438 147 147 147
911.365 1197.461 657.009 147 147 147
911.365 1197.461 651.526 147 147 147
909.554 1195.745 646.050 147 147 147
909.554 1195.745 640.574 147 147 147
906.851 1193.183 632.396 147 147 147
914.985 1200.893 618.726 147 147 147
914.985 1200.893 569.369 147 147 147
910.874 1196.996 562.460 147 147 147
908.176 1194.439 562.460 147 147 147
905.445 1191.851 551.446 147 147 147
902.717 1189.265 554.197 147 147 147
897.311 1184.141 540.571 147 147 147
890.978 1178.138 537.835 147 147 147
888.256 1175.559 529.602 147 147 147
886.455 1173.851 529.602 147 147 147
883.739 1171.277 515.912 147 147 147
881.920 1169.553 515.912 147 147 147
880.588 1168.291 511.883 147 147 147
880.588 1168.291 506.407 147 147 147
879.204 1166.979 502.221 147 147 147
877.394 1165.263 502.221 147 147 147
876.062 1164.001 498.193 147 147 147
876.062 1164.001 492.716 147 147 147
874.652 1162.664 488.452 147 147 147
872.842 1160.948 491.190 147 147 147
871.536 1159.711 487.240 147 147 147
871.536 1159.711 470.812 147 147 147
870.152 1158.399 466.626 147 147 147
868.342 1156.684 466.626 147 147 147
865.600 1154.085 458.332 147 147 147
863.743 1152.324 461.142 147 147 147
852.864 1142.014 458.400 147 147 147
851.955 1141.152 461.150 147 147 147
849.326 1138.660 461.150 147 147 147
846.200 1135.697 454.397 147 147 147
848.906 1138.262 446.212 147 147 147
848.906 1138.262 440.741 147 147 147
853.427 1142.547 429.800 147 147 147
856.144 1145.122 416.106 147 147 147
860.674 1149.415 402.403 147 147 147
860.674 1149.415 396.926 147 147 147
867.005 1155.417 377.774 147 147 147
871.541 1159.716 358.565 147 147 147
870.126 1158.375 354.285 147 147 147
866.450 1154.890 359.845 147 147 147
848.340 1137.725 362.584 147 147 147
845.624 1135.151 368.060 147 147 147
828.208 1117.266 370.798 147 147 147
825.495 1114.695 376.269 147 147 147
814.625 1104.392 376.269 147 147 147
813.716 1103.530 379.018 147 147 147
802.853 1093.235 381.756 147 147 147
801.952 1092.380 384.483 147 147 147
792.900 1083.800 384.483 147 147 147
791.995 1082.942 387.221 147 147 147
788.374 1079.511 387.221 147 147 147
787.466 1078.650 389.967 147 147 147
771.186 1063.220 392.703 147 147 147
767.569 1059.791 398.174 147 147 147
761.218 1053.772 398.174 147 147 147
759.834 1052.460 402.359 147 147 147
759.834 1052.460 440.745 147 147 147
765.266 1057.608 451.698 147 147 147
765.266 1057.608 492.760 147 147 147
766.675 1058.944 497.025 147 147 147
768.486 1060.660 494.287 147 147 147
769.792 1061.898 498.236 147 147 147
769.792 1061.898 514.665 147 147 147
771.175 1063.209 518.850 147 147 147
773.079 1065.014 518.850 147 147 147
773.984 1065.872 516.112 147 147 147
785.752 1077.025 516.112 147 147 147
786.657 1077.883 513.374 147 147 147
797.519 1088.179 513.374 147 147 147
798.425 1089.037 510.636 147 147 147
810.192 1100.190 510.636 147 147 147
811.097 1101.048 507.898 147 147 147
821.960 1111.344 507.898 147 147 147
822.865 1112.202 505.160 147 147 147
833.727 1122.497 505.160 147 147 147
834.632 1123.355 502.421 147 147 147
839.065 1127.556 502.421 147 147 147
840.390 1128.812 506.429 147 147 147
837.681 1126.245 514.621 147 147 147
837.681 1126.245 531.050 147 147 147
835.871 1124.529 536.526 147 147 147
835.871 1124.529 552.954 147 147 147
833.155 1121.955 561.169 147 147 147
833.155 1121.955 572.121 147 147 147
830.440 1119.381 580.335 147 147 147
830.440 1119.381 591.288 147 147 147
828.197 1117.255 598.073 147 147 147
821.860 1111.250 600.811 147 147 147
820.051 1109.535 606.283 147 147 147
811.917 1101.825 609.017 147 147 147
810.087 1100.090 611.786 147 147 147
805.994 1096.212 621.413 147 147 147
808.278 1098.377 633.850 147 147 147
810.099 1100.102 633.850 147 147 147
812.809 1102.671 642.048 147 147 147
820.046 1109.530 644.785 147 147 147
822.789 1112.130 655.847 147 147 147
824.600 1113.846 653.109 147 147 147
827.292 1116.398 663.969 147 147 147
832.743 1121.565 663.969 147 147 147
836.417 1125.046 669.525 147 147 147
837.308 1125.892 666.827 147 147 147
841.785 1130.135 677.660 147 147 147
844.505 1132.712 677.660 147 147 147
847.250 1135.315 683.197 147 147 147
849.069 1137.038 680.446 147 147 147
854.500 1142.186 688.660 147 147 147
856.302 1143.894 685.935 147 147 147
858.988 1146.440 691.350 147 147 147
861.695 1149.006 691.350 147 147 147
864.410 1151.579 699.564 147 147 147
867.141 1154.167 699.564 147 147 147
870.762 1157.599 705.040 147 147 147
874.376 1161.025 705.040 147 147 147
877.122 1163.627 710.577 147 147 147
878.972 1165.381 707.779 147 147 147
882.514 1168.739 707.779 147 147 147
883.414 1169.591 710.499 147 147 147
889.750 1175.597 713.237 147 147 147
890.708 1176.505 716.134 147 147 147
891.634 1177.382 713.334 147 147 147
895.202 1180.764 718.731 147 147 147
898.823 1184.196 718.731 147 147 147
900.671 1185.948 721.527 147 147 147
907.944 1192.841 707.779 147 147 147
911.562 1196.270 707.779 147 147 147
915.673 1200.167 700.869 147 147 147
915.673 1200.167 673.438 147 147 147
912.053 1196.735 657.009 147 147 147
912.053 1196.735 651.526 147 147 147
910.242 1195.020 646.050 147 147 147
910.242 1195.020 640.574 147 147 147
907.539 1192.457 632.396 147 147 147
915.673 1200.167 618.726 147 147 147
915.673 1200.167 569.369 147 147 147
911.562 1196.270 562.460 147 147 147
908.864 1193.713 562.460 147 147 147
906.133 1191.125 551.446 147 147 147
903.405 1188.539 554.197 147 147 147
897.999 1183.415 540.571 147 147 147
891.666 1177.412 537.835 147 147 147
888.944 1174.833 529.602 147 147 147
887.143 1173.125 529.602 147 147 147
884.427 1170.551 515.912 147 147 147
882.608 1168.827 515.912 147 147 147
881.276 1167.565 511.883 147 147 147
881.276 1167.565 506.407 147 147 147
879.892 1166.253 502.221 147 147 147
878.082 1164.537 502.221 147 147 147
876.750 1163.275 498.193 147 147 147
876.750 1163.275 492.716 147 147 147
875.340 1161.939 488.452 147 147 147
873.530 1160.223 491.190 147 147 147
872.224 1158.985 487.240 147 147 147
872.224 1158.985 470.812 147 147 147
870.840 1157.674 466.626 147 147 147
869.030 1155.958 466.626 147 147 147
866.288 1153.359 458.332 147 147 147
864.431 1151.599 461.142 147 147 147
853.552 1141.288 458.400 147 147 147
852.643 1140.426 461.150 147 147 147
850.014 1137.934 461.150 147 147 147
846.888 1134.972 454.397 147 147 147
849.594 1137.536 446.212 147 147 147
849.594 1137.536 440.741 147 147 147
854.115 1141.821 429.800 147 147 147
856.831 1144.396 416.106 147 147 147
861.362 1148.690 402.403 147 147 147
861.362 1148.690 396.926 147 147 147
867.693 1154.691 377.774 147 147 147
872.229 1158.990 358.565 147 147 147
870.814 1157.649 354.285 147 147 147
867.138 1154.164 359.845 147 147 147
849.028 1136.999 362.584 147 147 147
846.312 1134.425 368.060 147 147 147
827.520 1117.992 370.798 147 147 147
824.807 1115.421 376.269 147 147 147
813.937 1105.117 376.269 147 147 147
813.028 1104.256 379.018 147 147 147
802.166 1093.960 381.756 147 147 147
801.264 1093.106 384.483 147 147 147
792.212 1084.526 384.483 147 147 147
791.307 1083.668 387.221 147 147 147
787.686 1080.236 387.221 147 147 147
786.778 1079.376 389.967 147 147 147
770.498 1063.946 392.703 147 147 147
766.881 1060.517 398.174 147 147 147
760.530 1054.498 398.174 147 147 147
759.146 1053.186 402.359 147 147 147
759.146 1053.186 440.745 147 147 147
764.578 1058.334 451.698 147 147 147
764.578 1058.334 492.760 147 147 147
765.988 1059.670 497.025 147 147 147
767.798 1061.386 494.287 147 147 147
769.104 1062.624 498.236 147 147 147
769.104 1062.624 514.665 147 147 147
770.487 1063.935 518.850 147 147 147
772.391 1065.740 518.850 147 147 147
773.296 1066.598 516.112 147 147 147
785.064 1077.751 516.112 147 147 147
785.969 1078.609 513.374 147 147 147
796.831 1088.905 513.374 147 147 147
797.737 1089.763 510.636 147 147 147
809.504 1100.916 510.636 147 147 147
810.409 1101.774 507.898 147 147 147
821.272 1112.070 507.898 147 147 147
822.177 1112.927 505.160 147 147 147
833.039 1123.223 505.160 147 147 147
833.944 1124.081 502.421 147 147 147
838.377 1128.282 502.421 147 147 147
839.702 1129.538 506.429 147 147 147
836.993 1126.971 514.621 147 147 147
836.993 1126.971 531.050 147 147 147
835.183 1125.255 536.526 147 147 147
835.183 1125.255 552.954 147 147 147
832.467 1122.681 561.169 147 147 147
832.467 1122.681 572.121 147 147 147
829.752 1120.107 580.335 147 147 147
829.752 1120.107 591.288 147 147 147
827.509 1117.981 598.073 147 147 147
821.172 1111.975 600.811 147 147 147
819.363 1110.261 606.283 147 147 147
811.229 1102.551 609.017 147 147 147
809.399 1100.816 611.786 147 147 147
805.306 1096.937 621.413 147 147 147
807.591 1099.102 633.850 147 147 147
809.411 1100.828 633.850 147 147 147
812.121 1103.396 642.048 147 147 147
819.358 1110.256 644.785 147 147 147
822.101 1112.856 655.847 147 147 147
823.912 1114.572 653.109 147 147 147
826.604 1117.124 663.969 147 147 147
832.055 1122.290 663.969 147 147 147
835.729 1125.772 669.525 147 147 147
836.621 1126.617 666.827 147 147 147
841.097 1130.860 677.660 147 147 147
843.817 1133.438 677.660 147 147 147
846.562 1136.040 683.197 147 147 147
848.381 1137.764 680.446 147 147 147
853.812 1142.912 688.660 147 147 147
855.614 1144.620 685.935 147 147 147
858.300 1147.165 691.350 147 147 147
861.007 1149.731 691.350 147 147 147
863.723 1152.305 699.564 147 147 147
866.453 1154.893 699.564 147 147 147
870.074 1158.325 705.040 147 147 147
873.688 1161.751 705.040 147 147 147
876.434 1164.353 710.577 147 147 147
878.284 1166.107 707.779 147 147 147
881.827 1169.464 707.779 147 147 147
882.726 1170.317 710.499 147 147 147
889.062 1176.323 713.237 147 147 147
890.020 1177.230 716.134 147 147 147
890.946 1178.108 713.334 147 147 147
894.514 1181.490 718.731 147 147 147
898.135 1184.922 718.731 147 147 147
899.983 1186.674 721.527 147 147 147
907.256 1193.567 707.779 147 147 147
910.874 1196.996 707.779 147 147 147
914.985 1200.893 700.869 147 147 147
914.985 1200.893 673.438 147 147 147
911.365 1197.461 657.009 147 147 147
911.365 1197.461 651.526 147 147 147
909.554 1195.745 646.050 147 147 147
909.554 1195.745 640.574 147 147 147
906.851 1193.183 632.396 147 147 147
914.985 1200.893 618.726 147 147 147
914.985 1200.893 569.369 147 147 147
910.874 1196.996 562.460 147 147 147
908.176 1194.439 562.460 147 147 147
905.445 1191.851 551.446 147 147 147
902.717 1189.265 554.197 147 147 147
897.311 1184.141 540.571 147 147 147
890.978 1178.138 537.835 147 147 147
888.256 1175.559 529.602 147 147 147
886.455 1173.851 529.602 147 147 147
883.739 1171.277 515.912 147 147 147
881.920 1169.553 515.912 147 147 147
880.588 1168.291 511.883 147 147 147
880.588 1168.291 506.407 147 147 147
879.204 1166.979 502.221 147 147 147
877.394 1165.263 502.221 147 147 147
876.062 1164.001 498.193 147 147 147
876.062 1164.001 492.716 147 147 147
874.652 1162.664 488.452 147 147 147
872.842 1160.948 491.190 147 147 147
871.536 1159.711 487.240 147 147 147
871.536 1159.711 470.812 147 147 147
870.152 1158.399 466.626 147 147 147
868.342 1156.684 466.626 147 147 147
865.600 1154.085 458.332 147 147 147
863.743 1152.324 461.142 147 147 147
852.864 1142.014 458.400 147 147 147
851.955 1141.152 461.150 147 147 147
849.326 1138.660 461.150 147 147 147
846.200 1135.697 454.397 147 147 147
848.906 1138.262 446.212 147 147 147
848.906 1138.262 440.741 147 147 147
853.427 1142.547 429.800 147 147 147
856.144 1145.122 416.106 147 147 147
860.674 1149.415 402.403 147 147 147
860.674 1149.415 396.926 147 147 147
867.005 1155.417 377.774 147 147 147
871.541 1159.716 358.565 147 147 147
870.126 1158.375 354.285 147 147 147
866.450 1154.890 359.845 147 147 147
848.340 1137.725 362.584 147 147 147
845.624 1135.151 368.060 147 147 147
883.868 1170.022 1070.393 147 147 147
876.168 1162.723 1090.945 147 147 147
873.451 1160.148 1093.685 147 147 147
871.652 1158.443 1099.126 147 147 147
868.936 1155.869 1099.126 147 147 147
866.221 1153.295 1107.340 147 147 147
864.410 1151.579 1107.340 147 147 147
862.589 1149.853 1112.851 147 147 147
859.870 1147.276 1115.593 147 147 147
857.164 1144.711 1126.507 147 147 147
855.359 1143.000 1126.507 147 147 147
852.643 1140.426 1134.721 147 147 147
850.839 1138.717 1134.721 147 147 147
844.503 1132.711 1148.412 147 147 147
841.781 1130.130 1148.412 147 147 147
839.065 1127.556 1156.626 147 147 147
837.255 1125.841 1156.626 147 147 147
833.148 1121.948 1169.048 147 147 147
834.539 1123.267 1173.255 147 147 147
837.348 1125.929 1173.255 147 147 147
838.253 1126.787 1170.517 147 147 147
842.779 1131.077 1170.517 147 147 147
843.684 1131.935 1167.779 147 147 147
847.305 1135.367 1167.779 147 147 147
848.210 1136.225 1165.040 147 147 147
851.831 1139.656 1165.040 147 147 147
852.736 1140.514 1162.302 147 147 147
857.262 1144.804 1162.302 147 147 147
858.168 1145.662 1159.564 147 147 147
861.788 1149.094 1159.564 147 147 147
862.693 1149.952 1156.826 147 147 147
867.219 1154.242 1156.826 147 147 147
868.130 1155.105 1154.072 147 147 147
875.372 1161.968 1151.334 147 147 147
879.462 1165.846 1138.961 147 147 147
881.272 1167.561 1128.008 147 147 147
890.323 1176.140 1100.632 147 147 147
895.762 1181.295 1078.694 147 147 147
894.384 1179.989 1071.745 147 147 147
890.755 1176.549 1071.745 147 147 147
889.823 1175.666 1068.928 147 147 147
888.013 1173.950 1071.666 147 147 147
887.127 1173.110 1068.985 147 147 147
883.180 1170.748 1070.393 147 147 147
875.480 1163.449 1090.945 147 147 147
872.763 1160.874 1093.685 147 147 147
870.964 1159.169 1099.126 147 147 147
868.249 1156.595 1099.126 147 147 147
865.533 1154.021 1107.340 147 147 147
863.723 1152.305 1107.340 147 147 147
861.901 1150.578 1112.851 147 147 147
859.182 1148.002 1115.593 147 147 147
856.476 1145.437 1126.507 147 147 147
854.671 1143.726 1126.507 147 147 147
851.955 1141.152 1134.721 147 147 147
850.152 1139.442 1134.721 147 147 147
843.815 1133.437 1148.412 147 147 147
841.093 1130.856 1148.412 147 147 147
838.377 1128.282 1156.626 147 147 147
836.567 1126.566 1156.626 147 147 147
832.460 1122.674 1169.048 147 147 147
833.851 1123.992 1173.255 147 147 147
836.660 1126.655 1173.255 147 147 147
837.565 1127.513 1170.517 147 147 147
842.091 1131.803 1170.517 147 147 147
842.996 1132.661 1167.779 147 147 147
846.617 1136.092 1167.779 147 147 147
847.522 1136.950 1165.040 147 147 147
851.143 1140.382 1165.040 147 147 147
852.048 1141.240 1162.302 147 147 147
856.574 1145.530 1162.302 147 147 147
857.480 1146.388 1159.564 147 147 147
861.100 1149.820 1159.564 147 147 147
862.006 1150.678 1156.826 147 147 147
866.532 1154.968 1156.826 147 147 147
867.442 1155.831 1154.072 147 147 147
874.684 1162.694 1151.334 147 147 147
878.774 1166.571 1138.961 147 147 147
880.585 1168.287 1128.008 147 147 147
889.635 1176.865 1100.632 147 147 147
895.074 1182.021 1078.694 147 147 147
893.696 1180.715 1071.745 147 147 147
890.067 1177.275 1071.745 147 147 147
889.135 1176.392 1068.928 147 147 147
887.325 1174.676 1071.666 147 147 147
886.439 1173.836 1068.985 147 147 147
883.868 1170.022 1070.393 147 147 147
876.168 1162.723 1090.945 147 147 147
873.451 1160.148 1093.685 147 147 147
871.652 1158.443 1099.126 147 147 147
868.936 1155.869 1099.126 147 147 147
866.221 1153.295 1107.340 147 147 147
864.410 1151.579 1107.340 147 147 147
862.589 1149.853 1112.851 147 147 147
859.870 1147.276 1115.593 147 147 147
857.164 1144.711 1126.507 147 147 147
855.359 1143.000 1126.507 147 147 147
852.643 1140.426 1134.721 147 147 147
850.839 1138.717 1134.721 147 147 147
844.503 1132.711 1148.412 147 147 147
841.781 1130.130 1148.412 147 147 147
839.065 1127.556 1156.626 147 147 147
837.255 1125.841 1156.626 147 147 147
833.148 1121.948 1169.048 147 147 147
834.539 1123.267 1173.255 147 147 147
837.348 1125.929 1173.255 147 147 147
838.253 1126.787 1170.517 147 147 147
842.779 1131.077 1170.517 147 147 147
843.684 1131.935 1167.779 147 147 147
847.305 1135.367 1167.779 147 147 147
848.210 1136.225 1165.040 147 147 147
851.831 1139.656 1165.040 147 147 147
852.736 1140.514 1162.302 147 147 147
857.262 1144.804 1162.302 147 147 147
858.168 1145.662 1159.564 147 147 147
861.788 1149.094 1159.564 147 147 147
862.693 1149.952 1156.826 147 147 147
867.219 1154.242 1156.826 147 147 147
868.130 1155.105 1154.072 147 147 147
875.372 1161.968 1151.334 147 147 147
879.462 1165.846 1138.961 147 147 147
881.272 1167.561 1128.008 147 147 147
890.323 1176.140 1100.632 147 147 147
895.762 1181.295 1078.694 147 147 147
894.384 1179.989 1071.745 147 147 147
890.755 1176.549 1071.745 147 147 147
889.823 1175.666 1068.928 147 147 147
888.013 1173.950 1071.666 147 147 147
887.127 1173.110 1068.985 147 147 147
883.180 1170.748 1070.393 147 147 147
875.480 1163.449 1090.945 147 147 147
872.763 1160.874 1093.685 147 147 147
870.964 1159.169 1099.126 147 147 147
868.249 1156.595 1099.126 147 147 147
865.533 1154.021 1107.340 147 147 147
863.723 1152.305 1107.340 147 147 147
861.901 1150.578 1112.851 147 147 147
859.182 1148.002 1115.593 147 147 147
856.476 1145.437 1126.507 147 147 147
854.671 1143.726 1126.507 147 147 147
851.955 1141.152 1134.721 147 147 147
850.152 1139.442 1134.721 147 147 147
843.815 1133.437 1148.412 147 147 147
841.093 1130.856 1148.412 147 147 147
838.377 1128.282 1156.626 147 147 147
836.567 1126.566 1156.626 147 147 147
832.460 1122.674 1169.048 147 147 147
833.851 1123.992 1173.255 147 147 147
836.660 1126.655 1173.255 147 147 147
837.565 1127.513 1170.517 147 147 147
842.091 1131.803 1170.517 147 147 147
842.996 1132.661 1167.779 147 147 147
846.617 1136.092 1167.779 147 147 147
847.522 1136.950 1165.040 147 147 147
851.143 1140.382 1165.040 147 147 147
852.048 1141.240 1162.302 147 147 147
856.574 1145.530 1162.302 147 147 147
857.480 1146.388 1159.564 147 147 147
861.100 1149.820 1159.564 147 147 147
862.006 1150.678 1156.826 147 147 147
866.532 1154.968 1156.826 147 147 147
867.442 1155.831 1154.072 147 147 147
874.684 1162.694 1151.334 147 147 147
878.774 1166.571 1138.961 147 147 147
880.585 1168.287 1128.008 147 147 147
889.635 1176.865 1100.632 147 147 147
895.074 1182.021 1078.694 147 147 147
893.696 1180.715 1071.745 147 147 147
890.067 1177.275 1071.745 147 147 147
889.135 1176.392 1068.928 147 147 147
887.325 1174.676 1071.666 147 147 147
886.439 1173.836 1068.985 147 147 147
710.949 1006.126 481.794 147 147 147
713.669 1008.704 490.022 147 147 147
713.669 1008.704 495.498 147 147 147
719.101 1013.852 511.926 147 147 147
719.101 1013.852 517.398 147 147 147
721.821 1016.431 528.370 147 147 147
725.915 1020.311 540.755 147 147 147
726.914 1021.258 540.755 147 147 147
727.825 1022.121 537.999 147 147 147
734.157 1028.123 535.263 147 147 147
737.782 1031.558 527.039 147 147 147
745.027 1038.426 521.560 147 147 147
747.307 1040.586 514.665 147 147 147
747.307 1040.586 470.812 147 147 147
745.919 1039.271 466.613 147 147 147
735.869 1029.745 469.376 147 147 147
734.966 1028.889 472.108 147 147 147
712.327 1007.432 474.847 147 147 147
710.261 1006.852 481.794 147 147 147
712.981 1009.430 490.022 147 147 147
712.981 1009.430 495.498 147 147 147
718.413 1014.578 511.926 147 147 147
718.413 1014.578 517.398 147 147 147
721.133 1017.157 528.370 147 147 147
725.227 1021.037 540.755 147 147 147
726.226 1021.984 540.755 147 147 147
727.137 1022.847 537.999 147 147 147
733.469 1028.848 535.263 147 147 147
737.094 1032.284 527.039 147 147 147
744.339 1039.152 521.560 147 147 147
746.619 1041.312 514.665 147 147 147
746.619 1041.312 470.812 147 147 147
745.231 1039.997 466.613 147 147 147
735.181 1030.471 469.376 147 147 147
734.278 1029.615 472.108 147 147 147
711.640 1008.158 474.847 147 147 147
710.949 1006.126 481.794 147 147 147
713.669 1008.704 490.022 147 147 147
713.669 1008.704 495.498 147 147 147
719.101 1013.852 511.926 147 147 147
719.101 1013.852 517.398 147 147 147
721.821 1016.431 528.370 147 147 147
725.915 1020.311 540.755 147 147 147
726.914 1021.258 540.755 147 147 147
727.825 1022.121 537.999 147 147 147
734.157 1028.123 535.263 147 147 147
737.782 1031.558 527.039 147 147 147
745.027 1038.426 521.560 147 147 147
747.307 1040.586 514.665 147 147 147
747.307 1040.586 470.812 147 147 147
745.919 1039.271 466.613 147 147 147
735.869 1029.745 469.376 147 147 147
734.966 1028.889 472.108 147 147 147
712.327 1007.432 474.847 147 147 147
710.261 1006.852 481.794 147 147 147
712.981 1009.430 490.022 147 147 147
712.981 1009.430 495.498 147 147 147
718.413 1014.578 511.926 147 147 147
718.413 1014.578 517.398 147 147 147
721.133 1017.157 528.370 147 147 147
725.227 1021.037 540.755 147 147 147
726.226 1021.984 540.755 147 147 147
727.137 1022.847 537.999 147 147 147
733.469 1028.848 535.263 147 147 147
737.094 1032.284 527.039 147 147 147
744.339 1039.152 521.560 147 147 147
746.619 1041.312 514.665 147 147 147
746.619 1041.312 470.812 147 147 147
745.231 1039.997 466.613 147 147 147
735.181 1030.471 469.376 147 147 147
734.278 1029.615 472.108 147 147 147
711.640 1008.158 474.847 147 147 147
653.500 951.674 395.436 147 147 147
637.206 936.231 395.436 147 147 147
636.301 935.373 398.174 147 147 147
631.868 931.172 398.174 147 147 147
630.963 930.314 395.436 147 147 147
619.102 919.072 395.436 147 147 147
618.197 918.214 398.174 147 147 147
601.903 902.771 398.174 147 147 147
600.998 901.913 400.912 147 147 147
598.274 899.330 400.912 147 147 147
596.892 898.020 407.881 147 147 147
600.983 901.898 414.756 147 147 147
603.740 904.511 423.096 147 147 147
605.571 906.247 420.327 147 147 147
607.320 907.904 422.972 147 147 147
608.659 909.174 427.024 147 147 147
607.754 908.316 429.762 147 147 147
610.050 910.492 436.707 147 147 147
612.766 913.066 436.707 147 147 147
614.094 914.325 440.725 147 147 147
613.189 913.467 446.201 147 147 147
615.481 915.640 453.136 147 147 147
617.292 917.356 453.136 147 147 147
618.619 918.614 457.150 147 147 147
616.808 916.898 465.364 147 147 147
618.197 918.214 469.564 147 147 147
620.007 919.930 469.564 147 147 147
623.150 922.908 479.069 147 147 147
623.150 922.908 498.236 147 147 147
624.580 924.264 502.563 147 147 147
625.506 925.141 499.763 147 147 147
627.234 926.780 502.377 147 147 147
628.581 928.056 506.450 147 147 147
628.581 928.056 547.522 147 147 147
630.011 929.412 551.848 147 147 147
631.876 931.179 546.207 147 147 147
636.397 935.464 543.472 147 147 147
646.356 944.904 521.563 147 147 147
649.982 948.340 518.822 147 147 147
652.699 950.916 510.601 147 147 147
655.415 953.490 507.863 147 147 147
657.223 955.204 502.393 147 147 147
660.838 958.630 499.659 147 147 147
671.689 968.914 477.779 147 147 147
673.501 970.633 477.779 147 147 147
677.133 974.075 469.539 147 147 147
680.758 977.511 466.798 147 147 147
685.275 981.792 453.136 147 147 147
687.079 983.502 453.136 147 147 147
690.711 986.944 444.896 147 147 147
694.336 990.380 442.155 147 147 147
696.137 992.087 436.707 147 147 147
697.948 993.803 436.707 147 147 147
703.379 998.951 420.279 147 147 147
705.183 1000.661 420.279 147 147 147
708.815 1004.104 412.039 147 147 147
712.440 1007.539 409.298 147 147 147
714.251 1009.255 403.822 147 147 147
717.871 1012.687 401.084 147 147 147
720.158 1014.854 394.167 147 147 147
718.767 1013.536 389.960 147 147 147
706.906 1002.294 389.960 147 147 147
706.001 1001.436 392.698 147 147 147
696.137 992.087 392.698 147 147 147
695.230 991.227 389.954 147 147 147
672.507 969.690 392.703 147 147 147
671.606 968.836 395.428 147 147 147
654.407 952.535 392.690 147 147 147
652.812 952.400 395.436 147 147 147
636.518 936.957 395.436 147 147 147
635.613 936.099 398.174 147 147 147
631.180 931.898 398.174 147 147 147
630.275 931.040 395.436 147 147 147
618.414 919.798 395.436 147 147 147
617.509 918.940 398.174 147 147 147
601.215 903.496 398.174 147 147 147
600.310 902.638 400.912 147 147 147
597.586 900.056 400.912 147 147 147
596.204 898.746 407.881 147 147 147
600.295 902.624 414.756 147 147 147
603.052 905.237 423.096 147 147 147
604.883 906.972 420.327 147 147 147
606.632 908.630 422.972 147 147 147
607.971 909.900 427.024 147 147 147
607.066 909.042 429.762 147 147 147
609.362 911.218 436.707 147 147 147
612.078 913.792 436.707 147 147 147
613.406 915.051 440.725 147 147 147
612.501 914.193 446.201 147 147 147
614.793 916.366 453.136 147 147 147
616.604 918.082 453.136 147 147 147
617.931 919.340 457.150 147 147 147
616.121 917.624 465.364 147 147 147
617.509 918.940 469.564 147 147 147
619.319 920.656 469.564 147 147 147
622.462 923.634 479.069 147 147 147
622.462 923.634 498.236 147 147 147
623.892 924.990 502.563 147 147 147
624.818 925.867 499.763 147 147 147
626.546 927.505 502.377 147 147 147
627.893 928.782 506.450 147 147 147
627.893 928.782 547.522 147 147 147
629.323 930.137 551.848 147 147 147
631.188 931.905 546.207 147 147 147
635.709 936.190 543.472 147 147 147
645.668 945.630 521.563 147 147 147
649.294 949.066 518.822 147 147 147
652.011 951.642 510.601 147 147 147
654.727 954.216 507.863 147 147 147
656.535 955.929 502.393 147 147 147
660.150 959.356 499.659 147 147 147
671.001 969.640 477.779 147 147 147
672.814 971.358 477.779 147 147 147
676.445 974.801 469.539 147 147 147
680.070 978.236 466.798 147 147 147
684.587 982.517 453.136 147 147 147
686.392 984.228 453.136 147 147 147
690.023 987.670 444.896 147 147 147
693.648 991.106 442.155 147 147 147
695.449 992.813 436.707 147 147 147
697.260 994.529 436.707 147 147 147
702.691 999.677 420.279 147 147 147
704.495 1001.387 420.279 147 147 147
708.127 1004.829 412.039 147 147 147
711.752 1008.265 409.298 147 147 147
713.563 1009.981 403.822 147 147 147
717.183 1013.413 401.084 147 147 147
719.470 1015.580 394.167 147 147 147
718.079 1014.262 389.960 147 147 147
706.218 1003.020 389.960 147 147 147
705.313 1002.162 392.698 147 147 147
695.449 992.813 392.698 147 147 147
694.542 991.953 389.954 147 147 147
671.819 970.416 392.703 147 147 147
670.918 969.562 395.428 147 147 147
653.719 953.261 392.690 147 147 147
653.500 951.674 395.436 147 147 147
637.206 936.231 395.436 147 147 147
636.301 935.373 398.174 147 147 147
631.868 931.172 398.174 147 147 147
630.963 930.314 395.436 147 147 147
619.102 919.072 395.436 147 147 147
618.197 918.214 398.174 147 147 147
601.903 902.771 398.174 147 147 147
600.998 901.913 400.912 147 147 147
598.274 899.330 400.912 147 147 147
596.892 898.020 407.881 147 147 147
600.983 901.898 414.756 147 147 147
603.740 904.511 423.096 147 147 147
605.571 906.247 420.327 147 147 147
607.320 907.904 422.972 147 147 147
608.659 909.174 427.024 147 147 147
607.754 908.316 429.762 147 147 147
610.050 910.492 436.707 147 147 147
612.766 913.066 436.707 147 147 147
614.094 914.325 440.725 147 147 147
613.189 913.467 446.201 147 147 147
615.481 915.640 453.136 147 147 147
617.292 917.356 453.136 147 147 147
618.619 918.614 457.150 147 147 147
616.808 916.898 465.364 147 147 147
618.197 918.214 469.564 147 147 147
620.007 919.930 469.564 147 147 147
623.150 922.908 479.069 147 147 147
623.150 922.908 498.236 147 147 147
624.580 924.264 502.563 147 147 147
625.506 925.141 499.763 147 147 147
627.234 926.780 502.377 147 147 147
628.581 928.056 506.450 147 147 147
628.581 928.056 547.522 147 147 147
630.011 929.412 551.848 147 147 147
631.876 931.179 546.207 147 147 147
636.397 935.464 543.472 147 147 147
646.356 944.904 521.563 147 147 147
649.982 948.340 518.822 147 147 147
652.699 950.916 510.601 147 147 147
655.415 953.490 507.863 147 147 147
657.223 955.204 502.393 147 147 147
660.838 958.630 499.659 147 147 147
671.689 968.914 477.779 147 147 147
673.501 970.633 477.779 147 147 147
677.133 974.075 469.539 147 147 147
680.758 977.511 466.798 147 147 147
685.275 981.792 453.136 147 147 147
687.079 983.502 453.136 147 147 147
690.711 986.944 444.896 147 147 147
694.336 990.380 442.155 147 147 147
696.137 992.087 436.707 147 147 147
697.948 993.803 436.707 147 147 147
703.379 998.951 420.279 147 147 147
705.183 1000.661 420.279 147 147 147
708.815 1004.104 412.039 147 147 147
712.440 1007.539 409.298 147 147 147
714.251 1009.255 403.822 147 147 147
717.871 1012.687 401.084 147 147 147
720.158 1014.854 394.167 147 147 147
718.767 1013.536 389.960 147 147 147
706.906 1002.294 389.960 147 147 147
706.001 1001.436 392.698 147 147 147
696.137 992.087 392.698 147 147 147
695.230 991.227 389.954 147 147 147
672.507 969.690 392.703 147 147 147
671.606 968.836 395.428 147 147 147
654.407 952.535 392.690 147 147 147
652.812 952.400 395.436 147 147 147
636.518 936.957 395.436 147 147 147
635.613 936.099 398.174 147 147 147
631.180 931.898 398.174 147 147 147
630.275 931.040 395.436 147 147 147
618.414 919.798 395.436 147 147 147
617.509 918.940 398.174 147 147 147
601.215 903.496 398.174 147 147 147
600.310 902.638 400.912 147 147 147
597.586 900.056 400.912 147 147 147
596.204 898.746 407.881 147 147 147
600.295 902.624 414.756 147 147 147
603.052 905.237 423.096 147 147 147
604.883 906.972 420.327 147 147 147
606.632 908.630 422.972 147 147 147
607.971 909.900 427.024 147 147 147
607.066 909.042 429.762 147 147 147
609.362 911.218 436.707 147 147 147
612.078 913.792 436.707 147 147 147
613.406 915.051 440.725 147 147 147
612.501 914.193 446.201 147 147 147
614.793 916.366 453.136 147 147 147
616.604 918.082 453.136 147 147 147
617.931 919.340 457.150 147 147 147
616.121 917.624 465.364 147 147 147
617.509 918.940 469.564 147 147 147
619.319 920.656 469.564 147 147 147
622.462 923.634 479.069 147 147 147
622.462 923.634 498.236 147 147 147
623.892 924.990 502.563 147 147 147
624.818 925.867 499.763 147 147 147
626.546 927.505 502.377 147 147 147
627.893 928.782 506.450 147 147 147
627.893 928.782 547.522 147 147 147
629.323 930.137 551.848 147 147 147
631.188 931.905 546.207 147 147 147
635.709 936.190 543.472 147 147 147
645.668 945.630 521.563 147 147 147
649.294 949.066 518.822 147 147 147
652.011 951.642 510.601 147 147 147
654.727 954.216 507.863 147 147 147
656.535 955.929 502.393 147 147 147
660.150 959.356 499.659 147 147 147
671.001 969.640 477.779 147 147 147
672.814 971.358 477.779 147 147 147
676.445 974.801 469.539 147 147 147
680.070 978.236 466.798 147 147 147
684.587 982.517 453.136 147 147 147
686.392 984.228 453.136 147 147 147
690.023 987.670 444.896 147 147 147
693.648 991.106 442.155 147 147 147
695.449 992.813 436.707 147 147 147
697.260 994.529 436.707 147 147 147
702.691 999.677 420.279 147 147 147
704.495 1001.387 420.279 147 147 147
708.127 1004.829 412.039 147 147 147
711.752 1008.265 409.298 147 147 147
713.563 1009.981 403.822 147 147 147
717.183 1013.413 401.084 147 147 147
719.470 1015.580 394.167 147 147 147
718.079 1014.262 389.960 147 147 147
706.218 1003.020 389.960 147 147 147
705.313 1002.162 392.698 147 147 147
695.449 992.813 392.698 147 147 147
694.542 991.953 389.954 147 147 147
671.819 970.416 392.703 147 147 147
670.918 969.562 395.428 147 147 147
653.719 953.261 392.690 147 147 147
653.911 952.065 700.825 147 147 147
658.019 955.958 710.488 147 147 147
664.352 961.960 715.962 147 147 147
666.165 963.678 721.445 147 147 147
670.695 967.972 724.186 147 147 147
674.325 971.413 732.421 147 147 147
678.845 975.697 732.421 147 147 147
679.750 976.555 735.160 147 147 147
689.707 985.993 735.160 147 147 147
690.613 986.851 737.898 147 147 147
697.863 993.722 737.898 147 147 147
700.629 996.345 743.477 147 147 147
701.568 997.235 740.636 147 147 147
705.110 1000.592 740.636 147 147 147
706.973 1002.358 743.453 147 147 147
708.392 1003.703 739.161 147 147 147
704.292 999.817 729.515 147 147 147
698.861 994.668 724.038 147 147 147
695.226 991.224 715.793 147 147 147
693.416 989.508 715.793 147 147 147
689.804 986.085 707.600 147 147 147
685.278 981.794 704.861 147 147 147
678.902 975.751 691.086 147 147 147
677.095 974.039 693.819 147 147 147
672.615 969.792 682.977 147 147 147
670.762 968.036 680.175 147 147 147
662.552 960.254 685.694 147 147 147
653.223 952.790 700.825 147 147 147
657.331 956.683 710.488 147 147 147
663.664 962.686 715.962 147 147 147
665.477 964.404 721.445 147 147 147
670.007 968.698 724.186 147 147 147
673.637 972.139 732.421 147 147 147
678.157 976.423 732.421 147 147 147
679.062 977.281 735.160 147 147 147
689.020 986.719 735.160 147 147 147
689.925 987.577 737.898 147 147 147
697.175 994.448 737.898 147 147 147
699.941 997.070 743.477 147 147 147
700.881 997.961 740.636 147 147 147
704.423 1001.318 740.636 147 147 147
706.285 1003.084 743.453 147 147 147
707.704 1004.429 739.161 147 147 147
703.604 1000.542 729.515 147 147 147
698.173 995.394 724.038 147 147 147
694.538 991.949 715.793 147 147 147
692.728 990.233 715.793 147 147 147
689.116 986.810 707.600 147 147 147
684.590 982.520 704.861 147 147 147
678.214 976.477 691.086 147 147 147
676.407 974.764 693.819 147 147 147
671.927 970.518 682.977 147 147 147
670.074 968.762 680.175 147 147 147
661.864 960.980 685.694 147 147 147
653.911 952.065 700.825 147 147 147
658.019 955.958 710.488 147 147 147
664.352 961.960 715.962 147 147 147
666.165 963.678 721.445 147 147 147
670.695 967.972 724.186 147 147 147
674.325 971.413 732.421 147 147 147
678.845 975.697 732.421 147 147 147
679.750 976.555 735.160 147 147 147
689.707 985.993 735.160 147 147 147
690.613 986.851 737.898 147 147 147
697.863 993.722 737.898 147 147 147
700.629 996.345 743.477 147 147 147
701.568 997.235 740.636 147 147 147
705.110 1000.592 740.636 147 147 147
706.973 1002.358 743.453 147 147 147
708.392 1003.703 739.161 147 147 147
704.292 999.817 729.515 147 147 147
698.861 994.668 724.038 147 147 147
695.226 991.224 715.793 147 147 147
693.416 989.508 715.793 147 147 147
689.804 986.085 707.600 147 147 147
685.278 981.794 704.861 147 147 147
678.902 975.751 691.086 147 147 147
677.095 974.039 693.819 147 147 147
672.615 969.792 682.977 147 147 147
670.762 968.036 680.175 147 147 147
662.552 960.254 685.694 147 147 147
653.223 952.790 700.825 147 147 147
657.331 956.683 710.488 147 147 147
663.664 962.686 715.962 147 147 147
665.477 964.404 721.445 147 147 147
670.007 968.698 724.186 147 147 147
673.637 972.139 732.421 147 147 147
678.157 976.423 732.421 147 147 147
679.062 977.281 735.160 147 147 147
689.020 986.719 735.160 147 147 147
689.925 987.577 737.898 147 147 147
697.175 994.448 737.898 147 147 147
699.941 997.070 743.477 147 147 147
700.881 997.961 740.636 147 147 147
704.423 1001.318 740.636 147 147 147
706.285 1003.084 743.453 147 147 147
707.704 1004.429 739.161 147 147 147
703.604 1000.542 729.515 147 147 147
698.173 995.394 724.038 147 147 147
694.538 991.949 715.793 147 147 147
692.728 990.233 715.793 147 147 147
689.116 986.810 707.600 147 147 147
684.590 982.520 704.861 147 147 147
678.214 976.477 691.086 147 147 147
676.407 974.764 693.819 147 147 147
671.927 970.518 682.977 147 147 147
670.074 968.762 680.175 147 147 147
661.864 960.980 685.694 147 147 147
640.827 939.663 622.698 147 147 147
639.919 938.803 625.443 147 147 147
621.815 921.644 628.181 147 147 147
619.094 919.064 636.412 147 147 147
614.568 914.775 639.150 147 147 147
613.191 913.469 643.317 147 147 147
614.096 914.327 654.269 147 147 147
613.185 913.464 657.024 147 147 147
614.089 914.321 659.759 147 147 147
607.753 908.315 676.187 147 147 147
608.659 909.174 678.929 147 147 147
607.325 907.909 682.964 147 147 147
603.699 904.472 685.707 147 147 147
602.326 903.171 692.628 147 147 147
603.714 904.487 696.826 147 147 147
608.333 908.865 696.826 147 147 147
609.238 909.723 694.088 147 147 147
611.049 911.439 694.088 147 147 147
612.859 913.155 688.612 147 147 147
620.095 920.013 688.612 147 147 147
623.728 923.456 680.370 147 147 147
630.068 929.466 674.890 147 147 147
631.868 931.172 669.445 147 147 147
633.679 932.888 669.445 147 147 147
634.584 933.746 666.707 147 147 147
640.912 939.743 666.707 147 147 147
643.641 942.330 661.205 147 147 147
649.983 948.341 655.724 147 147 147
651.792 950.056 650.250 147 147 147
659.028 956.914 644.779 147 147 147
661.731 959.477 639.326 147 147 147
668.070 965.485 639.326 147 147 147
671.702 968.927 631.087 147 147 147
678.948 975.795 625.607 147 147 147
680.334 977.109 621.413 147 147 147
676.211 973.200 614.483 147 147 147
672.509 969.692 614.483 147 147 147
671.604 968.834 617.221 147 147 147
665.361 962.916 617.221 147 147 147
664.452 962.055 614.473 147 147 147
651.699 949.968 617.228 147 147 147
648.083 946.540 622.698 147 147 147
640.139 940.389 622.698 147 147 147
639.232 939.529 625.443 147 147 147
621.128 922.369 628.181 147 147 147
618.406 919.790 636.412 147 147 147
613.880 915.500 639.150 147 147 147
612.503 914.195 643.317 147 147 147
613.408 915.053 654.269 147 147 147
612.497 914.190 657.024 147 147 147
613.401 915.046 659.759 147 147 147
607.065 909.041 676.187 147 147 147
607.971 909.900 678.929 147 147 147
606.637 908.635 682.964 147 147 147
603.011 905.198 685.707 147 147 147
601.638 903.897 692.628 147 147 147
603.026 905.212 696.826 147 147 147
607.645 909.591 696.826 147 147 147
608.550 910.449 694.088 147 147 147
610.361 912.165 694.088 147 147 147
612.171 913.880 688.612 147 147 147
619.407 920.739 688.612 147 147 147
623.040 924.182 680.370 147 147 147
629.380 930.191 674.890 147 147 147
631.180 931.898 669.445 147 147 147
632.991 933.614 669.445 147 147 147
633.896 934.472 666.707 147 147 147
640.224 940.469 666.707 147 147 147
642.953 943.056 661.205 147 147 147
649.295 949.067 655.724 147 147 147
651.104 950.782 650.250 147 147 147
658.340 957.640 644.779 147 147 147
661.043 960.202 639.326 147 147 147
667.382 966.211 639.326 147 147 147
671.014 969.653 631.087 147 147 147
678.260 976.520 625.607 147 147 147
679.647 977.835 621.413 147 147 147
675.523 973.926 614.483 147 147 147
671.821 970.417 614.483 147 147 147
670.916 969.559 617.221 147 147 147
664.673 963.642 617.221 147 147 147
663.764 962.781 614.473 147 147 147
651.012 950.694 617.228 147 147 147
647.395 947.266 622.698 147 147 147
640.827 939.663 622.698 147 147 147
639.919 938.803 625.443 147 147 147
621.815 921.644 628.181 147 147 147
619.094 919.064 636.412 147 147 147
614.568 914.775 639.150 147 147 147
613.191 913.469 643.317 147 147 147
614.096 914.327 654.269 147 147 147
613.185 913.464 657.024 147 147 147
614.089 914.321 659.759 147 147 147
607.753 908.315 676.187 147 147 147
608.659 909.174 678.929 147 147 147
607.325 907.909 682.964 147 147 147
603.699 904.472 685.707 147 147 147
602.326 903.171 692.628 147 147 147
603.714 904.487 696.826 147 147 147
608.333 908.865 696.826 147 147 147
609.238 909.723 694.088 147 147 147
611.049 911.439 694.088 147 147 147
612.859 913.155 688.612 147 147 147
620.095 920.013 688.612 147 147 147
623.728 923.456 680.370 147 147 147
630.068 929.466 674.890 147 147 147
631.868 931.172 669.445 147 147 147
633.679 932.888 669.445 147 147 147
634.584 933.746 666.707 147 147 147
640.912 939.743 666.707 147 147 147
643.641 942.330 661.205 147 147 147
649.983 948.341 655.724 147 147 147
651.792 950.056 650.250 147 147 147
659.028 956.914 644.779 147 147 147
661.731 959.477 639.326 147 147 147
668.070 965.485 639.326 147 147 147
671.702 968.927 631.087 147 147 147
678.948 975.795 625.607 147 147 147
680.334 977.109 621.413 147 147 147
676.211 973.200 614.483 147 147 147
672.509 969.692 614.483 147 147 147
671.604 968.834 617.221 147 147 147
665.361 962.916 617.221 147 147 147
664.452 962.055 614.473 147 147 147
651.699 949.968 617.228 147 147 147
648.083 946.540 622.698 147 147 147
640.139 940.389 622.698 147 147 147
639.232 939.529 625.443 147 147 147
621.128 922.369 628.181 147 147 147
618.406 919.790 636.412 147 147 147
613.880 915.500 639.150 147 147 147
612.503 914.195 643.317 147 147 147
613.408 915.053 654.269 147 147 147
612.497 914.190 657.024 147 147 147
613.401 915.046 659.759 147 147 147
607.065 909.041 676.187 147 147 147
607.971 909.900 678.929 147 147 147
606.637 908.635 682.964 147 147 147
603.011 905.198 685.707 147 147 147
601.638 903.897 692.628 147 147 147
603.026 905.212 696.826 147 147 147
607.645 909.591 696.826 147 147 147
608.550 910.449 694.088 147 147 147
610.361 912.165 694.088 147 147 147
612.171 913.880 688.612 147 147 147
619.407 920.739 688.612 147 147 147
623.040 924.182 680.370 147 147 147
629.380 930.191 674.890 147 147 147
631.180 931.898 669.445 147 147 147
632.991 933.614 669.445 147 147 147
633.896 934.472 666.707 147 147 147
640.224 940.469 666.707 147 147 147
642.953 943.056 661.205 147 147 147
649.295 949.067 655.724 147 147 147
651.104 950.782 650.250 147 147 147
658.340 957.640 644.779 147 147 147
661.043 960.202 639.326 147 147 147
667.382 966.211 639.326 147 147 147
671.014 969.653 631.087 147 147 147
678.260 976.520 625.607 147 147 147
679.647 977.835 621.413 147 147 147
675.523 973.926 614.483 147 147 147
671.821 970.417 614.483 147 147 147
670.916 969.559 617.221 147 147 147
664.673 963.642 617.221 147 147 147
663.764 962.781 614.473 147 147 147
651.012 950.694 617.228 147 147 147
647.395 947.266 622.698 147 147 147
577.463 879.606 904.721 147 147 147
576.558 878.748 907.460 147 147 147
570.222 872.742 907.460 147 147 147
569.316 871.884 910.198 147 147 147
562.980 865.878 910.198 147 147 147
562.075 865.020 912.936 147 147 147
555.738 859.015 912.936 147 147 147
554.833 858.157 915.674 147 147 147
549.402 853.009 915.674 147 147 147
548.497 852.151 918.412 147 147 147
543.144 847.078 918.412 147 147 147
541.281 845.312 915.594 147 147 147
540.350 844.429 918.412 147 147 147
537.609 841.831 918.412 147 147 147
537.155 841.401 1010.392 147 147 147
539.461 843.586 1008.997 147 147 147
543.975 847.865 1019.921 147 147 147
548.511 852.165 1019.921 147 147 147
552.164 855.627 1025.446 147 147 147
553.954 857.324 1022.739 147 147 147
556.634 859.864 1030.845 147 147 147
560.255 863.295 1033.584 147 147 147
562.067 865.013 1039.064 147 147 147
566.593 869.303 1041.802 147 147 147
567.532 870.193 1044.644 147 147 147
569.369 871.934 1041.866 147 147 147
573.898 876.227 1047.347 147 147 147
580.287 882.282 1036.304 147 147 147
590.703 892.155 1007.536 147 147 147
592.058 893.439 1000.704 147 147 147
595.676 896.868 995.233 147 147 147
603.824 904.591 967.848 147 147 147
606.096 906.744 963.724 147 147 147
606.096 906.744 933.543 147 147 147
602.475 903.313 925.329 147 147 147
602.475 903.313 911.645 147 147 147
601.096 902.006 907.474 147 147 147
592.873 894.212 904.710 147 147 147
591.108 892.539 907.380 147 147 147
590.229 891.706 904.721 147 147 147
576.775 880.331 904.721 147 147 147
575.870 879.473 907.460 147 147 147
569.534 873.468 907.460 147 147 147
568.628 872.610 910.198 147 147 147
562.292 866.604 910.198 147 147 147
561.387 865.746 912.936 147 147 147
555.050 859.740 912.936 147 147 147
554.145 858.882 915.674 147 147 147
548.714 853.735 915.674 147 147 147
547.809 852.877 918.412 147 147 147
542.456 847.804 918.412 147 147 147
540.594 846.038 915.594 147 147 147
539.662 845.155 918.412 147 147 147
536.921 842.557 918.412 147 147 147
536.467 842.127 1010.392 147 147 147
538.773 844.312 1008.997 147 147 147
543.287 848.591 1019.921 147 147 147
547.824 852.891 1019.921 147 147 147
551.476 856.353 1025.446 147 147 147
553.266 858.049 1022.739 147 147 147
555.946 860.589 1030.845 147 147 147
559.567 864.021 1033.584 147 147 147
561.379 865.739 1039.064 147 147 147
565.905 870.028 1041.802 147 147 147
566.844 870.919 1044.644 147 147 147
568.681 872.659 1041.866 147 147 147
573.210 876.953 1047.347 147 147 147
579.599 883.008 1036.304 147 147 147
590.015 892.881 1007.536 147 147 147
591.370 894.165 1000.704 147 147 147
594.988 897.594 995.233 147 147 147
603.136 905.317 967.848 147 147 147
605.408 907.470 963.724 147 147 147
605.408 907.470 933.543 147 147 147
601.787 904.038 925.329 147 147 147
601.787 904.038 911.645 147 147 147
600.408 902.731 907.474 147 147 147
592.186 894.938 904.710 147 147 147
590.420 893.264 907.380 147 147 147
589.541 892.431 904.721 147 147 147
577.463 879.606 904.721 147 147 147
576.558 878.748 907.460 147 147 147
570.222 872.742 907.460 147 147 147
569.316 871.884 910.198 147 147 147
562.980 865.878 910.198 147 147 147
562.075 865.020 912.936 147 147 147
555.738 859.015 912.936 147 147 147
554.833 858.157 915.674 147 147 147
549.402 853.009 915.674 147 147 147
548.497 852.151 918.412 147 147 147
543.144 847.078 918.412 147 147 147
541.281 845.312 915.594 147 147 147
540.350 844.429 918.412 147 147 147
537.609 841.831 918.412 147 147 147
537.155 841.401 1010.392 147 147 147
539.461 843.586 1008.997 147 147 147
543.975 847.865 1019.921 147 147 147
548.511 852.165 1019.921 147 147 147
552.164 855.627 1025.446 147 147 147
553.954 857.324 1022.739 147 147 147
556.634 859.864 1030.845 147 147 147
560.255 863.295 1033.584 147 147 147
562.067 865.013 1039.064 147 147 147
566.593 869.303 1041.802 147 147 147
567.532 870.193 1044.644 147 147 147
569.369 871.934 1041.866 147 147 147
573.898 876.227 1047.347 147 147 147
580.287 882.282 1036.304 147 147 147
590.703 892.155 1007.536 147 147 147
592.058 893.439 1000.704 147 147 147
595.676 896.868 995.233 147 147 147
603.824 904.591 967.848 147 147 147
606.096 906.744 963.724 147 147 147
606.096 906.744 933.543 147 147 147
602.475 903.313 925.329 147 147 147
602.475 903.313 911.645 147 147 147
601.096 902.006 907.474 147 147 147
592.873 894.212 904.710 147 147 147
591.108 892.539 907.380 147 147 147
590.229 891.706 904.721 147 147 147
576.775 880.331 904.721 147 147 147
575.870 879.473 907.460 147 147 147
569.534 873.468 907.460 147 147 147
568.628 872.610 910.198 147 147 147
562.292 866.604 910.198 147 147 147
561.387 865.746 912.936 147 147 147
555.050 859.740 912.936 147 147 147
554.145 858.882 915.674 147 147 147
548.714 853.735 915.674 147 147 147
547.809 852.877 918.412 147 147 147
542.456 847.804 918.412 147 147 147
540.594 846.038 915.594 147 147 147
539.662 845.155 918.412 147 147 147
536.921 842.557 918.412 147 147 147
536.467 842.127 1010.392 147 147 147
538.773 844.312 1008.997 147 147 147
543.287 848.591 1019.921 147 147 147
547.824 852.891 1019.921 147 147 147
551.476 856.353 1025.446 147 147 147
553.266 858.049 1022.739 147 147 147
555.946 860.589 1030.845 147 147 147
559.567 864.021 1033.584 147 147 147
561.379 865.739 1039.064 147 147 147
565.905 870.028 1041.802 147 147 147
566.844 870.919 1044.644 147 147 147
568.681 872.659 1041.866 147 147 147
573.210 876.953 1047.347 147 147 147
579.599 883.008 1036.304 147 147 147
590.015 892.881 1007.536 147 147 147
591.370 894.165 1000.704 147 147 147
594.988 897.594 995.233 147 147 147
603.136 905.317 967.848 147 147 147
605.408 907.470 963.724 147 147 147
605.408 907.470 933.543 147 147 147
601.787 904.038 925.329 147 147 147
601.787 904.038 911.645 147 147 147
600.408 902.731 907.474 147 147 147
592.186 894.938 904.710 147 147 147
590.420 893.264 907.380 147 147 147
589.541 892.431 904.721 147 147 147
925.120 1242.889 1049.840 147 147 147
921.175 1238.813 1049.840 147 147 147
920.399 1238.012 1052.533 147 147 147
917.243 1234.752 1049.795 147 147 147
916.441 1233.923 1052.579 147 147 147
912.496 1229.848 1052.579 147 147 147
911.720 1229.046 1055.271 147 147 147
908.564 1225.786 1052.533 147 147 147
907.762 1224.957 1055.317 147 147 147
903.817 1220.882 1055.317 147 147 147
903.028 1220.067 1058.055 147 147 147
900.754 1217.718 1058.055 147 147 147
899.918 1216.855 1055.155 147 147 147
899.083 1215.992 1058.055 147 147 147
895.138 1211.917 1058.055 147 147 147
882.499 1198.860 1101.916 147 147 147
880.518 1196.814 1106.040 147 147 147
880.518 1196.814 1108.790 147 147 147
874.206 1190.294 1130.694 147 147 147
874.206 1190.294 1133.479 147 147 147
877.027 1193.208 1140.472 147 147 147
878.595 1194.828 1137.751 147 147 147
880.141 1196.425 1143.118 147 147 147
886.539 1203.034 1145.893 147 147 147
889.711 1206.311 1137.636 147 147 147
893.660 1210.390 1134.895 147 147 147
896.020 1212.828 1126.707 147 147 147
899.965 1216.903 1126.707 147 147 147
900.754 1217.718 1123.969 147 147 147
902.324 1219.340 1123.969 147 147 147
907.058 1224.230 1113.017 147 147 147
908.630 1225.854 1113.017 147 147 147
911.813 1229.143 1107.493 147 147 147
913.378 1230.759 1102.064 147 147 147
914.942 1232.375 1102.064 147 147 147
918.126 1235.663 1096.540 147 147 147
919.690 1237.279 1091.112 147 147 147
921.262 1238.904 1091.112 147 147 147
927.574 1245.424 1074.683 147 147 147
930.738 1248.693 1074.683 147 147 147
935.888 1254.012 1054.065 147 147 147
935.888 1254.012 1048.552 147 147 147
934.676 1252.761 1044.349 147 147 147
925.905 1243.700 1047.116 147 147 147
924.401 1243.584 1049.840 147 147 147
920.456 1239.509 1049.840 147 147 147
919.681 1238.708 1052.533 147 147 147
916.525 1235.447 1049.795 147 147 147
915.722 1234.619 1052.579 147 147 147
911.777 1230.543 1052.579 147 147 147
911.001 1229.742 1055.271 147 147 147
907.845 1226.482 1052.533 147 147 147
907.043 1225.653 1055.317 147 147 147
903.098 1221.578 1055.317 147 147 147
902.309 1220.763 1058.055 147 147 147
900.035 1218.413 1058.055 147 147 147
899.200 1217.550 1055.155 147 147 147
898.364 1216.687 1058.055 147 147 147
894.419 1212.612 1058.055 147 147 147
881.780 1199.556 1101.916 147 147 147
879.799 1197.510 1106.040 147 147 147
879.799 1197.510 1108.790 147 147 147
873.487 1190.989 1130.694 147 147 147
873.487 1190.989 1133.479 147 147 147
876.308 1193.903 1140.472 147 147 147
877.876 1195.523 1137.751 147 147 147
879.423 1197.121 1143.118 147 147 147
885.820 1203.729 1145.893 147 147 147
888.993 1207.006 1137.636 147 147 147
892.942 1211.086 1134.895 147 147 147
895.301 1213.523 1126.707 147 147 147
899.246 1217.598 1126.707 147 147 147
900.035 1218.413 1123.969 147 147 147
901.605 1220.036 1123.969 147 147 147
906.339 1224.926 1113.017 147 147 147
907.911 1226.550 1113.017 147 147 147
911.095 1229.839 1107.493 147 147 147
912.659 1231.454 1102.064 147 147 147
914.223 1233.070 1102.064 147 147 147
917.407 1236.359 1096.540 147 147 147
918.971 1237.975 1091.112 147 147 147
920.544 1239.599 1091.112 147 147 147
926.856 1246.120 1074.683 147 147 147
930.020 1249.388 1074.683 147 147 147
935.169 1254.707 1054.065 147 147 147
935.169 1254.707 1048.552 147 147 147
933.958 1253.456 1044.349 147 147 147
925.187 1244.395 1047.116 147 147 147
925.120 1242.889 1049.840 147 147 147
921.175 1238.813 1049.840 147 147 147
920.399 1238.012 1052.533 147 147 147
917.243 1234.752 1049.795 147 147 147
916.441 1233.923 1052.579 147 147 147
912.496 1229.848 1052.579 147 147 147
911.720 1229.046 1055.271 147 147 147
908.564 1225.786 1052.533 147 147 147
907.762 1224.957 1055.317 147 147 147
903.817 1220.882 1055.317 147 147 147
903.028 1220.067 1058.055 147 147 147
900.754 1217.718 1058.055 147 147 147
899.918 1216.855 1055.155 147 147 147
899.083 1215.992 1058.055 147 147 147
895.138 1211.917 1058.055 147 147 147
882.499 1198.860 1101.916 147 147 147
880.518 1196.814 1106.040 147 147 147
880.518 1196.814 1108.790 147 147 147
874.206 1190.294 1130.694 147 147 147
874.206 1190.294 1133.479 147 147 147
877.027 1193.208 1140.472 147 147 147
878.595 1194.828 1137.751 147 147 147
880.141 1196.425 1143.118 147 147 147
886.539 1203.034 1145.893 147 147 147
889.711 1206.311 1137.636 147 147 147
893.660 1210.390 1134.895 147 147 147
896.020 1212.828 1126.707 147 147 147
899.965 1216.903 1126.707 147 147 147
900.754 1217.718 1123.969 147 147 147
902.324 1219.340 1123.969 147 147 147
907.058 1224.230 1113.017 147 147 147
908.630 1225.854 1113.017 147 147 147
911.813 1229.143 1107.493 147 147 147
913.378 1230.759 1102.064 147 147 147
914.942 1232.375 1102.064 147 147 147
918.126 1235.663 1096.540 147 147 147
919.690 1237.279 1091.112 147 147 147
921.262 1238.904 1091.112 147 147 147
927.574 1245.424 1074.683 147 147 147
930.738 1248.693 1074.683 147 147 147
935.888 1254.012 1054.065 147 147 147
935.888 1254.012 1048.552 147 147 147
934.676 1252.761 1044.349 147 147 147
925.905 1243.700 1047.116 147 147 147
924.401 1243.584 1049.840 147 147 147
920.456 1239.509 1049.840 147 147 147
919.681 1238.708 1052.533 147 147 147
916.525 1235.447 1049.795 147 147 147
915.722 1234.619 1052.579 147 147 147
911.777 1230.543 1052.579 147 147 147
911.001 1229.742 1055.271 147 147 147
907.845 1226.482 1052.533 147 147 147
907.043 1225.653 1055.317 147 147 147
903.098 1221.578 1055.317 147 147 147
902.309 1220.763 1058.055 147 147 147
900.035 1218.413 1058.055 147 147 147
899.200 1217.550 1055.155 147 147 147
898.364 1216.687 1058.055 147 147 147
894.419 1212.612 1058.055 147 147 147
881.780 1199.556 1101.916 147 147 147
879.799 1197.510 1106.040 147 147 147
879.799 1197.510 1108.790 147 147 147
873.487 1190.989 1130.694 147 147 147
873.487 1190.989 1133.479 147 147 147
876.308 1193.903 1140.472 147 147 147
877.876 1195.523 1137.751 147 147 147
879.423 1197.121 1143.118 147 147 147
885.820 1203.729 1145.893 147 147 147
888.993 1207.006 1137.636 147 147 147
892.942 1211.086 1134.895 147 147 147
895.301 1213.523 1126.707 147 147 147
899.246 1217.598 1126.707 147 147 147
900.035 1218.413 1123.969 147 147 147
901.605 1220.036 1123.969 147 147 147
906.339 1224.926 1113.017 147 147 147
907.911 1226.550 1113.017 147 147 147
911.095 1229.839 1107.493 147 147 147
912.659 1231.454 1102.064 147 147 147
914.223 1233.070 1102.064 147 147 147
917.407 1236.359 1096.540 147 147 147
918.971 1237.975 1091.112 147 147 147
920.544 1239.599 1091.112 147 147 147
926.856 1246.120 1074.683 147 147 147
930.020 1249.388 1074.683 147 147 147
935.169 1254.707 1054.065 147 147 147
935.169 1254.707 1048.552 147 147 147
933.958 1253.456 1044.349 147 147 147
925.187 1244.395 1047.116 147 147 147
820.182 1134.486 502.221 147 147 147
809.925 1123.890 502.221 147 147 147
809.136 1123.075 504.960 147 147 147
798.879 1112.479 504.960 147 147 147
798.090 1111.664 507.698 147 147 147
787.044 1100.253 507.698 147 147 147
786.254 1099.438 510.436 147 147 147
775.997 1088.843 510.436 147 147 147
774.446 1087.240 515.820 147 147 147
772.868 1085.610 513.082 147 147 147
771.629 1084.330 517.381 147 147 147
772.888 1085.630 521.749 147 147 147
773.677 1086.445 519.011 147 147 147
774.791 1087.596 522.877 147 147 147
774.791 1087.596 533.829 147 147 147
775.984 1088.828 537.969 147 147 147
777.642 1090.542 540.846 147 147 147
778.411 1091.336 538.178 147 147 147
779.525 1092.487 542.044 147 147 147
779.525 1092.487 552.996 147 147 147
780.718 1093.719 557.136 147 147 147
782.376 1095.432 560.013 147 147 147
783.145 1096.226 557.345 147 147 147
784.253 1097.371 561.190 147 147 147
783.464 1096.556 563.929 147 147 147
784.253 1097.371 566.667 147 147 147
783.464 1096.556 569.405 147 147 147
785.465 1098.623 576.350 147 147 147
787.044 1100.253 576.350 147 147 147
789.411 1102.699 584.564 147 147 147
790.989 1104.329 584.564 147 147 147
792.143 1105.522 588.571 147 147 147
791.354 1104.707 591.310 147 147 147
792.558 1105.950 595.485 147 147 147
795.714 1109.210 598.223 147 147 147
797.301 1110.849 603.731 147 147 147
799.663 1113.289 603.731 147 147 147
802.030 1115.735 614.683 147 147 147
802.898 1116.632 614.683 147 147 147
810.788 1124.782 603.731 147 147 147
813.963 1128.061 603.731 147 147 147
815.545 1129.696 598.241 147 147 147
824.218 1138.655 595.505 147 147 147
829.371 1143.979 583.123 147 147 147
829.371 1143.979 574.901 147 147 147
831.738 1146.424 566.687 147 147 147
831.738 1146.424 552.996 147 147 147
834.106 1148.869 544.782 147 147 147
834.106 1148.869 531.091 147 147 147
836.473 1151.314 522.877 147 147 147
836.473 1151.314 509.187 147 147 147
838.845 1153.766 500.952 147 147 147
837.631 1152.511 496.737 147 147 147
820.969 1135.299 499.491 147 147 147
819.463 1135.181 502.221 147 147 147
809.206 1124.586 502.221 147 147 147
808.417 1123.771 504.960 147 147 147
798.160 1113.175 504.960 147 147 147
797.371 1112.360 507.698 147 147 147
786.325 1100.949 507.698 147 147 147
785.536 1100.134 510.436 147 147 147
775.279 1089.538 510.436 147 147 147
773.727 1087.935 515.820 147 147 147
772.149 1086.305 513.082 147 147 147
770.911 1085.026 517.381 147 147 147
772.169 1086.326 521.749 147 147 147
772.958 1087.141 519.011 147 147 147
774.072 1088.292 522.877 147 147 147
774.072 1088.292 533.829 147 147 147
775.265 1089.524 537.969 147 147 147
776.923 1091.237 540.846 147 147 147
777.692 1092.031 538.178 147 147 147
778.806 1093.182 542.044 147 147 147
778.806 1093.182 552.996 147 147 147
779.999 1094.414 557.136 147 147 147
781.658 1096.127 560.013 147 147 147
782.426 1096.922 557.345 147 147 147
783.535 1098.067 561.190 147 147 147
782.746 1097.251 563.929 147 147 147
783.535 1098.067 566.667 147 147 147
782.746 1097.251 569.405 147 147 147
784.747 1099.319 576.350 147 147 147
786.325 1100.949 576.350 147 147 147
788.692 1103.394 584.564 147 147 147
790.270 1105.024 584.564 147 147 147
791.425 1106.217 588.571 147 147 147
790.636 1105.402 591.310 147 147 147
791.839 1106.645 595.485 147 147 147
794.995 1109.905 598.223 147 147 147
796.582 1111.545 603.731 147 147 147
798.944 1113.985 603.731 147 147 147
801.311 1116.430 614.683 147 147 147
802.180 1117.327 614.683 147 147 147
810.070 1125.478 603.731 147 147 147
813.244 1128.757 603.731 147 147 147
814.826 1130.391 598.241 147 147 147
823.499 1139.350 595.505 147 147 147
828.653 1144.674 583.123 147 147 147
828.653 1144.674 574.901 147 147 147
831.020 1147.120 566.687 147 147 147
831.020 1147.120 552.996 147 147 147
833.387 1149.565 544.782 147 147 147
833.387 1149.565 531.091 147 147 147
835.754 1152.010 522.877 147 147 147
835.754 1152.010 509.187 147 147 147
838.127 1154.461 500.952 147 147 147
836.912 1153.206 496.737 147 147 147
820.250 1135.994 499.491 147 147 147
820.182 1134.486 502.221 147 147 147
809.925 1123.890 502.221 147 147 147
809.136 1123.075 504.960 147 147 147
798.879 1112.479 504.960 147 147 147
798.090 1111.664 507.698 147 147 147
787.044 1100.253 507.698 147 147 147
786.254 1099.438 510.436 147 147 147
775.997 1088.843 510.436 147 147 147
774.446 1087.240 515.820 147 147 147
772.868 1085.610 513.082 147 147 147
771.629 1084.330 517.381 147 147 147
772.888 1085.630 521.749 147 147 147
773.677 1086.445 519.011 147 147 147
774.791 1087.596 522.877 147 147 147
774.791 1087.596 533.829 147 147 147
775.984 1088.828 537.969 147 147 147
777.642 1090.542 540.846 147 147 147
778.411 1091.336 538.178 147 147 147
779.525 1092.487 542.044 147 147 147
779.525 1092.487 552.996 147 147 147
780.718 1093.719 557.136 147 147 147
782.376 1095.432 560.013 147 147 147
783.145 1096.226 557.345 147 147 147
784.253 1097.371 561.190 147 147 147
783.464 1096.556 563.929 147 147 147
784.253 1097.371 566.667 147 147 147
783.464 1096.556 569.405 147 147 147
785.465 1098.623 576.350 147 147 147
787.044 1100.253 576.350 147 147 147
789.411 1102.699 584.564 147 147 147
790.989 1104.329 584.564 147 147 147
792.143 1105.522 588.571 147 147 147
791.354 1104.707 591.310 147 147 147
792.558 1105.950 595.485 147 147 147
795.714 1109.210 598.223 147 147 147
797.301 1110.849 603.731 147 147 147
799.663 1113.289 603.731 147 147 147
802.030 1115.735 614.683 147 147 147
802.898 1116.632 614.683 147 147 147
810.788 1124.782 603.731 147 147 147
813.963 1128.061 603.731 147 147 147
815.545 1129.696 598.241 147 147 147
824.218 1138.655 595.505 147 147 147
829.371 1143.979 583.123 147 147 147
829.371 1143.979 574.901 147 147 147
831.738 1146.424 566.687 147 147 147
831.738 1146.424 552.996 147 147 147
834.106 1148.869 544.782 147 147 147
834.106 1148.869 531.091 147 147 147
836.473 1151.314 522.877 147 147 147
836.473 1151.314 509.187 147 147 147
838.845 1153.766 500.952 147 147 147
837.631 1152.511 496.737 147 147 147
820.969 1135.299 499.491 147 147 147
819.463 1135.181 502.221 147 147 147
809.206 1124.586 502.221 147 147 147
808.417 1123.771 504.960 147 147 147
798.160 1113.175 504.960 147 147 147
797.371 1112.360 507.698 147 147 147
786.325 1100.949 507.698 147 147 147
785.536 1100.134 510.436 147 147 147
775.279 1089.538 510.436 147 147 147
773.727 1087.935 515.820 147 147 147
772.149 1086.305 513.082 147 147 147
770.911 1085.026 517.381 147 147 147
772.169 1086.326 521.749 147 147 147
772.958 1087.141 519.011 147 147 147
774.072 1088.292 522.877 147 147 147
774.072 1088.292 533.829 147 147 147
775.265 1089.524 537.969 147 147 147
776.923 1091.237 540.846 147 147 147
777.692 1092.031 538.178 147 147 147
778.806 1093.182 542.044 147 147 147
778.806 1093.182 552.996 147 147 147
779.999 1094.414 557.136 147 147 147
781.658 1096.127 560.013 147 147 147
782.426 1096.922 557.345 147 147 147
783.535 1098.067 561.190 147 147 147
782.746 1097.251 563.929 147 147 147
783.535 1098.067 566.667 147 147 147
782.746 1097.251 569.405 147 147 147
784.747 1099.319 576.350 147 147 147
786.325 1100.949 576.350 147 147 147
788.692 1103.394 584.564 147 147 147
790.270 1105.024 584.564 147 147 147
791.425 1106.217 588.571 147 147 147
790.636 1105.402 591.310 147 147 147
791.839 1106.645 595.485 147 147 147
794.995 1109.905 598.223 147 147 147
796.582 1111.545 603.731 147 147 147
798.944 1113.985 603.731 147 147 147
801.311 1116.430 614.683 147 147 147
802.180 1117.327 614.683 147 147 147
810.070 1125.478 603.731 147 147 147
813.244 1128.757 603.731 147 147 147
814.826 1130.391 598.241 147 147 147
823.499 1139.350 595.505 147 147 147
828.653 1144.674 583.123 147 147 147
828.653 1144.674 574.901 147 147 147
831.020 1147.120 566.687 147 147 147
831.020 1147.120 552.996 147 147 147
833.387 1149.565 544.782 147 147 147
833.387 1149.565 531.091 147 147 147
835.754 1152.010 522.877 147 147 147
835.754 1152.010 509.187 147 147 147
838.127 1154.461 500.952 147 147 147
836.912 1153.206 496.737 147 147 147
820.250 1135.994 499.491 147 147 147
807.929 1121.829 1070.456 147 147 147
807.929 1121.829 1075.932 147 147 147
805.562 1119.383 1084.147 147 147 147
805.562 1119.383 1089.628 147 147 147
803.189 1116.932 1100.607 147 147 147
805.986 1119.821 1107.540 147 147 147
807.562 1121.449 1107.540 147 147 147
811.496 1125.514 1118.464 147 147 147
814.653 1128.775 1121.203 147 147 147
821.026 1135.358 1137.790 147 147 147
822.270 1136.643 1133.472 147 147 147
822.270 1136.643 1092.361 147 147 147
821.017 1135.349 1088.013 147 147 147
820.182 1134.486 1090.912 147 147 147
818.697 1132.952 1090.912 147 147 147
817.536 1131.753 1086.885 147 147 147
817.536 1131.753 1075.932 147 147 147
816.312 1130.488 1071.684 147 147 147
813.945 1128.043 1074.422 147 147 147
811.588 1125.609 1066.244 147 147 147
808.735 1122.662 1067.658 147 147 147
807.211 1122.524 1070.456 147 147 147
807.211 1122.524 1075.932 147 147 147
804.844 1120.079 1084.147 147 147 147
804.844 1120.079 1089.628 147 147 147
802.471 1117.628 1100.607 147 147 147
805.268 1120.517 1107.540 147 147 147
806.843 1122.145 1107.540 147 147 147
810.778 1126.209 1118.464 147 147 147
813.935 1129.470 1121.203 147 147 147
820.308 1136.054 1137.790 147 147 147
821.552 1137.339 1133.472 147 147 147
821.552 1137.339 1092.361 147 147 147
820.299 1136.045 1088.013 147 147 147
819.463 1135.181 1090.912 147 147 147
817.978 1133.647 1090.912 147 147 147
816.818 1132.449 1086.885 147 147 147
816.818 1132.449 1075.932 147 147 147
815.594 1131.184 1071.684 147 147 147
813.226 1128.739 1074.422 147 147 147
810.870 1126.304 1066.244 147 147 147
808.017 1123.357 1067.658 147 147 147
807.929 1121.829 1070.456 147 147 147
807.929 1121.829 1075.932 147 147 147
805.562 1119.383 1084.147 147 147 147
805.562 1119.383 1089.628 147 147 147
803.189 1116.932 1100.607 147 147 147
805.986 1119.821 1107.540 147 147 147
807.562 1121.449 1107.540 147 147 147
811.496 1125.514 1118.464 147 147 147
814.653 1128.775 1121.203 147 147 147
821.026 1135.358 1137.790 147 147 147
822.270 1136.643 1133.472 147 147 147
822.270 1136.643 1092.361 147 147 147
821.017 1135.349 1088.013 147 147 147
820.182 1134.486 1090.912 147 147 147
818.697 1132.952 1090.912 147 147 147
817.536 1131.753 1086.885 147 147 147
817.536 1131.753 1075.932 147 147 147
816.312 1130.488 1071.684 147 147 147
813.945 1128.043 1074.422 147 147 147
811.588 1125.609 1066.244 147 147 147
808.735 1122.662 1067.658 147 147 147
807.211 1122.524 1070.456 147 147 147
807.211 1122.524 1075.932 147 147 147
804.844 1120.079 1084.147 147 147 147
804.844 1120.079 1089.628 147 147 147
802.471 1117.628 1100.607 147 147 147
805.268 1120.517 1107.540 147 147 147
806.843 1122.145 1107.540 147 147 147
810.778 1126.209 1118.464 147 147 147
813.935 1129.470 1121.203 147 147 147
820.308 1136.054 1137.790 147 147 147
821.552 1137.339 1133.472 147 147 147
821.552 1137.339 1092.361 147 147 147
820.299 1136.045 1088.013 147 147 147
819.463 1135.181 1090.912 147 147 147
817.978 1133.647 1090.912 147 147 147
816.818 1132.449 1086.885 147 147 147
816.818 1132.449 1075.932 147 147 147
815.594 1131.184 1071.684 147 147 147
813.226 1128.739 1074.422 147 147 147
810.870 1126.304 1066.244 147 147 147
808.017 1123.357 1067.658 147 147 147
726.307 1037.511 384.483 147 147 147
723.923 1035.049 384.483 147 147 147
721.556 1032.604 392.698 147 147 147
719.978 1030.973 392.698 147 147 147
718.391 1029.334 398.205 147 147 147
715.235 1026.074 400.943 147 147 147
713.666 1024.453 406.388 147 147 147
711.304 1022.013 406.388 147 147 147
708.139 1018.744 414.626 147 147 147
704.192 1014.667 417.365 147 147 147
699.453 1009.771 431.072 147 147 147
686.035 995.910 450.245 147 147 147
684.051 993.860 459.887 147 147 147
685.258 995.107 464.075 147 147 147
694.029 1004.168 466.842 147 147 147
694.801 1004.966 464.162 147 147 147
698.693 1008.986 469.564 147 147 147
702.620 1013.042 469.564 147 147 147
703.409 1013.857 472.302 147 147 147
705.869 1016.398 472.302 147 147 147
706.658 1017.213 469.564 147 147 147
708.143 1018.748 469.564 147 147 147
708.932 1019.563 472.302 147 147 147
718.493 1029.439 472.302 147 147 147
719.282 1030.254 469.564 147 147 147
731.117 1042.480 469.564 147 147 147
731.906 1043.295 466.826 147 147 147
739.007 1050.631 466.826 147 147 147
739.796 1051.446 464.088 147 147 147
744.516 1056.322 464.088 147 147 147
746.122 1057.981 461.302 147 147 147
747.315 1059.213 457.163 147 147 147
747.315 1059.213 416.052 147 147 147
746.090 1057.948 411.803 147 147 147
743.723 1055.503 414.541 147 147 147
742.581 1054.322 410.575 147 147 147
742.581 1054.322 388.671 147 147 147
741.374 1053.076 384.483 147 147 147
737.429 1049.001 384.483 147 147 147
735.848 1047.368 378.997 147 147 147
729.064 1040.360 380.382 147 147 147
725.588 1038.207 384.483 147 147 147
723.204 1035.744 384.483 147 147 147
720.837 1033.299 392.698 147 147 147
719.259 1031.669 392.698 147 147 147
717.672 1030.030 398.205 147 147 147
714.516 1026.769 400.943 147 147 147
712.947 1025.149 406.388 147 147 147
710.586 1022.709 406.388 147 147 147
707.420 1019.439 414.626 147 147 147
703.474 1015.362 417.365 147 147 147
698.734 1010.466 431.072 147 147 147
685.317 996.606 450.245 147 147 147
683.332 994.556 459.887 147 147 147
684.539 995.802 464.075 147 147 147
693.310 1004.863 466.842 147 147 147
694.083 1005.661 464.162 147 147 147
697.974 1009.681 469.564 147 147 147
701.901 1013.738 469.564 147 147 147
702.690 1014.553 472.302 147 147 147
705.150 1017.094 472.302 147 147 147
705.939 1017.909 469.564 147 147 147
707.424 1019.443 469.564 147 147 147
708.213 1020.258 472.302 147 147 147
717.774 1030.135 472.302 147 147 147
718.563 1030.950 469.564 147 147 147
730.398 1043.176 469.564 147 147 147
731.187 1043.991 466.826 147 147 147
738.288 1051.326 466.826 147 147 147
739.077 1052.141 464.088 147 147 147
743.798 1057.018 464.088 147 147 147
745.403 1058.676 461.302 147 147 147
746.596 1059.908 457.163 147 147 147
746.596 1059.908 416.052 147 147 147
745.372 1058.644 411.803 147 147 147
743.005 1056.198 414.541 147 147 147
741.862 1055.018 410.575 147 147 147
741.862 1055.018 388.671 147 147 147
740.655 1053.772 384.483 147 147 147
736.710 1049.696 384.483 147 147 147
735.130 1048.063 378.997 147 147 147
728.346 1041.056 380.382 147 147 147
726.307 1037.511 384.483 147 147 147
723.923 1035.049 384.483 147 147 147
721.556 1032.604 392.698 147 147 147
719.978 1030.973 392.698 147 147 147
718.391 1029.334 398.205 147 147 147
715.235 1026.074 400.943 147 147 147
713.666 1024.453 406.388 147 147 147
711.304 1022.013 406.388 147 147 147
708.139 1018.744 414.626 147 147 147
704.192 1014.667 417.365 147 147 147
699.453 1009.771 431.072 147 147 147
686.035 995.910 450.245 147 147 147
684.051 993.860 459.887 147 147 147
685.258 995.107 464.075 147 147 147
694.029 1004.168 466.842 147 147 147
694.801 1004.966 464.162 147 147 147
698.693 1008.986 469.564 147 147 147
702.620 1013.042 469.564 147 147 147
703.409 1013.857 472.302 147 147 147
705.869 1016.398 472.302 147 147 147
706.658 1017.213 469.564 147 147 147
708.143 1018.748 469.564 147 147 147
708.932 1019.563 472.302 147 147 147
718.493 1029.439 472.302 147 147 147
719.282 1030.254 469.564 147 147 147
731.117 1042.480 469.564 147 147 147
731.906 1043.295 466.826 147 147 147
739.007 1050.631 466.826 147 147 147
739.796 1051.446 464.088 147 147 147
744.516 1056.322 464.088 147 147 147
746.122 1057.981 461.302 147 147 147
747.315 1059.213 457.163 147 147 147
747.315 1059.213 416.052 147 147 147
746.090 1057.948 411.803 147 147 147
743.723 1055.503 414.541 147 147 147
742.581 1054.322 410.575 147 147 147
742.581 1054.322 388.671 147 147 147
741.374 1053.076 384.483 147 147 147
737.429 1049.001 384.483 147 147 147
735.848 1047.368 378.997 147 147 147
729.064 1040.360 380.382 147 147 147
725.588 1038.207 384.483 147 147 147
723.204 1035.744 384.483 147 147 147
720.837 1033.299 392.698 147 147 147
719.259 1031.669 392.698 147 147 147
717.672 1030.030 398.205 147 147 147
714.516 1026.769 400.943 147 147 147
712.947 1025.149 406.388 147 147 147
710.586 1022.709 406.388 147 147 147
707.420 1019.439 414.626 147 147 147
703.474 1015.362 417.365 147 147 147
698.734 1010.466 431.072 147 147 147
685.317 996.606 450.245 147 147 147
683.332 994.556 459.887 147 147 147
684.539 995.802 464.075 147 147 147
693.310 1004.863 466.842 147 147 147
694.083 1005.661 464.162 147 147 147
697.974 1009.681 469.564 147 147 147
701.901 1013.738 469.564 147 147 147
702.690 1014.553 472.302 147 147 147
705.150 1017.094 472.302 147 147 147
705.939 1017.909 469.564 147 147 147
707.424 1019.443 469.564 147 147 147
708.213 1020.258 472.302 147 147 147
717.774 1030.135 472.302 147 147 147
718.563 1030.950 469.564 147 147 147
730.398 1043.176 469.564 147 147 147
731.187 1043.991 466.826 147 147 147
738.288 1051.326 466.826 147 147 147
739.077 1052.141 464.088 147 147 147
743.798 1057.018 464.088 147 147 147
745.403 1058.676 461.302 147 147 147
746.596 1059.908 457.163 147 147 147
746.596 1059.908 416.052 147 147 147
745.372 1058.644 411.803 147 147 147
743.005 1056.198 414.541 147 147 147
741.862 1055.018 410.575 147 147 147
741.862 1055.018 388.671 147 147 147
740.655 1053.772 384.483 147 147 147
736.710 1049.696 384.483 147 147 147
735.130 1048.063 378.997 147 147 147
728.346 1041.056 380.382 147 147 147
681.950 1145.061 882.817 147 147 147
681.242 1144.347 885.381 147 147 147
680.534 1143.633 882.817 147 147 147
675.903 1138.964 882.817 147 147 147
675.147 1138.202 885.555 147 147 147
673.731 1136.774 885.555 147 147 147
672.975 1136.012 882.817 147 147 147
670.611 1133.629 882.817 147 147 147
669.855 1132.867 885.555 147 147 147
666.171 1129.153 885.555 147 147 147
665.367 1128.343 882.643 147 147 147
664.563 1127.532 885.555 147 147 147
659.272 1122.197 885.555 147 147 147
658.564 1121.484 888.119 147 147 147
657.856 1120.770 885.555 147 147 147
653.224 1116.100 885.555 147 147 147
652.468 1115.338 888.293 147 147 147
651.052 1113.911 888.293 147 147 147
650.296 1113.149 885.555 147 147 147
647.932 1110.766 885.555 147 147 147
647.177 1110.004 888.293 147 147 147
642.737 1105.528 888.293 147 147 147
641.933 1104.717 885.381 147 147 147
641.129 1103.907 888.293 147 147 147
635.837 1098.572 888.293 147 147 147
635.129 1097.858 890.857 147 147 147
634.422 1097.145 888.293 147 147 147
629.790 1092.475 888.293 147 147 147
629.034 1091.713 891.031 147 147 147
627.618 1090.286 891.031 147 147 147
626.862 1089.523 888.293 147 147 147
624.508 1087.150 888.293 147 147 147
622.586 1085.212 892.470 147 147 147
622.586 1085.212 993.889 147 147 147
626.762 1089.423 995.264 147 147 147
627.522 1090.189 998.017 147 147 147
632.058 1094.761 998.017 147 147 147
632.841 1095.551 1000.854 147 147 147
634.379 1097.102 998.068 147 147 147
638.159 1100.913 1003.544 147 147 147
639.665 1102.431 1000.817 147 147 147
642.679 1105.469 1006.275 147 147 147
644.947 1107.755 1003.536 147 147 147
648.001 1110.835 1009.068 147 147 147
648.785 1111.625 1006.231 147 147 147
650.200 1113.052 1006.231 147 147 147
650.956 1113.814 1008.969 147 147 147
655.506 1118.401 1008.969 147 147 147
657.072 1119.980 1011.807 147 147 147
657.828 1120.742 1009.068 147 147 147
660.821 1123.760 1014.489 147 147 147
663.089 1126.046 1011.751 147 147 147
666.123 1129.105 1017.245 147 147 147
667.615 1130.608 1014.545 147 147 147
668.343 1131.343 1017.183 147 147 147
672.879 1135.915 1017.183 147 147 147
673.635 1136.677 1019.921 147 147 147
678.170 1141.250 1019.921 147 147 147
678.974 1142.061 1022.834 147 147 147
679.751 1142.844 1020.021 147 147 147
681.208 1144.312 1022.660 147 147 147
684.314 1147.444 1022.660 147 147 147
685.070 1148.206 1019.921 147 147 147
687.998 1151.158 1019.921 147 147 147
688.781 1151.947 1022.759 147 147 147
690.293 1153.472 1020.021 147 147 147
691.021 1154.206 1022.660 147 147 147
695.571 1158.793 1022.660 147 147 147
697.138 1160.372 1025.497 147 147 147
697.873 1161.113 1022.834 147 147 147
698.581 1161.827 1025.398 147 147 147
700.098 1163.357 1025.398 147 147 147
703.122 1166.405 1033.612 147 147 147
704.725 1168.021 1033.612 147 147 147
705.453 1168.755 1030.973 147 147 147
708.456 1171.783 1036.412 147 147 147
709.968 1173.307 1033.674 147 147 147
712.992 1176.356 1039.150 147 147 147
714.483 1177.859 1036.449 147 147 147
715.212 1178.594 1039.088 147 147 147
719.761 1183.180 1039.088 147 147 147
721.328 1184.760 1041.926 147 147 147
722.084 1185.522 1039.187 147 147 147
725.108 1188.570 1044.664 147 147 147
725.843 1189.312 1042.000 147 147 147
728.111 1191.598 1050.214 147 147 147
728.867 1192.360 1047.476 147 147 147
729.575 1193.074 1050.040 147 147 147
734.110 1197.646 1050.040 147 147 147
734.866 1198.409 1052.779 147 147 147
736.378 1199.933 1052.779 147 147 147
737.890 1201.457 1058.255 147 147 147
739.498 1203.078 1058.255 147 147 147
740.206 1203.792 1055.691 147 147 147
742.421 1206.025 1063.714 147 147 147
749.225 1212.884 1066.452 147 147 147
751.516 1215.194 1074.750 147 147 147
753.771 1217.467 1072.027 147 147 147
756.025 1219.740 1085.636 147 147 147
758.296 1222.029 1085.636 147 147 147
760.564 1224.316 1096.588 147 147 147
763.592 1227.369 1096.588 147 147 147
765.849 1229.644 1104.762 147 147 147
768.117 1231.930 1107.500 147 147 147
769.240 1233.062 1111.567 147 147 147
769.240 1233.062 1122.526 147 147 147
771.966 1235.811 1129.581 147 147 147
772.712 1236.563 1126.881 147 147 147
773.775 1237.635 1130.733 147 147 147
773.775 1237.635 1147.162 147 147 147
774.980 1238.849 1151.524 147 147 147
776.184 1240.063 1147.162 147 147 147
776.184 1240.063 1141.686 147 147 147
777.696 1241.587 1136.209 147 147 147
777.696 1241.587 1127.991 147 147 147
782.232 1246.160 1106.086 147 147 147
782.232 1246.160 1100.612 147 147 147
786.767 1250.733 1081.445 147 147 147
786.767 1250.733 1073.233 147 147 147
789.035 1253.019 1065.019 147 147 147
789.035 1253.019 1059.540 147 147 147
793.571 1257.592 1040.373 147 147 147
793.571 1257.592 1032.162 147 147 147
795.839 1259.878 1023.947 147 147 147
795.839 1259.878 1018.469 147 147 147
800.374 1264.451 999.302 147 147 147
800.374 1264.451 980.100 147 147 147
799.170 1263.236 975.738 147 147 147
798.366 1262.426 978.650 147 147 147
796.950 1260.999 978.650 147 147 147
794.682 1258.712 970.436 147 147 147
792.318 1256.329 970.436 147 147 147
791.590 1255.595 973.074 147 147 147
788.566 1252.546 967.598 147 147 147
787.831 1251.805 970.262 147 147 147
785.563 1249.518 962.047 147 147 147
784.786 1248.736 964.860 147 147 147
781.783 1245.708 959.421 147 147 147
780.292 1244.204 962.122 147 147 147
779.563 1243.470 959.483 147 147 147
778.051 1241.946 959.483 147 147 147
775.756 1239.632 951.170 147 147 147
774.224 1238.087 953.945 147 147 147
771.200 1235.038 948.469 147 147 147
769.702 1233.528 951.182 147 147 147
765.937 1229.732 940.272 147 147 147
762.919 1226.690 943.005 147 147 147
762.180 1225.945 940.330 147 147 147
753.109 1216.800 937.592 147 147 147
752.322 1216.006 934.741 147 147 147
750.789 1214.461 937.517 147 147 147
747.766 1211.413 932.040 147 147 147
746.254 1209.889 934.778 147 147 147
743.230 1206.840 929.302 147 147 147
741.718 1205.316 932.040 147 147 147
738.694 1202.268 926.564 147 147 147
737.203 1200.764 929.265 147 147 147
736.474 1200.030 926.626 147 147 147
732.695 1196.219 926.626 147 147 147
731.942 1195.461 923.901 147 147 147
722.871 1186.315 921.163 147 147 147
722.084 1185.522 918.313 147 147 147
720.551 1183.977 921.088 147 147 147
717.528 1180.928 915.612 147 147 147
716.036 1179.425 918.313 147 147 147
713.801 1177.171 910.215 147 147 147
706.997 1170.312 907.477 147 147 147
704.697 1167.993 899.146 147 147 147
703.165 1166.448 901.921 147 147 147
700.141 1163.400 896.445 147 147 147
698.650 1161.896 899.146 147 147 147
697.921 1161.162 896.507 147 147 147
696.409 1159.638 896.507 147 147 147
694.897 1158.113 891.031 147 147 147
693.380 1156.584 891.031 147 147 147
690.356 1153.535 882.817 147 147 147
681.240 1145.765 882.817 147 147 147
680.532 1145.051 885.381 147 147 147
679.824 1144.338 882.817 147 147 147
675.193 1139.668 882.817 147 147 147
674.437 1138.906 885.555 147 147 147
673.021 1137.479 885.555 147 147 147
672.265 1136.716 882.817 147 147 147
669.901 1134.333 882.817 147 147 147
669.145 1133.571 885.555 147 147 147
665.461 1129.857 885.555 147 147 147
664.657 1129.047 882.643 147 147 147
663.853 1128.236 885.555 147 147 147
658.562 1122.902 885.555 147 147 147
657.854 1122.188 888.119 147 147 147
657.146 1121.474 885.555 147 147 147
652.514 1116.805 885.555 147 147 147
651.758 1116.043 888.293 147 147 147
650.342 1114.615 888.293 147 147 147
649.586 1113.853 885.555 147 147 147
647.223 1111.470 885.555 147 147 147
646.467 1110.708 888.293 147 147 147
642.027 1106.232 888.293 147 147 147
641.223 1105.421 885.381 147 147 147
640.419 1104.611 888.293 147 147 147
635.127 1099.276 888.293 147 147 147
634.419 1098.562 890.857 147 147 147
633.712 1097.849 888.293 147 147 147
629.080 1093.179 888.293 147 147 147
628.324 1092.417 891.031 147 147 147
626.908 1090.990 891.031 147 147 147
626.152 1090.228 888.293 147 147 147
623.798 1087.854 888.293 147 147 147
621.876 1085.917 892.470 147 147 147
621.876 1085.917 993.889 147 147 147
626.052 1090.127 995.264 147 147 147
626.812 1090.893 998.017 147 147 147
631.348 1095.466 998.017 147 147 147
632.131 1096.255 1000.854 147 147 147
633.669 1097.806 998.068 147 147 147
637.449 1101.617 1003.544 147 147 147
638.955 1103.135 1000.817 147 147 147
641.969 1106.173 1006.275 147 147 147
644.237 1108.460 1003.536 147 147 147
647.291 1111.539 1009.068 147 147 147
648.075 1112.329 1006.231 147 147 147
649.490 1113.756 1006.231 147 147 147
650.246 1114.518 1008.969 147 147 147
654.796 1119.105 1008.969 147 147 147
656.363 1120.684 1011.807 147 147 147
657.118 1121.447 1009.068 147 147 147
660.111 1124.464 1014.489 147 147 147
662.379 1126.750 1011.751 147 147 147
665.413 1129.809 1017.245 147 147 147
666.905 1131.312 1014.545 147 147 147
667.633 1132.047 1017.183 147 147 147
672.169 1136.620 1017.183 147 147 147
672.925 1137.382 1019.921 147 147 147
677.460 1141.954 1019.921 147 147 147
678.264 1142.765 1022.834 147 147 147
679.041 1143.548 1020.021 147 147 147
680.498 1145.017 1022.660 147 147 147
683.604 1148.148 1022.660 147 147 147
684.360 1148.910 1019.921 147 147 147
687.288 1151.862 1019.921 147 147 147
688.071 1152.652 1022.759 147 147 147
689.583 1154.176 1020.021 147 147 147
690.311 1154.910 1022.660 147 147 147
694.861 1159.497 1022.660 147 147 147
696.428 1161.076 1025.497 147 147 147
697.163 1161.818 1022.834 147 147 147
697.871 1162.531 1025.398 147 147 147
699.388 1164.061 1025.398 147 147 147
702.412 1167.110 1033.612 147 147 147
704.015 1168.725 1033.612 147 147 147
704.743 1169.460 1030.973 147 147 147
707.746 1172.487 1036.412 147 147 147
709.258 1174.012 1033.674 147 147 147
712.282 1177.060 1039.150 147 147 147
713.773 1178.563 1036.449 147 147 147
714.502 1179.298 1039.088 147 147 147
719.051 1183.884 1039.088 147 147 147
720.618 1185.464 1041.926 147 147 147
721.374 1186.226 1039.187 147 147 147
724.398 1189.275 1044.664 147 147 147
725.133 1190.016 1042.000 147 147 147
727.401 1192.302 1050.214 147 147 147
728.157 1193.064 1047.476 147 147 147
728.865 1193.778 1050.040 147 147 147
733.400 1198.351 1050.040 147 147 147
734.156 1199.113 1052.779 147 147 147
735.668 1200.637 1052.779 147 147 147
737.180 1202.161 1058.255 147 147 147
738.788 1203.782 1058.255 147 147 147
739.496 1204.496 1055.691 147 147 147
741.711 1206.729 1063.714 147 147 147
748.515 1213.588 1066.452 147 147 147
750.806 1215.898 1074.750 147 147 147
753.061 1218.171 1072.027 147 147 147
755.315 1220.444 1085.636 147 147 147
757.586 1222.734 1085.636 147 147 147
759.854 1225.020 1096.588 147 147 147
762.882 1228.073 1096.588 147 147 147
765.139 1230.348 1104.762 147 147 147
767.407 1232.635 1107.500 147 147 147
768.530 1233.766 1111.567 147 147 147
768.530 1233.766 1122.526 147 147 147
771.257 1236.515 1129.581 147 147 147
772.002 1237.267 1126.881 147 147 147
773.065 1238.339 1130.733 147 147 147
773.065 1238.339 1147.162 147 147 147
774.270 1239.553 1151.524 147 147 147
775.474 1240.767 1147.162 147 147 147
775.474 1240.767 1141.686 147 147 147
776.986 1242.292 1136.209 147 147 147
776.986 1242.292 1127.991 147 147 147
781.522 1246.864 1106.086 147 147 147
781.522 1246.864 1100.612 147 147 147
786.057 1251.437 1081.445 147 147 147
786.057 1251.437 1073.233 147 147 147
788.325 1253.723 1065.019 147 147 147
788.325 1253.723 1059.540 147 147 147
792.861 1258.296 1040.373 147 147 147
792.861 1258.296 1032.162 147 147 147
795.129 1260.582 1023.947 147 147 147
795.129 1260.582 1018.469 147 147 147
799.664 1265.155 999.302 147 147 147
799.664 1265.155 980.100 147 147 147
798.460 1263.941 975.738 147 147 147
797.656 1263.130 978.650 147 147 147
796.240 1261.703 978.650 147 147 147
793.972 1259.416 970.436 147 147 147
791.608 1257.033 970.436 147 147 147
790.880 1256.299 973.074 147 147 147
787.856 1253.250 967.598 147 147 147
787.121 1252.509 970.262 147 147 147
784.853 1250.223 962.047 147 147 147
784.076 1249.440 964.860 147 147 147
781.073 1246.412 959.421 147 147 147
779.582 1244.909 962.122 147 147 147
778.853 1244.174 959.483 147 147 147
777.341 1242.650 959.483 147 147 147
775.046 1240.336 951.170 147 147 147
773.514 1238.791 953.945 147 147 147
770.490 1235.743 948.469 147 147 147
768.992 1234.232 951.182 147 147 147
765.227 1230.437 940.272 147 147 147
762.209 1227.394 943.005 147 147 147
761.470 1226.649 940.330 147 147 147
752.399 1217.504 937.592 147 147 147
751.612 1216.711 934.741 147 147 147
750.079 1215.166 937.517 147 147 147
747.056 1212.117 932.040 147 147 147
745.544 1210.593 934.778 147 147 147
742.520 1207.544 929.302 147 147 147
741.008 1206.020 932.040 147 147 147
737.984 1202.972 926.564 147 147 147
736.493 1201.468 929.265 147 147 147
735.764 1200.734 926.626 147 147 147
731.985 1196.923 926.626 147 147 147
731.232 1196.165 923.901 147 147 147
722.161 1187.020 921.163 147 147 147
721.374 1186.226 918.313 147 147 147
719.841 1184.681 921.088 147 147 147
716.818 1181.633 915.612 147 147 147
715.326 1180.129 918.313 147 147 147
713.091 1177.875 910.215 147 147 147
706.287 1171.016 907.477 147 147 147
703.987 1168.697 899.146 147 147 147
702.455 1167.153 901.921 147 147 147
699.431 1164.104 896.445 147 147 147
697.940 1162.601 899.146 147 147 147
697.211 1161.866 896.507 147 147 147
695.699 1160.342 896.507 147 147 147
694.187 1158.818 891.031 147 147 147
692.670 1157.288 891.031 147 147 147
689.646 1154.240 882.817 147 147 147
681.950 1145.061 882.817 147 147 147
681.242 1144.347 885.381 147 147 147
680.534 1143.633 882.817 147 147 147
675.903 1138.964 882.817 147 147 147
675.147 1138.202 885.555 147 147 147
673.731 1136.774 885.555 147 147 147
672.975 1136.012 882.817 147 147 147
670.611 1133.629 882.817 147 147 147
669.855 1132.867 885.555 147 147 147
666.171 1129.153 885.555 147 147 147
665.367 1128.343 882.643 147 147 147
664.563 1127.532 885.555 147 147 147
659.272 1122.197 885.555 147 147 147
658.564 1121.484 888.119 147 147 147
657.856 1120.770 885.555 147 147 147
653.224 1116.100 885.555 147 147 147
652.468 1115.338 888.293 147 147 147
651.052 1113.911 888.293 147 147 147
650.296 1113.149 885.555 147 147 147
647.932 1110.766 885.555 147 147 147
647.177 1110.004 888.293 147 147 147
642.737 1105.528 888.293 147 147 147
641.933 1104.717 885.381 147 147 147
641.129 1103.907 888.293 147 147 147
635.837 1098.572 888.293 147 147 147
635.129 1097.858 890.857 147 147 147
634.422 1097.145 888.293 147 147 147
629.790 1092.475 888.293 147 147 147
629.034 1091.713 891.031 147 147 147
627.618 1090.286 891.031 147 147 147
626.862 1089.523 888.293 147 147 147
624.508 1087.150 888.293 147 147 147
622.586 1085.212 892.470 147 147 147
622.586 1085.212 993.889 147 147 147
626.762 1089.423 995.264 147 147 147
627.522 1090.189 998.017 147 147 147
632.058 1094.761 998.017 147 147 147
632.841 1095.551 1000.854 147 147 147
634.379 1097.102 998.068 147 147 147
638.159 1100.913 1003.544 147 147 147
639.665 1102.431 1000.817 147 147 147
642.679 1105.469 1006.275 147 147 147
644.947 1107.755 1003.536 147 147 147
648.001 1110.835 1009.068 147 147 147
648.785 1111.625 1006.231 147 147 147
650.200 1113.052 1006.231 147 147 147
650.956 1113.814 1008.969 147 147 147
655.506 1118.401 1008.969 147 147 147
657.072 1119.980 1011.807 147 147 147
657.828 1120.742 1009.068 147 147 147
660.821 1123.760 1014.489 147 147 147
663.089 1126.046 1011.751 147 147 147
666.123 1129.105 1017.245 147 147 147
667.615 1130.608 1014.545 147 147 147
668.343 1131.343 1017.183 147 147 147
672.879 1135.915 1017.183 147 147 147
673.635 1136.677 1019.921 147 147 147
678.170 1141.250 1019.921 147 147 147
678.974 1142.061 1022.834 147 147 147
679.751 1142.844 1020.021 147 147 147
681.208 1144.312 1022.660 147 147 147
684.314 1147.444 1022.660 147 147 147
685.070 1148.206 1019.921 147 147 147
687.998 1151.158 1019.921 147 147 147
688.781 1151.947 1022.759 147 147 147
690.293 1153.472 1020.021 147 147 147
691.021 1154.206 1022.660 147 147 147
695.571 1158.793 1022.660 147 147 147
697.138 1160.372 1025.497 147 147 147
697.873 1161.113 1022.834 147 147 147
698.581 1161.827 1025.398 147 147 147
700.098 1163.357 1025.398 147 147 147
703.122 1166.405 1033.612 147 147 147
704.725 1168.021 1033.612 147 147 147
705.453 1168.755 1030.973 147 147 147
708.456 1171.783 1036.412 147 147 147
709.968 1173.307 1033.674 147 147 147
712.992 1176.356 1039.150 147 147 147
714.483 1177.859 1036.449 147 147 147
715.212 1178.594 1039.088 147 147 147
719.761 1183.180 1039.088 147 147 147
721.328 1184.760 1041.926 147 147 147
722.084 1185.522 1039.187 147 147 147
725.108 1188.570 1044.664 147 147 147
725.843 1189.312 1042.000 147 147 147
728.111 1191.598 1050.214 147 147 147
728.867 1192.360 1047.476 147 147 147
729.575 1193.074 1050.040 147 147 147
734.110 1197.646 1050.040 147 147 147
734.866 1198.409 1052.779 147 147 147
736.378 1199.933 1052.779 147 147 147
737.890 1201.457 1058.255 147 147 147
739.498 1203.078 1058.255 147 147 147
740.206 1203.792 1055.691 147 147 147
742.421 1206.025 1063.714 147 147 147
749.225 1212.884 1066.452 147 147 147
751.516 1215.194 1074.750 147 147 147
753.771 1217.467 1072.027 147 147 147
756.025 1219.740 1085.636 147 147 147
758.296 1222.029 1085.636 147 147 147
760.564 1224.316 1096.588 147 147 147
763.592 1227.369 1096.588 147 147 147
765.849 1229.644 1104.762 147 147 147
768.117 1231.930 1107.500 147 147 147
769.240 1233.062 1111.567 147 147 147
769.240 1233.062 1122.526 147 147 147
771.966 1235.811 1129.581 147 147 147
772.712 1236.563 1126.881 147 147 147
773.775 1237.635 1130.733 147 147 147
773.775 1237.635 1147.162 147 147 147
774.980 1238.849 1151.524 147 147 147
776.184 1240.063 1147.162 147 147 147
776.184 1240.063 1141.686 147 147 147
777.696 1241.587 1136.209 147 147 147
777.696 1241.587 1127.991 147 147 147
782.232 1246.160 1106.086 147 147 147
782.232 1246.160 1100.612 147 147 147
786.767 1250.733 1081.445 147 147 147
786.767 1250.733 1073.233 147 147 147
789.035 1253.019 1065.019 147 147 147
789.035 1253.019 1059.540 147 147 147
793.571 1257.592 1040.373 147 147 147
793.571 1257.592 1032.162 147 147 147
795.839 1259.878 1023.947 147 147 147
795.839 1259.878 1018.469 147 147 147
800.374 1264.451 999.302 147 147 147
800.374 1264.451 980.100 147 147 147
799.170 1263.236 975.738 147 147 147
798.366 1262.426 978.650 147 147 147
796.950 1260.999 978.650 147 147 147
794.682 1258.712 970.436 147 147 147
792.318 1256.329 970.436 147 147 147
791.590 1255.595 973.074 147 147 147
788.566 1252.546 967.598 147 147 147
787.831 1251.805 970.262 147 147 147
785.563 1249.518 962.047 147 147 147
784.786 1248.736 964.860 147 147 147
781.783 1245.708 959.421 147 147 147
780.292 1244.204 962.122 147 147 147
779.563 1243.470 959.483 147 147 147
778.051 1241.946 959.483 147 147 147
775.756 1239.632 951.170 147 147 147
774.224 1238.087 953.945 147 147 147
771.200 1235.038 948.469 147 147 147
769.702 1233.528 951.182 147 147 147
765.937 1229.732 940.272 147 147 147
762.919 1226.690 943.005 147 147 147
762.180 1225.945 940.330 147 147 147
753.109 1216.800 937.592 147 147 147
752.322 1216.006 934.741 147 147 147
750.789 1214.461 937.517 147 147 147
747.766 1211.413 932.040 147 147 147
746.254 1209.889 934.778 147 147 147
743.230 1206.840 929.302 147 147 147
741.718 1205.316 932.040 147 147 147
738.694 1202.268 926.564 147 147 147
737.203 1200.764 929.265 147 147 147
736.474 1200.030 926.626 147 147 147
732.695 1196.219 926.626 147 147 147
731.942 1195.461 923.901 147 147 147
722.871 1186.315 921.163 147 147 147
722.084 1185.522 918.313 147 147 147
720.551 1183.977 921.088 147 147 147
717.528 1180.928 915.612 147 147 147
716.036 1179.425 918.313 147 147 147
713.801 1177.171 910.215 147 147 147
706.997 1170.312 907.477 147 147 147
704.697 1167.993 899.146 147 147 147
703.165 1166.448 901.921 147 147 147
700.141 1163.400 896.445 147 147 147
698.650 1161.896 899.146 147 147 147
697.921 1161.162 896.507 147 147 147
696.409 1159.638 896.507 147 147 147
694.897 1158.113 891.031 147 147 147
693.380 1156.584 891.031 147 147 147
690.356 1153.535 882.817 147 147 147
681.240 1145.765 882.817 147 147 147
680.532 1145.051 885.381 147 147 147
679.824 1144.338 882.817 147 147 147
675.193 1139.668 882.817 147 147 147
674.437 1138.906 885.555 147 147 147
673.021 1137.479 885.555 147 147 147
672.265 1136.716 882.817 147 147 147
669.901 1134.333 882.817 147 147 147
669.145 1133.571 885.555 147 147 147
665.461 1129.857 885.555 147 147 147
664.657 1129.047 882.643 147 147 147
663.853 1128.236 885.555 147 147 147
658.562 1122.902 885.555 147 147 147
657.854 1122.188 888.119 147 147 147
657.146 1121.474 885.555 147 147 147
652.514 1116.805 885.555 147 147 147
651.758 1116.043 888.293 147 147 147
650.342 1114.615 888.293 147 147 147
649.586 1113.853 885.555 147 147 147
647.223 1111.470 885.555 147 147 147
646.467 1110.708 888.293 147 147 147
642.027 1106.232 888.293 147 147 147
641.223 1105.421 885.381 147 147 147
640.419 1104.611 888.293 147 147 147
635.127 1099.276 888.293 147 147 147
634.419 1098.562 890.857 147 147 147
633.712 1097.849 888.293 147 147 147
629.080 1093.179 888.293 147 147 147
628.324 1092.417 891.031 147 147 147
626.908 1090.990 891.031 147 147 147
626.152 1090.228 888.293 147 147 147
623.798 1087.854 888.293 147 147 147
621.876 1085.917 892.470 147 147 147
621.876 1085.917 993.889 147 147 147
626.052 1090.127 995.264 147 147 147
626.812 1090.893 998.017 147 147 147
631.348 1095.466 998.017 147 147 147
632.131 1096.255 1000.854 147 147 147
633.669 1097.806 998.068 147 147 147
637.449 1101.617 1003.544 147 147 147
638.955 1103.135 1000.817 147 147 147
641.969 1106.173 1006.275 147 147 147
644.237 1108.460 1003.536 147 147 147
647.291 1111.539 1009.068 147 147 147
648.075 1112.329 1006.231 147 147 147
649.490 1113.756 1006.231 147 147 147
650.246 1114.518 1008.969 147 147 147
654.796 1119.105 1008.969 147 147 147
656.363 1120.684 1011.807 147 147 147
657.118 1121.447 1009.068 147 147 147
660.111 1124.464 1014.489 147 147 147
662.379 1126.750 1011.751 147 147 147
665.413 1129.809 1017.245 147 147 147
666.905 1131.312 1014.545 147 147 147
667.633 1132.047 1017.183 147 147 147
672.169 1136.620 1017.183 147 147 147
672.925 1137.382 1019.921 147 147 147
677.460 1141.954 1019.921 147 147 147
678.264 1142.765 1022.834 147 147 147
679.041 1143.548 1020.021 147 147 147
680.498 1145.017 1022.660 147 147 147
683.604 1148.148 1022.660 147 147 147
684.360 1148.910 1019.921 147 147 147
687.288 1151.862 1019.921 147 147 147
688.071 1152.652 1022.759 147 147 147
689.583 1154.176 1020.021 147 147 147
690.311 1154.910 1022.660 147 147 147
694.861 1159.497 1022.660 147 147 147
696.428 1161.076 1025.497 147 147 147
697.163 1161.818 1022.834 147 147 147
697.871 1162.531 1025.398 147 147 147
699.388 1164.061 1025.398 147 147 147
702.412 1167.110 1033.612 147 147 147
704.015 1168.725 1033.612 147 147 147
704.743 1169.460 1030.973 147 147 147
707.746 1172.487 1036.412 147 147 147
709.258 1174.012 1033.674 147 147 147
712.282 1177.060 1039.150 147 147 147
713.773 1178.563 1036.449 147 147 147
714.502 1179.298 1039.088 147 147 147
719.051 1183.884 1039.088 147 147 147
720.618 1185.464 1041.926 147 147 147
721.374 1186.226 1039.187 147 147 147
724.398 1189.275 1044.664 147 147 147
725.133 1190.016 1042.000 147 147 147
727.401 1192.302 1050.214 147 147 147
728.157 1193.064 1047.476 147 147 147
728.865 1193.778 1050.040 147 147 147
733.400 1198.351 1050.040 147 147 147
734.156 1199.113 1052.779 147 147 147
735.668 1200.637 1052.779 147 147 147
737.180 1202.161 1058.255 147 147 147
738.788 1203.782 1058.255 147 147 147
739.496 1204.496 1055.691 147 147 147
741.711 1206.729 1063.714 147 147 147
748.515 1213.588 1066.452 147 147 147
750.806 1215.898 1074.750 147 147 147
753.061 1218.171 1072.027 147 147 147
755.315 1220.444 1085.636 147 147 147
757.586 1222.734 1085.636 147 147 147
759.854 1225.020 1096.588 147 147 147
762.882 1228.073 1096.588 147 147 147
765.139 1230.348 1104.762 147 147 147
767.407 1232.635 1107.500 147 147 147
768.530 1233.766 1111.567 147 147 147
768.530 1233.766 1122.526 147 147 147
771.257 1236.515 1129.581 147 147 147
772.002 1237.267 1126.881 147 147 147
773.065 1238.339 1130.733 147 147 147
773.065 1238.339 1147.162 147 147 147
774.270 1239.553 1151.524 147 147 147
775.474 1240.767 1147.162 147 147 147
775.474 1240.767 1141.686 147 147 147
776.986 1242.292 1136.209 147 147 147
776.986 1242.292 1127.991 147 147 147
781.522 1246.864 1106.086 147 147 147
781.522 1246.864 1100.612 147 147 147
786.057 1251.437 1081.445 147 147 147
786.057 1251.437 1073.233 147 147 147
788.325 1253.723 1065.019 147 147 147
788.325 1253.723 1059.540 147 147 147
792.861 1258.296 1040.373 147 147 147
792.861 1258.296 1032.162 147 147 147
795.129 1260.582 1023.947 147 147 147
795.129 1260.582 1018.469 147 147 147
799.664 1265.155 999.302 147 147 147
799.664 1265.155 980.100 147 147 147
798.460 1263.941 975.738 147 147 147
797.656 1263.130 978.650 147 147 147
796.240 1261.703 978.650 147 147 147
793.972 1259.416 970.436 147 147 147
791.608 1257.033 970.436 147 147 147
790.880 1256.299 973.074 147 147 147
787.856 1253.250 967.598 147 147 147
787.121 1252.509 970.262 147 147 147
784.853 1250.223 962.047 147 147 147
784.076 1249.440 964.860 147 147 147
781.073 1246.412 959.421 147 147 147
779.582 1244.909 962.122 147 147 147
778.853 1244.174 959.483 147 147 147
777.341 1242.650 959.483 147 147 147
775.046 1240.336 951.170 147 147 147
773.514 1238.791 953.945 147 147 147
770.490 1235.743 948.469 147 147 147
768.992 1234.232 951.182 147 147 147
765.227 1230.437 940.272 147 147 147
762.209 1227.394 943.005 147 147 147
761.470 1226.649 940.330 147 147 147
752.399 1217.504 937.592 147 147 147
751.612 1216.711 934.741 147 147 147
750.079 1215.166 937.517 147 147 147
747.056 1212.117 932.040 147 147 147
745.544 1210.593 934.778 147 147 147
742.520 1207.544 929.302 147 147 147
741.008 1206.020 932.040 147 147 147
737.984 1202.972 926.564 147 147 147
736.493 1201.468 929.265 147 147 147
735.764 1200.734 926.626 147 147 147
731.985 1196.923 926.626 147 147 147
731.232 1196.165 923.901 147 147 147
722.161 1187.020 921.163 147 147 147
721.374 1186.226 918.313 147 147 147
719.841 1184.681 921.088 147 147 147
716.818 1181.633 915.612 147 147 147
715.326 1180.129 918.313 147 147 147
713.091 1177.875 910.215 147 147 147
706.287 1171.016 907.477 147 147 147
703.987 1168.697 899.146 147 147 147
702.455 1167.153 901.921 147 147 147
699.431 1164.104 896.445 147 147 147
697.940 1162.601 899.146 147 147 147
697.211 1161.866 896.507 147 147 147
695.699 1160.342 896.507 147 147 147
694.187 1158.818 891.031 147 147 147
692.670 1157.288 891.031 147 147 147
689.646 1154.240 882.817 147 147 147
731.856 1195.374 570.674 147 147 147
728.063 1191.550 570.674 147 147 147
726.543 1190.017 576.178 147 147 147
715.214 1178.596 584.385 147 147 147
709.178 1172.511 595.317 147 147 147
703.130 1166.414 595.317 147 147 147
695.571 1158.793 609.007 147 147 147
693.303 1156.506 609.007 147 147 147
690.279 1153.458 614.483 147 147 147
686.506 1149.654 614.483 147 147 147
678.191 1141.271 625.436 147 147 147
675.903 1138.964 625.436 147 147 147
674.741 1137.793 629.643 147 147 147
676.649 1139.717 636.555 147 147 147
682.697 1145.814 642.031 147 147 147
683.462 1146.585 644.802 147 147 147
685.735 1148.877 644.802 147 147 147
688.750 1151.916 652.991 147 147 147
692.526 1155.722 655.727 147 147 147
694.073 1157.282 661.330 147 147 147
695.591 1158.813 658.580 147 147 147
699.392 1162.645 669.593 147 147 147
700.141 1163.400 666.881 147 147 147
700.849 1164.114 669.445 147 147 147
702.361 1165.638 669.445 147 147 147
703.865 1167.154 674.893 147 147 147
707.645 1170.965 677.631 147 147 147
708.759 1172.088 681.667 147 147 147
707.660 1170.980 685.646 147 147 147
702.385 1165.662 682.917 147 147 147
700.897 1164.162 685.612 147 147 147
697.895 1161.136 680.176 147 147 147
693.359 1156.563 682.914 147 147 147
690.333 1153.512 677.433 147 147 147
686.571 1149.719 680.158 147 147 147
685.826 1148.968 677.460 147 147 147
681.950 1145.061 677.460 147 147 147
681.222 1144.326 680.098 147 147 147
678.253 1141.333 674.721 147 147 147
676.658 1139.726 674.721 147 147 147
675.502 1138.560 678.910 147 147 147
675.502 1138.560 700.814 147 147 147
673.234 1136.274 709.029 147 147 147
673.234 1136.274 739.148 147 147 147
670.966 1133.988 747.362 147 147 147
670.966 1133.988 777.475 147 147 147
667.943 1130.939 785.690 147 147 147
667.943 1130.939 793.947 147 147 147
669.099 1132.105 798.136 147 147 147
677.510 1140.585 798.136 147 147 147
678.218 1141.299 795.572 147 147 147
678.926 1142.012 798.136 147 147 147
683.558 1146.682 798.136 147 147 147
684.314 1147.444 795.398 147 147 147
685.744 1148.885 795.398 147 147 147
687.310 1150.465 798.235 147 147 147
689.620 1152.793 789.869 147 147 147
693.034 1156.235 782.999 147 147 147
692.276 1155.471 777.509 147 147 147
693.393 1156.597 773.465 147 147 147
697.169 1160.404 770.729 147 147 147
703.207 1166.491 754.326 147 147 147
705.462 1168.764 754.326 147 147 147
709.270 1172.603 748.809 147 147 147
715.302 1178.685 732.421 147 147 147
717.562 1180.963 732.421 147 147 147
720.586 1184.011 726.945 147 147 147
722.106 1185.544 726.945 147 147 147
725.141 1188.604 718.701 147 147 147
734.212 1197.749 710.487 147 147 147
737.237 1200.799 702.269 147 147 147
747.819 1211.467 691.319 147 147 147
750.074 1213.740 685.874 147 147 147
754.603 1218.306 685.874 147 147 147
757.627 1221.355 680.398 147 147 147
759.153 1222.893 680.398 147 147 147
760.674 1224.426 674.888 147 147 147
766.721 1230.523 669.412 147 147 147
767.468 1231.276 666.707 147 147 147
771.229 1235.068 666.707 147 147 147
782.576 1246.507 650.269 147 147 147
790.151 1254.144 647.525 147 147 147
791.308 1255.311 643.333 147 147 147
790.147 1254.140 639.126 147 147 147
787.879 1251.853 639.126 147 147 147
785.563 1249.518 630.738 147 147 147
784.807 1248.756 633.476 147 147 147
784.099 1248.043 630.912 147 147 147
782.582 1246.513 630.912 147 147 147
779.558 1243.465 622.698 147 147 147
778.051 1241.946 622.698 147 147 147
775.784 1239.659 614.483 147 147 147
774.272 1238.135 614.483 147 147 147
770.444 1234.276 600.619 147 147 147
769.667 1233.493 603.432 147 147 147
768.238 1232.052 600.843 147 147 147
765.908 1229.704 592.405 147 147 147
765.132 1228.921 595.217 147 147 147
762.163 1225.928 589.840 147 147 147
758.397 1222.131 589.840 147 147 147
756.129 1219.845 581.626 147 147 147
753.861 1217.558 581.626 147 147 147
751.575 1215.253 573.345 147 147 147
749.314 1212.974 576.074 147 147 147
747.051 1210.692 565.142 147 147 147
744.020 1207.637 567.886 147 147 147
742.517 1206.121 562.441 147 147 147
734.874 1198.416 565.209 147 147 147
731.146 1196.078 570.674 147 147 147
727.353 1192.254 570.674 147 147 147
725.833 1190.722 576.178 147 147 147
714.504 1179.300 584.385 147 147 147
708.468 1173.215 595.317 147 147 147
702.420 1167.118 595.317 147 147 147
694.861 1159.497 609.007 147 147 147
692.593 1157.211 609.007 147 147 147
689.569 1154.162 614.483 147 147 147
685.796 1150.358 614.483 147 147 147
677.481 1141.975 625.436 147 147 147
675.193 1139.668 625.436 147 147 147
674.031 1138.497 629.643 147 147 147
675.939 1140.421 636.555 147 147 147
681.987 1146.518 642.031 147 147 147
682.752 1147.289 644.802 147 147 147
685.025 1149.581 644.802 147 147 147
688.040 1152.620 652.991 147 147 147
691.816 1156.427 655.727 147 147 147
693.363 1157.986 661.330 147 147 147
694.881 1159.517 658.580 147 147 147
698.682 1163.349 669.593 147 147 147
699.431 1164.104 666.881 147 147 147
700.139 1164.818 669.445 147 147 147
701.651 1166.342 669.445 147 147 147
703.155 1167.858 674.893 147 147 147
706.935 1171.669 677.631 147 147 147
708.049 1172.792 681.667 147 147 147
706.950 1171.684 685.646 147 147 147
701.675 1166.366 682.917 147 147 147
700.187 1164.866 685.612 147 147 147
697.185 1161.840 680.176 147 147 147
692.649 1157.267 682.914 147 147 147
689.623 1154.216 677.433 147 147 147
685.861 1150.424 680.158 147 147 147
685.116 1149.672 677.460 147 147 147
681.240 1145.765 677.460 147 147 147
680.512 1145.031 680.098 147 147 147
677.543 1142.037 674.721 147 147 147
675.949 1140.430 674.721 147 147 147
674.792 1139.264 678.910 147 147 147
674.792 1139.264 700.814 147 147 147
672.524 1136.978 709.029 147 147 147
672.524 1136.978 739.148 147 147 147
670.257 1134.692 747.362 147 147 147
670.257 1134.692 777.475 147 147 147
667.233 1131.643 785.690 147 147 147
667.233 1131.643 793.947 147 147 147
668.389 1132.809 798.136 147 147 147
676.801 1141.289 798.136 147 147 147
677.508 1142.003 795.572 147 147 147
678.216 1142.717 798.136 147 147 147
682.848 1147.386 798.136 147 147 147
683.604 1148.148 795.398 147 147 147
685.034 1149.589 795.398 147 147 147
686.600 1151.169 798.235 147 147 147
688.910 1153.497 789.869 147 147 147
692.324 1156.940 782.999 147 147 147
691.567 1156.176 777.509 147 147 147
692.683 1157.301 773.465 147 147 147
696.459 1161.108 770.729 147 147 147
702.497 1167.196 754.326 147 147 147
704.752 1169.469 754.326 147 147 147
708.560 1173.307 748.809 147 147 147
714.592 1179.389 732.421 147 147 147
716.852 1181.667 732.421 147 147 147
719.876 1184.716 726.945 147 147 147
721.396 1186.248 726.945 147 147 147
724.431 1189.308 718.701 147 147 147
733.502 1198.453 710.487 147 147 147
736.527 1201.503 702.269 147 147 147
747.109 1212.171 691.319 147 147 147
749.364 1214.444 685.874 147 147 147
753.893 1219.011 685.874 147 147 147
756.917 1222.059 680.398 147 147 147
758.443 1223.597 680.398 147 147 147
759.964 1225.131 674.888 147 147 147
766.011 1231.228 669.412 147 147 147
766.758 1231.980 666.707 147 147 147
770.519 1235.772 666.707 147 147 147
781.866 1247.211 650.269 147 147 147
789.441 1254.848 647.525 147 147 147
790.598 1256.015 643.333 147 147 147
789.437 1254.844 639.126 147 147 147
787.169 1252.557 639.126 147 147 147
784.853 1250.223 630.738 147 147 147
784.097 1249.461 633.476 147 147 147
783.389 1248.747 630.912 147 147 147
781.872 1247.217 630.912 147 147 147
778.848 1244.169 622.698 147 147 147
777.341 1242.650 622.698 147 147 147
775.074 1240.364 614.483 147 147 147
773.562 1238.839 614.483 147 147 147
769.734 1234.980 600.619 147 147 147
768.957 1234.198 603.432 147 147 147
767.528 1232.756 600.843 147 147 147
765.198 1230.408 592.405 147 147 147
764.422 1229.625 595.217 147 147 147
761.453 1226.632 589.840 147 147 147
757.687 1222.835 589.840 147 147 147
755.419 1220.549 581.626 147 147 147
753.151 1218.262 581.626 147 147 147
750.865 1215.957 573.345 147 147 147
748.604 1213.679 576.074 147 147 147
746.341 1211.396 565.142 147 147 147
743.310 1208.341 567.886 147 147 147
741.807 1206.826 562.441 147 147 147
734.164 1199.120 565.209 147 147 147
731.856 1195.374 570.674 147 147 147
728.063 1191.550 570.674 147 147 147
726.543 1190.017 576.178 147 147 147
715.214 1178.596 584.385 147 147 147
709.178 1172.511 595.317 147 147 147
703.130 1166.414 595.317 147 147 147
695.571 1158.793 609.007 147 147 147
693.303 1156.506 609.007 147 147 147
690.279 1153.458 614.483 147 147 147
686.506 1149.654 614.483 147 147 147
678.191 1141.271 625.436 147 147 147
675.903 1138.964 625.436 147 147 147
674.741 1137.793 629.643 147 147 147
676.649 1139.717 636.555 147 147 147
682.697 1145.814 642.031 147 147 147
683.462 1146.585 644.802 147 147 147
685.735 1148.877 644.802 147 147 147
688.750 1151.916 652.991 147 147 147
692.526 1155.722 655.727 147 147 147
694.073 1157.282 661.330 147 147 147
695.591 1158.813 658.580 147 147 147
699.392 1162.645 669.593 147 147 147
700.141 1163.400 666.881 147 147 147
700.849 1164.114 669.445 147 147 147
702.361 1165.638 669.445 147 147 147
703.865 1167.154 674.893 147 147 147
707.645 1170.965 677.631 147 147 147
708.759 1172.088 681.667 147 147 147
707.660 1170.980 685.646 147 147 147
702.385 1165.662 682.917 147 147 147
700.897 1164.162 685.612 147 147 147
697.895 1161.136 680.176 147 147 147
693.359 1156.563 682.914 147 147 147
690.333 1153.512 677.433 147 147 147
686.571 1149.719 680.158 147 147 147
685.826 1148.968 677.460 147 147 147
681.950 1145.061 677.460 147 147 147
681.222 1144.326 680.098 147 147 147
678.253 1141.333 674.721 147 147 147
676.658 1139.726 674.721 147 147 147
675.502 1138.560 678.910 147 147 147
675.502 1138.560 700.814 147 147 147
673.234 1136.274 709.029 147 147 147
673.234 1136.274 739.148 147 147 147
670.966 1133.988 747.362 147 147 147
670.966 1133.988 777.475 147 147 147
667.943 1130.939 785.690 147 147 147
667.943 1130.939 793.947 147 147 147
669.099 1132.105 798.136 147 147 147
677.510 1140.585 798.136 147 147 147
678.218 1141.299 795.572 147 147 147
678.926 1142.012 798.136 147 147 147
683.558 1146.682 798.136 147 147 147
684.314 1147.444 795.398 147 147 147
685.744 1148.885 795.398 147 147 147
687.310 1150.465 798.235 147 147 147
689.620 1152.793 789.869 147 147 147
693.034 1156.235 782.999 147 147 147
692.276 1155.471 777.509 147 147 147
693.393 1156.597 773.465 147 147 147
697.169 1160.404 770.729 147 147 147
703.207 1166.491 754.326 147 147 147
705.462 1168.764 754.326 147 147 147
709.270 1172.603 748.809 147 147 147
715.302 1178.685 732.421 147 147 147
717.562 1180.963 732.421 147 147 147
720.586 1184.011 726.945 147 147 147
722.106 1185.544 726.945 147 147 147
725.141 1188.604 718.701 147 147 147
734.212 1197.749 710.487 147 147 147
737.237 1200.799 702.269 147 147 147
747.819 1211.467 691.319 147 147 147
750.074 1213.740 685.874 147 147 147
754.603 1218.306 685.874 147 147 147
757.627 1221.355 680.398 147 147 147
759.153 1222.893 680.398 147 147 147
760.674 1224.426 674.888 147 147 147
766.721 1230.523 669.412 147 147 147
767.468 1231.276 666.707 147 147 147
771.229 1235.068 666.707 147 147 147
782.576 1246.507 650.269 147 147 147
790.151 1254.144 647.525 147 147 147
791.308 1255.311 643.333 147 147 147
790.147 1254.140 639.126 147 147 147
787.879 1251.853 639.126 147 147 147
785.563 1249.518 630.738 147 147 147
784.807 1248.756 633.476 147 147 147
784.099 1248.043 630.912 147 147 147
782.582 1246.513 630.912 147 147 147
779.558 1243.465 622.698 147 147 147
778.051 1241.946 622.698 147 147 147
775.784 1239.659 614.483 147 147 147
774.272 1238.135 614.483 147 147 147
770.444 1234.276 600.619 147 147 147
769.667 1233.493 603.432 147 147 147
768.238 1232.052 600.843 147 147 147
765.908 1229.704 592.405 147 147 147
765.132 1228.921 595.217 147 147 147
762.163 1225.928 589.840 147 147 147
758.397 1222.131 589.840 147 147 147
756.129 1219.845 581.626 147 147 147
753.861 1217.558 581.626 147 147 147
751.575 1215.253 573.345 147 147 147
749.314 1212.974 576.074 147 147 147
747.051 1210.692 565.142 147 147 147
744.020 1207.637 567.886 147 147 147
742.517 1206.121 562.441 147 147 147
734.874 1198.416 565.209 147 147 147
731.146 1196.078 570.674 147 147 147
727.353 1192.254 570.674 147 147 147
725.833 1190.722 576.178 147 147 147
714.504 1179.300 584.385 147 147 147
708.468 1173.215 595.317 147 147 147
702.420 1167.118 595.317 147 147 147
694.861 1159.497 609.007 147 147 147
692.593 1157.211 609.007 147 147 147
689.569 1154.162 614.483 147 147 147
685.796 1150.358 614.483 147 147 147
677.481 1141.975 625.436 147 147 147
675.193 1139.668 625.436 147 147 147
674.031 1138.497 629.643 147 147 147
675.939 1140.421 636.555 147 147 147
681.987 1146.518 642.031 147 147 147
682.752 1147.289 644.802 147 147 147
685.025 1149.581 644.802 147 147 147
688.040 1152.620 652.991 147 147 147
691.816 1156.427 655.727 147 147 147
693.363 1157.986 661.330 147 147 147
694.881 1159.517 658.580 147 147 147
698.682 1163.349 669.593 147 147 147
699.431 1164.104 666.881 147 147 147
700.139 1164.818 669.445 147 147 147
701.651 1166.342 669.445 147 147 147
703.155 1167.858 674.893 147 147 147
706.935 1171.669 677.631 147 147 147
708.049 1172.792 681.667 147 147 147
706.950 1171.684 685.646 147 147 147
701.675 1166.366 682.917 147 147 147
700.187 1164.866 685.612 147 147 147
697.185 1161.840 680.176 147 147 147
692.649 1157.267 682.914 147 147 147
689.623 1154.216 677.433 147 147 147
685.861 1150.424 680.158 147 147 147
685.116 1149.672 677.460 147 147 147
681.240 1145.765 677.460 147 147 147
680.512 1145.031 680.098 147 147 147
677.543 1142.037 674.721 147 147 147
675.949 1140.430 674.721 147 147 147
674.792 1139.264 678.910 147 147 147
674.792 1139.264 700.814 147 147 147
672.524 1136.978 709.029 147 147 147
672.524 1136.978 739.148 147 147 147
670.257 1134.692 747.362 147 147 147
670.257 1134.692 777.475 147 147 147
667.233 1131.643 785.690 147 147 147
667.233 1131.643 793.947 147 147 147
668.389 1132.809 798.136 147 147 147
676.801 1141.289 798.136 147 147 147
677.508 1142.003 795.572 147 147 147
678.216 1142.717 798.136 147 147 147
682.848 1147.386 798.136 147 147 147
683.604 1148.148 795.398 147 147 147
685.034 1149.589 795.398 147 147 147
686.600 1151.169 798.235 147 147 147
688.910 1153.497 789.869 147 147 147
692.324 1156.940 782.999 147 147 147
691.567 1156.176 777.509 147 147 147
692.683 1157.301 773.465 147 147 147
696.459 1161.108 770.729 147 147 147
702.497 1167.196 754.326 147 147 147
704.752 1169.469 754.326 147 147 147
708.560 1173.307 748.809 147 147 147
714.592 1179.389 732.421 147 147 147
716.852 1181.667 732.421 147 147 147
719.876 1184.716 726.945 147 147 147
721.396 1186.248 726.945 147 147 147
724.431 1189.308 718.701 147 147 147
733.502 1198.453 710.487 147 147 147
736.527 1201.503 702.269 147 147 147
747.109 1212.171 691.319 147 147 147
749.364 1214.444 685.874 147 147 147
753.893 1219.011 685.874 147 147 147
756.917 1222.059 680.398 147 147 147
758.443 1223.597 680.398 147 147 147
759.964 1225.131 674.888 147 147 147
766.011 1231.228 669.412 147 147 147
766.758 1231.980 666.707 147 147 147
770.519 1235.772 666.707 147 147 147
781.866 1247.211 650.269 147 147 147
789.441 1254.848 647.525 147 147 147
790.598 1256.015 643.333 147 147 147
789.437 1254.844 639.126 147 147 147
787.169 1252.557 639.126 147 147 147
784.853 1250.223 630.738 147 147 147
784.097 1249.461 633.476 147 147 147
783.389 1248.747 630.912 147 147 147
781.872 1247.217 630.912 147 147 147
778.848 1244.169 622.698 147 147 147
777.341 1242.650 622.698 147 147 147
775.074 1240.364 614.483 147 147 147
773.562 1238.839 614.483 147 147 147
769.734 1234.980 600.619 147 147 147
768.957 1234.198 603.432 147 147 147
767.528 1232.756 600.843 147 147 147
765.198 1230.408 592.405 147 147 147
764.422 1229.625 595.217 147 147 147
761.453 1226.632 589.840 147 147 147
757.687 1222.835 589.840 147 147 147
755.419 1220.549 581.626 147 147 147
753.151 1218.262 581.626 147 147 147
750.865 1215.957 573.345 147 147 147
748.604 1213.679 576.074 147 147 147
746.341 1211.396 565.142 147 147 147
743.310 1208.341 567.886 147 147 147
741.807 1206.826 562.441 147 147 147
734.164 1199.120 565.209 147 147 147
678.177 1141.257 439.245 147 147 147
675.908 1138.969 439.245 147 147 147
672.884 1135.921 447.460 147 147 147
671.381 1134.405 447.460 147 147 147
668.331 1131.331 452.982 147 147 147
664.553 1127.522 463.930 147 147 147
656.992 1119.899 474.885 147 147 147
655.492 1118.387 480.317 147 147 147
653.230 1116.106 480.317 147 147 147
650.206 1113.057 488.531 147 147 147
648.688 1111.528 488.531 147 147 147
647.169 1109.996 494.035 147 147 147
643.389 1106.185 496.773 147 147 147
641.885 1104.669 502.221 147 147 147
640.383 1103.155 502.221 147 147 147
636.577 1099.318 510.493 147 147 147
633.553 1096.269 524.184 147 147 147
629.389 1092.071 533.781 147 147 147
629.389 1092.071 555.724 147 147 147
630.143 1092.831 561.181 147 147 147
629.026 1091.705 565.226 147 147 147
625.246 1087.895 567.964 147 147 147
624.098 1086.737 572.124 147 147 147
624.098 1086.737 583.114 147 147 147
625.289 1087.938 587.430 147 147 147
627.613 1090.280 581.820 147 147 147
645.763 1108.578 579.081 147 147 147
646.517 1109.338 576.350 147 147 147
652.564 1115.435 576.350 147 147 147
653.320 1116.197 573.612 147 147 147
656.344 1119.246 573.612 147 147 147
657.100 1120.008 570.874 147 147 147
666.927 1129.915 570.874 147 147 147
667.635 1130.629 568.310 147 147 147
668.343 1131.343 570.874 147 147 147
675.243 1138.299 570.874 147 147 147
675.999 1139.061 568.136 147 147 147
678.170 1141.250 568.136 147 147 147
678.926 1142.012 570.874 147 147 147
684.314 1147.444 570.874 147 147 147
685.070 1148.206 568.136 147 147 147
687.998 1151.158 568.136 147 147 147
688.754 1151.920 570.874 147 147 147
690.348 1153.527 570.874 147 147 147
693.372 1156.575 565.398 147 147 147
695.648 1158.870 565.398 147 147 147
698.681 1161.928 557.158 147 147 147
702.465 1165.742 554.417 147 147 147
703.213 1166.497 551.707 147 147 147
709.255 1172.588 551.707 147 147 147
712.279 1175.637 543.493 147 147 147
713.796 1177.166 543.493 147 147 147
715.308 1178.690 538.017 147 147 147
719.088 1182.501 538.017 147 147 147
720.599 1184.025 532.540 147 147 147
726.647 1190.122 532.540 147 147 147
727.403 1190.884 529.802 147 147 147
728.915 1192.409 529.802 147 147 147
730.427 1193.933 524.326 147 147 147
733.451 1196.981 524.326 147 147 147
734.962 1198.505 518.850 147 147 147
737.986 1201.554 518.850 147 147 147
739.143 1202.720 514.662 147 147 147
739.143 1202.720 509.186 147 147 147
741.010 1204.602 502.421 147 147 147
742.522 1206.127 502.421 147 147 147
743.678 1207.292 498.233 147 147 147
743.678 1207.292 484.494 147 147 147
741.730 1205.328 480.260 147 147 147
731.854 1195.372 494.018 147 147 147
725.046 1188.508 496.758 147 147 147
723.596 1187.046 499.384 147 147 147
717.976 1181.380 479.029 147 147 147
717.976 1181.380 473.553 147 147 147
716.772 1180.166 469.190 147 147 147
716.028 1179.416 471.884 147 147 147
712.680 1176.042 454.370 147 147 147
707.750 1171.071 439.260 147 147 147
700.114 1163.373 436.494 147 147 147
698.629 1161.876 439.183 147 147 147
695.639 1158.862 433.769 147 147 147
686.582 1149.730 433.769 147 147 147
685.822 1148.964 431.017 147 147 147
680.818 1143.920 432.411 147 147 147
677.467 1141.961 439.245 147 147 147
675.198 1139.673 439.245 147 147 147
672.174 1136.625 447.460 147 147 147
670.671 1135.109 447.460 147 147 147
667.621 1132.035 452.982 147 147 147
663.843 1128.226 463.930 147 147 147
656.282 1120.603 474.885 147 147 147
654.782 1119.091 480.317 147 147 147
652.520 1116.810 480.317 147 147 147
649.496 1113.762 488.531 147 147 147
647.978 1112.232 488.531 147 147 147
646.459 1110.700 494.035 147 147 147
642.679 1106.889 496.773 147 147 147
641.175 1105.373 502.221 147 147 147
639.673 1103.859 502.221 147 147 147
635.867 1100.022 510.493 147 147 147
632.843 1096.973 524.184 147 147 147
628.679 1092.776 533.781 147 147 147
628.679 1092.776 555.724 147 147 147
629.433 1093.535 561.181 147 147 147
628.316 1092.409 565.226 147 147 147
624.536 1088.599 567.964 147 147 147
623.388 1087.441 572.124 147 147 147
623.388 1087.441 583.114 147 147 147
624.579 1088.642 587.430 147 147 147
626.903 1090.984 581.820 147 147 147
645.053 1109.282 579.081 147 147 147
645.807 1110.043 576.350 147 147 147
651.854 1116.139 576.350 147 147 147
652.610 1116.902 573.612 147 147 147
655.634 1119.950 573.612 147 147 147
656.390 1120.712 570.874 147 147 147
666.217 1130.620 570.874 147 147 147
666.925 1131.333 568.310 147 147 147
667.633 1132.047 570.874 147 147 147
674.533 1139.003 570.874 147 147 147
675.289 1139.765 568.136 147 147 147
677.460 1141.954 568.136 147 147 147
678.216 1142.717 570.874 147 147 147
683.604 1148.148 570.874 147 147 147
684.360 1148.910 568.136 147 147 147
687.288 1151.862 568.136 147 147 147
688.044 1152.624 570.874 147 147 147
689.638 1154.231 570.874 147 147 147
692.662 1157.280 565.398 147 147 147
694.938 1159.574 565.398 147 147 147
697.971 1162.632 557.158 147 147 147
701.755 1166.447 554.417 147 147 147
702.503 1167.201 551.707 147 147 147
708.545 1173.292 551.707 147 147 147
711.569 1176.341 543.493 147 147 147
713.086 1177.870 543.493 147 147 147
714.598 1179.395 538.017 147 147 147
718.378 1183.205 538.017 147 147 147
719.889 1184.730 532.540 147 147 147
725.937 1190.826 532.540 147 147 147
726.693 1191.589 529.802 147 147 147
728.205 1193.113 529.802 147 147 147
729.717 1194.637 524.326 147 147 147
732.741 1197.685 524.326 147 147 147
734.252 1199.210 518.850 147 147 147
737.276 1202.258 518.850 147 147 147
738.433 1203.424 514.662 147 147 147
738.433 1203.424 509.186 147 147 147
740.300 1205.307 502.421 147 147 147
741.812 1206.831 502.421 147 147 147
742.968 1207.996 498.233 147 147 147
742.968 1207.996 484.494 147 147 147
741.020 1206.032 480.260 147 147 147
731.144 1196.076 494.018 147 147 147
724.336 1189.212 496.758 147 147 147
722.886 1187.750 499.384 147 147 147
717.266 1182.085 479.029 147 147 147
717.266 1182.085 473.553 147 147 147
716.062 1180.871 469.190 147 147 147
715.318 1180.121 471.884 147 147 147
711.970 1176.746 454.370 147 147 147
707.040 1171.775 439.260 147 147 147
699.404 1164.077 436.494 147 147 147
697.919 1162.580 439.183 147 147 147
694.929 1159.566 433.769 147 147 147
685.872 1150.434 433.769 147 147 147
685.112 1149.668 431.017 147 147 147
680.108 1144.624 432.411 147 147 147
678.177 1141.257 439.245 147 147 147
675.908 1138.969 439.245 147 147 147
672.884 1135.921 447.460 147 147 147
671.381 1134.405 447.460 147 147 147
668.331 1131.331 452.982 147 147 147
664.553 1127.522 463.930 147 147 147
656.992 1119.899 474.885 147 147 147
655.492 1118.387 480.317 147 147 147
653.230 1116.106 480.317 147 147 147
650.206 1113.057 488.531 147 147 147
648.688 1111.528 488.531 147 147 147
647.169 1109.996 494.035 147 147 147
643.389 1106.185 496.773 147 147 147
641.885 1104.669 502.221 147 147 147
640.383 1103.155 502.221 147 147 147
636.577 1099.318 510.493 147 147 147
633.553 1096.269 524.184 147 147 147
629.389 1092.071 533.781 147 147 147
629.389 1092.071 555.724 147 147 147
630.143 1092.831 561.181 147 147 147
629.026 1091.705 565.226 147 147 147
625.246 1087.895 567.964 147 147 147
624.098 1086.737 572.124 147 147 147
624.098 1086.737 583.114 147 147 147
625.289 1087.938 587.430 147 147 147
627.613 1090.280 581.820 147 147 147
645.763 1108.578 579.081 147 147 147
646.517 1109.338 576.350 147 147 147
652.564 1115.435 576.350 147 147 147
653.320 1116.197 573.612 147 147 147
656.344 1119.246 573.612 147 147 147
657.100 1120.008 570.874 147 147 147
666.927 1129.915 570.874 147 147 147
667.635 1130.629 568.310 147 147 147
668.343 1131.343 570.874 147 147 147
675.243 1138.299 570.874 147 147 147
675.999 1139.061 568.136 147 147 147
678.170 1141.250 568.136 147 147 147
678.926 1142.012 570.874 147 147 147
684.314 1147.444 570.874 147 147 147
685.070 1148.206 568.136 147 147 147
687.998 1151.158 568.136 147 147 147
688.754 1151.920 570.874 147 147 147
690.348 1153.527 570.874 147 147 147
693.372 1156.575 565.398 147 147 147
695.648 1158.870 565.398 147 147 147
698.681 1161.928 557.158 147 147 147
702.465 1165.742 554.417 147 147 147
703.213 1166.497 551.707 147 147 147
709.255 1172.588 551.707 147 147 147
712.279 1175.637 543.493 147 147 147
713.796 1177.166 543.493 147 147 147
715.308 1178.690 538.017 147 147 147
719.088 1182.501 538.017 147 147 147
720.599 1184.025 532.540 147 147 147
726.647 1190.122 532.540 147 147 147
727.403 1190.884 529.802 147 147 147
728.915 1192.409 529.802 147 147 147
730.427 1193.933 524.326 147 147 147
733.451 1196.981 524.326 147 147 147
734.962 1198.505 518.850 147 147 147
737.986 1201.554 518.850 147 147 147
739.143 1202.720 514.662 147 147 147
739.143 1202.720 509.186 147 147 147
741.010 1204.602 502.421 147 147 147
742.522 1206.127 502.421 147 147 147
743.678 1207.292 498.233 147 147 147
743.678 1207.292 484.494 147 147 147
741.730 1205.328 480.260 147 147 147
731.854 1195.372 494.018 147 147 147
725.046 1188.508 496.758 147 147 147
723.596 1187.046 499.384 147 147 147
717.976 1181.380 479.029 147 147 147
717.976 1181.380 473.553 147 147 147
716.772 1180.166 469.190 147 147 147
716.028 1179.416 471.884 147 147 147
712.680 1176.042 454.370 147 147 147
707.750 1171.071 439.260 147 147 147
700.114 1163.373 436.494 147 147 147
698.629 1161.876 439.183 147 147 147
695.639 1158.862 433.769 147 147 147
686.582 1149.730 433.769 147 147 147
685.822 1148.964 431.017 147 147 147
680.818 1143.920 432.411 147 147 147
677.467 1141.961 439.245 147 147 147
675.198 1139.673 439.245 147 147 147
672.174 1136.625 447.460 147 147 147
670.671 1135.109 447.460 147 147 147
667.621 1132.035 452.982 147 147 147
663.843 1128.226 463.930 147 147 147
656.282 1120.603 474.885 147 147 147
654.782 1119.091 480.317 147 147 147
652.520 1116.810 480.317 147 147 147
649.496 1113.762 488.531 147 147 147
647.978 1112.232 488.531 147 147 147
646.459 1110.700 494.035 147 147 147
642.679 1106.889 496.773 147 147 147
641.175 1105.373 502.221 147 147 147
639.673 1103.859 502.221 147 147 147
635.867 1100.022 510.493 147 147 147
632.843 1096.973 524.184 147 147 147
628.679 1092.776 533.781 147 147 147
628.679 1092.776 555.724 147 147 147
629.433 1093.535 561.181 147 147 147
628.316 1092.409 565.226 147 147 147
624.536 1088.599 567.964 147 147 147
623.388 1087.441 572.124 147 147 147
623.388 1087.441 583.114 147 147 147
624.579 1088.642 587.430 147 147 147
626.903 1090.984 581.820 147 147 147
645.053 1109.282 579.081 147 147 147
645.807 1110.043 576.350 147 147 147
651.854 1116.139 576.350 147 147 147
652.610 1116.902 573.612 147 147 147
655.634 1119.950 573.612 147 147 147
656.390 1120.712 570.874 147 147 147
666.217 1130.620 570.874 147 147 147
666.925 1131.333 568.310 147 147 147
667.633 1132.047 570.874 147 147 147
674.533 1139.003 570.874 147 147 147
675.289 1139.765 568.136 147 147 147
677.460 1141.954 568.136 147 147 147
678.216 1142.717 570.874 147 147 147
683.604 1148.148 570.874 147 147 147
684.360 1148.910 568.136 147 147 147
687.288 1151.862 568.136 147 147 147
688.044 1152.624 570.874 147 147 147
689.638 1154.231 570.874 147 147 147
692.662 1157.280 565.398 147 147 147
694.938 1159.574 565.398 147 147 147
697.971 1162.632 557.158 147 147 147
701.755 1166.447 554.417 147 147 147
702.503 1167.201 551.707 147 147 147
708.545 1173.292 551.707 147 147 147
711.569 1176.341 543.493 147 147 147
713.086 1177.870 543.493 147 147 147
714.598 1179.395 538.017 147 147 147
718.378 1183.205 538.017 147 147 147
719.889 1184.730 532.540 147 147 147
725.937 1190.826 532.540 147 147 147
726.693 1191.589 529.802 147 147 147
728.205 1193.113 529.802 147 147 147
729.717 1194.637 524.326 147 147 147
732.741 1197.685 524.326 147 147 147
734.252 1199.210 518.850 147 147 147
737.276 1202.258 518.850 147 147 147
738.433 1203.424 514.662 147 147 147
738.433 1203.424 509.186 147 147 147
740.300 1205.307 502.421 147 147 147
741.812 1206.831 502.421 147 147 147
742.968 1207.996 498.233 147 147 147
742.968 1207.996 484.494 147 147 147
741.020 1206.032 480.260 147 147 147
731.144 1196.076 494.018 147 147 147
724.336 1189.212 496.758 147 147 147
722.886 1187.750 499.384 147 147 147
717.266 1182.085 479.029 147 147 147
717.266 1182.085 473.553 147 147 147
716.062 1180.871 469.190 147 147 147
715.318 1180.121 471.884 147 147 147
711.970 1176.746 454.370 147 147 147
707.040 1171.775 439.260 147 147 147
699.404 1164.077 436.494 147 147 147
697.919 1162.580 439.183 147 147 147
694.929 1159.566 433.769 147 147 147
685.872 1150.434 433.769 147 147 147
685.112 1149.668 431.017 147 147 147
680.108 1144.624 432.411 147 147 147
965.610 830.652 344.851 147 147 147
965.610 830.652 350.328 147 147 147
963.096 828.161 355.804 147 147 147
963.096 828.161 372.232 147 147 147
961.826 826.902 375.000 147 147 147
963.760 828.818 379.213 147 147 147
981.358 846.261 376.474 147 147 147
986.972 851.826 385.989 147 147 147
986.972 851.826 421.577 147 147 147
990.131 854.957 428.461 147 147 147
992.673 857.477 431.231 147 147 147
997.762 862.522 431.231 147 147 147
999.019 863.767 428.493 147 147 147
1007.746 872.418 428.493 147 147 147
1011.557 876.195 434.029 147 147 147
1012.841 877.468 431.231 147 147 147
1024.148 888.675 431.231 147 147 147
1048.033 912.350 384.664 147 147 147
1056.757 920.997 379.233 147 147 147
1059.254 923.472 384.675 147 147 147
1071.820 935.927 387.413 147 147 147
1073.676 937.767 391.458 147 147 147
1073.676 937.767 396.868 147 147 147
1068.650 932.785 405.082 147 147 147
1068.650 932.785 410.566 147 147 147
1063.623 927.803 421.518 147 147 147
1063.623 927.803 427.067 147 147 147
1066.847 930.998 431.282 147 147 147
1080.695 944.724 403.850 147 147 147
1081.954 945.972 403.850 147 147 147
1086.996 950.970 392.862 147 147 147
1093.277 957.195 384.651 147 147 147
1107.762 971.553 358.577 147 147 147
1105.829 969.637 354.364 147 147 147
1103.307 967.137 354.364 147 147 147
1099.526 963.389 348.871 147 147 147
1094.499 958.407 351.609 147 147 147
1090.741 954.682 346.150 147 147 147
1085.723 949.709 346.150 147 147 147
1084.428 948.425 343.328 147 147 147
1083.172 947.179 346.066 147 147 147
1081.954 945.972 343.412 147 147 147
1078.107 942.159 343.412 147 147 147
1076.850 940.913 346.150 147 147 147
1074.406 938.490 346.150 147 147 147
1070.636 934.754 340.674 147 147 147
1068.054 932.195 340.674 147 147 147
1066.797 930.949 343.412 147 147 147
1059.335 923.552 343.412 147 147 147
1056.817 921.057 337.926 147 147 147
1045.499 909.838 340.666 147 147 147
1041.731 906.104 335.193 147 147 147
1021.635 886.184 337.930 147 147 147
1019.121 883.693 332.453 147 147 147
967.524 832.549 340.680 147 147 147
964.906 831.362 344.851 147 147 147
964.906 831.362 350.328 147 147 147
962.392 828.871 355.804 147 147 147
962.392 828.871 372.232 147 147 147
961.122 827.612 375.000 147 147 147
963.056 829.529 379.213 147 147 147
980.654 846.972 376.474 147 147 147
986.268 852.536 385.989 147 147 147
986.268 852.536 421.577 147 147 147
989.427 855.668 428.461 147 147 147
991.969 858.187 431.231 147 147 147
997.058 863.232 431.231 147 147 147
998.315 864.477 428.493 147 147 147
1007.042 873.128 428.493 147 147 147
1010.853 876.905 434.029 147 147 147
1012.137 878.178 431.231 147 147 147
1023.444 889.386 431.231 147 147 147
1047.329 913.061 384.664 147 147 147
1056.053 921.707 379.233 147 147 147
1058.550 924.182 384.675 147 147 147
1071.116 936.638 387.413 147 147 147
1072.972 938.478 391.458 147 147 147
1072.972 938.478 396.868 147 147 147
1067.946 933.495 405.082 147 147 147
1067.946 933.495 410.566 147 147 147
1062.920 928.513 421.518 147 147 147
1062.920 928.513 427.067 147 147 147
1066.143 931.708 431.282 147 147 147
1079.991 945.435 403.850 147 147 147
1081.250 946.682 403.850 147 147 147
1086.292 951.680 392.862 147 147 147
1092.573 957.906 384.651 147 147 147
1107.058 972.264 358.577 147 147 147
1105.125 970.347 354.364 147 147 147
1102.603 967.848 354.364 147 147 147
1098.822 964.099 348.871 147 147 147
1093.795 959.117 351.609 147 147 147
1090.037 955.392 346.150 147 147 147
1085.020 950.419 346.150 147 147 147
1083.724 949.135 343.328 147 147 147
1082.468 947.889 346.066 147 147 147
1081.250 946.682 343.412 147 147 147
1077.403 942.869 343.412 147 147 147
1076.146 941.623 346.150 147 147 147
1073.702 939.201 346.150 147 147 147
1069.932 935.464 340.674 147 147 147
1067.350 932.905 340.674 147 147 147
1066.093 931.659 343.412 147 147 147
1058.631 924.263 343.412 147 147 147
1056.113 921.767 337.926 147 147 147
1044.795 910.548 340.666 147 147 147
1041.027 906.814 335.193 147 147 147
1020.931 886.894 337.930 147 147 147
1018.417 884.403 332.453 147 147 147
966.820 833.260 340.680 147 147 147
965.610 830.652 344.851 147 147 147
965.610 830.652 350.328 147 147 147
963.096 828.161 355.804 147 147 147
963.096 828.161 372.232 147 147 147
961.826 826.902 375.000 147 147 147
963.760 828.818 379.213 147 147 147
981.358 846.261 376.474 147 147 147
986.972 851.826 385.989 147 147 147
986.972 851.826 421.577 147 147 147
990.131 854.957 428.461 147 147 147
992.673 857.477 431.231 147 147 147
997.762 862.522 431.231 147 147 147
999.019 863.767 428.493 147 147 147
1007.746 872.418 428.493 147 147 147
1011.557 876.195 434.029 147 147 147
1012.841 877.468 431.231 147 147 147
1024.148 888.675 431.231 147 147 147
1048.033 912.350 384.664 147 147 147
1056.757 920.997 379.233 147 147 147
1059.254 923.472 384.675 147 147 147
1071.820 935.927 387.413 147 147 147
1073.676 937.767 391.458 147 147 147
1073.676 937.767 396.868 147 147 147
1068.650 932.785 405.082 147 147 147
1068.650 932.785 410.566 147 147 147
1063.623 927.803 421.518 147 147 147
1063.623 927.803 427.067 147 147 147
1066.847 930.998 431.282 147 147 147
1080.695 944.724 403.850 147 147 147
1081.954 945.972 403.850 147 147 147
1086.996 950.970 392.862 147 147 147
1093.277 957.195 384.651 147 147 147
1107.762 971.553 358.577 147 147 147
1105.829 969.637 354.364 147 147 147
1103.307 967.137 354.364 147 147 147
1099.526 963.389 348.871 147 147 147
1094.499 958.407 351.609 147 147 147
1090.741 954.682 346.150 147 147 147
1085.723 949.709 346.150 147 147 147
1084.428 948.425 343.328 147 147 147
1083.172 947.179 346.066 147 147 147
1081.954 945.972 343.412 147 147 147
1078.107 942.159 343.412 147 147 147
1076.850 940.913 346.150 147 147 147
1074.406 938.490 346.150 147 147 147
1070.636 934.754 340.674 147 147 147
1068.054 932.195 340.674 147 147 147
1066.797 930.949 343.412 147 147 147
1059.335 923.552 343.412 147 147 147
1056.817 921.057 337.926 147 147 147
1045.499 909.838 340.666 147 147 147
1041.731 906.104 335.193 147 147 147
1021.635 886.184 337.930 147 147 147
1019.121 883.693 332.453 147 147 147
967.524 832.549 340.680 147 147 147
964.906 831.362 344.851 147 147 147
964.906 831.362 350.328 147 147 147
962.392 828.871 355.804 147 147 147
962.392 828.871 372.232 147 147 147
961.122 827.612 375.000 147 147 147
963.056 829.529 379.213 147 147 147
980.654 846.972 376.474 147 147 147
986.268 852.536 385.989 147 147 147
986.268 852.536 421.577 147 147 147
989.427 855.668 428.461 147 147 147
991.969 858.187 431.231 147 147 147
997.058 863.232 431.231 147 147 147
998.315 864.477 428.493 147 147 147
1007.042 873.128 428.493 147 147 147
1010.853 876.905 434.029 147 147 147
1012.137 878.178 431.231 147 147 147
1023.444 889.386 431.231 147 147 147
1047.329 913.061 384.664 147 147 147
1056.053 921.707 379.233 147 147 147
1058.550 924.182 384.675 147 147 147
1071.116 936.638 387.413 147 147 147
1072.972 938.478 391.458 147 147 147
1072.972 938.478 396.868 147 147 147
1067.946 933.495 405.082 147 147 147
1067.946 933.495 410.566 147 147 147
1062.920 928.513 421.518 147 147 147
1062.920 928.513 427.067 147 147 147
1066.143 931.708 431.282 147 147 147
1079.991 945.435 403.850 147 147 147
1081.250 946.682 403.850 147 147 147
1086.292 951.680 392.862 147 147 147
1092.573 957.906 384.651 147 147 147
1107.058 972.264 358.577 147 147 147
1105.125 970.347 354.364 147 147 147
1102.603 967.848 354.364 147 147 147
1098.822 964.099 348.871 147 147 147
1093.795 959.117 351.609 147 147 147
1090.037 955.392 346.150 147 147 147
1085.020 950.419 346.150 147 147 147
1083.724 949.135 343.328 147 147 147
1082.468 947.889 346.066 147 147 147
1081.250 946.682 343.412 147 147 147
1077.403 942.869 343.412 147 147 147
1076.146 941.623 346.150 147 147 147
1073.702 939.201 346.150 147 147 147
1069.932 935.464 340.674 147 147 147
1067.350 932.905 340.674 147 147 147
1066.093 931.659 343.412 147 147 147
1058.631 924.263 343.412 147 147 147
1056.113 921.767 337.926 147 147 147
1044.795 910.548 340.666 147 147 147
1041.027 906.814 335.193 147 147 147
1020.931 886.894 337.930 147 147 147
1018.417 884.403 332.453 147 147 147
966.820 833.260 340.680 147 147 147
965.022 830.069 806.132 147 147 147
958.739 823.842 803.394 147 147 147
957.474 822.588 806.150 147 147 147
953.767 818.914 806.150 147 147 147
951.212 816.381 803.366 147 147 147
949.935 815.115 806.150 147 147 147
944.908 810.133 806.150 147 147 147
942.384 807.631 811.650 147 147 147
938.614 803.894 814.388 147 147 147
936.694 801.991 818.571 147 147 147
937.949 803.235 821.306 147 147 147
926.665 792.050 843.163 147 147 147
919.757 785.203 863.690 147 147 147
916.603 782.076 867.814 147 147 147
916.603 782.076 873.290 147 147 147
910.320 775.849 881.504 147 147 147
910.320 775.849 886.987 147 147 147
905.293 770.866 895.201 147 147 147
905.293 770.866 903.423 147 147 147
900.267 765.884 914.375 147 147 147
900.267 765.884 917.110 147 147 147
888.958 754.675 939.015 147 147 147
888.958 754.675 941.756 147 147 147
877.635 743.451 966.429 147 147 147
879.604 745.403 970.720 147 147 147
880.899 746.687 967.898 147 147 147
884.665 750.420 967.898 147 147 147
892.221 757.909 954.178 147 147 147
902.276 767.876 943.223 147 147 147
906.031 771.598 935.040 147 147 147
908.537 774.082 935.040 147 147 147
917.346 782.813 921.331 147 147 147
921.119 786.552 918.590 147 147 147
929.911 795.267 902.169 147 147 147
936.196 801.498 899.430 147 147 147
937.423 802.713 896.758 147 147 147
948.732 813.923 910.448 147 147 147
949.980 815.159 907.730 147 147 147
956.263 821.387 918.682 147 147 147
957.513 822.626 915.958 147 147 147
961.229 826.310 924.057 147 147 147
968.840 833.854 932.348 147 147 147
970.079 835.082 929.649 147 147 147
972.553 837.534 935.040 147 147 147
980.170 845.084 935.040 147 147 147
981.427 846.330 932.302 147 147 147
986.453 851.312 932.302 147 147 147
987.713 852.561 929.556 147 147 147
1000.279 865.016 926.818 147 147 147
1001.493 866.220 924.172 147 147 147
1002.711 867.427 926.826 147 147 147
1005.302 869.995 926.826 147 147 147
1006.558 871.240 924.088 147 147 147
1011.585 876.222 924.088 147 147 147
1012.841 877.468 921.350 147 147 147
1017.868 882.450 921.350 147 147 147
1019.124 883.696 918.612 147 147 147
1024.151 888.678 918.612 147 147 147
1025.407 889.923 915.874 147 147 147
1030.434 894.905 915.874 147 147 147
1031.690 896.151 913.136 147 147 147
1035.383 899.811 913.136 147 147 147
1036.678 901.095 915.958 147 147 147
1037.973 902.378 913.136 147 147 147
1042.999 907.361 913.136 147 147 147
1044.256 908.606 910.398 147 147 147
1049.282 913.588 910.398 147 147 147
1051.210 915.499 906.197 147 147 147
1046.774 911.102 893.769 147 147 147
1045.513 909.852 893.769 147 147 147
1039.890 904.279 881.518 147 147 147
1039.890 904.279 876.042 147 147 147
1037.990 902.396 871.902 147 147 147
1022.911 887.449 849.997 147 147 147
1021.042 885.596 845.923 147 147 147
1021.042 885.596 840.439 147 147 147
1016.006 880.605 832.210 147 147 147
1014.075 878.691 825.198 147 147 147
1012.803 877.430 827.971 147 147 147
1007.815 872.486 817.102 147 147 147
1006.562 871.244 817.102 147 147 147
1000.279 865.016 800.674 147 147 147
987.632 852.481 800.674 147 147 147
986.397 851.256 803.366 147 147 147
983.925 848.806 800.674 147 147 147
980.093 845.007 800.674 147 147 147
978.836 843.762 803.412 147 147 147
966.270 831.307 803.412 147 147 147
964.318 830.780 806.132 147 147 147
958.035 824.552 803.394 147 147 147
956.770 823.298 806.150 147 147 147
953.063 819.624 806.150 147 147 147
950.508 817.091 803.366 147 147 147
949.231 815.825 806.150 147 147 147
944.204 810.843 806.150 147 147 147
941.680 808.341 811.650 147 147 147
937.911 804.605 814.388 147 147 147
935.990 802.701 818.571 147 147 147
937.246 803.945 821.306 147 147 147
925.961 792.760 843.163 147 147 147
919.053 785.913 863.690 147 147 147
915.899 782.786 867.814 147 147 147
915.899 782.786 873.290 147 147 147
909.616 776.559 881.504 147 147 147
909.616 776.559 886.987 147 147 147
904.589 771.577 895.201 147 147 147
904.589 771.577 903.423 147 147 147
899.563 766.595 914.375 147 147 147
899.563 766.595 917.110 147 147 147
888.254 755.385 939.015 147 147 147
888.254 755.385 941.756 147 147 147
876.931 744.162 966.429 147 147 147
878.900 746.114 970.720 147 147 147
880.195 747.398 967.898 147 147 147
883.961 751.130 967.898 147 147 147
891.517 758.619 954.178 147 147 147
901.572 768.586 943.223 147 147 147
905.327 772.308 935.040 147 147 147
907.833 774.792 935.040 147 147 147
916.642 783.523 921.331 147 147 147
920.415 787.263 918.590 147 147 147
929.207 795.977 902.169 147 147 147
935.492 802.208 899.430 147 147 147
936.719 803.423 896.758 147 147 147
948.028 814.633 910.448 147 147 147
949.276 815.870 907.730 147 147 147
955.559 822.097 918.682 147 147 147
956.809 823.336 915.958 147 147 147
960.525 827.020 924.057 147 147 147
968.136 834.564 932.348 147 147 147
969.375 835.792 929.649 147 147 147
971.849 838.245 935.040 147 147 147
979.466 845.794 935.040 147 147 147
980.723 847.040 932.302 147 147 147
985.749 852.022 932.302 147 147 147
987.009 853.271 929.556 147 147 147
999.575 865.726 926.818 147 147 147
1000.789 866.930 924.172 147 147 147
1002.007 868.137 926.826 147 147 147
1004.598 870.705 926.826 147 147 147
1005.854 871.950 924.088 147 147 147
1010.881 876.933 924.088 147 147 147
1012.137 878.178 921.350 147 147 147
1017.164 883.160 921.350 147 147 147
1018.420 884.406 918.612 147 147 147
1023.447 889.388 918.612 147 147 147
1024.703 890.633 915.874 147 147 147
1029.730 895.616 915.874 147 147 147
1030.986 896.861 913.136 147 147 147
1034.679 900.521 913.136 147 147 147
1035.974 901.805 915.958 147 147 147
1037.269 903.089 913.136 147 147 147
1042.295 908.071 913.136 147 147 147
1043.552 909.316 910.398 147 147 147
1048.578 914.298 910.398 147 147 147
1050.506 916.209 906.197 147 147 147
1046.070 911.812 893.769 147 147 147
1044.809 910.562 893.769 147 147 147
1039.186 904.989 881.518 147 147 147
1039.186 904.989 876.042 147 147 147
1037.286 903.106 871.902 147 147 147
1022.207 888.159 849.997 147 147 147
1020.338 886.306 845.923 147 147 147
1020.338 886.306 840.439 147 147 147
1015.302 881.315 832.210 147 147 147
1013.371 879.401 825.198 147 147 147
1012.099 878.140 827.971 147 147 147
1007.111 873.196 817.102 147 147 147
1005.858 871.954 817.102 147 147 147
999.575 865.727 800.674 147 147 147
986.928 853.191 800.674 147 147 147
985.693 851.966 803.366 147 147 147
983.221 849.517 800.674 147 147 147
979.389 845.718 800.674 147 147 147
978.132 844.472 803.412 147 147 147
965.566 832.017 803.412 147 147 147
965.022 830.069 806.132 147 147 147
958.739 823.842 803.394 147 147 147
957.474 822.588 806.150 147 147 147
953.767 818.914 806.150 147 147 147
951.212 816.381 803.366 147 147 147
949.935 815.115 806.150 147 147 147
944.908 810.133 806.150 147 147 147
942.384 807.631 811.650 147 147 147
938.614 803.894 814.388 147 147 147
936.694 801.991 818.571 147 147 147
937.949 803.235 821.306 147 147 147
926.665 792.050 843.163 147 147 147
919.757 785.203 863.690 147 147 147
916.603 782.076 867.814 147 147 147
916.603 782.076 873.290 147 147 147
910.320 775.849 881.504 147 147 147
910.320 775.849 886.987 147 147 147
905.293 770.866 895.201 147 147 147
905.293 770.866 903.423 147 147 147
900.267 765.884 914.375 147 147 147
900.267 765.884 917.110 147 147 147
888.958 754.675 939.015 147 147 147
888.958 754.675 941.756 147 147 147
877.635 743.451 966.429 147 147 147
879.604 745.403 970.720 147 147 147
880.899 746.687 967.898 147 147 147
884.665 750.420 967.898 147 147 147
892.221 757.909 954.178 147 147 147
902.276 767.876 943.223 147 147 147
906.031 771.598 935.040 147 147 147
908.537 774.082 935.040 147 147 147
917.346 782.813 921.331 147 147 147
921.119 786.552 918.590 147 147 147
929.911 795.267 902.169 147 147 147
936.196 801.498 899.430 147 147 147
937.423 802.713 896.758 147 147 147
948.732 813.923 910.448 147 147 147
949.980 815.159 907.730 147 147 147
956.263 821.387 918.682 147 147 147
957.513 822.626 915.958 147 147 147
961.229 826.310 924.057 147 147 147
968.840 833.854 932.348 147 147 147
970.079 835.082 929.649 147 147 147
972.553 837.534 935.040 147 147 147
980.170 845.084 935.040 147 147 147
981.427 846.330 932.302 147 147 147
986.453 851.312 932.302 147 147 147
987.713 852.561 929.556 147 147 147
1000.279 865.016 926.818 147 147 147
1001.493 866.220 924.172 147 147 147
1002.711 867.427 926.826 147 147 147
1005.302 869.995 926.826 147 147 147
1006.558 871.240 924.088 147 147 147
1011.585 876.222 924.088 147 147 147
1012.841 877.468 921.350 147 147 147
1017.868 882.450 921.350 147 147 147
1019.124 883.696 918.612 147 147 147
1024.151 888.678 918.612 147 147 147
1025.407 889.923 915.874 147 147 147
1030.434 894.905 915.874 147 147 147
1031.690 896.151 913.136 147 147 147
1035.383 899.811 913.136 147 147 147
1036.678 901.095 915.958 147 147 147
1037.973 902.378 913.136 147 147 147
1042.999 907.361 913.136 147 147 147
1044.256 908.606 910.398 147 147 147
1049.282 913.588 910.398 147 147 147
1051.210 915.499 906.197 147 147 147
1046.774 911.102 893.769 147 147 147
1045.513 909.852 893.769 147 147 147
1039.890 904.279 881.518 147 147 147
1039.890 904.279 876.042 147 147 147
1037.990 902.396 871.902 147 147 147
1022.911 887.449 849.997 147 147 147
1021.042 885.596 845.923 147 147 147
1021.042 885.596 840.439 147 147 147
1016.006 880.605 832.210 147 147 147
1014.075 878.691 825.198 147 147 147
1012.803 877.430 827.971 147 147 147
1007.815 872.486 817.102 147 147 147
1006.562 871.244 817.102 147 147 147
1000.279 865.016 800.674 147 147 147
987.632 852.481 800.674 147 147 147
986.397 851.256 803.366 147 147 147
983.925 848.806 800.674 147 147 147
980.093 845.007 800.674 147 147 147
978.836 843.762 803.412 147 147 147
966.270 831.307 803.412 147 147 147
964.318 830.780 806.132 147 147 147
958.035 824.552 803.394 147 147 147
956.770 823.298 806.150 147 147 147
953.063 819.624 806.150 147 147 147
950.508 817.091 803.366 147 147 147
949.231 815.825 806.150 147 147 147
944.204 810.843 806.150 147 147 147
941.680 808.341 811.650 147 147 147
937.911 804.605 814.388 147 147 147
935.990 802.701 818.571 147 147 147
937.246 803.945 821.306 147 147 147
925.961 792.760 843.163 147 147 147
919.053 785.913 863.690 147 147 147
915.899 782.786 867.814 147 147 147
915.899 782.786 873.290 147 147 147
909.616 776.559 881.504 147 147 147
909.616 776.559 886.987 147 147 147
904.589 771.577 895.201 147 147 147
904.589 771.577 903.423 147 147 147
899.563 766.595 914.375 147 147 147
899.563 766.595 917.110 147 147 147
888.254 755.385 939.015 147 147 147
888.254 755.385 941.756 147 147 147
876.931 744.162 966.429 147 147 147
878.900 746.114 970.720 147 147 147
880.195 747.398 967.898 147 147 147
883.961 751.130 967.898 147 147 147
891.517 758.619 954.178 147 147 147
901.572 768.586 943.223 147 147 147
905.327 772.308 935.040 147 147 147
907.833 774.792 935.040 147 147 147
916.642 783.523 921.331 147 147 147
920.415 787.263 918.590 147 147 147
929.207 795.977 902.169 147 147 147
935.492 802.208 899.430 147 147 147
936.719 803.423 896.758 147 147 147
948.028 814.633 910.448 147 147 147
949.276 815.870 907.730 147 147 147
955.559 822.097 918.682 147 147 147
956.809 823.336 915.958 147 147 147
960.525 827.020 924.057 147 147 147
968.136 834.564 932.348 147 147 147
969.375 835.792 929.649 147 147 147
971.849 838.245 935.040 147 147 147
979.466 845.794 935.040 147 147 147
980.723 847.040 932.302 147 147 147
985.749 852.022 932.302 147 147 147
987.009 853.271 929.556 147 147 147
999.575 865.726 926.818 147 147 147
1000.789 866.930 924.172 147 147 147
1002.007 868.137 926.826 147 147 147
1004.598 870.705 926.826 147 147 147
1005.854 871.950 924.088 147 147 147
1010.881 876.933 924.088 147 147 147
1012.137 878.178 921.350 147 147 147
1017.164 883.160 921.350 147 147 147
1018.420 884.406 918.612 147 147 147
1023.447 889.388 918.612 147 147 147
1024.703 890.633 915.874 147 147 147
1029.730 895.616 915.874 147 147 147
1030.986 896.861 913.136 147 147 147
1034.679 900.521 913.136 147 147 147
1035.974 901.805 915.958 147 147 147
1037.269 903.089 913.136 147 147 147
1042.295 908.071 913.136 147 147 147
1043.552 909.316 910.398 147 147 147
1048.578 914.298 910.398 147 147 147
1050.506 916.209 906.197 147 147 147
1046.070 911.812 893.769 147 147 147
1044.809 910.562 893.769 147 147 147
1039.186 904.989 881.518 147 147 147
1039.186 904.989 876.042 147 147 147
1037.286 903.106 871.902 147 147 147
1022.207 888.159 849.997 147 147 147
1020.338 886.306 845.923 147 147 147
1020.338 886.306 840.439 147 147 147
1015.302 881.315 832.210 147 147 147
1013.371 879.401 825.198 147 147 147
1012.099 878.140 827.971 147 147 147
1007.111 873.196 817.102 147 147 147
1005.858 871.954 817.102 147 147 147
999.575 865.727 800.674 147 147 147
986.928 853.191 800.674 147 147 147
985.693 851.966 803.366 147 147 147
983.221 849.517 800.674 147 147 147
979.389 845.718 800.674 147 147 147
978.132 844.472 803.412 147 147 147
965.566 832.017 803.412 147 147 147
882.087 747.865 546.031 147 147 147
870.763 736.640 562.481 147 147 147
864.474 730.407 567.963 147 147 147
860.717 726.682 576.150 147 147 147
858.218 724.205 576.150 147 147 147
853.163 719.195 581.658 147 147 147
849.399 715.464 589.859 147 147 147
844.371 710.480 592.598 147 147 147
833.070 699.278 619.960 147 147 147
830.559 696.789 619.960 147 147 147
828.641 694.889 624.137 147 147 147
828.641 694.889 629.606 147 147 147
823.624 689.916 637.805 147 147 147
821.740 688.048 644.649 147 147 147
817.332 683.679 651.509 147 147 147
817.332 683.679 665.203 147 147 147
811.049 677.452 676.155 147 147 147
811.049 677.452 733.726 147 147 147
817.332 683.679 744.678 147 147 147
817.332 683.679 750.149 147 147 147
819.249 685.580 754.326 147 147 147
821.840 688.147 754.326 147 147 147
823.065 689.362 751.657 147 147 147
828.650 694.898 761.123 147 147 147
830.549 696.780 768.017 147 147 147
833.072 699.281 768.017 147 147 147
834.924 701.117 772.053 147 147 147
834.924 701.117 777.471 147 147 147
833.072 699.281 781.507 147 147 147
830.559 696.789 781.507 147 147 147
828.641 694.889 785.685 147 147 147
828.641 694.889 791.153 147 147 147
823.615 689.907 799.368 147 147 147
823.615 689.907 807.649 147 147 147
825.532 691.807 811.826 147 147 147
831.892 698.112 811.826 147 147 147
833.149 699.357 809.088 147 147 147
835.664 701.850 809.088 147 147 147
846.989 713.075 781.670 147 147 147
850.134 716.192 777.559 147 147 147
855.163 721.177 761.121 147 147 147
866.496 732.411 739.170 147 147 147
863.982 729.919 733.693 147 147 147
880.304 746.097 700.865 147 147 147
880.304 746.097 695.387 147 147 147
882.156 747.933 691.350 147 147 147
884.669 750.424 691.350 147 147 147
886.586 752.324 687.172 147 147 147
886.586 752.324 681.704 147 147 147
891.613 757.306 673.490 147 147 147
891.613 757.306 670.744 147 147 147
896.639 762.288 659.791 147 147 147
896.639 762.288 654.321 147 147 147
902.922 768.516 643.369 147 147 147
902.922 768.516 640.622 147 147 147
911.730 777.247 618.687 147 147 147
909.813 775.347 614.510 147 147 147
903.530 769.119 609.034 147 147 147
900.422 766.039 602.262 147 147 147
902.922 768.516 596.815 147 147 147
902.922 768.516 572.172 147 147 147
904.189 769.772 569.412 147 147 147
900.409 766.025 558.429 147 147 147
900.409 766.025 552.947 147 147 147
893.435 759.112 537.750 147 147 147
888.368 754.090 546.031 147 147 147
881.383 748.575 546.031 147 147 147
870.059 737.350 562.481 147 147 147
863.770 731.117 567.963 147 147 147
860.013 727.392 576.150 147 147 147
857.514 724.916 576.150 147 147 147
852.459 719.905 581.658 147 147 147
848.695 716.174 589.859 147 147 147
843.667 711.190 592.598 147 147 147
832.366 699.989 619.960 147 147 147
829.855 697.500 619.960 147 147 147
827.937 695.599 624.137 147 147 147
827.937 695.599 629.606 147 147 147
822.920 690.626 637.805 147 147 147
821.036 688.758 644.649 147 147 147
816.628 684.390 651.509 147 147 147
816.628 684.390 665.203 147 147 147
810.345 678.162 676.155 147 147 147
810.345 678.162 733.726 147 147 147
816.628 684.390 744.678 147 147 147
816.628 684.390 750.149 147 147 147
818.545 686.290 754.326 147 147 147
821.136 688.858 754.326 147 147 147
822.361 690.072 751.657 147 147 147
827.946 695.608 761.123 147 147 147
829.845 697.490 768.017 147 147 147
832.368 699.991 768.017 147 147 147
834.220 701.827 772.053 147 147 147
834.220 701.827 777.471 147 147 147
832.368 699.991 781.507 147 147 147
829.855 697.500 781.507 147 147 147
827.937 695.599 785.685 147 147 147
827.937 695.599 791.153 147 147 147
822.911 690.617 799.368 147 147 147
822.911 690.617 807.649 147 147 147
824.828 692.518 811.826 147 147 147
831.188 698.822 811.826 147 147 147
832.445 700.067 809.088 147 147 147
834.960 702.561 809.088 147 147 147
846.285 713.785 781.670 147 147 147
849.430 716.903 777.559 147 147 147
854.459 721.887 761.121 147 147 147
865.792 733.121 739.170 147 147 147
863.278 730.629 733.693 147 147 147
879.600 746.807 700.865 147 147 147
879.600 746.807 695.387 147 147 147
881.452 748.643 691.350 147 147 147
883.965 751.134 691.350 147 147 147
885.882 753.034 687.172 147 147 147
885.882 753.034 681.704 147 147 147
890.909 758.017 673.490 147 147 147
890.909 758.017 670.744 147 147 147
895.935 762.999 659.791 147 147 147
895.935 762.999 654.321 147 147 147
902.218 769.226 643.369 147 147 147
902.218 769.226 640.622 147 147 147
911.026 777.957 618.687 147 147 147
909.109 776.057 614.510 147 147 147
902.826 769.829 609.034 147 147 147
899.718 766.749 602.262 147 147 147
902.218 769.226 596.815 147 147 147
902.218 769.226 572.172 147 147 147
903.485 770.482 569.412 147 147 147
899.705 766.735 558.429 147 147 147
899.705 766.735 552.947 147 147 147
892.731 759.823 537.750 147 147 147
887.664 754.800 546.031 147 147 147
882.087 747.865 546.031 147 147 147
870.763 736.640 562.481 147 147 147
864.474 730.407 567.963 147 147 147
860.717 726.682 576.150 147 147 147
858.218 724.205 576.150 147 147 147
853.163 719.195 581.658 147 147 147
849.399 715.464 589.859 147 147 147
844.371 710.480 592.598 147 147 147
833.070 699.278 619.960 147 147 147
830.559 696.789 619.960 147 147 147
828.641 694.889 624.137 147 147 147
828.641 694.889 629.606 147 147 147
823.624 689.916 637.805 147 147 147
821.740 688.048 644.649 147 147 147
817.332 683.679 651.509 147 147 147
817.332 683.679 665.203 147 147 147
811.049 677.452 676.155 147 147 147
811.049 677.452 733.726 147 147 147
817.332 683.679 744.678 147 147 147
817.332 683.679 750.149 147 147 147
819.249 685.580 754.326 147 147 147
821.840 688.147 754.326 147 147 147
823.065 689.362 751.657 147 147 147
828.650 694.898 761.123 147 147 147
830.549 696.780 768.017 147 147 147
833.072 699.281 768.017 147 147 147
834.924 701.117 772.053 147 147 147
834.924 701.117 777.471 147 147 147
833.072 699.281 781.507 147 147 147
830.559 696.789 781.507 147 147 147
828.641 694.889 785.685 147 147 147
828.641 694.889 791.153 147 147 147
823.615 689.907 799.368 147 147 147
823.615 689.907 807.649 147 147 147
825.532 691.807 811.826 147 147 147
831.892 698.112 811.826 147 147 147
833.149 699.357 809.088 147 147 147
835.664 701.850 809.088 147 147 147
846.989 713.075 781.670 147 147 147
850.134 716.192 777.559 147 147 147
855.163 721.177 761.121 147 147 147
866.496 732.411 739.170 147 147 147
863.982 729.919 733.693 147 147 147
880.304 746.097 700.865 147 147 147
880.304 746.097 695.387 147 147 147
882.156 747.933 691.350 147 147 147
884.669 750.424 691.350 147 147 147
886.586 752.324 687.172 147 147 147
886.586 752.324 681.704 147 147 147
891.613 757.306 673.490 147 147 147
891.613 757.306 670.744 147 147 147
896.639 762.288 659.791 147 147 147
896.639 762.288 654.321 147 147 147
902.922 768.516 643.369 147 147 147
902.922 768.516 640.622 147 147 147
911.730 777.247 618.687 147 147 147
909.813 775.347 614.510 147 147 147
903.530 769.119 609.034 147 147 147
900.422 766.039 602.262 147 147 147
902.922 768.516 596.815 147 147 147
902.922 768.516 572.172 147 147 147
904.189 769.772 569.412 147 147 147
900.409 766.025 558.429 147 147 147
900.409 766.025 552.947 147 147 147
893.435 759.112 537.750 147 147 147
888.368 754.090 546.031 147 147 147
881.383 748.575 546.031 147 147 147
870.059 737.350 562.481 147 147 147
863.770 731.117 567.963 147 147 147
860.013 727.392 576.150 147 147 147
857.514 724.916 576.150 147 147 147
852.459 719.905 581.658 147 147 147
848.695 716.174 589.859 147 147 147
843.667 711.190 592.598 147 147 147
832.366 699.989 619.960 147 147 147
829.855 697.500 619.960 147 147 147
827.937 695.599 624.137 147 147 147
827.937 695.599 629.606 147 147 147
822.920 690.626 637.805 147 147 147
821.036 688.758 644.649 147 147 147
816.628 684.390 651.509 147 147 147
816.628 684.390 665.203 147 147 147
810.345 678.162 676.155 147 147 147
810.345 678.162 733.726 147 147 147
816.628 684.390 744.678 147 147 147
816.628 684.390 750.149 147 147 147
818.545 686.290 754.326 147 147 147
821.136 688.858 754.326 147 147 147
822.361 690.072 751.657 147 147 147
827.946 695.608 761.123 147 147 147
829.845 697.490 768.017 147 147 147
832.368 699.991 768.017 147 147 147
834.220 701.827 772.053 147 147 147
834.220 701.827 777.471 147 147 147
832.368 699.991 781.507 147 147 147
829.855 697.500 781.507 147 147 147
827.937 695.599 785.685 147 147 147
827.937 695.599 791.153 147 147 147
822.911 690.617 799.368 147 147 147
822.911 690.617 807.649 147 147 147
824.828 692.518 811.826 147 147 147
831.188 698.822 811.826 147 147 147
832.445 700.067 809.088 147 147 147
834.960 702.561 809.088 147 147 147
846.285 713.785 781.670 147 147 147
849.430 716.903 777.559 147 147 147
854.459 721.887 761.121 147 147 147
865.792 733.121 739.170 147 147 147
863.278 730.629 733.693 147 147 147
879.600 746.807 700.865 147 147 147
879.600 746.807 695.387 147 147 147
881.452 748.643 691.350 147 147 147
883.965 751.134 691.350 147 147 147
885.882 753.034 687.172 147 147 147
885.882 753.034 681.704 147 147 147
890.909 758.017 673.490 147 147 147
890.909 758.017 670.744 147 147 147
895.935 762.999 659.791 147 147 147
895.935 762.999 654.321 147 147 147
902.218 769.226 643.369 147 147 147
902.218 769.226 640.622 147 147 147
911.026 777.957 618.687 147 147 147
909.109 776.057 614.510 147 147 147
902.826 769.829 609.034 147 147 147
899.718 766.749 602.262 147 147 147
902.218 769.226 596.815 147 147 147
902.218 769.226 572.172 147 147 147
903.485 770.482 569.412 147 147 147
899.705 766.735 558.429 147 147 147
899.705 766.735 552.947 147 147 147
892.731 759.823 537.750 147 147 147
887.664 754.800 546.031 147 147 147
795.970 662.505 424.256 147 147 147
795.970 662.505 429.791 147 147 147
799.740 666.242 438.006 147 147 147
799.740 666.242 446.167 147 147 147
790.944 657.523 470.810 147 147 147
790.944 657.523 476.280 147 147 147
787.166 653.778 484.512 147 147 147
789.069 655.665 491.424 147 147 147
792.869 659.432 496.945 147 147 147
799.152 665.660 496.945 147 147 147
802.945 669.419 502.455 147 147 147
805.461 671.913 499.714 147 147 147
811.720 678.117 507.898 147 147 147
814.237 680.612 507.898 147 147 147
821.819 688.127 516.158 147 147 147
823.101 689.398 513.363 147 147 147
831.898 698.117 510.624 147 147 147
834.406 700.603 505.160 147 147 147
840.684 706.826 505.160 147 147 147
846.972 713.059 494.197 147 147 147
855.773 721.782 491.458 147 147 147
858.281 724.268 485.993 147 147 147
860.787 726.752 485.993 147 147 147
865.248 731.174 479.049 147 147 147
860.207 726.177 470.811 147 147 147
861.463 727.422 465.336 147 147 147
855.172 721.186 454.369 147 147 147
855.172 721.186 448.891 147 147 147
850.145 716.204 440.677 147 147 147
850.145 716.204 432.461 147 147 147
845.700 711.798 425.543 147 147 147
838.169 704.333 428.278 147 147 147
836.923 703.097 425.563 147 147 147
824.280 690.566 422.808 147 147 147
823.019 689.316 425.555 147 147 147
820.583 686.902 425.555 147 147 147
819.327 685.656 422.817 147 147 147
811.787 678.183 422.817 147 147 147
810.530 676.938 420.079 147 147 147
797.887 664.406 420.079 147 147 147
795.266 663.216 424.256 147 147 147
795.266 663.216 429.791 147 147 147
799.036 666.952 438.006 147 147 147
799.036 666.952 446.167 147 147 147
790.240 658.233 470.810 147 147 147
790.240 658.233 476.280 147 147 147
786.462 654.489 484.512 147 147 147
788.365 656.375 491.424 147 147 147
792.165 660.142 496.945 147 147 147
798.448 666.370 496.945 147 147 147
802.241 670.130 502.455 147 147 147
804.757 672.623 499.714 147 147 147
811.016 678.827 507.898 147 147 147
813.533 681.322 507.898 147 147 147
821.115 688.837 516.158 147 147 147
822.398 690.108 513.363 147 147 147
831.194 698.827 510.624 147 147 147
833.702 701.313 505.160 147 147 147
839.980 707.536 505.160 147 147 147
846.269 713.769 494.197 147 147 147
855.069 722.492 491.458 147 147 147
857.577 724.978 485.993 147 147 147
860.083 727.462 485.993 147 147 147
864.544 731.884 479.049 147 147 147
859.503 726.887 470.811 147 147 147
860.759 728.132 465.336 147 147 147
854.468 721.896 454.369 147 147 147
854.468 721.896 448.891 147 147 147
849.441 716.914 440.677 147 147 147
849.441 716.914 432.461 147 147 147
844.996 712.508 425.543 147 147 147
837.465 705.043 428.278 147 147 147
836.219 703.808 425.563 147 147 147
823.576 691.276 422.808 147 147 147
822.315 690.027 425.555 147 147 147
819.879 687.612 425.555 147 147 147
818.623 686.367 422.817 147 147 147
811.083 678.893 422.817 147 147 147
809.826 677.648 420.079 147 147 147
797.183 665.116 420.079 147 147 147
795.970 662.505 424.256 147 147 147
795.970 662.505 429.791 147 147 147
799.740 666.242 438.006 147 147 147
799.740 666.242 446.167 147 147 147
790.944 657.523 470.810 147 147 147
790.944 657.523 476.280 147 147 147
787.166 653.778 484.512 147 147 147
789.069 655.665 491.424 147 147 147
792.869 659.432 496.945 147 147 147
799.152 665.660 496.945 147 147 147
802.945 669.419 502.455 147 147 147
805.461 671.913 499.714 147 147 147
811.720 678.117 507.898 147 147 147
814.237 680.612 507.898 147 147 147
821.819 688.127 516.158 147 147 147
823.101 689.398 513.363 147 147 147
831.898 698.117 510.624 147 147 147
834.406 700.603 505.160 147 147 147
840.684 706.826 505.160 147 147 147
846.972 713.059 494.197 147 147 147
855.773 721.782 491.458 147 147 147
858.281 724.268 485.993 147 147 147
860.787 726.752 485.993 147 147 147
865.248 731.174 479.049 147 147 147
860.207 726.177 470.811 147 147 147
861.463 727.422 465.336 147 147 147
855.172 721.186 454.369 147 147 147
855.172 721.186 448.891 147 147 147
850.145 716.204 440.677 147 147 147
850.145 716.204 432.461 147 147 147
845.700 711.798 425.543 147 147 147
838.169 704.333 428.278 147 147 147
836.923 703.097 425.563 147 147 147
824.280 690.566 422.808 147 147 147
823.019 689.316 425.555 147 147 147
820.583 686.902 425.555 147 147 147
819.327 685.656 422.817 147 147 147
811.787 678.183 422.817 147 147 147
810.530 676.938 420.079 147 147 147
797.887 664.406 420.079 147 147 147
795.266 663.216 424.256 147 147 147
795.266 663.216 429.791 147 147 147
799.036 666.952 438.006 147 147 147
799.036 666.952 446.167 147 147 147
790.240 658.233 470.810 147 147 147
790.240 658.233 476.280 147 147 147
786.462 654.489 484.512 147 147 147
788.365 656.375 491.424 147 147 147
792.165 660.142 496.945 147 147 147
798.448 666.370 496.945 147 147 147
802.241 670.130 502.455 147 147 147
804.757 672.623 499.714 147 147 147
811.016 678.827 507.898 147 147 147
813.533 681.322 507.898 147 147 147
821.115 688.837 516.158 147 147 147
822.398 690.108 513.363 147 147 147
831.194 698.827 510.624 147 147 147
833.702 701.313 505.160 147 147 147
839.980 707.536 505.160 147 147 147
846.269 713.769 494.197 147 147 147
855.069 722.492 491.458 147 147 147
857.577 724.978 485.993 147 147 147
860.083 727.462 485.993 147 147 147
864.544 731.884 479.049 147 147 147
859.503 726.887 470.811 147 147 147
860.759 728.132 465.336 147 147 147
854.468 721.896 454.369 147 147 147
854.468 721.896 448.891 147 147 147
849.441 716.914 440.677 147 147 147
849.441 716.914 432.461 147 147 147
844.996 712.508 425.543 147 147 147
837.465 705.043 428.278 147 147 147
836.219 703.808 425.563 147 147 147
823.576 691.276 422.808 147 147 147
822.315 690.027 425.555 147 147 147
819.879 687.612 425.555 147 147 147
818.623 686.367 422.817 147 147 147
811.083 678.893 422.817 147 147 147
809.826 677.648 420.079 147 147 147
797.183 665.116 420.079 147 147 147
3 14 13 20
3 46 52 45
3 15 14 20
3 47 52 46
3 0 31 1
3 32 33 63
3 31 30 29
3 63 61 62
3 28 31 29
3 60 61 63
3 18 16 15
3 50 47 48
3 18 15 20
3 50 52 47
3 19 18 20
3 51 52 50
3 18 17 16
3 50 48 49
3 22 7 23
3 54 55 39
3 7 22 8
3 39 40 54
3 31 2 1
3 63 33 34
3 28 2 31
3 60 63 34
3 11 10 21
3 43 53 42
3 10 9 21
3 42 53 41
3 22 9 8
3 54 40 41
3 9 22 21
3 41 53 54
3 4 27 5
3 36 37 59
3 12 21 20
3 44 52 53
3 12 11 21
3 44 53 43
3 13 12 20
3 45 52 44
3 6 26 7
3 38 39 58
3 27 26 5
3 59 37 58
3 26 6 5
3 58 37 38
3 3 2 28
3 35 60 34
3 27 3 28
3 59 60 35
3 4 3 27
3 36 59 35
3 7 24 23
3 39 55 56
3 26 24 7
3 58 39 56
3 25 24 26
3 57 58 56
3 64 65 97
3 64 97 96
3 65 66 98
3 65 98 97
3 66 67 99
3 66 99 98
3 67 68 100
3 67 100 99
3 68 69 101
3 68 101 100
3 69 70 102
3 69 102 101
3 70 71 103
3 70 103 102
3 71 72 104
3 71 104 103
3 72 73 105
3 72 105 104
3 73 74 106
3 73 106 105
3 74 75 107
3 74 107 106
3 75 76 108
3 75 108 107
3 76 77 109
3 76 109 108
3 77 78 110
3 77 110 109
3 78 79 111
3 78 111 110
3 79 80 112
3 79 112 111
3 80 81 113
3 80 113 112
3 81 82 114
3 81 114 113
3 82 83 115
3 82 115 114
3 83 84 116
3 83 116 115
3 84 85 117
3 84 117 116
3 85 86 118
3 85 118 117
3 86 87 119
3 86 119 118
3 87 88 120
3 87 120 119
3 88 89 121
3 88 121 120
3 89 90 122
3 89 122 121
3 90 91 123
3 90 123 122
3 91 92 124
3 91 124 123
3 92 93 125
3 92 125 124
3 93 94 126
3 93 126 125
3 94 95 127
3 94 127 126
3 95 64 96
3 95 96 127
3 133 140 139
3 149 155 156
3 135 134 139
3 151 155 150
3 134 133 139
3 150 155 149
3 137 135 139
3 153 155 151
3 138 137 139
3 154 155 153
3 137 136 135
3 153 151 152
3 142 140 128
3 158 144 156
3 143 142 128
3 159 144 158
3 140 142 141
3 156 157 158
3 140 131 128
3 156 144 147
3 131 129 128
3 147 144 145
3 131 140 133
3 147 149 156
3 132 131 133
3 148 149 147
3 129 131 130
3 145 146 147
3 160 161 177
3 160 177 176
3 161 162 178
3 161 178 177
3 162 163 179
3 162 179 178
3 163 164 180
3 163 180 179
3 164 165 181
3 164 181 180
3 165 166 182
3 165 182 181
3 166 167 183
3 166 183 182
3 167 168 184
3 167 184 183
3 168 169 185
3 168 185 184
3 169 170 186
3 169 186 185
3 170 171 187
3 170 187 186
3 171 172 188
3 171 188 187
3 172 173 189
3 172 189 188
3 173 174 190
3 173 190 189
3 174 175 191
3 174 191 190
3 175 160 176
3 175 176 191
3 193 192 196
3 198 201 197
3 194 193 196
3 199 201 198
3 195 194 196
3 200 201 199
3 202 203 208
3 202 208 207
3 203 204 209
3 203 209 208
3 204 205 210
3 204 210 209
3 205 206 211
3 205 211 210
3 206 202 207
3 206 207 211
3 255 257 256
3 382 383 384
3 228 226 225
3 355 352 353
3 229 228 230
3 356 357 355
3 238 237 236
3 365 363 364
3 222 232 230
3 349 357 359
3 232 222 236
3 359 363 349
3 222 238 236
3 349 363 365
3 222 221 241
3 349 368 348
3 238 222 241
3 365 368 349
3 214 213 215
3 341 342 340
3 240 238 241
3 367 368 365
3 235 232 236
3 362 363 359
3 232 235 233
3 359 360 362
3 235 234 233
3 362 360 361
3 232 231 230
3 359 357 358
3 334 321 215
3 461 342 448
3 321 216 215
3 448 342 343
3 318 257 255
3 445 382 384
3 224 223 225
3 351 352 350
3 223 228 225
3 350 352 355
3 228 223 230
3 355 357 350
3 223 222 230
3 350 357 349
3 337 212 338
3 464 465 339
3 337 213 212
3 464 339 340
3 213 337 215
3 340 342 464
3 337 334 215
3 464 342 461
3 279 281 280
3 406 407 408
3 277 276 278
3 404 405 403
3 276 279 278
3 403 405 406
3 267 269 268
3 394 395 396
3 289 272 271
3 416 398 399
3 272 289 273
3 399 400 416
3 240 239 238
3 367 365 366
3 244 242 245
3 371 372 369
3 228 227 226
3 355 353 354
3 218 217 216
3 345 343 344
3 319 321 320
3 446 447 448
3 321 319 216
3 448 343 446
3 319 218 216
3 446 343 345
3 218 319 318
3 345 445 446
3 318 317 257
3 445 384 444
3 336 335 334
3 463 461 462
3 337 336 334
3 464 461 463
3 267 301 269
3 394 396 428
3 270 297 271
3 397 398 424
3 297 270 269
3 424 396 397
3 293 291 271
3 420 398 418
3 291 289 271
3 418 398 416
3 289 291 290
3 416 417 418
3 289 287 273
3 416 400 414
3 267 266 265
3 394 392 393
3 244 243 242
3 371 369 370
3 257 259 258
3 384 385 386
3 317 259 257
3 444 384 386
3 260 259 261
3 387 388 386
3 322 321 334
3 449 461 448
3 261 263 262
3 388 389 390
3 264 263 265
3 391 392 390
3 259 315 261
3 386 388 442
3 315 259 317
3 442 444 386
3 315 317 316
3 442 443 444
3 297 299 298
3 424 425 426
3 300 299 301
3 427 428 426
3 301 299 269
3 428 396 426
3 299 297 269
3 426 396 424
3 292 291 293
3 419 420 418
3 295 294 293
3 422 420 421
3 295 293 271
3 422 398 420
3 297 295 271
3 424 398 422
3 295 297 296
3 422 423 424
3 287 285 273
3 414 400 412
3 288 287 289
3 415 416 414
3 275 274 273
3 402 400 401
3 285 275 273
3 412 400 402
3 275 285 276
3 402 403 412
3 323 322 334
3 450 461 449
3 242 220 245
3 369 372 347
3 220 242 241
3 347 368 369
3 221 220 241
3 348 368 347
3 220 218 318
3 347 445 345
3 220 219 218
3 347 345 346
3 285 283 276
3 412 403 410
3 281 283 282
3 408 409 410
3 283 281 279
3 410 406 408
3 276 283 279
3 403 406 410
3 284 283 285
3 411 412 410
3 305 267 265
3 432 392 394
3 324 323 328
3 451 455 450
3 333 332 334
3 460 461 459
3 332 323 334
3 459 461 450
3 251 220 318
3 378 445 347
3 286 285 287
3 413 414 412
3 303 305 304
3 430 431 432
3 301 303 302
3 428 429 430
3 303 301 267
3 430 394 428
3 305 303 267
3 432 394 430
3 325 324 328
3 452 455 451
3 326 325 327
3 453 454 452
3 325 328 327
3 452 454 455
3 323 330 328
3 450 455 457
3 332 330 323
3 459 450 457
3 330 329 328
3 457 455 456
3 330 332 331
3 457 458 459
3 311 309 263
3 438 390 436
3 309 311 310
3 436 437 438
3 311 313 312
3 438 439 440
3 313 315 314
3 440 441 442
3 315 313 261
3 442 388 440
3 313 263 261
3 440 388 390
3 313 311 263
3 440 390 438
3 220 247 245
3 347 372 374
3 251 247 220
3 378 347 374
3 253 251 318
3 380 445 378
3 253 318 255
3 380 382 445
3 254 253 255
3 381 382 380
3 263 307 265
3 390 392 434
3 309 307 263
3 436 390 434
3 307 305 265
3 434 392 432
3 305 307 306
3 432 433 434
3 307 309 308
3 434 435 436
3 247 246 245
3 374 372 373
3 253 252 251
3 380 378 379
3 249 247 251
3 376 378 374
3 249 248 247
3 376 374 375
3 250 249 251
3 377 378 376
3 466 467 594
3 466 594 593
3 467 468 595
3 467 595 594
3 468 469 596
3 468 596 595
3 469 470 597
3 469 597 596
3 470 471 598
3 470 598 597
3 471 472 599
3 471 599 598
3 472 473 600
3 472 600 599
3 473 474 601
3 473 601 600
3 474 475 602
3 474 602 601
3 475 476 603
3 475 603 602
3 476 477 604
3 476 604 603
3 477 478 605
3 477 605 604
3 478 479 606
3 478 606 605
3 479 480 607
3 479 607 606
3 480 481 608
3 480 608 607
3 481 482 609
3 481 609 608
3 482 483 610
3 482 610 609
3 483 484 611
3 483 611 610
3 484 485 612
3 484 612 611
3 485 486 613
3 485 613 612
3 486 487 614
3 486 614 613
3 487 488 615
3 487 615 614
3 488 489 616
3 488 616 615
3 489 490 617
3 489 617 616
3 490 491 618
3 490 618 617
3 491 492 619
3 491 619 618
3 492 493 620
3 492 620 619
3 493 494 621
3 493 621 620
3 494 495 622
3 494 622 621
3 495 496 623
3 495 623 622
3 496 497 624
3 496 624 623
3 497 498 625
3 497 625 624
3 498 499 626
3 498 626 625
3 499 500 627
3 499 627 626
3 500 501 628
3 500 628 627
3 501 502 629
3 501 629 628
3 502 503 630
3 502 630 629
3 503 504 631
3 503 631 630
3 504 505 632
3 504 632 631
3 505 506 633
3 505 633 632
3 506 507 634
3 506 634 633
3 507 508 635
3 507 635 634
3 508 509 636
3 508 636 635
3 509 510 637
3 509 637 636
3 510 511 638
3 510 638 637
3 511 512 639
3 511 639 638
3 512 513 640
3 512 640 639
3 513 514 641
3 513 641 640
3 514 515 642
3 514 642 641
3 515 516 643
3 515 643 642
3 516 517 644
3 516 644 643
3 517 518 645
3 517 645 644
3 518 519 646
3 518 646 645
3 519 520 647
3 519 647 646
3 520 521 648
3 520 648 647
3 521 522 649
3 521 649 648
3 522 523 650
3 522 650 649
3 523 524 651
3 523 651 650
3 524 525 652
3 524 652 651
3 525 526 653
3 525 653 652
3 526 527 654
3 526 654 653
3 527 528 655
3 527 655 654
3 528 529 656
3 528 656 655
3 529 530 657
3 529 657 656
3 530 531 658
3 530 658 657
3 531 532 659
3 531 659 658
3 532 533 660
3 532 660 659
3 533 534 661
3 533 661 660
3 534 535 662
3 534 662 661
3 535 536 663
3 535 663 662
3 536 537 664
3 536 664 663
3 537 538 665
3 537 665 664
3 538 539 666
3 538 666 665
3 539 540 667
3 539 667 666
3 540 541 668
3 540 668 667
3 541 542 669
3 541 669 668
3 542 543 670
3 542 670 669
3 543 544 671
3 543 671 670
3 544 545 672
3 544 672 671
3 545 546 673
3 545 673 672
3 546 547 674
3 546 674 673
3 547 548 675
3 547 675 674
3 548 549 676
3 548 676 675
3 549 550 677
3 549 677 676
3 550 551 678
3 550 678 677
3 551 552 679
3 551 679 678
3 552 553 680
3 552 680 679
3 553 554 681
3 553 681 680
3 554 555 682
3 554 682 681
3 555 556 683
3 555 683 682
3 556 557 684
3 556 684 683
3 557 558 685
3 557 685 684
3 558 559 686
3 558 686 685
3 559 560 687
3 559 687 686
3 560 561 688
3 560 688 687
3 561 562 689
3 561 689 688
3 562 563 690
3 562 690 689
3 563 564 691
3 563 691 690
3 564 565 692
3 564 692 691
3 565 566 693
3 565 693 692
3 566 567 694
3 566 694 693
3 567 568 695
3 567 695 694
3 568 569 696
3 568 696 695
3 569 570 697
3 569 697 696
3 570 571 698
3 570 698 697
3 571 572 699
3 571 699 698
3 572 573 700
3 572 700 699
3 573 574 701
3 573 701 700
3 574 575 702
3 574 702 701
3 575 576 703
3 575 703 702
3 576 577 704
3 576 704 703
3 577 578 705
3 577 705 704
3 578 579 706
3 578 706 705
3 579 580 707
3 579 707 706
3 580 581 708
3 580 708 707
3 581 582 709
3 581 709 708
3 582 583 710
3 582 710 709
3 583 584 711
3 583 711 710
3 584 585 712
3 584 712 711
3 585 586 713
3 585 713 712
3 586 587 714
3 586 714 713
3 587 588 715
3 587 715 714
3 588 589 716
3 588 716 715
3 589 590 717
3 589 717 716
3 590 591 718
3 590 718 717
3 591 592 719
3 591 719 718
3 592 466 593
3 592 593 719
3 732 736 733
3 753 754 757
3 731 736 732
3 752 753 757
3 736 731 739
3 757 760 752
3 731 723 739
3 752 760 744
3 736 734 733
3 757 754 755
3 735 734 736
3 756 757 755
3 730 729 731
3 751 752 750
3 729 728 727
3 750 748 749
3 723 720 739
3 744 760 741
3 720 740 739
3 741 760 761
3 738 736 739
3 759 760 757
3 738 737 736
3 759 757 758
3 724 723 731
3 745 752 744
3 729 724 731
3 750 752 745
3 724 727 726
3 745 747 748
3 724 729 727
3 745 748 750
3 725 724 726
3 746 747 745
3 722 720 723
3 743 744 741
3 722 721 720
3 743 741 742
3 762 763 784
3 762 784 783
3 763 764 785
3 763 785 784
3 764 765 786
3 764 786 785
3 765 766 787
3 765 787 786
3 766 767 788
3 766 788 787
3 767 768 789
3 767 789 788
3 768 769 790
3 768 790 789
3 769 770 791
3 769 791 790
3 770 771 792
3 770 792 791
3 771 772 793
3 771 793 792
3 772 773 794
3 772 794 793
3 773 774 795
3 773 795 794
3 774 775 796
3 774 796 795
3 775 776 797
3 775 797 796
3 776 777 798
3 776 798 797
3 777 778 799
3 777 799 798
3 778 779 800
3 778 800 799
3 779 780 801
3 779 801 800
3 780 781 802
3 780 802 801
3 781 782 803
3 781 803 802
3 782 762 783
3 782 783 803
3 880 879 878
3 959 957 958
3 807 878 877
3 886 956 957
3 807 880 878
3 886 957 959
3 807 806 880
3 886 959 885
3 809 807 877
3 888 956 886
3 876 809 877
3 955 956 888
3 815 813 812
3 894 891 892
3 825 854 827
3 904 906 933
3 842 845 843
3 921 922 924
3 845 844 843
3 924 922 923
3 806 805 880
3 885 959 884
3 880 805 881
3 959 960 884
3 805 882 881
3 884 960 961
3 882 805 804
3 961 883 884
3 866 865 863
3 945 942 944
3 865 864 863
3 944 942 943
3 818 866 863
3 897 942 945
3 866 818 817
3 945 896 897
3 810 809 876
3 889 955 888
3 809 808 807
3 888 886 887
3 868 867 866
3 947 945 946
3 868 871 869
3 947 948 950
3 871 868 815
3 950 894 947
3 815 814 813
3 894 892 893
3 826 825 827
3 905 906 904
3 825 856 854
3 904 933 935
3 856 855 854
3 935 933 934
3 854 829 827
3 933 906 908
3 837 845 842
3 916 921 924
3 837 842 841
3 916 920 921
3 840 839 841
3 919 920 918
3 839 837 841
3 918 920 916
3 837 839 838
3 916 917 918
3 822 821 820
3 901 899 900
3 859 822 820
3 938 899 901
3 819 818 820
3 898 899 897
3 875 812 811
3 954 890 891
3 810 875 811
3 889 890 954
3 875 810 876
3 954 955 889
3 871 870 869
3 950 948 949
3 875 872 812
3 954 891 951
3 872 875 873
3 951 952 954
3 872 815 812
3 951 891 894
3 872 871 815
3 951 894 950
3 868 816 815
3 947 894 895
3 816 866 817
3 895 896 945
3 816 868 866
3 895 945 947
3 829 828 827
3 908 906 907
3 835 837 836
3 914 915 916
3 837 835 845
3 916 924 914
3 861 859 820
3 940 899 938
3 859 861 860
3 938 939 940
3 818 861 820
3 897 899 940
3 861 818 863
3 940 942 897
3 862 861 863
3 941 942 940
3 858 856 825
3 937 904 935
3 859 858 825
3 938 904 937
3 856 858 857
3 935 936 937
3 824 859 825
3 903 904 938
3 824 822 859
3 903 938 901
3 822 824 823
3 901 902 903
3 875 874 873
3 954 952 953
3 853 829 854
3 932 933 908
3 853 851 829
3 932 908 930
3 851 853 852
3 930 931 932
3 829 831 830
3 908 909 910
3 851 831 829
3 930 908 910
3 833 835 834
3 912 913 914
3 833 831 851
3 912 930 910
3 831 833 832
3 910 911 912
3 849 833 851
3 928 930 912
3 833 847 835
3 912 914 926
3 835 847 845
3 914 924 926
3 847 846 845
3 926 924 925
3 849 847 833
3 928 912 926
3 850 849 851
3 929 930 928
3 848 847 849
3 927 928 926
3 962 963 1042
3 962 1042 1041
3 963 964 1043
3 963 1043 1042
3 964 965 1044
3 964 1044 1043
3 965 966 1045
3 965 1045 1044
3 966 967 1046
3 966 1046 1045
3 967 968 1047
3 967 1047 1046
3 968 969 1048
3 968 1048 1047
3 969 970 1049
3 969 1049 1048
3 970 971 1050
3 970 1050 1049
3 971 972 1051
3 971 1051 1050
3 972 973 1052
3 972 1052 1051
3 973 974 1053
3 973 1053 1052
3 974 975 1054
3 974 1054 1053
3 975 976 1055
3 975 1055 1054
3 976 977 1056
3 976 1056 1055
3 977 978 1057
3 977 1057 1056
3 978 979 1058
3 978 1058 1057
3 979 980 1059
3 979 1059 1058
3 980 981 1060
3 980 1060 1059
3 981 982 1061
3 981 1061 1060
3 982 983 1062
3 982 1062 1061
3 983 984 1063
3 983 1063 1062
3 984 985 1064
3 984 1064 1063
3 985 986 1065
3 985 1065 1064
3 986 987 1066
3 986 1066 1065
3 987 988 1067
3 987 1067 1066
3 988 989 1068
3 988 1068 1067
3 989 990 1069
3 989 1069 1068
3 990 991 1070
3 990 1070 1069
3 991 992 1071
3 991 1071 1070
3 992 993 1072
3 992 1072 1071
3 993 994 1073
3 993 1073 1072
3 994 995 1074
3 994 1074 1073
3 995 996 1075
3 995 1075 1074
3 996 997 1076
3 996 1076 1075
3 997 998 1077
3 997 1077 1076
3 998 999 1078
3 998 1078 1077
3 999 1000 1079
3 999 1079 1078
3 1000 1001 1080
3 1000 1080 1079
3 1001 1002 1081
3 1001 1081 1080
3 1002 1003 1082
3 1002 1082 1081
3 1003 1004 1083
3 1003 1083 1082
3 1004 1005 1084
3 1004 1084 1083
3 1005 1006 1085
3 1005 1085 1084
3 1006 1007 1086
3 1006 1086 1085
3 1007 1008 1087
3 1007 1087 1086
3 1008 1009 1088
3 1008 1088 1087
3 1009 1010 1089
3 1009 1089 1088
3 1010 1011 1090
3 1010 1090 1089
3 1011 1012 1091
3 1011 1091 1090
3 1012 1013 1092
3 1012 1092 1091
3 1013 1014 1093
3 1013 1093 1092
3 1014 1015 1094
3 1014 1094 1093
3 1015 1016 1095
3 1015 1095 1094
3 1016 1017 1096
3 1016 1096 1095
3 1017 1018 1097
3 1017 1097 1096
3 1018 1019 1098
3 1018 1098 1097
3 1019 1020 1099
3 1019 1099 1098
3 1020 1021 1100
3 1020 1100 1099
3 1021 1022 1101
3 1021 1101 1100
3 1022 1023 1102
3 1022 1102 1101
3 1023 1024 1103
3 1023 1103 1102
3 1024 1025 1104
3 1024 1104 1103
3 1025 1026 1105
3 1025 1105 1104
3 1026 1027 1106
3 1026 1106 1105
3 1027 1028 1107
3 1027 1107 1106
3 1028 1029 1108
3 1028 1108 1107
3 1029 1030 1109
3 1029 1109 1108
3 1030 1031 1110
3 1030 1110 1109
3 1031 1032 1111
3 1031 1111 1110
3 1032 1033 1112
3 1032 1112 1111
3 1033 1034 1113
3 1033 1113 1112
3 1034 1035 1114
3 1034 1114 1113
3 1035 1036 1115
3 1035 1115 1114
3 1036 1037 1116
3 1036 1116 1115
3 1037 1038 1117
3 1037 1117 1116
3 1038 1039 1118
3 1038 1118 1117
3 1039 1040 1119
3 1039 1119 1118
3 1040 962 1041
3 1040 1041 1119
3 1186 1188 1187
3 1256 1257 1258
3 1186 1189 1188
3 1256 1258 1259
3 1176 1178 1177
3 1246 1247 1248
3 1159 1157 1160
3 1229 1230 1227
3 1152 1155 1154
3 1222 1224 1225
3 1153 1152 1154
3 1223 1224 1222
3 1173 1172 1174
3 1243 1244 1242
3 1175 1178 1176
3 1245 1246 1248
3 1172 1171 1170
3 1242 1240 1241
3 1148 1147 1157
3 1218 1227 1217
3 1144 1143 1142
3 1214 1212 1213
3 1186 1185 1189
3 1256 1259 1255
3 1185 1184 1189
3 1255 1259 1254
3 1175 1128 1178
3 1245 1248 1198
3 1132 1130 1174
3 1202 1244 1200
3 1128 1130 1129
3 1198 1199 1200
3 1130 1175 1174
3 1200 1244 1245
3 1130 1128 1175
3 1200 1245 1198
3 1172 1134 1174
3 1242 1244 1204
3 1134 1132 1174
3 1204 1244 1202
3 1134 1172 1170
3 1204 1240 1242
3 1159 1158 1157
3 1229 1227 1228
3 1156 1150 1157
3 1226 1227 1220
3 1150 1148 1157
3 1220 1227 1218
3 1150 1156 1155
3 1220 1225 1226
3 1152 1150 1155
3 1222 1225 1220
3 1146 1144 1160
3 1216 1230 1214
3 1157 1146 1160
3 1227 1230 1216
3 1147 1146 1157
3 1217 1227 1216
3 1141 1140 1142
3 1211 1212 1210
3 1146 1145 1144
3 1216 1214 1215
3 1184 1183 1182
3 1254 1252 1253
3 1178 1180 1179
3 1248 1249 1250
3 1128 1180 1178
3 1198 1248 1250
3 1120 1184 1182
3 1190 1252 1254
3 1122 1120 1182
3 1192 1252 1190
3 1184 1120 1189
3 1254 1259 1190
3 1121 1120 1122
3 1191 1192 1190
3 1131 1130 1132
3 1201 1202 1200
3 1136 1134 1170
3 1206 1240 1204
3 1138 1136 1170
3 1208 1240 1206
3 1136 1138 1137
3 1206 1207 1208
3 1140 1166 1142
3 1210 1212 1236
3 1166 1164 1142
3 1236 1212 1234
3 1162 1161 1160
3 1232 1230 1231
3 1144 1162 1160
3 1214 1230 1232
3 1163 1162 1164
3 1233 1234 1232
3 1162 1144 1142
3 1232 1212 1214
3 1164 1162 1142
3 1234 1212 1232
3 1151 1150 1152
3 1221 1222 1220
3 1139 1138 1140
3 1209 1210 1208
3 1181 1180 1182
3 1251 1252 1250
3 1126 1180 1128
3 1196 1198 1250
3 1127 1126 1128
3 1197 1198 1196
3 1134 1133 1132
3 1204 1202 1203
3 1168 1166 1140
3 1238 1210 1236
3 1138 1168 1140
3 1208 1210 1238
3 1169 1168 1170
3 1239 1240 1238
3 1168 1138 1170
3 1238 1240 1208
3 1166 1165 1164
3 1236 1234 1235
3 1150 1149 1148
3 1220 1218 1219
3 1124 1126 1125
3 1194 1195 1196
3 1126 1124 1180
3 1196 1250 1194
3 1180 1124 1182
3 1250 1252 1194
3 1124 1122 1182
3 1194 1252 1192
3 1124 1123 1122
3 1194 1192 1193
3 1136 1135 1134
3 1206 1204 1205
3 1168 1167 1166
3 1238 1236 1237
3 1260 1261 1331
3 1260 1331 1330
3 1261 1262 1332
3 1261 1332 1331
3 1262 1263 1333
3 1262 1333 1332
3 1263 1264 1334
3 1263 1334 1333
3 1264 1265 1335
3 1264 1335 1334
3 1265 1266 1336
3 1265 1336 1335
3 1266 1267 1337
3 1266 1337 1336
3 1267 1268 1338
3 1267 1338 1337
3 1268 1269 1339
3 1268 1339 1338
3 1269 1270 1340
3 1269 1340 1339
3 1270 1271 1341
3 1270 1341 1340
3 1271 1272 1342
3 1271 1342 1341
3 1272 1273 1343
3 1272 1343 1342
3 1273 1274 1344
3 1273 1344 1343
3 1274 1275 1345
3 1274 1345 1344
3 1275 1276 1346
3 1275 1346 1345
3 1276 1277 1347
3 1276 1347 1346
3 1277 1278 1348
3 1277 1348 1347
3 1278 1279 1349
3 1278 1349 1348
3 1279 1280 1350
3 1279 1350 1349
3 1280 1281 1351
3 1280 1351 1350
3 1281 1282 1352
3 1281 1352 1351
3 1282 1283 1353
3 1282 1353 1352
3 1283 1284 1354
3 1283 1354 1353
3 1284 1285 1355
3 1284 1355 1354
3 1285 1286 1356
3 1285 1356 1355
3 1286 1287 1357
3 1286 1357 1356
3 1287 1288 1358
3 1287 1358 1357
3 1288 1289 1359
3 1288 1359 1358
3 1289 1290 1360
3 1289 1360 1359
3 1290 1291 1361
3 1290 1361 1360
3 1291 1292 1362
3 1291 1362 1361
3 1292 1293 1363
3 1292 1363 1362
3 1293 1294 1364
3 1293 1364 1363
3 1294 1295 1365
3 1294 1365 1364
3 1295 1296 1366
3 1295 1366 1365
3 1296 1297 1367
3 1296 1367 1366
3 1297 1298 1368
3 1297 1368 1367
3 1298 1299 1369
3 1298 1369 1368
3 1299 1300 1370
3 1299 1370 1369
3 1300 1301 1371
3 1300 1371 1370
3 1301 1302 1372
3 1301 1372 1371
3 1302 1303 1373
3 1302 1373 1372
3 1303 1304 1374
3 1303 1374 1373
3 1304 1305 1375
3 1304 1375 1374
3 1305 1306 1376
3 1305 1376 1375
3 1306 1307 1377
3 1306 1377 1376
3 1307 1308 1378
3 1307 1378 1377
3 1308 1309 1379
3 1308 1379 1378
3 1309 1310 1380
3 1309 1380 1379
3 1310 1311 1381
3 1310 1381 1380
3 1311 1312 1382
3 1311 1382 1381
3 1312 1313 1383
3 1312 1383 1382
3 1313 1314 1384
3 1313 1384 1383
3 1314 1315 1385
3 1314 1385 1384
3 1315 1316 1386
3 1315 1386 1385
3 1316 1317 1387
3 1316 1387 1386
3 1317 1318 1388
3 1317 1388 1387
3 1318 1319 1389
3 1318 1389 1388
3 1319 1320 1390
3 1319 1390 1389
3 1320 1321 1391
3 1320 1391 1390
3 1321 1322 1392
3 1321 1392 1391
3 1322 1323 1393
3 1322 1393 1392
3 1323 1324 1394
3 1323 1394 1393
3 1324 1325 1395
3 1324 1395 1394
3 1325 1326 1396
3 1325 1396 1395
3 1326 1327 1397
3 1326 1397 1396
3 1327 1328 1398
3 1327 1398 1397
3 1328 1329 1399
3 1328 1399 1398
3 1329 1260 1330
3 1329 1330 1399
3 1401 1400 1413
3 1435 1447 1434
3 1400 1433 1413
3 1434 1447 1467
3 1411 1401 1413
3 1445 1447 1435
3 1409 1411 1410
3 1443 1444 1445
3 1433 1415 1413
3 1467 1447 1449
3 1415 1433 1417
3 1449 1451 1467
3 1422 1420 1419
3 1456 1453 1454
3 1420 1422 1421
3 1454 1455 1456
3 1433 1431 1417
3 1467 1451 1465
3 1431 1426 1417
3 1465 1451 1460
3 1424 1426 1425
3 1458 1459 1460
3 1422 1424 1423
3 1456 1457 1458
3 1424 1418 1417
3 1458 1451 1452
3 1426 1424 1417
3 1460 1451 1458
3 1418 1424 1419
3 1452 1453 1458
3 1424 1422 1419
3 1458 1453 1456
3 1416 1415 1417
3 1450 1451 1449
3 1428 1427 1426
3 1462 1460 1461
3 1428 1431 1430
3 1462 1464 1465
3 1431 1428 1426
3 1465 1460 1462
3 1429 1428 1430
3 1463 1464 1462
3 1432 1431 1433
3 1466 1467 1465
3 1404 1403 1402
3 1438 1436 1437
3 1401 1404 1402
3 1435 1436 1438
3 1406 1404 1401
3 1440 1435 1438
3 1412 1411 1413
3 1446 1447 1445
3 1415 1414 1413
3 1449 1447 1448
3 1405 1404 1406
3 1439 1440 1438
3 1408 1407 1406
3 1442 1440 1441
3 1411 1408 1401
3 1445 1435 1442
3 1408 1406 1401
3 1442 1435 1440
3 1408 1411 1409
3 1442 1443 1445
3 1468 1469 1503
3 1468 1503 1502
3 1469 1470 1504
3 1469 1504 1503
3 1470 1471 1505
3 1470 1505 1504
3 1471 1472 1506
3 1471 1506 1505
3 1472 1473 1507
3 1472 1507 1506
3 1473 1474 1508
3 1473 1508 1507
3 1474 1475 1509
3 1474 1509 1508
3 1475 1476 1510
3 1475 1510 1509
3 1476 1477 1511
3 1476 1511 1510
3 1477 1478 1512
3 1477 1512 1511
3 1478 1479 1513
3 1478 1513 1512
3 1479 1480 1514
3 1479 1514 1513
3 1480 1481 1515
3 1480 1515 1514
3 1481 1482 1516
3 1481 1516 1515
3 1482 1483 1517
3 1482 1517 1516
3 1483 1484 1518
3 1483 1518 1517
3 1484 1485 1519
3 1484 1519 1518
3 1485 1486 1520
3 1485 1520 1519
3 1486 1487 1521
3 1486 1521 1520
3 1487 1488 1522
3 1487 1522 1521
3 1488 1489 1523
3 1488 1523 1522
3 1489 1490 1524
3 1489 1524 1523
3 1490 1491 1525
3 1490 1525 1524
3 1491 1492 1526
3 1491 1526 1525
3 1492 1493 1527
3 1492 1527 1526
3 1493 1494 1528
3 1493 1528 1527
3 1494 1495 1529
3 1494 1529 1528
3 1495 1496 1530
3 1495 1530 1529
3 1496 1497 1531
3 1496 1531 1530
3 1497 1498 1532
3 1497 1532 1531
3 1498 1499 1533
3 1498 1533 1532
3 1499 1500 1534
3 1499 1534 1533
3 1500 1501 1535
3 1500 1535 1534
3 1501 1468 1502
3 1501 1502 1535
3 1548 1547 1549
3 1592 1593 1591
3 1547 1550 1549
3 1591 1593 1594
3 1552 1546 1545
3 1596 1589 1590
3 1554 1552 1545
3 1598 1589 1596
3 1552 1554 1553
3 1596 1597 1598
3 1544 1554 1545
3 1588 1589 1598
3 1554 1544 1555
3 1598 1599 1588
3 1544 1556 1555
3 1588 1599 1600
3 1556 1544 1542
3 1600 1586 1588
3 1557 1556 1541
3 1601 1585 1600
3 1556 1542 1541
3 1600 1585 1586
3 1574 1573 1572
3 1618 1616 1617
3 1571 1574 1572
3 1615 1616 1618
3 1537 1571 1538
3 1581 1582 1615
3 1551 1547 1546
3 1595 1590 1591
3 1552 1551 1546
3 1596 1590 1595
3 1551 1550 1547
3 1595 1591 1594
3 1540 1557 1541
3 1584 1585 1601
3 1540 1539 1557
3 1584 1601 1583
3 1560 1559 1566
3 1604 1610 1603
3 1544 1543 1542
3 1588 1586 1587
3 1579 1571 1537
3 1623 1581 1615
3 1571 1579 1574
3 1615 1618 1623
3 1571 1568 1538
3 1615 1582 1612
3 1568 1559 1538
3 1612 1582 1603
3 1559 1568 1566
3 1603 1610 1612
3 1568 1567 1566
3 1612 1610 1611
3 1564 1560 1566
3 1608 1610 1604
3 1565 1564 1566
3 1609 1610 1608
3 1560 1564 1561
3 1604 1605 1608
3 1561 1564 1562
3 1605 1606 1608
3 1539 1558 1557
3 1583 1601 1602
3 1558 1539 1538
3 1602 1582 1583
3 1559 1558 1538
3 1603 1582 1602
3 1579 1536 1574
3 1623 1618 1580
3 1536 1575 1574
3 1580 1618 1619
3 1536 1579 1578
3 1580 1622 1623
3 1577 1536 1578
3 1621 1622 1580
3 1536 1577 1576
3 1580 1620 1621
3 1575 1536 1576
3 1619 1620 1580
3 1570 1568 1571
3 1614 1615 1612
3 1564 1563 1562
3 1608 1606 1607
3 1570 1569 1568
3 1614 1612 1613
3 1624 1625 1669
3 1624 1669 1668
3 1625 1626 1670
3 1625 1670 1669
3 1626 1627 1671
3 1626 1671 1670
3 1627 1628 1672
3 1627 1672 1671
3 1628 1629 1673
3 1628 1673 1672
3 1629 1630 1674
3 1629 1674 1673
3 1630 1631 1675
3 1630 1675 1674
3 1631 1632 1676
3 1631 1676 1675
3 1632 1633 1677
3 1632 1677 1676
3 1633 1634 1678
3 1633 1678 1677
3 1634 1635 1679
3 1634 1679 1678
3 1635 1636 1680
3 1635 1680 1679
3 1636 1637 1681
3 1636 1681 1680
3 1637 1638 1682
3 1637 1682 1681
3 1638 1639 1683
3 1638 1683 1682
3 1639 1640 1684
3 1639 1684 1683
3 1640 1641 1685
3 1640 1685 1684
3 1641 1642 1686
3 1641 1686 1685
3 1642 1643 1687
3 1642 1687 1686
3 1643 1644 1688
3 1643 1688 1687
3 1644 1645 1689
3 1644 1689 1688
3 1645 1646 1690
3 1645 1690 1689
3 1646 1647 1691
3 1646 1691 1690
3 1647 1648 1692
3 1647 1692 1691
3 1648 1649 1693
3 1648 1693 1692
3 1649 1650 1694
3 1649 1694 1693
3 1650 1651 1695
3 1650 1695 1694
3 1651 1652 1696
3 1651 1696 1695
3 1652 1653 1697
3 1652 1697 1696
3 1653 1654 1698
3 1653 1698 1697
3 1654 1655 1699
3 1654 1699 1698
3 1655 1656 1700
3 1655 1700 1699
3 1656 1657 1701
3 1656 1701 1700
3 1657 1658 1702
3 1657 1702 1701
3 1658 1659 1703
3 1658 1703 1702
3 1659 1660 1704
3 1659 1704 1703
3 1660 1661 1705
3 1660 1705 1704
3 1661 1662 1706
3 1661 1706 1705
3 1662 1663 1707
3 1662 1707 1706
3 1663 1664 1708
3 1663 1708 1707
3 1664 1665 1709
3 1664 1709 1708
3 1665 1666 1710
3 1665 1710 1709
3 1666 1667 1711
3 1666 1711 1710
3 1667 1624 1668
3 1667 1668 1711
3 1720 1811 1722
3 1856 1858 1947
3 1761 1760 1759
3 1897 1895 1896
3 1746 1745 1744
3 1882 1880 1881
3 1833 1835 1834
3 1969 1970 1971
3 1836 1835 1833
3 1972 1969 1971
3 1718 1720 1719
3 1854 1855 1856
3 1796 1795 1797
3 1932 1933 1931
3 1799 1734 1801
3 1935 1937 1870
3 1846 1836 1833
3 1982 1969 1972
3 1826 1846 1833
3 1962 1969 1982
3 1844 1846 1845
3 1980 1981 1982
3 1846 1844 1836
3 1982 1972 1980
3 1846 1825 1847
3 1982 1983 1961
3 1825 1846 1826
3 1961 1962 1982
3 1721 1720 1722
3 1857 1858 1856
3 1727 1726 1728
3 1863 1864 1862
3 1755 1754 1756
3 1891 1892 1890
3 1758 1757 1756
3 1894 1892 1893
3 1758 1766 1759
3 1894 1895 1902
3 1768 1766 1758
3 1904 1894 1902
3 1840 1844 1843
3 1976 1979 1980
3 1840 1843 1842
3 1976 1978 1979
3 1840 1842 1841
3 1976 1977 1978
3 1718 1717 1716
3 1854 1852 1853
3 1724 1726 1725
3 1860 1861 1862
3 1724 1723 1722
3 1860 1858 1859
3 1795 1798 1797
3 1931 1933 1934
3 1798 1795 1738
3 1934 1874 1931
3 1800 1799 1801
3 1936 1937 1935
3 1736 1734 1799
3 1872 1935 1870
3 1736 1798 1738
3 1872 1874 1934
3 1798 1736 1799
3 1934 1935 1872
3 1736 1735 1734
3 1872 1870 1871
3 1830 1833 1832
3 1966 1968 1969
3 1831 1830 1832
3 1967 1968 1966
3 1825 1712 1847
3 1961 1983 1848
3 1825 1824 1716
3 1961 1852 1960
3 1718 1824 1822
3 1854 1958 1960
3 1824 1718 1716
3 1960 1852 1854
3 1824 1823 1822
3 1960 1958 1959
3 1816 1818 1817
3 1952 1953 1954
3 1804 1806 1805
3 1940 1941 1942
3 1726 1804 1728
3 1862 1864 1940
3 1804 1724 1806
3 1940 1942 1860
3 1724 1804 1726
3 1860 1862 1940
3 1728 1803 1729
3 1864 1865 1939
3 1804 1803 1728
3 1940 1864 1939
3 1734 1732 1801
3 1870 1937 1868
3 1732 1802 1801
3 1868 1937 1938
3 1750 1753 1752
3 1886 1888 1889
3 1750 1754 1753
3 1886 1889 1890
3 1764 1763 1762
3 1900 1898 1899
3 1761 1764 1762
3 1897 1898 1900
3 1764 1761 1759
3 1900 1895 1897
3 1766 1764 1759
3 1902 1895 1900
3 1789 1758 1756
3 1925 1892 1894
3 1768 1767 1766
3 1904 1902 1903
3 1786 1784 1769
3 1922 1905 1920
3 1784 1773 1769
3 1920 1905 1909
3 1785 1784 1786
3 1921 1922 1920
3 1773 1771 1769
3 1909 1905 1907
3 1771 1773 1772
3 1907 1908 1909
3 1771 1770 1769
3 1907 1905 1906
3 1844 1837 1836
3 1980 1972 1973
3 1840 1837 1844
3 1976 1980 1973
3 1837 1840 1839
3 1973 1975 1976
3 1838 1837 1839
3 1974 1975 1973
3 1724 1808 1806
3 1860 1942 1944
3 1808 1807 1806
3 1944 1942 1943
3 1828 1830 1829
3 1964 1965 1966
3 1826 1828 1827
3 1962 1963 1964
3 1828 1826 1833
3 1964 1969 1962
3 1830 1828 1833
3 1966 1969 1964
3 1732 1730 1802
3 1868 1938 1866
3 1803 1730 1729
3 1939 1865 1866
3 1730 1803 1802
3 1866 1938 1939
3 1733 1732 1734
3 1869 1870 1868
3 1751 1750 1752
3 1887 1888 1886
3 1748 1747 1746
3 1884 1882 1883
3 1790 1748 1746
3 1926 1882 1884
3 1789 1748 1790
3 1925 1926 1884
3 1748 1789 1756
3 1884 1892 1925
3 1754 1748 1756
3 1890 1892 1884
3 1750 1748 1754
3 1886 1890 1884
3 1788 1786 1769
3 1924 1905 1922
3 1768 1788 1769
3 1904 1905 1924
3 1788 1768 1758
3 1924 1894 1904
3 1789 1788 1758
3 1925 1894 1924
3 1765 1764 1766
3 1901 1902 1900
3 1784 1782 1773
3 1920 1909 1918
3 1783 1782 1784
3 1919 1920 1918
3 1743 1742 1744
3 1879 1880 1878
3 1740 1739 1738
3 1876 1874 1875
3 1795 1740 1738
3 1931 1874 1876
3 1737 1736 1738
3 1873 1874 1872
3 1813 1811 1720
3 1949 1856 1947
3 1813 1812 1811
3 1949 1947 1948
3 1810 1724 1722
3 1946 1858 1860
3 1810 1808 1724
3 1946 1860 1944
3 1811 1810 1722
3 1947 1858 1946
3 1808 1810 1809
3 1944 1945 1946
3 1818 1820 1819
3 1954 1955 1956
3 1821 1820 1822
3 1957 1958 1956
3 1820 1718 1822
3 1956 1958 1854
3 1820 1816 1718
3 1956 1854 1952
3 1820 1818 1816
3 1956 1952 1954
3 1714 1713 1712
3 1850 1848 1849
3 1714 1825 1716
3 1850 1852 1961
3 1714 1712 1825
3 1850 1961 1848
3 1715 1714 1716
3 1851 1852 1850
3 1791 1746 1744
3 1927 1880 1882
3 1791 1790 1746
3 1927 1882 1926
3 1731 1730 1732
3 1867 1868 1866
3 1749 1748 1750
3 1885 1886 1884
3 1788 1787 1786
3 1924 1922 1923
3 1779 1777 1776
3 1915 1912 1913
3 1777 1779 1778
3 1913 1914 1915
3 1775 1774 1773
3 1911 1909 1910
3 1782 1775 1773
3 1918 1909 1911
3 1741 1740 1742
3 1877 1878 1876
3 1813 1815 1814
3 1949 1950 1951
3 1815 1813 1720
3 1951 1856 1949
3 1718 1815 1720
3 1854 1856 1951
3 1816 1815 1718
3 1952 1854 1951
3 1742 1793 1744
3 1878 1880 1929
3 1793 1791 1744
3 1929 1880 1927
3 1740 1793 1742
3 1876 1878 1929
3 1791 1793 1792
3 1927 1928 1929
3 1793 1795 1794
3 1929 1930 1931
3 1793 1740 1795
3 1929 1931 1876
3 1780 1775 1782
3 1916 1918 1911
3 1781 1780 1782
3 1917 1918 1916
3 1780 1779 1776
3 1916 1912 1915
3 1775 1780 1776
3 1911 1912 1916
3 1984 1985 2121
3 1984 2121 2120
3 1985 1986 2122
3 1985 2122 2121
3 1986 1987 2123
3 1986 2123 2122
3 1987 1988 2124
3 1987 2124 2123
3 1988 1989 2125
3 1988 2125 2124
3 1989 1990 2126
3 1989 2126 2125
3 1990 1991 2127
3 1990 2127 2126
3 1991 1992 2128
3 1991 2128 2127
3 1992 1993 2129
3 1992 2129 2128
3 1993 1994 2130
3 1993 2130 2129
3 1994 1995 2131
3 1994 2131 2130
3 1995 1996 2132
3 1995 2132 2131
3 1996 1997 2133
3 1996 2133 2132
3 1997 1998 2134
3 1997 2134 2133
3 1998 1999 2135
3 1998 2135 2134
3 1999 2000 2136
3 1999 2136 2135
3 2000 2001 2137
3 2000 2137 2136
3 2001 2002 2138
3 2001 2138 2137
3 2002 2003 2139
3 2002 2139 2138
3 2003 2004 2140
3 2003 2140 2139
3 2004 2005 2141
3 2004 2141 2140
3 2005 2006 2142
3 2005 2142 2141
3 2006 2007 2143
3 2006 2143 2142
3 2007 2008 2144
3 2007 2144 2143
3 2008 2009 2145
3 2008 2145 2144
3 2009 2010 2146
3 2009 2146 2145
3 2010 2011 2147
3 2010 2147 2146
3 2011 2012 2148
3 2011 2148 2147
3 2012 2013 2149
3 2012 2149 2148
3 2013 2014 2150
3 2013 2150 2149
3 2014 2015 2151
3 2014 2151 2150
3 2015 2016 2152
3 2015 2152 2151
3 2016 2017 2153
3 2016 2153 2152
3 2017 2018 2154
3 2017 2154 2153
3 2018 2019 2155
3 2018 2155 2154
3 2019 2020 2156
3 2019 2156 2155
3 2020 2021 2157
3 2020 2157 2156
3 2021 2022 2158
3 2021 2158 2157
3 2022 2023 2159
3 2022 2159 2158
3 2023 2024 2160
3 2023 2160 2159
3 2024 2025 2161
3 2024 2161 2160
3 2025 2026 2162
3 2025 2162 2161
3 2026 2027 2163
3 2026 2163 2162
3 2027 2028 2164
3 2027 2164 2163
3 2028 2029 2165
3 2028 2165 2164
3 2029 2030 2166
3 2029 2166 2165
3 2030 2031 2167
3 2030 2167 2166
3 2031 2032 2168
3 2031 2168 2167
3 2032 2033 2169
3 2032 2169 2168
3 2033 2034 2170
3 2033 2170 2169
3 2034 2035 2171
3 2034 2171 2170
3 2035 2036 2172
3 2035 2172 2171
3 2036 2037 2173
3 2036 2173 2172
3 2037 2038 2174
3 2037 2174 2173
3 2038 2039 2175
3 2038 2175 2174
3 2039 2040 2176
3 2039 2176 2175
3 2040 2041 2177
3 2040 2177 2176
3 2041 2042 2178
3 2041 2178 2177
3 2042 2043 2179
3 2042 2179 2178
3 2043 2044 2180
3 2043 2180 2179
3 2044 2045 2181
3 2044 2181 2180
3 2045 2046 2182
3 2045 2182 2181
3 2046 2047 2183
3 2046 2183 2182
3 2047 2048 2184
3 2047 2184 2183
3 2048 2049 2185
3 2048 2185 2184
3 2049 2050 2186
3 2049 2186 2185
3 2050 2051 2187
3 2050 2187 2186
3 2051 2052 2188
3 2051 2188 2187
3 2052 2053 2189
3 2052 2189 2188
3 2053 2054 2190
3 2053 2190 2189
3 2054 2055 2191
3 2054 2191 2190
3 2055 2056 2192
3 2055 2192 2191
3 2056 2057 2193
3 2056 2193 2192
3 2057 2058 2194
3 2057 2194 2193
3 2058 2059 2195
3 2058 2195 2194
3 2059 2060 2196
3 2059 2196 2195
3 2060 2061 2197
3 2060 2197 2196
3 2061 2062 2198
3 2061 2198 2197
3 2062 2063 2199
3 2062 2199 2198
3 2063 2064 2200
3 2063 2200 2199
3 2064 2065 2201
3 2064 2201 2200
3 2065 2066 2202
3 2065 2202 2201
3 2066 2067 2203
3 2066 2203 2202
3 2067 2068 2204
3 2067 2204 2203
3 2068 2069 2205
3 2068 2205 2204
3 2069 2070 2206
3 2069 2206 2205
3 2070 2071 2207
3 2070 2207 2206
3 2071 2072 2208
3 2071 2208 2207
3 2072 2073 2209
3 2072 2209 2208
3 2073 2074 2210
3 2073 2210 2209
3 2074 2075 2211
3 2074 2211 2210
3 2075 2076 2212
3 2075 2212 2211
3 2076 2077 2213
3 2076 2213 2212
3 2077 2078 2214
3 2077 2214 2213
3 2078 2079 2215
3 2078 2215 2214
3 2079 2080 2216
3 2079 2216 2215
3 2080 2081 2217
3 2080 2217 2216
3 2081 2082 2218
3 2081 2218 2217
3 2082 2083 2219
3 2082 2219 2218
3 2083 2084 2220
3 2083 2220 2219
3 2084 2085 2221
3 2084 2221 2220
3 2085 2086 2222
3 2085 2222 2221
3 2086 2087 2223
3 2086 2223 2222
3 2087 2088 2224
3 2087 2224 2223
3 2088 2089 2225
3 2088 2225 2224
3 2089 2090 2226
3 2089 2226 2225
3 2090 2091 2227
3 2090 2227 2226
3 2091 2092 2228
3 2091 2228 2227
3 2092 2093 2229
3 2092 2229 2228
3 2093 2094 2230
3 2093 2230 2229
3 2094 2095 2231
3 2094 2231 2230
3 2095 2096 2232
3 2095 2232 2231
3 2096 2097 2233
3 2096 2233 2232
3 2097 2098 2234
3 2097 2234 2233
3 2098 2099 2235
3 2098 2235 2234
3 2099 2100 2236
3 2099 2236 2235
3 2100 2101 2237
3 2100 2237 2236
3 2101 2102 2238
3 2101 2238 2237
3 2102 2103 2239
3 2102 2239 2238
3 2103 2104 2240
3 2103 2240 2239
3 2104 2105 2241
3 2104 2241 2240
3 2105 2106 2242
3 2105 2242 2241
3 2106 2107 2243
3 2106 2243 2242
3 2107 2108 2244
3 2107 2244 2243
3 2108 2109 2245
3 2108 2245 2244
3 2109 2110 2246
3 2109 2246 2245
3 2110 2111 2247
3 2110 2247 2246
3 2111 2112 2248
3 2111 2248 2247
3 2112 2113 2249
3 2112 2249 2248
3 2113 2114 2250
3 2113 2250 2249
3 2114 2115 2251
3 2114 2251 2250
3 2115 2116 2252
3 2115 2252 2251
3 2116 2117 2253
3 2116 2253 2252
3 2117 2118 2254
3 2117 2254 2253
3 2118 2119 2255
3 2118 2255 2254
3 2119 1984 2120
3 2119 2120 2255
3 2309 2307 2306
3 2421 2418 2419
3 2325 2309 2306
3 2437 2418 2421
3 2309 2308 2307
3 2421 2419 2420
3 2309 2311 2310
3 2421 2422 2423
3 2325 2311 2309
3 2437 2421 2423
3 2304 2325 2306
3 2416 2418 2437
3 2325 2304 2302
3 2437 2414 2416
3 2304 2303 2302
3 2416 2414 2415
3 2311 2323 2313
3 2423 2425 2435
3 2323 2311 2325
3 2435 2437 2423
3 2362 2365 2363
3 2474 2475 2477
3 2365 2364 2363
3 2477 2475 2476
3 2365 2362 2361
3 2477 2473 2474
3 2341 2299 2263
3 2453 2375 2411
3 2312 2311 2313
3 2424 2425 2423
3 2305 2304 2306
3 2417 2418 2416
3 2327 2325 2302
3 2439 2414 2437
3 2320 2319 2318
3 2432 2430 2431
3 2324 2323 2325
3 2436 2437 2435
3 2365 2360 2366
3 2477 2478 2472
3 2360 2365 2361
3 2472 2473 2477
3 2299 2264 2263
3 2411 2375 2376
3 2360 2367 2366
3 2472 2478 2479
3 2367 2360 2357
3 2479 2469 2472
3 2323 2315 2313
3 2435 2425 2427
3 2317 2315 2323
3 2429 2435 2427
3 2316 2315 2317
3 2428 2429 2427
3 2315 2314 2313
3 2427 2425 2426
3 2321 2320 2318
3 2433 2430 2432
3 2317 2321 2318
3 2429 2430 2433
3 2327 2326 2325
3 2439 2437 2438
3 2360 2359 2357
3 2472 2469 2471
3 2347 2346 2258
3 2459 2370 2458
3 2297 2265 2264
3 2409 2376 2377
3 2338 2341 2340
3 2450 2452 2453
3 2338 2299 2341
3 2450 2453 2411
3 2301 2300 2302
3 2413 2414 2412
3 2346 2259 2258
3 2458 2370 2371
3 2345 2259 2346
3 2457 2458 2371
3 2343 2261 2345
3 2455 2457 2373
3 2344 2343 2345
3 2456 2457 2455
3 2343 2262 2261
3 2455 2373 2374
3 2343 2341 2263
3 2455 2375 2453
3 2262 2343 2263
3 2374 2375 2455
3 2257 2347 2258
3 2369 2370 2459
3 2276 2272 2278
3 2388 2390 2384
3 2356 2355 2354
3 2468 2466 2467
3 2367 2356 2354
3 2479 2466 2468
3 2356 2367 2357
3 2468 2469 2479
3 2322 2317 2323
3 2434 2435 2429
3 2322 2321 2317
3 2434 2429 2433
3 2359 2358 2357
3 2471 2469 2470
3 2298 2264 2299
3 2410 2411 2376
3 2298 2297 2264
3 2410 2376 2409
3 2339 2338 2340
3 2451 2452 2450
3 2328 2327 2302
3 2440 2414 2439
3 2300 2328 2302
3 2412 2414 2440
3 2329 2328 2330
3 2441 2442 2440
3 2261 2260 2345
3 2373 2457 2372
3 2260 2259 2345
3 2372 2457 2371
3 2343 2342 2341
3 2455 2453 2454
3 2350 2349 2256
3 2462 2368 2461
3 2349 2257 2256
3 2461 2368 2369
3 2347 2349 2348
3 2459 2460 2461
3 2257 2349 2347
3 2369 2459 2461
3 2351 2350 2256
3 2463 2368 2462
3 2351 2256 2354
3 2463 2466 2368
3 2353 2351 2354
3 2465 2466 2463
3 2352 2351 2353
3 2464 2465 2463
3 2272 2279 2278
3 2384 2390 2391
3 2285 2279 2272
3 2397 2384 2391
3 2287 2285 2272
3 2399 2384 2397
3 2270 2287 2272
3 2382 2384 2399
3 2285 2287 2286
3 2397 2398 2399
3 2287 2270 2291
3 2399 2403 2382
3 2289 2287 2291
3 2401 2403 2399
3 2287 2289 2288
3 2399 2400 2401
3 2270 2268 2291
3 2382 2403 2380
3 2268 2293 2291
3 2380 2403 2405
3 2271 2270 2272
3 2383 2384 2382
3 2276 2273 2272
3 2388 2384 2385
3 2277 2276 2278
3 2389 2390 2388
3 2295 2297 2296
3 2407 2408 2409
3 2297 2295 2265
3 2409 2377 2407
3 2295 2293 2265
3 2407 2377 2405
3 2293 2295 2294
3 2405 2406 2407
3 2293 2292 2291
3 2405 2403 2404
3 2336 2335 2334
3 2448 2446 2447
3 2331 2328 2300
3 2443 2412 2440
3 2328 2331 2330
3 2440 2442 2443
3 2283 2279 2285
3 2395 2397 2391
3 2284 2283 2285
3 2396 2397 2395
3 2293 2266 2265
3 2405 2377 2378
3 2268 2266 2293
3 2380 2405 2378
3 2266 2268 2267
3 2378 2379 2380
3 2269 2268 2270
3 2381 2382 2380
3 2274 2273 2276
3 2386 2388 2385
3 2275 2274 2276
3 2387 2388 2386
3 2256 2274 2354
3 2368 2466 2386
3 2274 2367 2354
3 2386 2466 2479
3 2290 2289 2291
3 2402 2403 2401
3 2337 2336 2334
3 2449 2446 2448
3 2300 2337 2334
3 2412 2446 2449
3 2338 2337 2299
3 2450 2411 2449
3 2337 2300 2299
3 2449 2411 2412
3 2333 2300 2334
3 2445 2446 2412
3 2333 2331 2300
3 2445 2412 2443
3 2331 2333 2332
3 2443 2444 2445
3 2283 2281 2279
3 2395 2391 2393
3 2281 2280 2279
3 2393 2391 2392
3 2281 2283 2282
3 2393 2394 2395
3 2480 2481 2593
3 2480 2593 2592
3 2481 2482 2594
3 2481 2594 2593
3 2482 2483 2595
3 2482 2595 2594
3 2483 2484 2596
3 2483 2596 2595
3 2484 2485 2597
3 2484 2597 2596
3 2485 2486 2598
3 2485 2598 2597
3 2486 2487 2599
3 2486 2599 2598
3 2487 2488 2600
3 2487 2600 2599
3 2488 2489 2601
3 2488 2601 2600
3 2489 2490 2602
3 2489 2602 2601
3 2490 2491 2603
3 2490 2603 2602
3 2491 2492 2604
3 2491 2604 2603
3 2492 2493 2605
3 2492 2605 2604
3 2493 2494 2606
3 2493 2606 2605
3 2494 2495 2607
3 2494 2607 2606
3 2495 2496 2608
3 2495 2608 2607
3 2496 2497 2609
3 2496 2609 2608
3 2497 2498 2610
3 2497 2610 2609
3 2498 2499 2611
3 2498 2611 2610
3 2499 2500 2612
3 2499 2612 2611
3 2500 2501 2613
3 2500 2613 2612
3 2501 2502 2614
3 2501 2614 2613
3 2502 2503 2615
3 2502 2615 2614
3 2503 2504 2616
3 2503 2616 2615
3 2504 2505 2617
3 2504 2617 2616
3 2505 2506 2618
3 2505 2618 2617
3 2506 2507 2619
3 2506 2619 2618
3 2507 2508 2620
3 2507 2620 2619
3 2508 2509 2621
3 2508 2621 2620
3 2509 2510 2622
3 2509 2622 2621
3 2510 2511 2623
3 2510 2623 2622
3 2511 2512 2624
3 2511 2624 2623
3 2512 2513 2625
3 2512 2625 2624
3 2513 2514 2626
3 2513 2626 2625
3 2514 2515 2627
3 2514 2627 2626
3 2515 2516 2628
3 2515 2628 2627
3 2516 2517 2629
3 2516 2629 2628
3 2517 2518 2630
3 2517 2630 2629
3 2518 2519 2631
3 2518 2631 2630
3 2519 2520 2632
3 2519 2632 2631
3 2520 2521 2633
3 2520 2633 2632
3 2521 2522 2634
3 2521 2634 2633
3 2522 2523 2635
3 2522 2635 2634
3 2523 2524 2636
3 2523 2636 2635
3 2524 2525 2637
3 2524 2637 2636
3 2525 2526 2638
3 2525 2638 2637
3 2526 2527 2639
3 2526 2639 2638
3 2527 2528 2640
3 2527 2640 2639
3 2528 2529 2641
3 2528 2641 2640
3 2529 2530 2642
3 2529 2642 2641
3 2530 2531 2643
3 2530 2643 2642
3 2531 2532 2644
3 2531 2644 2643
3 2532 2533 2645
3 2532 2645 2644
3 2533 2534 2646
3 2533 2646 2645
3 2534 2535 2647
3 2534 2647 2646
3 2535 2536 2648
3 2535 2648 2647
3 2536 2537 2649
3 2536 2649 2648
3 2537 2538 2650
3 2537 2650 2649
3 2538 2539 2651
3 2538 2651 2650
3 2539 2540 2652
3 2539 2652 2651
3 2540 2541 2653
3 2540 2653 2652
3 2541 2542 2654
3 2541 2654 2653
3 2542 2543 2655
3 2542 2655 2654
3 2543 2544 2656
3 2543 2656 2655
3 2544 2545 2657
3 2544 2657 2656
3 2545 2546 2658
3 2545 2658 2657
3 2546 2547 2659
3 2546 2659 2658
3 2547 2548 2660
3 2547 2660 2659
3 2548 2549 2661
3 2548 2661 2660
3 2549 2550 2662
3 2549 2662 2661
3 2550 2551 2663
3 2550 2663 2662
3 2551 2552 2664
3 2551 2664 2663
3 2552 2553 2665
3 2552 2665 2664
3 2553 2554 2666
3 2553 2666 2665
3 2554 2555 2667
3 2554 2667 2666
3 2555 2556 2668
3 2555 2668 2667
3 2556 2557 2669
3 2556 2669 2668
3 2557 2558 2670
3 2557 2670 2669
3 2558 2559 2671
3 2558 2671 2670
3 2559 2560 2672
3 2559 2672 2671
3 2560 2561 2673
3 2560 2673 2672
3 2561 2562 2674
3 2561 2674 2673
3 2562 2563 2675
3 2562 2675 2674
3 2563 2564 2676
3 2563 2676 2675
3 2564 2565 2677
3 2564 2677 2676
3 2565 2566 2678
3 2565 2678 2677
3 2566 2567 2679
3 2566 2679 2678
3 2567 2568 2680
3 2567 2680 2679
3 2568 2569 2681
3 2568 2681 2680
3 2569 2570 2682
3 2569 2682 2681
3 2570 2571 2683
3 2570 2683 2682
3 2571 2572 2684
3 2571 2684 2683
3 2572 2573 2685
3 2572 2685 2684
3 2573 2574 2686
3 2573 2686 2685
3 2574 2575 2687
3 2574 2687 2686
3 2575 2576 2688
3 2575 2688 2687
3 2576 2577 2689
3 2576 2689 2688
3 2577 2578 2690
3 2577 2690 2689
3 2578 2579 2691
3 2578 2691 2690
3 2579 2580 2692
3 2579 2692 2691
3 2580 2581 2693
3 2580 2693 2692
3 2581 2582 2694
3 2581 2694 2693
3 2582 2583 2695
3 2582 2695 2694
3 2583 2584 2696
3 2583 2696 2695
3 2584 2585 2697
3 2584 2697 2696
3 2585 2586 2698
3 2585 2698 2697
3 2586 2587 2699
3 2586 2699 2698
3 2587 2588 2700
3 2587 2700 2699
3 2588 2589 2701
3 2588 2701 2700
3 2589 2590 2702
3 2589 2702 2701
3 2590 2591 2703
3 2590 2703 2702
3 2591 2480 2592
3 2591 2592 2703
3 2757 2756 2758
3 2816 2817 2815
3 2731 2733 2732
3 2790 2791 2792
3 2754 2753 2755
3 2813 2814 2812
3 2753 2756 2755
3 2812 2814 2815
3 2734 2733 2731
3 2793 2790 2792
3 2730 2734 2731
3 2789 2790 2793
3 2739 2741 2740
3 2798 2799 2800
3 2756 2759 2758
3 2815 2817 2818
3 2753 2759 2756
3 2812 2815 2818
3 2720 2739 2738
3 2779 2797 2798
3 2739 2716 2741
3 2798 2800 2775
3 2741 2743 2742
3 2800 2801 2802
3 2743 2712 2710
3 2802 2769 2771
3 2760 2759 2761
3 2819 2820 2818
3 2751 2753 2752
3 2810 2811 2812
3 2751 2759 2753
3 2810 2812 2818
3 2759 2751 2761
3 2818 2820 2810
3 2751 2749 2761
3 2810 2820 2808
3 2749 2751 2750
3 2808 2809 2810
3 2726 2734 2730
3 2785 2789 2793
3 2726 2730 2729
3 2785 2788 2789
3 2726 2729 2728
3 2785 2787 2788
3 2727 2726 2728
3 2786 2787 2785
3 2734 2736 2735
3 2793 2794 2795
3 2737 2736 2734
3 2796 2793 2795
3 2720 2722 2721
3 2779 2780 2781
3 2737 2722 2738
3 2796 2797 2781
3 2722 2720 2738
3 2781 2797 2779
3 2720 2718 2739
3 2779 2798 2777
3 2718 2716 2739
3 2777 2798 2775
3 2716 2718 2717
3 2775 2776 2777
3 2745 2743 2710
3 2804 2769 2802
3 2743 2745 2744
3 2802 2803 2804
3 2709 2708 2710
3 2768 2769 2767
3 2708 2745 2710
3 2767 2769 2804
3 2745 2708 2747
3 2804 2806 2767
3 2714 2713 2712
3 2773 2771 2772
3 2714 2716 2715
3 2773 2774 2775
3 2716 2714 2741
3 2775 2800 2773
3 2714 2743 2741
3 2773 2800 2802
3 2743 2714 2712
3 2802 2771 2773
3 2712 2711 2710
3 2771 2769 2770
3 2704 2762 2761
3 2763 2820 2821
3 2749 2704 2761
3 2808 2820 2763
3 2724 2726 2725
3 2783 2784 2785
3 2724 2722 2737
3 2783 2796 2781
3 2724 2737 2734
3 2783 2793 2796
3 2726 2724 2734
3 2785 2793 2783
3 2722 2724 2723
3 2781 2782 2783
3 2719 2718 2720
3 2778 2779 2777
3 2746 2745 2747
3 2805 2806 2804
3 2706 2704 2749
3 2765 2808 2763
3 2706 2705 2704
3 2765 2763 2764
3 2706 2708 2707
3 2765 2766 2767
3 2708 2706 2747
3 2767 2806 2765
3 2747 2706 2748
3 2806 2807 2765
3 2706 2749 2748
3 2765 2807 2808
3 2822 2823 2882
3 2822 2882 2881
3 2823 2824 2883
3 2823 2883 2882
3 2824 2825 2884
3 2824 2884 2883
3 2825 2826 2885
3 2825 2885 2884
3 2826 2827 2886
3 2826 2886 2885
3 2827 2828 2887
3 2827 2887 2886
3 2828 2829 2888
3 2828 2888 2887
3 2829 2830 2889
3 2829 2889 2888
3 2830 2831 2890
3 2830 2890 2889
3 2831 2832 2891
3 2831 2891 2890
3 2832 2833 2892
3 2832 2892 2891
3 2833 2834 2893
3 2833 2893 2892
3 2834 2835 2894
3 2834 2894 2893
3 2835 2836 2895
3 2835 2895 2894
3 2836 2837 2896
3 2836 2896 2895
3 2837 2838 2897
3 2837 2897 2896
3 2838 2839 2898
3 2838 2898 2897
3 2839 2840 2899
3 2839 2899 2898
3 2840 2841 2900
3 2840 2900 2899
3 2841 2842 2901
3 2841 2901 2900
3 2842 2843 2902
3 2842 2902 2901
3 2843 2844 2903
3 2843 2903 2902
3 2844 2845 2904
3 2844 2904 2903
3 2845 2846 2905
3 2845 2905 2904
3 2846 2847 2906
3 2846 2906 2905
3 2847 2848 2907
3 2847 2907 2906
3 2848 2849 2908
3 2848 2908 2907
3 2849 2850 2909
3 2849 2909 2908
3 2850 2851 2910
3 2850 2910 2909
3 2851 2852 2911
3 2851 2911 2910
3 2852 2853 2912
3 2852 2912 2911
3 2853 2854 2913
3 2853 2913 2912
3 2854 2855 2914
3 2854 2914 2913
3 2855 2856 2915
3 2855 2915 2914
3 2856 2857 2916
3 2856 2916 2915
3 2857 2858 2917
3 2857 2917 2916
3 2858 2859 2918
3 2858 2918 2917
3 2859 2860 2919
3 2859 2919 2918
3 2860 2861 2920
3 2860 2920 2919
3 2861 2862 2921
3 2861 2921 2920
3 2862 2863 2922
3 2862 2922 2921
3 2863 2864 2923
3 2863 2923 2922
3 2864 2865 2924
3 2864 2924 2923
3 2865 2866 2925
3 2865 2925 2924
3 2866 2867 2926
3 2866 2926 2925
3 2867 2868 2927
3 2867 2927 2926
3 2868 2869 2928
3 2868 2928 2927
3 2869 2870 2929
3 2869 2929 2928
3 2870 2871 2930
3 2870 2930 2929
3 2871 2872 2931
3 2871 2931 2930
3 2872 2873 2932
3 2872 2932 2931
3 2873 2874 2933
3 2873 2933 2932
3 2874 2875 2934
3 2874 2934 2933
3 2875 2876 2935
3 2875 2935 2934
3 2876 2877 2936
3 2876 2936 2935
3 2877 2878 2937
3 2877 2937 2936
3 2878 2879 2938
3 2878 2938 2937
3 2879 2880 2939
3 2879 2939 2938
3 2880 2822 2881
3 2880 2881 2939
3 3018 3017 3019
3 3133 3134 3132
3 3051 2984 2941
3 3166 3056 3099
3 2954 2953 2955
3 3069 3070 3068
3 2975 2974 2976
3 3090 3091 3089
3 2951 2953 2952
3 3066 3067 3068
3 2962 2961 2960
3 3077 3075 3076
3 2959 2962 2960
3 3074 3075 3077
3 2962 2964 2963
3 3077 3078 3079
3 2953 2956 2955
3 3068 3070 3071
3 2956 2953 2957
3 3071 3072 3068
3 3052 3051 2941
3 3167 3056 3166
3 2984 3047 2985
3 3099 3100 3162
3 2966 2965 2967
3 3081 3082 3080
3 2965 2962 2959
3 3080 3074 3077
3 2962 2965 2964
3 3077 3079 3080
3 3007 3000 3021
3 3122 3136 3115
3 3009 3007 3021
3 3124 3136 3122
3 3017 3015 3019
3 3132 3134 3130
3 3015 3020 3019
3 3130 3134 3135
3 3035 2993 3037
3 3150 3152 3108
3 2994 2993 2995
3 3109 3110 3108
3 2993 3035 2995
3 3108 3110 3150
3 3045 3047 3046
3 3160 3161 3162
3 3035 3033 2995
3 3150 3110 3148
3 2940 3053 2941
3 3055 3056 3168
3 3053 3052 2941
3 3168 3056 3167
3 3053 2940 3054
3 3168 3169 3055
3 3036 3035 3037
3 3151 3152 3150
3 3048 2984 3051
3 3163 3166 3099
3 3048 3047 2984
3 3163 3099 3162
3 2965 2968 2967
3 3080 3082 3083
3 2958 2965 2959
3 3073 3074 3080
3 2968 2958 2957
3 3083 3072 3073
3 2958 2968 2965
3 3073 3080 3083
3 3008 3007 3009
3 3123 3124 3122
3 3007 3002 3000
3 3122 3115 3117
3 3000 3002 3001
3 3115 3116 3117
3 3028 2997 3031
3 3143 3146 3112
3 2997 2996 2995
3 3112 3110 3111
3 3033 2997 2995
3 3148 3110 3112
3 2997 3033 3031
3 3112 3146 3148
3 3029 3031 3030
3 3144 3145 3146
3 3029 3028 3031
3 3144 3146 3143
3 3000 2999 3021
3 3115 3136 3114
3 2999 3023 3021
3 3114 3136 3138
3 3023 2999 3027
3 3138 3142 3114
3 2997 2999 2998
3 3112 3113 3114
3 2999 3028 3027
3 3114 3142 3143
3 2999 2997 3028
3 3114 3143 3112
3 3023 3022 3021
3 3138 3136 3137
3 3025 3023 3027
3 3140 3142 3138
3 2993 2991 3037
3 3108 3152 3106
3 3047 2986 2985
3 3162 3100 3101
3 3045 2986 3047
3 3160 3162 3101
3 3045 3044 3043
3 3160 3158 3159
3 3040 2991 2990
3 3155 3105 3106
3 2991 3040 3037
3 3106 3152 3155
3 3040 3039 3037
3 3155 3152 3154
3 3033 3032 3031
3 3148 3146 3147
3 3039 3038 3037
3 3154 3152 3153
3 3050 3049 3051
3 3165 3166 3164
3 3049 3048 3051
3 3164 3166 3163
3 2974 2977 2976
3 3089 3091 3092
3 2973 2951 2974
3 3088 3089 3066
3 2973 2972 2951
3 3088 3066 3087
3 2972 2969 2951
3 3087 3066 3084
3 2951 2969 2953
3 3066 3068 3084
3 2969 2971 2970
3 3084 3085 3086
3 2971 2969 2972
3 3086 3087 3084
3 2953 2969 2957
3 3068 3072 3084
3 2969 2968 2957
3 3084 3072 3083
3 3007 3006 3005
3 3122 3120 3121
3 3004 3007 3005
3 3119 3120 3122
3 3004 3002 3007
3 3119 3122 3117
3 3002 3004 3003
3 3117 3118 3119
3 3026 3025 3027
3 3141 3142 3140
3 3025 3024 3023
3 3140 3138 3139
3 2992 2991 2993
3 3107 3108 3106
3 2987 3045 3043
3 3102 3158 3160
3 2987 2986 3045
3 3102 3160 3101
3 3040 3042 3041
3 3155 3156 3157
3 3043 3042 2990
3 3158 3105 3157
3 3042 3040 2990
3 3157 3105 3155
3 3034 3033 3035
3 3149 3150 3148
3 2949 2977 2974
3 3064 3089 3092
3 2949 2951 2950
3 3064 3065 3066
3 2951 2949 2974
3 3066 3089 3064
3 2980 2979 2981
3 3095 3096 3094
3 2979 2982 2981
3 3094 3096 3097
3 3016 3015 3017
3 3131 3132 3130
3 3012 3009 3021
3 3127 3136 3124
3 3012 3010 3009
3 3127 3124 3125
3 3020 3012 3021
3 3135 3136 3127
3 3015 3012 3020
3 3130 3135 3127
3 2988 3043 2990
3 3103 3105 3158
3 2988 2987 3043
3 3103 3158 3102
3 2989 2988 2990
3 3104 3105 3103
3 2943 2942 2983
3 3058 3098 3057
3 2984 2942 2941
3 3099 3056 3057
3 2983 2942 2984
3 3098 3099 3057
3 2944 2983 2982
3 3059 3097 3098
3 2944 2943 2983
3 3059 3098 3058
3 3012 3011 3010
3 3127 3125 3126
3 2947 2979 2978
3 3062 3093 3094
3 2977 2947 2978
3 3092 3093 3062
3 2949 2947 2977
3 3064 3092 3062
3 2948 2947 2949
3 3063 3064 3062
3 2947 2946 2979
3 3062 3094 3061
3 2944 2946 2945
3 3059 3060 3061
3 2979 2946 2982
3 3094 3097 3061
3 2946 2944 2982
3 3061 3097 3059
3 3012 3014 3013
3 3127 3128 3129
3 3014 3012 3015
3 3129 3130 3127
3 3170 3171 3286
3 3170 3286 3285
3 3171 3172 3287
3 3171 3287 3286
3 3172 3173 3288
3 3172 3288 3287
3 3173 3174 3289
3 3173 3289 3288
3 3174 3175 3290
3 3174 3290 3289
3 3175 3176 3291
3 3175 3291 3290
3 3176 3177 3292
3 3176 3292 3291
3 3177 3178 3293
3 3177 3293 3292
3 3178 3179 3294
3 3178 3294 3293
3 3179 3180 3295
3 3179 3295 3294
3 3180 3181 3296
3 3180 3296 3295
3 3181 3182 3297
3 3181 3297 3296
3 3182 3183 3298
3 3182 3298 3297
3 3183 3184 3299
3 3183 3299 3298
3 3184 3185 3300
3 3184 3300 3299
3 3185 3186 3301
3 3185 3301 3300
3 3186 3187 3302
3 3186 3302 3301
3 3187 3188 3303
3 3187 3303 3302
3 3188 3189 3304
3 3188 3304 3303
3 3189 3190 3305
3 3189 3305 3304
3 3190 3191 3306
3 3190 3306 3305
3 3191 3192 3307
3 3191 3307 3306
3 3192 3193 3308
3 3192 3308 3307
3 3193 3194 3309
3 3193 3309 3308
3 3194 3195 3310
3 3194 3310 3309
3 3195 3196 3311
3 3195 3311 3310
3 3196 3197 3312
3 3196 3312 3311
3 3197 3198 3313
3 3197 3313 3312
3 3198 3199 3314
3 3198 3314 3313
3 3199 3200 3315
3 3199 3315 3314
3 3200 3201 3316
3 3200 3316 3315
3 3201 3202 3317
3 3201 3317 3316
3 3202 3203 3318
3 3202 3318 3317
3 3203 3204 3319
3 3203 3319 3318
3 3204 3205 3320
3 3204 3320 3319
3 3205 3206 3321
3 3205 3321 3320
3 3206 3207 3322
3 3206 3322 3321
3 3207 3208 3323
3 3207 3323 3322
3 3208 3209 3324
3 3208 3324 3323
3 3209 3210 3325
3 3209 3325 3324
3 3210 3211 3326
3 3210 3326 3325
3 3211 3212 3327
3 3211 3327 3326
3 3212 3213 3328
3 3212 3328 3327
3 3213 3214 3329
3 3213 3329 3328
3 3214 3215 3330
3 3214 3330 3329
3 3215 3216 3331
3 3215 3331 3330
3 3216 3217 3332
3 3216 3332 3331
3 3217 3218 3333
3 3217 3333 3332
3 3218 3219 3334
3 3218 3334 3333
3 3219 3220 3335
3 3219 3335 3334
3 3220 3221 3336
3 3220 3336 3335
3 3221 3222 3337
3 3221 3337 3336
3 3222 3223 3338
3 3222 3338 3337
3 3223 3224 3339
3 3223 3339 3338
3 3224 3225 3340
3 3224 3340 3339
3 3225 3226 3341
3 3225 3341 3340
3 3226 3227 3342
3 3226 3342 3341
3 3227 3228 3343
3 3227 3343 3342
3 3228 3229 3344
3 3228 3344 3343
3 3229 3230 3345
3 3229 3345 3344
3 3230 3231 3346
3 3230 3346 3345
3 3231 3232 3347
3 3231 3347 3346
3 3232 3233 3348
3 3232 3348 3347
3 3233 3234 3349
3 3233 3349 3348
3 3234 3235 3350
3 3234 3350 3349
3 3235 3236 3351
3 3235 3351 3350
3 3236 3237 3352
3 3236 3352 3351
3 3237 3238 3353
3 3237 3353 3352
3 3238 3239 3354
3 3238 3354 3353
3 3239 3240 3355
3 3239 3355 3354
3 3240 3241 3356
3 3240 3356 3355
3 3241 3242 3357
3 3241 3357 3356
3 3242 3243 3358
3 3242 3358 3357
3 3243 3244 3359
3 3243 3359 3358
3 3244 3245 3360
3 3244 3360 3359
3 3245 3246 3361
3 3245 3361 3360
3 3246 3247 3362
3 3246 3362 3361
3 3247 3248 3363
3 3247 3363 3362
3 3248 3249 3364
3 3248 3364 3363
3 3249 3250 3365
3 3249 3365 3364
3 3250 3251 3366
3 3250 3366 3365
3 3251 3252 3367
3 3251 3367 3366
3 3252 3253 3368
3 3252 3368 3367
3 3253 3254 3369
3 3253 3369 3368
3 3254 3255 3370
3 3254 3370 3369
3 3255 3256 3371
3 3255 3371 3370
3 3256 3257 3372
3 3256 3372 3371
3 3257 3258 3373
3 3257 3373 3372
3 3258 3259 3374
3 3258 3374 3373
3 3259 3260 3375
3 3259 3375 3374
3 3260 3261 3376
3 3260 3376 3375
3 3261 3262 3377
3 3261 3377 3376
3 3262 3263 3378
3 3262 3378 3377
3 3263 3264 3379
3 3263 3379 3378
3 3264 3265 3380
3 3264 3380 3379
3 3265 3266 3381
3 3265 3381 3380
3 3266 3267 3382
3 3266 3382 3381
3 3267 3268 3383
3 3267 3383 3382
3 3268 3269 3384
3 3268 3384 3383
3 3269 3270 3385
3 3269 3385 3384
3 3270 3271 3386
3 3270 3386 3385
3 3271 3272 3387
3 3271 3387 3386
3 3272 3273 3388
3 3272 3388 3387
3 3273 3274 3389
3 3273 3389 3388
3 3274 3275 3390
3 3274 3390 3389
3 3275 3276 3391
3 3275 3391 3390
3 3276 3277 3392
3 3276 3392 3391
3 3277 3278 3393
3 3277 3393 3392
3 3278 3279 3394
3 3278 3394 3393
3 3279 3280 3395
3 3279 3395 3394
3 3280 3281 3396
3 3280 3396 3395
3 3281 3282 3397
3 3281 3397 3396
3 3282 3283 3398
3 3282 3398 3397
3 3283 3284 3399
3 3283 3399 3398
3 3284 3170 3285
3 3284 3285 3399
3 3401 3429 3416
3 3433 3448 3461
3 3400 3429 3401
3 3432 3433 3461
3 3422 3424 3423
3 3454 3455 3456
3 3429 3427 3416
3 3461 3448 3459
3 3428 3427 3429
3 3460 3461 3459
3 3430 3400 3431
3 3462 3463 3432
3 3400 3430 3429
3 3432 3461 3462
3 3412 3414 3413
3 3444 3445 3446
3 3414 3401 3416
3 3446 3448 3433
3 3414 3412 3401
3 3446 3433 3444
3 3422 3425 3424
3 3454 3456 3457
3 3425 3427 3426
3 3457 3458 3459
3 3427 3425 3422
3 3459 3454 3457
3 3427 3418 3416
3 3459 3448 3450
3 3418 3417 3416
3 3450 3448 3449
3 3407 3404 3408
3 3439 3440 3436
3 3404 3406 3405
3 3436 3437 3438
3 3404 3407 3406
3 3436 3438 3439
3 3402 3411 3408
3 3434 3440 3443
3 3411 3410 3408
3 3443 3440 3442
3 3412 3411 3401
3 3444 3433 3443
3 3411 3402 3401
3 3443 3433 3434
3 3415 3414 3416
3 3447 3448 3446
3 3410 3409 3408
3 3442 3440 3441
3 3418 3420 3419
3 3450 3451 3452
3 3421 3420 3422
3 3453 3454 3452
3 3420 3427 3422
3 3452 3454 3459
3 3420 3418 3427
3 3452 3459 3450
3 3403 3402 3408
3 3435 3440 3434
3 3404 3403 3408
3 3436 3440 3435
3 3464 3465 3497
3 3464 3497 3496
3 3465 3466 3498
3 3465 3498 3497
3 3466 3467 3499
3 3466 3499 3498
3 3467 3468 3500
3 3467 3500 3499
3 3468 3469 3501
3 3468 3501 3500
3 3469 3470 3502
3 3469 3502 3501
3 3470 3471 3503
3 3470 3503 3502
3 3471 3472 3504
3 3471 3504 3503
3 3472 3473 3505
3 3472 3505 3504
3 3473 3474 3506
3 3473 3506 3505
3 3474 3475 3507
3 3474 3507 3506
3 3475 3476 3508
3 3475 3508 3507
3 3476 3477 3509
3 3476 3509 3508
3 3477 3478 3510
3 3477 3510 3509
3 3478 3479 3511
3 3478 3511 3510
3 3479 3480 3512
3 3479 3512 3511
3 3480 3481 3513
3 3480 3513 3512
3 3481 3482 3514
3 3481 3514 3513
3 3482 3483 3515
3 3482 3515 3514
3 3483 3484 3516
3 3483 3516 3515
3 3484 3485 3517
3 3484 3517 3516
3 3485 3486 3518
3 3485 3518 3517
3 3486 3487 3519
3 3486 3519 3518
3 3487 3488 3520
3 3487 3520 3519
3 3488 3489 3521
3 3488 3521 3520
3 3489 3490 3522
3 3489 3522 3521
3 3490 3491 3523
3 3490 3523 3522
3 3491 3492 3524
3 3491 3524 3523
3 3492 3493 3525
3 3492 3525 3524
3 3493 3494 3526
3 3493 3526 3525
3 3494 3495 3527
3 3494 3527 3526
3 3495 3464 3496
3 3495 3496 3527
3 3576 3575 3574
3 3625 3623 3624
3 3573 3576 3574
3 3622 3623 3625
3 3552 3554 3553
3 3601 3602 3603
3 3551 3554 3552
3 3600 3601 3603
3 3570 3573 3572
3 3619 3621 3622
3 3571 3570 3572
3 3620 3621 3619
3 3563 3562 3564
3 3612 3613 3611
3 3555 3554 3556
3 3604 3605 3603
3 3549 3551 3550
3 3598 3599 3600
3 3570 3529 3573
3 3619 3622 3578
3 3529 3570 3569
3 3578 3618 3619
3 3562 3538 3564
3 3611 3613 3587
3 3544 3543 3558
3 3593 3607 3592
3 3546 3544 3556
3 3595 3605 3593
3 3544 3546 3545
3 3593 3594 3595
3 3543 3542 3558
3 3592 3607 3591
3 3548 3546 3556
3 3597 3605 3595
3 3554 3548 3556
3 3603 3605 3597
3 3548 3554 3551
3 3597 3600 3603
3 3549 3548 3551
3 3598 3600 3597
3 3573 3528 3576
3 3622 3625 3577
3 3529 3528 3573
3 3578 3622 3577
3 3529 3568 3530
3 3578 3579 3617
3 3568 3529 3569
3 3617 3618 3578
3 3533 3565 3564
3 3582 3613 3614
3 3538 3536 3564
3 3587 3613 3585
3 3536 3533 3564
3 3585 3613 3582
3 3537 3536 3538
3 3586 3587 3585
3 3536 3535 3534
3 3585 3583 3584
3 3533 3536 3534
3 3582 3583 3585
3 3557 3544 3558
3 3606 3607 3593
3 3544 3557 3556
3 3593 3605 3606
3 3542 3540 3562
3 3591 3611 3589
3 3538 3540 3539
3 3587 3588 3589
3 3540 3538 3562
3 3589 3611 3587
3 3541 3540 3542
3 3590 3591 3589
3 3560 3542 3562
3 3609 3611 3591
3 3561 3560 3562
3 3610 3611 3609
3 3560 3559 3558
3 3609 3607 3608
3 3542 3560 3558
3 3591 3607 3609
3 3548 3547 3546
3 3597 3595 3596
3 3566 3568 3567
3 3615 3616 3617
3 3533 3566 3565
3 3582 3614 3615
3 3532 3566 3533
3 3581 3582 3615
3 3531 3566 3532
3 3580 3581 3615
3 3568 3531 3530
3 3617 3579 3580
3 3566 3531 3568
3 3615 3617 3580
3 3626 3627 3676
3 3626 3676 3675
3 3627 3628 3677
3 3627 3677 3676
3 3628 3629 3678
3 3628 3678 3677
3 3629 3630 3679
3 3629 3679 3678
3 3630 3631 3680
3 3630 3680 3679
3 3631 3632 3681
3 3631 3681 3680
3 3632 3633 3682
3 3632 3682 3681
3 3633 3634 3683
3 3633 3683 3682
3 3634 3635 3684
3 3634 3684 3683
3 3635 3636 3685
3 3635 3685 3684
3 3636 3637 3686
3 3636 3686 3685
3 3637 3638 3687
3 3637 3687 3686
3 3638 3639 3688
3 3638 3688 3687
3 3639 3640 3689
3 3639 3689 3688
3 3640 3641 3690
3 3640 3690 3689
3 3641 3642 3691
3 3641 3691 3690
3 3642 3643 3692
3 3642 3692 3691
3 3643 3644 3693
3 3643 3693 3692
3 3644 3645 3694
3 3644 3694 3693
3 3645 3646 3695
3 3645 3695 3694
3 3646 3647 3696
3 3646 3696 3695
3 3647 3648 3697
3 3647 3697 3696
3 3648 3649 3698
3 3648 3698 3697
3 3649 3650 3699
3 3649 3699 3698
3 3650 3651 3700
3 3650 3700 3699
3 3651 3652 3701
3 3651 3701 3700
3 3652 3653 3702
3 3652 3702 3701
3 3653 3654 3703
3 3653 3703 3702
3 3654 3655 3704
3 3654 3704 3703
3 3655 3656 3705
3 3655 3705 3704
3 3656 3657 3706
3 3656 3706 3705
3 3657 3658 3707
3 3657 3707 3706
3 3658 3659 3708
3 3658 3708 3707
3 3659 3660 3709
3 3659 3709 3708
3 3660 3661 3710
3 3660 3710 3709
3 3661 3662 3711
3 3661 3711 3710
3 3662 3663 3712
3 3662 3712 3711
3 3663 3664 3713
3 3663 3713 3712
3 3664 3665 3714
3 3664 3714 3713
3 3665 3666 3715
3 3665 3715 3714
3 3666 3667 3716
3 3666 3716 3715
3 3667 3668 3717
3 3667 3717 3716
3 3668 3669 3718
3 3668 3718 3717
3 3669 3670 3719
3 3669 3719 3718
3 3670 3671 3720
3 3670 3720 3719
3 3671 3672 3721
3 3671 3721 3720
3 3672 3673 3722
3 3672 3722 3721
3 3673 3674 3723
3 3673 3723 3722
3 3674 3626 3675
3 3674 3675 3723
3 3731 3729 3749
3 3771 3789 3769
3 3752 3726 3724
3 3792 3764 3766
3 3763 3752 3724
3 3803 3764 3792
3 3752 3763 3753
3 3792 3793 3803
3 3732 3731 3749
3 3772 3789 3771
3 3733 3732 3749
3 3773 3789 3772
3 3726 3725 3724
3 3766 3764 3765
3 3757 3759 3758
3 3797 3798 3799
3 3757 3756 3759
3 3797 3799 3796
3 3730 3729 3731
3 3770 3771 3769
3 3742 3746 3744
3 3782 3784 3786
3 3748 3733 3749
3 3788 3789 3773
3 3748 3746 3742
3 3788 3782 3786
3 3743 3742 3744
3 3783 3784 3782
3 3748 3740 3733
3 3788 3773 3780
3 3740 3748 3742
3 3780 3782 3788
3 3755 3754 3756
3 3795 3796 3794
3 3754 3761 3756
3 3794 3796 3801
3 3761 3754 3753
3 3801 3793 3794
3 3761 3763 3762
3 3801 3802 3803
3 3763 3761 3753
3 3803 3793 3801
3 3726 3750 3727
3 3766 3767 3790
3 3752 3750 3726
3 3792 3766 3790
3 3751 3750 3752
3 3791 3792 3790
3 3750 3728 3727
3 3790 3767 3768
3 3729 3750 3749
3 3769 3789 3790
3 3728 3750 3729
3 3768 3769 3790
3 3741 3740 3742
3 3781 3782 3780
3 3746 3745 3744
3 3786 3784 3785
3 3756 3760 3759
3 3796 3799 3800
3 3761 3760 3756
3 3801 3796 3800
3 3738 3740 3739
3 3778 3779 3780
3 3738 3736 3740
3 3778 3780 3776
3 3740 3734 3733
3 3780 3773 3774
3 3736 3734 3740
3 3776 3780 3774
3 3748 3747 3746
3 3788 3786 3787
3 3735 3734 3736
3 3775 3776 3774
3 3738 3737 3736
3 3778 3776 3777
3 3804 3805 3845
3 3804 3845 3844
3 3805 3806 3846
3 3805 3846 3845
3 3806 3807 3847
3 3806 3847 3846
3 3807 3808 3848
3 3807 3848 3847
3 3808 3809 3849
3 3808 3849 3848
3 3809 3810 3850
3 3809 3850 3849
3 3810 3811 3851
3 3810 3851 3850
3 3811 3812 3852
3 3811 3852 3851
3 3812 3813 3853
3 3812 3853 3852
3 3813 3814 3854
3 3813 3854 3853
3 3814 3815 3855
3 3814 3855 3854
3 3815 3816 3856
3 3815 3856 3855
3 3816 3817 3857
3 3816 3857 3856
3 3817 3818 3858
3 3817 3858 3857
3 3818 3819 3859
3 3818 3859 3858
3 3819 3820 3860
3 3819 3860 3859
3 3820 3821 3861
3 3820 3861 3860
3 3821 3822 3862
3 3821 3862 3861
3 3822 3823 3863
3 3822 3863 3862
3 3823 3824 3864
3 3823 3864 3863
3 3824 3825 3865
3 3824 3865 3864
3 3825 3826 3866
3 3825 3866 3865
3 3826 3827 3867
3 3826 3867 3866
3 3827 3828 3868
3 3827 3868 3867
3 3828 3829 3869
3 3828 3869 3868
3 3829 3830 3870
3 3829 3870 3869
3 3830 3831 3871
3 3830 3871 3870
3 3831 3832 3872
3 3831 3872 3871
3 3832 3833 3873
3 3832 3873 3872
3 3833 3834 3874
3 3833 3874 3873
3 3834 3835 3875
3 3834 3875 3874
3 3835 3836 3876
3 3835 3876 3875
3 3836 3837 3877
3 3836 3877 3876
3 3837 3838 3878
3 3837 3878 3877
3 3838 3839 3879
3 3838 3879 3878
3 3839 3840 3880
3 3839 3880 3879
3 3840 3841 3881
3 3840 3881 3880
3 3841 3842 3882
3 3841 3882 3881
3 3842 3843 3883
3 3842 3883 3882
3 3843 3804 3844
3 3843 3844 3883
3 3909 3907 3906
3 3970 3967 3968
3 3909 3908 3907
3 3970 3968 3969
3 3943 3941 3944
3 4004 4005 4002
3 3941 3943 3942
3 4002 4003 4004
3 3941 3884 3944
3 4002 4005 3945
3 3931 3930 3896
3 3992 3957 3991
3 3930 3897 3896
3 3991 3957 3958
3 3930 3927 3897
3 3991 3958 3988
3 3933 3931 3896
3 3994 3957 3992
3 3935 3933 3896
3 3996 3957 3994
3 3933 3935 3934
3 3994 3995 3996
3 3921 3901 3900
3 3982 3961 3962
3 3920 3901 3921
3 3981 3982 3962
3 3917 3904 3903
3 3978 3964 3965
3 3888 3890 3889
3 3949 3950 3951
3 3887 3890 3888
3 3948 3949 3951
3 3890 3887 3886
3 3951 3947 3948
3 3939 3941 3940
3 4000 4001 4002
3 3939 3884 3941
3 4000 4002 3945
3 3884 3937 3885
3 3945 3946 3998
3 3939 3937 3884
3 4000 3945 3998
3 3922 3921 3900
3 3983 3961 3982
3 3927 3925 3897
3 3988 3958 3986
3 3933 3932 3931
3 3994 3992 3993
3 3911 3904 3913
3 3972 3974 3965
3 3912 3911 3913
3 3973 3974 3972
3 3909 3911 3910
3 3970 3971 3972
3 3905 3909 3906
3 3966 3967 3970
3 3905 3911 3909
3 3966 3970 3972
3 3911 3905 3904
3 3972 3965 3966
3 3904 3915 3913
3 3965 3974 3976
3 3917 3915 3904
3 3978 3965 3976
3 3915 3914 3913
3 3976 3974 3975
3 3915 3917 3916
3 3976 3977 3978
3 3938 3937 3939
3 3999 4000 3998
3 3926 3925 3927
3 3987 3988 3986
3 3902 3901 3920
3 3963 3981 3962
3 3919 3902 3920
3 3980 3981 3963
3 3902 3917 3903
3 3963 3964 3978
3 3902 3919 3917
3 3963 3978 3980
3 3919 3918 3917
3 3980 3978 3979
3 3894 3937 3936
3 3955 3997 3998
3 3937 3894 3885
3 3998 3946 3955
3 3935 3894 3936
3 3996 3997 3955
3 3894 3935 3896
3 3955 3957 3996
3 3895 3894 3896
3 3956 3957 3955
3 3898 3924 3923
3 3959 3984 3985
3 3922 3898 3923
3 3983 3984 3959
3 3899 3898 3900
3 3960 3961 3959
3 3898 3922 3900
3 3959 3961 3983
3 3925 3898 3897
3 3986 3958 3959
3 3924 3898 3925
3 3985 3986 3959
3 3894 3892 3885
3 3955 3946 3953
3 3893 3892 3894
3 3954 3955 3953
3 3892 3886 3885
3 3953 3946 3947
3 3892 3890 3886
3 3953 3947 3951
3 3892 3891 3890
3 3953 3951 3952
3 3930 3929 3927
3 3991 3988 3990
3 3927 3929 3928
3 3988 3989 3990
3 4006 4007 4068
3 4006 4068 4067
3 4007 4008 4069
3 4007 4069 4068
3 4008 4009 4070
3 4008 4070 4069
3 4009 4010 4071
3 4009 4071 4070
3 4010 4011 4072
3 4010 4072 4071
3 4011 4012 4073
3 4011 4073 4072
3 4012 4013 4074
3 4012 4074 4073
3 4013 4014 4075
3 4013 4075 4074
3 4014 4015 4076
3 4014 4076 4075
3 4015 4016 4077
3 4015 4077 4076
3 4016 4017 4078
3 4016 4078 4077
3 4017 4018 4079
3 4017 4079 4078
3 4018 4019 4080
3 4018 4080 4079
3 4019 4020 4081
3 4019 4081 4080
3 4020 4021 4082
3 4020 4082 4081
3 4021 4022 4083
3 4021 4083 4082
3 4022 4023 4084
3 4022 4084 4083
3 4023 4024 4085
3 4023 4085 4084
3 4024 4025 4086
3 4024 4086 4085
3 4025 4026 4087
3 4025 4087 4086
3 4026 4027 4088
3 4026 4088 4087
3 4027 4028 4089
3 4027 4089 4088
3 4028 4029 4090
3 4028 4090 4089
3 4029 4030 4091
3 4029 4091 4090
3 4030 4031 4092
3 4030 4092 4091
3 4031 4032 4093
3 4031 4093 4092
3 4032 4033 4094
3 4032 4094 4093
3 4033 4034 4095
3 4033 4095 4094
3 4034 4035 4096
3 4034 4096 4095
3 4035 4036 4097
3 4035 4097 4096
3 4036 4037 4098
3 4036 4098 4097
3 4037 4038 4099
3 4037 4099 4098
3 4038 4039 4100
3 4038 4100 4099
3 4039 4040 4101
3 4039 4101 4100
3 4040 4041 4102
3 4040 4102 4101
3 4041 4042 4103
3 4041 4103 4102
3 4042 4043 4104
3 4042 4104 4103
3 4043 4044 4105
3 4043 4105 4104
3 4044 4045 4106
3 4044 4106 4105
3 4045 4046 4107
3 4045 4107 4106
3 4046 4047 4108
3 4046 4108 4107
3 4047 4048 4109
3 4047 4109 4108
3 4048 4049 4110
3 4048 4110 4109
3 4049 4050 4111
3 4049 4111 4110
3 4050 4051 4112
3 4050 4112 4111
3 4051 4052 4113
3 4051 4113 4112
3 4052 4053 4114
3 4052 4114 4113
3 4053 4054 4115
3 4053 4115 4114
3 4054 4055 4116
3 4054 4116 4115
3 4055 4056 4117
3 4055 4117 4116
3 4056 4057 4118
3 4056 4118 4117
3 4057 4058 4119
3 4057 4119 4118
3 4058 4059 4120
3 4058 4120 4119
3 4059 4060 4121
3 4059 4121 4120
3 4060 4061 4122
3 4060 4122 4121
3 4061 4062 4123
3 4061 4123 4122
3 4062 4063 4124
3 4062 4124 4123
3 4063 4064 4125
3 4063 4125 4124
3 4064 4065 4126
3 4064 4126 4125
3 4065 4066 4127
3 4065 4127 4126
3 4066 4006 4067
3 4066 4067 4127
3 4131 4153 4152
3 4158 4179 4180
3 4133 4131 4152
3 4160 4179 4158
3 4131 4129 4153
3 4158 4180 4156
3 4154 4129 4128
3 4181 4155 4156
3 4129 4154 4153
3 4156 4180 4181
3 4130 4129 4131
3 4157 4158 4156
3 4148 4151 4150
3 4175 4177 4178
3 4148 4150 4149
3 4175 4176 4177
3 4135 4133 4152
3 4162 4179 4160
3 4151 4135 4152
3 4178 4179 4162
3 4132 4131 4133
3 4159 4160 4158
3 4151 4147 4139
3 4178 4166 4174
3 4148 4147 4151
3 4175 4178 4174
3 4135 4137 4136
3 4162 4163 4164
3 4138 4137 4139
3 4165 4166 4164
3 4137 4151 4139
3 4164 4166 4178
3 4137 4135 4151
3 4164 4178 4162
3 4135 4134 4133
3 4162 4160 4161
3 4142 4141 4143
3 4169 4170 4168
3 4141 4140 4139
3 4168 4166 4167
3 4147 4141 4139
3 4174 4166 4168
3 4141 4147 4143
3 4168 4170 4174
3 4146 4144 4143
3 4173 4170 4171
3 4147 4146 4143
3 4174 4170 4173
3 4144 4146 4145
3 4171 4172 4173
3 4182 4183 4210
3 4182 4210 4209
3 4183 4184 4211
3 4183 4211 4210
3 4184 4185 4212
3 4184 4212 4211
3 4185 4186 4213
3 4185 4213 4212
3 4186 4187 4214
3 4186 4214 4213
3 4187 4188 4215
3 4187 4215 4214
3 4188 4189 4216
3 4188 4216 4215
3 4189 4190 4217
3 4189 4217 4216
3 4190 4191 4218
3 4190 4218 4217
3 4191 4192 4219
3 4191 4219 4218
3 4192 4193 4220
3 4192 4220 4219
3 4193 4194 4221
3 4193 4221 4220
3 4194 4195 4222
3 4194 4222 4221
3 4195 4196 4223
3 4195 4223 4222
3 4196 4197 4224
3 4196 4224 4223
3 4197 4198 4225
3 4197 4225 4224
3 4198 4199 4226
3 4198 4226 4225
3 4199 4200 4227
3 4199 4227 4226
3 4200 4201 4228
3 4200 4228 4227
3 4201 4202 4229
3 4201 4229 4228
3 4202 4203 4230
3 4202 4230 4229
3 4203 4204 4231
3 4203 4231 4230
3 4204 4205 4232
3 4204 4232 4231
3 4205 4206 4233
3 4205 4233 4232
3 4206 4207 4234
3 4206 4234 4233
3 4207 4208 4235
3 4207 4235 4234
3 4208 4182 4209
3 4208 4209 4235
3 4246 4244 4243
3 4282 4279 4280
3 4245 4244 4246
3 4281 4282 4280
3 4241 4240 4266
3 4277 4302 4276
3 4249 4241 4266
3 4285 4302 4277
3 4241 4249 4242
3 4277 4278 4285
3 4253 4252 4266
3 4289 4302 4288
3 4242 4247 4243
3 4278 4279 4283
3 4247 4246 4243
3 4283 4279 4282
3 4249 4247 4242
3 4285 4278 4283
3 4247 4249 4248
3 4283 4284 4285
3 4252 4251 4266
3 4288 4302 4287
3 4251 4249 4266
3 4287 4302 4285
3 4251 4250 4249
3 4287 4285 4286
3 4264 4253 4266
3 4300 4302 4289
3 4270 4269 4239
3 4306 4275 4305
3 4238 4270 4239
3 4274 4275 4306
3 4255 4258 4257
3 4291 4293 4294
3 4256 4255 4257
3 4292 4293 4291
3 4255 4259 4258
3 4291 4294 4295
3 4239 4267 4240
3 4275 4276 4303
3 4269 4267 4239
3 4305 4275 4303
3 4240 4267 4266
3 4276 4302 4303
3 4238 4271 4270
3 4274 4306 4307
3 4271 4237 4236
3 4307 4272 4273
3 4271 4238 4237
3 4307 4273 4274
3 4255 4260 4259
3 4291 4295 4296
3 4260 4254 4261
3 4296 4297 4290
3 4260 4255 4254
3 4296 4290 4291
3 4263 4262 4264
3 4299 4300 4298
3 4264 4262 4253
3 4300 4289 4298
3 4254 4262 4261
3 4290 4297 4298
3 4253 4262 4254
3 4289 4290 4298
3 4268 4267 4269
3 4304 4305 4303
3 4268 4264 4266
3 4304 4302 4300
3 4268 4265 4264
3 4304 4300 4301
3 4308 4309 4345
3 4308 4345 4344
3 4309 4310 4346
3 4309 4346 4345
3 4310 4311 4347
3 4310 4347 4346
3 4311 4312 4348
3 4311 4348 4347
3 4312 4313 4349
3 4312 4349 4348
3 4313 4314 4350
3 4313 4350 4349
3 4314 4315 4351
3 4314 4351 4350
3 4315 4316 4352
3 4315 4352 4351
3 4316 4317 4353
3 4316 4353 4352
3 4317 4318 4354
3 4317 4354 4353
3 4318 4319 4355
3 4318 4355 4354
3 4319 4320 4356
3 4319 4356 4355
3 4320 4321 4357
3 4320 4357 4356
3 4321 4322 4358
3 4321 4358 4357
3 4322 4323 4359
3 4322 4359 4358
3 4323 4324 4360
3 4323 4360 4359
3 4324 4325 4361
3 4324 4361 4360
3 4325 4326 4362
3 4325 4362 4361
3 4326 4327 4363
3 4326 4363 4362
3 4327 4328 4364
3 4327 4364 4363
3 4328 4329 4365
3 4328 4365 4364
3 4329 4330 4366
3 4329 4366 4365
3 4330 4331 4367
3 4330 4367 4366
3 4331 4332 4368
3 4331 4368 4367
3 4332 4333 4369
3 4332 4369 4368
3 4333 4334 4370
3 4333 4370 4369
3 4334 4335 4371
3 4334 4371 4370
3 4335 4336 4372
3 4335 4372 4371
3 4336 4337 4373
3 4336 4373 4372
3 4337 4338 4374
3 4337 4374 4373
3 4338 4339 4375
3 4338 4375 4374
3 4339 4340 4376
3 4339 4376 4375
3 4340 4341 4377
3 4340 4377 4376
3 4341 4342 4378
3 4341 4378 4377
3 4342 4343 4379
3 4342 4379 4378
3 4343 4308 4344
3 4343 4344 4379
3 4390 4383 4380
3 4401 4391 4394
3 4383 4381 4380
3 4394 4391 4392
3 4388 4386 4385
3 4399 4396 4397
3 4386 4388 4387
3 4397 4398 4399
3 4382 4381 4383
3 4393 4394 4392
3 4384 4388 4385
3 4395 4396 4399
3 4390 4384 4383
3 4401 4394 4395
3 4389 4384 4390
3 4400 4401 4395
3 4384 4389 4388
3 4395 4399 4400
3 4402 4403 4414
3 4402 4414 4413
3 4403 4404 4415
3 4403 4415 4414
3 4404 4405 4416
3 4404 4416 4415
3 4405 4406 4417
3 4405 4417 4416
3 4406 4407 4418
3 4406 4418 4417
3 4407 4408 4419
3 4407 4419 4418
3 4408 4409 4420
3 4408 4420 4419
3 4409 4410 4421
3 4409 4421 4420
3 4410 4411 4422
3 4410 4422 4421
3 4411 4412 4423
3 4411 4423 4422
3 4412 4402 4413
3 4412 4413 4423
3 4464 4467 4465
3 4509 4510 4512
3 4453 4467 4464
3 4498 4509 4512
3 4467 4466 4465
3 4512 4510 4511
3 4467 4424 4468
3 4512 4513 4469
3 4451 4467 4453
3 4496 4498 4512
3 4451 4424 4467
3 4496 4512 4469
3 4454 4453 4464
3 4499 4509 4498
3 4463 4454 4464
3 4508 4509 4499
3 4454 4463 4457
3 4499 4502 4508
3 4429 4433 4430
3 4474 4475 4478
3 4431 4433 4432
3 4476 4477 4478
3 4433 4431 4430
3 4478 4475 4476
3 4452 4451 4453
3 4497 4498 4496
3 4457 4459 4458
3 4502 4503 4504
3 4460 4459 4461
3 4505 4506 4504
3 4426 4424 4446
3 4471 4491 4469
3 4426 4439 4438
3 4471 4483 4484
3 4451 4448 4424
3 4496 4469 4493
3 4449 4448 4451
3 4494 4496 4493
3 4446 4448 4447
3 4491 4492 4493
3 4424 4448 4446
3 4469 4491 4493
3 4450 4449 4451
3 4495 4496 4494
3 4463 4462 4457
3 4508 4502 4507
3 4462 4459 4457
3 4507 4502 4504
3 4459 4462 4461
3 4504 4506 4507
3 4437 4426 4438
3 4482 4483 4471
3 4428 4433 4429
3 4473 4474 4478
3 4428 4437 4435
3 4473 4480 4482
3 4426 4428 4427
3 4471 4472 4473
3 4437 4428 4426
3 4482 4471 4473
3 4437 4436 4435
3 4482 4480 4481
3 4441 4426 4446
3 4486 4491 4471
3 4443 4441 4446
3 4488 4491 4486
3 4441 4440 4439
3 4486 4484 4485
3 4426 4441 4439
3 4471 4484 4486
3 4442 4441 4443
3 4487 4488 4486
3 4426 4425 4424
3 4471 4469 4470
3 4428 4434 4433
3 4473 4478 4479
3 4434 4428 4435
3 4479 4480 4473
3 4456 4454 4457
3 4501 4502 4499
3 4454 4456 4455
3 4499 4500 4501
3 4443 4446 4445
3 4488 4490 4491
3 4443 4445 4444
3 4488 4489 4490
3 4514 4515 4560
3 4514 4560 4559
3 4515 4516 4561
3 4515 4561 4560
3 4516 4517 4562
3 4516 4562 4561
3 4517 4518 4563
3 4517 4563 4562
3 4518 4519 4564
3 4518 4564 4563
3 4519 4520 4565
3 4519 4565 4564
3 4520 4521 4566
3 4520 4566 4565
3 4521 4522 4567
3 4521 4567 4566
3 4522 4523 4568
3 4522 4568 4567
3 4523 4524 4569
3 4523 4569 4568
3 4524 4525 4570
3 4524 4570 4569
3 4525 4526 4571
3 4525 4571 4570
3 4526 4527 4572
3 4526 4572 4571
3 4527 4528 4573
3 4527 4573 4572
3 4528 4529 4574
3 4528 4574 4573
3 4529 4530 4575
3 4529 4575 4574
3 4530 4531 4576
3 4530 4576 4575
3 4531 4532 4577
3 4531 4577 4576
3 4532 4533 4578
3 4532 4578 4577
3 4533 4534 4579
3 4533 4579 4578
3 4534 4535 4580
3 4534 4580 4579
3 4535 4536 4581
3 4535 4581 4580
3 4536 4537 4582
3 4536 4582 4581
3 4537 4538 4583
3 4537 4583 4582
3 4538 4539 4584
3 4538 4584 4583
3 4539 4540 4585
3 4539 4585 4584
3 4540 4541 4586
3 4540 4586 4585
3 4541 4542 4587
3 4541 4587 4586
3 4542 4543 4588
3 4542 4588 4587
3 4543 4544 4589
3 4543 4589 4588
3 4544 4545 4590
3 4544 4590 4589
3 4545 4546 4591
3 4545 4591 4590
3 4546 4547 4592
3 4546 4592 4591
3 4547 4548 4593
3 4547 4593 4592
3 4548 4549 4594
3 4548 4594 4593
3 4549 4550 4595
3 4549 4595 4594
3 4550 4551 4596
3 4550 4596 4595
3 4551 4552 4597
3 4551 4597 4596
3 4552 4553 4598
3 4552 4598 4597
3 4553 4554 4599
3 4553 4599 4598
3 4554 4555 4600
3 4554 4600 4599
3 4555 4556 4601
3 4555 4601 4600
3 4556 4557 4602
3 4556 4602 4601
3 4557 4558 4603
3 4557 4603 4602
3 4558 4514 4559
3 4558 4559 4603
3 4610 4609 4631
3 4670 4691 4669
3 4630 4611 4631
3 4690 4691 4671
3 4611 4610 4631
3 4671 4691 4670
3 4621 4620 4622
3 4681 4682 4680
3 4661 4660 4659
3 4721 4719 4720
3 4661 4663 4662
3 4721 4722 4723
3 4607 4655 4609
3 4667 4669 4715
3 4655 4607 4656
3 4715 4716 4667
3 4609 4655 4631
3 4669 4691 4715
3 4655 4654 4631
3 4715 4691 4714
3 4617 4619 4618
3 4677 4678 4679
3 4632 4653 4648
3 4692 4708 4713
3 4647 4632 4648
3 4707 4708 4692
3 4654 4632 4631
3 4714 4691 4692
3 4653 4632 4654
3 4713 4714 4692
3 4640 4632 4647
3 4700 4707 4692
3 4612 4611 4630
3 4672 4690 4671
3 4614 4612 4630
3 4674 4690 4672
3 4614 4626 4617
3 4674 4677 4686
3 4616 4614 4617
3 4676 4677 4674
3 4607 4606 4605
3 4667 4665 4666
3 4657 4661 4659
3 4717 4719 4721
3 4658 4657 4659
3 4718 4719 4717
3 4657 4663 4661
3 4717 4721 4723
3 4663 4657 4605
3 4723 4665 4717
3 4607 4657 4656
3 4667 4716 4717
3 4657 4607 4605
3 4717 4665 4667
3 4653 4649 4648
3 4713 4708 4709
3 4619 4624 4620
3 4679 4680 4684
3 4624 4626 4625
3 4684 4685 4686
3 4624 4619 4617
3 4684 4677 4679
3 4626 4624 4617
3 4686 4677 4684
3 4635 4638 4636
3 4695 4696 4698
3 4613 4612 4614
3 4673 4674 4672
3 4608 4607 4609
3 4668 4669 4667
3 4604 4663 4605
3 4664 4665 4723
3 4649 4652 4650
3 4709 4710 4712
3 4652 4649 4653
3 4712 4713 4709
3 4652 4651 4650
3 4712 4710 4711
3 4620 4623 4622
3 4680 4682 4683
3 4624 4623 4620
3 4684 4680 4683
3 4628 4627 4626
3 4688 4686 4687
3 4628 4614 4630
3 4688 4690 4674
3 4628 4626 4614
3 4688 4674 4686
3 4629 4628 4630
3 4689 4690 4688
3 4638 4637 4636
3 4698 4696 4697
3 4638 4634 4640
3 4698 4700 4694
3 4632 4634 4633
3 4692 4693 4694
3 4640 4634 4632
3 4700 4692 4694
3 4634 4638 4635
3 4694 4695 4698
3 4642 4640 4647
3 4702 4707 4700
3 4616 4615 4614
3 4676 4674 4675
3 4639 4638 4640
3 4699 4700 4698
3 4642 4644 4643
3 4702 4703 4704
3 4645 4644 4646
3 4705 4706 4704
3 4644 4647 4646
3 4704 4706 4707
3 4644 4642 4647
3 4704 4707 4702
3 4642 4641 4640
3 4702 4700 4701
3 4724 4725 4785
3 4724 4785 4784
3 4725 4726 4786
3 4725 4786 4785
3 4726 4727 4787
3 4726 4787 4786
3 4727 4728 4788
3 4727 4788 4787
3 4728 4729 4789
3 4728 4789 4788
3 4729 4730 4790
3 4729 4790 4789
3 4730 4731 4791
3 4730 4791 4790
3 4731 4732 4792
3 4731 4792 4791
3 4732 4733 4793
3 4732 4793 4792
3 4733 4734 4794
3 4733 4794 4793
3 4734 4735 4795
3 4734 4795 4794
3 4735 4736 4796
3 4735 4796 4795
3 4736 4737 4797
3 4736 4797 4796
3 4737 4738 4798
3 4737 4798 4797
3 4738 4739 4799
3 4738 4799 4798
3 4739 4740 4800
3 4739 4800 4799
3 4740 4741 4801
3 4740 4801 4800
3 4741 4742 4802
3 4741 4802 4801
3 4742 4743 4803
3 4742 4803 4802
3 4743 4744 4804
3 4743 4804 4803
3 4744 4745 4805
3 4744 4805 4804
3 4745 4746 4806
3 4745 4806 4805
3 4746 4747 4807
3 4746 4807 4806
3 4747 4748 4808
3 4747 4808 4807
3 4748 4749 4809
3 4748 4809 4808
3 4749 4750 4810
3 4749 4810 4809
3 4750 4751 4811
3 4750 4811 4810
3 4751 4752 4812
3 4751 4812 4811
3 4752 4753 4813
3 4752 4813 4812
3 4753 4754 4814
3 4753 4814 4813
3 4754 4755 4815
3 4754 4815 4814
3 4755 4756 4816
3 4755 4816 4815
3 4756 4757 4817
3 4756 4817 4816
3 4757 4758 4818
3 4757 4818 4817
3 4758 4759 4819
3 4758 4819 4818
3 4759 4760 4820
3 4759 4820 4819
3 4760 4761 4821
3 4760 4821 4820
3 4761 4762 4822
3 4761 4822 4821
3 4762 4763 4823
3 4762 4823 4822
3 4763 4764 4824
3 4763 4824 4823
3 4764 4765 4825
3 4764 4825 4824
3 4765 4766 4826
3 4765 4826 4825
3 4766 4767 4827
3 4766 4827 4826
3 4767 4768 4828
3 4767 4828 4827
3 4768 4769 4829
3 4768 4829 4828
3 4769 4770 4830
3 4769 4830 4829
3 4770 4771 4831
3 4770 4831 4830
3 4771 4772 4832
3 4771 4832 4831
3 4772 4773 4833
3 4772 4833 4832
3 4773 4774 4834
3 4773 4834 4833
3 4774 4775 4835
3 4774 4835 4834
3 4775 4776 4836
3 4775 4836 4835
3 4776 4777 4837
3 4776 4837 4836
3 4777 4778 4838
3 4777 4838 4837
3 4778 4779 4839
3 4778 4839 4838
3 4779 4780 4840
3 4779 4840 4839
3 4780 4781 4841
3 4780 4841 4840
3 4781 4782 4842
3 4781 4842 4841
3 4782 4783 4843
3 4782 4843 4842
3 4783 4724 4784
3 4783 4784 4843
3 4877 4876 4878
3 4956 4957 4955
3 4918 4920 4919
3 4997 4998 4999
3 4881 4879 4878
3 4960 4957 4958
3 4876 4881 4878
3 4955 4957 4960
3 4881 4880 4879
3 4960 4958 4959
3 4881 4874 4882
3 4960 4961 4953
3 4874 4876 4875
3 4953 4954 4955
3 4874 4881 4876
3 4953 4955 4960
3 4860 4859 4901
3 4939 4980 4938
3 4900 4860 4901
3 4979 4980 4939
3 4913 4847 4846
3 4992 4925 4926
3 4856 4855 4907
3 4935 4986 4934
3 4854 4908 4907
3 4933 4986 4987
3 4855 4854 4907
3 4934 4986 4933
3 4908 4854 4909
3 4987 4988 4933
3 4854 4852 4909
3 4933 4988 4931
3 4874 4883 4882
3 4953 4961 4962
3 4883 4874 4873
3 4962 4952 4953
3 4917 4916 4922
3 4996 5001 4995
3 4917 4922 4921
3 4996 5000 5001
3 4920 4917 4921
3 4999 5000 4996
3 4918 4917 4920
3 4997 4999 4996
3 4902 4858 4903
3 4981 4982 4937
3 4859 4858 4901
3 4938 4980 4937
3 4858 4902 4901
3 4937 4980 4981
3 4854 4853 4852
3 4933 4931 4932
3 4885 4884 4883
3 4964 4962 4963
3 4856 4906 4905
3 4935 4984 4985
3 4906 4856 4907
3 4985 4986 4935
3 4857 4904 4903
3 4936 4982 4983
3 4858 4857 4903
3 4937 4982 4936
3 4857 4856 4905
3 4936 4984 4935
3 4904 4857 4905
3 4983 4984 4936
3 4916 4844 4922
3 4995 5001 4923
3 4915 4844 4916
3 4994 4995 4923
3 4845 4844 4846
3 4924 4925 4923
3 4844 4915 4846
3 4923 4925 4994
3 4914 4913 4846
3 4993 4925 4992
3 4915 4914 4846
3 4994 4925 4993
3 4850 4849 4911
3 4929 4990 4928
3 4910 4850 4911
3 4989 4990 4929
3 4852 4850 4909
3 4931 4988 4929
3 4850 4910 4909
3 4929 4988 4989
3 4848 4912 4911
3 4927 4990 4991
3 4849 4848 4911
3 4928 4990 4927
3 4912 4848 4913
3 4991 4992 4927
3 4913 4848 4847
3 4992 4926 4927
3 4886 4885 4887
3 4965 4966 4964
3 4866 4865 4895
3 4945 4974 4944
3 4894 4866 4895
3 4973 4974 4945
3 4860 4899 4861
3 4939 4940 4978
3 4899 4860 4900
3 4978 4979 4939
3 4891 4867 4892
3 4970 4971 4946
3 4891 4868 4867
3 4970 4946 4947
3 4885 4871 4887
3 4964 4966 4950
3 4851 4850 4852
3 4930 4931 4929
3 4867 4893 4892
3 4946 4971 4972
3 4866 4893 4867
3 4945 4946 4972
3 4893 4866 4894
3 4972 4973 4945
3 4863 4897 4896
3 4942 4975 4976
3 4864 4896 4895
3 4943 4974 4975
3 4864 4863 4896
3 4943 4975 4942
3 4865 4864 4895
3 4944 4974 4943
3 4868 4890 4889
3 4947 4968 4969
3 4891 4890 4868
3 4970 4947 4969
3 4870 4889 4888
3 4949 4967 4968
3 4887 4870 4888
3 4966 4967 4949
3 4871 4870 4887
3 4950 4966 4949
3 4872 4871 4885
3 4951 4964 4950
3 4872 4883 4873
3 4951 4952 4962
3 4872 4885 4883
3 4951 4962 4964
3 4862 4897 4863
3 4941 4942 4976
3 4897 4862 4898
3 4976 4977 4941
3 4899 4862 4861
3 4978 4940 4941
3 4862 4899 4898
3 4941 4977 4978
3 4869 4868 4889
3 4948 4968 4947
3 4870 4869 4889
3 4949 4968 4948
3 5002 5003 5082
3 5002 5082 5081
3 5003 5004 5083
3 5003 5083 5082
3 5004 5005 5084
3 5004 5084 5083
3 5005 5006 5085
3 5005 5085 5084
3 5006 5007 5086
3 5006 5086 5085
3 5007 5008 5087
3 5007 5087 5086
3 5008 5009 5088
3 5008 5088 5087
3 5009 5010 5089
3 5009 5089 5088
3 5010 5011 5090
3 5010 5090 5089
3 5011 5012 5091
3 5011 5091 5090
3 5012 5013 5092
3 5012 5092 5091
3 5013 5014 5093
3 5013 5093 5092
3 5014 5015 5094
3 5014 5094 5093
3 5015 5016 5095
3 5015 5095 5094
3 5016 5017 5096
3 5016 5096 5095
3 5017 5018 5097
3 5017 5097 5096
3 5018 5019 5098
3 5018 5098 5097
3 5019 5020 5099
3 5019 5099 5098
3 5020 5021 5100
3 5020 5100 5099
3 5021 5022 5101
3 5021 5101 5100
3 5022 5023 5102
3 5022 5102 5101
3 5023 5024 5103
3 5023 5103 5102
3 5024 5025 5104
3 5024 5104 5103
3 5025 5026 5105
3 5025 5105 5104
3 5026 5027 5106
3 5026 5106 5105
3 5027 5028 5107
3 5027 5107 5106
3 5028 5029 5108
3 5028 5108 5107
3 5029 5030 5109
3 5029 5109 5108
3 5030 5031 5110
3 5030 5110 5109
3 5031 5032 5111
3 5031 5111 5110
3 5032 5033 5112
3 5032 5112 5111
3 5033 5034 5113
3 5033 5113 5112
3 5034 5035 5114
3 5034 5114 5113
3 5035 5036 5115
3 5035 5115 5114
3 5036 5037 5116
3 5036 5116 5115
3 5037 5038 5117
3 5037 5117 5116
3 5038 5039 5118
3 5038 5118 5117
3 5039 5040 5119
3 5039 5119 5118
3 5040 5041 5120
3 5040 5120 5119
3 5041 5042 5121
3 5041 5121 5120
3 5042 5043 5122
3 5042 5122 5121
3 5043 5044 5123
3 5043 5123 5122
3 5044 5045 5124
3 5044 5124 5123
3 5045 5046 5125
3 5045 5125 5124
3 5046 5047 5126
3 5046 5126 5125
3 5047 5048 5127
3 5047 5127 5126
3 5048 5049 5128
3 5048 5128 5127
3 5049 5050 5129
3 5049 5129 5128
3 5050 5051 5130
3 5050 5130 5129
3 5051 5052 5131
3 5051 5131 5130
3 5052 5053 5132
3 5052 5132 5131
3 5053 5054 5133
3 5053 5133 5132
3 5054 5055 5134
3 5054 5134 5133
3 5055 5056 5135
3 5055 5135 5134
3 5056 5057 5136
3 5056 5136 5135
3 5057 5058 5137
3 5057 5137 5136
3 5058 5059 5138
3 5058 5138 5137
3 5059 5060 5139
3 5059 5139 5138
3 5060 5061 5140
3 5060 5140 5139
3 5061 5062 5141
3 5061 5141 5140
3 5062 5063 5142
3 5062 5142 5141
3 5063 5064 5143
3 5063 5143 5142
3 5064 5065 5144
3 5064 5144 5143
3 5065 5066 5145
3 5065 5145 5144
3 5066 5067 5146
3 5066 5146 5145
3 5067 5068 5147
3 5067 5147 5146
3 5068 5069 5148
3 5068 5148 5147
3 5069 5070 5149
3 5069 5149 5148
3 5070 5071 5150
3 5070 5150 5149
3 5071 5072 5151
3 5071 5151 5150
3 5072 5073 5152
3 5072 5152 5151
3 5073 5074 5153
3 5073 5153 5152
3 5074 5075 5154
3 5074 5154 5153
3 5075 5076 5155
3 5075 5155 5154
3 5076 5077 5156
3 5076 5156 5155
3 5077 5078 5157
3 5077 5157 5156
3 5078 5079 5158
3 5078 5158 5157
3 5079 5080 5159
3 5079 5159 5158
3 5080 5002 5081
3 5080 5081 5159
3 5358 5361 5360
3 5561 5563 5564
3 5359 5358 5360
3 5562 5563 5561
3 5280 5279 5278
3 5483 5481 5482
3 5282 5284 5283
3 5485 5486 5487
3 5282 5281 5280
3 5485 5483 5484
3 5276 5278 5277
3 5479 5480 5481
3 5276 5280 5278
3 5479 5481 5483
3 5163 5162 5164
3 5366 5367 5365
3 5335 5334 5336
3 5538 5539 5537
3 5160 5362 5361
3 5363 5564 5565
3 5220 5218 5331
3 5423 5534 5421
3 5218 5333 5331
3 5421 5534 5536
3 5333 5332 5331
3 5536 5534 5535
3 5208 5214 5213
3 5411 5416 5417
3 5353 5170 5160
3 5556 5363 5373
3 5353 5352 5351
3 5556 5554 5555
3 5221 5220 5331
3 5424 5534 5423
3 5330 5221 5331
3 5533 5534 5424
3 5222 5221 5330
3 5425 5533 5424
3 5222 5224 5223
3 5425 5426 5427
3 5224 5222 5330
3 5427 5533 5425
3 5329 5224 5330
3 5532 5533 5427
3 5257 5256 5255
3 5460 5458 5459
3 5344 5191 5345
3 5547 5548 5394
3 5191 5344 5192
3 5394 5395 5547
3 5214 5207 5334
3 5417 5537 5410
3 5207 5206 5336
3 5410 5539 5409
3 5334 5207 5336
3 5537 5539 5410
3 5207 5214 5208
3 5410 5411 5417
3 5170 5161 5160
3 5373 5363 5364
3 5204 5203 5192
3 5407 5395 5406
3 5206 5205 5336
3 5409 5539 5408
3 5354 5353 5160
3 5557 5363 5556
3 5171 5353 5351
3 5374 5554 5556
3 5353 5171 5170
3 5556 5373 5374
3 5350 5171 5351
3 5553 5554 5374
3 5172 5171 5350
3 5375 5553 5374
3 5220 5219 5218
3 5423 5421 5422
3 5326 5325 5327
3 5529 5530 5528
3 5325 5328 5327
3 5528 5530 5531
3 5309 5307 5255
3 5512 5458 5510
3 5287 5273 5271
3 5490 5474 5476
3 5273 5272 5271
3 5476 5474 5475
3 5274 5273 5282
3 5477 5485 5476
3 5257 5259 5258
3 5460 5461 5462
3 5328 5321 5329
3 5531 5532 5524
3 5217 5216 5218
3 5420 5421 5419
3 5211 5209 5208
3 5414 5411 5412
3 5211 5213 5212
3 5414 5415 5416
3 5211 5208 5213
3 5414 5416 5411
3 5209 5211 5210
3 5412 5413 5414
3 5191 5190 5345
3 5394 5548 5393
3 5348 5346 5189
3 5551 5392 5549
3 5190 5346 5345
3 5393 5548 5549
3 5346 5190 5189
3 5549 5392 5393
3 5173 5189 5174
3 5376 5377 5392
3 5173 5348 5189
3 5376 5392 5551
3 5173 5172 5350
3 5376 5553 5375
3 5192 5194 5193
3 5395 5396 5397
3 5203 5194 5192
3 5406 5395 5397
3 5205 5337 5336
3 5408 5539 5540
3 5339 5205 5204
3 5542 5407 5408
3 5354 5356 5355
3 5557 5558 5559
3 5356 5354 5160
3 5559 5363 5557
3 5356 5358 5357
3 5559 5560 5561
3 5358 5356 5361
3 5561 5564 5559
3 5356 5160 5361
3 5559 5564 5363
3 5233 5232 5329
3 5436 5532 5435
3 5321 5233 5329
3 5524 5532 5436
3 5303 5259 5257
3 5506 5460 5462
3 5259 5303 5302
3 5462 5505 5506
3 5308 5307 5309
3 5511 5512 5510
3 5253 5309 5255
3 5456 5458 5512
3 5289 5287 5271
3 5492 5474 5490
3 5270 5289 5271
3 5473 5474 5492
3 5289 5270 5269
3 5492 5472 5473
3 5287 5285 5273
3 5490 5476 5488
3 5282 5285 5284
3 5485 5487 5488
3 5273 5285 5282
3 5476 5485 5488
3 5275 5282 5280
3 5478 5483 5485
3 5275 5274 5282
3 5478 5485 5477
3 5276 5275 5280
3 5479 5483 5478
3 5301 5259 5302
3 5504 5505 5462
3 5301 5260 5259
3 5504 5462 5463
3 5265 5263 5293
3 5468 5496 5466
3 5265 5264 5263
3 5468 5466 5467
3 5260 5299 5261
3 5463 5464 5502
3 5299 5301 5300
3 5502 5503 5504
3 5301 5299 5260
3 5504 5463 5502
3 5289 5288 5287
3 5492 5490 5491
3 5293 5295 5294
3 5496 5497 5498
3 5263 5295 5293
3 5466 5496 5498
3 5325 5323 5328
3 5528 5531 5526
3 5323 5321 5328
3 5526 5531 5524
3 5216 5215 5218
3 5419 5421 5418
3 5215 5333 5218
3 5418 5421 5536
3 5333 5215 5334
3 5536 5537 5418
3 5215 5214 5334
3 5418 5537 5417
3 5344 5342 5192
3 5547 5395 5545
3 5343 5342 5344
3 5546 5547 5545
3 5194 5196 5195
3 5397 5398 5399
3 5197 5196 5203
3 5400 5406 5399
3 5196 5194 5203
3 5399 5406 5397
3 5162 5166 5164
3 5365 5367 5369
3 5347 5346 5348
3 5550 5551 5549
3 5349 5173 5350
3 5552 5553 5376
3 5173 5349 5348
3 5376 5551 5552
3 5201 5200 5199
3 5404 5402 5403
3 5338 5337 5205
3 5541 5408 5540
3 5339 5338 5205
3 5542 5408 5541
3 5189 5176 5174
3 5392 5377 5379
3 5188 5176 5189
3 5391 5392 5379
3 5176 5175 5174
3 5379 5377 5378
3 5184 5183 5182
3 5387 5385 5386
3 5181 5180 5179
3 5384 5382 5383
3 5181 5184 5182
3 5384 5385 5387
3 5319 5233 5321
3 5522 5524 5436
3 5317 5319 5318
3 5520 5521 5522
3 5232 5230 5329
3 5435 5532 5433
3 5230 5228 5329
3 5433 5532 5431
3 5305 5303 5257
3 5508 5460 5506
3 5305 5257 5255
3 5508 5458 5460
3 5305 5307 5306
3 5508 5509 5510
3 5307 5305 5255
3 5510 5458 5508
3 5305 5304 5303
3 5508 5506 5507
3 5254 5253 5255
3 5457 5458 5456
3 5250 5311 5251
3 5453 5454 5514
3 5311 5252 5251
3 5514 5454 5455
3 5253 5252 5309
3 5456 5512 5455
3 5252 5310 5309
3 5455 5512 5513
3 5310 5252 5311
3 5513 5514 5455
3 5268 5267 5269
3 5471 5472 5470
3 5267 5292 5269
3 5470 5472 5495
3 5292 5267 5293
3 5495 5496 5470
3 5265 5267 5266
3 5468 5469 5470
3 5267 5265 5293
3 5470 5496 5468
3 5292 5291 5269
3 5495 5472 5494
3 5289 5291 5290
3 5492 5493 5494
3 5291 5289 5269
3 5494 5472 5492
3 5286 5285 5287
3 5489 5490 5488
3 5324 5323 5325
3 5527 5528 5526
3 5340 5342 5341
3 5543 5544 5545
3 5340 5339 5204
3 5543 5407 5542
3 5340 5204 5192
3 5543 5395 5407
3 5342 5340 5192
3 5545 5395 5543
3 5166 5165 5164
3 5369 5367 5368
3 5198 5197 5203
3 5401 5406 5400
3 5201 5198 5203
3 5404 5406 5401
3 5198 5201 5199
3 5401 5402 5404
3 5202 5201 5203
3 5405 5406 5404
3 5178 5176 5188
3 5381 5391 5379
3 5178 5181 5179
3 5381 5382 5384
3 5178 5177 5176
3 5381 5379 5380
3 5181 5186 5184
3 5384 5387 5389
3 5187 5186 5188
3 5390 5391 5389
3 5186 5178 5188
3 5389 5391 5381
3 5178 5186 5181
3 5381 5384 5389
3 5184 5186 5185
3 5387 5388 5389
3 5320 5319 5321
3 5523 5524 5522
3 5230 5229 5228
3 5433 5431 5432
3 5226 5225 5224
3 5429 5427 5428
3 5226 5224 5329
3 5429 5532 5427
3 5228 5226 5329
3 5431 5532 5429
3 5239 5242 5240
3 5442 5443 5445
3 5250 5312 5311
3 5453 5514 5515
3 5243 5242 5236
3 5446 5439 5445
3 5297 5296 5295
3 5500 5498 5499
3 5262 5297 5263
3 5465 5466 5500
3 5297 5295 5263
3 5500 5466 5498
3 5297 5262 5261
3 5500 5464 5465
3 5299 5297 5261
3 5502 5464 5500
3 5297 5299 5298
3 5500 5501 5502
3 5323 5322 5321
3 5526 5524 5525
3 5169 5168 5170
3 5372 5373 5371
3 5168 5161 5170
3 5371 5373 5364
3 5161 5168 5162
3 5364 5365 5371
3 5168 5166 5162
3 5371 5365 5369
3 5168 5167 5166
3 5371 5369 5370
3 5227 5226 5228
3 5430 5431 5429
3 5231 5230 5232
3 5434 5435 5433
3 5236 5238 5237
3 5439 5440 5441
3 5242 5238 5236
3 5445 5439 5441
3 5239 5238 5242
3 5442 5445 5441
3 5242 5241 5240
3 5445 5443 5444
3 5234 5236 5235
3 5437 5438 5439
3 5234 5243 5236
3 5437 5439 5446
3 5319 5244 5233
3 5522 5436 5447
3 5244 5234 5233
3 5447 5436 5437
3 5234 5244 5243
3 5437 5446 5447
3 5317 5244 5319
3 5520 5522 5447
3 5245 5244 5317
3 5448 5520 5447
3 5315 5317 5316
3 5518 5519 5520
3 5315 5245 5317
3 5518 5520 5448
3 5313 5246 5314
3 5516 5517 5449
3 5246 5315 5314
3 5449 5517 5518
3 5315 5246 5245
3 5518 5448 5449
3 5249 5248 5250
3 5452 5453 5451
3 5248 5312 5250
3 5451 5453 5515
3 5312 5248 5313
3 5515 5516 5451
3 5248 5246 5313
3 5451 5516 5449
3 5246 5248 5247
3 5449 5450 5451
3 5566 5567 5770
3 5566 5770 5769
3 5567 5568 5771
3 5567 5771 5770
3 5568 5569 5772
3 5568 5772 5771
3 5569 5570 5773
3 5569 5773 5772
3 5570 5571 5774
3 5570 5774 5773
3 5571 5572 5775
3 5571 5775 5774
3 5572 5573 5776
3 5572 5776 5775
3 5573 5574 5777
3 5573 5777 5776
3 5574 5575 5778
3 5574 5778 5777
3 5575 5576 5779
3 5575 5779 5778
3 5576 5577 5780
3 5576 5780 5779
3 5577 5578 5781
3 5577 5781 5780
3 5578 5579 5782
3 5578 5782 5781
3 5579 5580 5783
3 5579 5783 5782
3 5580 5581 5784
3 5580 5784 5783
3 5581 5582 5785
3 5581 5785 5784
3 5582 5583 5786
3 5582 5786 5785
3 5583 5584 5787
3 5583 5787 5786
3 5584 5585 5788
3 5584 5788 5787
3 5585 5586 5789
3 5585 5789 5788
3 5586 5587 5790
3 5586 5790 5789
3 5587 5588 5791
3 5587 5791 5790
3 5588 5589 5792
3 5588 5792 5791
3 5589 5590 5793
3 5589 5793 5792
3 5590 5591 5794
3 5590 5794 5793
3 5591 5592 5795
3 5591 5795 5794
3 5592 5593 5796
3 5592 5796 5795
3 5593 5594 5797
3 5593 5797 5796
3 5594 5595 5798
3 5594 5798 5797
3 5595 5596 5799
3 5595 5799 5798
3 5596 5597 5800
3 5596 5800 5799
3 5597 5598 5801
3 5597 5801 5800
3 5598 5599 5802
3 5598 5802 5801
3 5599 5600 5803
3 5599 5803 5802
3 5600 5601 5804
3 5600 5804 5803
3 5601 5602 5805
3 5601 5805 5804
3 5602 5603 5806
3 5602 5806 5805
3 5603 5604 5807
3 5603 5807 5806
3 5604 5605 5808
3 5604 5808 5807
3 5605 5606 5809
3 5605 5809 5808
3 5606 5607 5810
3 5606 5810 5809
3 5607 5608 5811
3 5607 5811 5810
3 5608 5609 5812
3 5608 5812 5811
3 5609 5610 5813
3 5609 5813 5812
3 5610 5611 5814
3 5610 5814 5813
3 5611 5612 5815
3 5611 5815 5814
3 5612 5613 5816
3 5612 5816 5815
3 5613 5614 5817
3 5613 5817 5816
3 5614 5615 5818
3 5614 5818 5817
3 5615 5616 5819
3 5615 5819 5818
3 5616 5617 5820
3 5616 5820 5819
3 5617 5618 5821
3 5617 5821 5820
3 5618 5619 5822
3 5618 5822 5821
3 5619 5620 5823
3 5619 5823 5822
3 5620 5621 5824
3 5620 5824 5823
3 5621 5622 5825
3 5621 5825 5824
3 5622 5623 5826
3 5622 5826 5825
3 5623 5624 5827
3 5623 5827 5826
3 5624 5625 5828
3 5624 5828 5827
3 5625 5626 5829
3 5625 5829 5828
3 5626 5627 5830
3 5626 5830 5829
3 5627 5628 5831
3 5627 5831 5830
3 5628 5629 5832
3 5628 5832 5831
3 5629 5630 5833
3 5629 5833 5832
3 5630 5631 5834
3 5630 5834 5833
3 5631 5632 5835
3 5631 5835 5834
3 5632 5633 5836
3 5632 5836 5835
3 5633 5634 5837
3 5633 5837 5836
3 5634 5635 5838
3 5634 5838 5837
3 5635 5636 5839
3 5635 5839 5838
3 5636 5637 5840
3 5636 5840 5839
3 5637 5638 5841
3 5637 5841 5840
3 5638 5639 5842
3 5638 5842 5841
3 5639 5640 5843
3 5639 5843 5842
3 5640 5641 5844
3 5640 5844 5843
3 5641 5642 5845
3 5641 5845 5844
3 5642 5643 5846
3 5642 5846 5845
3 5643 5644 5847
3 5643 5847 5846
3 5644 5645 5848
3 5644 5848 5847
3 5645 5646 5849
3 5645 5849 5848
3 5646 5647 5850
3 5646 5850 5849
3 5647 5648 5851
3 5647 5851 5850
3 5648 5649 5852
3 5648 5852 5851
3 5649 5650 5853
3 5649 5853 5852
3 5650 5651 5854
3 5650 5854 5853
3 5651 5652 5855
3 5651 5855 5854
3 5652 5653 5856
3 5652 5856 5855
3 5653 5654 5857
3 5653 5857 5856
3 5654 5655 5858
3 5654 5858 5857
3 5655 5656 5859
3 5655 5859 5858
3 5656 5657 5860
3 5656 5860 5859
3 5657 5658 5861
3 5657 5861 5860
3 5658 5659 5862
3 5658 5862 5861
3 5659 5660 5863
3 5659 5863 5862
3 5660 5661 5864
3 5660 5864 5863
3 5661 5662 5865
3 5661 5865 5864
3 5662 5663 5866
3 5662 5866 5865
3 5663 5664 5867
3 5663 5867 5866
3 5664 5665 5868
3 5664 5868 5867
3 5665 5666 5869
3 5665 5869 5868
3 5666 5667 5870
3 5666 5870 5869
3 5667 5668 5871
3 5667 5871 5870
3 5668 5669 5872
3 5668 5872 5871
3 5669 5670 5873
3 5669 5873 5872
3 5670 5671 5874
3 5670 5874 5873
3 5671 5672 5875
3 5671 5875 5874
3 5672 5673 5876
3 5672 5876 5875
3 5673 5674 5877
3 5673 5877 5876
3 5674 5675 5878
3 5674 5878 5877
3 5675 5676 5879
3 5675 5879 5878
3 5676 5677 5880
3 5676 5880 5879
3 5677 5678 5881
3 5677 5881 5880
3 5678 5679 5882
3 5678 5882 5881
3 5679 5680 5883
3 5679 5883 5882
3 5680 5681 5884
3 5680 5884 5883
3 5681 5682 5885
3 5681 5885 5884
3 5682 5683 5886
3 5682 5886 5885
3 5683 5684 5887
3 5683 5887 5886
3 5684 5685 5888
3 5684 5888 5887
3 5685 5686 5889
3 5685 5889 5888
3 5686 5687 5890
3 5686 5890 5889
3 5687 5688 5891
3 5687 5891 5890
3 5688 5689 5892
3 5688 5892 5891
3 5689 5690 5893
3 5689 5893 5892
3 5690 5691 5894
3 5690 5894 5893
3 5691 5692 5895
3 5691 5895 5894
3 5692 5693 5896
3 5692 5896 5895
3 5693 5694 5897
3 5693 5897 5896
3 5694 5695 5898
3 5694 5898 5897
3 5695 5696 5899
3 5695 5899 5898
3 5696 5697 5900
3 5696 5900 5899
3 5697 5698 5901
3 5697 5901 5900
3 5698 5699 5902
3 5698 5902 5901
3 5699 5700 5903
3 5699 5903 5902
3 5700 5701 5904
3 5700 5904 5903
3 5701 5702 5905
3 5701 5905 5904
3 5702 5703 5906
3 5702 5906 5905
3 5703 5704 5907
3 5703 5907 5906
3 5704 5705 5908
3 5704 5908 5907
3 5705 5706 5909
3 5705 5909 5908
3 5706 5707 5910
3 5706 5910 5909
3 5707 5708 5911
3 5707 5911 5910
3 5708 5709 5912
3 5708 5912 5911
3 5709 5710 5913
3 5709 5913 5912
3 5710 5711 5914
3 5710 5914 5913
3 5711 5712 5915
3 5711 5915 5914
3 5712 5713 5916
3 5712 5916 5915
3 5713 5714 5917
3 5713 5917 5916
3 5714 5715 5918
3 5714 5918 5917
3 5715 5716 5919
3 5715 5919 5918
3 5716 5717 5920
3 5716 5920 5919
3 5717 5718 5921
3 5717 5921 5920
3 5718 5719 5922
3 5718 5922 5921
3 5719 5720 5923
3 5719 5923 5922
3 5720 5721 5924
3 5720 5924 5923
3 5721 5722 5925
3 5721 5925 5924
3 5722 5723 5926
3 5722 5926 5925
3 5723 5724 5927
3 5723 5927 5926
3 5724 5725 5928
3 5724 5928 5927
3 5725 5726 5929
3 5725 5929 5928
3 5726 5727 5930
3 5726 5930 5929
3 5727 5728 5931
3 5727 5931 5930
3 5728 5729 5932
3 5728 5932 5931
3 5729 5730 5933
3 5729 5933 5932
3 5730 5731 5934
3 5730 5934 5933
3 5731 5732 5935
3 5731 5935 5934
3 5732 5733 5936
3 5732 5936 5935
3 5733 5734 5937
3 5733 5937 5936
3 5734 5735 5938
3 5734 5938 5937
3 5735 5736 5939
3 5735 5939 5938
3 5736 5737 5940
3 5736 5940 5939
3 5737 5738 5941
3 5737 5941 5940
3 5738 5739 5942
3 5738 5942 5941
3 5739 5740 5943
3 5739 5943 5942
3 5740 5741 5944
3 5740 5944 5943
3 5741 5742 5945
3 5741 5945 5944
3 5742 5743 5946
3 5742 5946 5945
3 5743 5744 5947
3 5743 5947 5946
3 5744 5745 5948
3 5744 5948 5947
3 5745 5746 5949
3 5745 5949 5948
3 5746 5747 5950
3 5746 5950 5949
3 5747 5748 5951
3 5747 5951 5950
3 5748 5749 5952
3 5748 5952 5951
3 5749 5750 5953
3 5749 5953 5952
3 5750 5751 5954
3 5750 5954 5953
3 5751 5752 5955
3 5751 5955 5954
3 5752 5753 5956
3 5752 5956 5955
3 5753 5754 5957
3 5753 5957 5956
3 5754 5755 5958
3 5754 5958 5957
3 5755 5756 5959
3 5755 5959 5958
3 5756 5757 5960
3 5756 5960 5959
3 5757 5758 5961
3 5757 5961 5960
3 5758 5759 5962
3 5758 5962 5961
3 5759 5760 5963
3 5759 5963 5962
3 5760 5761 5964
3 5760 5964 5963
3 5761 5762 5965
3 5761 5965 5964
3 5762 5763 5966
3 5762 5966 5965
3 5763 5764 5967
3 5763 5967 5966
3 5764 5765 5968
3 5764 5968 5967
3 5765 5766 5969
3 5765 5969 5968
3 5766 5767 5970
3 5766 5970 5969
3 5767 5768 5971
3 5767 5971 5970
3 5768 5566 5769
3 5768 5769 5971
3 5988 5987 5989
3 6007 6008 6006
3 5978 5981 5980
3 5997 5999 6000
3 5987 5990 5989
3 6006 6008 6009
3 5973 5990 5987
3 5992 6006 6009
3 5990 5973 5972
3 6009 5991 5992
3 5979 5978 5980
3 5998 5999 5997
3 5975 5974 5984
3 5994 6003 5993
3 5983 5975 5984
3 6002 6003 5994
3 5981 5975 5983
3 6000 6002 5994
3 5982 5981 5983
3 6001 6002 6000
3 5986 5973 5987
3 6005 6006 5992
3 5973 5986 5974
3 5992 5993 6005
3 5976 5981 5978
3 5995 5997 6000
3 5976 5975 5981
3 5995 6000 5994
3 5976 5978 5977
3 5995 5996 5997
3 5974 5985 5984
3 5993 6003 6004
3 5986 5985 5974
3 6005 5993 6004
3 6010 6011 6030
3 6010 6030 6029
3 6011 6012 6031
3 6011 6031 6030
3 6012 6013 6032
3 6012 6032 6031
3 6013 6014 6033
3 6013 6033 6032
3 6014 6015 6034
3 6014 6034 6033
3 6015 6016 6035
3 6015 6035 6034
3 6016 6017 6036
3 6016 6036 6035
3 6017 6018 6037
3 6017 6037 6036
3 6018 6019 6038
3 6018 6038 6037
3 6019 6020 6039
3 6019 6039 6038
3 6020 6021 6040
3 6020 6040 6039
3 6021 6022 6041
3 6021 6041 6040
3 6022 6023 6042
3 6022 6042 6041
3 6023 6024 6043
3 6023 6043 6042
3 6024 6025 6044
3 6024 6044 6043
3 6025 6026 6045
3 6025 6045 6044
3 6026 6027 6046
3 6026 6046 6045
3 6027 6028 6047
3 6027 6047 6046
3 6028 6010 6029
3 6028 6029 6047
3 6085 6088 6086
3 6156 6157 6159
3 6088 6087 6086
3 6159 6157 6158
3 6115 6117 6116
3 6186 6187 6188
3 6115 6118 6117
3 6186 6188 6189
3 6049 6066 6052
3 6120 6123 6137
3 6049 6068 6066
3 6120 6137 6139
3 6066 6053 6052
3 6137 6123 6124
3 6068 6067 6066
3 6139 6137 6138
3 6051 6050 6052
3 6122 6123 6121
3 6050 6049 6052
3 6121 6123 6120
3 6049 6070 6068
3 6120 6139 6141
3 6048 6070 6049
3 6119 6120 6141
3 6070 6048 6118
3 6141 6189 6119
3 6111 6072 6118
3 6182 6189 6143
3 6072 6070 6118
3 6143 6189 6141
3 6070 6072 6071
3 6141 6142 6143
3 6115 6113 6118
3 6186 6189 6184
3 6113 6111 6118
3 6184 6189 6182
3 6072 6074 6073
3 6143 6144 6145
3 6074 6109 6076
3 6145 6147 6180
3 6109 6072 6111
3 6180 6182 6143
3 6109 6074 6072
3 6180 6143 6145
3 6092 6089 6088
3 6163 6159 6160
3 6065 6063 6066
3 6136 6137 6134
3 6070 6069 6068
3 6141 6139 6140
3 6100 6102 6101
3 6171 6172 6173
3 6102 6078 6104
3 6173 6175 6149
3 6078 6102 6100
3 6149 6171 6173
3 6113 6112 6111
3 6184 6182 6183
3 6078 6077 6076
3 6149 6147 6148
3 6078 6106 6104
3 6149 6175 6177
3 6106 6078 6076
3 6177 6147 6149
3 6092 6094 6093
3 6163 6164 6165
3 6084 6092 6088
3 6155 6159 6163
3 6085 6084 6088
3 6156 6159 6155
3 6089 6091 6090
3 6160 6161 6162
3 6092 6091 6089
3 6163 6160 6162
3 6054 6053 6066
3 6125 6137 6124
3 6063 6054 6066
3 6134 6137 6125
3 6064 6063 6065
3 6135 6136 6134
3 6082 6094 6092
3 6153 6163 6165
3 6082 6084 6083
3 6153 6154 6155
3 6084 6082 6092
3 6155 6163 6153
3 6114 6113 6115
3 6185 6186 6184
3 6075 6074 6076
3 6146 6147 6145
3 6110 6109 6111
3 6181 6182 6180
3 6109 6107 6076
3 6180 6147 6178
3 6107 6106 6076
3 6178 6147 6177
3 6108 6107 6109
3 6179 6180 6178
3 6106 6105 6104
3 6177 6175 6176
3 6099 6098 6100
3 6170 6171 6169
3 6103 6102 6104
3 6174 6175 6173
3 6061 6054 6063
3 6132 6134 6125
3 6061 6059 6054
3 6132 6125 6130
3 6080 6082 6081
3 6151 6152 6153
3 6080 6098 6082
3 6151 6153 6169
3 6098 6080 6100
3 6169 6171 6151
3 6078 6080 6079
3 6149 6150 6151
3 6080 6078 6100
3 6151 6171 6149
3 6082 6096 6094
3 6153 6165 6167
3 6098 6096 6082
3 6169 6153 6167
3 6094 6096 6095
3 6165 6166 6167
3 6096 6098 6097
3 6167 6168 6169
3 6062 6061 6063
3 6133 6134 6132
3 6059 6057 6054
3 6130 6125 6128
3 6057 6056 6055
3 6128 6126 6127
3 6054 6057 6055
3 6125 6126 6128
3 6061 6060 6059
3 6132 6130 6131
3 6058 6057 6059
3 6129 6130 6128
3 6190 6191 6262
3 6190 6262 6261
3 6191 6192 6263
3 6191 6263 6262
3 6192 6193 6264
3 6192 6264 6263
3 6193 6194 6265
3 6193 6265 6264
3 6194 6195 6266
3 6194 6266 6265
3 6195 6196 6267
3 6195 6267 6266
3 6196 6197 6268
3 6196 6268 6267
3 6197 6198 6269
3 6197 6269 6268
3 6198 6199 6270
3 6198 6270 6269
3 6199 6200 6271
3 6199 6271 6270
3 6200 6201 6272
3 6200 6272 6271
3 6201 6202 6273
3 6201 6273 6272
3 6202 6203 6274
3 6202 6274 6273
3 6203 6204 6275
3 6203 6275 6274
3 6204 6205 6276
3 6204 6276 6275
3 6205 6206 6277
3 6205 6277 6276
3 6206 6207 6278
3 6206 6278 6277
3 6207 6208 6279
3 6207 6279 6278
3 6208 6209 6280
3 6208 6280 6279
3 6209 6210 6281
3 6209 6281 6280
3 6210 6211 6282
3 6210 6282 6281
3 6211 6212 6283
3 6211 6283 6282
3 6212 6213 6284
3 6212 6284 6283
3 6213 6214 6285
3 6213 6285 6284
3 6214 6215 6286
3 6214 6286 6285
3 6215 6216 6287
3 6215 6287 6286
3 6216 6217 6288
3 6216 6288 6287
3 6217 6218 6289
3 6217 6289 6288
3 6218 6219 6290
3 6218 6290 6289
3 6219 6220 6291
3 6219 6291 6290
3 6220 6221 6292
3 6220 6292 6291
3 6221 6222 6293
3 6221 6293 6292
3 6222 6223 6294
3 6222 6294 6293
3 6223 6224 6295
3 6223 6295 6294
3 6224 6225 6296
3 6224 6296 6295
3 6225 6226 6297
3 6225 6297 6296
3 6226 6227 6298
3 6226 6298 6297
3 6227 6228 6299
3 6227 6299 6298
3 6228 6229 6300
3 6228 6300 6299
3 6229 6230 6301
3 6229 6301 6300
3 6230 6231 6302
3 6230 6302 6301
3 6231 6232 6303
3 6231 6303 6302
3 6232 6233 6304
3 6232 6304 6303
3 6233 6234 6305
3 6233 6305 6304
3 6234 6235 6306
3 6234 6306 6305
3 6235 6236 6307
3 6235 6307 6306
3 6236 6237 6308
3 6236 6308 6307
3 6237 6238 6309
3 6237 6309 6308
3 6238 6239 6310
3 6238 6310 6309
3 6239 6240 6311
3 6239 6311 6310
3 6240 6241 6312
3 6240 6312 6311
3 6241 6242 6313
3 6241 6313 6312
3 6242 6243 6314
3 6242 6314 6313
3 6243 6244 6315
3 6243 6315 6314
3 6244 6245 6316
3 6244 6316 6315
3 6245 6246 6317
3 6245 6317 6316
3 6246 6247 6318
3 6246 6318 6317
3 6247 6248 6319
3 6247 6319 6318
3 6248 6249 6320
3 6248 6320 6319
3 6249 6250 6321
3 6249 6321 6320
3 6250 6251 6322
3 6250 6322 6321
3 6251 6252 6323
3 6251 6323 6322
3 6252 6253 6324
3 6252 6324 6323
3 6253 6254 6325
3 6253 6325 6324
3 6254 6255 6326
3 6254 6326 6325
3 6255 6256 6327
3 6255 6327 6326
3 6256 6257 6328
3 6256 6328 6327
3 6257 6258 6329
3 6257 6329 6328
3 6258 6259 6330
3 6258 6330 6329
3 6259 6260 6331
3 6259 6331 6330
3 6260 6190 6261
3 6260 6261 6331
3 6444 6333 6332
3 6634 6522 6523
3 6333 6335 6334
3 6523 6524 6525
3 6521 6519 6332
3 6711 6522 6709
3 6520 6519 6521
3 6710 6711 6709
3 6338 6336 6333
3 6528 6523 6526
3 6336 6338 6337
3 6526 6527 6528
3 6336 6335 6333
3 6526 6523 6525
3 6517 6519 6518
3 6707 6708 6709
3 6517 6493 6332
3 6707 6522 6683
3 6519 6517 6332
3 6709 6522 6707
3 6385 6384 6386
3 6575 6576 6574
3 6492 6444 6332
3 6682 6522 6634
3 6493 6492 6332
3 6683 6522 6682
3 6503 6502 6501
3 6693 6691 6692
3 6415 6417 6416
3 6605 6606 6607
3 6417 6415 6362
3 6607 6552 6605
3 6415 6364 6362
3 6605 6552 6554
3 6517 6494 6493
3 6707 6683 6684
3 6408 6367 6366
3 6598 6556 6557
3 6367 6408 6368
3 6557 6558 6598
3 6443 6333 6444
3 6633 6634 6523
3 6439 6340 6338
3 6629 6528 6530
3 6340 6439 6342
3 6530 6532 6629
3 6340 6339 6338
3 6530 6528 6529
3 6440 6338 6333
3 6630 6523 6528
3 6440 6439 6338
3 6630 6528 6629
3 6447 6445 6491
3 6637 6681 6635
3 6492 6445 6444
3 6682 6634 6635
3 6445 6492 6491
3 6635 6681 6682
3 6506 6505 6507
3 6696 6697 6695
3 6505 6503 6507
3 6695 6697 6693
3 6505 6504 6503
3 6695 6693 6694
3 6388 6387 6386
3 6578 6576 6577
3 6384 6388 6386
3 6574 6576 6578
3 6388 6384 6390
3 6578 6580 6574
3 6389 6388 6390
3 6579 6580 6578
3 6384 6382 6390
3 6574 6580 6572
3 6382 6384 6383
3 6572 6573 6574
3 6382 6392 6390
3 6572 6580 6582
3 6423 6422 6424
3 6613 6614 6612
3 6358 6360 6359
3 6548 6549 6550
3 6361 6360 6362
3 6551 6552 6550
3 6360 6417 6362
3 6550 6552 6607
3 6370 6369 6368
3 6560 6558 6559
3 6364 6363 6362
3 6554 6552 6553
3 6498 6503 6501
3 6688 6691 6693
3 6498 6501 6500
3 6688 6690 6691
3 6499 6498 6500
3 6689 6690 6688
3 6509 6511 6510
3 6699 6700 6701
3 6509 6508 6507
3 6699 6697 6698
3 6503 6496 6507
3 6693 6697 6686
3 6496 6498 6497
3 6686 6687 6688
3 6498 6496 6503
3 6688 6693 6686
3 6459 6461 6460
3 6649 6650 6651
3 6495 6494 6517
3 6685 6707 6684
3 6496 6495 6507
3 6686 6697 6685
3 6413 6364 6415
3 6603 6605 6554
3 6414 6413 6415
3 6604 6605 6603
3 6405 6404 6370
3 6595 6560 6594
3 6370 6404 6371
3 6560 6561 6594
3 6404 6372 6371
3 6594 6561 6562
3 6408 6406 6368
3 6598 6558 6596
3 6406 6370 6368
3 6596 6558 6560
3 6406 6405 6370
3 6596 6560 6595
3 6424 6426 6425
3 6614 6615 6616
3 6354 6426 6424
3 6544 6614 6616
3 6427 6426 6428
3 6617 6618 6616
3 6446 6445 6447
3 6636 6637 6635
3 6449 6448 6447
3 6639 6637 6638
3 6440 6442 6441
3 6630 6631 6632
3 6443 6442 6333
3 6633 6523 6632
3 6442 6440 6333
3 6632 6523 6630
3 6439 6344 6342
3 6629 6532 6534
3 6453 6455 6454
3 6643 6644 6645
3 6380 6382 6381
3 6570 6571 6572
3 6382 6380 6392
3 6572 6582 6570
3 6378 6380 6379
3 6568 6569 6570
3 6376 6378 6377
3 6566 6567 6568
3 6422 6419 6358
3 6612 6548 6609
3 6419 6360 6358
3 6609 6548 6550
3 6360 6419 6417
3 6550 6607 6609
3 6419 6422 6421
3 6609 6611 6612
3 6432 6430 6350
3 6622 6540 6620
3 6430 6432 6431
3 6620 6621 6622
3 6428 6430 6429
3 6618 6619 6620
3 6349 6348 6350
3 6539 6540 6538
3 6365 6364 6366
3 6555 6556 6554
3 6394 6393 6392
3 6584 6582 6583
3 6380 6394 6392
3 6570 6582 6584
3 6392 6391 6390
3 6582 6580 6581
3 6512 6509 6507
3 6702 6697 6699
3 6495 6512 6507
3 6685 6697 6702
3 6509 6512 6511
3 6699 6701 6702
3 6512 6495 6517
3 6702 6707 6685
3 6514 6512 6517
3 6704 6707 6702
3 6512 6514 6513
3 6702 6703 6704
3 6364 6411 6366
3 6554 6556 6601
3 6413 6411 6364
3 6603 6554 6601
3 6411 6408 6366
3 6601 6556 6598
3 6408 6411 6410
3 6598 6600 6601
3 6411 6413 6412
3 6601 6602 6603
3 6409 6408 6410
3 6599 6600 6598
3 6397 6378 6376
3 6587 6566 6568
3 6356 6354 6424
3 6546 6614 6544
3 6422 6356 6424
3 6612 6614 6546
3 6356 6358 6357
3 6546 6547 6548
3 6356 6422 6358
3 6546 6548 6612
3 6430 6352 6350
3 6620 6540 6542
3 6352 6430 6428
3 6542 6618 6620
3 6426 6352 6428
3 6616 6618 6542
3 6352 6426 6354
3 6542 6544 6616
3 6490 6447 6491
3 6680 6681 6637
3 6490 6449 6447
3 6680 6637 6639
3 6490 6488 6449
3 6680 6639 6678
3 6488 6490 6489
3 6678 6679 6680
3 6344 6343 6342
3 6534 6532 6533
3 6484 6455 6453
3 6674 6643 6645
3 6451 6453 6452
3 6641 6642 6643
3 6449 6451 6450
3 6639 6640 6641
3 6488 6451 6449
3 6678 6639 6641
3 6516 6514 6517
3 6706 6707 6704
3 6420 6419 6421
3 6610 6611 6609
3 6344 6437 6346
3 6534 6536 6627
3 6437 6344 6439
3 6627 6629 6534
3 6437 6439 6438
3 6627 6628 6629
3 6461 6463 6462
3 6651 6652 6653
3 6476 6463 6461
3 6666 6651 6653
3 6476 6478 6477
3 6666 6667 6668
3 6478 6476 6461
3 6668 6651 6666
3 6478 6480 6479
3 6668 6669 6670
3 6478 6461 6459
3 6668 6649 6651
3 6480 6478 6459
3 6670 6649 6668
3 6474 6463 6476
3 6664 6666 6653
3 6455 6457 6456
3 6645 6646 6647
3 6457 6480 6459
3 6647 6649 6670
3 6457 6459 6458
3 6647 6648 6649
3 6407 6406 6408
3 6597 6598 6596
3 6378 6396 6380
3 6568 6570 6586
3 6397 6396 6378
3 6587 6568 6586
3 6394 6396 6395
3 6584 6585 6586
3 6396 6394 6380
3 6586 6570 6584
3 6374 6376 6375
3 6564 6565 6566
3 6374 6373 6372
3 6564 6562 6563
3 6398 6400 6399
3 6588 6589 6590
3 6398 6397 6376
3 6588 6566 6587
3 6374 6398 6376
3 6564 6566 6588
3 6398 6374 6400
3 6588 6590 6564
3 6356 6355 6354
3 6546 6544 6545
3 6352 6351 6350
3 6542 6540 6541
3 6341 6340 6342
3 6531 6532 6530
3 6345 6344 6346
3 6535 6536 6534
3 6484 6486 6485
3 6674 6675 6676
3 6486 6484 6453
3 6676 6643 6674
3 6487 6486 6488
3 6677 6678 6676
3 6451 6486 6453
3 6641 6643 6676
3 6486 6451 6488
3 6676 6678 6641
3 6516 6515 6514
3 6706 6704 6705
3 6419 6418 6417
3 6609 6607 6608
3 6435 6348 6346
3 6625 6536 6538
3 6437 6435 6346
3 6627 6536 6625
3 6435 6432 6350
3 6625 6540 6622
3 6348 6435 6350
3 6538 6540 6625
3 6435 6437 6436
3 6625 6626 6627
3 6432 6435 6433
3 6622 6623 6625
3 6435 6434 6433
3 6625 6623 6624
3 6467 6469 6468
3 6657 6658 6659
3 6463 6465 6464
3 6653 6654 6655
3 6474 6465 6463
3 6664 6653 6655
3 6465 6467 6466
3 6655 6656 6657
3 6484 6482 6455
3 6674 6645 6672
3 6482 6457 6455
3 6672 6645 6647
3 6483 6482 6484
3 6673 6674 6672
3 6480 6482 6481
3 6670 6671 6672
3 6457 6482 6480
3 6647 6670 6672
3 6374 6402 6400
3 6564 6590 6592
3 6402 6401 6400
3 6592 6590 6591
3 6402 6374 6372
3 6592 6562 6564
3 6402 6404 6403
3 6592 6593 6594
3 6404 6402 6372
3 6594 6562 6592
3 6353 6352 6354
3 6543 6544 6542
3 6348 6347 6346
3 6538 6536 6537
3 6473 6472 6474
3 6663 6664 6662
3 6467 6472 6469
3 6657 6659 6662
3 6472 6465 6474
3 6662 6664 6655
3 6465 6472 6467
3 6655 6657 6662
3 6469 6472 6470
3 6659 6660 6662
3 6472 6471 6470
3 6662 6660 6661
3 6475 6474 6476
3 6665 6666 6664
3 6712 6713 6903
3 6712 6903 6902
3 6713 6714 6904
3 6713 6904 6903
3 6714 6715 6905
3 6714 6905 6904
3 6715 6716 6906
3 6715 6906 6905
3 6716 6717 6907
3 6716 6907 6906
3 6717 6718 6908
3 6717 6908 6907
3 6718 6719 6909
3 6718 6909 6908
3 6719 6720 6910
3 6719 6910 6909
3 6720 6721 6911
3 6720 6911 6910
3 6721 6722 6912
3 6721 6912 6911
3 6722 6723 6913
3 6722 6913 6912
3 6723 6724 6914
3 6723 6914 6913
3 6724 6725 6915
3 6724 6915 6914
3 6725 6726 6916
3 6725 6916 6915
3 6726 6727 6917
3 6726 6917 6916
3 6727 6728 6918
3 6727 6918 6917
3 6728 6729 6919
3 6728 6919 6918
3 6729 6730 6920
3 6729 6920 6919
3 6730 6731 6921
3 6730 6921 6920
3 6731 6732 6922
3 6731 6922 6921
3 6732 6733 6923
3 6732 6923 6922
3 6733 6734 6924
3 6733 6924 6923
3 6734 6735 6925
3 6734 6925 6924
3 6735 6736 6926
3 6735 6926 6925
3 6736 6737 6927
3 6736 6927 6926
3 6737 6738 6928
3 6737 6928 6927
3 6738 6739 6929
3 6738 6929 6928
3 6739 6740 6930
3 6739 6930 6929
3 6740 6741 6931
3 6740 6931 6930
3 6741 6742 6932
3 6741 6932 6931
3 6742 6743 6933
3 6742 6933 6932
3 6743 6744 6934
3 6743 6934 6933
3 6744 6745 6935
3 6744 6935 6934
3 6745 6746 6936
3 6745 6936 6935
3 6746 6747 6937
3 6746 6937 6936
3 6747 6748 6938
3 6747 6938 6937
3 6748 6749 6939
3 6748 6939 6938
3 6749 6750 6940
3 6749 6940 6939
3 6750 6751 6941
3 6750 6941 6940
3 6751 6752 6942
3 6751 6942 6941
3 6752 6753 6943
3 6752 6943 6942
3 6753 6754 6944
3 6753 6944 6943
3 6754 6755 6945
3 6754 6945 6944
3 6755 6756 6946
3 6755 6946 6945
3 6756 6757 6947
3 6756 6947 6946
3 6757 6758 6948
3 6757 6948 6947
3 6758 6759 6949
3 6758 6949 6948
3 6759 6760 6950
3 6759 6950 6949
3 6760 6761 6951
3 6760 6951 6950
3 6761 6762 6952
3 6761 6952 6951
3 6762 6763 6953
3 6762 6953 6952
3 6763 6764 6954
3 6763 6954 6953
3 6764 6765 6955
3 6764 6955 6954
3 6765 6766 6956
3 6765 6956 6955
3 6766 6767 6957
3 6766 6957 6956
3 6767 6768 6958
3 6767 6958 6957
3 6768 6769 6959
3 6768 6959 6958
3 6769 6770 6960
3 6769 6960 6959
3 6770 6771 6961
3 6770 6961 6960
3 6771 6772 6962
3 6771 6962 6961
3 6772 6773 6963
3 6772 6963 6962
3 6773 6774 6964
3 6773 6964 6963
3 6774 6775 6965
3 6774 6965 6964
3 6775 6776 6966
3 6775 6966 6965
3 6776 6777 6967
3 6776 6967 6966
3 6777 6778 6968
3 6777 6968 6967
3 6778 6779 6969
3 6778 6969 6968
3 6779 6780 6970
3 6779 6970 6969
3 6780 6781 6971
3 6780 6971 6970
3 6781 6782 6972
3 6781 6972 6971
3 6782 6783 6973
3 6782 6973 6972
3 6783 6784 6974
3 6783 6974 6973
3 6784 6785 6975
3 6784 6975 6974
3 6785 6786 6976
3 6785 6976 6975
3 6786 6787 6977
3 6786 6977 6976
3 6787 6788 6978
3 6787 6978 6977
3 6788 6789 6979
3 6788 6979 6978
3 6789 6790 6980
3 6789 6980 6979
3 6790 6791 6981
3 6790 6981 6980
3 6791 6792 6982
3 6791 6982 6981
3 6792 6793 6983
3 6792 6983 6982
3 6793 6794 6984
3 6793 6984 6983
3 6794 6795 6985
3 6794 6985 6984
3 6795 6796 6986
3 6795 6986 6985
3 6796 6797 6987
3 6796 6987 6986
3 6797 6798 6988
3 6797 6988 6987
3 6798 6799 6989
3 6798 6989 6988
3 6799 6800 6990
3 6799 6990 6989
3 6800 6801 6991
3 6800 6991 6990
3 6801 6802 6992
3 6801 6992 6991
3 6802 6803 6993
3 6802 6993 6992
3 6803 6804 6994
3 6803 6994 6993
3 6804 6805 6995
3 6804 6995 6994
3 6805 6806 6996
3 6805 6996 6995
3 6806 6807 6997
3 6806 6997 6996
3 6807 6808 6998
3 6807 6998 6997
3 6808 6809 6999
3 6808 6999 6998
3 6809 6810 7000
3 6809 7000 6999
3 6810 6811 7001
3 6810 7001 7000
3 6811 6812 7002
3 6811 7002 7001
3 6812 6813 7003
3 6812 7003 7002
3 6813 6814 7004
3 6813 7004 7003
3 6814 6815 7005
3 6814 7005 7004
3 6815 6816 7006
3 6815 7006 7005
3 6816 6817 7007
3 6816 7007 7006
3 6817 6818 7008
3 6817 7008 7007
3 6818 6819 7009
3 6818 7009 7008
3 6819 6820 7010
3 6819 7010 7009
3 6820 6821 7011
3 6820 7011 7010
3 6821 6822 7012
3 6821 7012 7011
3 6822 6823 7013
3 6822 7013 7012
3 6823 6824 7014
3 6823 7014 7013
3 6824 6825 7015
3 6824 7015 7014
3 6825 6826 7016
3 6825 7016 7015
3 6826 6827 7017
3 6826 7017 7016
3 6827 6828 7018
3 6827 7018 7017
3 6828 6829 7019
3 6828 7019 7018
3 6829 6830 7020
3 6829 7020 7019
3 6830 6831 7021
3 6830 7021 7020
3 6831 6832 7022
3 6831 7022 7021
3 6832 6833 7023
3 6832 7023 7022
3 6833 6834 7024
3 6833 7024 7023
3 6834 6835 7025
3 6834 7025 7024
3 6835 6836 7026
3 6835 7026 7025
3 6836 6837 7027
3 6836 7027 7026
3 6837 6838 7028
3 6837 7028 7027
3 6838 6839 7029
3 6838 7029 7028
3 6839 6840 7030
3 6839 7030 7029
3 6840 6841 7031
3 6840 7031 7030
3 6841 6842 7032
3 6841 7032 7031
3 6842 6843 7033
3 6842 7033 7032
3 6843 6844 7034
3 6843 7034 7033
3 6844 6845 7035
3 6844 7035 7034
3 6845 6846 7036
3 6845 7036 7035
3 6846 6847 7037
3 6846 7037 7036
3 6847 6848 7038
3 6847 7038 7037
3 6848 6849 7039
3 6848 7039 7038
3 6849 6850 7040
3 6849 7040 7039
3 6850 6851 7041
3 6850 7041 7040
3 6851 6852 7042
3 6851 7042 7041
3 6852 6853 7043
3 6852 7043 7042
3 6853 6854 7044
3 6853 7044 7043
3 6854 6855 7045
3 6854 7045 7044
3 6855 6856 7046
3 6855 7046 7045
3 6856 6857 7047
3 6856 7047 7046
3 6857 6858 7048
3 6857 7048 7047
3 6858 6859 7049
3 6858 7049 7048
3 6859 6860 7050
3 6859 7050 7049
3 6860 6861 7051
3 6860 7051 7050
3 6861 6862 7052
3 6861 7052 7051
3 6862 6863 7053
3 6862 7053 7052
3 6863 6864 7054
3 6863 7054 7053
3 6864 6865 7055
3 6864 7055 7054
3 6865 6866 7056
3 6865 7056 7055
3 6866 6867 7057
3 6866 7057 7056
3 6867 6868 7058
3 6867 7058 7057
3 6868 6869 7059
3 6868 7059 7058
3 6869 6870 7060
3 6869 7060 7059
3 6870 6871 7061
3 6870 7061 7060
3 6871 6872 7062
3 6871 7062 7061
3 6872 6873 7063
3 6872 7063 7062
3 6873 6874 7064
3 6873 7064 7063
3 6874 6875 7065
3 6874 7065 7064
3 6875 6876 7066
3 6875 7066 7065
3 6876 6877 7067
3 6876 7067 7066
3 6877 6878 7068
3 6877 7068 7067
3 6878 6879 7069
3 6878 7069 7068
3 6879 6880 7070
3 6879 7070 7069
3 6880 6881 7071
3 6880 7071 7070
3 6881 6882 7072
3 6881 7072 7071
3 6882 6883 7073
3 6882 7073 7072
3 6883 6884 7074
3 6883 7074 7073
3 6884 6885 7075
3 6884 7075 7074
3 6885 6886 7076
3 6885 7076 7075
3 6886 6887 7077
3 6886 7077 7076
3 6887 6888 7078
3 6887 7078 7077
3 6888 6889 7079
3 6888 7079 7078
3 6889 6890 7080
3 6889 7080 7079
3 6890 6891 7081
3 6890 7081 7080
3 6891 6892 7082
3 6891 7082 7081
3 6892 6893 7083
3 6892 7083 7082
3 6893 6894 7084
3 6893 7084 7083
3 6894 6895 7085
3 6894 7085 7084
3 6895 6896 7086
3 6895 7086 7085
3 6896 6897 7087
3 6896 7087 7086
3 6897 6898 7088
3 6897 7088 7087
3 6898 6899 7089
3 6898 7089 7088
3 6899 6900 7090
3 6899 7090 7089
3 6900 6901 7091
3 6900 7091 7090
3 6901 6712 6902
3 6901 6902 7091
3 7251 7114 7252
3 7439 7440 7302
3 7272 7092 7279
3 7460 7467 7280
3 7255 7254 7113
3 7443 7301 7442
3 7190 7192 7191
3 7378 7379 7380
3 7273 7272 7274
3 7461 7462 7460
3 7276 7278 7277
3 7464 7465 7466
3 7112 7255 7113
3 7300 7301 7443
3 7255 7109 7256
3 7443 7444 7297
3 7107 7109 7108
3 7295 7296 7297
3 7261 7104 7103
3 7449 7291 7292
3 7254 7253 7113
3 7442 7301 7441
3 7253 7114 7113
3 7441 7301 7302
3 7114 7253 7252
3 7302 7440 7441
3 7194 7193 7195
3 7382 7383 7381
3 7275 7278 7276
3 7463 7464 7466
3 7272 7275 7274
3 7460 7462 7463
3 7275 7272 7279
3 7463 7467 7460
3 7278 7275 7279
3 7466 7467 7463
3 7112 7111 7255
3 7300 7443 7299
3 7111 7109 7255
3 7299 7443 7297
3 7262 7261 7103
3 7450 7291 7449
3 7106 7105 7107
3 7294 7295 7293
3 7204 7206 7205
3 7392 7393 7394
3 7105 7257 7107
3 7293 7295 7445
3 7109 7257 7256
3 7297 7444 7445
3 7257 7109 7107
3 7445 7295 7297
3 7262 7264 7263
3 7450 7451 7452
3 7092 7094 7093
3 7280 7281 7282
3 7270 7272 7271
3 7458 7459 7460
3 7272 7270 7092
3 7460 7280 7458
3 7270 7269 7268
3 7458 7456 7457
3 7270 7094 7092
3 7458 7280 7282
3 7094 7270 7268
3 7282 7456 7458
3 7226 7225 7224
3 7414 7412 7413
3 7226 7228 7227
3 7414 7415 7416
3 7117 7114 7251
3 7305 7439 7302
3 7111 7110 7109
3 7299 7297 7298
3 7102 7101 7100
3 7290 7288 7289
3 7102 7262 7103
3 7290 7291 7450
3 7264 7102 7100
3 7452 7288 7290
3 7102 7264 7262
3 7290 7450 7452
3 7218 7220 7219
3 7406 7407 7408
3 7196 7193 7192
3 7384 7380 7381
3 7193 7196 7195
3 7381 7383 7384
3 7259 7257 7105
3 7447 7293 7445
3 7257 7259 7258
3 7445 7446 7447
3 7260 7259 7261
3 7448 7449 7447
3 7261 7259 7104
3 7449 7292 7447
3 7259 7105 7104
3 7447 7292 7293
3 7266 7096 7267
3 7454 7455 7284
3 7096 7268 7267
3 7284 7455 7456
3 7096 7094 7268
3 7284 7456 7282
3 7094 7096 7095
3 7282 7283 7284
3 7097 7096 7266
3 7285 7454 7284
3 7223 7222 7224
3 7411 7412 7410
3 7220 7222 7221
3 7408 7409 7410
3 7157 7222 7220
3 7345 7408 7410
3 7159 7157 7220
3 7347 7408 7345
3 7230 7232 7231
3 7418 7419 7420
3 7230 7229 7228
3 7418 7416 7417
3 7147 7230 7228
3 7335 7416 7418
3 7250 7117 7251
3 7438 7439 7305
3 7114 7116 7115
3 7302 7303 7304
3 7117 7116 7114
3 7305 7302 7304
3 7170 7169 7171
3 7358 7359 7357
3 7196 7198 7197
3 7384 7385 7386
3 7187 7198 7196
3 7375 7384 7386
3 7198 7200 7199
3 7386 7387 7388
3 7189 7192 7190
3 7377 7378 7380
3 7189 7196 7192
3 7377 7380 7384
3 7189 7187 7196
3 7377 7384 7375
3 7202 7204 7203
3 7390 7391 7392
3 7202 7201 7200
3 7390 7388 7389
3 7183 7202 7200
3 7371 7388 7390
3 7202 7183 7181
3 7390 7369 7371
3 7177 7206 7204
3 7365 7392 7394
3 7177 7175 7206
3 7365 7394 7363
3 7208 7207 7206
3 7396 7394 7395
3 7175 7208 7206
3 7363 7394 7396
3 7098 7266 7265
3 7286 7453 7454
3 7098 7097 7266
3 7286 7454 7285
3 7264 7098 7265
3 7452 7453 7286
3 7098 7100 7099
3 7286 7287 7288
3 7098 7264 7100
3 7286 7288 7452
3 7159 7158 7157
3 7347 7345 7346
3 7151 7153 7152
3 7339 7340 7341
3 7153 7226 7224
3 7341 7412 7414
3 7153 7151 7226
3 7341 7414 7339
3 7156 7155 7157
3 7344 7345 7343
3 7155 7222 7157
3 7343 7345 7410
3 7222 7155 7224
3 7410 7412 7343
3 7155 7153 7224
3 7343 7412 7341
3 7218 7161 7220
3 7406 7408 7349
3 7161 7159 7220
3 7349 7408 7347
3 7159 7161 7160
3 7347 7348 7349
3 7161 7163 7162
3 7349 7350 7351
3 7163 7161 7218
3 7351 7406 7349
3 7214 7213 7212
3 7402 7400 7401
3 7149 7147 7228
3 7337 7416 7335
3 7149 7228 7226
3 7337 7414 7416
3 7149 7151 7150
3 7337 7338 7339
3 7151 7149 7226
3 7339 7414 7337
3 7236 7238 7237
3 7424 7425 7426
3 7242 7244 7243
3 7430 7431 7432
3 7250 7249 7248
3 7438 7436 7437
3 7244 7246 7245
3 7432 7433 7434
3 7247 7246 7248
3 7435 7436 7434
3 7250 7119 7117
3 7438 7305 7307
3 7121 7119 7250
3 7309 7438 7307
3 7119 7121 7120
3 7307 7308 7309
3 7164 7163 7165
3 7352 7353 7351
3 7216 7163 7218
3 7404 7406 7351
3 7217 7216 7218
3 7405 7406 7404
3 7163 7216 7165
3 7351 7353 7404
3 7214 7216 7215
3 7402 7403 7404
3 7216 7214 7165
3 7404 7353 7402
3 7169 7210 7171
3 7357 7359 7398
3 7210 7212 7211
3 7398 7399 7400
3 7210 7169 7212
3 7398 7400 7357
3 7208 7210 7209
3 7396 7397 7398
3 7186 7185 7187
3 7374 7375 7373
3 7185 7198 7187
3 7373 7375 7386
3 7198 7185 7200
3 7386 7388 7373
3 7183 7185 7184
3 7371 7372 7373
3 7185 7183 7200
3 7373 7388 7371
3 7189 7188 7187
3 7377 7375 7376
3 7180 7179 7181
3 7368 7369 7367
3 7202 7179 7204
3 7390 7392 7367
3 7179 7202 7181
3 7367 7369 7390
3 7177 7179 7178
3 7365 7366 7367
3 7179 7177 7204
3 7367 7392 7365
3 7183 7182 7181
3 7371 7369 7370
3 7177 7176 7175
3 7365 7363 7364
3 7173 7208 7175
3 7361 7363 7396
3 7174 7173 7175
3 7362 7363 7361
3 7171 7173 7172
3 7359 7360 7361
3 7210 7173 7171
3 7398 7359 7361
3 7173 7210 7208
3 7361 7396 7398
3 7155 7154 7153
3 7343 7341 7342
3 7167 7166 7165
3 7355 7353 7354
3 7214 7167 7165
3 7402 7353 7355
3 7167 7214 7212
3 7355 7400 7402
3 7169 7167 7212
3 7357 7400 7355
3 7167 7169 7168
3 7355 7356 7357
3 7149 7148 7147
3 7337 7335 7336
3 7236 7139 7238
3 7424 7426 7327
3 7139 7141 7140
3 7327 7328 7329
3 7141 7139 7236
3 7329 7424 7327
3 7232 7234 7233
3 7420 7421 7422
3 7234 7141 7236
3 7422 7424 7329
3 7235 7234 7236
3 7423 7424 7422
3 7242 7129 7244
3 7430 7432 7317
3 7119 7118 7117
3 7307 7305 7306
3 7230 7145 7232
3 7418 7420 7333
3 7147 7145 7230
3 7335 7418 7333
3 7143 7234 7232
3 7331 7420 7422
3 7234 7143 7141
3 7422 7329 7331
3 7145 7143 7232
3 7333 7420 7331
3 7143 7145 7144
3 7331 7332 7333
3 7241 7240 7242
3 7429 7430 7428
3 7240 7133 7242
3 7428 7430 7321
3 7238 7240 7239
3 7426 7427 7428
3 7127 7246 7244
3 7315 7432 7434
3 7129 7127 7244
3 7317 7432 7315
3 7129 7131 7130
3 7317 7318 7319
3 7131 7129 7242
3 7319 7430 7317
3 7133 7131 7242
3 7321 7430 7319
3 7139 7137 7238
3 7327 7426 7325
3 7146 7145 7147
3 7334 7335 7333
3 7143 7142 7141
3 7331 7329 7330
3 7246 7125 7248
3 7434 7436 7313
3 7127 7125 7246
3 7315 7434 7313
3 7128 7127 7129
3 7316 7317 7315
3 7138 7137 7139
3 7326 7327 7325
3 7125 7123 7248
3 7313 7436 7311
3 7123 7122 7121
3 7311 7309 7310
3 7123 7250 7248
3 7311 7436 7438
3 7123 7121 7250
3 7311 7438 7309
3 7126 7125 7127
3 7314 7315 7313
3 7137 7135 7238
3 7325 7426 7323
3 7135 7240 7238
3 7323 7426 7428
3 7240 7135 7133
3 7428 7321 7323
3 7135 7134 7133
3 7323 7321 7322
3 7132 7131 7133
3 7320 7321 7319
3 7124 7123 7125
3 7312 7313 7311
3 7136 7135 7137
3 7324 7325 7323
3 7468 7469 7657
3 7468 7657 7656
3 7469 7470 7658
3 7469 7658 7657
3 7470 7471 7659
3 7470 7659 7658
3 7471 7472 7660
3 7471 7660 7659
3 7472 7473 7661
3 7472 7661 7660
3 7473 7474 7662
3 7473 7662 7661
3 7474 7475 7663
3 7474 7663 7662
3 7475 7476 7664
3 7475 7664 7663
3 7476 7477 7665
3 7476 7665 7664
3 7477 7478 7666
3 7477 7666 7665
3 7478 7479 7667
3 7478 7667 7666
3 7479 7480 7668
3 7479 7668 7667
3 7480 7481 7669
3 7480 7669 7668
3 7481 7482 7670
3 7481 7670 7669
3 7482 7483 7671
3 7482 7671 7670
3 7483 7484 7672
3 7483 7672 7671
3 7484 7485 7673
3 7484 7673 7672
3 7485 7486 7674
3 7485 7674 7673
3 7486 7487 7675
3 7486 7675 7674
3 7487 7488 7676
3 7487 7676 7675
3 7488 7489 7677
3 7488 7677 7676
3 7489 7490 7678
3 7489 7678 7677
3 7490 7491 7679
3 7490 7679 7678
3 7491 7492 7680
3 7491 7680 7679
3 7492 7493 7681
3 7492 7681 7680
3 7493 7494 7682
3 7493 7682 7681
3 7494 7495 7683
3 7494 7683 7682
3 7495 7496 7684
3 7495 7684 7683
3 7496 7497 7685
3 7496 7685 7684
3 7497 7498 7686
3 7497 7686 7685
3 7498 7499 7687
3 7498 7687 7686
3 7499 7500 7688
3 7499 7688 7687
3 7500 7501 7689
3 7500 7689 7688
3 7501 7502 7690
3 7501 7690 7689
3 7502 7503 7691
3 7502 7691 7690
3 7503 7504 7692
3 7503 7692 7691
3 7504 7505 7693
3 7504 7693 7692
3 7505 7506 7694
3 7505 7694 7693
3 7506 7507 7695
3 7506 7695 7694
3 7507 7508 7696
3 7507 7696 7695
3 7508 7509 7697
3 7508 7697 7696
3 7509 7510 7698
3 7509 7698 7697
3 7510 7511 7699
3 7510 7699 7698
3 7511 7512 7700
3 7511 7700 7699
3 7512 7513 7701
3 7512 7701 7700
3 7513 7514 7702
3 7513 7702 7701
3 7514 7515 7703
3 7514 7703 7702
3 7515 7516 7704
3 7515 7704 7703
3 7516 7517 7705
3 7516 7705 7704
3 7517 7518 7706
3 7517 7706 7705
3 7518 7519 7707
3 7518 7707 7706
3 7519 7520 7708
3 7519 7708 7707
3 7520 7521 7709
3 7520 7709 7708
3 7521 7522 7710
3 7521 7710 7709
3 7522 7523 7711
3 7522 7711 7710
3 7523 7524 7712
3 7523 7712 7711
3 7524 7525 7713
3 7524 7713 7712
3 7525 7526 7714
3 7525 7714 7713
3 7526 7527 7715
3 7526 7715 7714
3 7527 7528 7716
3 7527 7716 7715
3 7528 7529 7717
3 7528 7717 7716
3 7529 7530 7718
3 7529 7718 7717
3 7530 7531 7719
3 7530 7719 7718
3 7531 7532 7720
3 7531 7720 7719
3 7532 7533 7721
3 7532 7721 7720
3 7533 7534 7722
3 7533 7722 7721
3 7534 7535 7723
3 7534 7723 7722
3 7535 7536 7724
3 7535 7724 7723
3 7536 7537 7725
3 7536 7725 7724
3 7537 7538 7726
3 7537 7726 7725
3 7538 7539 7727
3 7538 7727 7726
3 7539 7540 7728
3 7539 7728 7727
3 7540 7541 7729
3 7540 7729 7728
3 7541 7542 7730
3 7541 7730 7729
3 7542 7543 7731
3 7542 7731 7730
3 7543 7544 7732
3 7543 7732 7731
3 7544 7545 7733
3 7544 7733 7732
3 7545 7546 7734
3 7545 7734 7733
3 7546 7547 7735
3 7546 7735 7734
3 7547 7548 7736
3 7547 7736 7735
3 7548 7549 7737
3 7548 7737 7736
3 7549 7550 7738
3 7549 7738 7737
3 7550 7551 7739
3 7550 7739 7738
3 7551 7552 7740
3 7551 7740 7739
3 7552 7553 7741
3 7552 7741 7740
3 7553 7554 7742
3 7553 7742 7741
3 7554 7555 7743
3 7554 7743 7742
3 7555 7556 7744
3 7555 7744 7743
3 7556 7557 7745
3 7556 7745 7744
3 7557 7558 7746
3 7557 7746 7745
3 7558 7559 7747
3 7558 7747 7746
3 7559 7560 7748
3 7559 7748 7747
3 7560 7561 7749
3 7560 7749 7748
3 7561 7562 7750
3 7561 7750 7749
3 7562 7563 7751
3 7562 7751 7750
3 7563 7564 7752
3 7563 7752 7751
3 7564 7565 7753
3 7564 7753 7752
3 7565 7566 7754
3 7565 7754 7753
3 7566 7567 7755
3 7566 7755 7754
3 7567 7568 7756
3 7567 7756 7755
3 7568 7569 7757
3 7568 7757 7756
3 7569 7570 7758
3 7569 7758 7757
3 7570 7571 7759
3 7570 7759 7758
3 7571 7572 7760
3 7571 7760 7759
3 7572 7573 7761
3 7572 7761 7760
3 7573 7574 7762
3 7573 7762 7761
3 7574 7575 7763
3 7574 7763 7762
3 7575 7576 7764
3 7575 7764 7763
3 7576 7577 7765
3 7576 7765 7764
3 7577 7578 7766
3 7577 7766 7765
3 7578 7579 7767
3 7578 7767 7766
3 7579 7580 7768
3 7579 7768 7767
3 7580 7581 7769
3 7580 7769 7768
3 7581 7582 7770
3 7581 7770 7769
3 7582 7583 7771
3 7582 7771 7770
3 7583 7584 7772
3 7583 7772 7771
3 7584 7585 7773
3 7584 7773 7772
3 7585 7586 7774
3 7585 7774 7773
3 7586 7587 7775
3 7586 7775 7774
3 7587 7588 7776
3 7587 7776 7775
3 7588 7589 7777
3 7588 7777 7776
3 7589 7590 7778
3 7589 7778 7777
3 7590 7591 7779
3 7590 7779 7778
3 7591 7592 7780
3 7591 7780 7779
3 7592 7593 7781
3 7592 7781 7780
3 7593 7594 7782
3 7593 7782 7781
3 7594 7595 7783
3 7594 7783 7782
3 7595 7596 7784
3 7595 7784 7783
3 7596 7597 7785
3 7596 7785 7784
3 7597 7598 7786
3 7597 7786 7785
3 7598 7599 7787
3 7598 7787 7786
3 7599 7600 7788
3 7599 7788 7787
3 7600 7601 7789
3 7600 7789 7788
3 7601 7602 7790
3 7601 7790 7789
3 7602 7603 7791
3 7602 7791 7790
3 7603 7604 7792
3 7603 7792 7791
3 7604 7605 7793
3 7604 7793 7792
3 7605 7606 7794
3 7605 7794 7793
3 7606 7607 7795
3 7606 7795 7794
3 7607 7608 7796
3 7607 7796 7795
3 7608 7609 7797
3 7608 7797 7796
3 7609 7610 7798
3 7609 7798 7797
3 7610 7611 7799
3 7610 7799 7798
3 7611 7612 7800
3 7611 7800 7799
3 7612 7613 7801
3 7612 7801 7800
3 7613 7614 7802
3 7613 7802 7801
3 7614 7615 7803
3 7614 7803 7802
3 7615 7616 7804
3 7615 7804 7803
3 7616 7617 7805
3 7616 7805 7804
3 7617 7618 7806
3 7617 7806 7805
3 7618 7619 7807
3 7618 7807 7806
3 7619 7620 7808
3 7619 7808 7807
3 7620 7621 7809
3 7620 7809 7808
3 7621 7622 7810
3 7621 7810 7809
3 7622 7623 7811
3 7622 7811 7810
3 7623 7624 7812
3 7623 7812 7811
3 7624 7625 7813
3 7624 7813 7812
3 7625 7626 7814
3 7625 7814 7813
3 7626 7627 7815
3 7626 7815 7814
3 7627 7628 7816
3 7627 7816 7815
3 7628 7629 7817
3 7628 7817 7816
3 7629 7630 7818
3 7629 7818 7817
3 7630 7631 7819
3 7630 7819 7818
3 7631 7632 7820
3 7631 7820 7819
3 7632 7633 7821
3 7632 7821 7820
3 7633 7634 7822
3 7633 7822 7821
3 7634 7635 7823
3 7634 7823 7822
3 7635 7636 7824
3 7635 7824 7823
3 7636 7637 7825
3 7636 7825 7824
3 7637 7638 7826
3 7637 7826 7825
3 7638 7639 7827
3 7638 7827 7826
3 7639 7640 7828
3 7639 7828 7827
3 7640 7641 7829
3 7640 7829 7828
3 7641 7642 7830
3 7641 7830 7829
3 7642 7643 7831
3 7642 7831 7830
3 7643 7644 7832
3 7643 7832 7831
3 7644 7645 7833
3 7644 7833 7832
3 7645 7646 7834
3 7645 7834 7833
3 7646 7647 7835
3 7646 7835 7834
3 7647 7648 7836
3 7647 7836 7835
3 7648 7649 7837
3 7648 7837 7836
3 7649 7650 7838
3 7649 7838 7837
3 7650 7651 7839
3 7650 7839 7838
3 7651 7652 7840
3 7651 7840 7839
3 7652 7653 7841
3 7652 7841 7840
3 7653 7654 7842
3 7653 7842 7841
3 7654 7655 7843
3 7654 7843 7842
3 7655 7468 7656
3 7655 7656 7843
3 7855 7916 7915
3 7964 8024 8025
3 7870 7868 7889
3 7979 7998 7977
3 7866 7859 7858
3 7975 7967 7968
3 7892 7891 7893
3 8001 8002 8000
3 7890 7866 7858
3 7999 7967 7975
3 7868 7890 7889
3 7977 7998 7999
3 7866 7890 7868
3 7975 7977 7999
3 7891 7912 7893
3 8000 8002 8021
3 7857 7855 7915
3 7966 8024 7964
3 7857 7914 7858
3 7966 7967 8023
3 7857 7915 7914
3 7966 8023 8024
3 7870 7869 7868
3 7979 7977 7978
3 7866 7864 7859
3 7975 7968 7973
3 7937 7850 7941
3 8046 8050 7959
3 7927 7926 7925
3 8036 8034 8035
3 7929 7928 7930
3 8038 8039 8037
3 7890 7913 7891
3 7999 8000 8022
3 7913 7912 7891
3 8022 8000 8021
3 7914 7913 7858
3 8023 7967 8022
3 7913 7890 7858
3 8022 7967 7999
3 7912 7909 7893
3 8021 8002 8018
3 7857 7856 7855
3 7966 7964 7965
3 7855 7853 7916
3 7964 8025 7962
3 7854 7853 7855
3 7963 7964 7962
3 7878 7886 7879
3 7987 7988 7995
3 7887 7878 7877
3 7996 7986 7987
3 7878 7887 7886
3 7987 7995 7996
3 7886 7880 7879
3 7995 7988 7989
3 7888 7887 7889
3 7997 7998 7996
3 7880 7885 7884
3 7989 7993 7994
3 7885 7880 7886
3 7994 7995 7989
3 7899 7902 7901
3 8008 8010 8011
3 7900 7899 7901
3 8009 8010 8008
3 7897 7899 7898
3 8006 8007 8008
3 7867 7866 7868
3 7976 7977 7975
3 7864 7862 7859
3 7973 7968 7971
3 7939 7938 7941
3 8048 8050 8047
3 7938 7937 7941
3 8047 8050 8046
3 7942 7850 7848
3 8051 7957 7959
3 7850 7942 7941
3 7959 8050 8051
3 7943 7942 7848
3 8052 7957 8051
3 7851 7850 7937
3 7960 8046 7959
3 7851 7853 7852
3 7960 7961 7962
3 7853 7851 7916
3 7962 8025 7960
3 7916 7851 7936
3 8025 8045 7960
3 7851 7937 7936
3 7960 8045 8046
3 7850 7849 7848
3 7959 7957 7958
3 7940 7939 7941
3 8049 8050 8048
3 7943 7946 7945
3 8052 8054 8055
3 7946 7943 7845
3 8055 7954 8052
3 7904 7903 7902
3 8013 8011 8012
3 7924 7927 7925
3 8033 8034 8036
3 7927 7924 7928
3 8036 8037 8033
3 7881 7880 7884
3 7990 7993 7989
3 7876 7872 7877
3 7985 7986 7981
3 7872 7887 7877
3 7981 7986 7996
3 7872 7871 7870
3 7981 7979 7980
3 7872 7870 7889
3 7981 7998 7979
3 7887 7872 7889
3 7996 7998 7981
3 7865 7864 7866
3 7974 7975 7973
3 7847 7943 7848
3 7956 7957 8052
3 7943 7847 7845
3 8052 7954 7956
3 7944 7943 7945
3 8053 8054 8052
3 7948 7947 7845
3 8057 7954 8056
3 7947 7946 7845
3 8056 7954 8055
3 7933 7931 7930
3 8042 8039 8040
3 7933 7932 7931
3 8042 8040 8041
3 7934 7933 7935
3 8043 8044 8042
3 7935 7933 7936
3 8044 8045 8042
3 7883 7882 7884
3 7992 7993 7991
3 7882 7881 7884
3 7991 7993 7990
3 7896 7895 7897
3 8005 8006 8004
3 7897 7895 7908
3 8006 8017 8004
3 7909 7895 7893
3 8018 8002 8004
3 7895 7909 7908
3 8004 8017 8018
3 7895 7894 7893
3 8004 8002 8003
3 7874 7876 7875
3 7983 7984 7985
3 7874 7872 7876
3 7983 7985 7981
3 7872 7874 7873
3 7981 7982 7983
3 7859 7861 7860
3 7968 7969 7970
3 7862 7861 7859
3 7971 7968 7970
3 7863 7862 7864
3 7972 7973 7971
3 7847 7846 7845
3 7956 7954 7955
3 7952 7948 7845
3 8061 7954 8057
3 7844 7952 7845
3 7953 7954 8061
3 7952 7949 7948
3 8061 8057 8058
3 7933 7918 7936
3 8042 8045 8027
3 7918 7916 7936
3 8027 8045 8025
3 7918 7917 7916
3 8027 8025 8026
3 7906 7904 7902
3 8015 8011 8013
3 7906 7905 7904
3 8015 8013 8014
3 7899 7906 7902
3 8008 8011 8015
3 7906 7899 7897
3 8015 8006 8008
3 7906 7897 7908
3 8015 8017 8006
3 7907 7906 7908
3 8016 8017 8015
3 7949 7951 7950
3 8058 8059 8060
3 7952 7951 7949
3 8061 8058 8060
3 7920 7918 7933
3 8029 8042 8027
3 7918 7920 7919
3 8027 8028 8029
3 7920 7933 7930
3 8029 8039 8042
3 7928 7920 7930
3 8037 8039 8029
3 7924 7920 7928
3 8033 8037 8029
3 7920 7922 7921
3 8029 8030 8031
3 7923 7922 7924
3 8032 8033 8031
3 7922 7920 7924
3 8031 8033 8029
3 7909 7911 7910
3 8018 8019 8020
3 7911 7909 7912
3 8020 8021 8018
3 8062 8063 8172
3 8062 8172 8171
3 8063 8064 8173
3 8063 8173 8172
3 8064 8065 8174
3 8064 8174 8173
3 8065 8066 8175
3 8065 8175 8174
3 8066 8067 8176
3 8066 8176 8175
3 8067 8068 8177
3 8067 8177 8176
3 8068 8069 8178
3 8068 8178 8177
3 8069 8070 8179
3 8069 8179 8178
3 8070 8071 8180
3 8070 8180 8179
3 8071 8072 8181
3 8071 8181 8180
3 8072 8073 8182
3 8072 8182 8181
3 8073 8074 8183
3 8073 8183 8182
3 8074 8075 8184
3 8074 8184 8183
3 8075 8076 8185
3 8075 8185 8184
3 8076 8077 8186
3 8076 8186 8185
3 8077 8078 8187
3 8077 8187 8186
3 8078 8079 8188
3 8078 8188 8187
3 8079 8080 8189
3 8079 8189 8188
3 8080 8081 8190
3 8080 8190 8189
3 8081 8082 8191
3 8081 8191 8190
3 8082 8083 8192
3 8082 8192 8191
3 8083 8084 8193
3 8083 8193 8192
3 8084 8085 8194
3 8084 8194 8193
3 8085 8086 8195
3 8085 8195 8194
3 8086 8087 8196
3 8086 8196 8195
3 8087 8088 8197
3 8087 8197 8196
3 8088 8089 8198
3 8088 8198 8197
3 8089 8090 8199
3 8089 8199 8198
3 8090 8091 8200
3 8090 8200 8199
3 8091 8092 8201
3 8091 8201 8200
3 8092 8093 8202
3 8092 8202 8201
3 8093 8094 8203
3 8093 8203 8202
3 8094 8095 8204
3 8094 8204 8203
3 8095 8096 8205
3 8095 8205 8204
3 8096 8097 8206
3 8096 8206 8205
3 8097 8098 8207
3 8097 8207 8206
3 8098 8099 8208
3 8098 8208 8207
3 8099 8100 8209
3 8099 8209 8208
3 8100 8101 8210
3 8100 8210 8209
3 8101 8102 8211
3 8101 8211 8210
3 8102 8103 8212
3 8102 8212 8211
3 8103 8104 8213
3 8103 8213 8212
3 8104 8105 8214
3 8104 8214 8213
3 8105 8106 8215
3 8105 8215 8214
3 8106 8107 8216
3 8106 8216 8215
3 8107 8108 8217
3 8107 8217 8216
3 8108 8109 8218
3 8108 8218 8217
3 8109 8110 8219
3 8109 8219 8218
3 8110 8111 8220
3 8110 8220 8219
3 8111 8112 8221
3 8111 8221 8220
3 8112 8113 8222
3 8112 8222 8221
3 8113 8114 8223
3 8113 8223 8222
3 8114 8115 8224
3 8114 8224 8223
3 8115 8116 8225
3 8115 8225 8224
3 8116 8117 8226
3 8116 8226 8225
3 8117 8118 8227
3 8117 8227 8226
3 8118 8119 8228
3 8118 8228 8227
3 8119 8120 8229
3 8119 8229 8228
3 8120 8121 8230
3 8120 8230 8229
3 8121 8122 8231
3 8121 8231 8230
3 8122 8123 8232
3 8122 8232 8231
3 8123 8124 8233
3 8123 8233 8232
3 8124 8125 8234
3 8124 8234 8233
3 8125 8126 8235
3 8125 8235 8234
3 8126 8127 8236
3 8126 8236 8235
3 8127 8128 8237
3 8127 8237 8236
3 8128 8129 8238
3 8128 8238 8237
3 8129 8130 8239
3 8129 8239 8238
3 8130 8131 8240
3 8130 8240 8239
3 8131 8132 8241
3 8131 8241 8240
3 8132 8133 8242
3 8132 8242 8241
3 8133 8134 8243
3 8133 8243 8242
3 8134 8135 8244
3 8134 8244 8243
3 8135 8136 8245
3 8135 8245 8244
3 8136 8137 8246
3 8136 8246 8245
3 8137 8138 8247
3 8137 8247 8246
3 8138 8139 8248
3 8138 8248 8247
3 8139 8140 8249
3 8139 8249 8248
3 8140 8141 8250
3 8140 8250 8249
3 8141 8142 8251
3 8141 8251 8250
3 8142 8143 8252
3 8142 8252 8251
3 8143 8144 8253
3 8143 8253 8252
3 8144 8145 8254
3 8144 8254 8253
3 8145 8146 8255
3 8145 8255 8254
3 8146 8147 8256
3 8146 8256 8255
3 8147 8148 8257
3 8147 8257 8256
3 8148 8149 8258
3 8148 8258 8257
3 8149 8150 8259
3 8149 8259 8258
3 8150 8151 8260
3 8150 8260 8259
3 8151 8152 8261
3 8151 8261 8260
3 8152 8153 8262
3 8152 8262 8261
3 8153 8154 8263
3 8153 8263 8262
3 8154 8155 8264
3 8154 8264 8263
3 8155 8156 8265
3 8155 8265 8264
3 8156 8157 8266
3 8156 8266 8265
3 8157 8158 8267
3 8157 8267 8266
3 8158 8159 8268
3 8158 8268 8267
3 8159 8160 8269
3 8159 8269 8268
3 8160 8161 8270
3 8160 8270 8269
3 8161 8162 8271
3 8161 8271 8270
3 8162 8163 8272
3 8162 8272 8271
3 8163 8164 8273
3 8163 8273 8272
3 8164 8165 8274
3 8164 8274 8273
3 8165 8166 8275
3 8165 8275 8274
3 8166 8167 8276
3 8166 8276 8275
3 8167 8168 8277
3 8167 8277 8276
3 8168 8169 8278
3 8168 8278 8277
3 8169 8170 8279
3 8169 8279 8278
3 8170 8062 8171
3 8170 8171 8279
3 8363 8362 8364
3 8496 8497 8495
3 8360 8362 8361
3 8493 8494 8495
3 8362 8365 8364
3 8495 8497 8498
3 8292 8291 8293
3 8425 8426 8424
3 8280 8412 8281
3 8413 8414 8545
3 8407 8412 8411
3 8540 8544 8545
3 8328 8331 8329
3 8461 8462 8464
3 8347 8345 8368
3 8480 8501 8478
3 8412 8406 8281
3 8545 8414 8539
3 8406 8412 8407
3 8539 8540 8545
3 8400 8311 8309
3 8533 8442 8444
3 8388 8387 8390
3 8521 8523 8520
3 8382 8380 8317
3 8515 8450 8513
3 8370 8324 8323
3 8503 8456 8457
3 8324 8370 8339
3 8457 8472 8503
3 8345 8370 8368
3 8478 8501 8503
3 8410 8407 8411
3 8543 8544 8540
3 8410 8408 8407
3 8543 8540 8541
3 8408 8410 8409
3 8541 8542 8543
3 8360 8358 8362
3 8493 8495 8491
3 8358 8360 8359
3 8491 8492 8493
3 8354 8365 8362
3 8487 8495 8498
3 8358 8354 8362
3 8491 8495 8487
3 8295 8400 8309
3 8428 8442 8533
3 8404 8403 8281
3 8537 8414 8536
3 8406 8404 8281
3 8539 8414 8537
3 8404 8406 8405
3 8537 8538 8539
3 8311 8310 8309
3 8444 8442 8443
3 8380 8319 8317
3 8513 8450 8452
3 8319 8318 8317
3 8452 8450 8451
3 8376 8370 8323
3 8509 8456 8503
3 8389 8388 8390
3 8522 8523 8521
3 8383 8382 8317
3 8516 8450 8515
3 8382 8381 8380
3 8515 8513 8514
3 8370 8369 8368
3 8503 8501 8502
3 8370 8343 8339
3 8503 8472 8476
3 8343 8370 8345
3 8476 8478 8503
3 8343 8341 8339
3 8476 8472 8474
3 8331 8330 8329
3 8464 8462 8463
3 8335 8324 8339
3 8468 8472 8457
3 8356 8358 8357
3 8489 8490 8491
3 8354 8356 8355
3 8487 8488 8489
3 8356 8354 8358
3 8489 8491 8487
3 8366 8347 8368
3 8499 8501 8480
3 8367 8366 8368
3 8500 8501 8499
3 8354 8366 8365
3 8487 8498 8499
3 8283 8282 8281
3 8416 8414 8415
3 8295 8307 8298
3 8428 8431 8440
3 8305 8307 8306
3 8438 8439 8440
3 8307 8305 8298
3 8440 8431 8438
3 8307 8295 8309
3 8440 8442 8428
3 8308 8307 8309
3 8441 8442 8440
3 8291 8294 8293
3 8424 8426 8427
3 8295 8294 8291
3 8428 8424 8427
3 8296 8295 8298
3 8429 8431 8428
3 8297 8296 8298
3 8430 8431 8429
3 8394 8393 8392
3 8527 8525 8526
3 8391 8394 8392
3 8524 8525 8527
3 8387 8315 8390
3 8520 8523 8448
3 8315 8391 8390
3 8448 8523 8524
3 8391 8315 8314
3 8524 8447 8448
3 8316 8315 8317
3 8449 8450 8448
3 8315 8383 8317
3 8448 8450 8516
3 8399 8313 8400
3 8532 8533 8446
3 8314 8313 8399
3 8447 8532 8446
3 8313 8311 8400
3 8446 8533 8444
3 8313 8312 8311
3 8446 8444 8445
3 8374 8376 8375
3 8507 8508 8509
3 8374 8373 8372
3 8507 8505 8506
3 8376 8374 8370
3 8509 8503 8507
3 8376 8378 8377
3 8509 8510 8511
3 8378 8319 8380
3 8511 8513 8452
3 8379 8378 8380
3 8512 8513 8511
3 8303 8305 8304
3 8436 8437 8438
3 8303 8302 8301
3 8436 8434 8435
3 8300 8303 8301
3 8433 8434 8436
3 8337 8335 8339
3 8470 8472 8468
3 8335 8337 8336
3 8468 8469 8470
3 8338 8337 8339
3 8471 8472 8470
3 8326 8325 8324
3 8459 8457 8458
3 8328 8326 8331
3 8461 8464 8459
3 8343 8342 8341
3 8476 8474 8475
3 8366 8351 8347
3 8499 8480 8484
3 8351 8366 8354
3 8484 8487 8499
3 8283 8285 8284
3 8416 8417 8418
3 8295 8285 8400
3 8428 8533 8418
3 8285 8287 8286
3 8418 8419 8420
3 8391 8398 8394
3 8524 8527 8531
3 8398 8314 8399
3 8531 8532 8447
3 8398 8391 8314
3 8531 8447 8524
3 8386 8315 8387
3 8519 8520 8448
3 8315 8386 8383
3 8448 8516 8519
3 8386 8385 8384
3 8519 8517 8518
3 8383 8386 8384
3 8516 8517 8519
3 8371 8374 8372
3 8504 8505 8507
3 8374 8371 8370
3 8507 8503 8504
3 8327 8326 8328
3 8460 8461 8459
3 8378 8321 8319
3 8511 8452 8454
3 8321 8378 8376
3 8454 8509 8511
3 8321 8376 8323
3 8454 8456 8509
3 8322 8321 8323
3 8455 8456 8454
3 8305 8299 8298
3 8438 8431 8432
3 8303 8299 8305
3 8436 8438 8432
3 8299 8303 8300
3 8432 8433 8436
3 8335 8333 8324
3 8468 8457 8466
3 8333 8326 8324
3 8466 8457 8459
3 8334 8333 8335
3 8467 8468 8466
3 8333 8332 8331
3 8466 8464 8465
3 8326 8333 8331
3 8459 8464 8466
3 8344 8343 8345
3 8477 8478 8476
3 8341 8340 8339
3 8474 8472 8473
3 8351 8353 8352
3 8484 8485 8486
3 8353 8351 8354
3 8486 8487 8484
3 8289 8285 8295
3 8422 8428 8418
3 8285 8289 8287
3 8418 8420 8422
3 8289 8288 8287
3 8422 8420 8421
3 8289 8295 8291
3 8422 8424 8428
3 8289 8291 8290
3 8422 8423 8424
3 8285 8402 8400
3 8418 8533 8535
3 8402 8401 8400
3 8535 8533 8534
3 8402 8285 8283
3 8535 8416 8418
3 8403 8402 8281
3 8536 8414 8535
3 8402 8283 8281
3 8535 8414 8416
3 8396 8398 8397
3 8529 8530 8531
3 8396 8395 8394
3 8529 8527 8528
3 8398 8396 8394
3 8531 8527 8529
3 8321 8320 8319
3 8454 8452 8453
3 8346 8345 8347
3 8479 8480 8478
3 8351 8349 8347
3 8484 8480 8482
3 8349 8348 8347
3 8482 8480 8481
3 8349 8351 8350
3 8482 8483 8484
3 8546 8547 8680
3 8546 8680 8679
3 8547 8548 8681
3 8547 8681 8680
3 8548 8549 8682
3 8548 8682 8681
3 8549 8550 8683
3 8549 8683 8682
3 8550 8551 8684
3 8550 8684 8683
3 8551 8552 8685
3 8551 8685 8684
3 8552 8553 8686
3 8552 8686 8685
3 8553 8554 8687
3 8553 8687 8686
3 8554 8555 8688
3 8554 8688 8687
3 8555 8556 8689
3 8555 8689 8688
3 8556 8557 8690
3 8556 8690 8689
3 8557 8558 8691
3 8557 8691 8690
3 8558 8559 8692
3 8558 8692 8691
3 8559 8560 8693
3 8559 8693 8692
3 8560 8561 8694
3 8560 8694 8693
3 8561 8562 8695
3 8561 8695 8694
3 8562 8563 8696
3 8562 8696 8695
3 8563 8564 8697
3 8563 8697 8696
3 8564 8565 8698
3 8564 8698 8697
3 8565 8566 8699
3 8565 8699 8698
3 8566 8567 8700
3 8566 8700 8699
3 8567 8568 8701
3 8567 8701 8700
3 8568 8569 8702
3 8568 8702 8701
3 8569 8570 8703
3 8569 8703 8702
3 8570 8571 8704
3 8570 8704 8703
3 8571 8572 8705
3 8571 8705 8704
3 8572 8573 8706
3 8572 8706 8705
3 8573 8574 8707
3 8573 8707 8706
3 8574 8575 8708
3 8574 8708 8707
3 8575 8576 8709
3 8575 8709 8708
3 8576 8577 8710
3 8576 8710 8709
3 8577 8578 8711
3 8577 8711 8710
3 8578 8579 8712
3 8578 8712 8711
3 8579 8580 8713
3 8579 8713 8712
3 8580 8581 8714
3 8580 8714 8713
3 8581 8582 8715
3 8581 8715 8714
3 8582 8583 8716
3 8582 8716 8715
3 8583 8584 8717
3 8583 8717 8716
3 8584 8585 8718
3 8584 8718 8717
3 8585 8586 8719
3 8585 8719 8718
3 8586 8587 8720
3 8586 8720 8719
3 8587 8588 8721
3 8587 8721 8720
3 8588 8589 8722
3 8588 8722 8721
3 8589 8590 8723
3 8589 8723 8722
3 8590 8591 8724
3 8590 8724 8723
3 8591 8592 8725
3 8591 8725 8724
3 8592 8593 8726
3 8592 8726 8725
3 8593 8594 8727
3 8593 8727 8726
3 8594 8595 8728
3 8594 8728 8727
3 8595 8596 8729
3 8595 8729 8728
3 8596 8597 8730
3 8596 8730 8729
3 8597 8598 8731
3 8597 8731 8730
3 8598 8599 8732
3 8598 8732 8731
3 8599 8600 8733
3 8599 8733 8732
3 8600 8601 8734
3 8600 8734 8733
3 8601 8602 8735
3 8601 8735 8734
3 8602 8603 8736
3 8602 8736 8735
3 8603 8604 8737
3 8603 8737 8736
3 8604 8605 8738
3 8604 8738 8737
3 8605 8606 8739
3 8605 8739 8738
3 8606 8607 8740
3 8606 8740 8739
3 8607 8608 8741
3 8607 8741 8740
3 8608 8609 8742
3 8608 8742 8741
3 8609 8610 8743
3 8609 8743 8742
3 8610 8611 8744
3 8610 8744 8743
3 8611 8612 8745
3 8611 8745 8744
3 8612 8613 8746
3 8612 8746 8745
3 8613 8614 8747
3 8613 8747 8746
3 8614 8615 8748
3 8614 8748 8747
3 8615 8616 8749
3 8615 8749 8748
3 8616 8617 8750
3 8616 8750 8749
3 8617 8618 8751
3 8617 8751 8750
3 8618 8619 8752
3 8618 8752 8751
3 8619 8620 8753
3 8619 8753 8752
3 8620 8621 8754
3 8620 8754 8753
3 8621 8622 8755
3 8621 8755 8754
3 8622 8623 8756
3 8622 8756 8755
3 8623 8624 8757
3 8623 8757 8756
3 8624 8625 8758
3 8624 8758 8757
3 8625 8626 8759
3 8625 8759 8758
3 8626 8627 8760
3 8626 8760 8759
3 8627 8628 8761
3 8627 8761 8760
3 8628 8629 8762
3 8628 8762 8761
3 8629 8630 8763
3 8629 8763 8762
3 8630 8631 8764
3 8630 8764 8763
3 8631 8632 8765
3 8631 8765 8764
3 8632 8633 8766
3 8632 8766 8765
3 8633 8634 8767
3 8633 8767 8766
3 8634 8635 8768
3 8634 8768 8767
3 8635 8636 8769
3 8635 8769 8768
3 8636 8637 8770
3 8636 8770 8769
3 8637 8638 8771
3 8637 8771 8770
3 8638 8639 8772
3 8638 8772 8771
3 8639 8640 8773
3 8639 8773 8772
3 8640 8641 8774
3 8640 8774 8773
3 8641 8642 8775
3 8641 8775 8774
3 8642 8643 8776
3 8642 8776 8775
3 8643 8644 8777
3 8643 8777 8776
3 8644 8645 8778
3 8644 8778 8777
3 8645 8646 8779
3 8645 8779 8778
3 8646 8647 8780
3 8646 8780 8779
3 8647 8648 8781
3 8647 8781 8780
3 8648 8649 8782
3 8648 8782 8781
3 8649 8650 8783
3 8649 8783 8782
3 8650 8651 8784
3 8650 8784 8783
3 8651 8652 8785
3 8651 8785 8784
3 8652 8653 8786
3 8652 8786 8785
3 8653 8654 8787
3 8653 8787 8786
3 8654 8655 8788
3 8654 8788 8787
3 8655 8656 8789
3 8655 8789 8788
3 8656 8657 8790
3 8656 8790 8789
3 8657 8658 8791
3 8657 8791 8790
3 8658 8659 8792
3 8658 8792 8791
3 8659 8660 8793
3 8659 8793 8792
3 8660 8661 8794
3 8660 8794 8793
3 8661 8662 8795
3 8661 8795 8794
3 8662 8663 8796
3 8662 8796 8795
3 8663 8664 8797
3 8663 8797 8796
3 8664 8665 8798
3 8664 8798 8797
3 8665 8666 8799
3 8665 8799 8798
3 8666 8667 8800
3 8666 8800 8799
3 8667 8668 8801
3 8667 8801 8800
3 8668 8669 8802
3 8668 8802 8801
3 8669 8670 8803
3 8669 8803 8802
3 8670 8671 8804
3 8670 8804 8803
3 8671 8672 8805
3 8671 8805 8804
3 8672 8673 8806
3 8672 8806 8805
3 8673 8674 8807
3 8673 8807 8806
3 8674 8675 8808
3 8674 8808 8807
3 8675 8676 8809
3 8675 8809 8808
3 8676 8677 8810
3 8676 8810 8809
3 8677 8678 8811
3 8677 8811 8810
3 8678 8546 8679
3 8678 8679 8811
3 8851 8850 8849
3 8894 8892 8893
3 8812 8853 8813
3 8855 8856 8896
3 8813 8853 8849
3 8856 8892 8896
3 8853 8851 8849
3 8896 8892 8894
3 8853 8812 8854
3 8896 8897 8855
3 8853 8852 8851
3 8896 8894 8895
3 8821 8847 8846
3 8864 8889 8890
3 8825 8824 8823
3 8868 8866 8867
3 8822 8821 8823
3 8865 8866 8864
3 8815 8817 8816
3 8858 8859 8860
3 8817 8815 8847
3 8860 8890 8858
3 8815 8814 8813
3 8858 8856 8857
3 8827 8825 8836
3 8870 8879 8868
3 8825 8827 8826
3 8868 8869 8870
3 8840 8825 8823
3 8883 8866 8868
3 8842 8840 8823
3 8885 8866 8883
3 8848 8815 8813
3 8891 8856 8858
3 8815 8848 8847
3 8858 8890 8891
3 8848 8813 8849
3 8891 8892 8856
3 8834 8827 8836
3 8877 8879 8870
3 8835 8834 8836
3 8878 8879 8877
3 8844 8843 8842
3 8887 8885 8886
3 8821 8844 8823
3 8864 8866 8887
3 8844 8842 8823
3 8887 8866 8885
3 8844 8846 8845
3 8887 8888 8889
3 8844 8821 8846
3 8887 8889 8864
3 8840 8838 8825
3 8883 8868 8881
3 8836 8838 8837
3 8879 8880 8881
3 8825 8838 8836
3 8868 8879 8881
3 8841 8840 8842
3 8884 8885 8883
3 8819 8818 8817
3 8862 8860 8861
3 8819 8817 8847
3 8862 8890 8860
3 8819 8821 8820
3 8862 8863 8864
3 8821 8819 8847
3 8864 8890 8862
3 8834 8832 8827
3 8877 8870 8875
3 8828 8832 8829
3 8871 8872 8875
3 8827 8832 8828
3 8870 8871 8875
3 8832 8830 8829
3 8875 8872 8873
3 8832 8831 8830
3 8875 8873 8874
3 8832 8834 8833
3 8875 8876 8877
3 8839 8838 8840
3 8882 8883 8881
3 8898 8899 8942
3 8898 8942 8941
3 8899 8900 8943
3 8899 8943 8942
3 8900 8901 8944
3 8900 8944 8943
3 8901 8902 8945
3 8901 8945 8944
3 8902 8903 8946
3 8902 8946 8945
3 8903 8904 8947
3 8903 8947 8946
3 8904 8905 8948
3 8904 8948 8947
3 8905 8906 8949
3 8905 8949 8948
3 8906 8907 8950
3 8906 8950 8949
3 8907 8908 8951
3 8907 8951 8950
3 8908 8909 8952
3 8908 8952 8951
3 8909 8910 8953
3 8909 8953 8952
3 8910 8911 8954
3 8910 8954 8953
3 8911 8912 8955
3 8911 8955 8954
3 8912 8913 8956
3 8912 8956 8955
3 8913 8914 8957
3 8913 8957 8956
3 8914 8915 8958
3 8914 8958 8957
3 8915 8916 8959
3 8915 8959 8958
3 8916 8917 8960
3 8916 8960 8959
3 8917 8918 8961
3 8917 8961 8960
3 8918 8919 8962
3 8918 8962 8961
3 8919 8920 8963
3 8919 8963 8962
3 8920 8921 8964
3 8920 8964 8963
3 8921 8922 8965
3 8921 8965 8964
3 8922 8923 8966
3 8922 8966 8965
3 8923 8924 8967
3 8923 8967 8966
3 8924 8925 8968
3 8924 8968 8967
3 8925 8926 8969
3 8925 8969 8968
3 8926 8927 8970
3 8926 8970 8969
3 8927 8928 8971
3 8927 8971 8970
3 8928 8929 8972
3 8928 8972 8971
3 8929 8930 8973
3 8929 8973 8972
3 8930 8931 8974
3 8930 8974 8973
3 8931 8932 8975
3 8931 8975 8974
3 8932 8933 8976
3 8932 8976 8975
3 8933 8934 8977
3 8933 8977 8976
3 8934 8935 8978
3 8934 8978 8977
3 8935 8936 8979
3 8935 8979 8978
3 8936 8937 8980
3 8936 8980 8979
3 8937 8938 8981
3 8937 8981 8980
3 8938 8939 8982
3 8938 8982 8981
3 8939 8940 8983
3 8939 8983 8982
3 8940 8898 8941
3 8940 8941 8983
3 9000 8997 8996
3 9018 9014 9015
3 8997 8999 8998
3 9015 9016 9017
3 8999 8997 9000
3 9017 9018 9015
3 9001 8985 8984
3 9019 9002 9003
3 8985 9001 9000
3 9003 9018 9019
3 8987 9000 8996
3 9005 9014 9018
3 8986 8985 9000
3 9004 9018 9003
3 8987 8986 9000
3 9005 9018 9004
3 8992 8991 8990
3 9010 9008 9009
3 8989 8992 8990
3 9007 9008 9010
3 8992 8989 8993
3 9010 9011 9007
3 8989 8994 8993
3 9007 9011 9012
3 8994 8989 8988
3 9012 9006 9007
3 8987 8994 8988
3 9005 9006 9012
3 8994 8987 8996
3 9012 9014 9005
3 8995 8994 8996
3 9013 9014 9012
3 9020 9021 9039
3 9020 9039 9038
3 9021 9022 9040
3 9021 9040 9039
3 9022 9023 9041
3 9022 9041 9040
3 9023 9024 9042
3 9023 9042 9041
3 9024 9025 9043
3 9024 9043 9042
3 9025 9026 9044
3 9025 9044 9043
3 9026 9027 9045
3 9026 9045 9044
3 9027 9028 9046
3 9027 9046 9045
3 9028 9029 9047
3 9028 9047 9046
3 9029 9030 9048
3 9029 9048 9047
3 9030 9031 9049
3 9030 9049 9048
3 9031 9032 9050
3 9031 9050 9049
3 9032 9033 9051
3 9032 9051 9050
3 9033 9034 9052
3 9033 9052 9051
3 9034 9035 9053
3 9034 9053 9052
3 9035 9036 9054
3 9035 9054 9053
3 9036 9037 9055
3 9036 9055 9054
3 9037 9020 9038
3 9037 9038 9055
3 9114 9116 9115
3 9182 9183 9184
3 9083 9082 9099
3 9151 9167 9150
3 9082 9081 9080
3 9150 9148 9149
3 9098 9083 9099
3 9166 9167 9151
3 9098 9097 9083
3 9166 9151 9165
3 9086 9084 9083
3 9154 9151 9152
3 9088 9087 9095
3 9156 9163 9155
3 9087 9097 9095
3 9155 9163 9165
3 9097 9087 9083
3 9165 9151 9155
3 9087 9086 9083
3 9155 9151 9154
3 9093 9088 9095
3 9161 9163 9156
3 9093 9092 9088
3 9161 9156 9160
3 9078 9077 9076
3 9146 9144 9145
3 9092 9091 9088
3 9160 9156 9159
3 9091 9089 9088
3 9159 9156 9157
3 9089 9091 9090
3 9157 9158 9159
3 9086 9085 9084
3 9154 9152 9153
3 9097 9096 9095
3 9165 9163 9164
3 9101 9100 9099
3 9169 9167 9168
3 9094 9093 9095
3 9162 9163 9161
3 9069 9068 9067
3 9137 9135 9136
3 9079 9101 9099
3 9147 9167 9169
3 9082 9079 9099
3 9150 9167 9147
3 9079 9082 9080
3 9147 9148 9150
3 9079 9056 9101
3 9147 9169 9124
3 9059 9074 9071
3 9127 9139 9142
3 9114 9113 9116
3 9182 9184 9181
3 9119 9122 9121
3 9187 9189 9190
3 9062 9059 9071
3 9130 9139 9127
3 9123 9122 9056
3 9191 9124 9190
3 9056 9103 9101
3 9124 9169 9171
3 9101 9103 9102
3 9169 9170 9171
3 9103 9122 9105
3 9171 9173 9190
3 9122 9103 9056
3 9190 9124 9171
3 9056 9058 9057
3 9124 9125 9126
3 9058 9079 9078
3 9126 9146 9147
3 9058 9056 9079
3 9126 9147 9124
3 9075 9078 9076
3 9143 9144 9146
3 9075 9058 9078
3 9143 9146 9126
3 9058 9075 9059
3 9126 9127 9143
3 9075 9074 9059
3 9143 9127 9142
3 9109 9122 9119
3 9177 9187 9190
3 9120 9119 9121
3 9188 9189 9187
3 9070 9062 9071
3 9138 9139 9130
3 9062 9070 9069
3 9130 9137 9138
3 9062 9064 9063
3 9130 9131 9132
3 9064 9062 9069
3 9132 9137 9130
3 9064 9069 9067
3 9132 9135 9137
3 9064 9067 9066
3 9132 9134 9135
3 9065 9064 9066
3 9133 9134 9132
3 9104 9103 9105
3 9172 9173 9171
3 9074 9072 9071
3 9142 9139 9140
3 9073 9072 9074
3 9141 9142 9140
3 9107 9109 9108
3 9175 9176 9177
3 9109 9107 9122
3 9177 9190 9175
3 9122 9107 9105
3 9190 9173 9175
3 9107 9106 9105
3 9175 9173 9174
3 9111 9109 9119
3 9179 9187 9177
3 9118 9111 9119
3 9186 9187 9179
3 9111 9110 9109
3 9179 9177 9178
3 9111 9113 9112
3 9179 9180 9181
3 9111 9118 9113
3 9179 9181 9186
3 9113 9117 9116
3 9181 9184 9185
3 9118 9117 9113
3 9186 9181 9185
3 9062 9060 9059
3 9130 9127 9128
3 9060 9062 9061
3 9128 9129 9130
3 9192 9193 9261
3 9192 9261 9260
3 9193 9194 9262
3 9193 9262 9261
3 9194 9195 9263
3 9194 9263 9262
3 9195 9196 9264
3 9195 9264 9263
3 9196 9197 9265
3 9196 9265 9264
3 9197 9198 9266
3 9197 9266 9265
3 9198 9199 9267
3 9198 9267 9266
3 9199 9200 9268
3 9199 9268 9267
3 9200 9201 9269
3 9200 9269 9268
3 9201 9202 9270
3 9201 9270 9269
3 9202 9203 9271
3 9202 9271 9270
3 9203 9204 9272
3 9203 9272 9271
3 9204 9205 9273
3 9204 9273 9272
3 9205 9206 9274
3 9205 9274 9273
3 9206 9207 9275
3 9206 9275 9274
3 9207 9208 9276
3 9207 9276 9275
3 9208 9209 9277
3 9208 9277 9276
3 9209 9210 9278
3 9209 9278 9277
3 9210 9211 9279
3 9210 9279 9278
3 9211 9212 9280
3 9211 9280 9279
3 9212 9213 9281
3 9212 9281 9280
3 9213 9214 9282
3 9213 9282 9281
3 9214 9215 9283
3 9214 9283 9282
3 9215 9216 9284
3 9215 9284 9283
3 9216 9217 9285
3 9216 9285 9284
3 9217 9218 9286
3 9217 9286 9285
3 9218 9219 9287
3 9218 9287 9286
3 9219 9220 9288
3 9219 9288 9287
3 9220 9221 9289
3 9220 9289 9288
3 9221 9222 9290
3 9221 9290 9289
3 9222 9223 9291
3 9222 9291 9290
3 9223 9224 9292
3 9223 9292 9291
3 9224 9225 9293
3 9224 9293 9292
3 9225 9226 9294
3 9225 9294 9293
3 9226 9227 9295
3 9226 9295 9294
3 9227 9228 9296
3 9227 9296 9295
3 9228 9229 9297
3 9228 9297 9296
3 9229 9230 9298
3 9229 9298 9297
3 9230 9231 9299
3 9230 9299 9298
3 9231 9232 9300
3 9231 9300 9299
3 9232 9233 9301
3 9232 9301 9300
3 9233 9234 9302
3 9233 9302 9301
3 9234 9235 9303
3 9234 9303 9302
3 9235 9236 9304
3 9235 9304 9303
3 9236 9237 9305
3 9236 9305 9304
3 9237 9238 9306
3 9237 9306 9305
3 9238 9239 9307
3 9238 9307 9306
3 9239 9240 9308
3 9239 9308 9307
3 9240 9241 9309
3 9240 9309 9308
3 9241 9242 9310
3 9241 9310 9309
3 9242 9243 9311
3 9242 9311 9310
3 9243 9244 9312
3 9243 9312 9311
3 9244 9245 9313
3 9244 9313 9312
3 9245 9246 9314
3 9245 9314 9313
3 9246 9247 9315
3 9246 9315 9314
3 9247 9248 9316
3 9247 9316 9315
3 9248 9249 9317
3 9248 9317 9316
3 9249 9250 9318
3 9249 9318 9317
3 9250 9251 9319
3 9250 9319 9318
3 9251 9252 9320
3 9251 9320 9319
3 9252 9253 9321
3 9252 9321 9320
3 9253 9254 9322
3 9253 9322 9321
3 9254 9255 9323
3 9254 9323 9322
3 9255 9256 9324
3 9255 9324 9323
3 9256 9257 9325
3 9256 9325 9324
3 9257 9258 9326
3 9257 9326 9325
3 9258 9259 9327
3 9258 9327 9326
3 9259 9192 9260
3 9259 9260 9327
3 9342 9341 9343
3 9369 9370 9368
3 9352 9354 9353
3 9379 9380 9381
3 9354 9329 9328
3 9381 9355 9356
3 9333 9332 9334
3 9360 9361 9359
3 9347 9336 9334
3 9374 9361 9363
3 9336 9347 9345
3 9363 9372 9374
3 9341 9344 9343
3 9368 9370 9371
3 9352 9351 9354
3 9379 9381 9378
3 9351 9329 9354
3 9378 9381 9356
3 9329 9351 9330
3 9356 9357 9378
3 9332 9331 9330
3 9359 9357 9358
3 9336 9335 9334
3 9363 9361 9362
3 9338 9336 9345
3 9365 9372 9363
3 9344 9338 9345
3 9371 9372 9365
3 9347 9346 9345
3 9374 9372 9373
3 9349 9332 9330
3 9376 9357 9359
3 9351 9349 9330
3 9378 9357 9376
3 9332 9349 9334
3 9359 9361 9376
3 9350 9349 9351
3 9377 9378 9376
3 9349 9347 9334
3 9376 9361 9374
3 9347 9349 9348
3 9374 9375 9376
3 9338 9337 9336
3 9365 9363 9364
3 9340 9344 9341
3 9367 9368 9371
3 9340 9338 9344
3 9367 9371 9365
3 9338 9340 9339
3 9365 9366 9367
3 9382 9383 9410
3 9382 9410 9409
3 9383 9384 9411
3 9383 9411 9410
3 9384 9385 9412
3 9384 9412 9411
3 9385 9386 9413
3 9385 9413 9412
3 9386 9387 9414
3 9386 9414 9413
3 9387 9388 9415
3 9387 9415 9414
3 9388 9389 9416
3 9388 9416 9415
3 9389 9390 9417
3 9389 9417 9416
3 9390 9391 9418
3 9390 9418 9417
3 9391 9392 9419
3 9391 9419 9418
3 9392 9393 9420
3 9392 9420 9419
3 9393 9394 9421
3 9393 9421 9420
3 9394 9395 9422
3 9394 9422 9421
3 9395 9396 9423
3 9395 9423 9422
3 9396 9397 9424
3 9396 9424 9423
3 9397 9398 9425
3 9397 9425 9424
3 9398 9399 9426
3 9398 9426 9425
3 9399 9400 9427
3 9399 9427 9426
3 9400 9401 9428
3 9400 9428 9427
3 9401 9402 9429
3 9401 9429 9428
3 9402 9403 9430
3 9402 9430 9429
3 9403 9404 9431
3 9403 9431 9430
3 9404 9405 9432
3 9404 9432 9431
3 9405 9406 9433
3 9405 9433 9432
3 9406 9407 9434
3 9406 9434 9433
3 9407 9408 9435
3 9407 9435 9434
3 9408 9382 9409
3 9408 9409 9435
3 9469 9471 9470
3 9511 9512 9513
3 9477 9466 9465
3 9519 9507 9508
3 9466 9468 9467
3 9508 9509 9510
3 9456 9445 9444
3 9498 9486 9487
3 9445 9456 9446
3 9487 9488 9498
3 9464 9477 9465
3 9506 9507 9519
3 9476 9466 9477
3 9518 9519 9508
3 9474 9468 9466
3 9516 9508 9510
3 9474 9476 9475
3 9516 9517 9518
3 9476 9474 9466
3 9518 9508 9516
3 9443 9442 9444
3 9485 9486 9484
3 9442 9439 9460
3 9484 9502 9481
3 9442 9441 9439
3 9484 9481 9483
3 9442 9458 9444
3 9484 9486 9500
3 9458 9442 9460
3 9500 9502 9484
3 9456 9454 9446
3 9498 9488 9496
3 9454 9447 9446
3 9496 9488 9489
3 9464 9437 9477
3 9506 9519 9479
3 9437 9439 9438
3 9479 9480 9481
3 9474 9473 9468
3 9516 9510 9515
3 9468 9473 9469
3 9510 9511 9515
3 9473 9472 9471
3 9515 9513 9514
3 9469 9473 9471
3 9511 9513 9515
3 9441 9440 9439
3 9483 9481 9482
3 9447 9452 9448
3 9489 9490 9494
3 9452 9454 9453
3 9494 9495 9496
3 9454 9452 9447
3 9496 9489 9494
3 9448 9452 9449
3 9490 9491 9494
3 9452 9450 9449
3 9494 9491 9492
3 9450 9452 9451
3 9492 9493 9494
3 9457 9456 9444
3 9499 9486 9498
3 9458 9457 9444
3 9500 9486 9499
3 9455 9454 9456
3 9497 9498 9496
3 9437 9436 9477
3 9479 9519 9478
3 9439 9462 9460
3 9481 9502 9504
3 9437 9462 9439
3 9479 9481 9504
3 9460 9462 9461
3 9502 9503 9504
3 9462 9464 9463
3 9504 9505 9506
3 9462 9437 9464
3 9504 9506 9479
3 9459 9458 9460
3 9501 9502 9500
3 9520 9521 9563
3 9520 9563 9562
3 9521 9522 9564
3 9521 9564 9563
3 9522 9523 9565
3 9522 9565 9564
3 9523 9524 9566
3 9523 9566 9565
3 9524 9525 9567
3 9524 9567 9566
3 9525 9526 9568
3 9525 9568 9567
3 9526 9527 9569
3 9526 9569 9568
3 9527 9528 9570
3 9527 9570 9569
3 9528 9529 9571
3 9528 9571 9570
3 9529 9530 9572
3 9529 9572 9571
3 9530 9531 9573
3 9530 9573 9572
3 9531 9532 9574
3 9531 9574 9573
3 9532 9533 9575
3 9532 9575 9574
3 9533 9534 9576
3 9533 9576 9575
3 9534 9535 9577
3 9534 9577 9576
3 9535 9536 9578
3 9535 9578 9577
3 9536 9537 9579
3 9536 9579 9578
3 9537 9538 9580
3 9537 9580 9579
3 9538 9539 9581
3 9538 9581 9580
3 9539 9540 9582
3 9539 9582 9581
3 9540 9541 9583
3 9540 9583 9582
3 9541 9542 9584
3 9541 9584 9583
3 9542 9543 9585
3 9542 9585 9584
3 9543 9544 9586
3 9543 9586 9585
3 9544 9545 9587
3 9544 9587 9586
3 9545 9546 9588
3 9545 9588 9587
3 9546 9547 9589
3 9546 9589 9588
3 9547 9548 9590
3 9547 9590 9589
3 9548 9549 9591
3 9548 9591 9590
3 9549 9550 9592
3 9549 9592 9591
3 9550 9551 9593
3 9550 9593 9592
3 9551 9552 9594
3 9551 9594 9593
3 9552 9553 9595
3 9552 9595 9594
3 9553 9554 9596
3 9553 9596 9595
3 9554 9555 9597
3 9554 9597 9596
3 9555 9556 9598
3 9555 9598 9597
3 9556 9557 9599
3 9556 9599 9598
3 9557 9558 9600
3 9557 9600 9599
3 9558 9559 9601
3 9558 9601 9600
3 9559 9560 9602
3 9559 9602 9601
3 9560 9561 9603
3 9560 9603 9602
3 9561 9520 9562
3 9561 9562 9603
3 9633 9619 9613
3 9673 9653 9659
3 9617 9619 9618
3 9657 9658 9659
3 9619 9614 9613
3 9659 9653 9654
3 9623 9619 9633
3 9663 9673 9659
3 9632 9623 9633
3 9672 9673 9663
3 9638 9635 9607
3 9678 9647 9675
3 9635 9637 9636
3 9675 9676 9677
3 9635 9638 9637
3 9675 9677 9678
3 9605 9638 9607
3 9645 9647 9678
3 9606 9605 9607
3 9646 9647 9645
3 9616 9619 9617
3 9656 9657 9659
3 9616 9614 9619
3 9656 9659 9654
3 9625 9632 9631
3 9665 9671 9672
3 9632 9625 9623
3 9672 9663 9665
3 9635 9609 9607
3 9675 9647 9649
3 9605 9642 9638
3 9645 9678 9682
3 9638 9642 9639
3 9678 9679 9682
3 9640 9642 9641
3 9680 9681 9682
3 9642 9640 9639
3 9682 9679 9680
3 9604 9642 9605
3 9644 9645 9682
3 9629 9631 9630
3 9669 9670 9671
3 9629 9625 9631
3 9669 9671 9665
3 9623 9621 9619
3 9663 9659 9661
3 9621 9620 9619
3 9661 9659 9660
3 9622 9621 9623
3 9662 9663 9661
3 9625 9624 9623
3 9665 9663 9664
3 9611 9635 9634
3 9651 9674 9675
3 9611 9609 9635
3 9651 9675 9649
3 9611 9634 9633
3 9651 9673 9674
3 9611 9633 9613
3 9651 9653 9673
3 9604 9643 9642
3 9644 9682 9683
3 9616 9615 9614
3 9656 9654 9655
3 9612 9611 9613
3 9652 9653 9651
3 9628 9627 9629
3 9668 9669 9667
3 9629 9627 9625
3 9669 9665 9667
3 9627 9626 9625
3 9667 9665 9666
3 9611 9610 9609
3 9651 9649 9650
3 9609 9608 9607
3 9649 9647 9648
3 9684 9685 9725
3 9684 9725 9724
3 9685 9686 9726
3 9685 9726 9725
3 9686 9687 9727
3 9686 9727 9726
3 9687 9688 9728
3 9687 9728 9727
3 9688 9689 9729
3 9688 9729 9728
3 9689 9690 9730
3 9689 9730 9729
3 9690 9691 9731
3 9690 9731 9730
3 9691 9692 9732
3 9691 9732 9731
3 9692 9693 9733
3 9692 9733 9732
3 9693 9694 9734
3 9693 9734 9733
3 9694 9695 9735
3 9694 9735 9734
3 9695 9696 9736
3 9695 9736 9735
3 9696 9697 9737
3 9696 9737 9736
3 9697 9698 9738
3 9697 9738 9737
3 9698 9699 9739
3 9698 9739 9738
3 9699 9700 9740
3 9699 9740 9739
3 9700 9701 9741
3 9700 9741 9740
3 9701 9702 9742
3 9701 9742 9741
3 9702 9703 9743
3 9702 9743 9742
3 9703 9704 9744
3 9703 9744 9743
3 9704 9705 9745
3 9704 9745 9744
3 9705 9706 9746
3 9705 9746 9745
3 9706 9707 9747
3 9706 9747 9746
3 9707 9708 9748
3 9707 9748 9747
3 9708 9709 9749
3 9708 9749 9748
3 9709 9710 9750
3 9709 9750 9749
3 9710 9711 9751
3 9710 9751 9750
3 9711 9712 9752
3 9711 9752 9751
3 9712 9713 9753
3 9712 9753 9752
3 9713 9714 9754
3 9713 9754 9753
3 9714 9715 9755
3 9714 9755 9754
3 9715 9716 9756
3 9715 9756 9755
3 9716 9717 9757
3 9716 9757 9756
3 9717 9718 9758
3 9717 9758 9757
3 9718 9719 9759
3 9718 9759 9758
3 9719 9720 9760
3 9719 9760 9759
3 9720 9721 9761
3 9720 9761 9760
3 9721 9722 9762
3 9721 9762 9761
3 9722 9723 9763
3 9722 9763 9762
3 9723 9684 9724
3 9723 9724 9763
3 9781 9779 9790
3 9825 9834 9823
3 9786 9788 9787
3 9830 9831 9832
3 9789 9788 9790
3 9833 9834 9832
3 9781 9788 9782
3 9825 9826 9832
3 9788 9781 9790
3 9832 9834 9825
3 9794 9779 9797
3 9838 9841 9823
3 9796 9794 9797
3 9840 9841 9838
3 9794 9796 9795
3 9838 9839 9840
3 9774 9800 9797
3 9818 9841 9844
3 9800 9774 9770
3 9844 9814 9818
3 9807 9805 9804
3 9851 9848 9849
3 9805 9807 9806
3 9849 9850 9851
3 9781 9780 9779
3 9825 9823 9824
3 9785 9788 9786
3 9829 9830 9832
3 9788 9785 9782
3 9832 9826 9829
3 9785 9783 9782
3 9829 9826 9827
3 9783 9785 9784
3 9827 9828 9829
3 9799 9798 9797
3 9843 9841 9842
3 9800 9799 9797
3 9844 9841 9843
3 9793 9792 9794
3 9837 9838 9836
3 9779 9792 9790
3 9823 9834 9836
3 9794 9792 9779
3 9838 9823 9836
3 9792 9791 9790
3 9836 9834 9835
3 9779 9777 9797
3 9823 9841 9821
3 9777 9779 9778
3 9821 9822 9823
3 9774 9772 9770
3 9818 9814 9816
3 9775 9777 9776
3 9819 9820 9821
3 9775 9774 9797
3 9819 9841 9818
3 9777 9775 9797
3 9821 9841 9819
3 9773 9772 9774
3 9817 9818 9816
3 9802 9800 9770
3 9846 9814 9844
3 9802 9801 9800
3 9846 9844 9845
3 9772 9771 9770
3 9816 9814 9815
3 9803 9802 9804
3 9847 9848 9846
3 9768 9802 9770
3 9812 9814 9846
3 9768 9766 9802
3 9812 9846 9810
3 9766 9768 9767
3 9810 9811 9812
3 9769 9768 9770
3 9813 9814 9812
3 9764 9807 9804
3 9808 9848 9851
3 9802 9764 9804
3 9846 9848 9808
3 9766 9764 9802
3 9810 9846 9808
3 9765 9764 9766
3 9809 9810 9808
3 9852 9853 9897
3 9852 9897 9896
3 9853 9854 9898
3 9853 9898 9897
3 9854 9855 9899
3 9854 9899 9898
3 9855 9856 9900
3 9855 9900 9899
3 9856 9857 9901
3 9856 9901 9900
3 9857 9858 9902
3 9857 9902 9901
3 9858 9859 9903
3 9858 9903 9902
3 9859 9860 9904
3 9859 9904 9903
3 9860 9861 9905
3 9860 9905 9904
3 9861 9862 9906
3 9861 9906 9905
3 9862 9863 9907
3 9862 9907 9906
3 9863 9864 9908
3 9863 9908 9907
3 9864 9865 9909
3 9864 9909 9908
3 9865 9866 9910
3 9865 9910 9909
3 9866 9867 9911
3 9866 9911 9910
3 9867 9868 9912
3 9867 9912 9911
3 9868 9869 9913
3 9868 9913 9912
3 9869 9870 9914
3 9869 9914 9913
3 9870 9871 9915
3 9870 9915 9914
3 9871 9872 9916
3 9871 9916 9915
3 9872 9873 9917
3 9872 9917 9916
3 9873 9874 9918
3 9873 9918 9917
3 9874 9875 9919
3 9874 9919 9918
3 9875 9876 9920
3 9875 9920 9919
3 9876 9877 9921
3 9876 9921 9920
3 9877 9878 9922
3 9877 9922 9921
3 9878 9879 9923
3 9878 9923 9922
3 9879 9880 9924
3 9879 9924 9923
3 9880 9881 9925
3 9880 9925 9924
3 9881 9882 9926
3 9881 9926 9925
3 9882 9883 9927
3 9882 9927 9926
3 9883 9884 9928
3 9883 9928 9927
3 9884 9885 9929
3 9884 9929 9928
3 9885 9886 9930
3 9885 9930 9929
3 9886 9887 9931
3 9886 9931 9930
3 9887 9888 9932
3 9887 9932 9931
3 9888 9889 9933
3 9888 9933 9932
3 9889 9890 9934
3 9889 9934 9933
3 9890 9891 9935
3 9890 9935 9934
3 9891 9892 9936
3 9891 9936 9935
3 9892 9893 9937
3 9892 9937 9936
3 9893 9894 9938
3 9893 9938 9937
3 9894 9895 9939
3 9894 9939 9938
3 9895 9852 9896
3 9895 9896 9939
3 9942 9988 9986
3 9996 10040 10042
3 9944 9942 9986
3 9998 10040 9996
3 9940 9988 9942
3 9994 9996 10042
3 9941 9940 9942
3 9995 9996 9994
3 9963 9962 9986
3 10017 10040 10016
3 9962 9944 9986
3 10016 10040 9998
3 9944 9943 9942
3 9998 9996 9997
3 9962 9961 9960
3 10016 10014 10015
3 9988 9987 9986
3 10042 10040 10041
3 9981 9983 9982
3 10035 10036 10037
3 9965 9964 9963
3 10019 10017 10018
3 9968 9965 9963
3 10022 10017 10019
3 9990 9992 9991
3 10044 10045 10046
3 9990 9993 9992
3 10044 10046 10047
3 9993 9990 9940
3 10047 9994 10044
3 9940 9989 9988
3 9994 10042 10043
3 9990 9989 9940
3 10044 9994 10043
3 9981 9984 9983
3 10035 10037 10038
3 9984 9981 9970
3 10038 10024 10035
3 9968 9984 9970
3 10022 10024 10038
3 9984 9968 9963
3 10038 10017 10022
3 9984 9963 9986
3 10038 10040 10017
3 9985 9984 9986
3 10039 10040 10038
3 9968 9966 9965
3 10022 10019 10020
3 9969 9968 9970
3 10023 10024 10022
3 9959 9962 9960
3 10013 10014 10016
3 9962 9958 9944
3 10016 9998 10012
3 9959 9958 9962
3 10013 10016 10012
3 9976 9978 9977
3 10030 10031 10032
3 9967 9966 9968
3 10021 10022 10020
3 9949 9948 9950
3 10003 10004 10002
3 9975 9974 9976
3 10029 10030 10028
3 9980 9979 9981
3 10034 10035 10033
3 9979 9974 9981
3 10033 10035 10028
3 9974 9979 9976
3 10028 10030 10033
3 9976 9979 9978
3 10030 10032 10033
3 9958 9946 9944
3 10012 9998 10000
3 9947 9946 9948
3 10001 10002 10000
3 9981 9971 9970
3 10035 10024 10025
3 9974 9971 9981
3 10028 10035 10025
3 9973 9971 9974
3 10027 10028 10025
3 9957 9946 9958
3 10011 10012 10000
3 9955 9957 9956
3 10009 10010 10011
3 9948 9952 9950
3 10002 10004 10006
3 9952 9951 9950
3 10006 10004 10005
3 9946 9945 9944
3 10000 9998 9999
3 9973 9972 9971
3 10027 10025 10026
3 9954 9957 9955
3 10008 10009 10011
3 9957 9953 9946
3 10011 10000 10007
3 9946 9953 9948
3 10000 10002 10007
3 9953 9952 9948
3 10007 10002 10006
3 9954 9953 9957
3 10008 10011 10007
3 10048 10049 10103
3 10048 10103 10102
3 10049 10050 10104
3 10049 10104 10103
3 10050 10051 10105
3 10050 10105 10104
3 10051 10052 10106
3 10051 10106 10105
3 10052 10053 10107
3 10052 10107 10106
3 10053 10054 10108
3 10053 10108 10107
3 10054 10055 10109
3 10054 10109 10108
3 10055 10056 10110
3 10055 10110 10109
3 10056 10057 10111
3 10056 10111 10110
3 10057 10058 10112
3 10057 10112 10111
3 10058 10059 10113
3 10058 10113 10112
3 10059 10060 10114
3 10059 10114 10113
3 10060 10061 10115
3 10060 10115 10114
3 10061 10062 10116
3 10061 10116 10115
3 10062 10063 10117
3 10062 10117 10116
3 10063 10064 10118
3 10063 10118 10117
3 10064 10065 10119
3 10064 10119 10118
3 10065 10066 10120
3 10065 10120 10119
3 10066 10067 10121
3 10066 10121 10120
3 10067 10068 10122
3 10067 10122 10121
3 10068 10069 10123
3 10068 10123 10122
3 10069 10070 10124
3 10069 10124 10123
3 10070 10071 10125
3 10070 10125 10124
3 10071 10072 10126
3 10071 10126 10125
3 10072 10073 10127
3 10072 10127 10126
3 10073 10074 10128
3 10073 10128 10127
3 10074 10075 10129
3 10074 10129 10128
3 10075 10076 10130
3 10075 10130 10129
3 10076 10077 10131
3 10076 10131 10130
3 10077 10078 10132
3 10077 10132 10131
3 10078 10079 10133
3 10078 10133 10132
3 10079 10080 10134
3 10079 10134 10133
3 10080 10081 10135
3 10080 10135 10134
3 10081 10082 10136
3 10081 10136 10135
3 10082 10083 10137
3 10082 10137 10136
3 10083 10084 10138
3 10083 10138 10137
3 10084 10085 10139
3 10084 10139 10138
3 10085 10086 10140
3 10085 10140 10139
3 10086 10087 10141
3 10086 10141 10140
3 10087 10088 10142
3 10087 10142 10141
3 10088 10089 10143
3 10088 10143 10142
3 10089 10090 10144
3 10089 10144 10143
3 10090 10091 10145
3 10090 10145 10144
3 10091 10092 10146
3 10091 10146 10145
3 10092 10093 10147
3 10092 10147 10146
3 10093 10094 10148
3 10093 10148 10147
3 10094 10095 10149
3 10094 10149 10148
3 10095 10096 10150
3 10095 10150 10149
3 10096 10097 10151
3 10096 10151 10150
3 10097 10098 10152
3 10097 10152 10151
3 10098 10099 10153
3 10098 10153 10152
3 10099 10100 10154
3 10099 10154 10153
3 10100 10101 10155
3 10100 10155 10154
3 10101 10048 10102
3 10101 10102 10155
3 10164 10167 10166
3 10185 10187 10188
3 10165 10164 10166
3 10186 10187 10185
3 10156 10176 10175
3 10177 10196 10197
3 10159 10162 10160
3 10180 10181 10183
3 10174 10156 10175
3 10195 10196 10177
3 10171 10174 10172
3 10192 10193 10195
3 10164 10163 10167
3 10185 10188 10184
3 10163 10162 10167
3 10184 10188 10183
3 10174 10173 10172
3 10195 10193 10194
3 10174 10157 10156
3 10195 10177 10178
3 10171 10157 10174
3 10192 10195 10178
3 10162 10170 10167
3 10183 10188 10191
3 10170 10162 10159
3 10191 10180 10183
3 10171 10170 10159
3 10192 10180 10191
3 10162 10161 10160
3 10183 10181 10182
3 10158 10171 10159
3 10179 10180 10192
3 10158 10157 10171
3 10179 10192 10178
3 10169 10168 10167
3 10190 10188 10189
3 10170 10169 10167
3 10191 10188 10190
3 10198 10199 10220
3 10198 10220 10219
3 10199 10200 10221
3 10199 10221 10220
3 10200 10201 10222
3 10200 10222 10221
3 10201 10202 10223
3 10201 10223 10222
3 10202 10203 10224
3 10202 10224 10223
3 10203 10204 10225
3 10203 10225 10224
3 10204 10205 10226
3 10204 10226 10225
3 10205 10206 10227
3 10205 10227 10226
3 10206 10207 10228
3 10206 10228 10227
3 10207 10208 10229
3 10207 10229 10228
3 10208 10209 10230
3 10208 10230 10229
3 10209 10210 10231
3 10209 10231 10230
3 10210 10211 10232
3 10210 10232 10231
3 10211 10212 10233
3 10211 10233 10232
3 10212 10213 10234
3 10212 10234 10233
3 10213 10214 10235
3 10213 10235 10234
3 10214 10215 10236
3 10214 10236 10235
3 10215 10216 10237
3 10215 10237 10236
3 10216 10217 10238
3 10216 10238 10237
3 10217 10218 10239
3 10217 10239 10238
3 10218 10198 10219
3 10218 10219 10239
3 10268 10267 10266
3 10309 10307 10308
3 10270 10268 10271
3 10311 10312 10309
3 10268 10270 10269
3 10309 10310 10311
3 10266 10264 10248
3 10307 10289 10305
3 10278 10280 10279
3 10319 10320 10321
3 10280 10278 10240
3 10321 10281 10319
3 10247 10246 10248
3 10288 10289 10287
3 10264 10250 10248
3 10305 10289 10291
3 10250 10264 10261
3 10291 10302 10305
3 10265 10264 10266
3 10306 10307 10305
3 10276 10278 10277
3 10317 10318 10319
3 10276 10275 10278
3 10317 10319 10316
3 10275 10246 10244
3 10316 10285 10287
3 10250 10249 10248
3 10291 10289 10290
3 10250 10255 10251
3 10291 10292 10296
3 10251 10255 10252
3 10292 10293 10296
3 10255 10253 10252
3 10296 10293 10294
3 10255 10254 10253
3 10296 10294 10295
3 10278 10242 10240
3 10319 10281 10283
3 10275 10242 10278
3 10316 10319 10283
3 10242 10275 10244
3 10283 10285 10316
3 10243 10242 10244
3 10284 10285 10283
3 10274 10272 10271
3 10315 10312 10313
3 10268 10274 10271
3 10309 10312 10315
3 10274 10273 10272
3 10315 10313 10314
3 10274 10268 10266
3 10315 10307 10309
3 10274 10266 10248
3 10315 10289 10307
3 10246 10274 10248
3 10287 10289 10315
3 10275 10274 10246
3 10316 10287 10315
3 10246 10245 10244
3 10287 10285 10286
3 10242 10241 10240
3 10283 10281 10282
3 10255 10257 10256
3 10296 10297 10298
3 10257 10255 10250
3 10298 10291 10296
3 10260 10250 10261
3 10301 10302 10291
3 10260 10257 10250
3 10301 10291 10298
3 10263 10262 10264
3 10304 10305 10303
3 10264 10262 10261
3 10305 10302 10303
3 10258 10260 10259
3 10299 10300 10301
3 10257 10260 10258
3 10298 10299 10301
3 10322 10323 10364
3 10322 10364 10363
3 10323 10324 10365
3 10323 10365 10364
3 10324 10325 10366
3 10324 10366 10365
3 10325 10326 10367
3 10325 10367 10366
3 10326 10327 10368
3 10326 10368 10367
3 10327 10328 10369
3 10327 10369 10368
3 10328 10329 10370
3 10328 10370 10369
3 10329 10330 10371
3 10329 10371 10370
3 10330 10331 10372
3 10330 10372 10371
3 10331 10332 10373
3 10331 10373 10372
3 10332 10333 10374
3 10332 10374 10373
3 10333 10334 10375
3 10333 10375 10374
3 10334 10335 10376
3 10334 10376 10375
3 10335 10336 10377
3 10335 10377 10376
3 10336 10337 10378
3 10336 10378 10377
3 10337 10338 10379
3 10337 10379 10378
3 10338 10339 10380
3 10338 10380 10379
3 10339 10340 10381
3 10339 10381 10380
3 10340 10341 10382
3 10340 10382 10381
3 10341 10342 10383
3 10341 10383 10382
3 10342 10343 10384
3 10342 10384 10383
3 10343 10344 10385
3 10343 10385 10384
3 10344 10345 10386
3 10344 10386 10385
3 10345 10346 10387
3 10345 10387 10386
3 10346 10347 10388
3 10346 10388 10387
3 10347 10348 10389
3 10347 10389 10388
3 10348 10349 10390
3 10348 10390 10389
3 10349 10350 10391
3 10349 10391 10390
3 10350 10351 10392
3 10350 10392 10391
3 10351 10352 10393
3 10351 10393 10392
3 10352 10353 10394
3 10352 10394 10393
3 10353 10354 10395
3 10353 10395 10394
3 10354 10355 10396
3 10354 10396 10395
3 10355 10356 10397
3 10355 10397 10396
3 10356 10357 10398
3 10356 10398 10397
3 10357 10358 10399
3 10357 10399 10398
3 10358 10359 10400
3 10358 10400 10399
3 10359 10360 10401
3 10359 10401 10400
3 10360 10361 10402
3 10360 10402 10401
3 10361 10362 10403
3 10361 10403 10402
3 10362 10322 10363
3 10362 10363 10403
3 10533 10530 10529
3 10709 10705 10706
3 10533 10532 10530
3 10709 10706 10708
3 10532 10531 10530
3 10708 10706 10707
3 10524 10501 10499
3 10700 10675 10677
3 10438 10429 10442
3 10614 10618 10605
3 10429 10438 10437
3 10605 10613 10614
3 10526 10525 10499
3 10702 10675 10701
3 10525 10524 10499
3 10701 10675 10700
3 10513 10515 10514
3 10689 10690 10691
3 10520 10519 10507
3 10696 10683 10695
3 10522 10501 10524
3 10698 10700 10677
3 10522 10503 10501
3 10698 10677 10679
3 10503 10522 10521
3 10679 10697 10698
3 10497 10526 10499
3 10673 10675 10702
3 10441 10440 10442
3 10617 10618 10616
3 10440 10438 10442
3 10616 10618 10614
3 10440 10439 10438
3 10616 10614 10615
3 10432 10437 10436
3 10608 10612 10613
3 10432 10429 10437
3 10608 10613 10605
3 10456 10455 10457
3 10632 10633 10631
3 10455 10570 10457
3 10631 10633 10746
3 10523 10522 10524
3 10699 10700 10698
3 10520 10505 10521
3 10696 10697 10681
3 10505 10503 10521
3 10681 10697 10679
3 10503 10505 10504
3 10679 10680 10681
3 10505 10520 10507
3 10681 10683 10696
3 10506 10505 10507
3 10682 10683 10681
3 10519 10508 10507
3 10695 10683 10684
3 10464 10466 10465
3 10640 10641 10642
3 10466 10464 10463
3 10642 10639 10640
3 10562 10561 10560
3 10738 10736 10737
3 10568 10566 10469
3 10744 10645 10742
3 10568 10567 10566
3 10744 10742 10743
3 10570 10568 10457
3 10746 10633 10744
3 10568 10570 10569
3 10744 10745 10746
3 10554 10548 10488
3 10730 10664 10724
3 10544 10492 10488
3 10720 10664 10668
3 10548 10544 10488
3 10724 10664 10720
3 10497 10494 10492
3 10673 10668 10670
3 10492 10490 10488
3 10668 10664 10666
3 10490 10487 10488
3 10666 10664 10663
3 10487 10490 10489
3 10663 10665 10666
3 10498 10497 10499
3 10674 10675 10673
3 10433 10432 10436
3 10609 10612 10608
3 10435 10433 10436
3 10611 10612 10609
3 10433 10435 10434
3 10609 10610 10611
3 10429 10424 10442
3 10605 10618 10600
3 10424 10421 10442
3 10600 10618 10597
3 10455 10454 10453
3 10631 10629 10630
3 10518 10508 10519
3 10694 10695 10684
3 10512 10518 10517
3 10688 10693 10694
3 10566 10473 10469
3 10742 10645 10649
3 10562 10473 10566
3 10738 10742 10649
3 10473 10562 10560
3 10649 10736 10738
3 10478 10480 10479
3 10654 10655 10656
3 10564 10562 10566
3 10740 10742 10738
3 10467 10568 10469
3 10643 10645 10744
3 10568 10467 10466
3 10744 10642 10643
3 10468 10467 10469
3 10644 10645 10643
3 10568 10459 10457
3 10744 10633 10635
3 10459 10568 10466
3 10635 10642 10744
3 10459 10466 10463
3 10635 10639 10642
3 10461 10459 10463
3 10637 10639 10635
3 10459 10461 10460
3 10635 10636 10637
3 10459 10458 10457
3 10635 10633 10634
3 10528 10497 10492
3 10704 10668 10673
3 10497 10528 10526
3 10673 10702 10704
3 10528 10527 10526
3 10704 10702 10703
3 10546 10544 10548
3 10722 10724 10720
3 10546 10545 10544
3 10722 10720 10721
3 10554 10550 10548
3 10730 10724 10726
3 10491 10490 10492
3 10667 10668 10666
3 10503 10502 10501
3 10679 10677 10678
3 10432 10431 10429
3 10608 10605 10607
3 10431 10430 10429
3 10607 10605 10606
3 10421 10444 10442
3 10597 10618 10620
3 10444 10417 10446
3 10620 10622 10593
3 10428 10427 10429
3 10604 10605 10603
3 10417 10574 10453
3 10593 10629 10750
3 10574 10455 10453
3 10750 10629 10631
3 10455 10574 10570
3 10631 10746 10750
3 10449 10417 10453
3 10625 10629 10593
3 10417 10449 10446
3 10593 10622 10625
3 10449 10448 10446
3 10625 10622 10624
3 10448 10447 10446
3 10624 10622 10623
3 10516 10512 10517
3 10692 10693 10688
3 10516 10515 10513
3 10692 10689 10691
3 10510 10516 10513
3 10686 10689 10692
3 10516 10510 10512
3 10692 10688 10686
3 10471 10470 10469
3 10647 10645 10646
3 10473 10471 10469
3 10649 10645 10647
3 10472 10471 10473
3 10648 10649 10647
3 10478 10477 10476
3 10654 10652 10653
3 10478 10475 10480
3 10654 10656 10651
3 10475 10558 10480
3 10651 10656 10734
3 10475 10473 10560
3 10651 10736 10649
3 10558 10475 10560
3 10734 10736 10651
3 10475 10478 10476
3 10651 10652 10654
3 10462 10461 10463
3 10638 10639 10637
3 10564 10563 10562
3 10740 10738 10739
3 10486 10554 10488
3 10662 10664 10730
3 10484 10486 10485
3 10660 10661 10662
3 10544 10542 10492
3 10720 10668 10718
3 10542 10528 10492
3 10718 10668 10704
3 10547 10546 10548
3 10723 10724 10722
3 10501 10500 10499
3 10677 10675 10676
3 10495 10494 10497
3 10671 10673 10670
3 10496 10495 10497
3 10672 10673 10671
3 10420 10444 10421
3 10596 10597 10620
3 10444 10420 10417
3 10620 10593 10596
3 10425 10427 10426
3 10601 10602 10603
3 10425 10424 10429
3 10601 10605 10600
3 10427 10425 10429
3 10603 10605 10601
3 10570 10572 10571
3 10746 10747 10748
3 10574 10572 10570
3 10750 10746 10748
3 10573 10572 10574
3 10749 10750 10748
3 10451 10449 10453
3 10627 10629 10625
3 10449 10451 10450
3 10625 10626 10627
3 10452 10451 10453
3 10628 10629 10627
3 10445 10444 10446
3 10621 10622 10620
3 10512 10511 10518
3 10688 10694 10687
3 10511 10510 10509
3 10687 10685 10686
3 10508 10511 10509
3 10684 10685 10687
3 10518 10511 10508
3 10694 10684 10687
3 10475 10474 10473
3 10651 10649 10650
3 10565 10564 10566
3 10741 10742 10740
3 10558 10482 10480
3 10734 10656 10658
3 10486 10482 10558
3 10662 10734 10658
3 10482 10486 10484
3 10658 10660 10662
3 10482 10484 10483
3 10658 10659 10660
3 10480 10482 10481
3 10656 10657 10658
3 10486 10556 10554
3 10662 10730 10732
3 10556 10486 10558
3 10732 10734 10662
3 10556 10555 10554
3 10732 10730 10731
3 10557 10556 10558
3 10733 10734 10732
3 10528 10538 10529
3 10704 10705 10714
3 10542 10538 10528
3 10718 10704 10714
3 10543 10542 10544
3 10719 10720 10718
3 10494 10493 10492
3 10670 10668 10669
3 10420 10419 10417
3 10596 10593 10595
3 10412 10574 10417
3 10588 10593 10750
3 10444 10443 10442
3 10620 10618 10619
3 10559 10558 10560
3 10735 10736 10734
3 10552 10550 10554
3 10728 10730 10726
3 10553 10552 10554
3 10729 10730 10728
3 10550 10549 10548
3 10726 10724 10725
3 10536 10533 10529
3 10712 10705 10709
3 10538 10536 10529
3 10714 10705 10712
3 10536 10538 10535
3 10712 10711 10714
3 10533 10536 10534
3 10709 10710 10712
3 10536 10535 10534
3 10712 10710 10711
3 10540 10538 10542
3 10716 10718 10714
3 10541 10540 10542
3 10717 10718 10716
3 10538 10537 10535
3 10714 10711 10713
3 10537 10540 10539
3 10713 10715 10716
3 10540 10537 10538
3 10716 10714 10713
3 10419 10418 10417
3 10595 10593 10594
3 10412 10409 10574
3 10588 10750 10585
3 10409 10576 10574
3 10585 10750 10752
3 10576 10409 10408
3 10752 10584 10585
3 10416 10415 10417
3 10592 10593 10591
3 10552 10551 10550
3 10728 10726 10727
3 10405 10576 10408
3 10581 10584 10752
3 10576 10405 10578
3 10752 10754 10581
3 10578 10405 10579
3 10754 10755 10581
3 10577 10576 10578
3 10753 10754 10752
3 10407 10405 10408
3 10583 10584 10581
3 10413 10412 10417
3 10589 10593 10588
3 10415 10413 10417
3 10591 10593 10589
3 10576 10575 10574
3 10752 10750 10751
3 10414 10413 10415
3 10590 10591 10589
3 10405 10404 10579
3 10581 10755 10580
3 10407 10406 10405
3 10583 10581 10582
3 10424 10422 10421
3 10600 10597 10598
3 10422 10424 10423
3 10598 10599 10600
3 10411 10410 10409
3 10587 10585 10586
3 10411 10409 10412
3 10587 10588 10585
3 10756 10757 10933
3 10756 10933 10932
3 10757 10758 10934
3 10757 10934 10933
3 10758 10759 10935
3 10758 10935 10934
3 10759 10760 10936
3 10759 10936 10935
3 10760 10761 10937
3 10760 10937 10936
3 10761 10762 10938
3 10761 10938 10937
3 10762 10763 10939
3 10762 10939 10938
3 10763 10764 10940
3 10763 10940 10939
3 10764 10765 10941
3 10764 10941 10940
3 10765 10766 10942
3 10765 10942 10941
3 10766 10767 10943
3 10766 10943 10942
3 10767 10768 10944
3 10767 10944 10943
3 10768 10769 10945
3 10768 10945 10944
3 10769 10770 10946
3 10769 10946 10945
3 10770 10771 10947
3 10770 10947 10946
3 10771 10772 10948
3 10771 10948 10947
3 10772 10773 10949
3 10772 10949 10948
3 10773 10774 10950
3 10773 10950 10949
3 10774 10775 10951
3 10774 10951 10950
3 10775 10776 10952
3 10775 10952 10951
3 10776 10777 10953
3 10776 10953 10952
3 10777 10778 10954
3 10777 10954 10953
3 10778 10779 10955
3 10778 10955 10954
3 10779 10780 10956
3 10779 10956 10955
3 10780 10781 10957
3 10780 10957 10956
3 10781 10782 10958
3 10781 10958 10957
3 10782 10783 10959
3 10782 10959 10958
3 10783 10784 10960
3 10783 10960 10959
3 10784 10785 10961
3 10784 10961 10960
3 10785 10786 10962
3 10785 10962 10961
3 10786 10787 10963
3 10786 10963 10962
3 10787 10788 10964
3 10787 10964 10963
3 10788 10789 10965
3 10788 10965 10964
3 10789 10790 10966
3 10789 10966 10965
3 10790 10791 10967
3 10790 10967 10966
3 10791 10792 10968
3 10791 10968 10967
3 10792 10793 10969
3 10792 10969 10968
3 10793 10794 10970
3 10793 10970 10969
3 10794 10795 10971
3 10794 10971 10970
3 10795 10796 10972
3 10795 10972 10971
3 10796 10797 10973
3 10796 10973 10972
3 10797 10798 10974
3 10797 10974 10973
3 10798 10799 10975
3 10798 10975 10974
3 10799 10800 10976
3 10799 10976 10975
3 10800 10801 10977
3 10800 10977 10976
3 10801 10802 10978
3 10801 10978 10977
3 10802 10803 10979
3 10802 10979 10978
3 10803 10804 10980
3 10803 10980 10979
3 10804 10805 10981
3 10804 10981 10980
3 10805 10806 10982
3 10805 10982 10981
3 10806 10807 10983
3 10806 10983 10982
3 10807 10808 10984
3 10807 10984 10983
3 10808 10809 10985
3 10808 10985 10984
3 10809 10810 10986
3 10809 10986 10985
3 10810 10811 10987
3 10810 10987 10986
3 10811 10812 10988
3 10811 10988 10987
3 10812 10813 10989
3 10812 10989 10988
3 10813 10814 10990
3 10813 10990 10989
3 10814 10815 10991
3 10814 10991 10990
3 10815 10816 10992
3 10815 10992 10991
3 10816 10817 10993
3 10816 10993 10992
3 10817 10818 10994
3 10817 10994 10993
3 10818 10819 10995
3 10818 10995 10994
3 10819 10820 10996
3 10819 10996 10995
3 10820 10821 10997
3 10820 10997 10996
3 10821 10822 10998
3 10821 10998 10997
3 10822 10823 10999
3 10822 10999 10998
3 10823 10824 11000
3 10823 11000 10999
3 10824 10825 11001
3 10824 11001 11000
3 10825 10826 11002
3 10825 11002 11001
3 10826 10827 11003
3 10826 11003 11002
3 10827 10828 11004
3 10827 11004 11003
3 10828 10829 11005
3 10828 11005 11004
3 10829 10830 11006
3 10829 11006 11005
3 10830 10831 11007
3 10830 11007 11006
3 10831 10832 11008
3 10831 11008 11007
3 10832 10833 11009
3 10832 11009 11008
3 10833 10834 11010
3 10833 11010 11009
3 10834 10835 11011
3 10834 11011 11010
3 10835 10836 11012
3 10835 11012 11011
3 10836 10837 11013
3 10836 11013 11012
3 10837 10838 11014
3 10837 11014 11013
3 10838 10839 11015
3 10838 11015 11014
3 10839 10840 11016
3 10839 11016 11015
3 10840 10841 11017
3 10840 11017 11016
3 10841 10842 11018
3 10841 11018 11017
3 10842 10843 11019
3 10842 11019 11018
3 10843 10844 11020
3 10843 11020 11019
3 10844 10845 11021
3 10844 11021 11020
3 10845 10846 11022
3 10845 11022 11021
3 10846 10847 11023
3 10846 11023 11022
3 10847 10848 11024
3 10847 11024 11023
3 10848 10849 11025
3 10848 11025 11024
3 10849 10850 11026
3 10849 11026 11025
3 10850 10851 11027
3 10850 11027 11026
3 10851 10852 11028
3 10851 11028 11027
3 10852 10853 11029
3 10852 11029 11028
3 10853 10854 11030
3 10853 11030 11029
3 10854 10855 11031
3 10854 11031 11030
3 10855 10856 11032
3 10855 11032 11031
3 10856 10857 11033
3 10856 11033 11032
3 10857 10858 11034
3 10857 11034 11033
3 10858 10859 11035
3 10858 11035 11034
3 10859 10860 11036
3 10859 11036 11035
3 10860 10861 11037
3 10860 11037 11036
3 10861 10862 11038
3 10861 11038 11037
3 10862 10863 11039
3 10862 11039 11038
3 10863 10864 11040
3 10863 11040 11039
3 10864 10865 11041
3 10864 11041 11040
3 10865 10866 11042
3 10865 11042 11041
3 10866 10867 11043
3 10866 11043 11042
3 10867 10868 11044
3 10867 11044 11043
3 10868 10869 11045
3 10868 11045 11044
3 10869 10870 11046
3 10869 11046 11045
3 10870 10871 11047
3 10870 11047 11046
3 10871 10872 11048
3 10871 11048 11047
3 10872 10873 11049
3 10872 11049 11048
3 10873 10874 11050
3 10873 11050 11049
3 10874 10875 11051
3 10874 11051 11050
3 10875 10876 11052
3 10875 11052 11051
3 10876 10877 11053
3 10876 11053 11052
3 10877 10878 11054
3 10877 11054 11053
3 10878 10879 11055
3 10878 11055 11054
3 10879 10880 11056
3 10879 11056 11055
3 10880 10881 11057
3 10880 11057 11056
3 10881 10882 11058
3 10881 11058 11057
3 10882 10883 11059
3 10882 11059 11058
3 10883 10884 11060
3 10883 11060 11059
3 10884 10885 11061
3 10884 11061 11060
3 10885 10886 11062
3 10885 11062 11061
3 10886 10887 11063
3 10886 11063 11062
3 10887 10888 11064
3 10887 11064 11063
3 10888 10889 11065
3 10888 11065 11064
3 10889 10890 11066
3 10889 11066 11065
3 10890 10891 11067
3 10890 11067 11066
3 10891 10892 11068
3 10891 11068 11067
3 10892 10893 11069
3 10892 11069 11068
3 10893 10894 11070
3 10893 11070 11069
3 10894 10895 11071
3 10894 11071 11070
3 10895 10896 11072
3 10895 11072 11071
3 10896 10897 11073
3 10896 11073 11072
3 10897 10898 11074
3 10897 11074 11073
3 10898 10899 11075
3 10898 11075 11074
3 10899 10900 11076
3 10899 11076 11075
3 10900 10901 11077
3 10900 11077 11076
3 10901 10902 11078
3 10901 11078 11077
3 10902 10903 11079
3 10902 11079 11078
3 10903 10904 11080
3 10903 11080 11079
3 10904 10905 11081
3 10904 11081 11080
3 10905 10906 11082
3 10905 11082 11081
3 10906 10907 11083
3 10906 11083 11082
3 10907 10908 11084
3 10907 11084 11083
3 10908 10909 11085
3 10908 11085 11084
3 10909 10910 11086
3 10909 11086 11085
3 10910 10911 11087
3 10910 11087 11086
3 10911 10912 11088
3 10911 11088 11087
3 10912 10913 11089
3 10912 11089 11088
3 10913 10914 11090
3 10913 11090 11089
3 10914 10915 11091
3 10914 11091 11090
3 10915 10916 11092
3 10915 11092 11091
3 10916 10917 11093
3 10916 11093 11092
3 10917 10918 11094
3 10917 11094 11093
3 10918 10919 11095
3 10918 11095 11094
3 10919 10920 11096
3 10919 11096 11095
3 10920 10921 11097
3 10920 11097 11096
3 10921 10922 11098
3 10921 11098 11097
3 10922 10923 11099
3 10922 11099 11098
3 10923 10924 11100
3 10923 11100 11099
3 10924 10925 11101
3 10924 11101 11100
3 10925 10926 11102
3 10925 11102 11101
3 10926 10927 11103
3 10926 11103 11102
3 10927 10928 11104
3 10927 11104 11103
3 10928 10929 11105
3 10928 11105 11104
3 10929 10930 11106
3 10929 11106 11105
3 10930 10931 11107
3 10930 11107 11106
3 10931 10756 10932
3 10931 10932 11107
3 11155 11158 11156
3 11263 11264 11266
3 11158 11155 11154
3 11266 11262 11263
3 11153 11158 11154
3 11261 11262 11266
3 11112 11180 11134
3 11220 11242 11288
3 11184 11180 11112
3 11292 11220 11288
3 11158 11157 11156
3 11266 11264 11265
3 11152 11167 11153
3 11260 11261 11275
3 11169 11152 11151
3 11277 11259 11260
3 11152 11169 11167
3 11260 11275 11277
3 11136 11178 11177
3 11244 11285 11286
3 11108 11211 11110
3 11216 11218 11319
3 11128 11114 11112
3 11236 11220 11222
3 11114 11113 11112
3 11222 11220 11221
3 11132 11112 11134
3 11240 11242 11220
3 11132 11128 11112
3 11240 11220 11236
3 11150 11172 11151
3 11258 11259 11280
3 11172 11169 11151
3 11280 11259 11277
3 11169 11172 11171
3 11277 11279 11280
3 11172 11136 11174
3 11280 11282 11244
3 11167 11166 11153
3 11275 11261 11274
3 11166 11164 11153
3 11274 11261 11272
3 11164 11166 11165
3 11272 11273 11274
3 11169 11168 11167
3 11277 11275 11276
3 11176 11136 11177
3 11284 11285 11244
3 11136 11176 11174
3 11244 11282 11284
3 11176 11175 11174
3 11284 11282 11283
3 11198 11197 11196
3 11306 11304 11305
3 11198 11186 11200
3 11306 11308 11294
3 11199 11198 11200
3 11307 11308 11306
3 11195 11194 11196
3 11303 11304 11302
3 11135 11178 11136
3 11243 11244 11286
3 11180 11135 11134
3 11288 11242 11243
3 11178 11135 11180
3 11286 11288 11243
3 11182 11180 11184
3 11290 11292 11288
3 11182 11181 11180
3 11290 11288 11289
3 11179 11178 11180
3 11287 11288 11286
3 11186 11185 11184
3 11294 11292 11293
3 11194 11188 11196
3 11302 11304 11296
3 11188 11198 11196
3 11296 11304 11306
3 11198 11188 11186
3 11306 11294 11296
3 11108 11213 11211
3 11216 11319 11321
3 11211 11213 11212
3 11319 11320 11321
3 11109 11108 11110
3 11217 11218 11216
3 11110 11207 11112
3 11218 11220 11315
3 11207 11184 11112
3 11315 11220 11292
3 11207 11186 11184
3 11315 11292 11294
3 11124 11123 11122
3 11232 11230 11231
3 11132 11130 11128
3 11240 11236 11238
3 11145 11149 11148
3 11253 11256 11257
3 11145 11142 11149
3 11253 11257 11250
3 11160 11159 11158
3 11268 11266 11267
3 11173 11172 11174
3 11281 11282 11280
3 11172 11138 11136
3 11280 11244 11246
3 11138 11150 11149
3 11246 11257 11258
3 11138 11172 11150
3 11246 11258 11280
3 11161 11160 11158
3 11269 11266 11268
3 11161 11158 11153
3 11269 11261 11266
3 11164 11161 11153
3 11272 11261 11269
3 11170 11169 11171
3 11278 11279 11277
3 11183 11182 11184
3 11291 11292 11290
3 11188 11187 11186
3 11296 11294 11295
3 11188 11192 11189
3 11296 11297 11300
3 11192 11191 11190
3 11300 11298 11299
3 11189 11192 11190
3 11297 11298 11300
3 11192 11188 11194
3 11300 11302 11296
3 11192 11194 11193
3 11300 11301 11302
3 11111 11110 11112
3 11219 11220 11218
3 11213 11215 11214
3 11321 11322 11323
3 11215 11213 11108
3 11323 11216 11321
3 11207 11209 11208
3 11315 11316 11317
3 11210 11209 11211
3 11318 11319 11317
3 11211 11209 11110
3 11319 11218 11317
3 11209 11207 11110
3 11317 11218 11315
3 11207 11205 11203
3 11315 11311 11313
3 11205 11207 11206
3 11313 11314 11315
3 11203 11205 11204
3 11311 11312 11313
3 11207 11202 11186
3 11315 11294 11310
3 11202 11207 11203
3 11310 11311 11315
3 11186 11202 11200
3 11294 11308 11310
3 11202 11199 11200
3 11310 11308 11307
3 11202 11201 11199
3 11310 11307 11309
3 11118 11122 11121
3 11226 11229 11230
3 11118 11120 11119
3 11226 11227 11228
3 11120 11118 11121
3 11228 11229 11226
3 11116 11115 11114
3 11224 11222 11223
3 11116 11124 11122
3 11224 11230 11232
3 11118 11116 11122
3 11226 11230 11224
3 11116 11118 11117
3 11224 11225 11226
3 11131 11130 11132
3 11239 11240 11238
3 11162 11164 11163
3 11270 11271 11272
3 11162 11161 11164
3 11270 11272 11269
3 11126 11125 11124
3 11234 11232 11233
3 11116 11126 11124
3 11224 11232 11234
3 11126 11114 11128
3 11234 11236 11222
3 11126 11116 11114
3 11234 11222 11224
3 11146 11145 11148
3 11254 11256 11253
3 11147 11146 11148
3 11255 11256 11254
3 11141 11140 11142
3 11249 11250 11248
3 11140 11139 11138
3 11248 11246 11247
3 11142 11140 11149
3 11250 11257 11248
3 11140 11138 11149
3 11248 11257 11246
3 11133 11132 11134
3 11241 11242 11240
3 11145 11143 11142
3 11253 11250 11251
3 11144 11143 11145
3 11252 11253 11251
3 11138 11137 11136
3 11246 11244 11245
3 11127 11126 11128
3 11235 11236 11234
3 11324 11325 11433
3 11324 11433 11432
3 11325 11326 11434
3 11325 11434 11433
3 11326 11327 11435
3 11326 11435 11434
3 11327 11328 11436
3 11327 11436 11435
3 11328 11329 11437
3 11328 11437 11436
3 11329 11330 11438
3 11329 11438 11437
3 11330 11331 11439
3 11330 11439 11438
3 11331 11332 11440
3 11331 11440 11439
3 11332 11333 11441
3 11332 11441 11440
3 11333 11334 11442
3 11333 11442 11441
3 11334 11335 11443
3 11334 11443 11442
3 11335 11336 11444
3 11335 11444 11443
3 11336 11337 11445
3 11336 11445 11444
3 11337 11338 11446
3 11337 11446 11445
3 11338 11339 11447
3 11338 11447 11446
3 11339 11340 11448
3 11339 11448 11447
3 11340 11341 11449
3 11340 11449 11448
3 11341 11342 11450
3 11341 11450 11449
3 11342 11343 11451
3 11342 11451 11450
3 11343 11344 11452
3 11343 11452 11451
3 11344 11345 11453
3 11344 11453 11452
3 11345 11346 11454
3 11345 11454 11453
3 11346 11347 11455
3 11346 11455 11454
3 11347 11348 11456
3 11347 11456 11455
3 11348 11349 11457
3 11348 11457 11456
3 11349 11350 11458
3 11349 11458 11457
3 11350 11351 11459
3 11350 11459 11458
3 11351 11352 11460
3 11351 11460 11459
3 11352 11353 11461
3 11352 11461 11460
3 11353 11354 11462
3 11353 11462 11461
3 11354 11355 11463
3 11354 11463 11462
3 11355 11356 11464
3 11355 11464 11463
3 11356 11357 11465
3 11356 11465 11464
3 11357 11358 11466
3 11357 11466 11465
3 11358 11359 11467
3 11358 11467 11466
3 11359 11360 11468
3 11359 11468 11467
3 11360 11361 11469
3 11360 11469 11468
3 11361 11362 11470
3 11361 11470 11469
3 11362 11363 11471
3 11362 11471 11470
3 11363 11364 11472
3 11363 11472 11471
3 11364 11365 11473
3 11364 11473 11472
3 11365 11366 11474
3 11365 11474 11473
3 11366 11367 11475
3 11366 11475 11474
3 11367 11368 11476
3 11367 11476 11475
3 11368 11369 11477
3 11368 11477 11476
3 11369 11370 11478
3 11369 11478 11477
3 11370 11371 11479
3 11370 11479 11478
3 11371 11372 11480
3 11371 11480 11479
3 11372 11373 11481
3 11372 11481 11480
3 11373 11374 11482
3 11373 11482 11481
3 11374 11375 11483
3 11374 11483 11482
3 11375 11376 11484
3 11375 11484 11483
3 11376 11377 11485
3 11376 11485 11484
3 11377 11378 11486
3 11377 11486 11485
3 11378 11379 11487
3 11378 11487 11486
3 11379 11380 11488
3 11379 11488 11487
3 11380 11381 11489
3 11380 11489 11488
3 11381 11382 11490
3 11381 11490 11489
3 11382 11383 11491
3 11382 11491 11490
3 11383 11384 11492
3 11383 11492 11491
3 11384 11385 11493
3 11384 11493 11492
3 11385 11386 11494
3 11385 11494 11493
3 11386 11387 11495
3 11386 11495 11494
3 11387 11388 11496
3 11387 11496 11495
3 11388 11389 11497
3 11388 11497 11496
3 11389 11390 11498
3 11389 11498 11497
3 11390 11391 11499
3 11390 11499 11498
3 11391 11392 11500
3 11391 11500 11499
3 11392 11393 11501
3 11392 11501 11500
3 11393 11394 11502
3 11393 11502 11501
3 11394 11395 11503
3 11394 11503 11502
3 11395 11396 11504
3 11395 11504 11503
3 11396 11397 11505
3 11396 11505 11504
3 11397 11398 11506
3 11397 11506 11505
3 11398 11399 11507
3 11398 11507 11506
3 11399 11400 11508
3 11399 11508 11507
3 11400 11401 11509
3 11400 11509 11508
3 11401 11402 11510
3 11401 11510 11509
3 11402 11403 11511
3 11402 11511 11510
3 11403 11404 11512
3 11403 11512 11511
3 11404 11405 11513
3 11404 11513 11512
3 11405 11406 11514
3 11405 11514 11513
3 11406 11407 11515
3 11406 11515 11514
3 11407 11408 11516
3 11407 11516 11515
3 11408 11409 11517
3 11408 11517 11516
3 11409 11410 11518
3 11409 11518 11517
3 11410 11411 11519
3 11410 11519 11518
3 11411 11412 11520
3 11411 11520 11519
3 11412 11413 11521
3 11412 11521 11520
3 11413 11414 11522
3 11413 11522 11521
3 11414 11415 11523
3 11414 11523 11522
3 11415 11416 11524
3 11415 11524 11523
3 11416 11417 11525
3 11416 11525 11524
3 11417 11418 11526
3 11417 11526 11525
3 11418 11419 11527
3 11418 11527 11526
3 11419 11420 11528
3 11419 11528 11527
3 11420 11421 11529
3 11420 11529 11528
3 11421 11422 11530
3 11421 11530 11529
3 11422 11423 11531
3 11422 11531 11530
3 11423 11424 11532
3 11423 11532 11531
3 11424 11425 11533
3 11424 11533 11532
3 11425 11426 11534
3 11425 11534 11533
3 11426 11427 11535
3 11426 11535 11534
3 11427 11428 11536
3 11427 11536 11535
3 11428 11429 11537
3 11428 11537 11536
3 11429 11430 11538
3 11429 11538 11537
3 11430 11431 11539
3 11430 11539 11538
3 11431 11324 11432
3 11431 11432 11539
3 11565 11563 11562
3 11649 11646 11647
3 11563 11565 11564
3 11647 11648 11649
3 11609 11607 11606
3 11693 11690 11691
3 11607 11609 11608
3 11691 11692 11693
3 11616 11619 11617
3 11700 11701 11703
3 11605 11604 11606
3 11689 11690 11688
3 11604 11609 11606
3 11688 11690 11693
3 11580 11577 11586
3 11664 11670 11661
3 11560 11565 11562
3 11644 11646 11649
3 11561 11560 11562
3 11645 11646 11644
3 11549 11576 11551
3 11633 11635 11660
3 11576 11573 11551
3 11660 11635 11657
3 11577 11576 11586
3 11661 11670 11660
3 11576 11549 11586
3 11660 11670 11633
3 11588 11587 11586
3 11672 11670 11671
3 11573 11553 11551
3 11657 11635 11637
3 11553 11552 11551
3 11637 11635 11636
3 11556 11553 11573
3 11640 11657 11637
3 11611 11610 11609
3 11695 11693 11694
3 11592 11611 11594
3 11676 11678 11695
3 11592 11588 11612
3 11676 11696 11672
3 11611 11592 11612
3 11695 11696 11676
3 11611 11598 11594
3 11695 11678 11682
3 11585 11584 11586
3 11669 11670 11668
3 11584 11580 11586
3 11668 11670 11664
3 11567 11559 11558
3 11651 11642 11643
3 11567 11560 11559
3 11651 11643 11644
3 11571 11556 11573
3 11655 11657 11640
3 11557 11571 11558
3 11641 11642 11655
3 11571 11557 11556
3 11655 11640 11641
3 11619 11618 11617
3 11703 11701 11702
3 11545 11615 11612
3 11629 11696 11699
3 11615 11613 11612
3 11699 11696 11697
3 11613 11615 11614
3 11697 11698 11699
3 11542 11615 11545
3 11626 11629 11699
3 11616 11615 11619
3 11700 11703 11699
3 11615 11542 11619
3 11699 11703 11626
3 11550 11549 11551
3 11634 11635 11633
3 11555 11553 11556
3 11639 11640 11637
3 11553 11555 11554
3 11637 11638 11639
3 11596 11595 11594
3 11680 11678 11679
3 11598 11596 11594
3 11682 11678 11680
3 11600 11598 11611
3 11684 11695 11682
3 11584 11581 11580
3 11668 11664 11665
3 11583 11581 11584
3 11667 11668 11665
3 11581 11583 11582
3 11665 11666 11667
3 11560 11566 11565
3 11644 11649 11650
3 11567 11566 11560
3 11651 11644 11650
3 11567 11569 11568
3 11651 11652 11653
3 11570 11569 11571
3 11654 11655 11653
3 11569 11567 11558
3 11653 11642 11651
3 11571 11569 11558
3 11655 11642 11653
3 11547 11545 11612
3 11631 11696 11629
3 11547 11546 11545
3 11631 11629 11630
3 11588 11547 11612
3 11672 11696 11631
3 11549 11547 11586
3 11633 11670 11631
3 11547 11588 11586
3 11631 11670 11672
3 11547 11549 11548
3 11631 11632 11633
3 11542 11540 11619
3 11626 11703 11624
3 11592 11590 11588
3 11676 11672 11674
3 11591 11590 11592
3 11675 11676 11674
3 11590 11589 11588
3 11674 11672 11673
3 11593 11592 11594
3 11677 11678 11676
3 11597 11596 11598
3 11681 11682 11680
3 11603 11611 11609
3 11687 11693 11695
3 11603 11600 11611
3 11687 11695 11684
3 11603 11602 11600
3 11687 11684 11686
3 11604 11603 11609
3 11688 11693 11687
3 11621 11623 11622
3 11705 11706 11707
3 11621 11540 11623
3 11705 11707 11624
3 11540 11621 11619
3 11624 11703 11705
3 11621 11620 11619
3 11705 11703 11704
3 11544 11542 11545
3 11628 11629 11626
3 11544 11543 11542
3 11628 11626 11627
3 11541 11540 11542
3 11625 11626 11624
3 11600 11599 11598
3 11684 11682 11683
3 11602 11601 11600
3 11686 11684 11685
3 11572 11571 11573
3 11656 11657 11655
3 11576 11575 11573
3 11660 11657 11659
3 11575 11574 11573
3 11659 11657 11658
3 11580 11579 11577
3 11664 11661 11663
3 11579 11578 11577
3 11663 11661 11662
3 11599 11601 11597
3 11683 11681 11685
3 11708 11709 11793
3 11708 11793 11792
3 11709 11710 11794
3 11709 11794 11793
3 11710 11711 11795
3 11710 11795 11794
3 11711 11712 11796
3 11711 11796 11795
3 11712 11713 11797
3 11712 11797 11796
3 11713 11714 11798
3 11713 11798 11797
3 11714 11715 11799
3 11714 11799 11798
3 11715 11716 11800
3 11715 11800 11799
3 11716 11717 11801
3 11716 11801 11800
3 11717 11718 11802
3 11717 11802 11801
3 11718 11719 11803
3 11718 11803 11802
3 11719 11720 11804
3 11719 11804 11803
3 11720 11721 11805
3 11720 11805 11804
3 11721 11722 11806
3 11721 11806 11805
3 11722 11723 11807
3 11722 11807 11806
3 11723 11724 11808
3 11723 11808 11807
3 11724 11725 11809
3 11724 11809 11808
3 11725 11726 11810
3 11725 11810 11809
3 11726 11727 11811
3 11726 11811 11810
3 11727 11728 11812
3 11727 11812 11811
3 11728 11729 11813
3 11728 11813 11812
3 11729 11730 11814
3 11729 11814 11813
3 11730 11731 11815
3 11730 11815 11814
3 11731 11732 11816
3 11731 11816 11815
3 11732 11733 11817
3 11732 11817 11816
3 11733 11734 11818
3 11733 11818 11817
3 11734 11735 11819
3 11734 11819 11818
3 11735 11736 11820
3 11735 11820 11819
3 11736 11737 11821
3 11736 11821 11820
3 11737 11738 11822
3 11737 11822 11821
3 11738 11739 11823
3 11738 11823 11822
3 11739 11740 11824
3 11739 11824 11823
3 11740 11741 11825
3 11740 11825 11824
3 11741 11742 11826
3 11741 11826 11825
3 11742 11743 11827
3 11742 11827 11826
3 11743 11744 11828
3 11743 11828 11827
3 11744 11745 11829
3 11744 11829 11828
3 11745 11746 11830
3 11745 11830 11829
3 11746 11747 11831
3 11746 11831 11830
3 11747 11748 11832
3 11747 11832 11831
3 11748 11749 11833
3 11748 11833 11832
3 11749 11750 11834
3 11749 11834 11833
3 11750 11751 11835
3 11750 11835 11834
3 11751 11752 11836
3 11751 11836 11835
3 11752 11753 11837
3 11752 11837 11836
3 11753 11754 11838
3 11753 11838 11837
3 11754 11755 11839
3 11754 11839 11838
3 11755 11756 11840
3 11755 11840 11839
3 11756 11757 11841
3 11756 11841 11840
3 11757 11758 11842
3 11757 11842 11841
3 11758 11759 11843
3 11758 11843 11842
3 11759 11760 11844
3 11759 11844 11843
3 11760 11761 11845
3 11760 11845 11844
3 11761 11762 11846
3 11761 11846 11845
3 11762 11763 11847
3 11762 11847 11846
3 11763 11764 11848
3 11763 11848 11847
3 11764 11765 11849
3 11764 11849 11848
3 11765 11766 11850
3 11765 11850 11849
3 11766 11767 11851
3 11766 11851 11850
3 11767 11768 11852
3 11767 11852 11851
3 11768 11769 11853
3 11768 11853 11852
3 11769 11770 11854
3 11769 11854 11853
3 11770 11771 11855
3 11770 11855 11854
3 11771 11772 11856
3 11771 11856 11855
3 11772 11773 11857
3 11772 11857 11856
3 11773 11774 11858
3 11773 11858 11857
3 11774 11775 11859
3 11774 11859 11858
3 11775 11776 11860
3 11775 11860 11859
3 11776 11777 11861
3 11776 11861 11860
3 11777 11778 11862
3 11777 11862 11861
3 11778 11779 11863
3 11778 11863 11862
3 11779 11780 11864
3 11779 11864 11863
3 11780 11781 11865
3 11780 11865 11864
3 11781 11782 11866
3 11781 11866 11865
3 11782 11783 11867
3 11782 11867 11866
3 11783 11784 11868
3 11783 11868 11867
3 11784 11785 11869
3 11784 11869 11868
3 11785 11786 11870
3 11785 11870 11869
3 11786 11787 11871
3 11786 11871 11870
3 11787 11788 11872
3 11787 11872 11871
3 11788 11789 11873
3 11788 11873 11872
3 11789 11790 11874
3 11789 11874 11873
3 11790 11791 11875
3 11790 11875 11874
3 11791 11708 11792
3 11791 11792 11875
3 11902 11901 11903
3 11957 11958 11956
3 11894 11923 11920
3 11949 11975 11978
3 11924 11923 11894
3 11979 11949 11978
3 11923 11921 11920
3 11978 11975 11976
3 11893 11889 11883
3 11948 11938 11944
3 11893 11926 11894
3 11948 11949 11981
3 11926 11924 11894
3 11981 11949 11979
3 11928 11893 11883
3 11983 11938 11948
3 11926 11928 11927
3 11981 11982 11983
3 11928 11926 11893
3 11983 11948 11981
3 11879 11881 11880
3 11934 11935 11936
3 11882 11879 11878
3 11937 11933 11934
3 11879 11882 11881
3 11934 11936 11937
3 11882 11928 11883
3 11937 11938 11983
3 11926 11925 11924
3 11981 11979 11980
3 11910 11909 11908
3 11965 11963 11964
3 11892 11889 11893
3 11947 11948 11944
3 11884 11888 11885
3 11939 11940 11943
3 11888 11886 11885
3 11943 11940 11941
3 11888 11887 11886
3 11943 11941 11942
3 11889 11888 11883
3 11944 11938 11943
3 11888 11884 11883
3 11943 11938 11939
3 11877 11882 11878
3 11932 11933 11937
3 11877 11876 11930
3 11932 11985 11931
3 11882 11877 11930
3 11937 11985 11932
3 11929 11882 11930
3 11984 11985 11937
3 11882 11929 11928
3 11937 11983 11984
3 11907 11910 11908
3 11962 11963 11965
3 11923 11922 11921
3 11978 11976 11977
3 11889 11891 11890
3 11944 11945 11946
3 11892 11891 11889
3 11947 11944 11946
3 11896 11894 11920
3 11951 11975 11949
3 11896 11895 11894
3 11951 11949 11950
3 11919 11896 11920
3 11974 11975 11951
3 11896 11907 11906
3 11951 11961 11962
3 11910 11912 11911
3 11965 11966 11967
3 11907 11912 11910
3 11962 11965 11967
3 11901 11900 11903
3 11956 11958 11955
3 11898 11897 11906
3 11953 11961 11952
3 11897 11896 11906
3 11952 11961 11951
3 11916 11919 11918
3 11971 11973 11974
3 11917 11916 11918
3 11972 11973 11971
3 11916 11896 11919
3 11971 11974 11951
3 11896 11916 11907
3 11951 11962 11971
3 11914 11913 11912
3 11969 11967 11968
3 11914 11912 11907
3 11969 11962 11967
3 11916 11914 11907
3 11971 11962 11969
3 11914 11916 11915
3 11969 11970 11971
3 11900 11904 11903
3 11955 11958 11959
3 11904 11900 11899
3 11959 11954 11955
3 11904 11899 11898
3 11959 11953 11954
3 11904 11898 11906
3 11959 11961 11953
3 11905 11904 11906
3 11960 11961 11959
3 11986 11987 12042
3 11986 12042 12041
3 11987 11988 12043
3 11987 12043 12042
3 11988 11989 12044
3 11988 12044 12043
3 11989 11990 12045
3 11989 12045 12044
3 11990 11991 12046
3 11990 12046 12045
3 11991 11992 12047
3 11991 12047 12046
3 11992 11993 12048
3 11992 12048 12047
3 11993 11994 12049
3 11993 12049 12048
3 11994 11995 12050
3 11994 12050 12049
3 11995 11996 12051
3 11995 12051 12050
3 11996 11997 12052
3 11996 12052 12051
3 11997 11998 12053
3 11997 12053 12052
3 11998 11999 12054
3 11998 12054 12053
3 11999 12000 12055
3 11999 12055 12054
3 12000 12001 12056
3 12000 12056 12055
3 12001 12002 12057
3 12001 12057 12056
3 12002 12003 12058
3 12002 12058 12057
3 12003 12004 12059
3 12003 12059 12058
3 12004 12005 12060
3 12004 12060 12059
3 12005 12006 12061
3 12005 12061 12060
3 12006 12007 12062
3 12006 12062 12061
3 12007 12008 12063
3 12007 12063 12062
3 12008 12009 12064
3 12008 12064 12063
3 12009 12010 12065
3 12009 12065 12064
3 12010 12011 12066
3 12010 12066 12065
3 12011 12012 12067
3 12011 12067 12066
3 12012 12013 12068
3 12012 12068 12067
3 12013 12014 12069
3 12013 12069 12068
3 12014 12015 12070
3 12014 12070 12069
3 12015 12016 12071
3 12015 12071 12070
3 12016 12017 12072
3 12016 12072 12071
3 12017 12018 12073
3 12017 12073 12072
3 12018 12019 12074
3 12018 12074 12073
3 12019 12020 12075
3 12019 12075 12074
3 12020 12021 12076
3 12020 12076 12075
3 12021 12022 12077
3 12021 12077 12076
3 12022 12023 12078
3 12022 12078 12077
3 12023 12024 12079
3 12023 12079 12078
3 12024 12025 12080
3 12024 12080 12079
3 12025 12026 12081
3 12025 12081 12080
3 12026 12027 12082
3 12026 12082 12081
3 12027 12028 12083
3 12027 12083 12082
3 12028 12029 12084
3 12028 12084 12083
3 12029 12030 12085
3 12029 12085 12084
3 12030 12031 12086
3 12030 12086 12085
3 12031 12032 12087
3 12031 12087 12086
3 12032 12033 12088
3 12032 12088 12087
3 12033 12034 12089
3 12033 12089 12088
3 12034 12035 12090
3 12034 12090 12089
3 12035 12036 12091
3 12035 12091 12090
3 12036 12037 12092
3 12036 12092 12091
3 12037 12038 12093
3 12037 12093 12092
3 12038 12039 12094
3 12038 12094 12093
3 12039 12040 12095
3 12039 12095 12094
3 12040 11986 12041
3 12040 12041 12095
3 12121 12120 12119
3 12209 12207 12208
3 12106 12133 12131
3 12194 12219 12221
3 12107 12106 12131
3 12195 12219 12194
3 12138 12137 12136
3 12226 12224 12225
3 12139 12141 12140
3 12227 12228 12229
3 12138 12141 12139
3 12226 12227 12229
3 12165 12164 12163
3 12253 12251 12252
3 12161 12165 12163
3 12249 12251 12253
3 12162 12161 12163
3 12250 12251 12249
3 12176 12179 12177
3 12264 12265 12267
3 12143 12141 12138
3 12231 12226 12229
3 12096 12133 12106
3 12184 12194 12221
3 12176 12175 12174
3 12264 12262 12263
3 12174 12172 12170
3 12262 12258 12260
3 12173 12172 12174
3 12261 12262 12260
3 12108 12107 12131
3 12196 12219 12195
3 12108 12110 12109
3 12196 12197 12198
3 12110 12108 12131
3 12198 12219 12196
3 12130 12129 12131
3 12218 12219 12217
3 12129 12110 12131
3 12217 12219 12198
3 12156 12166 12165
3 12244 12253 12254
3 12161 12159 12165
3 12249 12253 12247
3 12160 12159 12161
3 12248 12249 12247
3 12179 12178 12177
3 12267 12265 12266
3 12135 12138 12136
3 12223 12224 12226
3 12135 12143 12138
3 12223 12226 12231
3 12135 12174 12170
3 12223 12258 12262
3 12135 12133 12174
3 12223 12262 12221
3 12145 12135 12170
3 12233 12258 12223
3 12143 12135 12145
3 12231 12233 12223
3 12143 12142 12141
3 12231 12229 12230
3 12098 12096 12106
3 12186 12194 12184
3 12133 12182 12174
3 12221 12262 12270
3 12096 12182 12133
3 12184 12221 12270
3 12182 12176 12174
3 12270 12262 12264
3 12182 12179 12176
3 12270 12264 12267
3 12183 12182 12096
3 12271 12184 12270
3 12172 12171 12170
3 12260 12258 12259
3 12169 12145 12170
3 12257 12258 12233
3 12169 12150 12145
3 12257 12233 12238
3 12148 12150 12149
3 12236 12237 12238
3 12148 12147 12145
3 12236 12233 12235
3 12150 12148 12145
3 12238 12233 12236
3 12105 12104 12106
3 12193 12194 12192
3 12104 12103 12106
3 12192 12194 12191
3 12125 12117 12116
3 12213 12204 12205
3 12126 12125 12116
3 12214 12204 12213
3 12125 12124 12117
3 12213 12205 12212
3 12167 12166 12168
3 12255 12256 12254
3 12154 12166 12156
3 12242 12244 12254
3 12155 12154 12156
3 12243 12244 12242
3 12166 12154 12168
3 12254 12256 12242
3 12157 12156 12165
3 12245 12253 12244
3 12159 12157 12165
3 12247 12253 12245
3 12157 12159 12158
3 12245 12246 12247
3 12180 12182 12181
3 12268 12269 12270
3 12182 12180 12179
3 12270 12267 12268
3 12144 12143 12145
3 12232 12233 12231
3 12098 12097 12096
3 12186 12184 12185
3 12102 12101 12103
3 12190 12191 12189
3 12135 12132 12133
3 12223 12221 12220
3 12134 12132 12135
3 12222 12223 12220
3 12133 12132 12131
3 12221 12219 12220
3 12121 12123 12122
3 12209 12210 12211
3 12123 12121 12119
3 12211 12207 12209
3 12127 12126 12116
3 12215 12204 12214
3 12129 12112 12110
3 12217 12198 12200
3 12152 12154 12153
3 12240 12241 12242
3 12152 12151 12150
3 12240 12238 12239
3 12169 12152 12150
3 12257 12238 12240
3 12152 12169 12168
3 12240 12256 12257
3 12154 12152 12168
3 12242 12256 12240
3 12147 12146 12145
3 12235 12233 12234
3 12099 12101 12100
3 12187 12188 12189
3 12099 12098 12106
3 12187 12194 12186
3 12103 12099 12106
3 12191 12194 12187
3 12101 12099 12103
3 12189 12191 12187
3 12124 12118 12117
3 12212 12205 12206
3 12123 12118 12124
3 12211 12212 12206
3 12118 12123 12119
3 12206 12207 12211
3 12115 12127 12116
3 12203 12204 12215
3 12114 12112 12129
3 12202 12217 12200
3 12112 12114 12113
3 12200 12201 12202
3 12115 12114 12127
3 12203 12215 12202
3 12112 12111 12110
3 12200 12198 12199
3 12128 12114 12129
3 12216 12217 12202
3 12114 12128 12127
3 12202 12215 12216
3 12272 12273 12361
3 12272 12361 12360
3 12273 12274 12362
3 12273 12362 12361
3 12274 12275 12363
3 12274 12363 12362
3 12275 12276 12364
3 12275 12364 12363
3 12276 12277 12365
3 12276 12365 12364
3 12277 12278 12366
3 12277 12366 12365
3 12278 12279 12367
3 12278 12367 12366
3 12279 12280 12368
3 12279 12368 12367
3 12280 12281 12369
3 12280 12369 12368
3 12281 12282 12370
3 12281 12370 12369
3 12282 12283 12371
3 12282 12371 12370
3 12283 12284 12372
3 12283 12372 12371
3 12284 12285 12373
3 12284 12373 12372
3 12285 12286 12374
3 12285 12374 12373
3 12286 12287 12375
3 12286 12375 12374
3 12287 12288 12376
3 12287 12376 12375
3 12288 12289 12377
3 12288 12377 12376
3 12289 12290 12378
3 12289 12378 12377
3 12290 12291 12379
3 12290 12379 12378
3 12291 12292 12380
3 12291 12380 12379
3 12292 12293 12381
3 12292 12381 12380
3 12293 12294 12382
3 12293 12382 12381
3 12294 12295 12383
3 12294 12383 12382
3 12295 12296 12384
3 12295 12384 12383
3 12296 12297 12385
3 12296 12385 12384
3 12297 12298 12386
3 12297 12386 12385
3 12298 12299 12387
3 12298 12387 12386
3 12299 12300 12388
3 12299 12388 12387
3 12300 12301 12389
3 12300 12389 12388
3 12301 12302 12390
3 12301 12390 12389
3 12302 12303 12391
3 12302 12391 12390
3 12303 12304 12392
3 12303 12392 12391
3 12304 12305 12393
3 12304 12393 12392
3 12305 12306 12394
3 12305 12394 12393
3 12306 12307 12395
3 12306 12395 12394
3 12307 12308 12396
3 12307 12396 12395
3 12308 12309 12397
3 12308 12397 12396
3 12309 12310 12398
3 12309 12398 12397
3 12310 12311 12399
3 12310 12399 12398
3 12311 12312 12400
3 12311 12400 12399
3 12312 12313 12401
3 12312 12401 12400
3 12313 12314 12402
3 12313 12402 12401
3 12314 12315 12403
3 12314 12403 12402
3 12315 12316 12404
3 12315 12404 12403
3 12316 12317 12405
3 12316 12405 12404
3 12317 12318 12406
3 12317 12406 12405
3 12318 12319 12407
3 12318 12407 12406
3 12319 12320 12408
3 12319 12408 12407
3 12320 12321 12409
3 12320 12409 12408
3 12321 12322 12410
3 12321 12410 12409
3 12322 12323 12411
3 12322 12411 12410
3 12323 12324 12412
3 12323 12412 12411
3 12324 12325 12413
3 12324 12413 12412
3 12325 12326 12414
3 12325 12414 12413
3 12326 12327 12415
3 12326 12415 12414
3 12327 12328 12416
3 12327 12416 12415
3 12328 12329 12417
3 12328 12417 12416
3 12329 12330 12418
3 12329 12418 12417
3 12330 12331 12419
3 12330 12419 12418
3 12331 12332 12420
3 12331 12420 12419
3 12332 12333 12421
3 12332 12421 12420
3 12333 12334 12422
3 12333 12422 12421
3 12334 12335 12423
3 12334 12423 12422
3 12335 12336 12424
3 12335 12424 12423
3 12336 12337 12425
3 12336 12425 12424
3 12337 12338 12426
3 12337 12426 12425
3 12338 12339 12427
3 12338 12427 12426
3 12339 12340 12428
3 12339 12428 12427
3 12340 12341 12429
3 12340 12429 12428
3 12341 12342 12430
3 12341 12430 12429
3 12342 12343 12431
3 12342 12431 12430
3 12343 12344 12432
3 12343 12432 12431
3 12344 12345 12433
3 12344 12433 12432
3 12345 12346 12434
3 12345 12434 12433
3 12346 12347 12435
3 12346 12435 12434
3 12347 12348 12436
3 12347 12436 12435
3 12348 12349 12437
3 12348 12437 12436
3 12349 12350 12438
3 12349 12438 12437
3 12350 12351 12439
3 12350 12439 12438
3 12351 12352 12440
3 12351 12440 12439
3 12352 12353 12441
3 12352 12441 12440
3 12353 12354 12442
3 12353 12442 12441
3 12354 12355 12443
3 12354 12443 12442
3 12355 12356 12444
3 12355 12444 12443
3 12356 12357 12445
3 12356 12445 12444
3 12357 12358 12446
3 12357 12446 12445
3 12358 12359 12447
3 12358 12447 12446
3 12359 12272 12360
3 12359 12360 12447
3 12490 12465 12464
3 12556 12530 12531
3 12465 12490 12466
3 12531 12532 12556
3 12511 12513 12512
3 12577 12578 12579
3 12459 12456 12496
3 12525 12562 12522
3 12458 12456 12459
3 12524 12525 12522
3 12448 12513 12449
3 12514 12515 12579
3 12513 12510 12449
3 12579 12515 12576
3 12510 12513 12511
3 12576 12577 12579
3 12451 12450 12449
3 12517 12515 12516
3 12506 12451 12449
3 12572 12515 12517
3 12454 12506 12500
3 12520 12566 12572
3 12454 12456 12455
3 12520 12521 12522
3 12456 12454 12500
3 12522 12566 12520
3 12454 12451 12506
3 12520 12572 12517
3 12488 12487 12474
3 12554 12540 12553
3 12488 12490 12489
3 12554 12555 12556
3 12490 12470 12466
3 12556 12532 12536
3 12488 12470 12490
3 12554 12556 12536
3 12470 12488 12471
3 12536 12537 12554
3 12484 12479 12485
3 12550 12551 12545
3 12484 12483 12482
3 12550 12548 12549
3 12481 12484 12482
3 12547 12548 12550
3 12479 12476 12485
3 12545 12551 12542
3 12492 12491 12490
3 12558 12556 12557
3 12495 12493 12496
3 12561 12562 12559
3 12493 12459 12496
3 12559 12562 12525
3 12463 12490 12464
3 12529 12530 12556
3 12463 12492 12490
3 12529 12556 12558
3 12456 12498 12496
3 12522 12562 12564
3 12498 12456 12500
3 12564 12566 12522
3 12498 12497 12496
3 12564 12562 12563
3 12499 12498 12500
3 12565 12566 12564
3 12457 12456 12458
3 12523 12524 12522
3 12508 12510 12509
3 12574 12575 12576
3 12510 12508 12449
3 12576 12515 12574
3 12508 12506 12449
3 12574 12515 12572
3 12508 12507 12506
3 12574 12572 12573
3 12506 12502 12500
3 12572 12566 12568
3 12502 12504 12503
3 12568 12569 12570
3 12473 12488 12474
3 12539 12540 12554
3 12488 12473 12471
3 12554 12537 12539
3 12480 12484 12481
3 12546 12547 12550
3 12484 12480 12479
3 12550 12545 12546
3 12487 12486 12474
3 12553 12540 12552
3 12476 12486 12485
3 12542 12551 12552
3 12473 12472 12471
3 12539 12537 12538
3 12494 12493 12495
3 12560 12561 12559
3 12505 12502 12506
3 12571 12572 12568
3 12502 12505 12504
3 12568 12570 12571
3 12502 12501 12500
3 12568 12566 12567
3 12454 12453 12451
3 12520 12517 12519
3 12453 12452 12451
3 12519 12517 12518
3 12469 12468 12470
3 12535 12536 12534
3 12470 12467 12466
3 12536 12532 12533
3 12468 12467 12470
3 12534 12536 12533
3 12486 12475 12474
3 12552 12540 12541
3 12475 12486 12476
3 12541 12542 12552
3 12478 12476 12479
3 12544 12545 12542
3 12462 12461 12463
3 12528 12529 12527
3 12493 12461 12459
3 12559 12525 12527
3 12461 12493 12492
3 12527 12558 12559
3 12463 12461 12492
3 12529 12558 12527
3 12478 12477 12476
3 12544 12542 12543
3 12461 12460 12459
3 12527 12525 12526
3 12580 12581 12647
3 12580 12647 12646
3 12581 12582 12648
3 12581 12648 12647
3 12582 12583 12649
3 12582 12649 12648
3 12583 12584 12650
3 12583 12650 12649
3 12584 12585 12651
3 12584 12651 12650
3 12585 12586 12652
3 12585 12652 12651
3 12586 12587 12653
3 12586 12653 12652
3 12587 12588 12654
3 12587 12654 12653
3 12588 12589 12655
3 12588 12655 12654
3 12589 12590 12656
3 12589 12656 12655
3 12590 12591 12657
3 12590 12657 12656
3 12591 12592 12658
3 12591 12658 12657
3 12592 12593 12659
3 12592 12659 12658
3 12593 12594 12660
3 12593 12660 12659
3 12594 12595 12661
3 12594 12661 12660
3 12595 12596 12662
3 12595 12662 12661
3 12596 12597 12663
3 12596 12663 12662
3 12597 12598 12664
3 12597 12664 12663
3 12598 12599 12665
3 12598 12665 12664
3 12599 12600 12666
3 12599 12666 12665
3 12600 12601 12667
3 12600 12667 12666
3 12601 12602 12668
3 12601 12668 12667
3 12602 12603 12669
3 12602 12669 12668
3 12603 12604 12670
3 12603 12670 12669
3 12604 12605 12671
3 12604 12671 12670
3 12605 12606 12672
3 12605 12672 12671
3 12606 12607 12673
3 12606 12673 12672
3 12607 12608 12674
3 12607 12674 12673
3 12608 12609 12675
3 12608 12675 12674
3 12609 12610 12676
3 12609 12676 12675
3 12610 12611 12677
3 12610 12677 12676
3 12611 12612 12678
3 12611 12678 12677
3 12612 12613 12679
3 12612 12679 12678
3 12613 12614 12680
3 12613 12680 12679
3 12614 12615 12681
3 12614 12681 12680
3 12615 12616 12682
3 12615 12682 12681
3 12616 12617 12683
3 12616 12683 12682
3 12617 12618 12684
3 12617 12684 12683
3 12618 12619 12685
3 12618 12685 12684
3 12619 12620 12686
3 12619 12686 12685
3 12620 12621 12687
3 12620 12687 12686
3 12621 12622 12688
3 12621 12688 12687
3 12622 12623 12689
3 12622 12689 12688
3 12623 12624 12690
3 12623 12690 12689
3 12624 12625 12691
3 12624 12691 12690
3 12625 12626 12692
3 12625 12692 12691
3 12626 12627 12693
3 12626 12693 12692
3 12627 12628 12694
3 12627 12694 12693
3 12628 12629 12695
3 12628 12695 12694
3 12629 12630 12696
3 12629 12696 12695
3 12630 12631 12697
3 12630 12697 12696
3 12631 12632 12698
3 12631 12698 12697
3 12632 12633 12699
3 12632 12699 12698
3 12633 12634 12700
3 12633 12700 12699
3 12634 12635 12701
3 12634 12701 12700
3 12635 12636 12702
3 12635 12702 12701
3 12636 12637 12703
3 12636 12703 12702
3 12637 12638 12704
3 12637 12704 12703
3 12638 12639 12705
3 12638 12705 12704
3 12639 12640 12706
3 12639 12706 12705
3 12640 12641 12707
3 12640 12707 12706
3 12641 12642 12708
3 12641 12708 12707
3 12642 12643 12709
3 12642 12709 12708
3 12643 12644 12710
3 12643 12710 12709
3 12644 12645 12711
3 12644 12711 12710
3 12645 12580 12646
3 12645 12646 12711
3 12751 12713 12712
3 12791 12752 12753
3 12715 12746 12729
3 12755 12769 12786
3 12723 12715 12729
3 12763 12769 12755
3 12731 12730 12729
3 12771 12769 12770
3 12746 12731 12729
3 12786 12769 12771
3 12728 12727 12729
3 12768 12769 12767
3 12747 12746 12715
3 12787 12755 12786
3 12744 12746 12745
3 12784 12785 12786
3 12727 12725 12729
3 12767 12769 12765
3 12725 12723 12729
3 12765 12769 12763
3 12723 12716 12715
3 12763 12755 12756
3 12731 12743 12740
3 12771 12780 12783
3 12743 12731 12746
3 12783 12786 12771
3 12744 12743 12746
3 12784 12786 12783
3 12743 12741 12740
3 12783 12780 12781
3 12738 12731 12740
3 12778 12780 12771
3 12726 12725 12727
3 12766 12767 12765
3 12714 12749 12715
3 12754 12755 12789
3 12749 12747 12715
3 12789 12755 12787
3 12749 12714 12713
3 12789 12753 12754
3 12749 12751 12750
3 12789 12790 12791
3 12751 12749 12713
3 12791 12753 12789
3 12749 12748 12747
3 12789 12787 12788
3 12743 12742 12741
3 12783 12781 12782
3 12722 12721 12723
3 12762 12763 12761
3 12719 12721 12720
3 12759 12760 12761
3 12739 12738 12740
3 12779 12780 12778
3 12738 12736 12731
3 12778 12771 12776
3 12734 12736 12735
3 12774 12775 12776
3 12725 12724 12723
3 12765 12763 12764
3 12717 12716 12723
3 12757 12763 12756
3 12721 12717 12723
3 12761 12763 12757
3 12717 12719 12718
3 12757 12758 12759
3 12717 12721 12719
3 12757 12759 12761
3 12733 12732 12731
3 12773 12771 12772
3 12736 12733 12731
3 12776 12771 12773
3 12733 12736 12734
3 12773 12774 12776
3 12737 12736 12738
3 12777 12778 12776
3 12792 12793 12833
3 12792 12833 12832
3 12793 12794 12834
3 12793 12834 12833
3 12794 12795 12835
3 12794 12835 12834
3 12795 12796 12836
3 12795 12836 12835
3 12796 12797 12837
3 12796 12837 12836
3 12797 12798 12838
3 12797 12838 12837
3 12798 12799 12839
3 12798 12839 12838
3 12799 12800 12840
3 12799 12840 12839
3 12800 12801 12841
3 12800 12841 12840
3 12801 12802 12842
3 12801 12842 12841
3 12802 12803 12843
3 12802 12843 12842
3 12803 12804 12844
3 12803 12844 12843
3 12804 12805 12845
3 12804 12845 12844
3 12805 12806 12846
3 12805 12846 12845
3 12806 12807 12847
3 12806 12847 12846
3 12807 12808 12848
3 12807 12848 12847
3 12808 12809 12849
3 12808 12849 12848
3 12809 12810 12850
3 12809 12850 12849
3 12810 12811 12851
3 12810 12851 12850
3 12811 12812 12852
3 12811 12852 12851
3 12812 12813 12853
3 12812 12853 12852
3 12813 12814 12854
3 12813 12854 12853
3 12814 12815 12855
3 12814 12855 12854
3 12815 12816 12856
3 12815 12856 12855
3 12816 12817 12857
3 12816 12857 12856
3 12817 12818 12858
3 12817 12858 12857
3 12818 12819 12859
3 12818 12859 12858
3 12819 12820 12860
3 12819 12860 12859
3 12820 12821 12861
3 12820 12861 12860
3 12821 12822 12862
3 12821 12862 12861
3 12822 12823 12863
3 12822 12863 12862
3 12823 12824 12864
3 12823 12864 12863
3 12824 12825 12865
3 12824 12865 12864
3 12825 12826 12866
3 12825 12866 12865
3 12826 12827 12867
3 12826 12867 12866
3 12827 12828 12868
3 12827 12868 12867
3 12828 12829 12869
3 12828 12869 12868
3 12829 12830 12870
3 12829 12870 12869
3 12830 12831 12871
3 12830 12871 12870
3 12831 12792 12832
3 12831 12832 12871
