mtllib redfuji_storm_thickness_50pct.mtl
o shards_thickness_50pct
v 1736.0000 1895.7143 900.7143
v 1736.0000 1890.7143 905.7143
v 1736.0000 1890.7143 908.5714
v 1736.0000 1889.2857 910.0000
v 1736.0000 1890.7143 911.4286
v 1736.0000 1890.7143 914.2857
v 1736.0000 1897.8571 921.4286
v 1736.0000 1897.8571 924.2857
v 1736.0000 1899.2857 925.7143
v 1736.0000 1897.8571 932.8571
v 1736.0000 1896.4286 934.2857
v 1736.0000 1899.2857 940.0000
v 1736.0000 1899.2857 948.5714
v 1736.0000 1900.7143 950.0000
v 1736.0000 1900.7143 952.8571
v 1736.0000 1905.7143 957.8571
v 1736.0000 1908.5714 957.8571
v 1736.0000 1910.0000 959.2857
v 1736.0000 1928.5714 959.2857
v 1736.0000 1930.0000 957.8571
v 1736.0000 1932.8571 957.8571
v 1736.0000 1937.8571 952.8571
v 1736.0000 1937.8571 950.0000
v 1736.0000 1939.2857 948.5714
v 1736.0000 1939.2857 930.0000
v 1736.0000 1937.8571 928.5714
v 1736.0000 1937.8571 925.7143
v 1736.0000 1932.8571 920.7143
v 1736.0000 1925.7143 919.2857
v 1736.0000 1919.2857 912.8571
v 1736.0000 1917.8571 905.7143
v 1736.0000 1912.8571 900.7143
v 1736.0000 1910.0000 900.7143
v 1736.0000 1908.5714 899.2857
v 1733.0000 1895.7143 900.7143
v 1733.0000 1890.7143 905.7143
v 1733.0000 1890.7143 908.5714
v 1733.0000 1889.2857 910.0000
v 1733.0000 1890.7143 911.4286
v 1733.0000 1890.7143 914.2857
v 1733.0000 1897.8571 921.4286
v 1733.0000 1897.8571 924.2857
v 1733.0000 1899.2857 925.7143
v 1733.0000 1897.8571 932.8571
v 1733.0000 1896.4286 934.2857
v 1733.0000 1899.2857 940.0000
v 1733.0000 1899.2857 948.5714
v 1733.0000 1900.7143 950.0000
v 1733.0000 1900.7143 952.8571
v 1733.0000 1905.7143 957.8571
v 1733.0000 1908.5714 957.8571
v 1733.0000 1910.0000 959.2857
v 1733.0000 1928.5714 959.2857
v 1733.0000 1930.0000 957.8571
v 1733.0000 1932.8571 957.8571
v 1733.0000 1937.8571 952.8571
v 1733.0000 1937.8571 950.0000
v 1733.0000 1939.2857 948.5714
v 1733.0000 1939.2857 930.0000
v 1733.0000 1937.8571 928.5714
v 1733.0000 1937.8571 925.7143
v 1733.0000 1932.8571 920.7143
v 1733.0000 1925.7143 919.2857
v 1733.0000 1919.2857 912.8571
v 1733.0000 1917.8571 905.7143
v 1733.0000 1912.8571 900.7143
v 1733.0000 1910.0000 900.7143
v 1733.0000 1908.5714 899.2857
v 1736.0000 1895.7143 900.7143
v 1736.0000 1890.7143 905.7143
v 1736.0000 1890.7143 908.5714
v 1736.0000 1889.2857 910.0000
v 1736.0000 1890.7143 911.4286
v 1736.0000 1890.7143 914.2857
v 1736.0000 1897.8571 921.4286
v 1736.0000 1897.8571 924.2857
v 1736.0000 1899.2857 925.7143
v 1736.0000 1897.8571 932.8571
v 1736.0000 1896.4286 934.2857
v 1736.0000 1899.2857 940.0000
v 1736.0000 1899.2857 948.5714
v 1736.0000 1900.7143 950.0000
v 1736.0000 1900.7143 952.8571
v 1736.0000 1905.7143 957.8571
v 1736.0000 1908.5714 957.8571
v 1736.0000 1910.0000 959.2857
v 1736.0000 1928.5714 959.2857
v 1736.0000 1930.0000 957.8571
v 1736.0000 1932.8571 957.8571
v 1736.0000 1937.8571 952.8571
v 1736.0000 1937.8571 950.0000
v 1736.0000 1939.2857 948.5714
v 1736.0000 1939.2857 930.0000
v 1736.0000 1937.8571 928.5714
v 1736.0000 1937.8571 925.7143
v 1736.0000 1932.8571 920.7143
v 1736.0000 1925.7143 919.2857
v 1736.0000 1919.2857 912.8571
v 1736.0000 1917.8571 905.7143
v 1736.0000 1912.8571 900.7143
v 1736.0000 1910.0000 900.7143
v 1736.0000 1908.5714 899.2857
v 1733.0000 1895.7143 900.7143
v 1733.0000 1890.7143 905.7143
v 1733.0000 1890.7143 908.5714
v 1733.0000 1889.2857 910.0000
v 1733.0000 1890.7143 911.4286
v 1733.0000 1890.7143 914.2857
v 1733.0000 1897.8571 921.4286
v 1733.0000 1897.8571 924.2857
v 1733.0000 1899.2857 925.7143
v 1733.0000 1897.8571 932.8571
v 1733.0000 1896.4286 934.2857
v 1733.0000 1899.2857 940.0000
v 1733.0000 1899.2857 948.5714
v 1733.0000 1900.7143 950.0000
v 1733.0000 1900.7143 952.8571
v 1733.0000 1905.7143 957.8571
v 1733.0000 1908.5714 957.8571
v 1733.0000 1910.0000 959.2857
v 1733.0000 1928.5714 959.2857
v 1733.0000 1930.0000 957.8571
v 1733.0000 1932.8571 957.8571
v 1733.0000 1937.8571 952.8571
v 1733.0000 1937.8571 950.0000
v 1733.0000 1939.2857 948.5714
v 1733.0000 1939.2857 930.0000
v 1733.0000 1937.8571 928.5714
v 1733.0000 1937.8571 925.7143
v 1733.0000 1932.8571 920.7143
v 1733.0000 1925.7143 919.2857
v 1733.0000 1919.2857 912.8571
v 1733.0000 1917.8571 905.7143
v 1733.0000 1912.8571 900.7143
v 1733.0000 1910.0000 900.7143
v 1733.0000 1908.5714 899.2857
v 1736.0000 1844.2857 910.7143
v 1736.0000 1837.1429 917.8571
v 1736.0000 1825.7143 920.7143
v 1736.0000 1820.7143 925.7143
v 1736.0000 1820.7143 928.5714
v 1736.0000 1819.2857 930.0000
v 1736.0000 1819.2857 938.5714
v 1736.0000 1820.7143 940.0000
v 1736.0000 1820.7143 942.8571
v 1736.0000 1825.7143 947.8571
v 1736.0000 1828.5714 947.8571
v 1736.0000 1830.0000 949.2857
v 1736.0000 1831.4286 947.8571
v 1736.0000 1834.2857 947.8571
v 1736.0000 1841.4286 940.7143
v 1736.0000 1844.2857 940.7143
v 1736.0000 1845.7143 939.2857
v 1736.0000 1852.8571 939.2857
v 1736.0000 1854.2857 940.7143
v 1736.0000 1857.1429 940.7143
v 1736.0000 1864.2857 947.8571
v 1736.0000 1867.1429 947.8571
v 1736.0000 1868.5714 949.2857
v 1736.0000 1870.0000 947.8571
v 1736.0000 1872.8571 947.8571
v 1736.0000 1877.8571 942.8571
v 1736.0000 1879.2857 935.7143
v 1736.0000 1880.7143 934.2857
v 1736.0000 1877.8571 928.5714
v 1736.0000 1877.8571 925.7143
v 1736.0000 1872.8571 920.7143
v 1736.0000 1861.4286 917.8571
v 1736.0000 1854.2857 910.7143
v 1736.0000 1851.4286 910.7143
v 1736.0000 1850.0000 909.2857
v 1733.0000 1844.2857 910.7143
v 1733.0000 1837.1429 917.8571
v 1733.0000 1825.7143 920.7143
v 1733.0000 1820.7143 925.7143
v 1733.0000 1820.7143 928.5714
v 1733.0000 1819.2857 930.0000
v 1733.0000 1819.2857 938.5714
v 1733.0000 1820.7143 940.0000
v 1733.0000 1820.7143 942.8571
v 1733.0000 1825.7143 947.8571
v 1733.0000 1828.5714 947.8571
v 1733.0000 1830.0000 949.2857
v 1733.0000 1831.4286 947.8571
v 1733.0000 1834.2857 947.8571
v 1733.0000 1841.4286 940.7143
v 1733.0000 1844.2857 940.7143
v 1733.0000 1845.7143 939.2857
v 1733.0000 1852.8571 939.2857
v 1733.0000 1854.2857 940.7143
v 1733.0000 1857.1429 940.7143
v 1733.0000 1864.2857 947.8571
v 1733.0000 1867.1429 947.8571
v 1733.0000 1868.5714 949.2857
v 1733.0000 1870.0000 947.8571
v 1733.0000 1872.8571 947.8571
v 1733.0000 1877.8571 942.8571
v 1733.0000 1879.2857 935.7143
v 1733.0000 1880.7143 934.2857
v 1733.0000 1877.8571 928.5714
v 1733.0000 1877.8571 925.7143
v 1733.0000 1872.8571 920.7143
v 1733.0000 1861.4286 917.8571
v 1733.0000 1854.2857 910.7143
v 1733.0000 1851.4286 910.7143
v 1733.0000 1850.0000 909.2857
v 1736.0000 1844.2857 910.7143
v 1736.0000 1837.1429 917.8571
v 1736.0000 1825.7143 920.7143
v 1736.0000 1820.7143 925.7143
v 1736.0000 1820.7143 928.5714
v 1736.0000 1819.2857 930.0000
v 1736.0000 1819.2857 938.5714
v 1736.0000 1820.7143 940.0000
v 1736.0000 1820.7143 942.8571
v 1736.0000 1825.7143 947.8571
v 1736.0000 1828.5714 947.8571
v 1736.0000 1830.0000 949.2857
v 1736.0000 1831.4286 947.8571
v 1736.0000 1834.2857 947.8571
v 1736.0000 1841.4286 940.7143
v 1736.0000 1844.2857 940.7143
v 1736.0000 1845.7143 939.2857
v 1736.0000 1852.8571 939.2857
v 1736.0000 1854.2857 940.7143
v 1736.0000 1857.1429 940.7143
v 1736.0000 1864.2857 947.8571
v 1736.0000 1867.1429 947.8571
v 1736.0000 1868.5714 949.2857
v 1736.0000 1870.0000 947.8571
v 1736.0000 1872.8571 947.8571
v 1736.0000 1877.8571 942.8571
v 1736.0000 1879.2857 935.7143
v 1736.0000 1880.7143 934.2857
v 1736.0000 1877.8571 928.5714
v 1736.0000 1877.8571 925.7143
v 1736.0000 1872.8571 920.7143
v 1736.0000 1861.4286 917.8571
v 1736.0000 1854.2857 910.7143
v 1736.0000 1851.4286 910.7143
v 1736.0000 1850.0000 909.2857
v 1733.0000 1844.2857 910.7143
v 1733.0000 1837.1429 917.8571
v 1733.0000 1825.7143 920.7143
v 1733.0000 1820.7143 925.7143
v 1733.0000 1820.7143 928.5714
v 1733.0000 1819.2857 930.0000
v 1733.0000 1819.2857 938.5714
v 1733.0000 1820.7143 940.0000
v 1733.0000 1820.7143 942.8571
v 1733.0000 1825.7143 947.8571
v 1733.0000 1828.5714 947.8571
v 1733.0000 1830.0000 949.2857
v 1733.0000 1831.4286 947.8571
v 1733.0000 1834.2857 947.8571
v 1733.0000 1841.4286 940.7143
v 1733.0000 1844.2857 940.7143
v 1733.0000 1845.7143 939.2857
v 1733.0000 1852.8571 939.2857
v 1733.0000 1854.2857 940.7143
v 1733.0000 1857.1429 940.7143
v 1733.0000 1864.2857 947.8571
v 1733.0000 1867.1429 947.8571
v 1733.0000 1868.5714 949.2857
v 1733.0000 1870.0000 947.8571
v 1733.0000 1872.8571 947.8571
v 1733.0000 1877.8571 942.8571
v 1733.0000 1879.2857 935.7143
v 1733.0000 1880.7143 934.2857
v 1733.0000 1877.8571 928.5714
v 1733.0000 1877.8571 925.7143
v 1733.0000 1872.8571 920.7143
v 1733.0000 1861.4286 917.8571
v 1733.0000 1854.2857 910.7143
v 1733.0000 1851.4286 910.7143
v 1733.0000 1850.0000 909.2857
v 1733.0000 1825.7143 900.7143
v 1733.0000 1820.7143 905.7143
v 1733.0000 1820.7143 908.5714
v 1733.0000 1819.2857 910.0000
v 1733.0000 1819.2857 918.5714
v 1733.0000 1820.7143 920.0000
v 1733.0000 1820.7143 922.8571
v 1733.0000 1825.7143 927.8571
v 1733.0000 1828.5714 927.8571
v 1733.0000 1830.0000 929.2857
v 1733.0000 1831.4286 927.8571
v 1733.0000 1834.2857 927.8571
v 1733.0000 1844.2857 917.8571
v 1733.0000 1847.1429 917.8571
v 1733.0000 1848.5714 916.4286
v 1733.0000 1854.2857 917.8571
v 1733.0000 1864.2857 927.8571
v 1733.0000 1867.1429 927.8571
v 1733.0000 1868.5714 929.2857
v 1733.0000 1874.2857 927.8571
v 1733.0000 1884.2857 917.8571
v 1733.0000 1887.1429 917.8571
v 1733.0000 1888.5714 916.4286
v 1733.0000 1890.0000 917.8571
v 1733.0000 1892.8571 917.8571
v 1733.0000 1897.8571 922.8571
v 1733.0000 1900.7143 932.8571
v 1733.0000 1905.7143 937.8571
v 1733.0000 1908.5714 937.8571
v 1733.0000 1910.0000 939.2857
v 1733.0000 1918.5714 939.2857
v 1733.0000 1920.0000 937.8571
v 1733.0000 1922.8571 937.8571
v 1733.0000 1927.8571 932.8571
v 1733.0000 1927.8571 930.0000
v 1733.0000 1929.2857 928.5714
v 1733.0000 1927.8571 927.1429
v 1733.0000 1927.8571 924.2857
v 1733.0000 1920.7143 917.1429
v 1733.0000 1917.8571 905.7143
v 1733.0000 1912.8571 900.7143
v 1733.0000 1910.0000 900.7143
v 1733.0000 1908.5714 899.2857
v 1733.0000 1900.0000 899.2857
v 1733.0000 1890.0000 903.5714
v 1733.0000 1878.5714 899.2857
v 1733.0000 1860.0000 899.2857
v 1733.0000 1850.0000 903.5714
v 1733.0000 1838.5714 899.2857
v 1730.0000 1825.7143 900.7143
v 1730.0000 1820.7143 905.7143
v 1730.0000 1820.7143 908.5714
v 1730.0000 1819.2857 910.0000
v 1730.0000 1819.2857 918.5714
v 1730.0000 1820.7143 920.0000
v 1730.0000 1820.7143 922.8571
v 1730.0000 1825.7143 927.8571
v 1730.0000 1828.5714 927.8571
v 1730.0000 1830.0000 929.2857
v 1730.0000 1831.4286 927.8571
v 1730.0000 1834.2857 927.8571
v 1730.0000 1844.2857 917.8571
v 1730.0000 1847.1429 917.8571
v 1730.0000 1848.5714 916.4286
v 1730.0000 1854.2857 917.8571
v 1730.0000 1864.2857 927.8571
v 1730.0000 1867.1429 927.8571
v 1730.0000 1868.5714 929.2857
v 1730.0000 1874.2857 927.8571
v 1730.0000 1884.2857 917.8571
v 1730.0000 1887.1429 917.8571
v 1730.0000 1888.5714 916.4286
v 1730.0000 1890.0000 917.8571
v 1730.0000 1892.8571 917.8571
v 1730.0000 1897.8571 922.8571
v 1730.0000 1900.7143 932.8571
v 1730.0000 1905.7143 937.8571
v 1730.0000 1908.5714 937.8571
v 1730.0000 1910.0000 939.2857
v 1730.0000 1918.5714 939.2857
v 1730.0000 1920.0000 937.8571
v 1730.0000 1922.8571 937.8571
v 1730.0000 1927.8571 932.8571
v 1730.0000 1927.8571 930.0000
v 1730.0000 1929.2857 928.5714
v 1730.0000 1927.8571 927.1429
v 1730.0000 1927.8571 924.2857
v 1730.0000 1920.7143 917.1429
v 1730.0000 1917.8571 905.7143
v 1730.0000 1912.8571 900.7143
v 1730.0000 1910.0000 900.7143
v 1730.0000 1908.5714 899.2857
v 1730.0000 1900.0000 899.2857
v 1730.0000 1890.0000 903.5714
v 1730.0000 1878.5714 899.2857
v 1730.0000 1860.0000 899.2857
v 1730.0000 1850.0000 903.5714
v 1730.0000 1838.5714 899.2857
v 1733.0000 1825.7143 900.7143
v 1733.0000 1820.7143 905.7143
v 1733.0000 1820.7143 908.5714
v 1733.0000 1819.2857 910.0000
v 1733.0000 1819.2857 918.5714
v 1733.0000 1820.7143 920.0000
v 1733.0000 1820.7143 922.8571
v 1733.0000 1825.7143 927.8571
v 1733.0000 1828.5714 927.8571
v 1733.0000 1830.0000 929.2857
v 1733.0000 1831.4286 927.8571
v 1733.0000 1834.2857 927.8571
v 1733.0000 1844.2857 917.8571
v 1733.0000 1847.1429 917.8571
v 1733.0000 1848.5714 916.4286
v 1733.0000 1854.2857 917.8571
v 1733.0000 1864.2857 927.8571
v 1733.0000 1867.1429 927.8571
v 1733.0000 1868.5714 929.2857
v 1733.0000 1874.2857 927.8571
v 1733.0000 1884.2857 917.8571
v 1733.0000 1887.1429 917.8571
v 1733.0000 1888.5714 916.4286
v 1733.0000 1890.0000 917.8571
v 1733.0000 1892.8571 917.8571
v 1733.0000 1897.8571 922.8571
v 1733.0000 1900.7143 932.8571
v 1733.0000 1905.7143 937.8571
v 1733.0000 1908.5714 937.8571
v 1733.0000 1910.0000 939.2857
v 1733.0000 1918.5714 939.2857
v 1733.0000 1920.0000 937.8571
v 1733.0000 1922.8571 937.8571
v 1733.0000 1927.8571 932.8571
v 1733.0000 1927.8571 930.0000
v 1733.0000 1929.2857 928.5714
v 1733.0000 1927.8571 927.1429
v 1733.0000 1927.8571 924.2857
v 1733.0000 1920.7143 917.1429
v 1733.0000 1917.8571 905.7143
v 1733.0000 1912.8571 900.7143
v 1733.0000 1910.0000 900.7143
v 1733.0000 1908.5714 899.2857
v 1733.0000 1900.0000 899.2857
v 1733.0000 1890.0000 903.5714
v 1733.0000 1878.5714 899.2857
v 1733.0000 1860.0000 899.2857
v 1733.0000 1850.0000 903.5714
v 1733.0000 1838.5714 899.2857
v 1730.0000 1825.7143 900.7143
v 1730.0000 1820.7143 905.7143
v 1730.0000 1820.7143 908.5714
v 1730.0000 1819.2857 910.0000
v 1730.0000 1819.2857 918.5714
v 1730.0000 1820.7143 920.0000
v 1730.0000 1820.7143 922.8571
v 1730.0000 1825.7143 927.8571
v 1730.0000 1828.5714 927.8571
v 1730.0000 1830.0000 929.2857
v 1730.0000 1831.4286 927.8571
v 1730.0000 1834.2857 927.8571
v 1730.0000 1844.2857 917.8571
v 1730.0000 1847.1429 917.8571
v 1730.0000 1848.5714 916.4286
v 1730.0000 1854.2857 917.8571
v 1730.0000 1864.2857 927.8571
v 1730.0000 1867.1429 927.8571
v 1730.0000 1868.5714 929.2857
v 1730.0000 1874.2857 927.8571
v 1730.0000 1884.2857 917.8571
v 1730.0000 1887.1429 917.8571
v 1730.0000 1888.5714 916.4286
v 1730.0000 1890.0000 917.8571
v 1730.0000 1892.8571 917.8571
v 1730.0000 1897.8571 922.8571
v 1730.0000 1900.7143 932.8571
v 1730.0000 1905.7143 937.8571
v 1730.0000 1908.5714 937.8571
v 1730.0000 1910.0000 939.2857
v 1730.0000 1918.5714 939.2857
v 1730.0000 1920.0000 937.8571
v 1730.0000 1922.8571 937.8571
v 1730.0000 1927.8571 932.8571
v 1730.0000 1927.8571 930.0000
v 1730.0000 1929.2857 928.5714
v 1730.0000 1927.8571 927.1429
v 1730.0000 1927.8571 924.2857
v 1730.0000 1920.7143 917.1429
v 1730.0000 1917.8571 905.7143
v 1730.0000 1912.8571 900.7143
v 1730.0000 1910.0000 900.7143
v 1730.0000 1908.5714 899.2857
v 1730.0000 1900.0000 899.2857
v 1730.0000 1890.0000 903.5714
v 1730.0000 1878.5714 899.2857
v 1730.0000 1860.0000 899.2857
v 1730.0000 1850.0000 903.5714
v 1730.0000 1838.5714 899.2857
v 1730.0000 1825.7143 900.7143
v 1730.0000 1820.7143 905.7143
v 1730.0000 1820.7143 908.5714
v 1730.0000 1819.2857 910.0000
v 1730.0000 1819.2857 918.5714
v 1730.0000 1820.7143 920.0000
v 1730.0000 1820.7143 922.8571
v 1730.0000 1825.7143 927.8571
v 1730.0000 1828.5714 927.8571
v 1730.0000 1830.0000 929.2857
v 1730.0000 1831.4286 927.8571
v 1730.0000 1834.2857 927.8571
v 1730.0000 1844.2857 917.8571
v 1730.0000 1847.1429 917.8571
v 1730.0000 1848.5714 916.4286
v 1730.0000 1854.2857 917.8571
v 1730.0000 1864.2857 927.8571
v 1730.0000 1867.1429 927.8571
v 1730.0000 1868.5714 929.2857
v 1730.0000 1874.2857 927.8571
v 1730.0000 1884.2857 917.8571
v 1730.0000 1887.1429 917.8571
v 1730.0000 1888.5714 916.4286
v 1730.0000 1890.0000 917.8571
v 1730.0000 1892.8571 917.8571
v 1730.0000 1897.8571 922.8571
v 1730.0000 1900.7143 932.8571
v 1730.0000 1905.7143 937.8571
v 1730.0000 1908.5714 937.8571
v 1730.0000 1910.0000 939.2857
v 1730.0000 1918.5714 939.2857
v 1730.0000 1920.0000 937.8571
v 1730.0000 1922.8571 937.8571
v 1730.0000 1927.8571 932.8571
v 1730.0000 1927.8571 930.0000
v 1730.0000 1929.2857 928.5714
v 1730.0000 1927.8571 927.1429
v 1730.0000 1927.8571 924.2857
v 1730.0000 1920.7143 917.1429
v 1730.0000 1917.8571 905.7143
v 1730.0000 1912.8571 900.7143
v 1730.0000 1910.0000 900.7143
v 1730.0000 1908.5714 899.2857
v 1730.0000 1900.0000 899.2857
v 1730.0000 1890.0000 903.5714
v 1730.0000 1878.5714 899.2857
v 1730.0000 1860.0000 899.2857
v 1730.0000 1850.0000 903.5714
v 1730.0000 1838.5714 899.2857
v 1727.0000 1825.7143 900.7143
v 1727.0000 1820.7143 905.7143
v 1727.0000 1820.7143 908.5714
v 1727.0000 1819.2857 910.0000
v 1727.0000 1819.2857 918.5714
v 1727.0000 1820.7143 920.0000
v 1727.0000 1820.7143 922.8571
v 1727.0000 1825.7143 927.8571
v 1727.0000 1828.5714 927.8571
v 1727.0000 1830.0000 929.2857
v 1727.0000 1831.4286 927.8571
v 1727.0000 1834.2857 927.8571
v 1727.0000 1844.2857 917.8571
v 1727.0000 1847.1429 917.8571
v 1727.0000 1848.5714 916.4286
v 1727.0000 1854.2857 917.8571
v 1727.0000 1864.2857 927.8571
v 1727.0000 1867.1429 927.8571
v 1727.0000 1868.5714 929.2857
v 1727.0000 1874.2857 927.8571
v 1727.0000 1884.2857 917.8571
v 1727.0000 1887.1429 917.8571
v 1727.0000 1888.5714 916.4286
v 1727.0000 1890.0000 917.8571
v 1727.0000 1892.8571 917.8571
v 1727.0000 1897.8571 922.8571
v 1727.0000 1900.7143 932.8571
v 1727.0000 1905.7143 937.8571
v 1727.0000 1908.5714 937.8571
v 1727.0000 1910.0000 939.2857
v 1727.0000 1918.5714 939.2857
v 1727.0000 1920.0000 937.8571
v 1727.0000 1922.8571 937.8571
v 1727.0000 1927.8571 932.8571
v 1727.0000 1927.8571 930.0000
v 1727.0000 1929.2857 928.5714
v 1727.0000 1927.8571 927.1429
v 1727.0000 1927.8571 924.2857
v 1727.0000 1920.7143 917.1429
v 1727.0000 1917.8571 905.7143
v 1727.0000 1912.8571 900.7143
v 1727.0000 1910.0000 900.7143
v 1727.0000 1908.5714 899.2857
v 1727.0000 1900.0000 899.2857
v 1727.0000 1890.0000 903.5714
v 1727.0000 1878.5714 899.2857
v 1727.0000 1860.0000 899.2857
v 1727.0000 1850.0000 903.5714
v 1727.0000 1838.5714 899.2857
v 1730.0000 1825.7143 900.7143
v 1730.0000 1820.7143 905.7143
v 1730.0000 1820.7143 908.5714
v 1730.0000 1819.2857 910.0000
v 1730.0000 1819.2857 918.5714
v 1730.0000 1820.7143 920.0000
v 1730.0000 1820.7143 922.8571
v 1730.0000 1825.7143 927.8571
v 1730.0000 1828.5714 927.8571
v 1730.0000 1830.0000 929.2857
v 1730.0000 1831.4286 927.8571
v 1730.0000 1834.2857 927.8571
v 1730.0000 1844.2857 917.8571
v 1730.0000 1847.1429 917.8571
v 1730.0000 1848.5714 916.4286
v 1730.0000 1854.2857 917.8571
v 1730.0000 1864.2857 927.8571
v 1730.0000 1867.1429 927.8571
v 1730.0000 1868.5714 929.2857
v 1730.0000 1874.2857 927.8571
v 1730.0000 1884.2857 917.8571
v 1730.0000 1887.1429 917.8571
v 1730.0000 1888.5714 916.4286
v 1730.0000 1890.0000 917.8571
v 1730.0000 1892.8571 917.8571
v 1730.0000 1897.8571 922.8571
v 1730.0000 1900.7143 932.8571
v 1730.0000 1905.7143 937.8571
v 1730.0000 1908.5714 937.8571
v 1730.0000 1910.0000 939.2857
v 1730.0000 1918.5714 939.2857
v 1730.0000 1920.0000 937.8571
v 1730.0000 1922.8571 937.8571
v 1730.0000 1927.8571 932.8571
v 1730.0000 1927.8571 930.0000
v 1730.0000 1929.2857 928.5714
v 1730.0000 1927.8571 927.1429
v 1730.0000 1927.8571 924.2857
v 1730.0000 1920.7143 917.1429
v 1730.0000 1917.8571 905.7143
v 1730.0000 1912.8571 900.7143
v 1730.0000 1910.0000 900.7143
v 1730.0000 1908.5714 899.2857
v 1730.0000 1900.0000 899.2857
v 1730.0000 1890.0000 903.5714
v 1730.0000 1878.5714 899.2857
v 1730.0000 1860.0000 899.2857
v 1730.0000 1850.0000 903.5714
v 1730.0000 1838.5714 899.2857
v 1727.0000 1825.7143 900.7143
v 1727.0000 1820.7143 905.7143
v 1727.0000 1820.7143 908.5714
v 1727.0000 1819.2857 910.0000
v 1727.0000 1819.2857 918.5714
v 1727.0000 1820.7143 920.0000
v 1727.0000 1820.7143 922.8571
v 1727.0000 1825.7143 927.8571
v 1727.0000 1828.5714 927.8571
v 1727.0000 1830.0000 929.2857
v 1727.0000 1831.4286 927.8571
v 1727.0000 1834.2857 927.8571
v 1727.0000 1844.2857 917.8571
v 1727.0000 1847.1429 917.8571
v 1727.0000 1848.5714 916.4286
v 1727.0000 1854.2857 917.8571
v 1727.0000 1864.2857 927.8571
v 1727.0000 1867.1429 927.8571
v 1727.0000 1868.5714 929.2857
v 1727.0000 1874.2857 927.8571
v 1727.0000 1884.2857 917.8571
v 1727.0000 1887.1429 917.8571
v 1727.0000 1888.5714 916.4286
v 1727.0000 1890.0000 917.8571
v 1727.0000 1892.8571 917.8571
v 1727.0000 1897.8571 922.8571
v 1727.0000 1900.7143 932.8571
v 1727.0000 1905.7143 937.8571
v 1727.0000 1908.5714 937.8571
v 1727.0000 1910.0000 939.2857
v 1727.0000 1918.5714 939.2857
v 1727.0000 1920.0000 937.8571
v 1727.0000 1922.8571 937.8571
v 1727.0000 1927.8571 932.8571
v 1727.0000 1927.8571 930.0000
v 1727.0000 1929.2857 928.5714
v 1727.0000 1927.8571 927.1429
v 1727.0000 1927.8571 924.2857
v 1727.0000 1920.7143 917.1429
v 1727.0000 1917.8571 905.7143
v 1727.0000 1912.8571 900.7143
v 1727.0000 1910.0000 900.7143
v 1727.0000 1908.5714 899.2857
v 1727.0000 1900.0000 899.2857
v 1727.0000 1890.0000 903.5714
v 1727.0000 1878.5714 899.2857
v 1727.0000 1860.0000 899.2857
v 1727.0000 1850.0000 903.5714
v 1727.0000 1838.5714 899.2857
v 1924.0000 1985.7143 920.7143
v 1924.0000 1980.7143 925.7143
v 1924.0000 1980.7143 928.5714
v 1924.0000 1979.2857 930.0000
v 1924.0000 1979.2857 968.5714
v 1924.0000 1980.7143 970.0000
v 1924.0000 1980.7143 972.8571
v 1924.0000 1985.7143 977.8571
v 1924.0000 1992.8571 979.2857
v 1924.0000 1999.2857 985.7143
v 1924.0000 2000.7143 992.8571
v 1924.0000 2005.7143 997.8571
v 1924.0000 2008.5714 997.8571
v 1924.0000 2010.0000 999.2857
v 1924.0000 2128.5714 999.2857
v 1924.0000 2130.0000 997.8571
v 1924.0000 2132.8571 997.8571
v 1924.0000 2137.8571 992.8571
v 1924.0000 2139.2857 985.7143
v 1924.0000 2144.2857 980.7143
v 1924.0000 2147.1429 980.7143
v 1924.0000 2148.5714 979.2857
v 1924.0000 2188.5714 979.2857
v 1924.0000 2190.0000 977.8571
v 1924.0000 2192.8571 977.8571
v 1924.0000 2197.8571 972.8571
v 1924.0000 2197.8571 970.0000
v 1924.0000 2199.2857 968.5714
v 1924.0000 2199.2857 950.0000
v 1924.0000 2197.8571 948.5714
v 1924.0000 2197.8571 945.7143
v 1924.0000 2192.8571 940.7143
v 1924.0000 2185.7143 939.2857
v 1924.0000 2179.2857 932.8571
v 1924.0000 2177.8571 925.7143
v 1924.0000 2172.8571 920.7143
v 1924.0000 2170.0000 920.7143
v 1924.0000 2168.5714 919.2857
v 1921.0000 1985.7143 920.7143
v 1921.0000 1980.7143 925.7143
v 1921.0000 1980.7143 928.5714
v 1921.0000 1979.2857 930.0000
v 1921.0000 1979.2857 968.5714
v 1921.0000 1980.7143 970.0000
v 1921.0000 1980.7143 972.8571
v 1921.0000 1985.7143 977.8571
v 1921.0000 1992.8571 979.2857
v 1921.0000 1999.2857 985.7143
v 1921.0000 2000.7143 992.8571
v 1921.0000 2005.7143 997.8571
v 1921.0000 2008.5714 997.8571
v 1921.0000 2010.0000 999.2857
v 1921.0000 2128.5714 999.2857
v 1921.0000 2130.0000 997.8571
v 1921.0000 2132.8571 997.8571
v 1921.0000 2137.8571 992.8571
v 1921.0000 2139.2857 985.7143
v 1921.0000 2144.2857 980.7143
v 1921.0000 2147.1429 980.7143
v 1921.0000 2148.5714 979.2857
v 1921.0000 2188.5714 979.2857
v 1921.0000 2190.0000 977.8571
v 1921.0000 2192.8571 977.8571
v 1921.0000 2197.8571 972.8571
v 1921.0000 2197.8571 970.0000
v 1921.0000 2199.2857 968.5714
v 1921.0000 2199.2857 950.0000
v 1921.0000 2197.8571 948.5714
v 1921.0000 2197.8571 945.7143
v 1921.0000 2192.8571 940.7143
v 1921.0000 2185.7143 939.2857
v 1921.0000 2179.2857 932.8571
v 1921.0000 2177.8571 925.7143
v 1921.0000 2172.8571 920.7143
v 1921.0000 2170.0000 920.7143
v 1921.0000 2168.5714 919.2857
v 1924.0000 1985.7143 920.7143
v 1924.0000 1980.7143 925.7143
v 1924.0000 1980.7143 928.5714
v 1924.0000 1979.2857 930.0000
v 1924.0000 1979.2857 968.5714
v 1924.0000 1980.7143 970.0000
v 1924.0000 1980.7143 972.8571
v 1924.0000 1985.7143 977.8571
v 1924.0000 1992.8571 979.2857
v 1924.0000 1999.2857 985.7143
v 1924.0000 2000.7143 992.8571
v 1924.0000 2005.7143 997.8571
v 1924.0000 2008.5714 997.8571
v 1924.0000 2010.0000 999.2857
v 1924.0000 2128.5714 999.2857
v 1924.0000 2130.0000 997.8571
v 1924.0000 2132.8571 997.8571
v 1924.0000 2137.8571 992.8571
v 1924.0000 2139.2857 985.7143
v 1924.0000 2144.2857 980.7143
v 1924.0000 2147.1429 980.7143
v 1924.0000 2148.5714 979.2857
v 1924.0000 2188.5714 979.2857
v 1924.0000 2190.0000 977.8571
v 1924.0000 2192.8571 977.8571
v 1924.0000 2197.8571 972.8571
v 1924.0000 2197.8571 970.0000
v 1924.0000 2199.2857 968.5714
v 1924.0000 2199.2857 950.0000
v 1924.0000 2197.8571 948.5714
v 1924.0000 2197.8571 945.7143
v 1924.0000 2192.8571 940.7143
v 1924.0000 2185.7143 939.2857
v 1924.0000 2179.2857 932.8571
v 1924.0000 2177.8571 925.7143
v 1924.0000 2172.8571 920.7143
v 1924.0000 2170.0000 920.7143
v 1924.0000 2168.5714 919.2857
v 1921.0000 1985.7143 920.7143
v 1921.0000 1980.7143 925.7143
v 1921.0000 1980.7143 928.5714
v 1921.0000 1979.2857 930.0000
v 1921.0000 1979.2857 968.5714
v 1921.0000 1980.7143 970.0000
v 1921.0000 1980.7143 972.8571
v 1921.0000 1985.7143 977.8571
v 1921.0000 1992.8571 979.2857
v 1921.0000 1999.2857 985.7143
v 1921.0000 2000.7143 992.8571
v 1921.0000 2005.7143 997.8571
v 1921.0000 2008.5714 997.8571
v 1921.0000 2010.0000 999.2857
v 1921.0000 2128.5714 999.2857
v 1921.0000 2130.0000 997.8571
v 1921.0000 2132.8571 997.8571
v 1921.0000 2137.8571 992.8571
v 1921.0000 2139.2857 985.7143
v 1921.0000 2144.2857 980.7143
v 1921.0000 2147.1429 980.7143
v 1921.0000 2148.5714 979.2857
v 1921.0000 2188.5714 979.2857
v 1921.0000 2190.0000 977.8571
v 1921.0000 2192.8571 977.8571
v 1921.0000 2197.8571 972.8571
v 1921.0000 2197.8571 970.0000
v 1921.0000 2199.2857 968.5714
v 1921.0000 2199.2857 950.0000
v 1921.0000 2197.8571 948.5714
v 1921.0000 2197.8571 945.7143
v 1921.0000 2192.8571 940.7143
v 1921.0000 2185.7143 939.2857
v 1921.0000 2179.2857 932.8571
v 1921.0000 2177.8571 925.7143
v 1921.0000 2172.8571 920.7143
v 1921.0000 2170.0000 920.7143
v 1921.0000 2168.5714 919.2857
v 1924.0000 2165.7143 1020.7143
v 1924.0000 2160.7143 1025.7143
v 1924.0000 2160.7143 1028.5714
v 1924.0000 2159.2857 1030.0000
v 1924.0000 2159.2857 1048.5714
v 1924.0000 2160.7143 1050.0000
v 1924.0000 2160.7143 1052.8571
v 1924.0000 2165.7143 1057.8571
v 1924.0000 2172.8571 1059.2857
v 1924.0000 2177.8571 1064.2857
v 1924.0000 2177.8571 1067.1429
v 1924.0000 2179.2857 1068.5714
v 1924.0000 2177.8571 1070.0000
v 1924.0000 2177.8571 1072.8571
v 1924.0000 2172.8571 1077.8571
v 1924.0000 2170.0000 1077.8571
v 1924.0000 2168.5714 1079.2857
v 1924.0000 2130.0000 1079.2857
v 1924.0000 2128.5714 1080.7143
v 1924.0000 2125.7143 1080.7143
v 1924.0000 2120.7143 1085.7143
v 1924.0000 2117.8571 1097.1429
v 1924.0000 2110.7143 1104.2857
v 1924.0000 2109.2857 1110.0000
v 1924.0000 2110.7143 1111.4286
v 1924.0000 2110.7143 1114.2857
v 1924.0000 2120.7143 1124.2857
v 1924.0000 2120.7143 1127.1429
v 1924.0000 2122.1429 1128.5714
v 1924.0000 2120.7143 1130.0000
v 1924.0000 2120.7143 1132.8571
v 1924.0000 2115.7143 1137.8571
v 1924.0000 2112.8571 1137.8571
v 1924.0000 2111.4286 1139.2857
v 1924.0000 2090.0000 1139.2857
v 1924.0000 2088.5714 1140.7143
v 1924.0000 2085.7143 1140.7143
v 1924.0000 2080.7143 1145.7143
v 1924.0000 2080.7143 1148.5714
v 1924.0000 2079.2857 1150.0000
v 1924.0000 2079.2857 1168.5714
v 1924.0000 2080.7143 1170.0000
v 1924.0000 2080.7143 1172.8571
v 1924.0000 2085.7143 1177.8571
v 1924.0000 2088.5714 1177.8571
v 1924.0000 2090.0000 1179.2857
v 1924.0000 2108.5714 1179.2857
v 1924.0000 2110.0000 1177.8571
v 1924.0000 2112.8571 1177.8571
v 1924.0000 2117.8571 1172.8571
v 1924.0000 2119.2857 1165.7143
v 1924.0000 2125.7143 1159.2857
v 1924.0000 2132.8571 1157.8571
v 1924.0000 2137.8571 1152.8571
v 1924.0000 2137.8571 1150.0000
v 1924.0000 2139.2857 1148.5714
v 1924.0000 2139.2857 1140.0000
v 1924.0000 2135.0000 1130.0000
v 1924.0000 2136.4286 1128.5714
v 1924.0000 2136.4286 1125.7143
v 1924.0000 2141.4286 1120.7143
v 1924.0000 2144.2857 1120.7143
v 1924.0000 2145.7143 1119.2857
v 1924.0000 2154.2857 1120.7143
v 1924.0000 2159.2857 1125.7143
v 1924.0000 2160.7143 1132.8571
v 1924.0000 2165.7143 1137.8571
v 1924.0000 2177.1429 1140.7143
v 1924.0000 2184.2857 1147.8571
v 1924.0000 2187.1429 1147.8571
v 1924.0000 2188.5714 1149.2857
v 1924.0000 2190.0000 1147.8571
v 1924.0000 2192.8571 1147.8571
v 1924.0000 2197.8571 1142.8571
v 1924.0000 2197.8571 1140.0000
v 1924.0000 2199.2857 1138.5714
v 1924.0000 2199.2857 1080.0000
v 1924.0000 2195.0000 1068.5714
v 1924.0000 2199.2857 1058.5714
v 1924.0000 2199.2857 1030.0000
v 1924.0000 2197.8571 1028.5714
v 1924.0000 2197.8571 1025.7143
v 1924.0000 2192.8571 1020.7143
v 1924.0000 2190.0000 1020.7143
v 1924.0000 2188.5714 1019.2857
v 1921.0000 2165.7143 1020.7143
v 1921.0000 2160.7143 1025.7143
v 1921.0000 2160.7143 1028.5714
v 1921.0000 2159.2857 1030.0000
v 1921.0000 2159.2857 1048.5714
v 1921.0000 2160.7143 1050.0000
v 1921.0000 2160.7143 1052.8571
v 1921.0000 2165.7143 1057.8571
v 1921.0000 2172.8571 1059.2857
v 1921.0000 2177.8571 1064.2857
v 1921.0000 2177.8571 1067.1429
v 1921.0000 2179.2857 1068.5714
v 1921.0000 2177.8571 1070.0000
v 1921.0000 2177.8571 1072.8571
v 1921.0000 2172.8571 1077.8571
v 1921.0000 2170.0000 1077.8571
v 1921.0000 2168.5714 1079.2857
v 1921.0000 2130.0000 1079.2857
v 1921.0000 2128.5714 1080.7143
v 1921.0000 2125.7143 1080.7143
v 1921.0000 2120.7143 1085.7143
v 1921.0000 2117.8571 1097.1429
v 1921.0000 2110.7143 1104.2857
v 1921.0000 2109.2857 1110.0000
v 1921.0000 2110.7143 1111.4286
v 1921.0000 2110.7143 1114.2857
v 1921.0000 2120.7143 1124.2857
v 1921.0000 2120.7143 1127.1429
v 1921.0000 2122.1429 1128.5714
v 1921.0000 2120.7143 1130.0000
v 1921.0000 2120.7143 1132.8571
v 1921.0000 2115.7143 1137.8571
v 1921.0000 2112.8571 1137.8571
v 1921.0000 2111.4286 1139.2857
v 1921.0000 2090.0000 1139.2857
v 1921.0000 2088.5714 1140.7143
v 1921.0000 2085.7143 1140.7143
v 1921.0000 2080.7143 1145.7143
v 1921.0000 2080.7143 1148.5714
v 1921.0000 2079.2857 1150.0000
v 1921.0000 2079.2857 1168.5714
v 1921.0000 2080.7143 1170.0000
v 1921.0000 2080.7143 1172.8571
v 1921.0000 2085.7143 1177.8571
v 1921.0000 2088.5714 1177.8571
v 1921.0000 2090.0000 1179.2857
v 1921.0000 2108.5714 1179.2857
v 1921.0000 2110.0000 1177.8571
v 1921.0000 2112.8571 1177.8571
v 1921.0000 2117.8571 1172.8571
v 1921.0000 2119.2857 1165.7143
v 1921.0000 2125.7143 1159.2857
v 1921.0000 2132.8571 1157.8571
v 1921.0000 2137.8571 1152.8571
v 1921.0000 2137.8571 1150.0000
v 1921.0000 2139.2857 1148.5714
v 1921.0000 2139.2857 1140.0000
v 1921.0000 2135.0000 1130.0000
v 1921.0000 2136.4286 1128.5714
v 1921.0000 2136.4286 1125.7143
v 1921.0000 2141.4286 1120.7143
v 1921.0000 2144.2857 1120.7143
v 1921.0000 2145.7143 1119.2857
v 1921.0000 2154.2857 1120.7143
v 1921.0000 2159.2857 1125.7143
v 1921.0000 2160.7143 1132.8571
v 1921.0000 2165.7143 1137.8571
v 1921.0000 2177.1429 1140.7143
v 1921.0000 2184.2857 1147.8571
v 1921.0000 2187.1429 1147.8571
v 1921.0000 2188.5714 1149.2857
v 1921.0000 2190.0000 1147.8571
v 1921.0000 2192.8571 1147.8571
v 1921.0000 2197.8571 1142.8571
v 1921.0000 2197.8571 1140.0000
v 1921.0000 2199.2857 1138.5714
v 1921.0000 2199.2857 1080.0000
v 1921.0000 2195.0000 1068.5714
v 1921.0000 2199.2857 1058.5714
v 1921.0000 2199.2857 1030.0000
v 1921.0000 2197.8571 1028.5714
v 1921.0000 2197.8571 1025.7143
v 1921.0000 2192.8571 1020.7143
v 1921.0000 2190.0000 1020.7143
v 1921.0000 2188.5714 1019.2857
v 1924.0000 2165.7143 1020.7143
v 1924.0000 2160.7143 1025.7143
v 1924.0000 2160.7143 1028.5714
v 1924.0000 2159.2857 1030.0000
v 1924.0000 2159.2857 1048.5714
v 1924.0000 2160.7143 1050.0000
v 1924.0000 2160.7143 1052.8571
v 1924.0000 2165.7143 1057.8571
v 1924.0000 2172.8571 1059.2857
v 1924.0000 2177.8571 1064.2857
v 1924.0000 2177.8571 1067.1429
v 1924.0000 2179.2857 1068.5714
v 1924.0000 2177.8571 1070.0000
v 1924.0000 2177.8571 1072.8571
v 1924.0000 2172.8571 1077.8571
v 1924.0000 2170.0000 1077.8571
v 1924.0000 2168.5714 1079.2857
v 1924.0000 2130.0000 1079.2857
v 1924.0000 2128.5714 1080.7143
v 1924.0000 2125.7143 1080.7143
v 1924.0000 2120.7143 1085.7143
v 1924.0000 2117.8571 1097.1429
v 1924.0000 2110.7143 1104.2857
v 1924.0000 2109.2857 1110.0000
v 1924.0000 2110.7143 1111.4286
v 1924.0000 2110.7143 1114.2857
v 1924.0000 2120.7143 1124.2857
v 1924.0000 2120.7143 1127.1429
v 1924.0000 2122.1429 1128.5714
v 1924.0000 2120.7143 1130.0000
v 1924.0000 2120.7143 1132.8571
v 1924.0000 2115.7143 1137.8571
v 1924.0000 2112.8571 1137.8571
v 1924.0000 2111.4286 1139.2857
v 1924.0000 2090.0000 1139.2857
v 1924.0000 2088.5714 1140.7143
v 1924.0000 2085.7143 1140.7143
v 1924.0000 2080.7143 1145.7143
v 1924.0000 2080.7143 1148.5714
v 1924.0000 2079.2857 1150.0000
v 1924.0000 2079.2857 1168.5714
v 1924.0000 2080.7143 1170.0000
v 1924.0000 2080.7143 1172.8571
v 1924.0000 2085.7143 1177.8571
v 1924.0000 2088.5714 1177.8571
v 1924.0000 2090.0000 1179.2857
v 1924.0000 2108.5714 1179.2857
v 1924.0000 2110.0000 1177.8571
v 1924.0000 2112.8571 1177.8571
v 1924.0000 2117.8571 1172.8571
v 1924.0000 2119.2857 1165.7143
v 1924.0000 2125.7143 1159.2857
v 1924.0000 2132.8571 1157.8571
v 1924.0000 2137.8571 1152.8571
v 1924.0000 2137.8571 1150.0000
v 1924.0000 2139.2857 1148.5714
v 1924.0000 2139.2857 1140.0000
v 1924.0000 2135.0000 1130.0000
v 1924.0000 2136.4286 1128.5714
v 1924.0000 2136.4286 1125.7143
v 1924.0000 2141.4286 1120.7143
v 1924.0000 2144.2857 1120.7143
v 1924.0000 2145.7143 1119.2857
v 1924.0000 2154.2857 1120.7143
v 1924.0000 2159.2857 1125.7143
v 1924.0000 2160.7143 1132.8571
v 1924.0000 2165.7143 1137.8571
v 1924.0000 2177.1429 1140.7143
v 1924.0000 2184.2857 1147.8571
v 1924.0000 2187.1429 1147.8571
v 1924.0000 2188.5714 1149.2857
v 1924.0000 2190.0000 1147.8571
v 1924.0000 2192.8571 1147.8571
v 1924.0000 2197.8571 1142.8571
v 1924.0000 2197.8571 1140.0000
v 1924.0000 2199.2857 1138.5714
v 1924.0000 2199.2857 1080.0000
v 1924.0000 2195.0000 1068.5714
v 1924.0000 2199.2857 1058.5714
v 1924.0000 2199.2857 1030.0000
v 1924.0000 2197.8571 1028.5714
v 1924.0000 2197.8571 1025.7143
v 1924.0000 2192.8571 1020.7143
v 1924.0000 2190.0000 1020.7143
v 1924.0000 2188.5714 1019.2857
v 1921.0000 2165.7143 1020.7143
v 1921.0000 2160.7143 1025.7143
v 1921.0000 2160.7143 1028.5714
v 1921.0000 2159.2857 1030.0000
v 1921.0000 2159.2857 1048.5714
v 1921.0000 2160.7143 1050.0000
v 1921.0000 2160.7143 1052.8571
v 1921.0000 2165.7143 1057.8571
v 1921.0000 2172.8571 1059.2857
v 1921.0000 2177.8571 1064.2857
v 1921.0000 2177.8571 1067.1429
v 1921.0000 2179.2857 1068.5714
v 1921.0000 2177.8571 1070.0000
v 1921.0000 2177.8571 1072.8571
v 1921.0000 2172.8571 1077.8571
v 1921.0000 2170.0000 1077.8571
v 1921.0000 2168.5714 1079.2857
v 1921.0000 2130.0000 1079.2857
v 1921.0000 2128.5714 1080.7143
v 1921.0000 2125.7143 1080.7143
v 1921.0000 2120.7143 1085.7143
v 1921.0000 2117.8571 1097.1429
v 1921.0000 2110.7143 1104.2857
v 1921.0000 2109.2857 1110.0000
v 1921.0000 2110.7143 1111.4286
v 1921.0000 2110.7143 1114.2857
v 1921.0000 2120.7143 1124.2857
v 1921.0000 2120.7143 1127.1429
v 1921.0000 2122.1429 1128.5714
v 1921.0000 2120.7143 1130.0000
v 1921.0000 2120.7143 1132.8571
v 1921.0000 2115.7143 1137.8571
v 1921.0000 2112.8571 1137.8571
v 1921.0000 2111.4286 1139.2857
v 1921.0000 2090.0000 1139.2857
v 1921.0000 2088.5714 1140.7143
v 1921.0000 2085.7143 1140.7143
v 1921.0000 2080.7143 1145.7143
v 1921.0000 2080.7143 1148.5714
v 1921.0000 2079.2857 1150.0000
v 1921.0000 2079.2857 1168.5714
v 1921.0000 2080.7143 1170.0000
v 1921.0000 2080.7143 1172.8571
v 1921.0000 2085.7143 1177.8571
v 1921.0000 2088.5714 1177.8571
v 1921.0000 2090.0000 1179.2857
v 1921.0000 2108.5714 1179.2857
v 1921.0000 2110.0000 1177.8571
v 1921.0000 2112.8571 1177.8571
v 1921.0000 2117.8571 1172.8571
v 1921.0000 2119.2857 1165.7143
v 1921.0000 2125.7143 1159.2857
v 1921.0000 2132.8571 1157.8571
v 1921.0000 2137.8571 1152.8571
v 1921.0000 2137.8571 1150.0000
v 1921.0000 2139.2857 1148.5714
v 1921.0000 2139.2857 1140.0000
v 1921.0000 2135.0000 1130.0000
v 1921.0000 2136.4286 1128.5714
v 1921.0000 2136.4286 1125.7143
v 1921.0000 2141.4286 1120.7143
v 1921.0000 2144.2857 1120.7143
v 1921.0000 2145.7143 1119.2857
v 1921.0000 2154.2857 1120.7143
v 1921.0000 2159.2857 1125.7143
v 1921.0000 2160.7143 1132.8571
v 1921.0000 2165.7143 1137.8571
v 1921.0000 2177.1429 1140.7143
v 1921.0000 2184.2857 1147.8571
v 1921.0000 2187.1429 1147.8571
v 1921.0000 2188.5714 1149.2857
v 1921.0000 2190.0000 1147.8571
v 1921.0000 2192.8571 1147.8571
v 1921.0000 2197.8571 1142.8571
v 1921.0000 2197.8571 1140.0000
v 1921.0000 2199.2857 1138.5714
v 1921.0000 2199.2857 1080.0000
v 1921.0000 2195.0000 1068.5714
v 1921.0000 2199.2857 1058.5714
v 1921.0000 2199.2857 1030.0000
v 1921.0000 2197.8571 1028.5714
v 1921.0000 2197.8571 1025.7143
v 1921.0000 2192.8571 1020.7143
v 1921.0000 2190.0000 1020.7143
v 1921.0000 2188.5714 1019.2857
v 1924.0000 1709.2857 920.0000
v 1924.0000 1709.2857 958.5714
v 1924.0000 1712.8571 959.2857
v 1924.0000 1719.2857 965.7143
v 1924.0000 1720.7143 972.8571
v 1924.0000 1725.7143 977.8571
v 1924.0000 1737.1429 980.7143
v 1924.0000 1744.2857 987.8571
v 1924.0000 1747.1429 987.8571
v 1924.0000 1748.5714 989.2857
v 1924.0000 1750.0000 987.8571
v 1924.0000 1752.8571 987.8571
v 1924.0000 1757.8571 982.8571
v 1924.0000 1757.8571 980.0000
v 1924.0000 1759.2857 978.5714
v 1924.0000 1759.2857 968.5714
v 1924.0000 1760.7143 967.1429
v 1924.0000 1760.7143 964.2857
v 1924.0000 1765.7143 959.2857
v 1924.0000 1772.8571 957.8571
v 1924.0000 1777.8571 952.8571
v 1924.0000 1777.8571 950.0000
v 1924.0000 1779.2857 948.5714
v 1924.0000 1779.2857 930.0000
v 1924.0000 1777.8571 928.5714
v 1924.0000 1777.8571 925.7143
v 1924.0000 1772.8571 920.7143
v 1924.0000 1770.0000 920.7143
v 1924.0000 1768.5714 919.2857
v 1921.0000 1709.2857 920.0000
v 1921.0000 1709.2857 958.5714
v 1921.0000 1712.8571 959.2857
v 1921.0000 1719.2857 965.7143
v 1921.0000 1720.7143 972.8571
v 1921.0000 1725.7143 977.8571
v 1921.0000 1737.1429 980.7143
v 1921.0000 1744.2857 987.8571
v 1921.0000 1747.1429 987.8571
v 1921.0000 1748.5714 989.2857
v 1921.0000 1750.0000 987.8571
v 1921.0000 1752.8571 987.8571
v 1921.0000 1757.8571 982.8571
v 1921.0000 1757.8571 980.0000
v 1921.0000 1759.2857 978.5714
v 1921.0000 1759.2857 968.5714
v 1921.0000 1760.7143 967.1429
v 1921.0000 1760.7143 964.2857
v 1921.0000 1765.7143 959.2857
v 1921.0000 1772.8571 957.8571
v 1921.0000 1777.8571 952.8571
v 1921.0000 1777.8571 950.0000
v 1921.0000 1779.2857 948.5714
v 1921.0000 1779.2857 930.0000
v 1921.0000 1777.8571 928.5714
v 1921.0000 1777.8571 925.7143
v 1921.0000 1772.8571 920.7143
v 1921.0000 1770.0000 920.7143
v 1921.0000 1768.5714 919.2857
v 1924.0000 1709.2857 920.0000
v 1924.0000 1709.2857 958.5714
v 1924.0000 1712.8571 959.2857
v 1924.0000 1719.2857 965.7143
v 1924.0000 1720.7143 972.8571
v 1924.0000 1725.7143 977.8571
v 1924.0000 1737.1429 980.7143
v 1924.0000 1744.2857 987.8571
v 1924.0000 1747.1429 987.8571
v 1924.0000 1748.5714 989.2857
v 1924.0000 1750.0000 987.8571
v 1924.0000 1752.8571 987.8571
v 1924.0000 1757.8571 982.8571
v 1924.0000 1757.8571 980.0000
v 1924.0000 1759.2857 978.5714
v 1924.0000 1759.2857 968.5714
v 1924.0000 1760.7143 967.1429
v 1924.0000 1760.7143 964.2857
v 1924.0000 1765.7143 959.2857
v 1924.0000 1772.8571 957.8571
v 1924.0000 1777.8571 952.8571
v 1924.0000 1777.8571 950.0000
v 1924.0000 1779.2857 948.5714
v 1924.0000 1779.2857 930.0000
v 1924.0000 1777.8571 928.5714
v 1924.0000 1777.8571 925.7143
v 1924.0000 1772.8571 920.7143
v 1924.0000 1770.0000 920.7143
v 1924.0000 1768.5714 919.2857
v 1921.0000 1709.2857 920.0000
v 1921.0000 1709.2857 958.5714
v 1921.0000 1712.8571 959.2857
v 1921.0000 1719.2857 965.7143
v 1921.0000 1720.7143 972.8571
v 1921.0000 1725.7143 977.8571
v 1921.0000 1737.1429 980.7143
v 1921.0000 1744.2857 987.8571
v 1921.0000 1747.1429 987.8571
v 1921.0000 1748.5714 989.2857
v 1921.0000 1750.0000 987.8571
v 1921.0000 1752.8571 987.8571
v 1921.0000 1757.8571 982.8571
v 1921.0000 1757.8571 980.0000
v 1921.0000 1759.2857 978.5714
v 1921.0000 1759.2857 968.5714
v 1921.0000 1760.7143 967.1429
v 1921.0000 1760.7143 964.2857
v 1921.0000 1765.7143 959.2857
v 1921.0000 1772.8571 957.8571
v 1921.0000 1777.8571 952.8571
v 1921.0000 1777.8571 950.0000
v 1921.0000 1779.2857 948.5714
v 1921.0000 1779.2857 930.0000
v 1921.0000 1777.8571 928.5714
v 1921.0000 1777.8571 925.7143
v 1921.0000 1772.8571 920.7143
v 1921.0000 1770.0000 920.7143
v 1921.0000 1768.5714 919.2857
v 1921.0000 1980.7143 925.7143
v 1921.0000 1980.7143 928.5714
v 1921.0000 1979.2857 930.0000
v 1921.0000 1979.2857 948.5714
v 1921.0000 1980.7143 950.0000
v 1921.0000 1980.7143 952.8571
v 1921.0000 1985.7143 957.8571
v 1921.0000 1988.5714 957.8571
v 1921.0000 1990.0000 959.2857
v 1921.0000 2008.5714 959.2857
v 1921.0000 2010.0000 960.7143
v 1921.0000 2012.8571 960.7143
v 1921.0000 2017.8571 965.7143
v 1921.0000 2017.8571 968.5714
v 1921.0000 2019.2857 970.0000
v 1921.0000 2019.2857 988.5714
v 1921.0000 2020.7143 990.0000
v 1921.0000 2020.7143 992.8571
v 1921.0000 2025.7143 997.8571
v 1921.0000 2028.5714 997.8571
v 1921.0000 2030.0000 999.2857
v 1921.0000 2088.5714 999.2857
v 1921.0000 2090.0000 997.8571
v 1921.0000 2092.8571 997.8571
v 1921.0000 2097.8571 992.8571
v 1921.0000 2099.2857 985.7143
v 1921.0000 2104.2857 980.7143
v 1921.0000 2107.1429 980.7143
v 1921.0000 2108.5714 979.2857
v 1921.0000 2188.5714 979.2857
v 1921.0000 2190.0000 977.8571
v 1921.0000 2192.8571 977.8571
v 1921.0000 2197.8571 972.8571
v 1921.0000 2197.8571 970.0000
v 1921.0000 2199.2857 968.5714
v 1921.0000 2199.2857 950.0000
v 1921.0000 2197.8571 948.5714
v 1921.0000 2197.8571 945.7143
v 1921.0000 2192.8571 940.7143
v 1921.0000 2190.0000 940.7143
v 1921.0000 2188.5714 939.2857
v 1921.0000 2148.5714 939.2857
v 1921.0000 2147.1429 937.8571
v 1921.0000 2144.2857 937.8571
v 1921.0000 2139.2857 932.8571
v 1921.0000 2137.8571 925.7143
v 1921.0000 2132.8571 920.7143
v 1921.0000 2130.0000 920.7143
v 1921.0000 2128.5714 919.2857
v 1921.0000 1985.7143 920.7143
v 1918.0000 1980.7143 925.7143
v 1918.0000 1980.7143 928.5714
v 1918.0000 1979.2857 930.0000
v 1918.0000 1979.2857 948.5714
v 1918.0000 1980.7143 950.0000
v 1918.0000 1980.7143 952.8571
v 1918.0000 1985.7143 957.8571
v 1918.0000 1988.5714 957.8571
v 1918.0000 1990.0000 959.2857
v 1918.0000 2008.5714 959.2857
v 1918.0000 2010.0000 960.7143
v 1918.0000 2012.8571 960.7143
v 1918.0000 2017.8571 965.7143
v 1918.0000 2017.8571 968.5714
v 1918.0000 2019.2857 970.0000
v 1918.0000 2019.2857 988.5714
v 1918.0000 2020.7143 990.0000
v 1918.0000 2020.7143 992.8571
v 1918.0000 2025.7143 997.8571
v 1918.0000 2028.5714 997.8571
v 1918.0000 2030.0000 999.2857
v 1918.0000 2088.5714 999.2857
v 1918.0000 2090.0000 997.8571
v 1918.0000 2092.8571 997.8571
v 1918.0000 2097.8571 992.8571
v 1918.0000 2099.2857 985.7143
v 1918.0000 2104.2857 980.7143
v 1918.0000 2107.1429 980.7143
v 1918.0000 2108.5714 979.2857
v 1918.0000 2188.5714 979.2857
v 1918.0000 2190.0000 977.8571
v 1918.0000 2192.8571 977.8571
v 1918.0000 2197.8571 972.8571
v 1918.0000 2197.8571 970.0000
v 1918.0000 2199.2857 968.5714
v 1918.0000 2199.2857 950.0000
v 1918.0000 2197.8571 948.5714
v 1918.0000 2197.8571 945.7143
v 1918.0000 2192.8571 940.7143
v 1918.0000 2190.0000 940.7143
v 1918.0000 2188.5714 939.2857
v 1918.0000 2148.5714 939.2857
v 1918.0000 2147.1429 937.8571
v 1918.0000 2144.2857 937.8571
v 1918.0000 2139.2857 932.8571
v 1918.0000 2137.8571 925.7143
v 1918.0000 2132.8571 920.7143
v 1918.0000 2130.0000 920.7143
v 1918.0000 2128.5714 919.2857
v 1918.0000 1985.7143 920.7143
v 1921.0000 1980.7143 925.7143
v 1921.0000 1980.7143 928.5714
v 1921.0000 1979.2857 930.0000
v 1921.0000 1979.2857 948.5714
v 1921.0000 1980.7143 950.0000
v 1921.0000 1980.7143 952.8571
v 1921.0000 1985.7143 957.8571
v 1921.0000 1988.5714 957.8571
v 1921.0000 1990.0000 959.2857
v 1921.0000 2008.5714 959.2857
v 1921.0000 2010.0000 960.7143
v 1921.0000 2012.8571 960.7143
v 1921.0000 2017.8571 965.7143
v 1921.0000 2017.8571 968.5714
v 1921.0000 2019.2857 970.0000
v 1921.0000 2019.2857 988.5714
v 1921.0000 2020.7143 990.0000
v 1921.0000 2020.7143 992.8571
v 1921.0000 2025.7143 997.8571
v 1921.0000 2028.5714 997.8571
v 1921.0000 2030.0000 999.2857
v 1921.0000 2088.5714 999.2857
v 1921.0000 2090.0000 997.8571
v 1921.0000 2092.8571 997.8571
v 1921.0000 2097.8571 992.8571
v 1921.0000 2099.2857 985.7143
v 1921.0000 2104.2857 980.7143
v 1921.0000 2107.1429 980.7143
v 1921.0000 2108.5714 979.2857
v 1921.0000 2188.5714 979.2857
v 1921.0000 2190.0000 977.8571
v 1921.0000 2192.8571 977.8571
v 1921.0000 2197.8571 972.8571
v 1921.0000 2197.8571 970.0000
v 1921.0000 2199.2857 968.5714
v 1921.0000 2199.2857 950.0000
v 1921.0000 2197.8571 948.5714
v 1921.0000 2197.8571 945.7143
v 1921.0000 2192.8571 940.7143
v 1921.0000 2190.0000 940.7143
v 1921.0000 2188.5714 939.2857
v 1921.0000 2148.5714 939.2857
v 1921.0000 2147.1429 937.8571
v 1921.0000 2144.2857 937.8571
v 1921.0000 2139.2857 932.8571
v 1921.0000 2137.8571 925.7143
v 1921.0000 2132.8571 920.7143
v 1921.0000 2130.0000 920.7143
v 1921.0000 2128.5714 919.2857
v 1921.0000 1985.7143 920.7143
v 1918.0000 1980.7143 925.7143
v 1918.0000 1980.7143 928.5714
v 1918.0000 1979.2857 930.0000
v 1918.0000 1979.2857 948.5714
v 1918.0000 1980.7143 950.0000
v 1918.0000 1980.7143 952.8571
v 1918.0000 1985.7143 957.8571
v 1918.0000 1988.5714 957.8571
v 1918.0000 1990.0000 959.2857
v 1918.0000 2008.5714 959.2857
v 1918.0000 2010.0000 960.7143
v 1918.0000 2012.8571 960.7143
v 1918.0000 2017.8571 965.7143
v 1918.0000 2017.8571 968.5714
v 1918.0000 2019.2857 970.0000
v 1918.0000 2019.2857 988.5714
v 1918.0000 2020.7143 990.0000
v 1918.0000 2020.7143 992.8571
v 1918.0000 2025.7143 997.8571
v 1918.0000 2028.5714 997.8571
v 1918.0000 2030.0000 999.2857
v 1918.0000 2088.5714 999.2857
v 1918.0000 2090.0000 997.8571
v 1918.0000 2092.8571 997.8571
v 1918.0000 2097.8571 992.8571
v 1918.0000 2099.2857 985.7143
v 1918.0000 2104.2857 980.7143
v 1918.0000 2107.1429 980.7143
v 1918.0000 2108.5714 979.2857
v 1918.0000 2188.5714 979.2857
v 1918.0000 2190.0000 977.8571
v 1918.0000 2192.8571 977.8571
v 1918.0000 2197.8571 972.8571
v 1918.0000 2197.8571 970.0000
v 1918.0000 2199.2857 968.5714
v 1918.0000 2199.2857 950.0000
v 1918.0000 2197.8571 948.5714
v 1918.0000 2197.8571 945.7143
v 1918.0000 2192.8571 940.7143
v 1918.0000 2190.0000 940.7143
v 1918.0000 2188.5714 939.2857
v 1918.0000 2148.5714 939.2857
v 1918.0000 2147.1429 937.8571
v 1918.0000 2144.2857 937.8571
v 1918.0000 2139.2857 932.8571
v 1918.0000 2137.8571 925.7143
v 1918.0000 2132.8571 920.7143
v 1918.0000 2130.0000 920.7143
v 1918.0000 2128.5714 919.2857
v 1918.0000 1985.7143 920.7143
v 1921.0000 2160.7143 1085.7143
v 1921.0000 2160.7143 1088.5714
v 1921.0000 2159.2857 1090.0000
v 1921.0000 2159.2857 1108.5714
v 1921.0000 2160.7143 1110.0000
v 1921.0000 2160.7143 1112.8571
v 1921.0000 2165.7143 1117.8571
v 1921.0000 2177.1429 1120.7143
v 1921.0000 2184.2857 1127.8571
v 1921.0000 2187.1429 1127.8571
v 1921.0000 2188.5714 1129.2857
v 1921.0000 2190.0000 1127.8571
v 1921.0000 2192.8571 1127.8571
v 1921.0000 2197.8571 1122.8571
v 1921.0000 2197.8571 1120.0000
v 1921.0000 2199.2857 1118.5714
v 1921.0000 2199.2857 1090.0000
v 1921.0000 2197.8571 1088.5714
v 1921.0000 2197.8571 1085.7143
v 1921.0000 2192.8571 1080.7143
v 1921.0000 2190.0000 1080.7143
v 1921.0000 2188.5714 1079.2857
v 1921.0000 2165.7143 1080.7143
v 1918.0000 2160.7143 1085.7143
v 1918.0000 2160.7143 1088.5714
v 1918.0000 2159.2857 1090.0000
v 1918.0000 2159.2857 1108.5714
v 1918.0000 2160.7143 1110.0000
v 1918.0000 2160.7143 1112.8571
v 1918.0000 2165.7143 1117.8571
v 1918.0000 2177.1429 1120.7143
v 1918.0000 2184.2857 1127.8571
v 1918.0000 2187.1429 1127.8571
v 1918.0000 2188.5714 1129.2857
v 1918.0000 2190.0000 1127.8571
v 1918.0000 2192.8571 1127.8571
v 1918.0000 2197.8571 1122.8571
v 1918.0000 2197.8571 1120.0000
v 1918.0000 2199.2857 1118.5714
v 1918.0000 2199.2857 1090.0000
v 1918.0000 2197.8571 1088.5714
v 1918.0000 2197.8571 1085.7143
v 1918.0000 2192.8571 1080.7143
v 1918.0000 2190.0000 1080.7143
v 1918.0000 2188.5714 1079.2857
v 1918.0000 2165.7143 1080.7143
v 1921.0000 2160.7143 1085.7143
v 1921.0000 2160.7143 1088.5714
v 1921.0000 2159.2857 1090.0000
v 1921.0000 2159.2857 1108.5714
v 1921.0000 2160.7143 1110.0000
v 1921.0000 2160.7143 1112.8571
v 1921.0000 2165.7143 1117.8571
v 1921.0000 2177.1429 1120.7143
v 1921.0000 2184.2857 1127.8571
v 1921.0000 2187.1429 1127.8571
v 1921.0000 2188.5714 1129.2857
v 1921.0000 2190.0000 1127.8571
v 1921.0000 2192.8571 1127.8571
v 1921.0000 2197.8571 1122.8571
v 1921.0000 2197.8571 1120.0000
v 1921.0000 2199.2857 1118.5714
v 1921.0000 2199.2857 1090.0000
v 1921.0000 2197.8571 1088.5714
v 1921.0000 2197.8571 1085.7143
v 1921.0000 2192.8571 1080.7143
v 1921.0000 2190.0000 1080.7143
v 1921.0000 2188.5714 1079.2857
v 1921.0000 2165.7143 1080.7143
v 1918.0000 2160.7143 1085.7143
v 1918.0000 2160.7143 1088.5714
v 1918.0000 2159.2857 1090.0000
v 1918.0000 2159.2857 1108.5714
v 1918.0000 2160.7143 1110.0000
v 1918.0000 2160.7143 1112.8571
v 1918.0000 2165.7143 1117.8571
v 1918.0000 2177.1429 1120.7143
v 1918.0000 2184.2857 1127.8571
v 1918.0000 2187.1429 1127.8571
v 1918.0000 2188.5714 1129.2857
v 1918.0000 2190.0000 1127.8571
v 1918.0000 2192.8571 1127.8571
v 1918.0000 2197.8571 1122.8571
v 1918.0000 2197.8571 1120.0000
v 1918.0000 2199.2857 1118.5714
v 1918.0000 2199.2857 1090.0000
v 1918.0000 2197.8571 1088.5714
v 1918.0000 2197.8571 1085.7143
v 1918.0000 2192.8571 1080.7143
v 1918.0000 2190.0000 1080.7143
v 1918.0000 2188.5714 1079.2857
v 1918.0000 2165.7143 1080.7143
v 1921.0000 2110.7143 1105.7143
v 1921.0000 2110.7143 1108.5714
v 1921.0000 2109.2857 1110.0000
v 1921.0000 2110.7143 1111.4286
v 1921.0000 2110.7143 1114.2857
v 1921.0000 2120.7143 1124.2857
v 1921.0000 2120.7143 1127.1429
v 1921.0000 2122.1429 1128.5714
v 1921.0000 2120.7143 1130.0000
v 1921.0000 2120.7143 1132.8571
v 1921.0000 2115.7143 1137.8571
v 1921.0000 2112.8571 1137.8571
v 1921.0000 2111.4286 1139.2857
v 1921.0000 2090.0000 1139.2857
v 1921.0000 2088.5714 1140.7143
v 1921.0000 2085.7143 1140.7143
v 1921.0000 2080.7143 1145.7143
v 1921.0000 2080.7143 1148.5714
v 1921.0000 2079.2857 1150.0000
v 1921.0000 2079.2857 1168.5714
v 1921.0000 2080.7143 1170.0000
v 1921.0000 2080.7143 1172.8571
v 1921.0000 2085.7143 1177.8571
v 1921.0000 2088.5714 1177.8571
v 1921.0000 2090.0000 1179.2857
v 1921.0000 2108.5714 1179.2857
v 1921.0000 2110.0000 1177.8571
v 1921.0000 2112.8571 1177.8571
v 1921.0000 2117.8571 1172.8571
v 1921.0000 2119.2857 1165.7143
v 1921.0000 2125.7143 1159.2857
v 1921.0000 2132.8571 1157.8571
v 1921.0000 2137.8571 1152.8571
v 1921.0000 2137.8571 1150.0000
v 1921.0000 2139.2857 1148.5714
v 1921.0000 2139.2857 1140.0000
v 1921.0000 2135.0000 1128.5714
v 1921.0000 2139.2857 1118.5714
v 1921.0000 2139.2857 1110.0000
v 1921.0000 2137.8571 1108.5714
v 1921.0000 2137.8571 1105.7143
v 1921.0000 2132.8571 1100.7143
v 1921.0000 2130.0000 1100.7143
v 1921.0000 2128.5714 1099.2857
v 1921.0000 2115.7143 1100.7143
v 1918.0000 2110.7143 1105.7143
v 1918.0000 2110.7143 1108.5714
v 1918.0000 2109.2857 1110.0000
v 1918.0000 2110.7143 1111.4286
v 1918.0000 2110.7143 1114.2857
v 1918.0000 2120.7143 1124.2857
v 1918.0000 2120.7143 1127.1429
v 1918.0000 2122.1429 1128.5714
v 1918.0000 2120.7143 1130.0000
v 1918.0000 2120.7143 1132.8571
v 1918.0000 2115.7143 1137.8571
v 1918.0000 2112.8571 1137.8571
v 1918.0000 2111.4286 1139.2857
v 1918.0000 2090.0000 1139.2857
v 1918.0000 2088.5714 1140.7143
v 1918.0000 2085.7143 1140.7143
v 1918.0000 2080.7143 1145.7143
v 1918.0000 2080.7143 1148.5714
v 1918.0000 2079.2857 1150.0000
v 1918.0000 2079.2857 1168.5714
v 1918.0000 2080.7143 1170.0000
v 1918.0000 2080.7143 1172.8571
v 1918.0000 2085.7143 1177.8571
v 1918.0000 2088.5714 1177.8571
v 1918.0000 2090.0000 1179.2857
v 1918.0000 2108.5714 1179.2857
v 1918.0000 2110.0000 1177.8571
v 1918.0000 2112.8571 1177.8571
v 1918.0000 2117.8571 1172.8571
v 1918.0000 2119.2857 1165.7143
v 1918.0000 2125.7143 1159.2857
v 1918.0000 2132.8571 1157.8571
v 1918.0000 2137.8571 1152.8571
v 1918.0000 2137.8571 1150.0000
v 1918.0000 2139.2857 1148.5714
v 1918.0000 2139.2857 1140.0000
v 1918.0000 2135.0000 1128.5714
v 1918.0000 2139.2857 1118.5714
v 1918.0000 2139.2857 1110.0000
v 1918.0000 2137.8571 1108.5714
v 1918.0000 2137.8571 1105.7143
v 1918.0000 2132.8571 1100.7143
v 1918.0000 2130.0000 1100.7143
v 1918.0000 2128.5714 1099.2857
v 1918.0000 2115.7143 1100.7143
v 1921.0000 2110.7143 1105.7143
v 1921.0000 2110.7143 1108.5714
v 1921.0000 2109.2857 1110.0000
v 1921.0000 2110.7143 1111.4286
v 1921.0000 2110.7143 1114.2857
v 1921.0000 2120.7143 1124.2857
v 1921.0000 2120.7143 1127.1429
v 1921.0000 2122.1429 1128.5714
v 1921.0000 2120.7143 1130.0000
v 1921.0000 2120.7143 1132.8571
v 1921.0000 2115.7143 1137.8571
v 1921.0000 2112.8571 1137.8571
v 1921.0000 2111.4286 1139.2857
v 1921.0000 2090.0000 1139.2857
v 1921.0000 2088.5714 1140.7143
v 1921.0000 2085.7143 1140.7143
v 1921.0000 2080.7143 1145.7143
v 1921.0000 2080.7143 1148.5714
v 1921.0000 2079.2857 1150.0000
v 1921.0000 2079.2857 1168.5714
v 1921.0000 2080.7143 1170.0000
v 1921.0000 2080.7143 1172.8571
v 1921.0000 2085.7143 1177.8571
v 1921.0000 2088.5714 1177.8571
v 1921.0000 2090.0000 1179.2857
v 1921.0000 2108.5714 1179.2857
v 1921.0000 2110.0000 1177.8571
v 1921.0000 2112.8571 1177.8571
v 1921.0000 2117.8571 1172.8571
v 1921.0000 2119.2857 1165.7143
v 1921.0000 2125.7143 1159.2857
v 1921.0000 2132.8571 1157.8571
v 1921.0000 2137.8571 1152.8571
v 1921.0000 2137.8571 1150.0000
v 1921.0000 2139.2857 1148.5714
v 1921.0000 2139.2857 1140.0000
v 1921.0000 2135.0000 1128.5714
v 1921.0000 2139.2857 1118.5714
v 1921.0000 2139.2857 1110.0000
v 1921.0000 2137.8571 1108.5714
v 1921.0000 2137.8571 1105.7143
v 1921.0000 2132.8571 1100.7143
v 1921.0000 2130.0000 1100.7143
v 1921.0000 2128.5714 1099.2857
v 1921.0000 2115.7143 1100.7143
v 1918.0000 2110.7143 1105.7143
v 1918.0000 2110.7143 1108.5714
v 1918.0000 2109.2857 1110.0000
v 1918.0000 2110.7143 1111.4286
v 1918.0000 2110.7143 1114.2857
v 1918.0000 2120.7143 1124.2857
v 1918.0000 2120.7143 1127.1429
v 1918.0000 2122.1429 1128.5714
v 1918.0000 2120.7143 1130.0000
v 1918.0000 2120.7143 1132.8571
v 1918.0000 2115.7143 1137.8571
v 1918.0000 2112.8571 1137.8571
v 1918.0000 2111.4286 1139.2857
v 1918.0000 2090.0000 1139.2857
v 1918.0000 2088.5714 1140.7143
v 1918.0000 2085.7143 1140.7143
v 1918.0000 2080.7143 1145.7143
v 1918.0000 2080.7143 1148.5714
v 1918.0000 2079.2857 1150.0000
v 1918.0000 2079.2857 1168.5714
v 1918.0000 2080.7143 1170.0000
v 1918.0000 2080.7143 1172.8571
v 1918.0000 2085.7143 1177.8571
v 1918.0000 2088.5714 1177.8571
v 1918.0000 2090.0000 1179.2857
v 1918.0000 2108.5714 1179.2857
v 1918.0000 2110.0000 1177.8571
v 1918.0000 2112.8571 1177.8571
v 1918.0000 2117.8571 1172.8571
v 1918.0000 2119.2857 1165.7143
v 1918.0000 2125.7143 1159.2857
v 1918.0000 2132.8571 1157.8571
v 1918.0000 2137.8571 1152.8571
v 1918.0000 2137.8571 1150.0000
v 1918.0000 2139.2857 1148.5714
v 1918.0000 2139.2857 1140.0000
v 1918.0000 2135.0000 1128.5714
v 1918.0000 2139.2857 1118.5714
v 1918.0000 2139.2857 1110.0000
v 1918.0000 2137.8571 1108.5714
v 1918.0000 2137.8571 1105.7143
v 1918.0000 2132.8571 1100.7143
v 1918.0000 2130.0000 1100.7143
v 1918.0000 2128.5714 1099.2857
v 1918.0000 2115.7143 1100.7143
v 1921.0000 1710.0000 959.2857
v 1921.0000 1768.5714 959.2857
v 1921.0000 1770.0000 957.8571
v 1921.0000 1772.8571 957.8571
v 1921.0000 1777.8571 952.8571
v 1921.0000 1777.8571 950.0000
v 1921.0000 1779.2857 948.5714
v 1921.0000 1779.2857 930.0000
v 1921.0000 1777.8571 928.5714
v 1921.0000 1777.8571 925.7143
v 1921.0000 1772.8571 920.7143
v 1921.0000 1770.0000 920.7143
v 1921.0000 1768.5714 919.2857
v 1921.0000 1709.2857 920.0000
v 1918.0000 1710.0000 959.2857
v 1918.0000 1768.5714 959.2857
v 1918.0000 1770.0000 957.8571
v 1918.0000 1772.8571 957.8571
v 1918.0000 1777.8571 952.8571
v 1918.0000 1777.8571 950.0000
v 1918.0000 1779.2857 948.5714
v 1918.0000 1779.2857 930.0000
v 1918.0000 1777.8571 928.5714
v 1918.0000 1777.8571 925.7143
v 1918.0000 1772.8571 920.7143
v 1918.0000 1770.0000 920.7143
v 1918.0000 1768.5714 919.2857
v 1918.0000 1709.2857 920.0000
v 1921.0000 1710.0000 959.2857
v 1921.0000 1768.5714 959.2857
v 1921.0000 1770.0000 957.8571
v 1921.0000 1772.8571 957.8571
v 1921.0000 1777.8571 952.8571
v 1921.0000 1777.8571 950.0000
v 1921.0000 1779.2857 948.5714
v 1921.0000 1779.2857 930.0000
v 1921.0000 1777.8571 928.5714
v 1921.0000 1777.8571 925.7143
v 1921.0000 1772.8571 920.7143
v 1921.0000 1770.0000 920.7143
v 1921.0000 1768.5714 919.2857
v 1921.0000 1709.2857 920.0000
v 1918.0000 1710.0000 959.2857
v 1918.0000 1768.5714 959.2857
v 1918.0000 1770.0000 957.8571
v 1918.0000 1772.8571 957.8571
v 1918.0000 1777.8571 952.8571
v 1918.0000 1777.8571 950.0000
v 1918.0000 1779.2857 948.5714
v 1918.0000 1779.2857 930.0000
v 1918.0000 1777.8571 928.5714
v 1918.0000 1777.8571 925.7143
v 1918.0000 1772.8571 920.7143
v 1918.0000 1770.0000 920.7143
v 1918.0000 1768.5714 919.2857
v 1918.0000 1709.2857 920.0000
v 1918.0000 1985.7143 920.7143
v 1918.0000 1980.7143 925.7143
v 1918.0000 1980.7143 928.5714
v 1918.0000 1979.2857 930.0000
v 1918.0000 1979.2857 998.5714
v 1918.0000 1980.7143 1000.0000
v 1918.0000 1980.7143 1002.8571
v 1918.0000 1985.7143 1007.8571
v 1918.0000 1988.5714 1007.8571
v 1918.0000 1990.0000 1009.2857
v 1918.0000 1991.4286 1007.8571
v 1918.0000 1994.2857 1007.8571
v 1918.0000 2001.4286 1000.7143
v 1918.0000 2004.2857 1000.7143
v 1918.0000 2005.7143 999.2857
v 1918.0000 2128.5714 999.2857
v 1918.0000 2130.0000 997.8571
v 1918.0000 2132.8571 997.8571
v 1918.0000 2137.8571 992.8571
v 1918.0000 2139.2857 985.7143
v 1918.0000 2144.2857 980.7143
v 1918.0000 2147.1429 980.7143
v 1918.0000 2148.5714 979.2857
v 1918.0000 2188.5714 979.2857
v 1918.0000 2190.0000 977.8571
v 1918.0000 2192.8571 977.8571
v 1918.0000 2197.8571 972.8571
v 1918.0000 2197.8571 970.0000
v 1918.0000 2199.2857 968.5714
v 1918.0000 2199.2857 950.0000
v 1918.0000 2197.8571 948.5714
v 1918.0000 2197.8571 945.7143
v 1918.0000 2192.8571 940.7143
v 1918.0000 2190.0000 940.7143
v 1918.0000 2188.5714 939.2857
v 1918.0000 2168.5714 939.2857
v 1918.0000 2167.1429 937.8571
v 1918.0000 2164.2857 937.8571
v 1918.0000 2159.2857 932.8571
v 1918.0000 2157.8571 925.7143
v 1918.0000 2152.8571 920.7143
v 1918.0000 2150.0000 920.7143
v 1918.0000 2148.5714 919.2857
v 1915.0000 1985.7143 920.7143
v 1915.0000 1980.7143 925.7143
v 1915.0000 1980.7143 928.5714
v 1915.0000 1979.2857 930.0000
v 1915.0000 1979.2857 998.5714
v 1915.0000 1980.7143 1000.0000
v 1915.0000 1980.7143 1002.8571
v 1915.0000 1985.7143 1007.8571
v 1915.0000 1988.5714 1007.8571
v 1915.0000 1990.0000 1009.2857
v 1915.0000 1991.4286 1007.8571
v 1915.0000 1994.2857 1007.8571
v 1915.0000 2001.4286 1000.7143
v 1915.0000 2004.2857 1000.7143
v 1915.0000 2005.7143 999.2857
v 1915.0000 2128.5714 999.2857
v 1915.0000 2130.0000 997.8571
v 1915.0000 2132.8571 997.8571
v 1915.0000 2137.8571 992.8571
v 1915.0000 2139.2857 985.7143
v 1915.0000 2144.2857 980.7143
v 1915.0000 2147.1429 980.7143
v 1915.0000 2148.5714 979.2857
v 1915.0000 2188.5714 979.2857
v 1915.0000 2190.0000 977.8571
v 1915.0000 2192.8571 977.8571
v 1915.0000 2197.8571 972.8571
v 1915.0000 2197.8571 970.0000
v 1915.0000 2199.2857 968.5714
v 1915.0000 2199.2857 950.0000
v 1915.0000 2197.8571 948.5714
v 1915.0000 2197.8571 945.7143
v 1915.0000 2192.8571 940.7143
v 1915.0000 2190.0000 940.7143
v 1915.0000 2188.5714 939.2857
v 1915.0000 2168.5714 939.2857
v 1915.0000 2167.1429 937.8571
v 1915.0000 2164.2857 937.8571
v 1915.0000 2159.2857 932.8571
v 1915.0000 2157.8571 925.7143
v 1915.0000 2152.8571 920.7143
v 1915.0000 2150.0000 920.7143
v 1915.0000 2148.5714 919.2857
v 1918.0000 1985.7143 920.7143
v 1918.0000 1980.7143 925.7143
v 1918.0000 1980.7143 928.5714
v 1918.0000 1979.2857 930.0000
v 1918.0000 1979.2857 998.5714
v 1918.0000 1980.7143 1000.0000
v 1918.0000 1980.7143 1002.8571
v 1918.0000 1985.7143 1007.8571
v 1918.0000 1988.5714 1007.8571
v 1918.0000 1990.0000 1009.2857
v 1918.0000 1991.4286 1007.8571
v 1918.0000 1994.2857 1007.8571
v 1918.0000 2001.4286 1000.7143
v 1918.0000 2004.2857 1000.7143
v 1918.0000 2005.7143 999.2857
v 1918.0000 2128.5714 999.2857
v 1918.0000 2130.0000 997.8571
v 1918.0000 2132.8571 997.8571
v 1918.0000 2137.8571 992.8571
v 1918.0000 2139.2857 985.7143
v 1918.0000 2144.2857 980.7143
v 1918.0000 2147.1429 980.7143
v 1918.0000 2148.5714 979.2857
v 1918.0000 2188.5714 979.2857
v 1918.0000 2190.0000 977.8571
v 1918.0000 2192.8571 977.8571
v 1918.0000 2197.8571 972.8571
v 1918.0000 2197.8571 970.0000
v 1918.0000 2199.2857 968.5714
v 1918.0000 2199.2857 950.0000
v 1918.0000 2197.8571 948.5714
v 1918.0000 2197.8571 945.7143
v 1918.0000 2192.8571 940.7143
v 1918.0000 2190.0000 940.7143
v 1918.0000 2188.5714 939.2857
v 1918.0000 2168.5714 939.2857
v 1918.0000 2167.1429 937.8571
v 1918.0000 2164.2857 937.8571
v 1918.0000 2159.2857 932.8571
v 1918.0000 2157.8571 925.7143
v 1918.0000 2152.8571 920.7143
v 1918.0000 2150.0000 920.7143
v 1918.0000 2148.5714 919.2857
v 1915.0000 1985.7143 920.7143
v 1915.0000 1980.7143 925.7143
v 1915.0000 1980.7143 928.5714
v 1915.0000 1979.2857 930.0000
v 1915.0000 1979.2857 998.5714
v 1915.0000 1980.7143 1000.0000
v 1915.0000 1980.7143 1002.8571
v 1915.0000 1985.7143 1007.8571
v 1915.0000 1988.5714 1007.8571
v 1915.0000 1990.0000 1009.2857
v 1915.0000 1991.4286 1007.8571
v 1915.0000 1994.2857 1007.8571
v 1915.0000 2001.4286 1000.7143
v 1915.0000 2004.2857 1000.7143
v 1915.0000 2005.7143 999.2857
v 1915.0000 2128.5714 999.2857
v 1915.0000 2130.0000 997.8571
v 1915.0000 2132.8571 997.8571
v 1915.0000 2137.8571 992.8571
v 1915.0000 2139.2857 985.7143
v 1915.0000 2144.2857 980.7143
v 1915.0000 2147.1429 980.7143
v 1915.0000 2148.5714 979.2857
v 1915.0000 2188.5714 979.2857
v 1915.0000 2190.0000 977.8571
v 1915.0000 2192.8571 977.8571
v 1915.0000 2197.8571 972.8571
v 1915.0000 2197.8571 970.0000
v 1915.0000 2199.2857 968.5714
v 1915.0000 2199.2857 950.0000
v 1915.0000 2197.8571 948.5714
v 1915.0000 2197.8571 945.7143
v 1915.0000 2192.8571 940.7143
v 1915.0000 2190.0000 940.7143
v 1915.0000 2188.5714 939.2857
v 1915.0000 2168.5714 939.2857
v 1915.0000 2167.1429 937.8571
v 1915.0000 2164.2857 937.8571
v 1915.0000 2159.2857 932.8571
v 1915.0000 2157.8571 925.7143
v 1915.0000 2152.8571 920.7143
v 1915.0000 2150.0000 920.7143
v 1915.0000 2148.5714 919.2857
v 1918.0000 1724.2857 910.7143
v 1918.0000 1717.1429 917.8571
v 1918.0000 1709.2857 920.0000
v 1918.0000 1710.0000 959.2857
v 1918.0000 1732.8571 959.2857
v 1918.0000 1734.2857 960.7143
v 1918.0000 1737.1429 960.7143
v 1918.0000 1744.2857 967.8571
v 1918.0000 1750.0000 969.2857
v 1918.0000 1751.4286 967.8571
v 1918.0000 1754.2857 967.8571
v 1918.0000 1761.4286 960.7143
v 1918.0000 1772.8571 957.8571
v 1918.0000 1777.8571 952.8571
v 1918.0000 1777.8571 950.0000
v 1918.0000 1779.2857 948.5714
v 1918.0000 1779.2857 920.0000
v 1918.0000 1777.8571 918.5714
v 1918.0000 1777.8571 915.7143
v 1918.0000 1772.8571 910.7143
v 1918.0000 1770.0000 910.7143
v 1918.0000 1768.5714 909.2857
v 1918.0000 1767.1429 910.7143
v 1918.0000 1764.2857 910.7143
v 1918.0000 1757.1429 917.8571
v 1918.0000 1754.2857 917.8571
v 1918.0000 1752.8571 919.2857
v 1918.0000 1745.7143 919.2857
v 1918.0000 1744.2857 917.8571
v 1918.0000 1741.4286 917.8571
v 1918.0000 1734.2857 910.7143
v 1918.0000 1731.4286 910.7143
v 1918.0000 1730.0000 909.2857
v 1915.0000 1724.2857 910.7143
v 1915.0000 1717.1429 917.8571
v 1915.0000 1709.2857 920.0000
v 1915.0000 1710.0000 959.2857
v 1915.0000 1732.8571 959.2857
v 1915.0000 1734.2857 960.7143
v 1915.0000 1737.1429 960.7143
v 1915.0000 1744.2857 967.8571
v 1915.0000 1750.0000 969.2857
v 1915.0000 1751.4286 967.8571
v 1915.0000 1754.2857 967.8571
v 1915.0000 1761.4286 960.7143
v 1915.0000 1772.8571 957.8571
v 1915.0000 1777.8571 952.8571
v 1915.0000 1777.8571 950.0000
v 1915.0000 1779.2857 948.5714
v 1915.0000 1779.2857 920.0000
v 1915.0000 1777.8571 918.5714
v 1915.0000 1777.8571 915.7143
v 1915.0000 1772.8571 910.7143
v 1915.0000 1770.0000 910.7143
v 1915.0000 1768.5714 909.2857
v 1915.0000 1767.1429 910.7143
v 1915.0000 1764.2857 910.7143
v 1915.0000 1757.1429 917.8571
v 1915.0000 1754.2857 917.8571
v 1915.0000 1752.8571 919.2857
v 1915.0000 1745.7143 919.2857
v 1915.0000 1744.2857 917.8571
v 1915.0000 1741.4286 917.8571
v 1915.0000 1734.2857 910.7143
v 1915.0000 1731.4286 910.7143
v 1915.0000 1730.0000 909.2857
v 1918.0000 1724.2857 910.7143
v 1918.0000 1717.1429 917.8571
v 1918.0000 1709.2857 920.0000
v 1918.0000 1710.0000 959.2857
v 1918.0000 1732.8571 959.2857
v 1918.0000 1734.2857 960.7143
v 1918.0000 1737.1429 960.7143
v 1918.0000 1744.2857 967.8571
v 1918.0000 1750.0000 969.2857
v 1918.0000 1751.4286 967.8571
v 1918.0000 1754.2857 967.8571
v 1918.0000 1761.4286 960.7143
v 1918.0000 1772.8571 957.8571
v 1918.0000 1777.8571 952.8571
v 1918.0000 1777.8571 950.0000
v 1918.0000 1779.2857 948.5714
v 1918.0000 1779.2857 920.0000
v 1918.0000 1777.8571 918.5714
v 1918.0000 1777.8571 915.7143
v 1918.0000 1772.8571 910.7143
v 1918.0000 1770.0000 910.7143
v 1918.0000 1768.5714 909.2857
v 1918.0000 1767.1429 910.7143
v 1918.0000 1764.2857 910.7143
v 1918.0000 1757.1429 917.8571
v 1918.0000 1754.2857 917.8571
v 1918.0000 1752.8571 919.2857
v 1918.0000 1745.7143 919.2857
v 1918.0000 1744.2857 917.8571
v 1918.0000 1741.4286 917.8571
v 1918.0000 1734.2857 910.7143
v 1918.0000 1731.4286 910.7143
v 1918.0000 1730.0000 909.2857
v 1915.0000 1724.2857 910.7143
v 1915.0000 1717.1429 917.8571
v 1915.0000 1709.2857 920.0000
v 1915.0000 1710.0000 959.2857
v 1915.0000 1732.8571 959.2857
v 1915.0000 1734.2857 960.7143
v 1915.0000 1737.1429 960.7143
v 1915.0000 1744.2857 967.8571
v 1915.0000 1750.0000 969.2857
v 1915.0000 1751.4286 967.8571
v 1915.0000 1754.2857 967.8571
v 1915.0000 1761.4286 960.7143
v 1915.0000 1772.8571 957.8571
v 1915.0000 1777.8571 952.8571
v 1915.0000 1777.8571 950.0000
v 1915.0000 1779.2857 948.5714
v 1915.0000 1779.2857 920.0000
v 1915.0000 1777.8571 918.5714
v 1915.0000 1777.8571 915.7143
v 1915.0000 1772.8571 910.7143
v 1915.0000 1770.0000 910.7143
v 1915.0000 1768.5714 909.2857
v 1915.0000 1767.1429 910.7143
v 1915.0000 1764.2857 910.7143
v 1915.0000 1757.1429 917.8571
v 1915.0000 1754.2857 917.8571
v 1915.0000 1752.8571 919.2857
v 1915.0000 1745.7143 919.2857
v 1915.0000 1744.2857 917.8571
v 1915.0000 1741.4286 917.8571
v 1915.0000 1734.2857 910.7143
v 1915.0000 1731.4286 910.7143
v 1915.0000 1730.0000 909.2857
v 2112.0000 2235.7143 940.7143
v 2112.0000 2230.7143 945.7143
v 2112.0000 2230.7143 948.5714
v 2112.0000 2229.2857 950.0000
v 2112.0000 2230.7143 951.4286
v 2112.0000 2230.7143 954.2857
v 2112.0000 2237.8571 961.4286
v 2112.0000 2237.8571 964.2857
v 2112.0000 2239.2857 965.7143
v 2112.0000 2239.2857 1058.5714
v 2112.0000 2243.5714 1070.0000
v 2112.0000 2239.2857 1080.0000
v 2112.0000 2239.2857 1088.5714
v 2112.0000 2240.7143 1090.0000
v 2112.0000 2240.7143 1092.8571
v 2112.0000 2245.7143 1097.8571
v 2112.0000 2257.1429 1100.7143
v 2112.0000 2264.2857 1107.8571
v 2112.0000 2267.1429 1107.8571
v 2112.0000 2268.5714 1109.2857
v 2112.0000 2270.0000 1107.8571
v 2112.0000 2272.8571 1107.8571
v 2112.0000 2277.8571 1102.8571
v 2112.0000 2277.8571 1100.0000
v 2112.0000 2279.2857 1098.5714
v 2112.0000 2279.2857 1090.0000
v 2112.0000 2277.8571 1088.5714
v 2112.0000 2277.8571 1085.7143
v 2112.0000 2272.8571 1080.7143
v 2112.0000 2265.7143 1079.2857
v 2112.0000 2260.7143 1074.2857
v 2112.0000 2259.2857 1068.5714
v 2112.0000 2260.7143 1067.1429
v 2112.0000 2260.7143 1064.2857
v 2112.0000 2265.7143 1059.2857
v 2112.0000 2272.8571 1057.8571
v 2112.0000 2277.8571 1052.8571
v 2112.0000 2277.8571 1050.0000
v 2112.0000 2279.2857 1048.5714
v 2112.0000 2279.2857 950.0000
v 2112.0000 2277.8571 948.5714
v 2112.0000 2277.8571 945.7143
v 2112.0000 2272.8571 940.7143
v 2112.0000 2270.0000 940.7143
v 2112.0000 2268.5714 939.2857
v 2109.0000 2235.7143 940.7143
v 2109.0000 2230.7143 945.7143
v 2109.0000 2230.7143 948.5714
v 2109.0000 2229.2857 950.0000
v 2109.0000 2230.7143 951.4286
v 2109.0000 2230.7143 954.2857
v 2109.0000 2237.8571 961.4286
v 2109.0000 2237.8571 964.2857
v 2109.0000 2239.2857 965.7143
v 2109.0000 2239.2857 1058.5714
v 2109.0000 2243.5714 1070.0000
v 2109.0000 2239.2857 1080.0000
v 2109.0000 2239.2857 1088.5714
v 2109.0000 2240.7143 1090.0000
v 2109.0000 2240.7143 1092.8571
v 2109.0000 2245.7143 1097.8571
v 2109.0000 2257.1429 1100.7143
v 2109.0000 2264.2857 1107.8571
v 2109.0000 2267.1429 1107.8571
v 2109.0000 2268.5714 1109.2857
v 2109.0000 2270.0000 1107.8571
v 2109.0000 2272.8571 1107.8571
v 2109.0000 2277.8571 1102.8571
v 2109.0000 2277.8571 1100.0000
v 2109.0000 2279.2857 1098.5714
v 2109.0000 2279.2857 1090.0000
v 2109.0000 2277.8571 1088.5714
v 2109.0000 2277.8571 1085.7143
v 2109.0000 2272.8571 1080.7143
v 2109.0000 2265.7143 1079.2857
v 2109.0000 2260.7143 1074.2857
v 2109.0000 2259.2857 1068.5714
v 2109.0000 2260.7143 1067.1429
v 2109.0000 2260.7143 1064.2857
v 2109.0000 2265.7143 1059.2857
v 2109.0000 2272.8571 1057.8571
v 2109.0000 2277.8571 1052.8571
v 2109.0000 2277.8571 1050.0000
v 2109.0000 2279.2857 1048.5714
v 2109.0000 2279.2857 950.0000
v 2109.0000 2277.8571 948.5714
v 2109.0000 2277.8571 945.7143
v 2109.0000 2272.8571 940.7143
v 2109.0000 2270.0000 940.7143
v 2109.0000 2268.5714 939.2857
v 2112.0000 2235.7143 940.7143
v 2112.0000 2230.7143 945.7143
v 2112.0000 2230.7143 948.5714
v 2112.0000 2229.2857 950.0000
v 2112.0000 2230.7143 951.4286
v 2112.0000 2230.7143 954.2857
v 2112.0000 2237.8571 961.4286
v 2112.0000 2237.8571 964.2857
v 2112.0000 2239.2857 965.7143
v 2112.0000 2239.2857 1058.5714
v 2112.0000 2243.5714 1070.0000
v 2112.0000 2239.2857 1080.0000
v 2112.0000 2239.2857 1088.5714
v 2112.0000 2240.7143 1090.0000
v 2112.0000 2240.7143 1092.8571
v 2112.0000 2245.7143 1097.8571
v 2112.0000 2257.1429 1100.7143
v 2112.0000 2264.2857 1107.8571
v 2112.0000 2267.1429 1107.8571
v 2112.0000 2268.5714 1109.2857
v 2112.0000 2270.0000 1107.8571
v 2112.0000 2272.8571 1107.8571
v 2112.0000 2277.8571 1102.8571
v 2112.0000 2277.8571 1100.0000
v 2112.0000 2279.2857 1098.5714
v 2112.0000 2279.2857 1090.0000
v 2112.0000 2277.8571 1088.5714
v 2112.0000 2277.8571 1085.7143
v 2112.0000 2272.8571 1080.7143
v 2112.0000 2265.7143 1079.2857
v 2112.0000 2260.7143 1074.2857
v 2112.0000 2259.2857 1068.5714
v 2112.0000 2260.7143 1067.1429
v 2112.0000 2260.7143 1064.2857
v 2112.0000 2265.7143 1059.2857
v 2112.0000 2272.8571 1057.8571
v 2112.0000 2277.8571 1052.8571
v 2112.0000 2277.8571 1050.0000
v 2112.0000 2279.2857 1048.5714
v 2112.0000 2279.2857 950.0000
v 2112.0000 2277.8571 948.5714
v 2112.0000 2277.8571 945.7143
v 2112.0000 2272.8571 940.7143
v 2112.0000 2270.0000 940.7143
v 2112.0000 2268.5714 939.2857
v 2109.0000 2235.7143 940.7143
v 2109.0000 2230.7143 945.7143
v 2109.0000 2230.7143 948.5714
v 2109.0000 2229.2857 950.0000
v 2109.0000 2230.7143 951.4286
v 2109.0000 2230.7143 954.2857
v 2109.0000 2237.8571 961.4286
v 2109.0000 2237.8571 964.2857
v 2109.0000 2239.2857 965.7143
v 2109.0000 2239.2857 1058.5714
v 2109.0000 2243.5714 1070.0000
v 2109.0000 2239.2857 1080.0000
v 2109.0000 2239.2857 1088.5714
v 2109.0000 2240.7143 1090.0000
v 2109.0000 2240.7143 1092.8571
v 2109.0000 2245.7143 1097.8571
v 2109.0000 2257.1429 1100.7143
v 2109.0000 2264.2857 1107.8571
v 2109.0000 2267.1429 1107.8571
v 2109.0000 2268.5714 1109.2857
v 2109.0000 2270.0000 1107.8571
v 2109.0000 2272.8571 1107.8571
v 2109.0000 2277.8571 1102.8571
v 2109.0000 2277.8571 1100.0000
v 2109.0000 2279.2857 1098.5714
v 2109.0000 2279.2857 1090.0000
v 2109.0000 2277.8571 1088.5714
v 2109.0000 2277.8571 1085.7143
v 2109.0000 2272.8571 1080.7143
v 2109.0000 2265.7143 1079.2857
v 2109.0000 2260.7143 1074.2857
v 2109.0000 2259.2857 1068.5714
v 2109.0000 2260.7143 1067.1429
v 2109.0000 2260.7143 1064.2857
v 2109.0000 2265.7143 1059.2857
v 2109.0000 2272.8571 1057.8571
v 2109.0000 2277.8571 1052.8571
v 2109.0000 2277.8571 1050.0000
v 2109.0000 2279.2857 1048.5714
v 2109.0000 2279.2857 950.0000
v 2109.0000 2277.8571 948.5714
v 2109.0000 2277.8571 945.7143
v 2109.0000 2272.8571 940.7143
v 2109.0000 2270.0000 940.7143
v 2109.0000 2268.5714 939.2857
v 2112.0000 1845.7143 920.7143
v 2112.0000 1840.7143 925.7143
v 2112.0000 1840.7143 928.5714
v 2112.0000 1839.2857 930.0000
v 2112.0000 1839.2857 1068.5714
v 2112.0000 1840.7143 1070.0000
v 2112.0000 1840.7143 1072.8571
v 2112.0000 1845.7143 1077.8571
v 2112.0000 1848.5714 1077.8571
v 2112.0000 1850.0000 1079.2857
v 2112.0000 1888.5714 1079.2857
v 2112.0000 1890.0000 1077.8571
v 2112.0000 1892.8571 1077.8571
v 2112.0000 1897.8571 1072.8571
v 2112.0000 1899.2857 1065.7143
v 2112.0000 1905.7143 1059.2857
v 2112.0000 1912.8571 1057.8571
v 2112.0000 1917.8571 1052.8571
v 2112.0000 1919.2857 1045.7143
v 2112.0000 1924.2857 1040.7143
v 2112.0000 1927.1429 1040.7143
v 2112.0000 1928.5714 1039.2857
v 2112.0000 1968.5714 1039.2857
v 2112.0000 1970.0000 1037.8571
v 2112.0000 1972.8571 1037.8571
v 2112.0000 1977.8571 1032.8571
v 2112.0000 1977.8571 1030.0000
v 2112.0000 1979.2857 1028.5714
v 2112.0000 1979.2857 1010.0000
v 2112.0000 1977.8571 1008.5714
v 2112.0000 1977.8571 1005.7143
v 2112.0000 1972.8571 1000.7143
v 2112.0000 1970.0000 1000.7143
v 2112.0000 1968.5714 999.2857
v 2112.0000 1950.0000 999.2857
v 2112.0000 1948.5714 997.8571
v 2112.0000 1945.7143 997.8571
v 2112.0000 1940.7143 992.8571
v 2112.0000 1940.7143 990.0000
v 2112.0000 1939.2857 988.5714
v 2112.0000 1939.2857 965.7143
v 2112.0000 1940.7143 964.2857
v 2112.0000 1940.7143 961.4286
v 2112.0000 1947.8571 954.2857
v 2112.0000 1949.2857 948.5714
v 2112.0000 1947.8571 947.1429
v 2112.0000 1947.8571 944.2857
v 2112.0000 1940.7143 937.1429
v 2112.0000 1937.8571 925.7143
v 2112.0000 1932.8571 920.7143
v 2112.0000 1930.0000 920.7143
v 2112.0000 1928.5714 919.2857
v 2109.0000 1845.7143 920.7143
v 2109.0000 1840.7143 925.7143
v 2109.0000 1840.7143 928.5714
v 2109.0000 1839.2857 930.0000
v 2109.0000 1839.2857 1068.5714
v 2109.0000 1840.7143 1070.0000
v 2109.0000 1840.7143 1072.8571
v 2109.0000 1845.7143 1077.8571
v 2109.0000 1848.5714 1077.8571
v 2109.0000 1850.0000 1079.2857
v 2109.0000 1888.5714 1079.2857
v 2109.0000 1890.0000 1077.8571
v 2109.0000 1892.8571 1077.8571
v 2109.0000 1897.8571 1072.8571
v 2109.0000 1899.2857 1065.7143
v 2109.0000 1905.7143 1059.2857
v 2109.0000 1912.8571 1057.8571
v 2109.0000 1917.8571 1052.8571
v 2109.0000 1919.2857 1045.7143
v 2109.0000 1924.2857 1040.7143
v 2109.0000 1927.1429 1040.7143
v 2109.0000 1928.5714 1039.2857
v 2109.0000 1968.5714 1039.2857
v 2109.0000 1970.0000 1037.8571
v 2109.0000 1972.8571 1037.8571
v 2109.0000 1977.8571 1032.8571
v 2109.0000 1977.8571 1030.0000
v 2109.0000 1979.2857 1028.5714
v 2109.0000 1979.2857 1010.0000
v 2109.0000 1977.8571 1008.5714
v 2109.0000 1977.8571 1005.7143
v 2109.0000 1972.8571 1000.7143
v 2109.0000 1970.0000 1000.7143
v 2109.0000 1968.5714 999.2857
v 2109.0000 1950.0000 999.2857
v 2109.0000 1948.5714 997.8571
v 2109.0000 1945.7143 997.8571
v 2109.0000 1940.7143 992.8571
v 2109.0000 1940.7143 990.0000
v 2109.0000 1939.2857 988.5714
v 2109.0000 1939.2857 965.7143
v 2109.0000 1940.7143 964.2857
v 2109.0000 1940.7143 961.4286
v 2109.0000 1947.8571 954.2857
v 2109.0000 1949.2857 948.5714
v 2109.0000 1947.8571 947.1429
v 2109.0000 1947.8571 944.2857
v 2109.0000 1940.7143 937.1429
v 2109.0000 1937.8571 925.7143
v 2109.0000 1932.8571 920.7143
v 2109.0000 1930.0000 920.7143
v 2109.0000 1928.5714 919.2857
v 2112.0000 1845.7143 920.7143
v 2112.0000 1840.7143 925.7143
v 2112.0000 1840.7143 928.5714
v 2112.0000 1839.2857 930.0000
v 2112.0000 1839.2857 1068.5714
v 2112.0000 1840.7143 1070.0000
v 2112.0000 1840.7143 1072.8571
v 2112.0000 1845.7143 1077.8571
v 2112.0000 1848.5714 1077.8571
v 2112.0000 1850.0000 1079.2857
v 2112.0000 1888.5714 1079.2857
v 2112.0000 1890.0000 1077.8571
v 2112.0000 1892.8571 1077.8571
v 2112.0000 1897.8571 1072.8571
v 2112.0000 1899.2857 1065.7143
v 2112.0000 1905.7143 1059.2857
v 2112.0000 1912.8571 1057.8571
v 2112.0000 1917.8571 1052.8571
v 2112.0000 1919.2857 1045.7143
v 2112.0000 1924.2857 1040.7143
v 2112.0000 1927.1429 1040.7143
v 2112.0000 1928.5714 1039.2857
v 2112.0000 1968.5714 1039.2857
v 2112.0000 1970.0000 1037.8571
v 2112.0000 1972.8571 1037.8571
v 2112.0000 1977.8571 1032.8571
v 2112.0000 1977.8571 1030.0000
v 2112.0000 1979.2857 1028.5714
v 2112.0000 1979.2857 1010.0000
v 2112.0000 1977.8571 1008.5714
v 2112.0000 1977.8571 1005.7143
v 2112.0000 1972.8571 1000.7143
v 2112.0000 1970.0000 1000.7143
v 2112.0000 1968.5714 999.2857
v 2112.0000 1950.0000 999.2857
v 2112.0000 1948.5714 997.8571
v 2112.0000 1945.7143 997.8571
v 2112.0000 1940.7143 992.8571
v 2112.0000 1940.7143 990.0000
v 2112.0000 1939.2857 988.5714
v 2112.0000 1939.2857 965.7143
v 2112.0000 1940.7143 964.2857
v 2112.0000 1940.7143 961.4286
v 2112.0000 1947.8571 954.2857
v 2112.0000 1949.2857 948.5714
v 2112.0000 1947.8571 947.1429
v 2112.0000 1947.8571 944.2857
v 2112.0000 1940.7143 937.1429
v 2112.0000 1937.8571 925.7143
v 2112.0000 1932.8571 920.7143
v 2112.0000 1930.0000 920.7143
v 2112.0000 1928.5714 919.2857
v 2109.0000 1845.7143 920.7143
v 2109.0000 1840.7143 925.7143
v 2109.0000 1840.7143 928.5714
v 2109.0000 1839.2857 930.0000
v 2109.0000 1839.2857 1068.5714
v 2109.0000 1840.7143 1070.0000
v 2109.0000 1840.7143 1072.8571
v 2109.0000 1845.7143 1077.8571
v 2109.0000 1848.5714 1077.8571
v 2109.0000 1850.0000 1079.2857
v 2109.0000 1888.5714 1079.2857
v 2109.0000 1890.0000 1077.8571
v 2109.0000 1892.8571 1077.8571
v 2109.0000 1897.8571 1072.8571
v 2109.0000 1899.2857 1065.7143
v 2109.0000 1905.7143 1059.2857
v 2109.0000 1912.8571 1057.8571
v 2109.0000 1917.8571 1052.8571
v 2109.0000 1919.2857 1045.7143
v 2109.0000 1924.2857 1040.7143
v 2109.0000 1927.1429 1040.7143
v 2109.0000 1928.5714 1039.2857
v 2109.0000 1968.5714 1039.2857
v 2109.0000 1970.0000 1037.8571
v 2109.0000 1972.8571 1037.8571
v 2109.0000 1977.8571 1032.8571
v 2109.0000 1977.8571 1030.0000
v 2109.0000 1979.2857 1028.5714
v 2109.0000 1979.2857 1010.0000
v 2109.0000 1977.8571 1008.5714
v 2109.0000 1977.8571 1005.7143
v 2109.0000 1972.8571 1000.7143
v 2109.0000 1970.0000 1000.7143
v 2109.0000 1968.5714 999.2857
v 2109.0000 1950.0000 999.2857
v 2109.0000 1948.5714 997.8571
v 2109.0000 1945.7143 997.8571
v 2109.0000 1940.7143 992.8571
v 2109.0000 1940.7143 990.0000
v 2109.0000 1939.2857 988.5714
v 2109.0000 1939.2857 965.7143
v 2109.0000 1940.7143 964.2857
v 2109.0000 1940.7143 961.4286
v 2109.0000 1947.8571 954.2857
v 2109.0000 1949.2857 948.5714
v 2109.0000 1947.8571 947.1429
v 2109.0000 1947.8571 944.2857
v 2109.0000 1940.7143 937.1429
v 2109.0000 1937.8571 925.7143
v 2109.0000 1932.8571 920.7143
v 2109.0000 1930.0000 920.7143
v 2109.0000 1928.5714 919.2857
v 2109.0000 2245.7143 940.7143
v 2109.0000 2240.7143 945.7143
v 2109.0000 2240.7143 948.5714
v 2109.0000 2239.2857 950.0000
v 2109.0000 2239.2857 1028.5714
v 2109.0000 2240.7143 1030.0000
v 2109.0000 2240.7143 1032.8571
v 2109.0000 2245.7143 1037.8571
v 2109.0000 2248.5714 1037.8571
v 2109.0000 2250.0000 1039.2857
v 2109.0000 2268.5714 1039.2857
v 2109.0000 2270.0000 1037.8571
v 2109.0000 2272.8571 1037.8571
v 2109.0000 2277.8571 1032.8571
v 2109.0000 2277.8571 1030.0000
v 2109.0000 2279.2857 1028.5714
v 2109.0000 2279.2857 950.0000
v 2109.0000 2277.8571 948.5714
v 2109.0000 2277.8571 945.7143
v 2109.0000 2272.8571 940.7143
v 2109.0000 2270.0000 940.7143
v 2109.0000 2268.5714 939.2857
v 2106.0000 2245.7143 940.7143
v 2106.0000 2240.7143 945.7143
v 2106.0000 2240.7143 948.5714
v 2106.0000 2239.2857 950.0000
v 2106.0000 2239.2857 1028.5714
v 2106.0000 2240.7143 1030.0000
v 2106.0000 2240.7143 1032.8571
v 2106.0000 2245.7143 1037.8571
v 2106.0000 2248.5714 1037.8571
v 2106.0000 2250.0000 1039.2857
v 2106.0000 2268.5714 1039.2857
v 2106.0000 2270.0000 1037.8571
v 2106.0000 2272.8571 1037.8571
v 2106.0000 2277.8571 1032.8571
v 2106.0000 2277.8571 1030.0000
v 2106.0000 2279.2857 1028.5714
v 2106.0000 2279.2857 950.0000
v 2106.0000 2277.8571 948.5714
v 2106.0000 2277.8571 945.7143
v 2106.0000 2272.8571 940.7143
v 2106.0000 2270.0000 940.7143
v 2106.0000 2268.5714 939.2857
v 2109.0000 2245.7143 940.7143
v 2109.0000 2240.7143 945.7143
v 2109.0000 2240.7143 948.5714
v 2109.0000 2239.2857 950.0000
v 2109.0000 2239.2857 1028.5714
v 2109.0000 2240.7143 1030.0000
v 2109.0000 2240.7143 1032.8571
v 2109.0000 2245.7143 1037.8571
v 2109.0000 2248.5714 1037.8571
v 2109.0000 2250.0000 1039.2857
v 2109.0000 2268.5714 1039.2857
v 2109.0000 2270.0000 1037.8571
v 2109.0000 2272.8571 1037.8571
v 2109.0000 2277.8571 1032.8571
v 2109.0000 2277.8571 1030.0000
v 2109.0000 2279.2857 1028.5714
v 2109.0000 2279.2857 950.0000
v 2109.0000 2277.8571 948.5714
v 2109.0000 2277.8571 945.7143
v 2109.0000 2272.8571 940.7143
v 2109.0000 2270.0000 940.7143
v 2109.0000 2268.5714 939.2857
v 2106.0000 2245.7143 940.7143
v 2106.0000 2240.7143 945.7143
v 2106.0000 2240.7143 948.5714
v 2106.0000 2239.2857 950.0000
v 2106.0000 2239.2857 1028.5714
v 2106.0000 2240.7143 1030.0000
v 2106.0000 2240.7143 1032.8571
v 2106.0000 2245.7143 1037.8571
v 2106.0000 2248.5714 1037.8571
v 2106.0000 2250.0000 1039.2857
v 2106.0000 2268.5714 1039.2857
v 2106.0000 2270.0000 1037.8571
v 2106.0000 2272.8571 1037.8571
v 2106.0000 2277.8571 1032.8571
v 2106.0000 2277.8571 1030.0000
v 2106.0000 2279.2857 1028.5714
v 2106.0000 2279.2857 950.0000
v 2106.0000 2277.8571 948.5714
v 2106.0000 2277.8571 945.7143
v 2106.0000 2272.8571 940.7143
v 2106.0000 2270.0000 940.7143
v 2106.0000 2268.5714 939.2857
v 2109.0000 1845.7143 920.7143
v 2109.0000 1840.7143 925.7143
v 2109.0000 1840.7143 928.5714
v 2109.0000 1839.2857 930.0000
v 2109.0000 1839.2857 1068.5714
v 2109.0000 1840.7143 1070.0000
v 2109.0000 1840.7143 1072.8571
v 2109.0000 1845.7143 1077.8571
v 2109.0000 1848.5714 1077.8571
v 2109.0000 1850.0000 1079.2857
v 2109.0000 1868.5714 1079.2857
v 2109.0000 1870.0000 1077.8571
v 2109.0000 1872.8571 1077.8571
v 2109.0000 1877.8571 1072.8571
v 2109.0000 1879.2857 1065.7143
v 2109.0000 1884.2857 1060.7143
v 2109.0000 1887.1429 1060.7143
v 2109.0000 1888.5714 1059.2857
v 2109.0000 1894.2857 1060.7143
v 2109.0000 1899.2857 1065.7143
v 2109.0000 1900.7143 1072.8571
v 2109.0000 1905.7143 1077.8571
v 2109.0000 1908.5714 1077.8571
v 2109.0000 1910.0000 1079.2857
v 2109.0000 1968.5714 1079.2857
v 2109.0000 1970.0000 1077.8571
v 2109.0000 1972.8571 1077.8571
v 2109.0000 1977.8571 1072.8571
v 2109.0000 1979.2857 1065.7143
v 2109.0000 1984.2857 1060.7143
v 2109.0000 1987.1429 1060.7143
v 2109.0000 1988.5714 1059.2857
v 2109.0000 1997.1429 1060.7143
v 2109.0000 2004.2857 1067.8571
v 2109.0000 2007.1429 1067.8571
v 2109.0000 2008.5714 1069.2857
v 2109.0000 2010.0000 1067.8571
v 2109.0000 2012.8571 1067.8571
v 2109.0000 2017.8571 1062.8571
v 2109.0000 2017.8571 1060.0000
v 2109.0000 2019.2857 1058.5714
v 2109.0000 2019.2857 950.0000
v 2109.0000 2017.8571 948.5714
v 2109.0000 2017.8571 945.7143
v 2109.0000 2012.8571 940.7143
v 2109.0000 2010.0000 940.7143
v 2109.0000 2008.5714 939.2857
v 2109.0000 1948.5714 939.2857
v 2109.0000 1947.1429 937.8571
v 2109.0000 1944.2857 937.8571
v 2109.0000 1939.2857 932.8571
v 2109.0000 1937.8571 925.7143
v 2109.0000 1932.8571 920.7143
v 2109.0000 1930.0000 920.7143
v 2109.0000 1928.5714 919.2857
v 2106.0000 1845.7143 920.7143
v 2106.0000 1840.7143 925.7143
v 2106.0000 1840.7143 928.5714
v 2106.0000 1839.2857 930.0000
v 2106.0000 1839.2857 1068.5714
v 2106.0000 1840.7143 1070.0000
v 2106.0000 1840.7143 1072.8571
v 2106.0000 1845.7143 1077.8571
v 2106.0000 1848.5714 1077.8571
v 2106.0000 1850.0000 1079.2857
v 2106.0000 1868.5714 1079.2857
v 2106.0000 1870.0000 1077.8571
v 2106.0000 1872.8571 1077.8571
v 2106.0000 1877.8571 1072.8571
v 2106.0000 1879.2857 1065.7143
v 2106.0000 1884.2857 1060.7143
v 2106.0000 1887.1429 1060.7143
v 2106.0000 1888.5714 1059.2857
v 2106.0000 1894.2857 1060.7143
v 2106.0000 1899.2857 1065.7143
v 2106.0000 1900.7143 1072.8571
v 2106.0000 1905.7143 1077.8571
v 2106.0000 1908.5714 1077.8571
v 2106.0000 1910.0000 1079.2857
v 2106.0000 1968.5714 1079.2857
v 2106.0000 1970.0000 1077.8571
v 2106.0000 1972.8571 1077.8571
v 2106.0000 1977.8571 1072.8571
v 2106.0000 1979.2857 1065.7143
v 2106.0000 1984.2857 1060.7143
v 2106.0000 1987.1429 1060.7143
v 2106.0000 1988.5714 1059.2857
v 2106.0000 1997.1429 1060.7143
v 2106.0000 2004.2857 1067.8571
v 2106.0000 2007.1429 1067.8571
v 2106.0000 2008.5714 1069.2857
v 2106.0000 2010.0000 1067.8571
v 2106.0000 2012.8571 1067.8571
v 2106.0000 2017.8571 1062.8571
v 2106.0000 2017.8571 1060.0000
v 2106.0000 2019.2857 1058.5714
v 2106.0000 2019.2857 950.0000
v 2106.0000 2017.8571 948.5714
v 2106.0000 2017.8571 945.7143
v 2106.0000 2012.8571 940.7143
v 2106.0000 2010.0000 940.7143
v 2106.0000 2008.5714 939.2857
v 2106.0000 1948.5714 939.2857
v 2106.0000 1947.1429 937.8571
v 2106.0000 1944.2857 937.8571
v 2106.0000 1939.2857 932.8571
v 2106.0000 1937.8571 925.7143
v 2106.0000 1932.8571 920.7143
v 2106.0000 1930.0000 920.7143
v 2106.0000 1928.5714 919.2857
v 2109.0000 1845.7143 920.7143
v 2109.0000 1840.7143 925.7143
v 2109.0000 1840.7143 928.5714
v 2109.0000 1839.2857 930.0000
v 2109.0000 1839.2857 1068.5714
v 2109.0000 1840.7143 1070.0000
v 2109.0000 1840.7143 1072.8571
v 2109.0000 1845.7143 1077.8571
v 2109.0000 1848.5714 1077.8571
v 2109.0000 1850.0000 1079.2857
v 2109.0000 1868.5714 1079.2857
v 2109.0000 1870.0000 1077.8571
v 2109.0000 1872.8571 1077.8571
v 2109.0000 1877.8571 1072.8571
v 2109.0000 1879.2857 1065.7143
v 2109.0000 1884.2857 1060.7143
v 2109.0000 1887.1429 1060.7143
v 2109.0000 1888.5714 1059.2857
v 2109.0000 1894.2857 1060.7143
v 2109.0000 1899.2857 1065.7143
v 2109.0000 1900.7143 1072.8571
v 2109.0000 1905.7143 1077.8571
v 2109.0000 1908.5714 1077.8571
v 2109.0000 1910.0000 1079.2857
v 2109.0000 1968.5714 1079.2857
v 2109.0000 1970.0000 1077.8571
v 2109.0000 1972.8571 1077.8571
v 2109.0000 1977.8571 1072.8571
v 2109.0000 1979.2857 1065.7143
v 2109.0000 1984.2857 1060.7143
v 2109.0000 1987.1429 1060.7143
v 2109.0000 1988.5714 1059.2857
v 2109.0000 1997.1429 1060.7143
v 2109.0000 2004.2857 1067.8571
v 2109.0000 2007.1429 1067.8571
v 2109.0000 2008.5714 1069.2857
v 2109.0000 2010.0000 1067.8571
v 2109.0000 2012.8571 1067.8571
v 2109.0000 2017.8571 1062.8571
v 2109.0000 2017.8571 1060.0000
v 2109.0000 2019.2857 1058.5714
v 2109.0000 2019.2857 950.0000
v 2109.0000 2017.8571 948.5714
v 2109.0000 2017.8571 945.7143
v 2109.0000 2012.8571 940.7143
v 2109.0000 2010.0000 940.7143
v 2109.0000 2008.5714 939.2857
v 2109.0000 1948.5714 939.2857
v 2109.0000 1947.1429 937.8571
v 2109.0000 1944.2857 937.8571
v 2109.0000 1939.2857 932.8571
v 2109.0000 1937.8571 925.7143
v 2109.0000 1932.8571 920.7143
v 2109.0000 1930.0000 920.7143
v 2109.0000 1928.5714 919.2857
v 2106.0000 1845.7143 920.7143
v 2106.0000 1840.7143 925.7143
v 2106.0000 1840.7143 928.5714
v 2106.0000 1839.2857 930.0000
v 2106.0000 1839.2857 1068.5714
v 2106.0000 1840.7143 1070.0000
v 2106.0000 1840.7143 1072.8571
v 2106.0000 1845.7143 1077.8571
v 2106.0000 1848.5714 1077.8571
v 2106.0000 1850.0000 1079.2857
v 2106.0000 1868.5714 1079.2857
v 2106.0000 1870.0000 1077.8571
v 2106.0000 1872.8571 1077.8571
v 2106.0000 1877.8571 1072.8571
v 2106.0000 1879.2857 1065.7143
v 2106.0000 1884.2857 1060.7143
v 2106.0000 1887.1429 1060.7143
v 2106.0000 1888.5714 1059.2857
v 2106.0000 1894.2857 1060.7143
v 2106.0000 1899.2857 1065.7143
v 2106.0000 1900.7143 1072.8571
v 2106.0000 1905.7143 1077.8571
v 2106.0000 1908.5714 1077.8571
v 2106.0000 1910.0000 1079.2857
v 2106.0000 1968.5714 1079.2857
v 2106.0000 1970.0000 1077.8571
v 2106.0000 1972.8571 1077.8571
v 2106.0000 1977.8571 1072.8571
v 2106.0000 1979.2857 1065.7143
v 2106.0000 1984.2857 1060.7143
v 2106.0000 1987.1429 1060.7143
v 2106.0000 1988.5714 1059.2857
v 2106.0000 1997.1429 1060.7143
v 2106.0000 2004.2857 1067.8571
v 2106.0000 2007.1429 1067.8571
v 2106.0000 2008.5714 1069.2857
v 2106.0000 2010.0000 1067.8571
v 2106.0000 2012.8571 1067.8571
v 2106.0000 2017.8571 1062.8571
v 2106.0000 2017.8571 1060.0000
v 2106.0000 2019.2857 1058.5714
v 2106.0000 2019.2857 950.0000
v 2106.0000 2017.8571 948.5714
v 2106.0000 2017.8571 945.7143
v 2106.0000 2012.8571 940.7143
v 2106.0000 2010.0000 940.7143
v 2106.0000 2008.5714 939.2857
v 2106.0000 1948.5714 939.2857
v 2106.0000 1947.1429 937.8571
v 2106.0000 1944.2857 937.8571
v 2106.0000 1939.2857 932.8571
v 2106.0000 1937.8571 925.7143
v 2106.0000 1932.8571 920.7143
v 2106.0000 1930.0000 920.7143
v 2106.0000 1928.5714 919.2857
v 2100.0000 1884.2857 970.7143
v 2100.0000 1877.1429 977.8571
v 2100.0000 1865.7143 980.7143
v 2100.0000 1860.7143 985.7143
v 2100.0000 1860.7143 988.5714
v 2100.0000 1859.2857 990.0000
v 2100.0000 1859.2857 1012.8571
v 2100.0000 1857.8571 1014.2857
v 2100.0000 1857.8571 1017.1429
v 2100.0000 1850.7143 1024.2857
v 2100.0000 1850.7143 1027.1429
v 2100.0000 1849.2857 1028.5714
v 2100.0000 1850.7143 1030.0000
v 2100.0000 1850.7143 1032.8571
v 2100.0000 1855.7143 1037.8571
v 2100.0000 1858.5714 1037.8571
v 2100.0000 1860.0000 1039.2857
v 2100.0000 1888.5714 1039.2857
v 2100.0000 1890.0000 1037.8571
v 2100.0000 1892.8571 1037.8571
v 2100.0000 1897.8571 1032.8571
v 2100.0000 1900.7143 1021.4286
v 2100.0000 1907.8571 1014.2857
v 2100.0000 1909.2857 1008.5714
v 2100.0000 1907.8571 1007.1429
v 2100.0000 1907.8571 1004.2857
v 2100.0000 1900.7143 997.1429
v 2100.0000 1900.7143 994.2857
v 2100.0000 1899.2857 992.8571
v 2100.0000 1899.2857 980.0000
v 2100.0000 1897.8571 978.5714
v 2100.0000 1897.8571 975.7143
v 2100.0000 1892.8571 970.7143
v 2097.0000 1884.2857 970.7143
v 2097.0000 1877.1429 977.8571
v 2097.0000 1865.7143 980.7143
v 2097.0000 1860.7143 985.7143
v 2097.0000 1860.7143 988.5714
v 2097.0000 1859.2857 990.0000
v 2097.0000 1859.2857 1012.8571
v 2097.0000 1857.8571 1014.2857
v 2097.0000 1857.8571 1017.1429
v 2097.0000 1850.7143 1024.2857
v 2097.0000 1850.7143 1027.1429
v 2097.0000 1849.2857 1028.5714
v 2097.0000 1850.7143 1030.0000
v 2097.0000 1850.7143 1032.8571
v 2097.0000 1855.7143 1037.8571
v 2097.0000 1858.5714 1037.8571
v 2097.0000 1860.0000 1039.2857
v 2097.0000 1888.5714 1039.2857
v 2097.0000 1890.0000 1037.8571
v 2097.0000 1892.8571 1037.8571
v 2097.0000 1897.8571 1032.8571
v 2097.0000 1900.7143 1021.4286
v 2097.0000 1907.8571 1014.2857
v 2097.0000 1909.2857 1008.5714
v 2097.0000 1907.8571 1007.1429
v 2097.0000 1907.8571 1004.2857
v 2097.0000 1900.7143 997.1429
v 2097.0000 1900.7143 994.2857
v 2097.0000 1899.2857 992.8571
v 2097.0000 1899.2857 980.0000
v 2097.0000 1897.8571 978.5714
v 2097.0000 1897.8571 975.7143
v 2097.0000 1892.8571 970.7143
v 2100.0000 1884.2857 970.7143
v 2100.0000 1877.1429 977.8571
v 2100.0000 1865.7143 980.7143
v 2100.0000 1860.7143 985.7143
v 2100.0000 1860.7143 988.5714
v 2100.0000 1859.2857 990.0000
v 2100.0000 1859.2857 1012.8571
v 2100.0000 1857.8571 1014.2857
v 2100.0000 1857.8571 1017.1429
v 2100.0000 1850.7143 1024.2857
v 2100.0000 1850.7143 1027.1429
v 2100.0000 1849.2857 1028.5714
v 2100.0000 1850.7143 1030.0000
v 2100.0000 1850.7143 1032.8571
v 2100.0000 1855.7143 1037.8571
v 2100.0000 1858.5714 1037.8571
v 2100.0000 1860.0000 1039.2857
v 2100.0000 1888.5714 1039.2857
v 2100.0000 1890.0000 1037.8571
v 2100.0000 1892.8571 1037.8571
v 2100.0000 1897.8571 1032.8571
v 2100.0000 1900.7143 1021.4286
v 2100.0000 1907.8571 1014.2857
v 2100.0000 1909.2857 1008.5714
v 2100.0000 1907.8571 1007.1429
v 2100.0000 1907.8571 1004.2857
v 2100.0000 1900.7143 997.1429
v 2100.0000 1900.7143 994.2857
v 2100.0000 1899.2857 992.8571
v 2100.0000 1899.2857 980.0000
v 2100.0000 1897.8571 978.5714
v 2100.0000 1897.8571 975.7143
v 2100.0000 1892.8571 970.7143
v 2097.0000 1884.2857 970.7143
v 2097.0000 1877.1429 977.8571
v 2097.0000 1865.7143 980.7143
v 2097.0000 1860.7143 985.7143
v 2097.0000 1860.7143 988.5714
v 2097.0000 1859.2857 990.0000
v 2097.0000 1859.2857 1012.8571
v 2097.0000 1857.8571 1014.2857
v 2097.0000 1857.8571 1017.1429
v 2097.0000 1850.7143 1024.2857
v 2097.0000 1850.7143 1027.1429
v 2097.0000 1849.2857 1028.5714
v 2097.0000 1850.7143 1030.0000
v 2097.0000 1850.7143 1032.8571
v 2097.0000 1855.7143 1037.8571
v 2097.0000 1858.5714 1037.8571
v 2097.0000 1860.0000 1039.2857
v 2097.0000 1888.5714 1039.2857
v 2097.0000 1890.0000 1037.8571
v 2097.0000 1892.8571 1037.8571
v 2097.0000 1897.8571 1032.8571
v 2097.0000 1900.7143 1021.4286
v 2097.0000 1907.8571 1014.2857
v 2097.0000 1909.2857 1008.5714
v 2097.0000 1907.8571 1007.1429
v 2097.0000 1907.8571 1004.2857
v 2097.0000 1900.7143 997.1429
v 2097.0000 1900.7143 994.2857
v 2097.0000 1899.2857 992.8571
v 2097.0000 1899.2857 980.0000
v 2097.0000 1897.8571 978.5714
v 2097.0000 1897.8571 975.7143
v 2097.0000 1892.8571 970.7143
v 2106.0000 2245.7143 940.7143
v 2106.0000 2240.7143 945.7143
v 2106.0000 2240.7143 948.5714
v 2106.0000 2239.2857 950.0000
v 2106.0000 2239.2857 990.0000
v 2106.0000 2237.8571 991.4286
v 2106.0000 2237.8571 994.2857
v 2106.0000 2232.8571 999.2857
v 2106.0000 2225.7143 1000.7143
v 2106.0000 2220.7143 1005.7143
v 2106.0000 2217.8571 1017.1429
v 2106.0000 2210.7143 1024.2857
v 2106.0000 2210.7143 1027.1429
v 2106.0000 2209.2857 1028.5714
v 2106.0000 2210.7143 1030.0000
v 2106.0000 2210.7143 1032.8571
v 2106.0000 2215.7143 1037.8571
v 2106.0000 2218.5714 1037.8571
v 2106.0000 2220.0000 1039.2857
v 2106.0000 2268.5714 1039.2857
v 2106.0000 2270.0000 1037.8571
v 2106.0000 2272.8571 1037.8571
v 2106.0000 2277.8571 1032.8571
v 2106.0000 2277.8571 1030.0000
v 2106.0000 2279.2857 1028.5714
v 2106.0000 2279.2857 950.0000
v 2106.0000 2277.8571 948.5714
v 2106.0000 2277.8571 945.7143
v 2106.0000 2272.8571 940.7143
v 2106.0000 2270.0000 940.7143
v 2106.0000 2268.5714 939.2857
v 2103.0000 2245.7143 940.7143
v 2103.0000 2240.7143 945.7143
v 2103.0000 2240.7143 948.5714
v 2103.0000 2239.2857 950.0000
v 2103.0000 2239.2857 990.0000
v 2103.0000 2237.8571 991.4286
v 2103.0000 2237.8571 994.2857
v 2103.0000 2232.8571 999.2857
v 2103.0000 2225.7143 1000.7143
v 2103.0000 2220.7143 1005.7143
v 2103.0000 2217.8571 1017.1429
v 2103.0000 2210.7143 1024.2857
v 2103.0000 2210.7143 1027.1429
v 2103.0000 2209.2857 1028.5714
v 2103.0000 2210.7143 1030.0000
v 2103.0000 2210.7143 1032.8571
v 2103.0000 2215.7143 1037.8571
v 2103.0000 2218.5714 1037.8571
v 2103.0000 2220.0000 1039.2857
v 2103.0000 2268.5714 1039.2857
v 2103.0000 2270.0000 1037.8571
v 2103.0000 2272.8571 1037.8571
v 2103.0000 2277.8571 1032.8571
v 2103.0000 2277.8571 1030.0000
v 2103.0000 2279.2857 1028.5714
v 2103.0000 2279.2857 950.0000
v 2103.0000 2277.8571 948.5714
v 2103.0000 2277.8571 945.7143
v 2103.0000 2272.8571 940.7143
v 2103.0000 2270.0000 940.7143
v 2103.0000 2268.5714 939.2857
v 2106.0000 2245.7143 940.7143
v 2106.0000 2240.7143 945.7143
v 2106.0000 2240.7143 948.5714
v 2106.0000 2239.2857 950.0000
v 2106.0000 2239.2857 990.0000
v 2106.0000 2237.8571 991.4286
v 2106.0000 2237.8571 994.2857
v 2106.0000 2232.8571 999.2857
v 2106.0000 2225.7143 1000.7143
v 2106.0000 2220.7143 1005.7143
v 2106.0000 2217.8571 1017.1429
v 2106.0000 2210.7143 1024.2857
v 2106.0000 2210.7143 1027.1429
v 2106.0000 2209.2857 1028.5714
v 2106.0000 2210.7143 1030.0000
v 2106.0000 2210.7143 1032.8571
v 2106.0000 2215.7143 1037.8571
v 2106.0000 2218.5714 1037.8571
v 2106.0000 2220.0000 1039.2857
v 2106.0000 2268.5714 1039.2857
v 2106.0000 2270.0000 1037.8571
v 2106.0000 2272.8571 1037.8571
v 2106.0000 2277.8571 1032.8571
v 2106.0000 2277.8571 1030.0000
v 2106.0000 2279.2857 1028.5714
v 2106.0000 2279.2857 950.0000
v 2106.0000 2277.8571 948.5714
v 2106.0000 2277.8571 945.7143
v 2106.0000 2272.8571 940.7143
v 2106.0000 2270.0000 940.7143
v 2106.0000 2268.5714 939.2857
v 2103.0000 2245.7143 940.7143
v 2103.0000 2240.7143 945.7143
v 2103.0000 2240.7143 948.5714
v 2103.0000 2239.2857 950.0000
v 2103.0000 2239.2857 990.0000
v 2103.0000 2237.8571 991.4286
v 2103.0000 2237.8571 994.2857
v 2103.0000 2232.8571 999.2857
v 2103.0000 2225.7143 1000.7143
v 2103.0000 2220.7143 1005.7143
v 2103.0000 2217.8571 1017.1429
v 2103.0000 2210.7143 1024.2857
v 2103.0000 2210.7143 1027.1429
v 2103.0000 2209.2857 1028.5714
v 2103.0000 2210.7143 1030.0000
v 2103.0000 2210.7143 1032.8571
v 2103.0000 2215.7143 1037.8571
v 2103.0000 2218.5714 1037.8571
v 2103.0000 2220.0000 1039.2857
v 2103.0000 2268.5714 1039.2857
v 2103.0000 2270.0000 1037.8571
v 2103.0000 2272.8571 1037.8571
v 2103.0000 2277.8571 1032.8571
v 2103.0000 2277.8571 1030.0000
v 2103.0000 2279.2857 1028.5714
v 2103.0000 2279.2857 950.0000
v 2103.0000 2277.8571 948.5714
v 2103.0000 2277.8571 945.7143
v 2103.0000 2272.8571 940.7143
v 2103.0000 2270.0000 940.7143
v 2103.0000 2268.5714 939.2857
v 2106.0000 1845.7143 920.7143
v 2106.0000 1840.7143 925.7143
v 2106.0000 1839.2857 932.8571
v 2106.0000 1832.8571 939.2857
v 2106.0000 1825.7143 940.7143
v 2106.0000 1820.7143 945.7143
v 2106.0000 1820.7143 948.5714
v 2106.0000 1819.2857 950.0000
v 2106.0000 1819.2857 968.5714
v 2106.0000 1820.7143 970.0000
v 2106.0000 1820.7143 972.8571
v 2106.0000 1825.7143 977.8571
v 2106.0000 1832.8571 979.2857
v 2106.0000 1837.8571 984.2857
v 2106.0000 1837.8571 987.1429
v 2106.0000 1839.2857 988.5714
v 2106.0000 1837.8571 997.1429
v 2106.0000 1830.7143 1004.2857
v 2106.0000 1829.2857 1010.0000
v 2106.0000 1830.7143 1011.4286
v 2106.0000 1830.7143 1014.2857
v 2106.0000 1837.8571 1021.4286
v 2106.0000 1837.8571 1024.2857
v 2106.0000 1839.2857 1025.7143
v 2106.0000 1839.2857 1068.5714
v 2106.0000 1840.7143 1070.0000
v 2106.0000 1840.7143 1072.8571
v 2106.0000 1845.7143 1077.8571
v 2106.0000 1848.5714 1077.8571
v 2106.0000 1850.0000 1079.2857
v 2106.0000 1868.5714 1079.2857
v 2106.0000 1870.0000 1077.8571
v 2106.0000 1872.8571 1077.8571
v 2106.0000 1877.8571 1072.8571
v 2106.0000 1879.2857 1065.7143
v 2106.0000 1884.2857 1060.7143
v 2106.0000 1887.1429 1060.7143
v 2106.0000 1888.5714 1059.2857
v 2106.0000 1910.0000 1059.2857
v 2106.0000 1911.4286 1060.7143
v 2106.0000 1914.2857 1060.7143
v 2106.0000 1919.2857 1065.7143
v 2106.0000 1920.7143 1072.8571
v 2106.0000 1925.7143 1077.8571
v 2106.0000 1928.5714 1077.8571
v 2106.0000 1930.0000 1079.2857
v 2106.0000 1968.5714 1079.2857
v 2106.0000 1970.0000 1077.8571
v 2106.0000 1972.8571 1077.8571
v 2106.0000 1977.8571 1072.8571
v 2106.0000 1979.2857 1065.7143
v 2106.0000 1984.2857 1060.7143
v 2106.0000 1987.1429 1060.7143
v 2106.0000 1988.5714 1059.2857
v 2106.0000 1997.1429 1060.7143
v 2106.0000 2004.2857 1067.8571
v 2106.0000 2007.1429 1067.8571
v 2106.0000 2008.5714 1069.2857
v 2106.0000 2010.0000 1067.8571
v 2106.0000 2012.8571 1067.8571
v 2106.0000 2017.8571 1062.8571
v 2106.0000 2017.8571 1060.0000
v 2106.0000 2019.2857 1058.5714
v 2106.0000 2019.2857 950.0000
v 2106.0000 2017.8571 948.5714
v 2106.0000 2017.8571 945.7143
v 2106.0000 2012.8571 940.7143
v 2106.0000 2010.0000 940.7143
v 2106.0000 2008.5714 939.2857
v 2106.0000 1988.5714 939.2857
v 2106.0000 1987.1429 937.8571
v 2106.0000 1984.2857 937.8571
v 2106.0000 1979.2857 932.8571
v 2106.0000 1977.8571 925.7143
v 2106.0000 1972.8571 920.7143
v 2106.0000 1970.0000 920.7143
v 2106.0000 1968.5714 919.2857
v 2103.0000 1845.7143 920.7143
v 2103.0000 1840.7143 925.7143
v 2103.0000 1839.2857 932.8571
v 2103.0000 1832.8571 939.2857
v 2103.0000 1825.7143 940.7143
v 2103.0000 1820.7143 945.7143
v 2103.0000 1820.7143 948.5714
v 2103.0000 1819.2857 950.0000
v 2103.0000 1819.2857 968.5714
v 2103.0000 1820.7143 970.0000
v 2103.0000 1820.7143 972.8571
v 2103.0000 1825.7143 977.8571
v 2103.0000 1832.8571 979.2857
v 2103.0000 1837.8571 984.2857
v 2103.0000 1837.8571 987.1429
v 2103.0000 1839.2857 988.5714
v 2103.0000 1837.8571 997.1429
v 2103.0000 1830.7143 1004.2857
v 2103.0000 1829.2857 1010.0000
v 2103.0000 1830.7143 1011.4286
v 2103.0000 1830.7143 1014.2857
v 2103.0000 1837.8571 1021.4286
v 2103.0000 1837.8571 1024.2857
v 2103.0000 1839.2857 1025.7143
v 2103.0000 1839.2857 1068.5714
v 2103.0000 1840.7143 1070.0000
v 2103.0000 1840.7143 1072.8571
v 2103.0000 1845.7143 1077.8571
v 2103.0000 1848.5714 1077.8571
v 2103.0000 1850.0000 1079.2857
v 2103.0000 1868.5714 1079.2857
v 2103.0000 1870.0000 1077.8571
v 2103.0000 1872.8571 1077.8571
v 2103.0000 1877.8571 1072.8571
v 2103.0000 1879.2857 1065.7143
v 2103.0000 1884.2857 1060.7143
v 2103.0000 1887.1429 1060.7143
v 2103.0000 1888.5714 1059.2857
v 2103.0000 1910.0000 1059.2857
v 2103.0000 1911.4286 1060.7143
v 2103.0000 1914.2857 1060.7143
v 2103.0000 1919.2857 1065.7143
v 2103.0000 1920.7143 1072.8571
v 2103.0000 1925.7143 1077.8571
v 2103.0000 1928.5714 1077.8571
v 2103.0000 1930.0000 1079.2857
v 2103.0000 1968.5714 1079.2857
v 2103.0000 1970.0000 1077.8571
v 2103.0000 1972.8571 1077.8571
v 2103.0000 1977.8571 1072.8571
v 2103.0000 1979.2857 1065.7143
v 2103.0000 1984.2857 1060.7143
v 2103.0000 1987.1429 1060.7143
v 2103.0000 1988.5714 1059.2857
v 2103.0000 1997.1429 1060.7143
v 2103.0000 2004.2857 1067.8571
v 2103.0000 2007.1429 1067.8571
v 2103.0000 2008.5714 1069.2857
v 2103.0000 2010.0000 1067.8571
v 2103.0000 2012.8571 1067.8571
v 2103.0000 2017.8571 1062.8571
v 2103.0000 2017.8571 1060.0000
v 2103.0000 2019.2857 1058.5714
v 2103.0000 2019.2857 950.0000
v 2103.0000 2017.8571 948.5714
v 2103.0000 2017.8571 945.7143
v 2103.0000 2012.8571 940.7143
v 2103.0000 2010.0000 940.7143
v 2103.0000 2008.5714 939.2857
v 2103.0000 1988.5714 939.2857
v 2103.0000 1987.1429 937.8571
v 2103.0000 1984.2857 937.8571
v 2103.0000 1979.2857 932.8571
v 2103.0000 1977.8571 925.7143
v 2103.0000 1972.8571 920.7143
v 2103.0000 1970.0000 920.7143
v 2103.0000 1968.5714 919.2857
v 2106.0000 1845.7143 920.7143
v 2106.0000 1840.7143 925.7143
v 2106.0000 1839.2857 932.8571
v 2106.0000 1832.8571 939.2857
v 2106.0000 1825.7143 940.7143
v 2106.0000 1820.7143 945.7143
v 2106.0000 1820.7143 948.5714
v 2106.0000 1819.2857 950.0000
v 2106.0000 1819.2857 968.5714
v 2106.0000 1820.7143 970.0000
v 2106.0000 1820.7143 972.8571
v 2106.0000 1825.7143 977.8571
v 2106.0000 1832.8571 979.2857
v 2106.0000 1837.8571 984.2857
v 2106.0000 1837.8571 987.1429
v 2106.0000 1839.2857 988.5714
v 2106.0000 1837.8571 997.1429
v 2106.0000 1830.7143 1004.2857
v 2106.0000 1829.2857 1010.0000
v 2106.0000 1830.7143 1011.4286
v 2106.0000 1830.7143 1014.2857
v 2106.0000 1837.8571 1021.4286
v 2106.0000 1837.8571 1024.2857
v 2106.0000 1839.2857 1025.7143
v 2106.0000 1839.2857 1068.5714
v 2106.0000 1840.7143 1070.0000
v 2106.0000 1840.7143 1072.8571
v 2106.0000 1845.7143 1077.8571
v 2106.0000 1848.5714 1077.8571
v 2106.0000 1850.0000 1079.2857
v 2106.0000 1868.5714 1079.2857
v 2106.0000 1870.0000 1077.8571
v 2106.0000 1872.8571 1077.8571
v 2106.0000 1877.8571 1072.8571
v 2106.0000 1879.2857 1065.7143
v 2106.0000 1884.2857 1060.7143
v 2106.0000 1887.1429 1060.7143
v 2106.0000 1888.5714 1059.2857
v 2106.0000 1910.0000 1059.2857
v 2106.0000 1911.4286 1060.7143
v 2106.0000 1914.2857 1060.7143
v 2106.0000 1919.2857 1065.7143
v 2106.0000 1920.7143 1072.8571
v 2106.0000 1925.7143 1077.8571
v 2106.0000 1928.5714 1077.8571
v 2106.0000 1930.0000 1079.2857
v 2106.0000 1968.5714 1079.2857
v 2106.0000 1970.0000 1077.8571
v 2106.0000 1972.8571 1077.8571
v 2106.0000 1977.8571 1072.8571
v 2106.0000 1979.2857 1065.7143
v 2106.0000 1984.2857 1060.7143
v 2106.0000 1987.1429 1060.7143
v 2106.0000 1988.5714 1059.2857
v 2106.0000 1997.1429 1060.7143
v 2106.0000 2004.2857 1067.8571
v 2106.0000 2007.1429 1067.8571
v 2106.0000 2008.5714 1069.2857
v 2106.0000 2010.0000 1067.8571
v 2106.0000 2012.8571 1067.8571
v 2106.0000 2017.8571 1062.8571
v 2106.0000 2017.8571 1060.0000
v 2106.0000 2019.2857 1058.5714
v 2106.0000 2019.2857 950.0000
v 2106.0000 2017.8571 948.5714
v 2106.0000 2017.8571 945.7143
v 2106.0000 2012.8571 940.7143
v 2106.0000 2010.0000 940.7143
v 2106.0000 2008.5714 939.2857
v 2106.0000 1988.5714 939.2857
v 2106.0000 1987.1429 937.8571
v 2106.0000 1984.2857 937.8571
v 2106.0000 1979.2857 932.8571
v 2106.0000 1977.8571 925.7143
v 2106.0000 1972.8571 920.7143
v 2106.0000 1970.0000 920.7143
v 2106.0000 1968.5714 919.2857
v 2103.0000 1845.7143 920.7143
v 2103.0000 1840.7143 925.7143
v 2103.0000 1839.2857 932.8571
v 2103.0000 1832.8571 939.2857
v 2103.0000 1825.7143 940.7143
v 2103.0000 1820.7143 945.7143
v 2103.0000 1820.7143 948.5714
v 2103.0000 1819.2857 950.0000
v 2103.0000 1819.2857 968.5714
v 2103.0000 1820.7143 970.0000
v 2103.0000 1820.7143 972.8571
v 2103.0000 1825.7143 977.8571
v 2103.0000 1832.8571 979.2857
v 2103.0000 1837.8571 984.2857
v 2103.0000 1837.8571 987.1429
v 2103.0000 1839.2857 988.5714
v 2103.0000 1837.8571 997.1429
v 2103.0000 1830.7143 1004.2857
v 2103.0000 1829.2857 1010.0000
v 2103.0000 1830.7143 1011.4286
v 2103.0000 1830.7143 1014.2857
v 2103.0000 1837.8571 1021.4286
v 2103.0000 1837.8571 1024.2857
v 2103.0000 1839.2857 1025.7143
v 2103.0000 1839.2857 1068.5714
v 2103.0000 1840.7143 1070.0000
v 2103.0000 1840.7143 1072.8571
v 2103.0000 1845.7143 1077.8571
v 2103.0000 1848.5714 1077.8571
v 2103.0000 1850.0000 1079.2857
v 2103.0000 1868.5714 1079.2857
v 2103.0000 1870.0000 1077.8571
v 2103.0000 1872.8571 1077.8571
v 2103.0000 1877.8571 1072.8571
v 2103.0000 1879.2857 1065.7143
v 2103.0000 1884.2857 1060.7143
v 2103.0000 1887.1429 1060.7143
v 2103.0000 1888.5714 1059.2857
v 2103.0000 1910.0000 1059.2857
v 2103.0000 1911.4286 1060.7143
v 2103.0000 1914.2857 1060.7143
v 2103.0000 1919.2857 1065.7143
v 2103.0000 1920.7143 1072.8571
v 2103.0000 1925.7143 1077.8571
v 2103.0000 1928.5714 1077.8571
v 2103.0000 1930.0000 1079.2857
v 2103.0000 1968.5714 1079.2857
v 2103.0000 1970.0000 1077.8571
v 2103.0000 1972.8571 1077.8571
v 2103.0000 1977.8571 1072.8571
v 2103.0000 1979.2857 1065.7143
v 2103.0000 1984.2857 1060.7143
v 2103.0000 1987.1429 1060.7143
v 2103.0000 1988.5714 1059.2857
v 2103.0000 1997.1429 1060.7143
v 2103.0000 2004.2857 1067.8571
v 2103.0000 2007.1429 1067.8571
v 2103.0000 2008.5714 1069.2857
v 2103.0000 2010.0000 1067.8571
v 2103.0000 2012.8571 1067.8571
v 2103.0000 2017.8571 1062.8571
v 2103.0000 2017.8571 1060.0000
v 2103.0000 2019.2857 1058.5714
v 2103.0000 2019.2857 950.0000
v 2103.0000 2017.8571 948.5714
v 2103.0000 2017.8571 945.7143
v 2103.0000 2012.8571 940.7143
v 2103.0000 2010.0000 940.7143
v 2103.0000 2008.5714 939.2857
v 2103.0000 1988.5714 939.2857
v 2103.0000 1987.1429 937.8571
v 2103.0000 1984.2857 937.8571
v 2103.0000 1979.2857 932.8571
v 2103.0000 1977.8571 925.7143
v 2103.0000 1972.8571 920.7143
v 2103.0000 1970.0000 920.7143
v 2103.0000 1968.5714 919.2857
v 2097.0000 1865.7143 940.7143
v 2097.0000 1860.7143 945.7143
v 2097.0000 1859.2857 952.8571
v 2097.0000 1852.8571 959.2857
v 2097.0000 1845.7143 960.7143
v 2097.0000 1840.7143 965.7143
v 2097.0000 1840.7143 968.5714
v 2097.0000 1839.2857 970.0000
v 2097.0000 1839.2857 1028.5714
v 2097.0000 1840.7143 1030.0000
v 2097.0000 1840.7143 1032.8571
v 2097.0000 1845.7143 1037.8571
v 2097.0000 1848.5714 1037.8571
v 2097.0000 1850.0000 1039.2857
v 2097.0000 1952.8571 1039.2857
v 2097.0000 1954.2857 1040.7143
v 2097.0000 1957.1429 1040.7143
v 2097.0000 1964.2857 1047.8571
v 2097.0000 1967.1429 1047.8571
v 2097.0000 1968.5714 1049.2857
v 2097.0000 1970.0000 1047.8571
v 2097.0000 1972.8571 1047.8571
v 2097.0000 1977.8571 1042.8571
v 2097.0000 1977.8571 1040.0000
v 2097.0000 1979.2857 1038.5714
v 2097.0000 1979.2857 990.0000
v 2097.0000 1977.8571 988.5714
v 2097.0000 1977.8571 985.7143
v 2097.0000 1972.8571 980.7143
v 2097.0000 1970.0000 980.7143
v 2097.0000 1968.5714 979.2857
v 2097.0000 1950.0000 979.2857
v 2097.0000 1948.5714 980.7143
v 2097.0000 1945.7143 980.7143
v 2097.0000 1940.7143 985.7143
v 2097.0000 1939.2857 992.8571
v 2097.0000 1934.2857 997.8571
v 2097.0000 1931.4286 997.8571
v 2097.0000 1930.0000 999.2857
v 2097.0000 1928.5714 997.8571
v 2097.0000 1925.7143 997.8571
v 2097.0000 1920.7143 992.8571
v 2097.0000 1920.7143 990.0000
v 2097.0000 1919.2857 988.5714
v 2097.0000 1919.2857 970.0000
v 2097.0000 1917.8571 968.5714
v 2097.0000 1917.8571 965.7143
v 2097.0000 1912.8571 960.7143
v 2097.0000 1905.7143 959.2857
v 2097.0000 1899.2857 952.8571
v 2097.0000 1897.8571 945.7143
v 2097.0000 1892.8571 940.7143
v 2097.0000 1890.0000 940.7143
v 2097.0000 1888.5714 939.2857
v 2094.0000 1865.7143 940.7143
v 2094.0000 1860.7143 945.7143
v 2094.0000 1859.2857 952.8571
v 2094.0000 1852.8571 959.2857
v 2094.0000 1845.7143 960.7143
v 2094.0000 1840.7143 965.7143
v 2094.0000 1840.7143 968.5714
v 2094.0000 1839.2857 970.0000
v 2094.0000 1839.2857 1028.5714
v 2094.0000 1840.7143 1030.0000
v 2094.0000 1840.7143 1032.8571
v 2094.0000 1845.7143 1037.8571
v 2094.0000 1848.5714 1037.8571
v 2094.0000 1850.0000 1039.2857
v 2094.0000 1952.8571 1039.2857
v 2094.0000 1954.2857 1040.7143
v 2094.0000 1957.1429 1040.7143
v 2094.0000 1964.2857 1047.8571
v 2094.0000 1967.1429 1047.8571
v 2094.0000 1968.5714 1049.2857
v 2094.0000 1970.0000 1047.8571
v 2094.0000 1972.8571 1047.8571
v 2094.0000 1977.8571 1042.8571
v 2094.0000 1977.8571 1040.0000
v 2094.0000 1979.2857 1038.5714
v 2094.0000 1979.2857 990.0000
v 2094.0000 1977.8571 988.5714
v 2094.0000 1977.8571 985.7143
v 2094.0000 1972.8571 980.7143
v 2094.0000 1970.0000 980.7143
v 2094.0000 1968.5714 979.2857
v 2094.0000 1950.0000 979.2857
v 2094.0000 1948.5714 980.7143
v 2094.0000 1945.7143 980.7143
v 2094.0000 1940.7143 985.7143
v 2094.0000 1939.2857 992.8571
v 2094.0000 1934.2857 997.8571
v 2094.0000 1931.4286 997.8571
v 2094.0000 1930.0000 999.2857
v 2094.0000 1928.5714 997.8571
v 2094.0000 1925.7143 997.8571
v 2094.0000 1920.7143 992.8571
v 2094.0000 1920.7143 990.0000
v 2094.0000 1919.2857 988.5714
v 2094.0000 1919.2857 970.0000
v 2094.0000 1917.8571 968.5714
v 2094.0000 1917.8571 965.7143
v 2094.0000 1912.8571 960.7143
v 2094.0000 1905.7143 959.2857
v 2094.0000 1899.2857 952.8571
v 2094.0000 1897.8571 945.7143
v 2094.0000 1892.8571 940.7143
v 2094.0000 1890.0000 940.7143
v 2094.0000 1888.5714 939.2857
v 2097.0000 1865.7143 940.7143
v 2097.0000 1860.7143 945.7143
v 2097.0000 1859.2857 952.8571
v 2097.0000 1852.8571 959.2857
v 2097.0000 1845.7143 960.7143
v 2097.0000 1840.7143 965.7143
v 2097.0000 1840.7143 968.5714
v 2097.0000 1839.2857 970.0000
v 2097.0000 1839.2857 1028.5714
v 2097.0000 1840.7143 1030.0000
v 2097.0000 1840.7143 1032.8571
v 2097.0000 1845.7143 1037.8571
v 2097.0000 1848.5714 1037.8571
v 2097.0000 1850.0000 1039.2857
v 2097.0000 1952.8571 1039.2857
v 2097.0000 1954.2857 1040.7143
v 2097.0000 1957.1429 1040.7143
v 2097.0000 1964.2857 1047.8571
v 2097.0000 1967.1429 1047.8571
v 2097.0000 1968.5714 1049.2857
v 2097.0000 1970.0000 1047.8571
v 2097.0000 1972.8571 1047.8571
v 2097.0000 1977.8571 1042.8571
v 2097.0000 1977.8571 1040.0000
v 2097.0000 1979.2857 1038.5714
v 2097.0000 1979.2857 990.0000
v 2097.0000 1977.8571 988.5714
v 2097.0000 1977.8571 985.7143
v 2097.0000 1972.8571 980.7143
v 2097.0000 1970.0000 980.7143
v 2097.0000 1968.5714 979.2857
v 2097.0000 1950.0000 979.2857
v 2097.0000 1948.5714 980.7143
v 2097.0000 1945.7143 980.7143
v 2097.0000 1940.7143 985.7143
v 2097.0000 1939.2857 992.8571
v 2097.0000 1934.2857 997.8571
v 2097.0000 1931.4286 997.8571
v 2097.0000 1930.0000 999.2857
v 2097.0000 1928.5714 997.8571
v 2097.0000 1925.7143 997.8571
v 2097.0000 1920.7143 992.8571
v 2097.0000 1920.7143 990.0000
v 2097.0000 1919.2857 988.5714
v 2097.0000 1919.2857 970.0000
v 2097.0000 1917.8571 968.5714
v 2097.0000 1917.8571 965.7143
v 2097.0000 1912.8571 960.7143
v 2097.0000 1905.7143 959.2857
v 2097.0000 1899.2857 952.8571
v 2097.0000 1897.8571 945.7143
v 2097.0000 1892.8571 940.7143
v 2097.0000 1890.0000 940.7143
v 2097.0000 1888.5714 939.2857
v 2094.0000 1865.7143 940.7143
v 2094.0000 1860.7143 945.7143
v 2094.0000 1859.2857 952.8571
v 2094.0000 1852.8571 959.2857
v 2094.0000 1845.7143 960.7143
v 2094.0000 1840.7143 965.7143
v 2094.0000 1840.7143 968.5714
v 2094.0000 1839.2857 970.0000
v 2094.0000 1839.2857 1028.5714
v 2094.0000 1840.7143 1030.0000
v 2094.0000 1840.7143 1032.8571
v 2094.0000 1845.7143 1037.8571
v 2094.0000 1848.5714 1037.8571
v 2094.0000 1850.0000 1039.2857
v 2094.0000 1952.8571 1039.2857
v 2094.0000 1954.2857 1040.7143
v 2094.0000 1957.1429 1040.7143
v 2094.0000 1964.2857 1047.8571
v 2094.0000 1967.1429 1047.8571
v 2094.0000 1968.5714 1049.2857
v 2094.0000 1970.0000 1047.8571
v 2094.0000 1972.8571 1047.8571
v 2094.0000 1977.8571 1042.8571
v 2094.0000 1977.8571 1040.0000
v 2094.0000 1979.2857 1038.5714
v 2094.0000 1979.2857 990.0000
v 2094.0000 1977.8571 988.5714
v 2094.0000 1977.8571 985.7143
v 2094.0000 1972.8571 980.7143
v 2094.0000 1970.0000 980.7143
v 2094.0000 1968.5714 979.2857
v 2094.0000 1950.0000 979.2857
v 2094.0000 1948.5714 980.7143
v 2094.0000 1945.7143 980.7143
v 2094.0000 1940.7143 985.7143
v 2094.0000 1939.2857 992.8571
v 2094.0000 1934.2857 997.8571
v 2094.0000 1931.4286 997.8571
v 2094.0000 1930.0000 999.2857
v 2094.0000 1928.5714 997.8571
v 2094.0000 1925.7143 997.8571
v 2094.0000 1920.7143 992.8571
v 2094.0000 1920.7143 990.0000
v 2094.0000 1919.2857 988.5714
v 2094.0000 1919.2857 970.0000
v 2094.0000 1917.8571 968.5714
v 2094.0000 1917.8571 965.7143
v 2094.0000 1912.8571 960.7143
v 2094.0000 1905.7143 959.2857
v 2094.0000 1899.2857 952.8571
v 2094.0000 1897.8571 945.7143
v 2094.0000 1892.8571 940.7143
v 2094.0000 1890.0000 940.7143
v 2094.0000 1888.5714 939.2857
v 2300.0000 2100.7143 965.7143
v 2300.0000 2100.7143 968.5714
v 2300.0000 2099.2857 970.0000
v 2300.0000 2099.2857 1048.5714
v 2300.0000 2100.7143 1050.0000
v 2300.0000 2100.7143 1052.8571
v 2300.0000 2105.7143 1057.8571
v 2300.0000 2108.5714 1057.8571
v 2300.0000 2110.0000 1059.2857
v 2300.0000 2150.0000 1059.2857
v 2300.0000 2151.4286 1060.7143
v 2300.0000 2154.2857 1060.7143
v 2300.0000 2159.2857 1065.7143
v 2300.0000 2160.7143 1072.8571
v 2300.0000 2165.7143 1077.8571
v 2300.0000 2172.8571 1079.2857
v 2300.0000 2179.2857 1085.7143
v 2300.0000 2180.7143 1092.8571
v 2300.0000 2185.7143 1097.8571
v 2300.0000 2188.5714 1097.8571
v 2300.0000 2190.0000 1099.2857
v 2300.0000 2258.5714 1099.2857
v 2300.0000 2260.0000 1097.8571
v 2300.0000 2262.8571 1097.8571
v 2300.0000 2267.8571 1092.8571
v 2300.0000 2267.8571 1090.0000
v 2300.0000 2269.2857 1088.5714
v 2300.0000 2267.8571 1087.1429
v 2300.0000 2267.8571 1084.2857
v 2300.0000 2260.7143 1077.1429
v 2300.0000 2259.2857 1070.0000
v 2300.0000 2257.8571 1068.5714
v 2300.0000 2259.2857 1067.1429
v 2300.0000 2259.2857 1064.2857
v 2300.0000 2264.2857 1059.2857
v 2300.0000 2267.1429 1059.2857
v 2300.0000 2268.5714 1057.8571
v 2300.0000 2270.0000 1059.2857
v 2300.0000 2289.2857 1058.5714
v 2300.0000 2288.5714 1009.2857
v 2300.0000 2287.1429 1010.7143
v 2300.0000 2284.2857 1010.7143
v 2300.0000 2277.1429 1017.8571
v 2300.0000 2274.2857 1017.8571
v 2300.0000 2272.8571 1019.2857
v 2300.0000 2260.0000 1019.2857
v 2300.0000 2258.5714 1020.7143
v 2300.0000 2255.7143 1020.7143
v 2300.0000 2250.7143 1025.7143
v 2300.0000 2250.7143 1028.5714
v 2300.0000 2249.2857 1030.0000
v 2300.0000 2250.7143 1031.4286
v 2300.0000 2250.7143 1034.2857
v 2300.0000 2257.8571 1041.4286
v 2300.0000 2259.2857 1048.5714
v 2300.0000 2260.7143 1050.0000
v 2300.0000 2259.2857 1051.4286
v 2300.0000 2259.2857 1054.2857
v 2300.0000 2254.2857 1059.2857
v 2300.0000 2251.4286 1059.2857
v 2300.0000 2250.0000 1060.7143
v 2300.0000 2248.5714 1059.2857
v 2300.0000 2230.0000 1059.2857
v 2300.0000 2228.5714 1057.8571
v 2300.0000 2225.7143 1057.8571
v 2300.0000 2220.7143 1052.8571
v 2300.0000 2220.7143 1050.0000
v 2300.0000 2219.2857 1048.5714
v 2300.0000 2219.2857 1010.0000
v 2300.0000 2217.8571 1008.5714
v 2300.0000 2217.8571 1005.7143
v 2300.0000 2212.8571 1000.7143
v 2300.0000 2210.0000 1000.7143
v 2300.0000 2208.5714 999.2857
v 2300.0000 2190.0000 999.2857
v 2300.0000 2188.5714 997.8571
v 2300.0000 2185.7143 997.8571
v 2300.0000 2180.7143 992.8571
v 2300.0000 2180.7143 990.0000
v 2300.0000 2179.2857 988.5714
v 2300.0000 2179.2857 970.0000
v 2300.0000 2177.8571 968.5714
v 2300.0000 2177.8571 965.7143
v 2300.0000 2172.8571 960.7143
v 2300.0000 2170.0000 960.7143
v 2300.0000 2168.5714 959.2857
v 2300.0000 2105.7143 960.7143
v 2297.0000 2100.7143 965.7143
v 2297.0000 2100.7143 968.5714
v 2297.0000 2099.2857 970.0000
v 2297.0000 2099.2857 1048.5714
v 2297.0000 2100.7143 1050.0000
v 2297.0000 2100.7143 1052.8571
v 2297.0000 2105.7143 1057.8571
v 2297.0000 2108.5714 1057.8571
v 2297.0000 2110.0000 1059.2857
v 2297.0000 2150.0000 1059.2857
v 2297.0000 2151.4286 1060.7143
v 2297.0000 2154.2857 1060.7143
v 2297.0000 2159.2857 1065.7143
v 2297.0000 2160.7143 1072.8571
v 2297.0000 2165.7143 1077.8571
v 2297.0000 2172.8571 1079.2857
v 2297.0000 2179.2857 1085.7143
v 2297.0000 2180.7143 1092.8571
v 2297.0000 2185.7143 1097.8571
v 2297.0000 2188.5714 1097.8571
v 2297.0000 2190.0000 1099.2857
v 2297.0000 2258.5714 1099.2857
v 2297.0000 2260.0000 1097.8571
v 2297.0000 2262.8571 1097.8571
v 2297.0000 2267.8571 1092.8571
v 2297.0000 2267.8571 1090.0000
v 2297.0000 2269.2857 1088.5714
v 2297.0000 2267.8571 1087.1429
v 2297.0000 2267.8571 1084.2857
v 2297.0000 2260.7143 1077.1429
v 2297.0000 2259.2857 1070.0000
v 2297.0000 2257.8571 1068.5714
v 2297.0000 2259.2857 1067.1429
v 2297.0000 2259.2857 1064.2857
v 2297.0000 2264.2857 1059.2857
v 2297.0000 2267.1429 1059.2857
v 2297.0000 2268.5714 1057.8571
v 2297.0000 2270.0000 1059.2857
v 2297.0000 2289.2857 1058.5714
v 2297.0000 2288.5714 1009.2857
v 2297.0000 2287.1429 1010.7143
v 2297.0000 2284.2857 1010.7143
v 2297.0000 2277.1429 1017.8571
v 2297.0000 2274.2857 1017.8571
v 2297.0000 2272.8571 1019.2857
v 2297.0000 2260.0000 1019.2857
v 2297.0000 2258.5714 1020.7143
v 2297.0000 2255.7143 1020.7143
v 2297.0000 2250.7143 1025.7143
v 2297.0000 2250.7143 1028.5714
v 2297.0000 2249.2857 1030.0000
v 2297.0000 2250.7143 1031.4286
v 2297.0000 2250.7143 1034.2857
v 2297.0000 2257.8571 1041.4286
v 2297.0000 2259.2857 1048.5714
v 2297.0000 2260.7143 1050.0000
v 2297.0000 2259.2857 1051.4286
v 2297.0000 2259.2857 1054.2857
v 2297.0000 2254.2857 1059.2857
v 2297.0000 2251.4286 1059.2857
v 2297.0000 2250.0000 1060.7143
v 2297.0000 2248.5714 1059.2857
v 2297.0000 2230.0000 1059.2857
v 2297.0000 2228.5714 1057.8571
v 2297.0000 2225.7143 1057.8571
v 2297.0000 2220.7143 1052.8571
v 2297.0000 2220.7143 1050.0000
v 2297.0000 2219.2857 1048.5714
v 2297.0000 2219.2857 1010.0000
v 2297.0000 2217.8571 1008.5714
v 2297.0000 2217.8571 1005.7143
v 2297.0000 2212.8571 1000.7143
v 2297.0000 2210.0000 1000.7143
v 2297.0000 2208.5714 999.2857
v 2297.0000 2190.0000 999.2857
v 2297.0000 2188.5714 997.8571
v 2297.0000 2185.7143 997.8571
v 2297.0000 2180.7143 992.8571
v 2297.0000 2180.7143 990.0000
v 2297.0000 2179.2857 988.5714
v 2297.0000 2179.2857 970.0000
v 2297.0000 2177.8571 968.5714
v 2297.0000 2177.8571 965.7143
v 2297.0000 2172.8571 960.7143
v 2297.0000 2170.0000 960.7143
v 2297.0000 2168.5714 959.2857
v 2297.0000 2105.7143 960.7143
v 2300.0000 2100.7143 965.7143
v 2300.0000 2100.7143 968.5714
v 2300.0000 2099.2857 970.0000
v 2300.0000 2099.2857 1048.5714
v 2300.0000 2100.7143 1050.0000
v 2300.0000 2100.7143 1052.8571
v 2300.0000 2105.7143 1057.8571
v 2300.0000 2108.5714 1057.8571
v 2300.0000 2110.0000 1059.2857
v 2300.0000 2150.0000 1059.2857
v 2300.0000 2151.4286 1060.7143
v 2300.0000 2154.2857 1060.7143
v 2300.0000 2159.2857 1065.7143
v 2300.0000 2160.7143 1072.8571
v 2300.0000 2165.7143 1077.8571
v 2300.0000 2172.8571 1079.2857
v 2300.0000 2179.2857 1085.7143
v 2300.0000 2180.7143 1092.8571
v 2300.0000 2185.7143 1097.8571
v 2300.0000 2188.5714 1097.8571
v 2300.0000 2190.0000 1099.2857
v 2300.0000 2258.5714 1099.2857
v 2300.0000 2260.0000 1097.8571
v 2300.0000 2262.8571 1097.8571
v 2300.0000 2267.8571 1092.8571
v 2300.0000 2267.8571 1090.0000
v 2300.0000 2269.2857 1088.5714
v 2300.0000 2267.8571 1087.1429
v 2300.0000 2267.8571 1084.2857
v 2300.0000 2260.7143 1077.1429
v 2300.0000 2259.2857 1070.0000
v 2300.0000 2257.8571 1068.5714
v 2300.0000 2259.2857 1067.1429
v 2300.0000 2259.2857 1064.2857
v 2300.0000 2264.2857 1059.2857
v 2300.0000 2267.1429 1059.2857
v 2300.0000 2268.5714 1057.8571
v 2300.0000 2270.0000 1059.2857
v 2300.0000 2289.2857 1058.5714
v 2300.0000 2288.5714 1009.2857
v 2300.0000 2287.1429 1010.7143
v 2300.0000 2284.2857 1010.7143
v 2300.0000 2277.1429 1017.8571
v 2300.0000 2274.2857 1017.8571
v 2300.0000 2272.8571 1019.2857
v 2300.0000 2260.0000 1019.2857
v 2300.0000 2258.5714 1020.7143
v 2300.0000 2255.7143 1020.7143
v 2300.0000 2250.7143 1025.7143
v 2300.0000 2250.7143 1028.5714
v 2300.0000 2249.2857 1030.0000
v 2300.0000 2250.7143 1031.4286
v 2300.0000 2250.7143 1034.2857
v 2300.0000 2257.8571 1041.4286
v 2300.0000 2259.2857 1048.5714
v 2300.0000 2260.7143 1050.0000
v 2300.0000 2259.2857 1051.4286
v 2300.0000 2259.2857 1054.2857
v 2300.0000 2254.2857 1059.2857
v 2300.0000 2251.4286 1059.2857
v 2300.0000 2250.0000 1060.7143
v 2300.0000 2248.5714 1059.2857
v 2300.0000 2230.0000 1059.2857
v 2300.0000 2228.5714 1057.8571
v 2300.0000 2225.7143 1057.8571
v 2300.0000 2220.7143 1052.8571
v 2300.0000 2220.7143 1050.0000
v 2300.0000 2219.2857 1048.5714
v 2300.0000 2219.2857 1010.0000
v 2300.0000 2217.8571 1008.5714
v 2300.0000 2217.8571 1005.7143
v 2300.0000 2212.8571 1000.7143
v 2300.0000 2210.0000 1000.7143
v 2300.0000 2208.5714 999.2857
v 2300.0000 2190.0000 999.2857
v 2300.0000 2188.5714 997.8571
v 2300.0000 2185.7143 997.8571
v 2300.0000 2180.7143 992.8571
v 2300.0000 2180.7143 990.0000
v 2300.0000 2179.2857 988.5714
v 2300.0000 2179.2857 970.0000
v 2300.0000 2177.8571 968.5714
v 2300.0000 2177.8571 965.7143
v 2300.0000 2172.8571 960.7143
v 2300.0000 2170.0000 960.7143
v 2300.0000 2168.5714 959.2857
v 2300.0000 2105.7143 960.7143
v 2297.0000 2100.7143 965.7143
v 2297.0000 2100.7143 968.5714
v 2297.0000 2099.2857 970.0000
v 2297.0000 2099.2857 1048.5714
v 2297.0000 2100.7143 1050.0000
v 2297.0000 2100.7143 1052.8571
v 2297.0000 2105.7143 1057.8571
v 2297.0000 2108.5714 1057.8571
v 2297.0000 2110.0000 1059.2857
v 2297.0000 2150.0000 1059.2857
v 2297.0000 2151.4286 1060.7143
v 2297.0000 2154.2857 1060.7143
v 2297.0000 2159.2857 1065.7143
v 2297.0000 2160.7143 1072.8571
v 2297.0000 2165.7143 1077.8571
v 2297.0000 2172.8571 1079.2857
v 2297.0000 2179.2857 1085.7143
v 2297.0000 2180.7143 1092.8571
v 2297.0000 2185.7143 1097.8571
v 2297.0000 2188.5714 1097.8571
v 2297.0000 2190.0000 1099.2857
v 2297.0000 2258.5714 1099.2857
v 2297.0000 2260.0000 1097.8571
v 2297.0000 2262.8571 1097.8571
v 2297.0000 2267.8571 1092.8571
v 2297.0000 2267.8571 1090.0000
v 2297.0000 2269.2857 1088.5714
v 2297.0000 2267.8571 1087.1429
v 2297.0000 2267.8571 1084.2857
v 2297.0000 2260.7143 1077.1429
v 2297.0000 2259.2857 1070.0000
v 2297.0000 2257.8571 1068.5714
v 2297.0000 2259.2857 1067.1429
v 2297.0000 2259.2857 1064.2857
v 2297.0000 2264.2857 1059.2857
v 2297.0000 2267.1429 1059.2857
v 2297.0000 2268.5714 1057.8571
v 2297.0000 2270.0000 1059.2857
v 2297.0000 2289.2857 1058.5714
v 2297.0000 2288.5714 1009.2857
v 2297.0000 2287.1429 1010.7143
v 2297.0000 2284.2857 1010.7143
v 2297.0000 2277.1429 1017.8571
v 2297.0000 2274.2857 1017.8571
v 2297.0000 2272.8571 1019.2857
v 2297.0000 2260.0000 1019.2857
v 2297.0000 2258.5714 1020.7143
v 2297.0000 2255.7143 1020.7143
v 2297.0000 2250.7143 1025.7143
v 2297.0000 2250.7143 1028.5714
v 2297.0000 2249.2857 1030.0000
v 2297.0000 2250.7143 1031.4286
v 2297.0000 2250.7143 1034.2857
v 2297.0000 2257.8571 1041.4286
v 2297.0000 2259.2857 1048.5714
v 2297.0000 2260.7143 1050.0000
v 2297.0000 2259.2857 1051.4286
v 2297.0000 2259.2857 1054.2857
v 2297.0000 2254.2857 1059.2857
v 2297.0000 2251.4286 1059.2857
v 2297.0000 2250.0000 1060.7143
v 2297.0000 2248.5714 1059.2857
v 2297.0000 2230.0000 1059.2857
v 2297.0000 2228.5714 1057.8571
v 2297.0000 2225.7143 1057.8571
v 2297.0000 2220.7143 1052.8571
v 2297.0000 2220.7143 1050.0000
v 2297.0000 2219.2857 1048.5714
v 2297.0000 2219.2857 1010.0000
v 2297.0000 2217.8571 1008.5714
v 2297.0000 2217.8571 1005.7143
v 2297.0000 2212.8571 1000.7143
v 2297.0000 2210.0000 1000.7143
v 2297.0000 2208.5714 999.2857
v 2297.0000 2190.0000 999.2857
v 2297.0000 2188.5714 997.8571
v 2297.0000 2185.7143 997.8571
v 2297.0000 2180.7143 992.8571
v 2297.0000 2180.7143 990.0000
v 2297.0000 2179.2857 988.5714
v 2297.0000 2179.2857 970.0000
v 2297.0000 2177.8571 968.5714
v 2297.0000 2177.8571 965.7143
v 2297.0000 2172.8571 960.7143
v 2297.0000 2170.0000 960.7143
v 2297.0000 2168.5714 959.2857
v 2297.0000 2105.7143 960.7143
v 2300.0000 2250.7143 945.7143
v 2300.0000 2250.7143 948.5714
v 2300.0000 2249.2857 950.0000
v 2300.0000 2250.7143 951.4286
v 2300.0000 2250.7143 954.2857
v 2300.0000 2257.8571 961.4286
v 2300.0000 2260.7143 972.8571
v 2300.0000 2265.7143 977.8571
v 2300.0000 2268.5714 977.8571
v 2300.0000 2270.0000 979.2857
v 2300.0000 2288.5714 979.2857
v 2300.0000 2289.2857 940.0000
v 2300.0000 2255.7143 940.7143
v 2297.0000 2250.7143 945.7143
v 2297.0000 2250.7143 948.5714
v 2297.0000 2249.2857 950.0000
v 2297.0000 2250.7143 951.4286
v 2297.0000 2250.7143 954.2857
v 2297.0000 2257.8571 961.4286
v 2297.0000 2260.7143 972.8571
v 2297.0000 2265.7143 977.8571
v 2297.0000 2268.5714 977.8571
v 2297.0000 2270.0000 979.2857
v 2297.0000 2288.5714 979.2857
v 2297.0000 2289.2857 940.0000
v 2297.0000 2255.7143 940.7143
v 2300.0000 2250.7143 945.7143
v 2300.0000 2250.7143 948.5714
v 2300.0000 2249.2857 950.0000
v 2300.0000 2250.7143 951.4286
v 2300.0000 2250.7143 954.2857
v 2300.0000 2257.8571 961.4286
v 2300.0000 2260.7143 972.8571
v 2300.0000 2265.7143 977.8571
v 2300.0000 2268.5714 977.8571
v 2300.0000 2270.0000 979.2857
v 2300.0000 2288.5714 979.2857
v 2300.0000 2289.2857 940.0000
v 2300.0000 2255.7143 940.7143
v 2297.0000 2250.7143 945.7143
v 2297.0000 2250.7143 948.5714
v 2297.0000 2249.2857 950.0000
v 2297.0000 2250.7143 951.4286
v 2297.0000 2250.7143 954.2857
v 2297.0000 2257.8571 961.4286
v 2297.0000 2260.7143 972.8571
v 2297.0000 2265.7143 977.8571
v 2297.0000 2268.5714 977.8571
v 2297.0000 2270.0000 979.2857
v 2297.0000 2288.5714 979.2857
v 2297.0000 2289.2857 940.0000
v 2297.0000 2255.7143 940.7143
v 2300.0000 2190.7143 945.7143
v 2300.0000 2190.7143 948.5714
v 2300.0000 2189.2857 950.0000
v 2300.0000 2190.7143 951.4286
v 2300.0000 2190.7143 954.2857
v 2300.0000 2204.2857 967.8571
v 2300.0000 2210.0000 969.2857
v 2300.0000 2211.4286 967.8571
v 2300.0000 2214.2857 967.8571
v 2300.0000 2227.8571 954.2857
v 2300.0000 2227.8571 951.4286
v 2300.0000 2229.2857 950.0000
v 2300.0000 2227.8571 948.5714
v 2300.0000 2227.8571 945.7143
v 2300.0000 2222.8571 940.7143
v 2300.0000 2220.0000 940.7143
v 2300.0000 2218.5714 939.2857
v 2300.0000 2195.7143 940.7143
v 2297.0000 2190.7143 945.7143
v 2297.0000 2190.7143 948.5714
v 2297.0000 2189.2857 950.0000
v 2297.0000 2190.7143 951.4286
v 2297.0000 2190.7143 954.2857
v 2297.0000 2204.2857 967.8571
v 2297.0000 2210.0000 969.2857
v 2297.0000 2211.4286 967.8571
v 2297.0000 2214.2857 967.8571
v 2297.0000 2227.8571 954.2857
v 2297.0000 2227.8571 951.4286
v 2297.0000 2229.2857 950.0000
v 2297.0000 2227.8571 948.5714
v 2297.0000 2227.8571 945.7143
v 2297.0000 2222.8571 940.7143
v 2297.0000 2220.0000 940.7143
v 2297.0000 2218.5714 939.2857
v 2297.0000 2195.7143 940.7143
v 2300.0000 2190.7143 945.7143
v 2300.0000 2190.7143 948.5714
v 2300.0000 2189.2857 950.0000
v 2300.0000 2190.7143 951.4286
v 2300.0000 2190.7143 954.2857
v 2300.0000 2204.2857 967.8571
v 2300.0000 2210.0000 969.2857
v 2300.0000 2211.4286 967.8571
v 2300.0000 2214.2857 967.8571
v 2300.0000 2227.8571 954.2857
v 2300.0000 2227.8571 951.4286
v 2300.0000 2229.2857 950.0000
v 2300.0000 2227.8571 948.5714
v 2300.0000 2227.8571 945.7143
v 2300.0000 2222.8571 940.7143
v 2300.0000 2220.0000 940.7143
v 2300.0000 2218.5714 939.2857
v 2300.0000 2195.7143 940.7143
v 2297.0000 2190.7143 945.7143
v 2297.0000 2190.7143 948.5714
v 2297.0000 2189.2857 950.0000
v 2297.0000 2190.7143 951.4286
v 2297.0000 2190.7143 954.2857
v 2297.0000 2204.2857 967.8571
v 2297.0000 2210.0000 969.2857
v 2297.0000 2211.4286 967.8571
v 2297.0000 2214.2857 967.8571
v 2297.0000 2227.8571 954.2857
v 2297.0000 2227.8571 951.4286
v 2297.0000 2229.2857 950.0000
v 2297.0000 2227.8571 948.5714
v 2297.0000 2227.8571 945.7143
v 2297.0000 2222.8571 940.7143
v 2297.0000 2220.0000 940.7143
v 2297.0000 2218.5714 939.2857
v 2297.0000 2195.7143 940.7143
v 2300.0000 1980.7143 965.7143
v 2300.0000 1980.7143 968.5714
v 2300.0000 1979.2857 970.0000
v 2300.0000 1979.2857 1048.5714
v 2300.0000 1980.7143 1050.0000
v 2300.0000 1980.7143 1052.8571
v 2300.0000 1985.7143 1057.8571
v 2300.0000 1988.5714 1057.8571
v 2300.0000 1990.0000 1059.2857
v 2300.0000 2038.5714 1059.2857
v 2300.0000 2040.0000 1057.8571
v 2300.0000 2042.8571 1057.8571
v 2300.0000 2047.8571 1052.8571
v 2300.0000 2047.8571 1050.0000
v 2300.0000 2049.2857 1048.5714
v 2300.0000 2047.8571 1047.1429
v 2300.0000 2047.8571 1044.2857
v 2300.0000 2040.7143 1037.1429
v 2300.0000 2039.2857 1028.5714
v 2300.0000 2040.7143 1027.1429
v 2300.0000 2040.7143 1024.2857
v 2300.0000 2045.7143 1019.2857
v 2300.0000 2052.8571 1017.8571
v 2300.0000 2057.8571 1012.8571
v 2300.0000 2057.8571 1010.0000
v 2300.0000 2059.2857 1008.5714
v 2300.0000 2059.2857 970.0000
v 2300.0000 2057.8571 968.5714
v 2300.0000 2057.8571 965.7143
v 2300.0000 2052.8571 960.7143
v 2300.0000 2050.0000 960.7143
v 2300.0000 2048.5714 959.2857
v 2300.0000 1985.7143 960.7143
v 2297.0000 1980.7143 965.7143
v 2297.0000 1980.7143 968.5714
v 2297.0000 1979.2857 970.0000
v 2297.0000 1979.2857 1048.5714
v 2297.0000 1980.7143 1050.0000
v 2297.0000 1980.7143 1052.8571
v 2297.0000 1985.7143 1057.8571
v 2297.0000 1988.5714 1057.8571
v 2297.0000 1990.0000 1059.2857
v 2297.0000 2038.5714 1059.2857
v 2297.0000 2040.0000 1057.8571
v 2297.0000 2042.8571 1057.8571
v 2297.0000 2047.8571 1052.8571
v 2297.0000 2047.8571 1050.0000
v 2297.0000 2049.2857 1048.5714
v 2297.0000 2047.8571 1047.1429
v 2297.0000 2047.8571 1044.2857
v 2297.0000 2040.7143 1037.1429
v 2297.0000 2039.2857 1028.5714
v 2297.0000 2040.7143 1027.1429
v 2297.0000 2040.7143 1024.2857
v 2297.0000 2045.7143 1019.2857
v 2297.0000 2052.8571 1017.8571
v 2297.0000 2057.8571 1012.8571
v 2297.0000 2057.8571 1010.0000
v 2297.0000 2059.2857 1008.5714
v 2297.0000 2059.2857 970.0000
v 2297.0000 2057.8571 968.5714
v 2297.0000 2057.8571 965.7143
v 2297.0000 2052.8571 960.7143
v 2297.0000 2050.0000 960.7143
v 2297.0000 2048.5714 959.2857
v 2297.0000 1985.7143 960.7143
v 2300.0000 1980.7143 965.7143
v 2300.0000 1980.7143 968.5714
v 2300.0000 1979.2857 970.0000
v 2300.0000 1979.2857 1048.5714
v 2300.0000 1980.7143 1050.0000
v 2300.0000 1980.7143 1052.8571
v 2300.0000 1985.7143 1057.8571
v 2300.0000 1988.5714 1057.8571
v 2300.0000 1990.0000 1059.2857
v 2300.0000 2038.5714 1059.2857
v 2300.0000 2040.0000 1057.8571
v 2300.0000 2042.8571 1057.8571
v 2300.0000 2047.8571 1052.8571
v 2300.0000 2047.8571 1050.0000
v 2300.0000 2049.2857 1048.5714
v 2300.0000 2047.8571 1047.1429
v 2300.0000 2047.8571 1044.2857
v 2300.0000 2040.7143 1037.1429
v 2300.0000 2039.2857 1028.5714
v 2300.0000 2040.7143 1027.1429
v 2300.0000 2040.7143 1024.2857
v 2300.0000 2045.7143 1019.2857
v 2300.0000 2052.8571 1017.8571
v 2300.0000 2057.8571 1012.8571
v 2300.0000 2057.8571 1010.0000
v 2300.0000 2059.2857 1008.5714
v 2300.0000 2059.2857 970.0000
v 2300.0000 2057.8571 968.5714
v 2300.0000 2057.8571 965.7143
v 2300.0000 2052.8571 960.7143
v 2300.0000 2050.0000 960.7143
v 2300.0000 2048.5714 959.2857
v 2300.0000 1985.7143 960.7143
v 2297.0000 1980.7143 965.7143
v 2297.0000 1980.7143 968.5714
v 2297.0000 1979.2857 970.0000
v 2297.0000 1979.2857 1048.5714
v 2297.0000 1980.7143 1050.0000
v 2297.0000 1980.7143 1052.8571
v 2297.0000 1985.7143 1057.8571
v 2297.0000 1988.5714 1057.8571
v 2297.0000 1990.0000 1059.2857
v 2297.0000 2038.5714 1059.2857
v 2297.0000 2040.0000 1057.8571
v 2297.0000 2042.8571 1057.8571
v 2297.0000 2047.8571 1052.8571
v 2297.0000 2047.8571 1050.0000
v 2297.0000 2049.2857 1048.5714
v 2297.0000 2047.8571 1047.1429
v 2297.0000 2047.8571 1044.2857
v 2297.0000 2040.7143 1037.1429
v 2297.0000 2039.2857 1028.5714
v 2297.0000 2040.7143 1027.1429
v 2297.0000 2040.7143 1024.2857
v 2297.0000 2045.7143 1019.2857
v 2297.0000 2052.8571 1017.8571
v 2297.0000 2057.8571 1012.8571
v 2297.0000 2057.8571 1010.0000
v 2297.0000 2059.2857 1008.5714
v 2297.0000 2059.2857 970.0000
v 2297.0000 2057.8571 968.5714
v 2297.0000 2057.8571 965.7143
v 2297.0000 2052.8571 960.7143
v 2297.0000 2050.0000 960.7143
v 2297.0000 2048.5714 959.2857
v 2297.0000 1985.7143 960.7143
v 2297.0000 2165.7143 940.7143
v 2297.0000 2160.7143 945.7143
v 2297.0000 2159.2857 952.8571
v 2297.0000 2154.2857 957.8571
v 2297.0000 2151.4286 957.8571
v 2297.0000 2150.0000 959.2857
v 2297.0000 2125.7143 959.2857
v 2297.0000 2124.2857 957.8571
v 2297.0000 2121.4286 957.8571
v 2297.0000 2114.2857 950.7143
v 2297.0000 2111.4286 950.7143
v 2297.0000 2110.0000 949.2857
v 2297.0000 2108.5714 950.7143
v 2297.0000 2105.7143 950.7143
v 2297.0000 2100.7143 955.7143
v 2297.0000 2100.7143 958.5714
v 2297.0000 2099.2857 960.0000
v 2297.0000 2099.2857 1048.5714
v 2297.0000 2100.7143 1050.0000
v 2297.0000 2100.7143 1052.8571
v 2297.0000 2105.7143 1057.8571
v 2297.0000 2112.8571 1059.2857
v 2297.0000 2119.2857 1065.7143
v 2297.0000 2120.7143 1072.8571
v 2297.0000 2125.7143 1077.8571
v 2297.0000 2128.5714 1077.8571
v 2297.0000 2130.0000 1079.2857
v 2297.0000 2150.0000 1079.2857
v 2297.0000 2151.4286 1080.7143
v 2297.0000 2154.2857 1080.7143
v 2297.0000 2159.2857 1085.7143
v 2297.0000 2160.7143 1092.8571
v 2297.0000 2165.7143 1097.8571
v 2297.0000 2168.5714 1097.8571
v 2297.0000 2170.0000 1099.2857
v 2297.0000 2288.5714 1099.2857
v 2297.0000 2289.2857 940.0000
v 2297.0000 2260.0000 939.2857
v 2297.0000 2258.5714 940.7143
v 2297.0000 2255.7143 940.7143
v 2297.0000 2250.7143 945.7143
v 2297.0000 2250.7143 948.5714
v 2297.0000 2249.2857 950.0000
v 2297.0000 2250.7143 951.4286
v 2297.0000 2250.7143 954.2857
v 2297.0000 2257.8571 961.4286
v 2297.0000 2259.2857 968.5714
v 2297.0000 2257.8571 970.0000
v 2297.0000 2257.8571 972.8571
v 2297.0000 2252.8571 977.8571
v 2297.0000 2250.0000 977.8571
v 2297.0000 2248.5714 979.2857
v 2297.0000 2230.0000 979.2857
v 2297.0000 2228.5714 977.8571
v 2297.0000 2225.7143 977.8571
v 2297.0000 2220.7143 972.8571
v 2297.0000 2220.7143 970.0000
v 2297.0000 2219.2857 968.5714
v 2297.0000 2220.7143 961.4286
v 2297.0000 2227.8571 954.2857
v 2297.0000 2227.8571 951.4286
v 2297.0000 2229.2857 950.0000
v 2297.0000 2227.8571 948.5714
v 2297.0000 2227.8571 945.7143
v 2297.0000 2222.8571 940.7143
v 2297.0000 2220.0000 940.7143
v 2297.0000 2218.5714 939.2857
v 2294.0000 2165.7143 940.7143
v 2294.0000 2160.7143 945.7143
v 2294.0000 2159.2857 952.8571
v 2294.0000 2154.2857 957.8571
v 2294.0000 2151.4286 957.8571
v 2294.0000 2150.0000 959.2857
v 2294.0000 2125.7143 959.2857
v 2294.0000 2124.2857 957.8571
v 2294.0000 2121.4286 957.8571
v 2294.0000 2114.2857 950.7143
v 2294.0000 2111.4286 950.7143
v 2294.0000 2110.0000 949.2857
v 2294.0000 2108.5714 950.7143
v 2294.0000 2105.7143 950.7143
v 2294.0000 2100.7143 955.7143
v 2294.0000 2100.7143 958.5714
v 2294.0000 2099.2857 960.0000
v 2294.0000 2099.2857 1048.5714
v 2294.0000 2100.7143 1050.0000
v 2294.0000 2100.7143 1052.8571
v 2294.0000 2105.7143 1057.8571
v 2294.0000 2112.8571 1059.2857
v 2294.0000 2119.2857 1065.7143
v 2294.0000 2120.7143 1072.8571
v 2294.0000 2125.7143 1077.8571
v 2294.0000 2128.5714 1077.8571
v 2294.0000 2130.0000 1079.2857
v 2294.0000 2150.0000 1079.2857
v 2294.0000 2151.4286 1080.7143
v 2294.0000 2154.2857 1080.7143
v 2294.0000 2159.2857 1085.7143
v 2294.0000 2160.7143 1092.8571
v 2294.0000 2165.7143 1097.8571
v 2294.0000 2168.5714 1097.8571
v 2294.0000 2170.0000 1099.2857
v 2294.0000 2288.5714 1099.2857
v 2294.0000 2289.2857 940.0000
v 2294.0000 2260.0000 939.2857
v 2294.0000 2258.5714 940.7143
v 2294.0000 2255.7143 940.7143
v 2294.0000 2250.7143 945.7143
v 2294.0000 2250.7143 948.5714
v 2294.0000 2249.2857 950.0000
v 2294.0000 2250.7143 951.4286
v 2294.0000 2250.7143 954.2857
v 2294.0000 2257.8571 961.4286
v 2294.0000 2259.2857 968.5714
v 2294.0000 2257.8571 970.0000
v 2294.0000 2257.8571 972.8571
v 2294.0000 2252.8571 977.8571
v 2294.0000 2250.0000 977.8571
v 2294.0000 2248.5714 979.2857
v 2294.0000 2230.0000 979.2857
v 2294.0000 2228.5714 977.8571
v 2294.0000 2225.7143 977.8571
v 2294.0000 2220.7143 972.8571
v 2294.0000 2220.7143 970.0000
v 2294.0000 2219.2857 968.5714
v 2294.0000 2220.7143 961.4286
v 2294.0000 2227.8571 954.2857
v 2294.0000 2227.8571 951.4286
v 2294.0000 2229.2857 950.0000
v 2294.0000 2227.8571 948.5714
v 2294.0000 2227.8571 945.7143
v 2294.0000 2222.8571 940.7143
v 2294.0000 2220.0000 940.7143
v 2294.0000 2218.5714 939.2857
v 2297.0000 2165.7143 940.7143
v 2297.0000 2160.7143 945.7143
v 2297.0000 2159.2857 952.8571
v 2297.0000 2154.2857 957.8571
v 2297.0000 2151.4286 957.8571
v 2297.0000 2150.0000 959.2857
v 2297.0000 2125.7143 959.2857
v 2297.0000 2124.2857 957.8571
v 2297.0000 2121.4286 957.8571
v 2297.0000 2114.2857 950.7143
v 2297.0000 2111.4286 950.7143
v 2297.0000 2110.0000 949.2857
v 2297.0000 2108.5714 950.7143
v 2297.0000 2105.7143 950.7143
v 2297.0000 2100.7143 955.7143
v 2297.0000 2100.7143 958.5714
v 2297.0000 2099.2857 960.0000
v 2297.0000 2099.2857 1048.5714
v 2297.0000 2100.7143 1050.0000
v 2297.0000 2100.7143 1052.8571
v 2297.0000 2105.7143 1057.8571
v 2297.0000 2112.8571 1059.2857
v 2297.0000 2119.2857 1065.7143
v 2297.0000 2120.7143 1072.8571
v 2297.0000 2125.7143 1077.8571
v 2297.0000 2128.5714 1077.8571
v 2297.0000 2130.0000 1079.2857
v 2297.0000 2150.0000 1079.2857
v 2297.0000 2151.4286 1080.7143
v 2297.0000 2154.2857 1080.7143
v 2297.0000 2159.2857 1085.7143
v 2297.0000 2160.7143 1092.8571
v 2297.0000 2165.7143 1097.8571
v 2297.0000 2168.5714 1097.8571
v 2297.0000 2170.0000 1099.2857
v 2297.0000 2288.5714 1099.2857
v 2297.0000 2289.2857 940.0000
v 2297.0000 2260.0000 939.2857
v 2297.0000 2258.5714 940.7143
v 2297.0000 2255.7143 940.7143
v 2297.0000 2250.7143 945.7143
v 2297.0000 2250.7143 948.5714
v 2297.0000 2249.2857 950.0000
v 2297.0000 2250.7143 951.4286
v 2297.0000 2250.7143 954.2857
v 2297.0000 2257.8571 961.4286
v 2297.0000 2259.2857 968.5714
v 2297.0000 2257.8571 970.0000
v 2297.0000 2257.8571 972.8571
v 2297.0000 2252.8571 977.8571
v 2297.0000 2250.0000 977.8571
v 2297.0000 2248.5714 979.2857
v 2297.0000 2230.0000 979.2857
v 2297.0000 2228.5714 977.8571
v 2297.0000 2225.7143 977.8571
v 2297.0000 2220.7143 972.8571
v 2297.0000 2220.7143 970.0000
v 2297.0000 2219.2857 968.5714
v 2297.0000 2220.7143 961.4286
v 2297.0000 2227.8571 954.2857
v 2297.0000 2227.8571 951.4286
v 2297.0000 2229.2857 950.0000
v 2297.0000 2227.8571 948.5714
v 2297.0000 2227.8571 945.7143
v 2297.0000 2222.8571 940.7143
v 2297.0000 2220.0000 940.7143
v 2297.0000 2218.5714 939.2857
v 2294.0000 2165.7143 940.7143
v 2294.0000 2160.7143 945.7143
v 2294.0000 2159.2857 952.8571
v 2294.0000 2154.2857 957.8571
v 2294.0000 2151.4286 957.8571
v 2294.0000 2150.0000 959.2857
v 2294.0000 2125.7143 959.2857
v 2294.0000 2124.2857 957.8571
v 2294.0000 2121.4286 957.8571
v 2294.0000 2114.2857 950.7143
v 2294.0000 2111.4286 950.7143
v 2294.0000 2110.0000 949.2857
v 2294.0000 2108.5714 950.7143
v 2294.0000 2105.7143 950.7143
v 2294.0000 2100.7143 955.7143
v 2294.0000 2100.7143 958.5714
v 2294.0000 2099.2857 960.0000
v 2294.0000 2099.2857 1048.5714
v 2294.0000 2100.7143 1050.0000
v 2294.0000 2100.7143 1052.8571
v 2294.0000 2105.7143 1057.8571
v 2294.0000 2112.8571 1059.2857
v 2294.0000 2119.2857 1065.7143
v 2294.0000 2120.7143 1072.8571
v 2294.0000 2125.7143 1077.8571
v 2294.0000 2128.5714 1077.8571
v 2294.0000 2130.0000 1079.2857
v 2294.0000 2150.0000 1079.2857
v 2294.0000 2151.4286 1080.7143
v 2294.0000 2154.2857 1080.7143
v 2294.0000 2159.2857 1085.7143
v 2294.0000 2160.7143 1092.8571
v 2294.0000 2165.7143 1097.8571
v 2294.0000 2168.5714 1097.8571
v 2294.0000 2170.0000 1099.2857
v 2294.0000 2288.5714 1099.2857
v 2294.0000 2289.2857 940.0000
v 2294.0000 2260.0000 939.2857
v 2294.0000 2258.5714 940.7143
v 2294.0000 2255.7143 940.7143
v 2294.0000 2250.7143 945.7143
v 2294.0000 2250.7143 948.5714
v 2294.0000 2249.2857 950.0000
v 2294.0000 2250.7143 951.4286
v 2294.0000 2250.7143 954.2857
v 2294.0000 2257.8571 961.4286
v 2294.0000 2259.2857 968.5714
v 2294.0000 2257.8571 970.0000
v 2294.0000 2257.8571 972.8571
v 2294.0000 2252.8571 977.8571
v 2294.0000 2250.0000 977.8571
v 2294.0000 2248.5714 979.2857
v 2294.0000 2230.0000 979.2857
v 2294.0000 2228.5714 977.8571
v 2294.0000 2225.7143 977.8571
v 2294.0000 2220.7143 972.8571
v 2294.0000 2220.7143 970.0000
v 2294.0000 2219.2857 968.5714
v 2294.0000 2220.7143 961.4286
v 2294.0000 2227.8571 954.2857
v 2294.0000 2227.8571 951.4286
v 2294.0000 2229.2857 950.0000
v 2294.0000 2227.8571 948.5714
v 2294.0000 2227.8571 945.7143
v 2294.0000 2222.8571 940.7143
v 2294.0000 2220.0000 940.7143
v 2294.0000 2218.5714 939.2857
v 2297.0000 1985.7143 960.7143
v 2297.0000 1980.7143 965.7143
v 2297.0000 1980.7143 968.5714
v 2297.0000 1979.2857 970.0000
v 2297.0000 1979.2857 988.5714
v 2297.0000 1980.7143 990.0000
v 2297.0000 1980.7143 992.8571
v 2297.0000 1985.7143 997.8571
v 2297.0000 1988.5714 997.8571
v 2297.0000 1990.0000 999.2857
v 2297.0000 2048.5714 999.2857
v 2297.0000 2050.0000 997.8571
v 2297.0000 2052.8571 997.8571
v 2297.0000 2057.8571 992.8571
v 2297.0000 2057.8571 990.0000
v 2297.0000 2059.2857 988.5714
v 2297.0000 2059.2857 970.0000
v 2297.0000 2057.8571 968.5714
v 2297.0000 2057.8571 965.7143
v 2297.0000 2052.8571 960.7143
v 2297.0000 2050.0000 960.7143
v 2297.0000 2048.5714 959.2857
v 2294.0000 1985.7143 960.7143
v 2294.0000 1980.7143 965.7143
v 2294.0000 1980.7143 968.5714
v 2294.0000 1979.2857 970.0000
v 2294.0000 1979.2857 988.5714
v 2294.0000 1980.7143 990.0000
v 2294.0000 1980.7143 992.8571
v 2294.0000 1985.7143 997.8571
v 2294.0000 1988.5714 997.8571
v 2294.0000 1990.0000 999.2857
v 2294.0000 2048.5714 999.2857
v 2294.0000 2050.0000 997.8571
v 2294.0000 2052.8571 997.8571
v 2294.0000 2057.8571 992.8571
v 2294.0000 2057.8571 990.0000
v 2294.0000 2059.2857 988.5714
v 2294.0000 2059.2857 970.0000
v 2294.0000 2057.8571 968.5714
v 2294.0000 2057.8571 965.7143
v 2294.0000 2052.8571 960.7143
v 2294.0000 2050.0000 960.7143
v 2294.0000 2048.5714 959.2857
v 2297.0000 1985.7143 960.7143
v 2297.0000 1980.7143 965.7143
v 2297.0000 1980.7143 968.5714
v 2297.0000 1979.2857 970.0000
v 2297.0000 1979.2857 988.5714
v 2297.0000 1980.7143 990.0000
v 2297.0000 1980.7143 992.8571
v 2297.0000 1985.7143 997.8571
v 2297.0000 1988.5714 997.8571
v 2297.0000 1990.0000 999.2857
v 2297.0000 2048.5714 999.2857
v 2297.0000 2050.0000 997.8571
v 2297.0000 2052.8571 997.8571
v 2297.0000 2057.8571 992.8571
v 2297.0000 2057.8571 990.0000
v 2297.0000 2059.2857 988.5714
v 2297.0000 2059.2857 970.0000
v 2297.0000 2057.8571 968.5714
v 2297.0000 2057.8571 965.7143
v 2297.0000 2052.8571 960.7143
v 2297.0000 2050.0000 960.7143
v 2297.0000 2048.5714 959.2857
v 2294.0000 1985.7143 960.7143
v 2294.0000 1980.7143 965.7143
v 2294.0000 1980.7143 968.5714
v 2294.0000 1979.2857 970.0000
v 2294.0000 1979.2857 988.5714
v 2294.0000 1980.7143 990.0000
v 2294.0000 1980.7143 992.8571
v 2294.0000 1985.7143 997.8571
v 2294.0000 1988.5714 997.8571
v 2294.0000 1990.0000 999.2857
v 2294.0000 2048.5714 999.2857
v 2294.0000 2050.0000 997.8571
v 2294.0000 2052.8571 997.8571
v 2294.0000 2057.8571 992.8571
v 2294.0000 2057.8571 990.0000
v 2294.0000 2059.2857 988.5714
v 2294.0000 2059.2857 970.0000
v 2294.0000 2057.8571 968.5714
v 2294.0000 2057.8571 965.7143
v 2294.0000 2052.8571 960.7143
v 2294.0000 2050.0000 960.7143
v 2294.0000 2048.5714 959.2857
v 2288.0000 2105.7143 980.7143
v 2288.0000 2100.7143 985.7143
v 2288.0000 2100.7143 988.5714
v 2288.0000 2099.2857 990.0000
v 2288.0000 2099.2857 1028.5714
v 2288.0000 2100.7143 1030.0000
v 2288.0000 2100.7143 1032.8571
v 2288.0000 2105.7143 1037.8571
v 2288.0000 2108.5714 1037.8571
v 2288.0000 2110.0000 1039.2857
v 2288.0000 2130.0000 1039.2857
v 2288.0000 2131.4286 1040.7143
v 2288.0000 2134.2857 1040.7143
v 2288.0000 2139.2857 1045.7143
v 2288.0000 2140.7143 1052.8571
v 2288.0000 2145.7143 1057.8571
v 2288.0000 2148.5714 1057.8571
v 2288.0000 2150.0000 1059.2857
v 2288.0000 2190.0000 1059.2857
v 2288.0000 2191.4286 1060.7143
v 2288.0000 2194.2857 1060.7143
v 2288.0000 2199.2857 1065.7143
v 2288.0000 2200.7143 1072.8571
v 2288.0000 2205.7143 1077.8571
v 2288.0000 2212.8571 1079.2857
v 2288.0000 2219.2857 1085.7143
v 2288.0000 2220.7143 1092.8571
v 2288.0000 2225.7143 1097.8571
v 2288.0000 2228.5714 1097.8571
v 2288.0000 2230.0000 1099.2857
v 2288.0000 2248.5714 1099.2857
v 2288.0000 2250.0000 1097.8571
v 2288.0000 2252.8571 1097.8571
v 2288.0000 2257.8571 1092.8571
v 2288.0000 2257.8571 1090.0000
v 2288.0000 2259.2857 1088.5714
v 2288.0000 2259.2857 1070.0000
v 2288.0000 2260.7143 1068.5714
v 2288.0000 2260.7143 1065.7143
v 2288.0000 2265.7143 1060.7143
v 2288.0000 2268.5714 1060.7143
v 2288.0000 2270.0000 1059.2857
v 2288.0000 2289.2857 1058.5714
v 2288.0000 2288.5714 1009.2857
v 2288.0000 2287.1429 1010.7143
v 2288.0000 2284.2857 1010.7143
v 2288.0000 2277.1429 1017.8571
v 2288.0000 2274.2857 1017.8571
v 2288.0000 2272.8571 1019.2857
v 2288.0000 2228.5714 1019.2857
v 2288.0000 2227.1429 1017.8571
v 2288.0000 2224.2857 1017.8571
v 2288.0000 2219.2857 1012.8571
v 2288.0000 2217.8571 1005.7143
v 2288.0000 2212.8571 1000.7143
v 2288.0000 2210.0000 1000.7143
v 2288.0000 2208.5714 999.2857
v 2288.0000 2188.5714 999.2857
v 2288.0000 2187.1429 997.8571
v 2288.0000 2184.2857 997.8571
v 2288.0000 2179.2857 992.8571
v 2288.0000 2177.8571 985.7143
v 2288.0000 2172.8571 980.7143
v 2288.0000 2170.0000 980.7143
v 2288.0000 2168.5714 979.2857
v 2285.0000 2105.7143 980.7143
v 2285.0000 2100.7143 985.7143
v 2285.0000 2100.7143 988.5714
v 2285.0000 2099.2857 990.0000
v 2285.0000 2099.2857 1028.5714
v 2285.0000 2100.7143 1030.0000
v 2285.0000 2100.7143 1032.8571
v 2285.0000 2105.7143 1037.8571
v 2285.0000 2108.5714 1037.8571
v 2285.0000 2110.0000 1039.2857
v 2285.0000 2130.0000 1039.2857
v 2285.0000 2131.4286 1040.7143
v 2285.0000 2134.2857 1040.7143
v 2285.0000 2139.2857 1045.7143
v 2285.0000 2140.7143 1052.8571
v 2285.0000 2145.7143 1057.8571
v 2285.0000 2148.5714 1057.8571
v 2285.0000 2150.0000 1059.2857
v 2285.0000 2190.0000 1059.2857
v 2285.0000 2191.4286 1060.7143
v 2285.0000 2194.2857 1060.7143
v 2285.0000 2199.2857 1065.7143
v 2285.0000 2200.7143 1072.8571
v 2285.0000 2205.7143 1077.8571
v 2285.0000 2212.8571 1079.2857
v 2285.0000 2219.2857 1085.7143
v 2285.0000 2220.7143 1092.8571
v 2285.0000 2225.7143 1097.8571
v 2285.0000 2228.5714 1097.8571
v 2285.0000 2230.0000 1099.2857
v 2285.0000 2248.5714 1099.2857
v 2285.0000 2250.0000 1097.8571
v 2285.0000 2252.8571 1097.8571
v 2285.0000 2257.8571 1092.8571
v 2285.0000 2257.8571 1090.0000
v 2285.0000 2259.2857 1088.5714
v 2285.0000 2259.2857 1070.0000
v 2285.0000 2260.7143 1068.5714
v 2285.0000 2260.7143 1065.7143
v 2285.0000 2265.7143 1060.7143
v 2285.0000 2268.5714 1060.7143
v 2285.0000 2270.0000 1059.2857
v 2285.0000 2289.2857 1058.5714
v 2285.0000 2288.5714 1009.2857
v 2285.0000 2287.1429 1010.7143
v 2285.0000 2284.2857 1010.7143
v 2285.0000 2277.1429 1017.8571
v 2285.0000 2274.2857 1017.8571
v 2285.0000 2272.8571 1019.2857
v 2285.0000 2228.5714 1019.2857
v 2285.0000 2227.1429 1017.8571
v 2285.0000 2224.2857 1017.8571
v 2285.0000 2219.2857 1012.8571
v 2285.0000 2217.8571 1005.7143
v 2285.0000 2212.8571 1000.7143
v 2285.0000 2210.0000 1000.7143
v 2285.0000 2208.5714 999.2857
v 2285.0000 2188.5714 999.2857
v 2285.0000 2187.1429 997.8571
v 2285.0000 2184.2857 997.8571
v 2285.0000 2179.2857 992.8571
v 2285.0000 2177.8571 985.7143
v 2285.0000 2172.8571 980.7143
v 2285.0000 2170.0000 980.7143
v 2285.0000 2168.5714 979.2857
v 2288.0000 2105.7143 980.7143
v 2288.0000 2100.7143 985.7143
v 2288.0000 2100.7143 988.5714
v 2288.0000 2099.2857 990.0000
v 2288.0000 2099.2857 1028.5714
v 2288.0000 2100.7143 1030.0000
v 2288.0000 2100.7143 1032.8571
v 2288.0000 2105.7143 1037.8571
v 2288.0000 2108.5714 1037.8571
v 2288.0000 2110.0000 1039.2857
v 2288.0000 2130.0000 1039.2857
v 2288.0000 2131.4286 1040.7143
v 2288.0000 2134.2857 1040.7143
v 2288.0000 2139.2857 1045.7143
v 2288.0000 2140.7143 1052.8571
v 2288.0000 2145.7143 1057.8571
v 2288.0000 2148.5714 1057.8571
v 2288.0000 2150.0000 1059.2857
v 2288.0000 2190.0000 1059.2857
v 2288.0000 2191.4286 1060.7143
v 2288.0000 2194.2857 1060.7143
v 2288.0000 2199.2857 1065.7143
v 2288.0000 2200.7143 1072.8571
v 2288.0000 2205.7143 1077.8571
v 2288.0000 2212.8571 1079.2857
v 2288.0000 2219.2857 1085.7143
v 2288.0000 2220.7143 1092.8571
v 2288.0000 2225.7143 1097.8571
v 2288.0000 2228.5714 1097.8571
v 2288.0000 2230.0000 1099.2857
v 2288.0000 2248.5714 1099.2857
v 2288.0000 2250.0000 1097.8571
v 2288.0000 2252.8571 1097.8571
v 2288.0000 2257.8571 1092.8571
v 2288.0000 2257.8571 1090.0000
v 2288.0000 2259.2857 1088.5714
v 2288.0000 2259.2857 1070.0000
v 2288.0000 2260.7143 1068.5714
v 2288.0000 2260.7143 1065.7143
v 2288.0000 2265.7143 1060.7143
v 2288.0000 2268.5714 1060.7143
v 2288.0000 2270.0000 1059.2857
v 2288.0000 2289.2857 1058.5714
v 2288.0000 2288.5714 1009.2857
v 2288.0000 2287.1429 1010.7143
v 2288.0000 2284.2857 1010.7143
v 2288.0000 2277.1429 1017.8571
v 2288.0000 2274.2857 1017.8571
v 2288.0000 2272.8571 1019.2857
v 2288.0000 2228.5714 1019.2857
v 2288.0000 2227.1429 1017.8571
v 2288.0000 2224.2857 1017.8571
v 2288.0000 2219.2857 1012.8571
v 2288.0000 2217.8571 1005.7143
v 2288.0000 2212.8571 1000.7143
v 2288.0000 2210.0000 1000.7143
v 2288.0000 2208.5714 999.2857
v 2288.0000 2188.5714 999.2857
v 2288.0000 2187.1429 997.8571
v 2288.0000 2184.2857 997.8571
v 2288.0000 2179.2857 992.8571
v 2288.0000 2177.8571 985.7143
v 2288.0000 2172.8571 980.7143
v 2288.0000 2170.0000 980.7143
v 2288.0000 2168.5714 979.2857
v 2285.0000 2105.7143 980.7143
v 2285.0000 2100.7143 985.7143
v 2285.0000 2100.7143 988.5714
v 2285.0000 2099.2857 990.0000
v 2285.0000 2099.2857 1028.5714
v 2285.0000 2100.7143 1030.0000
v 2285.0000 2100.7143 1032.8571
v 2285.0000 2105.7143 1037.8571
v 2285.0000 2108.5714 1037.8571
v 2285.0000 2110.0000 1039.2857
v 2285.0000 2130.0000 1039.2857
v 2285.0000 2131.4286 1040.7143
v 2285.0000 2134.2857 1040.7143
v 2285.0000 2139.2857 1045.7143
v 2285.0000 2140.7143 1052.8571
v 2285.0000 2145.7143 1057.8571
v 2285.0000 2148.5714 1057.8571
v 2285.0000 2150.0000 1059.2857
v 2285.0000 2190.0000 1059.2857
v 2285.0000 2191.4286 1060.7143
v 2285.0000 2194.2857 1060.7143
v 2285.0000 2199.2857 1065.7143
v 2285.0000 2200.7143 1072.8571
v 2285.0000 2205.7143 1077.8571
v 2285.0000 2212.8571 1079.2857
v 2285.0000 2219.2857 1085.7143
v 2285.0000 2220.7143 1092.8571
v 2285.0000 2225.7143 1097.8571
v 2285.0000 2228.5714 1097.8571
v 2285.0000 2230.0000 1099.2857
v 2285.0000 2248.5714 1099.2857
v 2285.0000 2250.0000 1097.8571
v 2285.0000 2252.8571 1097.8571
v 2285.0000 2257.8571 1092.8571
v 2285.0000 2257.8571 1090.0000
v 2285.0000 2259.2857 1088.5714
v 2285.0000 2259.2857 1070.0000
v 2285.0000 2260.7143 1068.5714
v 2285.0000 2260.7143 1065.7143
v 2285.0000 2265.7143 1060.7143
v 2285.0000 2268.5714 1060.7143
v 2285.0000 2270.0000 1059.2857
v 2285.0000 2289.2857 1058.5714
v 2285.0000 2288.5714 1009.2857
v 2285.0000 2287.1429 1010.7143
v 2285.0000 2284.2857 1010.7143
v 2285.0000 2277.1429 1017.8571
v 2285.0000 2274.2857 1017.8571
v 2285.0000 2272.8571 1019.2857
v 2285.0000 2228.5714 1019.2857
v 2285.0000 2227.1429 1017.8571
v 2285.0000 2224.2857 1017.8571
v 2285.0000 2219.2857 1012.8571
v 2285.0000 2217.8571 1005.7143
v 2285.0000 2212.8571 1000.7143
v 2285.0000 2210.0000 1000.7143
v 2285.0000 2208.5714 999.2857
v 2285.0000 2188.5714 999.2857
v 2285.0000 2187.1429 997.8571
v 2285.0000 2184.2857 997.8571
v 2285.0000 2179.2857 992.8571
v 2285.0000 2177.8571 985.7143
v 2285.0000 2172.8571 980.7143
v 2285.0000 2170.0000 980.7143
v 2285.0000 2168.5714 979.2857
v 2294.0000 2105.7143 940.7143
v 2294.0000 2100.7143 945.7143
v 2294.0000 2100.7143 948.5714
v 2294.0000 2099.2857 950.0000
v 2294.0000 2099.2857 1048.5714
v 2294.0000 2100.7143 1050.0000
v 2294.0000 2100.7143 1052.8571
v 2294.0000 2105.7143 1057.8571
v 2294.0000 2112.8571 1059.2857
v 2294.0000 2119.2857 1065.7143
v 2294.0000 2120.7143 1072.8571
v 2294.0000 2125.7143 1077.8571
v 2294.0000 2128.5714 1077.8571
v 2294.0000 2130.0000 1079.2857
v 2294.0000 2150.0000 1079.2857
v 2294.0000 2151.4286 1080.7143
v 2294.0000 2154.2857 1080.7143
v 2294.0000 2159.2857 1085.7143
v 2294.0000 2160.7143 1092.8571
v 2294.0000 2165.7143 1097.8571
v 2294.0000 2168.5714 1097.8571
v 2294.0000 2170.0000 1099.2857
v 2294.0000 2192.8571 1099.2857
v 2294.0000 2194.2857 1100.7143
v 2294.0000 2197.1429 1100.7143
v 2294.0000 2204.2857 1107.8571
v 2294.0000 2207.1429 1107.8571
v 2294.0000 2208.5714 1109.2857
v 2294.0000 2214.2857 1107.8571
v 2294.0000 2221.4286 1100.7143
v 2294.0000 2224.2857 1100.7143
v 2294.0000 2225.7143 1099.2857
v 2294.0000 2252.8571 1099.2857
v 2294.0000 2254.2857 1100.7143
v 2294.0000 2257.1429 1100.7143
v 2294.0000 2264.2857 1107.8571
v 2294.0000 2270.0000 1109.2857
v 2294.0000 2271.4286 1107.8571
v 2294.0000 2274.2857 1107.8571
v 2294.0000 2281.4286 1100.7143
v 2294.0000 2289.2857 1098.5714
v 2294.0000 2288.5714 939.2857
v 2291.0000 2105.7143 940.7143
v 2291.0000 2100.7143 945.7143
v 2291.0000 2100.7143 948.5714
v 2291.0000 2099.2857 950.0000
v 2291.0000 2099.2857 1048.5714
v 2291.0000 2100.7143 1050.0000
v 2291.0000 2100.7143 1052.8571
v 2291.0000 2105.7143 1057.8571
v 2291.0000 2112.8571 1059.2857
v 2291.0000 2119.2857 1065.7143
v 2291.0000 2120.7143 1072.8571
v 2291.0000 2125.7143 1077.8571
v 2291.0000 2128.5714 1077.8571
v 2291.0000 2130.0000 1079.2857
v 2291.0000 2150.0000 1079.2857
v 2291.0000 2151.4286 1080.7143
v 2291.0000 2154.2857 1080.7143
v 2291.0000 2159.2857 1085.7143
v 2291.0000 2160.7143 1092.8571
v 2291.0000 2165.7143 1097.8571
v 2291.0000 2168.5714 1097.8571
v 2291.0000 2170.0000 1099.2857
v 2291.0000 2192.8571 1099.2857
v 2291.0000 2194.2857 1100.7143
v 2291.0000 2197.1429 1100.7143
v 2291.0000 2204.2857 1107.8571
v 2291.0000 2207.1429 1107.8571
v 2291.0000 2208.5714 1109.2857
v 2291.0000 2214.2857 1107.8571
v 2291.0000 2221.4286 1100.7143
v 2291.0000 2224.2857 1100.7143
v 2291.0000 2225.7143 1099.2857
v 2291.0000 2252.8571 1099.2857
v 2291.0000 2254.2857 1100.7143
v 2291.0000 2257.1429 1100.7143
v 2291.0000 2264.2857 1107.8571
v 2291.0000 2270.0000 1109.2857
v 2291.0000 2271.4286 1107.8571
v 2291.0000 2274.2857 1107.8571
v 2291.0000 2281.4286 1100.7143
v 2291.0000 2289.2857 1098.5714
v 2291.0000 2288.5714 939.2857
v 2294.0000 2105.7143 940.7143
v 2294.0000 2100.7143 945.7143
v 2294.0000 2100.7143 948.5714
v 2294.0000 2099.2857 950.0000
v 2294.0000 2099.2857 1048.5714
v 2294.0000 2100.7143 1050.0000
v 2294.0000 2100.7143 1052.8571
v 2294.0000 2105.7143 1057.8571
v 2294.0000 2112.8571 1059.2857
v 2294.0000 2119.2857 1065.7143
v 2294.0000 2120.7143 1072.8571
v 2294.0000 2125.7143 1077.8571
v 2294.0000 2128.5714 1077.8571
v 2294.0000 2130.0000 1079.2857
v 2294.0000 2150.0000 1079.2857
v 2294.0000 2151.4286 1080.7143
v 2294.0000 2154.2857 1080.7143
v 2294.0000 2159.2857 1085.7143
v 2294.0000 2160.7143 1092.8571
v 2294.0000 2165.7143 1097.8571
v 2294.0000 2168.5714 1097.8571
v 2294.0000 2170.0000 1099.2857
v 2294.0000 2192.8571 1099.2857
v 2294.0000 2194.2857 1100.7143
v 2294.0000 2197.1429 1100.7143
v 2294.0000 2204.2857 1107.8571
v 2294.0000 2207.1429 1107.8571
v 2294.0000 2208.5714 1109.2857
v 2294.0000 2214.2857 1107.8571
v 2294.0000 2221.4286 1100.7143
v 2294.0000 2224.2857 1100.7143
v 2294.0000 2225.7143 1099.2857
v 2294.0000 2252.8571 1099.2857
v 2294.0000 2254.2857 1100.7143
v 2294.0000 2257.1429 1100.7143
v 2294.0000 2264.2857 1107.8571
v 2294.0000 2270.0000 1109.2857
v 2294.0000 2271.4286 1107.8571
v 2294.0000 2274.2857 1107.8571
v 2294.0000 2281.4286 1100.7143
v 2294.0000 2289.2857 1098.5714
v 2294.0000 2288.5714 939.2857
v 2291.0000 2105.7143 940.7143
v 2291.0000 2100.7143 945.7143
v 2291.0000 2100.7143 948.5714
v 2291.0000 2099.2857 950.0000
v 2291.0000 2099.2857 1048.5714
v 2291.0000 2100.7143 1050.0000
v 2291.0000 2100.7143 1052.8571
v 2291.0000 2105.7143 1057.8571
v 2291.0000 2112.8571 1059.2857
v 2291.0000 2119.2857 1065.7143
v 2291.0000 2120.7143 1072.8571
v 2291.0000 2125.7143 1077.8571
v 2291.0000 2128.5714 1077.8571
v 2291.0000 2130.0000 1079.2857
v 2291.0000 2150.0000 1079.2857
v 2291.0000 2151.4286 1080.7143
v 2291.0000 2154.2857 1080.7143
v 2291.0000 2159.2857 1085.7143
v 2291.0000 2160.7143 1092.8571
v 2291.0000 2165.7143 1097.8571
v 2291.0000 2168.5714 1097.8571
v 2291.0000 2170.0000 1099.2857
v 2291.0000 2192.8571 1099.2857
v 2291.0000 2194.2857 1100.7143
v 2291.0000 2197.1429 1100.7143
v 2291.0000 2204.2857 1107.8571
v 2291.0000 2207.1429 1107.8571
v 2291.0000 2208.5714 1109.2857
v 2291.0000 2214.2857 1107.8571
v 2291.0000 2221.4286 1100.7143
v 2291.0000 2224.2857 1100.7143
v 2291.0000 2225.7143 1099.2857
v 2291.0000 2252.8571 1099.2857
v 2291.0000 2254.2857 1100.7143
v 2291.0000 2257.1429 1100.7143
v 2291.0000 2264.2857 1107.8571
v 2291.0000 2270.0000 1109.2857
v 2291.0000 2271.4286 1107.8571
v 2291.0000 2274.2857 1107.8571
v 2291.0000 2281.4286 1100.7143
v 2291.0000 2289.2857 1098.5714
v 2291.0000 2288.5714 939.2857
v 2294.0000 1985.7143 960.7143
v 2294.0000 1980.7143 965.7143
v 2294.0000 1980.7143 968.5714
v 2294.0000 1979.2857 970.0000
v 2294.0000 1979.2857 988.5714
v 2294.0000 1980.7143 990.0000
v 2294.0000 1980.7143 992.8571
v 2294.0000 1985.7143 997.8571
v 2294.0000 1988.5714 997.8571
v 2294.0000 1990.0000 999.2857
v 2294.0000 2048.5714 999.2857
v 2294.0000 2050.0000 997.8571
v 2294.0000 2052.8571 997.8571
v 2294.0000 2057.8571 992.8571
v 2294.0000 2057.8571 990.0000
v 2294.0000 2059.2857 988.5714
v 2294.0000 2059.2857 970.0000
v 2294.0000 2057.8571 968.5714
v 2294.0000 2057.8571 965.7143
v 2294.0000 2052.8571 960.7143
v 2294.0000 2050.0000 960.7143
v 2294.0000 2048.5714 959.2857
v 2291.0000 1985.7143 960.7143
v 2291.0000 1980.7143 965.7143
v 2291.0000 1980.7143 968.5714
v 2291.0000 1979.2857 970.0000
v 2291.0000 1979.2857 988.5714
v 2291.0000 1980.7143 990.0000
v 2291.0000 1980.7143 992.8571
v 2291.0000 1985.7143 997.8571
v 2291.0000 1988.5714 997.8571
v 2291.0000 1990.0000 999.2857
v 2291.0000 2048.5714 999.2857
v 2291.0000 2050.0000 997.8571
v 2291.0000 2052.8571 997.8571
v 2291.0000 2057.8571 992.8571
v 2291.0000 2057.8571 990.0000
v 2291.0000 2059.2857 988.5714
v 2291.0000 2059.2857 970.0000
v 2291.0000 2057.8571 968.5714
v 2291.0000 2057.8571 965.7143
v 2291.0000 2052.8571 960.7143
v 2291.0000 2050.0000 960.7143
v 2291.0000 2048.5714 959.2857
v 2294.0000 1985.7143 960.7143
v 2294.0000 1980.7143 965.7143
v 2294.0000 1980.7143 968.5714
v 2294.0000 1979.2857 970.0000
v 2294.0000 1979.2857 988.5714
v 2294.0000 1980.7143 990.0000
v 2294.0000 1980.7143 992.8571
v 2294.0000 1985.7143 997.8571
v 2294.0000 1988.5714 997.8571
v 2294.0000 1990.0000 999.2857
v 2294.0000 2048.5714 999.2857
v 2294.0000 2050.0000 997.8571
v 2294.0000 2052.8571 997.8571
v 2294.0000 2057.8571 992.8571
v 2294.0000 2057.8571 990.0000
v 2294.0000 2059.2857 988.5714
v 2294.0000 2059.2857 970.0000
v 2294.0000 2057.8571 968.5714
v 2294.0000 2057.8571 965.7143
v 2294.0000 2052.8571 960.7143
v 2294.0000 2050.0000 960.7143
v 2294.0000 2048.5714 959.2857
v 2291.0000 1985.7143 960.7143
v 2291.0000 1980.7143 965.7143
v 2291.0000 1980.7143 968.5714
v 2291.0000 1979.2857 970.0000
v 2291.0000 1979.2857 988.5714
v 2291.0000 1980.7143 990.0000
v 2291.0000 1980.7143 992.8571
v 2291.0000 1985.7143 997.8571
v 2291.0000 1988.5714 997.8571
v 2291.0000 1990.0000 999.2857
v 2291.0000 2048.5714 999.2857
v 2291.0000 2050.0000 997.8571
v 2291.0000 2052.8571 997.8571
v 2291.0000 2057.8571 992.8571
v 2291.0000 2057.8571 990.0000
v 2291.0000 2059.2857 988.5714
v 2291.0000 2059.2857 970.0000
v 2291.0000 2057.8571 968.5714
v 2291.0000 2057.8571 965.7143
v 2291.0000 2052.8571 960.7143
v 2291.0000 2050.0000 960.7143
v 2291.0000 2048.5714 959.2857
v 2285.0000 2105.7143 980.7143
v 2285.0000 2100.7143 985.7143
v 2285.0000 2100.7143 988.5714
v 2285.0000 2099.2857 990.0000
v 2285.0000 2099.2857 1028.5714
v 2285.0000 2100.7143 1030.0000
v 2285.0000 2100.7143 1032.8571
v 2285.0000 2105.7143 1037.8571
v 2285.0000 2112.8571 1039.2857
v 2285.0000 2119.2857 1045.7143
v 2285.0000 2120.7143 1052.8571
v 2285.0000 2125.7143 1057.8571
v 2285.0000 2128.5714 1057.8571
v 2285.0000 2130.0000 1059.2857
v 2285.0000 2150.0000 1059.2857
v 2285.0000 2151.4286 1060.7143
v 2285.0000 2154.2857 1060.7143
v 2285.0000 2159.2857 1065.7143
v 2285.0000 2160.7143 1072.8571
v 2285.0000 2165.7143 1077.8571
v 2285.0000 2168.5714 1077.8571
v 2285.0000 2170.0000 1079.2857
v 2285.0000 2210.0000 1079.2857
v 2285.0000 2211.4286 1080.7143
v 2285.0000 2214.2857 1080.7143
v 2285.0000 2219.2857 1085.7143
v 2285.0000 2220.7143 1092.8571
v 2285.0000 2225.7143 1097.8571
v 2285.0000 2228.5714 1097.8571
v 2285.0000 2230.0000 1099.2857
v 2285.0000 2268.5714 1099.2857
v 2285.0000 2270.0000 1097.8571
v 2285.0000 2272.8571 1097.8571
v 2285.0000 2277.8571 1092.8571
v 2285.0000 2277.8571 1090.0000
v 2285.0000 2279.2857 1088.5714
v 2285.0000 2279.2857 1068.5714
v 2285.0000 2280.7143 1067.1429
v 2285.0000 2280.7143 1064.2857
v 2285.0000 2285.7143 1059.2857
v 2285.0000 2289.2857 1058.5714
v 2285.0000 2288.5714 999.2857
v 2285.0000 2188.5714 999.2857
v 2285.0000 2187.1429 997.8571
v 2285.0000 2184.2857 997.8571
v 2285.0000 2179.2857 992.8571
v 2285.0000 2177.8571 985.7143
v 2285.0000 2172.8571 980.7143
v 2285.0000 2170.0000 980.7143
v 2285.0000 2168.5714 979.2857
v 2282.0000 2105.7143 980.7143
v 2282.0000 2100.7143 985.7143
v 2282.0000 2100.7143 988.5714
v 2282.0000 2099.2857 990.0000
v 2282.0000 2099.2857 1028.5714
v 2282.0000 2100.7143 1030.0000
v 2282.0000 2100.7143 1032.8571
v 2282.0000 2105.7143 1037.8571
v 2282.0000 2112.8571 1039.2857
v 2282.0000 2119.2857 1045.7143
v 2282.0000 2120.7143 1052.8571
v 2282.0000 2125.7143 1057.8571
v 2282.0000 2128.5714 1057.8571
v 2282.0000 2130.0000 1059.2857
v 2282.0000 2150.0000 1059.2857
v 2282.0000 2151.4286 1060.7143
v 2282.0000 2154.2857 1060.7143
v 2282.0000 2159.2857 1065.7143
v 2282.0000 2160.7143 1072.8571
v 2282.0000 2165.7143 1077.8571
v 2282.0000 2168.5714 1077.8571
v 2282.0000 2170.0000 1079.2857
v 2282.0000 2210.0000 1079.2857
v 2282.0000 2211.4286 1080.7143
v 2282.0000 2214.2857 1080.7143
v 2282.0000 2219.2857 1085.7143
v 2282.0000 2220.7143 1092.8571
v 2282.0000 2225.7143 1097.8571
v 2282.0000 2228.5714 1097.8571
v 2282.0000 2230.0000 1099.2857
v 2282.0000 2268.5714 1099.2857
v 2282.0000 2270.0000 1097.8571
v 2282.0000 2272.8571 1097.8571
v 2282.0000 2277.8571 1092.8571
v 2282.0000 2277.8571 1090.0000
v 2282.0000 2279.2857 1088.5714
v 2282.0000 2279.2857 1068.5714
v 2282.0000 2280.7143 1067.1429
v 2282.0000 2280.7143 1064.2857
v 2282.0000 2285.7143 1059.2857
v 2282.0000 2289.2857 1058.5714
v 2282.0000 2288.5714 999.2857
v 2282.0000 2188.5714 999.2857
v 2282.0000 2187.1429 997.8571
v 2282.0000 2184.2857 997.8571
v 2282.0000 2179.2857 992.8571
v 2282.0000 2177.8571 985.7143
v 2282.0000 2172.8571 980.7143
v 2282.0000 2170.0000 980.7143
v 2282.0000 2168.5714 979.2857
v 2285.0000 2105.7143 980.7143
v 2285.0000 2100.7143 985.7143
v 2285.0000 2100.7143 988.5714
v 2285.0000 2099.2857 990.0000
v 2285.0000 2099.2857 1028.5714
v 2285.0000 2100.7143 1030.0000
v 2285.0000 2100.7143 1032.8571
v 2285.0000 2105.7143 1037.8571
v 2285.0000 2112.8571 1039.2857
v 2285.0000 2119.2857 1045.7143
v 2285.0000 2120.7143 1052.8571
v 2285.0000 2125.7143 1057.8571
v 2285.0000 2128.5714 1057.8571
v 2285.0000 2130.0000 1059.2857
v 2285.0000 2150.0000 1059.2857
v 2285.0000 2151.4286 1060.7143
v 2285.0000 2154.2857 1060.7143
v 2285.0000 2159.2857 1065.7143
v 2285.0000 2160.7143 1072.8571
v 2285.0000 2165.7143 1077.8571
v 2285.0000 2168.5714 1077.8571
v 2285.0000 2170.0000 1079.2857
v 2285.0000 2210.0000 1079.2857
v 2285.0000 2211.4286 1080.7143
v 2285.0000 2214.2857 1080.7143
v 2285.0000 2219.2857 1085.7143
v 2285.0000 2220.7143 1092.8571
v 2285.0000 2225.7143 1097.8571
v 2285.0000 2228.5714 1097.8571
v 2285.0000 2230.0000 1099.2857
v 2285.0000 2268.5714 1099.2857
v 2285.0000 2270.0000 1097.8571
v 2285.0000 2272.8571 1097.8571
v 2285.0000 2277.8571 1092.8571
v 2285.0000 2277.8571 1090.0000
v 2285.0000 2279.2857 1088.5714
v 2285.0000 2279.2857 1068.5714
v 2285.0000 2280.7143 1067.1429
v 2285.0000 2280.7143 1064.2857
v 2285.0000 2285.7143 1059.2857
v 2285.0000 2289.2857 1058.5714
v 2285.0000 2288.5714 999.2857
v 2285.0000 2188.5714 999.2857
v 2285.0000 2187.1429 997.8571
v 2285.0000 2184.2857 997.8571
v 2285.0000 2179.2857 992.8571
v 2285.0000 2177.8571 985.7143
v 2285.0000 2172.8571 980.7143
v 2285.0000 2170.0000 980.7143
v 2285.0000 2168.5714 979.2857
v 2282.0000 2105.7143 980.7143
v 2282.0000 2100.7143 985.7143
v 2282.0000 2100.7143 988.5714
v 2282.0000 2099.2857 990.0000
v 2282.0000 2099.2857 1028.5714
v 2282.0000 2100.7143 1030.0000
v 2282.0000 2100.7143 1032.8571
v 2282.0000 2105.7143 1037.8571
v 2282.0000 2112.8571 1039.2857
v 2282.0000 2119.2857 1045.7143
v 2282.0000 2120.7143 1052.8571
v 2282.0000 2125.7143 1057.8571
v 2282.0000 2128.5714 1057.8571
v 2282.0000 2130.0000 1059.2857
v 2282.0000 2150.0000 1059.2857
v 2282.0000 2151.4286 1060.7143
v 2282.0000 2154.2857 1060.7143
v 2282.0000 2159.2857 1065.7143
v 2282.0000 2160.7143 1072.8571
v 2282.0000 2165.7143 1077.8571
v 2282.0000 2168.5714 1077.8571
v 2282.0000 2170.0000 1079.2857
v 2282.0000 2210.0000 1079.2857
v 2282.0000 2211.4286 1080.7143
v 2282.0000 2214.2857 1080.7143
v 2282.0000 2219.2857 1085.7143
v 2282.0000 2220.7143 1092.8571
v 2282.0000 2225.7143 1097.8571
v 2282.0000 2228.5714 1097.8571
v 2282.0000 2230.0000 1099.2857
v 2282.0000 2268.5714 1099.2857
v 2282.0000 2270.0000 1097.8571
v 2282.0000 2272.8571 1097.8571
v 2282.0000 2277.8571 1092.8571
v 2282.0000 2277.8571 1090.0000
v 2282.0000 2279.2857 1088.5714
v 2282.0000 2279.2857 1068.5714
v 2282.0000 2280.7143 1067.1429
v 2282.0000 2280.7143 1064.2857
v 2282.0000 2285.7143 1059.2857
v 2282.0000 2289.2857 1058.5714
v 2282.0000 2288.5714 999.2857
v 2282.0000 2188.5714 999.2857
v 2282.0000 2187.1429 997.8571
v 2282.0000 2184.2857 997.8571
v 2282.0000 2179.2857 992.8571
v 2282.0000 2177.8571 985.7143
v 2282.0000 2172.8571 980.7143
v 2282.0000 2170.0000 980.7143
v 2282.0000 2168.5714 979.2857
v 1724.2857 1700.0000 910.7143
v 1710.7143 1700.0000 924.2857
v 1710.7143 1700.0000 927.1429
v 1709.2857 1700.0000 928.5714
v 1710.7143 1700.0000 930.0000
v 1710.7143 1700.0000 932.8571
v 1715.7143 1700.0000 937.8571
v 1718.5714 1700.0000 937.8571
v 1720.0000 1700.0000 939.2857
v 1728.5714 1700.0000 939.2857
v 1730.0000 1700.0000 937.8571
v 1732.8571 1700.0000 937.8571
v 1737.8571 1700.0000 932.8571
v 1737.8571 1700.0000 930.0000
v 1739.2857 1700.0000 928.5714
v 1739.2857 1700.0000 920.0000
v 1737.8571 1700.0000 918.5714
v 1737.8571 1700.0000 915.7143
v 1732.8571 1700.0000 910.7143
v 1724.2857 1703.0000 910.7143
v 1710.7143 1703.0000 924.2857
v 1710.7143 1703.0000 927.1429
v 1709.2857 1703.0000 928.5714
v 1710.7143 1703.0000 930.0000
v 1710.7143 1703.0000 932.8571
v 1715.7143 1703.0000 937.8571
v 1718.5714 1703.0000 937.8571
v 1720.0000 1703.0000 939.2857
v 1728.5714 1703.0000 939.2857
v 1730.0000 1703.0000 937.8571
v 1732.8571 1703.0000 937.8571
v 1737.8571 1703.0000 932.8571
v 1737.8571 1703.0000 930.0000
v 1739.2857 1703.0000 928.5714
v 1739.2857 1703.0000 920.0000
v 1737.8571 1703.0000 918.5714
v 1737.8571 1703.0000 915.7143
v 1732.8571 1703.0000 910.7143
v 1724.2857 1700.0000 910.7143
v 1710.7143 1700.0000 924.2857
v 1710.7143 1700.0000 927.1429
v 1709.2857 1700.0000 928.5714
v 1710.7143 1700.0000 930.0000
v 1710.7143 1700.0000 932.8571
v 1715.7143 1700.0000 937.8571
v 1718.5714 1700.0000 937.8571
v 1720.0000 1700.0000 939.2857
v 1728.5714 1700.0000 939.2857
v 1730.0000 1700.0000 937.8571
v 1732.8571 1700.0000 937.8571
v 1737.8571 1700.0000 932.8571
v 1737.8571 1700.0000 930.0000
v 1739.2857 1700.0000 928.5714
v 1739.2857 1700.0000 920.0000
v 1737.8571 1700.0000 918.5714
v 1737.8571 1700.0000 915.7143
v 1732.8571 1700.0000 910.7143
v 1724.2857 1703.0000 910.7143
v 1710.7143 1703.0000 924.2857
v 1710.7143 1703.0000 927.1429
v 1709.2857 1703.0000 928.5714
v 1710.7143 1703.0000 930.0000
v 1710.7143 1703.0000 932.8571
v 1715.7143 1703.0000 937.8571
v 1718.5714 1703.0000 937.8571
v 1720.0000 1703.0000 939.2857
v 1728.5714 1703.0000 939.2857
v 1730.0000 1703.0000 937.8571
v 1732.8571 1703.0000 937.8571
v 1737.8571 1703.0000 932.8571
v 1737.8571 1703.0000 930.0000
v 1739.2857 1703.0000 928.5714
v 1739.2857 1703.0000 920.0000
v 1737.8571 1703.0000 918.5714
v 1737.8571 1703.0000 915.7143
v 1732.8571 1703.0000 910.7143
v 2124.2857 1891.0000 1030.7143
v 2110.7143 1891.0000 1044.2857
v 2110.7143 1891.0000 1047.1429
v 2109.2857 1891.0000 1048.5714
v 2110.7143 1891.0000 1050.0000
v 2110.7143 1891.0000 1052.8571
v 2115.7143 1891.0000 1057.8571
v 2118.5714 1891.0000 1057.8571
v 2120.0000 1891.0000 1059.2857
v 2128.5714 1891.0000 1059.2857
v 2130.0000 1891.0000 1057.8571
v 2132.8571 1891.0000 1057.8571
v 2137.8571 1891.0000 1052.8571
v 2137.8571 1891.0000 1050.0000
v 2139.2857 1891.0000 1048.5714
v 2139.2857 1891.0000 1040.0000
v 2137.8571 1891.0000 1038.5714
v 2137.8571 1891.0000 1035.7143
v 2132.8571 1891.0000 1030.7143
v 2124.2857 1894.0000 1030.7143
v 2110.7143 1894.0000 1044.2857
v 2110.7143 1894.0000 1047.1429
v 2109.2857 1894.0000 1048.5714
v 2110.7143 1894.0000 1050.0000
v 2110.7143 1894.0000 1052.8571
v 2115.7143 1894.0000 1057.8571
v 2118.5714 1894.0000 1057.8571
v 2120.0000 1894.0000 1059.2857
v 2128.5714 1894.0000 1059.2857
v 2130.0000 1894.0000 1057.8571
v 2132.8571 1894.0000 1057.8571
v 2137.8571 1894.0000 1052.8571
v 2137.8571 1894.0000 1050.0000
v 2139.2857 1894.0000 1048.5714
v 2139.2857 1894.0000 1040.0000
v 2137.8571 1894.0000 1038.5714
v 2137.8571 1894.0000 1035.7143
v 2132.8571 1894.0000 1030.7143
v 2124.2857 1891.0000 1030.7143
v 2110.7143 1891.0000 1044.2857
v 2110.7143 1891.0000 1047.1429
v 2109.2857 1891.0000 1048.5714
v 2110.7143 1891.0000 1050.0000
v 2110.7143 1891.0000 1052.8571
v 2115.7143 1891.0000 1057.8571
v 2118.5714 1891.0000 1057.8571
v 2120.0000 1891.0000 1059.2857
v 2128.5714 1891.0000 1059.2857
v 2130.0000 1891.0000 1057.8571
v 2132.8571 1891.0000 1057.8571
v 2137.8571 1891.0000 1052.8571
v 2137.8571 1891.0000 1050.0000
v 2139.2857 1891.0000 1048.5714
v 2139.2857 1891.0000 1040.0000
v 2137.8571 1891.0000 1038.5714
v 2137.8571 1891.0000 1035.7143
v 2132.8571 1891.0000 1030.7143
v 2124.2857 1894.0000 1030.7143
v 2110.7143 1894.0000 1044.2857
v 2110.7143 1894.0000 1047.1429
v 2109.2857 1894.0000 1048.5714
v 2110.7143 1894.0000 1050.0000
v 2110.7143 1894.0000 1052.8571
v 2115.7143 1894.0000 1057.8571
v 2118.5714 1894.0000 1057.8571
v 2120.0000 1894.0000 1059.2857
v 2128.5714 1894.0000 1059.2857
v 2130.0000 1894.0000 1057.8571
v 2132.8571 1894.0000 1057.8571
v 2137.8571 1894.0000 1052.8571
v 2137.8571 1894.0000 1050.0000
v 2139.2857 1894.0000 1048.5714
v 2139.2857 1894.0000 1040.0000
v 2137.8571 1894.0000 1038.5714
v 2137.8571 1894.0000 1035.7143
v 2132.8571 1894.0000 1030.7143
v 2125.7143 1894.0000 970.7143
v 2120.7143 1894.0000 975.7143
v 2120.7143 1894.0000 978.5714
v 2119.2857 1894.0000 980.0000
v 2119.2857 1894.0000 998.5714
v 2120.7143 1894.0000 1000.0000
v 2120.7143 1894.0000 1002.8571
v 2125.7143 1894.0000 1007.8571
v 2128.5714 1894.0000 1007.8571
v 2130.0000 1894.0000 1009.2857
v 2131.4286 1894.0000 1007.8571
v 2134.2857 1894.0000 1007.8571
v 2147.8571 1894.0000 994.2857
v 2149.2857 1894.0000 988.5714
v 2147.8571 1894.0000 987.1429
v 2147.8571 1894.0000 984.2857
v 2134.2857 1894.0000 970.7143
v 2125.7143 1897.0000 970.7143
v 2120.7143 1897.0000 975.7143
v 2120.7143 1897.0000 978.5714
v 2119.2857 1897.0000 980.0000
v 2119.2857 1897.0000 998.5714
v 2120.7143 1897.0000 1000.0000
v 2120.7143 1897.0000 1002.8571
v 2125.7143 1897.0000 1007.8571
v 2128.5714 1897.0000 1007.8571
v 2130.0000 1897.0000 1009.2857
v 2131.4286 1897.0000 1007.8571
v 2134.2857 1897.0000 1007.8571
v 2147.8571 1897.0000 994.2857
v 2149.2857 1897.0000 988.5714
v 2147.8571 1897.0000 987.1429
v 2147.8571 1897.0000 984.2857
v 2134.2857 1897.0000 970.7143
v 2125.7143 1894.0000 970.7143
v 2120.7143 1894.0000 975.7143
v 2120.7143 1894.0000 978.5714
v 2119.2857 1894.0000 980.0000
v 2119.2857 1894.0000 998.5714
v 2120.7143 1894.0000 1000.0000
v 2120.7143 1894.0000 1002.8571
v 2125.7143 1894.0000 1007.8571
v 2128.5714 1894.0000 1007.8571
v 2130.0000 1894.0000 1009.2857
v 2131.4286 1894.0000 1007.8571
v 2134.2857 1894.0000 1007.8571
v 2147.8571 1894.0000 994.2857
v 2149.2857 1894.0000 988.5714
v 2147.8571 1894.0000 987.1429
v 2147.8571 1894.0000 984.2857
v 2134.2857 1894.0000 970.7143
v 2125.7143 1897.0000 970.7143
v 2120.7143 1897.0000 975.7143
v 2120.7143 1897.0000 978.5714
v 2119.2857 1897.0000 980.0000
v 2119.2857 1897.0000 998.5714
v 2120.7143 1897.0000 1000.0000
v 2120.7143 1897.0000 1002.8571
v 2125.7143 1897.0000 1007.8571
v 2128.5714 1897.0000 1007.8571
v 2130.0000 1897.0000 1009.2857
v 2131.4286 1897.0000 1007.8571
v 2134.2857 1897.0000 1007.8571
v 2147.8571 1897.0000 994.2857
v 2149.2857 1897.0000 988.5714
v 2147.8571 1897.0000 987.1429
v 2147.8571 1897.0000 984.2857
v 2134.2857 1897.0000 970.7143
v 2045.7143 1894.0000 1030.7143
v 2040.7143 1894.0000 1035.7143
v 2040.7143 1894.0000 1038.5714
v 2039.2857 1894.0000 1040.0000
v 2039.2857 1894.0000 1068.5714
v 2040.7143 1894.0000 1070.0000
v 2040.7143 1894.0000 1072.8571
v 2045.7143 1894.0000 1077.8571
v 2057.1429 1894.0000 1080.7143
v 2064.2857 1894.0000 1087.8571
v 2067.1429 1894.0000 1087.8571
v 2068.5714 1894.0000 1089.2857
v 2070.0000 1894.0000 1087.8571
v 2072.8571 1894.0000 1087.8571
v 2077.8571 1894.0000 1082.8571
v 2080.7143 1894.0000 1065.7143
v 2085.7143 1894.0000 1060.7143
v 2092.8571 1894.0000 1059.2857
v 2094.2857 1894.0000 1060.7143
v 2097.1429 1894.0000 1060.7143
v 2104.2857 1894.0000 1067.8571
v 2110.0000 1894.0000 1069.2857
v 2111.4286 1894.0000 1067.8571
v 2114.2857 1894.0000 1067.8571
v 2121.4286 1894.0000 1060.7143
v 2132.8571 1894.0000 1057.8571
v 2137.8571 1894.0000 1052.8571
v 2137.8571 1894.0000 1050.0000
v 2139.2857 1894.0000 1048.5714
v 2139.2857 1894.0000 1040.0000
v 2137.8571 1894.0000 1038.5714
v 2137.8571 1894.0000 1035.7143
v 2132.8571 1894.0000 1030.7143
v 2130.0000 1894.0000 1030.7143
v 2128.5714 1894.0000 1029.2857
v 2127.1429 1894.0000 1030.7143
v 2124.2857 1894.0000 1030.7143
v 2117.1429 1894.0000 1037.8571
v 2114.2857 1894.0000 1037.8571
v 2112.8571 1894.0000 1039.2857
v 2105.7143 1894.0000 1039.2857
v 2104.2857 1894.0000 1037.8571
v 2101.4286 1894.0000 1037.8571
v 2094.2857 1894.0000 1030.7143
v 2088.5714 1894.0000 1029.2857
v 2087.1429 1894.0000 1030.7143
v 2084.2857 1894.0000 1030.7143
v 2077.1429 1894.0000 1037.8571
v 2074.2857 1894.0000 1037.8571
v 2072.8571 1894.0000 1039.2857
v 2065.7143 1894.0000 1039.2857
v 2064.2857 1894.0000 1037.8571
v 2061.4286 1894.0000 1037.8571
v 2054.2857 1894.0000 1030.7143
v 2045.7143 1897.0000 1030.7143
v 2040.7143 1897.0000 1035.7143
v 2040.7143 1897.0000 1038.5714
v 2039.2857 1897.0000 1040.0000
v 2039.2857 1897.0000 1068.5714
v 2040.7143 1897.0000 1070.0000
v 2040.7143 1897.0000 1072.8571
v 2045.7143 1897.0000 1077.8571
v 2057.1429 1897.0000 1080.7143
v 2064.2857 1897.0000 1087.8571
v 2067.1429 1897.0000 1087.8571
v 2068.5714 1897.0000 1089.2857
v 2070.0000 1897.0000 1087.8571
v 2072.8571 1897.0000 1087.8571
v 2077.8571 1897.0000 1082.8571
v 2080.7143 1897.0000 1065.7143
v 2085.7143 1897.0000 1060.7143
v 2092.8571 1897.0000 1059.2857
v 2094.2857 1897.0000 1060.7143
v 2097.1429 1897.0000 1060.7143
v 2104.2857 1897.0000 1067.8571
v 2110.0000 1897.0000 1069.2857
v 2111.4286 1897.0000 1067.8571
v 2114.2857 1897.0000 1067.8571
v 2121.4286 1897.0000 1060.7143
v 2132.8571 1897.0000 1057.8571
v 2137.8571 1897.0000 1052.8571
v 2137.8571 1897.0000 1050.0000
v 2139.2857 1897.0000 1048.5714
v 2139.2857 1897.0000 1040.0000
v 2137.8571 1897.0000 1038.5714
v 2137.8571 1897.0000 1035.7143
v 2132.8571 1897.0000 1030.7143
v 2130.0000 1897.0000 1030.7143
v 2128.5714 1897.0000 1029.2857
v 2127.1429 1897.0000 1030.7143
v 2124.2857 1897.0000 1030.7143
v 2117.1429 1897.0000 1037.8571
v 2114.2857 1897.0000 1037.8571
v 2112.8571 1897.0000 1039.2857
v 2105.7143 1897.0000 1039.2857
v 2104.2857 1897.0000 1037.8571
v 2101.4286 1897.0000 1037.8571
v 2094.2857 1897.0000 1030.7143
v 2088.5714 1897.0000 1029.2857
v 2087.1429 1897.0000 1030.7143
v 2084.2857 1897.0000 1030.7143
v 2077.1429 1897.0000 1037.8571
v 2074.2857 1897.0000 1037.8571
v 2072.8571 1897.0000 1039.2857
v 2065.7143 1897.0000 1039.2857
v 2064.2857 1897.0000 1037.8571
v 2061.4286 1897.0000 1037.8571
v 2054.2857 1897.0000 1030.7143
v 2045.7143 1894.0000 1030.7143
v 2040.7143 1894.0000 1035.7143
v 2040.7143 1894.0000 1038.5714
v 2039.2857 1894.0000 1040.0000
v 2039.2857 1894.0000 1068.5714
v 2040.7143 1894.0000 1070.0000
v 2040.7143 1894.0000 1072.8571
v 2045.7143 1894.0000 1077.8571
v 2057.1429 1894.0000 1080.7143
v 2064.2857 1894.0000 1087.8571
v 2067.1429 1894.0000 1087.8571
v 2068.5714 1894.0000 1089.2857
v 2070.0000 1894.0000 1087.8571
v 2072.8571 1894.0000 1087.8571
v 2077.8571 1894.0000 1082.8571
v 2080.7143 1894.0000 1065.7143
v 2085.7143 1894.0000 1060.7143
v 2092.8571 1894.0000 1059.2857
v 2094.2857 1894.0000 1060.7143
v 2097.1429 1894.0000 1060.7143
v 2104.2857 1894.0000 1067.8571
v 2110.0000 1894.0000 1069.2857
v 2111.4286 1894.0000 1067.8571
v 2114.2857 1894.0000 1067.8571
v 2121.4286 1894.0000 1060.7143
v 2132.8571 1894.0000 1057.8571
v 2137.8571 1894.0000 1052.8571
v 2137.8571 1894.0000 1050.0000
v 2139.2857 1894.0000 1048.5714
v 2139.2857 1894.0000 1040.0000
v 2137.8571 1894.0000 1038.5714
v 2137.8571 1894.0000 1035.7143
v 2132.8571 1894.0000 1030.7143
v 2130.0000 1894.0000 1030.7143
v 2128.5714 1894.0000 1029.2857
v 2127.1429 1894.0000 1030.7143
v 2124.2857 1894.0000 1030.7143
v 2117.1429 1894.0000 1037.8571
v 2114.2857 1894.0000 1037.8571
v 2112.8571 1894.0000 1039.2857
v 2105.7143 1894.0000 1039.2857
v 2104.2857 1894.0000 1037.8571
v 2101.4286 1894.0000 1037.8571
v 2094.2857 1894.0000 1030.7143
v 2088.5714 1894.0000 1029.2857
v 2087.1429 1894.0000 1030.7143
v 2084.2857 1894.0000 1030.7143
v 2077.1429 1894.0000 1037.8571
v 2074.2857 1894.0000 1037.8571
v 2072.8571 1894.0000 1039.2857
v 2065.7143 1894.0000 1039.2857
v 2064.2857 1894.0000 1037.8571
v 2061.4286 1894.0000 1037.8571
v 2054.2857 1894.0000 1030.7143
v 2045.7143 1897.0000 1030.7143
v 2040.7143 1897.0000 1035.7143
v 2040.7143 1897.0000 1038.5714
v 2039.2857 1897.0000 1040.0000
v 2039.2857 1897.0000 1068.5714
v 2040.7143 1897.0000 1070.0000
v 2040.7143 1897.0000 1072.8571
v 2045.7143 1897.0000 1077.8571
v 2057.1429 1897.0000 1080.7143
v 2064.2857 1897.0000 1087.8571
v 2067.1429 1897.0000 1087.8571
v 2068.5714 1897.0000 1089.2857
v 2070.0000 1897.0000 1087.8571
v 2072.8571 1897.0000 1087.8571
v 2077.8571 1897.0000 1082.8571
v 2080.7143 1897.0000 1065.7143
v 2085.7143 1897.0000 1060.7143
v 2092.8571 1897.0000 1059.2857
v 2094.2857 1897.0000 1060.7143
v 2097.1429 1897.0000 1060.7143
v 2104.2857 1897.0000 1067.8571
v 2110.0000 1897.0000 1069.2857
v 2111.4286 1897.0000 1067.8571
v 2114.2857 1897.0000 1067.8571
v 2121.4286 1897.0000 1060.7143
v 2132.8571 1897.0000 1057.8571
v 2137.8571 1897.0000 1052.8571
v 2137.8571 1897.0000 1050.0000
v 2139.2857 1897.0000 1048.5714
v 2139.2857 1897.0000 1040.0000
v 2137.8571 1897.0000 1038.5714
v 2137.8571 1897.0000 1035.7143
v 2132.8571 1897.0000 1030.7143
v 2130.0000 1897.0000 1030.7143
v 2128.5714 1897.0000 1029.2857
v 2127.1429 1897.0000 1030.7143
v 2124.2857 1897.0000 1030.7143
v 2117.1429 1897.0000 1037.8571
v 2114.2857 1897.0000 1037.8571
v 2112.8571 1897.0000 1039.2857
v 2105.7143 1897.0000 1039.2857
v 2104.2857 1897.0000 1037.8571
v 2101.4286 1897.0000 1037.8571
v 2094.2857 1897.0000 1030.7143
v 2088.5714 1897.0000 1029.2857
v 2087.1429 1897.0000 1030.7143
v 2084.2857 1897.0000 1030.7143
v 2077.1429 1897.0000 1037.8571
v 2074.2857 1897.0000 1037.8571
v 2072.8571 1897.0000 1039.2857
v 2065.7143 1897.0000 1039.2857
v 2064.2857 1897.0000 1037.8571
v 2061.4286 1897.0000 1037.8571
v 2054.2857 1897.0000 1030.7143
v 1835.7143 2076.0000 1140.7143
v 1830.7143 2076.0000 1145.7143
v 1830.7143 2076.0000 1148.5714
v 1829.2857 2076.0000 1150.0000
v 1830.7143 2076.0000 1151.4286
v 1830.7143 2076.0000 1154.2857
v 1837.8571 2076.0000 1161.4286
v 1839.2857 2076.0000 1170.0000
v 1837.8571 2076.0000 1171.4286
v 1837.8571 2076.0000 1174.2857
v 1832.8571 2076.0000 1179.2857
v 1825.7143 2076.0000 1180.7143
v 1820.7143 2076.0000 1185.7143
v 1820.7143 2076.0000 1188.5714
v 1819.2857 2076.0000 1190.0000
v 1819.2857 2076.0000 1208.5714
v 1820.7143 2076.0000 1210.0000
v 1820.7143 2076.0000 1212.8571
v 1825.7143 2076.0000 1217.8571
v 1828.5714 2076.0000 1217.8571
v 1830.0000 2076.0000 1219.2857
v 1888.5714 2076.0000 1219.2857
v 1890.0000 2076.0000 1217.8571
v 1892.8571 2076.0000 1217.8571
v 1897.8571 2076.0000 1212.8571
v 1899.2857 2076.0000 1205.7143
v 1905.7143 2076.0000 1199.2857
v 1912.8571 2076.0000 1197.8571
v 1917.8571 2076.0000 1192.8571
v 1917.8571 2076.0000 1190.0000
v 1919.2857 2076.0000 1188.5714
v 1919.2857 2076.0000 1170.0000
v 1917.8571 2076.0000 1168.5714
v 1917.8571 2076.0000 1165.7143
v 1912.8571 2076.0000 1160.7143
v 1905.7143 2076.0000 1159.2857
v 1899.2857 2076.0000 1152.8571
v 1897.8571 2076.0000 1145.7143
v 1892.8571 2076.0000 1140.7143
v 1890.0000 2076.0000 1140.7143
v 1888.5714 2076.0000 1139.2857
v 1835.7143 2079.0000 1140.7143
v 1830.7143 2079.0000 1145.7143
v 1830.7143 2079.0000 1148.5714
v 1829.2857 2079.0000 1150.0000
v 1830.7143 2079.0000 1151.4286
v 1830.7143 2079.0000 1154.2857
v 1837.8571 2079.0000 1161.4286
v 1839.2857 2079.0000 1170.0000
v 1837.8571 2079.0000 1171.4286
v 1837.8571 2079.0000 1174.2857
v 1832.8571 2079.0000 1179.2857
v 1825.7143 2079.0000 1180.7143
v 1820.7143 2079.0000 1185.7143
v 1820.7143 2079.0000 1188.5714
v 1819.2857 2079.0000 1190.0000
v 1819.2857 2079.0000 1208.5714
v 1820.7143 2079.0000 1210.0000
v 1820.7143 2079.0000 1212.8571
v 1825.7143 2079.0000 1217.8571
v 1828.5714 2079.0000 1217.8571
v 1830.0000 2079.0000 1219.2857
v 1888.5714 2079.0000 1219.2857
v 1890.0000 2079.0000 1217.8571
v 1892.8571 2079.0000 1217.8571
v 1897.8571 2079.0000 1212.8571
v 1899.2857 2079.0000 1205.7143
v 1905.7143 2079.0000 1199.2857
v 1912.8571 2079.0000 1197.8571
v 1917.8571 2079.0000 1192.8571
v 1917.8571 2079.0000 1190.0000
v 1919.2857 2079.0000 1188.5714
v 1919.2857 2079.0000 1170.0000
v 1917.8571 2079.0000 1168.5714
v 1917.8571 2079.0000 1165.7143
v 1912.8571 2079.0000 1160.7143
v 1905.7143 2079.0000 1159.2857
v 1899.2857 2079.0000 1152.8571
v 1897.8571 2079.0000 1145.7143
v 1892.8571 2079.0000 1140.7143
v 1890.0000 2079.0000 1140.7143
v 1888.5714 2079.0000 1139.2857
v 1835.7143 2076.0000 1140.7143
v 1830.7143 2076.0000 1145.7143
v 1830.7143 2076.0000 1148.5714
v 1829.2857 2076.0000 1150.0000
v 1830.7143 2076.0000 1151.4286
v 1830.7143 2076.0000 1154.2857
v 1837.8571 2076.0000 1161.4286
v 1839.2857 2076.0000 1170.0000
v 1837.8571 2076.0000 1171.4286
v 1837.8571 2076.0000 1174.2857
v 1832.8571 2076.0000 1179.2857
v 1825.7143 2076.0000 1180.7143
v 1820.7143 2076.0000 1185.7143
v 1820.7143 2076.0000 1188.5714
v 1819.2857 2076.0000 1190.0000
v 1819.2857 2076.0000 1208.5714
v 1820.7143 2076.0000 1210.0000
v 1820.7143 2076.0000 1212.8571
v 1825.7143 2076.0000 1217.8571
v 1828.5714 2076.0000 1217.8571
v 1830.0000 2076.0000 1219.2857
v 1888.5714 2076.0000 1219.2857
v 1890.0000 2076.0000 1217.8571
v 1892.8571 2076.0000 1217.8571
v 1897.8571 2076.0000 1212.8571
v 1899.2857 2076.0000 1205.7143
v 1905.7143 2076.0000 1199.2857
v 1912.8571 2076.0000 1197.8571
v 1917.8571 2076.0000 1192.8571
v 1917.8571 2076.0000 1190.0000
v 1919.2857 2076.0000 1188.5714
v 1919.2857 2076.0000 1170.0000
v 1917.8571 2076.0000 1168.5714
v 1917.8571 2076.0000 1165.7143
v 1912.8571 2076.0000 1160.7143
v 1905.7143 2076.0000 1159.2857
v 1899.2857 2076.0000 1152.8571
v 1897.8571 2076.0000 1145.7143
v 1892.8571 2076.0000 1140.7143
v 1890.0000 2076.0000 1140.7143
v 1888.5714 2076.0000 1139.2857
v 1835.7143 2079.0000 1140.7143
v 1830.7143 2079.0000 1145.7143
v 1830.7143 2079.0000 1148.5714
v 1829.2857 2079.0000 1150.0000
v 1830.7143 2079.0000 1151.4286
v 1830.7143 2079.0000 1154.2857
v 1837.8571 2079.0000 1161.4286
v 1839.2857 2079.0000 1170.0000
v 1837.8571 2079.0000 1171.4286
v 1837.8571 2079.0000 1174.2857
v 1832.8571 2079.0000 1179.2857
v 1825.7143 2079.0000 1180.7143
v 1820.7143 2079.0000 1185.7143
v 1820.7143 2079.0000 1188.5714
v 1819.2857 2079.0000 1190.0000
v 1819.2857 2079.0000 1208.5714
v 1820.7143 2079.0000 1210.0000
v 1820.7143 2079.0000 1212.8571
v 1825.7143 2079.0000 1217.8571
v 1828.5714 2079.0000 1217.8571
v 1830.0000 2079.0000 1219.2857
v 1888.5714 2079.0000 1219.2857
v 1890.0000 2079.0000 1217.8571
v 1892.8571 2079.0000 1217.8571
v 1897.8571 2079.0000 1212.8571
v 1899.2857 2079.0000 1205.7143
v 1905.7143 2079.0000 1199.2857
v 1912.8571 2079.0000 1197.8571
v 1917.8571 2079.0000 1192.8571
v 1917.8571 2079.0000 1190.0000
v 1919.2857 2079.0000 1188.5714
v 1919.2857 2079.0000 1170.0000
v 1917.8571 2079.0000 1168.5714
v 1917.8571 2079.0000 1165.7143
v 1912.8571 2079.0000 1160.7143
v 1905.7143 2079.0000 1159.2857
v 1899.2857 2079.0000 1152.8571
v 1897.8571 2079.0000 1145.7143
v 1892.8571 2079.0000 1140.7143
v 1890.0000 2079.0000 1140.7143
v 1888.5714 2079.0000 1139.2857
v 1884.2857 2079.0000 1170.7143
v 1877.1429 2079.0000 1177.8571
v 1865.7143 2079.0000 1180.7143
v 1860.7143 2079.0000 1185.7143
v 1857.8571 2079.0000 1197.1429
v 1850.7143 2079.0000 1204.2857
v 1850.7143 2079.0000 1207.1429
v 1849.2857 2079.0000 1208.5714
v 1850.7143 2079.0000 1210.0000
v 1850.7143 2079.0000 1212.8571
v 1855.7143 2079.0000 1217.8571
v 1858.5714 2079.0000 1217.8571
v 1860.0000 2079.0000 1219.2857
v 1888.5714 2079.0000 1219.2857
v 1890.0000 2079.0000 1217.8571
v 1892.8571 2079.0000 1217.8571
v 1897.8571 2079.0000 1212.8571
v 1897.8571 2079.0000 1210.0000
v 1899.2857 2079.0000 1208.5714
v 1899.2857 2079.0000 1180.0000
v 1897.8571 2079.0000 1178.5714
v 1897.8571 2079.0000 1175.7143
v 1892.8571 2079.0000 1170.7143
v 1884.2857 2082.0000 1170.7143
v 1877.1429 2082.0000 1177.8571
v 1865.7143 2082.0000 1180.7143
v 1860.7143 2082.0000 1185.7143
v 1857.8571 2082.0000 1197.1429
v 1850.7143 2082.0000 1204.2857
v 1850.7143 2082.0000 1207.1429
v 1849.2857 2082.0000 1208.5714
v 1850.7143 2082.0000 1210.0000
v 1850.7143 2082.0000 1212.8571
v 1855.7143 2082.0000 1217.8571
v 1858.5714 2082.0000 1217.8571
v 1860.0000 2082.0000 1219.2857
v 1888.5714 2082.0000 1219.2857
v 1890.0000 2082.0000 1217.8571
v 1892.8571 2082.0000 1217.8571
v 1897.8571 2082.0000 1212.8571
v 1897.8571 2082.0000 1210.0000
v 1899.2857 2082.0000 1208.5714
v 1899.2857 2082.0000 1180.0000
v 1897.8571 2082.0000 1178.5714
v 1897.8571 2082.0000 1175.7143
v 1892.8571 2082.0000 1170.7143
v 1884.2857 2079.0000 1170.7143
v 1877.1429 2079.0000 1177.8571
v 1865.7143 2079.0000 1180.7143
v 1860.7143 2079.0000 1185.7143
v 1857.8571 2079.0000 1197.1429
v 1850.7143 2079.0000 1204.2857
v 1850.7143 2079.0000 1207.1429
v 1849.2857 2079.0000 1208.5714
v 1850.7143 2079.0000 1210.0000
v 1850.7143 2079.0000 1212.8571
v 1855.7143 2079.0000 1217.8571
v 1858.5714 2079.0000 1217.8571
v 1860.0000 2079.0000 1219.2857
v 1888.5714 2079.0000 1219.2857
v 1890.0000 2079.0000 1217.8571
v 1892.8571 2079.0000 1217.8571
v 1897.8571 2079.0000 1212.8571
v 1897.8571 2079.0000 1210.0000
v 1899.2857 2079.0000 1208.5714
v 1899.2857 2079.0000 1180.0000
v 1897.8571 2079.0000 1178.5714
v 1897.8571 2079.0000 1175.7143
v 1892.8571 2079.0000 1170.7143
v 1884.2857 2082.0000 1170.7143
v 1877.1429 2082.0000 1177.8571
v 1865.7143 2082.0000 1180.7143
v 1860.7143 2082.0000 1185.7143
v 1857.8571 2082.0000 1197.1429
v 1850.7143 2082.0000 1204.2857
v 1850.7143 2082.0000 1207.1429
v 1849.2857 2082.0000 1208.5714
v 1850.7143 2082.0000 1210.0000
v 1850.7143 2082.0000 1212.8571
v 1855.7143 2082.0000 1217.8571
v 1858.5714 2082.0000 1217.8571
v 1860.0000 2082.0000 1219.2857
v 1888.5714 2082.0000 1219.2857
v 1890.0000 2082.0000 1217.8571
v 1892.8571 2082.0000 1217.8571
v 1897.8571 2082.0000 1212.8571
v 1897.8571 2082.0000 1210.0000
v 1899.2857 2082.0000 1208.5714
v 1899.2857 2082.0000 1180.0000
v 1897.8571 2082.0000 1178.5714
v 1897.8571 2082.0000 1175.7143
v 1892.8571 2082.0000 1170.7143
v 2185.7143 2264.0000 1110.7143
v 2180.7143 2264.0000 1115.7143
v 2180.7143 2264.0000 1118.5714
v 2179.2857 2264.0000 1120.0000
v 2179.2857 2264.0000 1128.5714
v 2180.7143 2264.0000 1130.0000
v 2180.7143 2264.0000 1132.8571
v 2185.7143 2264.0000 1137.8571
v 2188.5714 2264.0000 1137.8571
v 2190.0000 2264.0000 1139.2857
v 2198.5714 2264.0000 1139.2857
v 2200.0000 2264.0000 1137.8571
v 2202.8571 2264.0000 1137.8571
v 2207.8571 2264.0000 1132.8571
v 2207.8571 2264.0000 1130.0000
v 2209.2857 2264.0000 1128.5714
v 2207.8571 2264.0000 1127.1429
v 2207.8571 2264.0000 1124.2857
v 2194.2857 2264.0000 1110.7143
v 2185.7143 2267.0000 1110.7143
v 2180.7143 2267.0000 1115.7143
v 2180.7143 2267.0000 1118.5714
v 2179.2857 2267.0000 1120.0000
v 2179.2857 2267.0000 1128.5714
v 2180.7143 2267.0000 1130.0000
v 2180.7143 2267.0000 1132.8571
v 2185.7143 2267.0000 1137.8571
v 2188.5714 2267.0000 1137.8571
v 2190.0000 2267.0000 1139.2857
v 2198.5714 2267.0000 1139.2857
v 2200.0000 2267.0000 1137.8571
v 2202.8571 2267.0000 1137.8571
v 2207.8571 2267.0000 1132.8571
v 2207.8571 2267.0000 1130.0000
v 2209.2857 2267.0000 1128.5714
v 2207.8571 2267.0000 1127.1429
v 2207.8571 2267.0000 1124.2857
v 2194.2857 2267.0000 1110.7143
v 2185.7143 2264.0000 1110.7143
v 2180.7143 2264.0000 1115.7143
v 2180.7143 2264.0000 1118.5714
v 2179.2857 2264.0000 1120.0000
v 2179.2857 2264.0000 1128.5714
v 2180.7143 2264.0000 1130.0000
v 2180.7143 2264.0000 1132.8571
v 2185.7143 2264.0000 1137.8571
v 2188.5714 2264.0000 1137.8571
v 2190.0000 2264.0000 1139.2857
v 2198.5714 2264.0000 1139.2857
v 2200.0000 2264.0000 1137.8571
v 2202.8571 2264.0000 1137.8571
v 2207.8571 2264.0000 1132.8571
v 2207.8571 2264.0000 1130.0000
v 2209.2857 2264.0000 1128.5714
v 2207.8571 2264.0000 1127.1429
v 2207.8571 2264.0000 1124.2857
v 2194.2857 2264.0000 1110.7143
v 2185.7143 2267.0000 1110.7143
v 2180.7143 2267.0000 1115.7143
v 2180.7143 2267.0000 1118.5714
v 2179.2857 2267.0000 1120.0000
v 2179.2857 2267.0000 1128.5714
v 2180.7143 2267.0000 1130.0000
v 2180.7143 2267.0000 1132.8571
v 2185.7143 2267.0000 1137.8571
v 2188.5714 2267.0000 1137.8571
v 2190.0000 2267.0000 1139.2857
v 2198.5714 2267.0000 1139.2857
v 2200.0000 2267.0000 1137.8571
v 2202.8571 2267.0000 1137.8571
v 2207.8571 2267.0000 1132.8571
v 2207.8571 2267.0000 1130.0000
v 2209.2857 2267.0000 1128.5714
v 2207.8571 2267.0000 1127.1429
v 2207.8571 2267.0000 1124.2857
v 2194.2857 2267.0000 1110.7143
v 2125.7143 2264.0000 940.7143
v 2120.7143 2264.0000 945.7143
v 2120.7143 2264.0000 948.5714
v 2119.2857 2264.0000 950.0000
v 2119.2857 2264.0000 968.5714
v 2120.7143 2264.0000 970.0000
v 2120.7143 2264.0000 972.8571
v 2125.7143 2264.0000 977.8571
v 2137.1429 2264.0000 980.7143
v 2144.2857 2264.0000 987.8571
v 2147.1429 2264.0000 987.8571
v 2148.5714 2264.0000 989.2857
v 2150.0000 2264.0000 987.8571
v 2152.8571 2264.0000 987.8571
v 2157.8571 2264.0000 982.8571
v 2157.8571 2264.0000 980.0000
v 2159.2857 2264.0000 978.5714
v 2159.2857 2264.0000 965.7143
v 2160.7143 2264.0000 964.2857
v 2160.7143 2264.0000 961.4286
v 2167.8571 2264.0000 954.2857
v 2167.8571 2264.0000 951.4286
v 2169.2857 2264.0000 950.0000
v 2167.8571 2264.0000 948.5714
v 2167.8571 2264.0000 945.7143
v 2162.8571 2264.0000 940.7143
v 2160.0000 2264.0000 940.7143
v 2158.5714 2264.0000 939.2857
v 2125.7143 2267.0000 940.7143
v 2120.7143 2267.0000 945.7143
v 2120.7143 2267.0000 948.5714
v 2119.2857 2267.0000 950.0000
v 2119.2857 2267.0000 968.5714
v 2120.7143 2267.0000 970.0000
v 2120.7143 2267.0000 972.8571
v 2125.7143 2267.0000 977.8571
v 2137.1429 2267.0000 980.7143
v 2144.2857 2267.0000 987.8571
v 2147.1429 2267.0000 987.8571
v 2148.5714 2267.0000 989.2857
v 2150.0000 2267.0000 987.8571
v 2152.8571 2267.0000 987.8571
v 2157.8571 2267.0000 982.8571
v 2157.8571 2267.0000 980.0000
v 2159.2857 2267.0000 978.5714
v 2159.2857 2267.0000 965.7143
v 2160.7143 2267.0000 964.2857
v 2160.7143 2267.0000 961.4286
v 2167.8571 2267.0000 954.2857
v 2167.8571 2267.0000 951.4286
v 2169.2857 2267.0000 950.0000
v 2167.8571 2267.0000 948.5714
v 2167.8571 2267.0000 945.7143
v 2162.8571 2267.0000 940.7143
v 2160.0000 2267.0000 940.7143
v 2158.5714 2267.0000 939.2857
v 2125.7143 2264.0000 940.7143
v 2120.7143 2264.0000 945.7143
v 2120.7143 2264.0000 948.5714
v 2119.2857 2264.0000 950.0000
v 2119.2857 2264.0000 968.5714
v 2120.7143 2264.0000 970.0000
v 2120.7143 2264.0000 972.8571
v 2125.7143 2264.0000 977.8571
v 2137.1429 2264.0000 980.7143
v 2144.2857 2264.0000 987.8571
v 2147.1429 2264.0000 987.8571
v 2148.5714 2264.0000 989.2857
v 2150.0000 2264.0000 987.8571
v 2152.8571 2264.0000 987.8571
v 2157.8571 2264.0000 982.8571
v 2157.8571 2264.0000 980.0000
v 2159.2857 2264.0000 978.5714
v 2159.2857 2264.0000 965.7143
v 2160.7143 2264.0000 964.2857
v 2160.7143 2264.0000 961.4286
v 2167.8571 2264.0000 954.2857
v 2167.8571 2264.0000 951.4286
v 2169.2857 2264.0000 950.0000
v 2167.8571 2264.0000 948.5714
v 2167.8571 2264.0000 945.7143
v 2162.8571 2264.0000 940.7143
v 2160.0000 2264.0000 940.7143
v 2158.5714 2264.0000 939.2857
v 2125.7143 2267.0000 940.7143
v 2120.7143 2267.0000 945.7143
v 2120.7143 2267.0000 948.5714
v 2119.2857 2267.0000 950.0000
v 2119.2857 2267.0000 968.5714
v 2120.7143 2267.0000 970.0000
v 2120.7143 2267.0000 972.8571
v 2125.7143 2267.0000 977.8571
v 2137.1429 2267.0000 980.7143
v 2144.2857 2267.0000 987.8571
v 2147.1429 2267.0000 987.8571
v 2148.5714 2267.0000 989.2857
v 2150.0000 2267.0000 987.8571
v 2152.8571 2267.0000 987.8571
v 2157.8571 2267.0000 982.8571
v 2157.8571 2267.0000 980.0000
v 2159.2857 2267.0000 978.5714
v 2159.2857 2267.0000 965.7143
v 2160.7143 2267.0000 964.2857
v 2160.7143 2267.0000 961.4286
v 2167.8571 2267.0000 954.2857
v 2167.8571 2267.0000 951.4286
v 2169.2857 2267.0000 950.0000
v 2167.8571 2267.0000 948.5714
v 2167.8571 2267.0000 945.7143
v 2162.8571 2267.0000 940.7143
v 2160.0000 2267.0000 940.7143
v 2158.5714 2267.0000 939.2857
v 2125.7143 2267.0000 940.7143
v 2120.7143 2267.0000 945.7143
v 2120.7143 2267.0000 948.5714
v 2119.2857 2267.0000 950.0000
v 2119.2857 2267.0000 1028.5714
v 2120.7143 2267.0000 1030.0000
v 2120.7143 2267.0000 1032.8571
v 2125.7143 2267.0000 1037.8571
v 2132.8571 2267.0000 1039.2857
v 2137.8571 2267.0000 1044.2857
v 2137.8571 2267.0000 1047.1429
v 2139.2857 2267.0000 1048.5714
v 2139.2857 2267.0000 1078.5714
v 2140.7143 2267.0000 1080.0000
v 2140.7143 2267.0000 1082.8571
v 2145.7143 2267.0000 1087.8571
v 2148.5714 2267.0000 1087.8571
v 2150.0000 2267.0000 1089.2857
v 2151.4286 2267.0000 1087.8571
v 2154.2857 2267.0000 1087.8571
v 2161.4286 2267.0000 1080.7143
v 2164.2857 2267.0000 1080.7143
v 2165.7143 2267.0000 1079.2857
v 2190.0000 2267.0000 1079.2857
v 2191.4286 2267.0000 1080.7143
v 2194.2857 2267.0000 1080.7143
v 2199.2857 2267.0000 1085.7143
v 2200.7143 2267.0000 1092.8571
v 2205.7143 2267.0000 1097.8571
v 2212.8571 2267.0000 1099.2857
v 2217.8571 2267.0000 1104.2857
v 2217.8571 2267.0000 1107.1429
v 2219.2857 2267.0000 1108.5714
v 2217.8571 2267.0000 1117.1429
v 2210.7143 2267.0000 1124.2857
v 2210.7143 2267.0000 1127.1429
v 2209.2857 2267.0000 1128.5714
v 2210.7143 2267.0000 1130.0000
v 2210.7143 2267.0000 1132.8571
v 2215.7143 2267.0000 1137.8571
v 2218.5714 2267.0000 1137.8571
v 2220.0000 2267.0000 1139.2857
v 2228.5714 2267.0000 1139.2857
v 2230.0000 2267.0000 1137.8571
v 2232.8571 2267.0000 1137.8571
v 2237.8571 2267.0000 1132.8571
v 2239.2857 2267.0000 1125.7143
v 2245.7143 2267.0000 1119.2857
v 2252.8571 2267.0000 1117.8571
v 2257.8571 2267.0000 1112.8571
v 2259.2857 2267.0000 1105.7143
v 2265.7143 2267.0000 1099.2857
v 2272.8571 2267.0000 1097.8571
v 2277.8571 2267.0000 1092.8571
v 2277.8571 2267.0000 1090.0000
v 2279.2857 2267.0000 1088.5714
v 2279.2857 2267.0000 1070.0000
v 2277.8571 2267.0000 1068.5714
v 2277.8571 2267.0000 1065.7143
v 2272.8571 2267.0000 1060.7143
v 2270.0000 2267.0000 1060.7143
v 2268.5714 2267.0000 1059.2857
v 2230.0000 2267.0000 1059.2857
v 2228.5714 2267.0000 1057.8571
v 2225.7143 2267.0000 1057.8571
v 2220.7143 2267.0000 1052.8571
v 2220.7143 2267.0000 1050.0000
v 2219.2857 2267.0000 1048.5714
v 2219.2857 2267.0000 990.0000
v 2217.8571 2267.0000 988.5714
v 2217.8571 2267.0000 985.7143
v 2212.8571 2267.0000 980.7143
v 2210.0000 2267.0000 980.7143
v 2208.5714 2267.0000 979.2857
v 2170.0000 2267.0000 979.2857
v 2168.5714 2267.0000 977.8571
v 2165.7143 2267.0000 977.8571
v 2160.7143 2267.0000 972.8571
v 2159.2857 2267.0000 965.7143
v 2160.7143 2267.0000 964.2857
v 2160.7143 2267.0000 961.4286
v 2167.8571 2267.0000 954.2857
v 2167.8571 2267.0000 951.4286
v 2169.2857 2267.0000 950.0000
v 2167.8571 2267.0000 948.5714
v 2167.8571 2267.0000 945.7143
v 2162.8571 2267.0000 940.7143
v 2160.0000 2267.0000 940.7143
v 2158.5714 2267.0000 939.2857
v 2125.7143 2270.0000 940.7143
v 2120.7143 2270.0000 945.7143
v 2120.7143 2270.0000 948.5714
v 2119.2857 2270.0000 950.0000
v 2119.2857 2270.0000 1028.5714
v 2120.7143 2270.0000 1030.0000
v 2120.7143 2270.0000 1032.8571
v 2125.7143 2270.0000 1037.8571
v 2132.8571 2270.0000 1039.2857
v 2137.8571 2270.0000 1044.2857
v 2137.8571 2270.0000 1047.1429
v 2139.2857 2270.0000 1048.5714
v 2139.2857 2270.0000 1078.5714
v 2140.7143 2270.0000 1080.0000
v 2140.7143 2270.0000 1082.8571
v 2145.7143 2270.0000 1087.8571
v 2148.5714 2270.0000 1087.8571
v 2150.0000 2270.0000 1089.2857
v 2151.4286 2270.0000 1087.8571
v 2154.2857 2270.0000 1087.8571
v 2161.4286 2270.0000 1080.7143
v 2164.2857 2270.0000 1080.7143
v 2165.7143 2270.0000 1079.2857
v 2190.0000 2270.0000 1079.2857
v 2191.4286 2270.0000 1080.7143
v 2194.2857 2270.0000 1080.7143
v 2199.2857 2270.0000 1085.7143
v 2200.7143 2270.0000 1092.8571
v 2205.7143 2270.0000 1097.8571
v 2212.8571 2270.0000 1099.2857
v 2217.8571 2270.0000 1104.2857
v 2217.8571 2270.0000 1107.1429
v 2219.2857 2270.0000 1108.5714
v 2217.8571 2270.0000 1117.1429
v 2210.7143 2270.0000 1124.2857
v 2210.7143 2270.0000 1127.1429
v 2209.2857 2270.0000 1128.5714
v 2210.7143 2270.0000 1130.0000
v 2210.7143 2270.0000 1132.8571
v 2215.7143 2270.0000 1137.8571
v 2218.5714 2270.0000 1137.8571
v 2220.0000 2270.0000 1139.2857
v 2228.5714 2270.0000 1139.2857
v 2230.0000 2270.0000 1137.8571
v 2232.8571 2270.0000 1137.8571
v 2237.8571 2270.0000 1132.8571
v 2239.2857 2270.0000 1125.7143
v 2245.7143 2270.0000 1119.2857
v 2252.8571 2270.0000 1117.8571
v 2257.8571 2270.0000 1112.8571
v 2259.2857 2270.0000 1105.7143
v 2265.7143 2270.0000 1099.2857
v 2272.8571 2270.0000 1097.8571
v 2277.8571 2270.0000 1092.8571
v 2277.8571 2270.0000 1090.0000
v 2279.2857 2270.0000 1088.5714
v 2279.2857 2270.0000 1070.0000
v 2277.8571 2270.0000 1068.5714
v 2277.8571 2270.0000 1065.7143
v 2272.8571 2270.0000 1060.7143
v 2270.0000 2270.0000 1060.7143
v 2268.5714 2270.0000 1059.2857
v 2230.0000 2270.0000 1059.2857
v 2228.5714 2270.0000 1057.8571
v 2225.7143 2270.0000 1057.8571
v 2220.7143 2270.0000 1052.8571
v 2220.7143 2270.0000 1050.0000
v 2219.2857 2270.0000 1048.5714
v 2219.2857 2270.0000 990.0000
v 2217.8571 2270.0000 988.5714
v 2217.8571 2270.0000 985.7143
v 2212.8571 2270.0000 980.7143
v 2210.0000 2270.0000 980.7143
v 2208.5714 2270.0000 979.2857
v 2170.0000 2270.0000 979.2857
v 2168.5714 2270.0000 977.8571
v 2165.7143 2270.0000 977.8571
v 2160.7143 2270.0000 972.8571
v 2159.2857 2270.0000 965.7143
v 2160.7143 2270.0000 964.2857
v 2160.7143 2270.0000 961.4286
v 2167.8571 2270.0000 954.2857
v 2167.8571 2270.0000 951.4286
v 2169.2857 2270.0000 950.0000
v 2167.8571 2270.0000 948.5714
v 2167.8571 2270.0000 945.7143
v 2162.8571 2270.0000 940.7143
v 2160.0000 2270.0000 940.7143
v 2158.5714 2270.0000 939.2857
v 2125.7143 2267.0000 940.7143
v 2120.7143 2267.0000 945.7143
v 2120.7143 2267.0000 948.5714
v 2119.2857 2267.0000 950.0000
v 2119.2857 2267.0000 1028.5714
v 2120.7143 2267.0000 1030.0000
v 2120.7143 2267.0000 1032.8571
v 2125.7143 2267.0000 1037.8571
v 2132.8571 2267.0000 1039.2857
v 2137.8571 2267.0000 1044.2857
v 2137.8571 2267.0000 1047.1429
v 2139.2857 2267.0000 1048.5714
v 2139.2857 2267.0000 1078.5714
v 2140.7143 2267.0000 1080.0000
v 2140.7143 2267.0000 1082.8571
v 2145.7143 2267.0000 1087.8571
v 2148.5714 2267.0000 1087.8571
v 2150.0000 2267.0000 1089.2857
v 2151.4286 2267.0000 1087.8571
v 2154.2857 2267.0000 1087.8571
v 2161.4286 2267.0000 1080.7143
v 2164.2857 2267.0000 1080.7143
v 2165.7143 2267.0000 1079.2857
v 2190.0000 2267.0000 1079.2857
v 2191.4286 2267.0000 1080.7143
v 2194.2857 2267.0000 1080.7143
v 2199.2857 2267.0000 1085.7143
v 2200.7143 2267.0000 1092.8571
v 2205.7143 2267.0000 1097.8571
v 2212.8571 2267.0000 1099.2857
v 2217.8571 2267.0000 1104.2857
v 2217.8571 2267.0000 1107.1429
v 2219.2857 2267.0000 1108.5714
v 2217.8571 2267.0000 1117.1429
v 2210.7143 2267.0000 1124.2857
v 2210.7143 2267.0000 1127.1429
v 2209.2857 2267.0000 1128.5714
v 2210.7143 2267.0000 1130.0000
v 2210.7143 2267.0000 1132.8571
v 2215.7143 2267.0000 1137.8571
v 2218.5714 2267.0000 1137.8571
v 2220.0000 2267.0000 1139.2857
v 2228.5714 2267.0000 1139.2857
v 2230.0000 2267.0000 1137.8571
v 2232.8571 2267.0000 1137.8571
v 2237.8571 2267.0000 1132.8571
v 2239.2857 2267.0000 1125.7143
v 2245.7143 2267.0000 1119.2857
v 2252.8571 2267.0000 1117.8571
v 2257.8571 2267.0000 1112.8571
v 2259.2857 2267.0000 1105.7143
v 2265.7143 2267.0000 1099.2857
v 2272.8571 2267.0000 1097.8571
v 2277.8571 2267.0000 1092.8571
v 2277.8571 2267.0000 1090.0000
v 2279.2857 2267.0000 1088.5714
v 2279.2857 2267.0000 1070.0000
v 2277.8571 2267.0000 1068.5714
v 2277.8571 2267.0000 1065.7143
v 2272.8571 2267.0000 1060.7143
v 2270.0000 2267.0000 1060.7143
v 2268.5714 2267.0000 1059.2857
v 2230.0000 2267.0000 1059.2857
v 2228.5714 2267.0000 1057.8571
v 2225.7143 2267.0000 1057.8571
v 2220.7143 2267.0000 1052.8571
v 2220.7143 2267.0000 1050.0000
v 2219.2857 2267.0000 1048.5714
v 2219.2857 2267.0000 990.0000
v 2217.8571 2267.0000 988.5714
v 2217.8571 2267.0000 985.7143
v 2212.8571 2267.0000 980.7143
v 2210.0000 2267.0000 980.7143
v 2208.5714 2267.0000 979.2857
v 2170.0000 2267.0000 979.2857
v 2168.5714 2267.0000 977.8571
v 2165.7143 2267.0000 977.8571
v 2160.7143 2267.0000 972.8571
v 2159.2857 2267.0000 965.7143
v 2160.7143 2267.0000 964.2857
v 2160.7143 2267.0000 961.4286
v 2167.8571 2267.0000 954.2857
v 2167.8571 2267.0000 951.4286
v 2169.2857 2267.0000 950.0000
v 2167.8571 2267.0000 948.5714
v 2167.8571 2267.0000 945.7143
v 2162.8571 2267.0000 940.7143
v 2160.0000 2267.0000 940.7143
v 2158.5714 2267.0000 939.2857
v 2125.7143 2270.0000 940.7143
v 2120.7143 2270.0000 945.7143
v 2120.7143 2270.0000 948.5714
v 2119.2857 2270.0000 950.0000
v 2119.2857 2270.0000 1028.5714
v 2120.7143 2270.0000 1030.0000
v 2120.7143 2270.0000 1032.8571
v 2125.7143 2270.0000 1037.8571
v 2132.8571 2270.0000 1039.2857
v 2137.8571 2270.0000 1044.2857
v 2137.8571 2270.0000 1047.1429
v 2139.2857 2270.0000 1048.5714
v 2139.2857 2270.0000 1078.5714
v 2140.7143 2270.0000 1080.0000
v 2140.7143 2270.0000 1082.8571
v 2145.7143 2270.0000 1087.8571
v 2148.5714 2270.0000 1087.8571
v 2150.0000 2270.0000 1089.2857
v 2151.4286 2270.0000 1087.8571
v 2154.2857 2270.0000 1087.8571
v 2161.4286 2270.0000 1080.7143
v 2164.2857 2270.0000 1080.7143
v 2165.7143 2270.0000 1079.2857
v 2190.0000 2270.0000 1079.2857
v 2191.4286 2270.0000 1080.7143
v 2194.2857 2270.0000 1080.7143
v 2199.2857 2270.0000 1085.7143
v 2200.7143 2270.0000 1092.8571
v 2205.7143 2270.0000 1097.8571
v 2212.8571 2270.0000 1099.2857
v 2217.8571 2270.0000 1104.2857
v 2217.8571 2270.0000 1107.1429
v 2219.2857 2270.0000 1108.5714
v 2217.8571 2270.0000 1117.1429
v 2210.7143 2270.0000 1124.2857
v 2210.7143 2270.0000 1127.1429
v 2209.2857 2270.0000 1128.5714
v 2210.7143 2270.0000 1130.0000
v 2210.7143 2270.0000 1132.8571
v 2215.7143 2270.0000 1137.8571
v 2218.5714 2270.0000 1137.8571
v 2220.0000 2270.0000 1139.2857
v 2228.5714 2270.0000 1139.2857
v 2230.0000 2270.0000 1137.8571
v 2232.8571 2270.0000 1137.8571
v 2237.8571 2270.0000 1132.8571
v 2239.2857 2270.0000 1125.7143
v 2245.7143 2270.0000 1119.2857
v 2252.8571 2270.0000 1117.8571
v 2257.8571 2270.0000 1112.8571
v 2259.2857 2270.0000 1105.7143
v 2265.7143 2270.0000 1099.2857
v 2272.8571 2270.0000 1097.8571
v 2277.8571 2270.0000 1092.8571
v 2277.8571 2270.0000 1090.0000
v 2279.2857 2270.0000 1088.5714
v 2279.2857 2270.0000 1070.0000
v 2277.8571 2270.0000 1068.5714
v 2277.8571 2270.0000 1065.7143
v 2272.8571 2270.0000 1060.7143
v 2270.0000 2270.0000 1060.7143
v 2268.5714 2270.0000 1059.2857
v 2230.0000 2270.0000 1059.2857
v 2228.5714 2270.0000 1057.8571
v 2225.7143 2270.0000 1057.8571
v 2220.7143 2270.0000 1052.8571
v 2220.7143 2270.0000 1050.0000
v 2219.2857 2270.0000 1048.5714
v 2219.2857 2270.0000 990.0000
v 2217.8571 2270.0000 988.5714
v 2217.8571 2270.0000 985.7143
v 2212.8571 2270.0000 980.7143
v 2210.0000 2270.0000 980.7143
v 2208.5714 2270.0000 979.2857
v 2170.0000 2270.0000 979.2857
v 2168.5714 2270.0000 977.8571
v 2165.7143 2270.0000 977.8571
v 2160.7143 2270.0000 972.8571
v 2159.2857 2270.0000 965.7143
v 2160.7143 2270.0000 964.2857
v 2160.7143 2270.0000 961.4286
v 2167.8571 2270.0000 954.2857
v 2167.8571 2270.0000 951.4286
v 2169.2857 2270.0000 950.0000
v 2167.8571 2270.0000 948.5714
v 2167.8571 2270.0000 945.7143
v 2162.8571 2270.0000 940.7143
v 2160.0000 2270.0000 940.7143
v 2158.5714 2270.0000 939.2857
v 2125.7143 2270.0000 940.7143
v 2120.7143 2270.0000 945.7143
v 2120.7143 2270.0000 948.5714
v 2119.2857 2270.0000 950.0000
v 2119.2857 2270.0000 1028.5714
v 2120.7143 2270.0000 1030.0000
v 2120.7143 2270.0000 1032.8571
v 2125.7143 2270.0000 1037.8571
v 2132.8571 2270.0000 1039.2857
v 2137.8571 2270.0000 1044.2857
v 2137.8571 2270.0000 1047.1429
v 2139.2857 2270.0000 1048.5714
v 2139.2857 2270.0000 1068.5714
v 2140.7143 2270.0000 1070.0000
v 2140.7143 2270.0000 1072.8571
v 2145.7143 2270.0000 1077.8571
v 2148.5714 2270.0000 1077.8571
v 2150.0000 2270.0000 1079.2857
v 2170.0000 2270.0000 1079.2857
v 2171.4286 2270.0000 1080.7143
v 2174.2857 2270.0000 1080.7143
v 2179.2857 2270.0000 1085.7143
v 2180.7143 2270.0000 1092.8571
v 2185.7143 2270.0000 1097.8571
v 2188.5714 2270.0000 1097.8571
v 2190.0000 2270.0000 1099.2857
v 2210.0000 2270.0000 1099.2857
v 2211.4286 2270.0000 1100.7143
v 2214.2857 2270.0000 1100.7143
v 2219.2857 2270.0000 1105.7143
v 2220.7143 2270.0000 1112.8571
v 2225.7143 2270.0000 1117.8571
v 2228.5714 2270.0000 1117.8571
v 2230.0000 2270.0000 1119.2857
v 2268.5714 2270.0000 1119.2857
v 2270.0000 2270.0000 1117.8571
v 2272.8571 2270.0000 1117.8571
v 2277.8571 2270.0000 1112.8571
v 2277.8571 2270.0000 1110.0000
v 2279.2857 2270.0000 1108.5714
v 2279.2857 2270.0000 1050.0000
v 2277.8571 2270.0000 1048.5714
v 2277.8571 2270.0000 1045.7143
v 2272.8571 2270.0000 1040.7143
v 2270.0000 2270.0000 1040.7143
v 2268.5714 2270.0000 1039.2857
v 2230.0000 2270.0000 1039.2857
v 2228.5714 2270.0000 1037.8571
v 2225.7143 2270.0000 1037.8571
v 2220.7143 2270.0000 1032.8571
v 2220.7143 2270.0000 1030.0000
v 2219.2857 2270.0000 1028.5714
v 2219.2857 2270.0000 990.0000
v 2217.8571 2270.0000 988.5714
v 2217.8571 2270.0000 985.7143
v 2212.8571 2270.0000 980.7143
v 2210.0000 2270.0000 980.7143
v 2208.5714 2270.0000 979.2857
v 2190.0000 2270.0000 979.2857
v 2188.5714 2270.0000 977.8571
v 2185.7143 2270.0000 977.8571
v 2180.7143 2270.0000 972.8571
v 2179.2857 2270.0000 965.7143
v 2180.7143 2270.0000 964.2857
v 2180.7143 2270.0000 961.4286
v 2187.8571 2270.0000 954.2857
v 2187.8571 2270.0000 951.4286
v 2189.2857 2270.0000 950.0000
v 2187.8571 2270.0000 948.5714
v 2187.8571 2270.0000 945.7143
v 2182.8571 2270.0000 940.7143
v 2180.0000 2270.0000 940.7143
v 2178.5714 2270.0000 939.2857
v 2125.7143 2273.0000 940.7143
v 2120.7143 2273.0000 945.7143
v 2120.7143 2273.0000 948.5714
v 2119.2857 2273.0000 950.0000
v 2119.2857 2273.0000 1028.5714
v 2120.7143 2273.0000 1030.0000
v 2120.7143 2273.0000 1032.8571
v 2125.7143 2273.0000 1037.8571
v 2132.8571 2273.0000 1039.2857
v 2137.8571 2273.0000 1044.2857
v 2137.8571 2273.0000 1047.1429
v 2139.2857 2273.0000 1048.5714
v 2139.2857 2273.0000 1068.5714
v 2140.7143 2273.0000 1070.0000
v 2140.7143 2273.0000 1072.8571
v 2145.7143 2273.0000 1077.8571
v 2148.5714 2273.0000 1077.8571
v 2150.0000 2273.0000 1079.2857
v 2170.0000 2273.0000 1079.2857
v 2171.4286 2273.0000 1080.7143
v 2174.2857 2273.0000 1080.7143
v 2179.2857 2273.0000 1085.7143
v 2180.7143 2273.0000 1092.8571
v 2185.7143 2273.0000 1097.8571
v 2188.5714 2273.0000 1097.8571
v 2190.0000 2273.0000 1099.2857
v 2210.0000 2273.0000 1099.2857
v 2211.4286 2273.0000 1100.7143
v 2214.2857 2273.0000 1100.7143
v 2219.2857 2273.0000 1105.7143
v 2220.7143 2273.0000 1112.8571
v 2225.7143 2273.0000 1117.8571
v 2228.5714 2273.0000 1117.8571
v 2230.0000 2273.0000 1119.2857
v 2268.5714 2273.0000 1119.2857
v 2270.0000 2273.0000 1117.8571
v 2272.8571 2273.0000 1117.8571
v 2277.8571 2273.0000 1112.8571
v 2277.8571 2273.0000 1110.0000
v 2279.2857 2273.0000 1108.5714
v 2279.2857 2273.0000 1050.0000
v 2277.8571 2273.0000 1048.5714
v 2277.8571 2273.0000 1045.7143
v 2272.8571 2273.0000 1040.7143
v 2270.0000 2273.0000 1040.7143
v 2268.5714 2273.0000 1039.2857
v 2230.0000 2273.0000 1039.2857
v 2228.5714 2273.0000 1037.8571
v 2225.7143 2273.0000 1037.8571
v 2220.7143 2273.0000 1032.8571
v 2220.7143 2273.0000 1030.0000
v 2219.2857 2273.0000 1028.5714
v 2219.2857 2273.0000 990.0000
v 2217.8571 2273.0000 988.5714
v 2217.8571 2273.0000 985.7143
v 2212.8571 2273.0000 980.7143
v 2210.0000 2273.0000 980.7143
v 2208.5714 2273.0000 979.2857
v 2190.0000 2273.0000 979.2857
v 2188.5714 2273.0000 977.8571
v 2185.7143 2273.0000 977.8571
v 2180.7143 2273.0000 972.8571
v 2179.2857 2273.0000 965.7143
v 2180.7143 2273.0000 964.2857
v 2180.7143 2273.0000 961.4286
v 2187.8571 2273.0000 954.2857
v 2187.8571 2273.0000 951.4286
v 2189.2857 2273.0000 950.0000
v 2187.8571 2273.0000 948.5714
v 2187.8571 2273.0000 945.7143
v 2182.8571 2273.0000 940.7143
v 2180.0000 2273.0000 940.7143
v 2178.5714 2273.0000 939.2857
v 2125.7143 2270.0000 940.7143
v 2120.7143 2270.0000 945.7143
v 2120.7143 2270.0000 948.5714
v 2119.2857 2270.0000 950.0000
v 2119.2857 2270.0000 1028.5714
v 2120.7143 2270.0000 1030.0000
v 2120.7143 2270.0000 1032.8571
v 2125.7143 2270.0000 1037.8571
v 2132.8571 2270.0000 1039.2857
v 2137.8571 2270.0000 1044.2857
v 2137.8571 2270.0000 1047.1429
v 2139.2857 2270.0000 1048.5714
v 2139.2857 2270.0000 1068.5714
v 2140.7143 2270.0000 1070.0000
v 2140.7143 2270.0000 1072.8571
v 2145.7143 2270.0000 1077.8571
v 2148.5714 2270.0000 1077.8571
v 2150.0000 2270.0000 1079.2857
v 2170.0000 2270.0000 1079.2857
v 2171.4286 2270.0000 1080.7143
v 2174.2857 2270.0000 1080.7143
v 2179.2857 2270.0000 1085.7143
v 2180.7143 2270.0000 1092.8571
v 2185.7143 2270.0000 1097.8571
v 2188.5714 2270.0000 1097.8571
v 2190.0000 2270.0000 1099.2857
v 2210.0000 2270.0000 1099.2857
v 2211.4286 2270.0000 1100.7143
v 2214.2857 2270.0000 1100.7143
v 2219.2857 2270.0000 1105.7143
v 2220.7143 2270.0000 1112.8571
v 2225.7143 2270.0000 1117.8571
v 2228.5714 2270.0000 1117.8571
v 2230.0000 2270.0000 1119.2857
v 2268.5714 2270.0000 1119.2857
v 2270.0000 2270.0000 1117.8571
v 2272.8571 2270.0000 1117.8571
v 2277.8571 2270.0000 1112.8571
v 2277.8571 2270.0000 1110.0000
v 2279.2857 2270.0000 1108.5714
v 2279.2857 2270.0000 1050.0000
v 2277.8571 2270.0000 1048.5714
v 2277.8571 2270.0000 1045.7143
v 2272.8571 2270.0000 1040.7143
v 2270.0000 2270.0000 1040.7143
v 2268.5714 2270.0000 1039.2857
v 2230.0000 2270.0000 1039.2857
v 2228.5714 2270.0000 1037.8571
v 2225.7143 2270.0000 1037.8571
v 2220.7143 2270.0000 1032.8571
v 2220.7143 2270.0000 1030.0000
v 2219.2857 2270.0000 1028.5714
v 2219.2857 2270.0000 990.0000
v 2217.8571 2270.0000 988.5714
v 2217.8571 2270.0000 985.7143
v 2212.8571 2270.0000 980.7143
v 2210.0000 2270.0000 980.7143
v 2208.5714 2270.0000 979.2857
v 2190.0000 2270.0000 979.2857
v 2188.5714 2270.0000 977.8571
v 2185.7143 2270.0000 977.8571
v 2180.7143 2270.0000 972.8571
v 2179.2857 2270.0000 965.7143
v 2180.7143 2270.0000 964.2857
v 2180.7143 2270.0000 961.4286
v 2187.8571 2270.0000 954.2857
v 2187.8571 2270.0000 951.4286
v 2189.2857 2270.0000 950.0000
v 2187.8571 2270.0000 948.5714
v 2187.8571 2270.0000 945.7143
v 2182.8571 2270.0000 940.7143
v 2180.0000 2270.0000 940.7143
v 2178.5714 2270.0000 939.2857
v 2125.7143 2273.0000 940.7143
v 2120.7143 2273.0000 945.7143
v 2120.7143 2273.0000 948.5714
v 2119.2857 2273.0000 950.0000
v 2119.2857 2273.0000 1028.5714
v 2120.7143 2273.0000 1030.0000
v 2120.7143 2273.0000 1032.8571
v 2125.7143 2273.0000 1037.8571
v 2132.8571 2273.0000 1039.2857
v 2137.8571 2273.0000 1044.2857
v 2137.8571 2273.0000 1047.1429
v 2139.2857 2273.0000 1048.5714
v 2139.2857 2273.0000 1068.5714
v 2140.7143 2273.0000 1070.0000
v 2140.7143 2273.0000 1072.8571
v 2145.7143 2273.0000 1077.8571
v 2148.5714 2273.0000 1077.8571
v 2150.0000 2273.0000 1079.2857
v 2170.0000 2273.0000 1079.2857
v 2171.4286 2273.0000 1080.7143
v 2174.2857 2273.0000 1080.7143
v 2179.2857 2273.0000 1085.7143
v 2180.7143 2273.0000 1092.8571
v 2185.7143 2273.0000 1097.8571
v 2188.5714 2273.0000 1097.8571
v 2190.0000 2273.0000 1099.2857
v 2210.0000 2273.0000 1099.2857
v 2211.4286 2273.0000 1100.7143
v 2214.2857 2273.0000 1100.7143
v 2219.2857 2273.0000 1105.7143
v 2220.7143 2273.0000 1112.8571
v 2225.7143 2273.0000 1117.8571
v 2228.5714 2273.0000 1117.8571
v 2230.0000 2273.0000 1119.2857
v 2268.5714 2273.0000 1119.2857
v 2270.0000 2273.0000 1117.8571
v 2272.8571 2273.0000 1117.8571
v 2277.8571 2273.0000 1112.8571
v 2277.8571 2273.0000 1110.0000
v 2279.2857 2273.0000 1108.5714
v 2279.2857 2273.0000 1050.0000
v 2277.8571 2273.0000 1048.5714
v 2277.8571 2273.0000 1045.7143
v 2272.8571 2273.0000 1040.7143
v 2270.0000 2273.0000 1040.7143
v 2268.5714 2273.0000 1039.2857
v 2230.0000 2273.0000 1039.2857
v 2228.5714 2273.0000 1037.8571
v 2225.7143 2273.0000 1037.8571
v 2220.7143 2273.0000 1032.8571
v 2220.7143 2273.0000 1030.0000
v 2219.2857 2273.0000 1028.5714
v 2219.2857 2273.0000 990.0000
v 2217.8571 2273.0000 988.5714
v 2217.8571 2273.0000 985.7143
v 2212.8571 2273.0000 980.7143
v 2210.0000 2273.0000 980.7143
v 2208.5714 2273.0000 979.2857
v 2190.0000 2273.0000 979.2857
v 2188.5714 2273.0000 977.8571
v 2185.7143 2273.0000 977.8571
v 2180.7143 2273.0000 972.8571
v 2179.2857 2273.0000 965.7143
v 2180.7143 2273.0000 964.2857
v 2180.7143 2273.0000 961.4286
v 2187.8571 2273.0000 954.2857
v 2187.8571 2273.0000 951.4286
v 2189.2857 2273.0000 950.0000
v 2187.8571 2273.0000 948.5714
v 2187.8571 2273.0000 945.7143
v 2182.8571 2273.0000 940.7143
v 2180.0000 2273.0000 940.7143
v 2178.5714 2273.0000 939.2857
v 2184.2857 2279.0000 1030.7143
v 2170.7143 2279.0000 1044.2857
v 2169.2857 2279.0000 1050.0000
v 2170.7143 2279.0000 1051.4286
v 2170.7143 2279.0000 1054.2857
v 2177.8571 2279.0000 1061.4286
v 2180.7143 2279.0000 1072.8571
v 2185.7143 2279.0000 1077.8571
v 2188.5714 2279.0000 1077.8571
v 2190.0000 2279.0000 1079.2857
v 2208.5714 2279.0000 1079.2857
v 2210.0000 2279.0000 1077.8571
v 2212.8571 2279.0000 1077.8571
v 2217.8571 2279.0000 1072.8571
v 2217.8571 2279.0000 1070.0000
v 2219.2857 2279.0000 1068.5714
v 2219.2857 2279.0000 1050.0000
v 2217.8571 2279.0000 1048.5714
v 2217.8571 2279.0000 1045.7143
v 2212.8571 2279.0000 1040.7143
v 2201.4286 2279.0000 1037.8571
v 2194.2857 2279.0000 1030.7143
v 2191.4286 2279.0000 1030.7143
v 2190.0000 2279.0000 1029.2857
v 2184.2857 2282.0000 1030.7143
v 2170.7143 2282.0000 1044.2857
v 2169.2857 2282.0000 1050.0000
v 2170.7143 2282.0000 1051.4286
v 2170.7143 2282.0000 1054.2857
v 2177.8571 2282.0000 1061.4286
v 2180.7143 2282.0000 1072.8571
v 2185.7143 2282.0000 1077.8571
v 2188.5714 2282.0000 1077.8571
v 2190.0000 2282.0000 1079.2857
v 2208.5714 2282.0000 1079.2857
v 2210.0000 2282.0000 1077.8571
v 2212.8571 2282.0000 1077.8571
v 2217.8571 2282.0000 1072.8571
v 2217.8571 2282.0000 1070.0000
v 2219.2857 2282.0000 1068.5714
v 2219.2857 2282.0000 1050.0000
v 2217.8571 2282.0000 1048.5714
v 2217.8571 2282.0000 1045.7143
v 2212.8571 2282.0000 1040.7143
v 2201.4286 2282.0000 1037.8571
v 2194.2857 2282.0000 1030.7143
v 2191.4286 2282.0000 1030.7143
v 2190.0000 2282.0000 1029.2857
v 2184.2857 2279.0000 1030.7143
v 2170.7143 2279.0000 1044.2857
v 2169.2857 2279.0000 1050.0000
v 2170.7143 2279.0000 1051.4286
v 2170.7143 2279.0000 1054.2857
v 2177.8571 2279.0000 1061.4286
v 2180.7143 2279.0000 1072.8571
v 2185.7143 2279.0000 1077.8571
v 2188.5714 2279.0000 1077.8571
v 2190.0000 2279.0000 1079.2857
v 2208.5714 2279.0000 1079.2857
v 2210.0000 2279.0000 1077.8571
v 2212.8571 2279.0000 1077.8571
v 2217.8571 2279.0000 1072.8571
v 2217.8571 2279.0000 1070.0000
v 2219.2857 2279.0000 1068.5714
v 2219.2857 2279.0000 1050.0000
v 2217.8571 2279.0000 1048.5714
v 2217.8571 2279.0000 1045.7143
v 2212.8571 2279.0000 1040.7143
v 2201.4286 2279.0000 1037.8571
v 2194.2857 2279.0000 1030.7143
v 2191.4286 2279.0000 1030.7143
v 2190.0000 2279.0000 1029.2857
v 2184.2857 2282.0000 1030.7143
v 2170.7143 2282.0000 1044.2857
v 2169.2857 2282.0000 1050.0000
v 2170.7143 2282.0000 1051.4286
v 2170.7143 2282.0000 1054.2857
v 2177.8571 2282.0000 1061.4286
v 2180.7143 2282.0000 1072.8571
v 2185.7143 2282.0000 1077.8571
v 2188.5714 2282.0000 1077.8571
v 2190.0000 2282.0000 1079.2857
v 2208.5714 2282.0000 1079.2857
v 2210.0000 2282.0000 1077.8571
v 2212.8571 2282.0000 1077.8571
v 2217.8571 2282.0000 1072.8571
v 2217.8571 2282.0000 1070.0000
v 2219.2857 2282.0000 1068.5714
v 2219.2857 2282.0000 1050.0000
v 2217.8571 2282.0000 1048.5714
v 2217.8571 2282.0000 1045.7143
v 2212.8571 2282.0000 1040.7143
v 2201.4286 2282.0000 1037.8571
v 2194.2857 2282.0000 1030.7143
v 2191.4286 2282.0000 1030.7143
v 2190.0000 2282.0000 1029.2857
v 1877.7313 1752.2244 910.7143
v 1874.1599 1746.0385 917.8571
v 1870.2313 1739.2340 920.0000
v 1870.2313 1739.2340 1098.5714
v 1874.1599 1746.0385 1100.7143
v 1877.7313 1752.2244 1107.8571
v 1880.5885 1757.1731 1109.2857
v 1881.3027 1758.4103 1107.8571
v 1882.7313 1760.8847 1107.8571
v 1886.3027 1767.0706 1100.7143
v 1887.7313 1769.5449 1100.7143
v 1888.4456 1770.7821 1099.2857
v 1904.8742 1799.2372 1099.2857
v 1905.5885 1800.4744 1097.8571
v 1907.0170 1802.9488 1097.8571
v 1909.5170 1807.2789 1092.8571
v 1909.5170 1807.2789 1090.0000
v 1910.2313 1808.5161 1088.5714
v 1909.5170 1807.2789 1087.1429
v 1909.5170 1807.2789 1084.2857
v 1905.9456 1801.0930 1077.1429
v 1905.2313 1799.8558 1070.0000
v 1905.9456 1801.0930 1068.5714
v 1905.9456 1801.0930 1065.7143
v 1908.4456 1805.4231 1060.7143
v 1909.8742 1807.8975 1060.7143
v 1910.5885 1809.1347 1059.2857
v 1929.8742 1842.5385 1059.2857
v 1930.5885 1843.7757 1060.7143
v 1932.0170 1846.2500 1060.7143
v 1934.5170 1850.5802 1065.7143
v 1935.2313 1851.8173 1072.8571
v 1934.5170 1850.5802 1074.2857
v 1934.5170 1850.5802 1077.1429
v 1930.9456 1844.3943 1084.2857
v 1930.9456 1844.3943 1087.1429
v 1930.2313 1843.1571 1088.5714
v 1930.9456 1844.3943 1090.0000
v 1930.9456 1844.3943 1092.8571
v 1933.4456 1848.7244 1097.8571
v 1934.8742 1851.1988 1097.8571
v 1935.5885 1852.4359 1099.2857
v 1939.8742 1859.8590 1099.2857
v 1940.5885 1861.0962 1097.8571
v 1942.0170 1863.5705 1097.8571
v 1944.5170 1867.9007 1092.8571
v 1945.2313 1869.1379 1085.7143
v 1947.7313 1873.4680 1080.7143
v 1949.1599 1875.9423 1080.7143
v 1949.8742 1877.1795 1079.2857
v 1959.8742 1894.5000 1079.2857
v 1960.5885 1895.7372 1077.8571
v 1962.0170 1898.2116 1077.8571
v 1964.5170 1902.5417 1072.8571
v 1965.2313 1903.7789 1065.7143
v 1967.7313 1908.1090 1060.7143
v 1969.1599 1910.5834 1060.7143
v 1969.8742 1911.8205 1059.2857
v 1972.7313 1916.7693 1060.7143
v 1975.2313 1921.0994 1065.7143
v 1975.9456 1922.3366 1072.8571
v 1978.4456 1926.6667 1077.8571
v 1979.8742 1929.1410 1077.8571
v 1980.5885 1930.3782 1079.2857
v 1989.8742 1946.4616 1079.2857
v 1990.5885 1947.6987 1077.8571
v 1992.0170 1950.1731 1077.8571
v 1994.5170 1954.5032 1072.8571
v 1995.2313 1955.7404 1065.7143
v 1997.7313 1960.0705 1060.7143
v 2000.5885 1965.0192 1059.2857
v 2001.3027 1966.2564 1060.7143
v 2002.7313 1968.7308 1060.7143
v 2005.2313 1973.0609 1065.7143
v 2005.9456 1974.2981 1072.8571
v 2008.4456 1978.6282 1077.8571
v 2009.8742 1981.1026 1077.8571
v 2010.5885 1982.3397 1079.2857
v 2032.0170 2019.4551 1079.2857
v 2032.7313 2020.6923 1080.7143
v 2034.1599 2023.1667 1080.7143
v 2037.7313 2029.3526 1087.8571
v 2040.5885 2034.3013 1089.2857
v 2041.3027 2035.5384 1087.8571
v 2042.7313 2038.0128 1087.8571
v 2046.3027 2044.1987 1080.7143
v 2050.5885 2051.6218 1079.2857
v 2051.3027 2052.8590 1080.7143
v 2052.7313 2055.3333 1080.7143
v 2055.2313 2059.6634 1085.7143
v 2055.9456 2060.9006 1092.8571
v 2058.4456 2065.2307 1097.8571
v 2059.8742 2067.7051 1097.8571
v 2060.5885 2068.9423 1099.2857
v 2070.5885 2086.2628 1099.2857
v 2071.3027 2087.5000 1100.7143
v 2072.7313 2089.9743 1100.7143
v 2075.2313 2094.3045 1105.7143
v 2075.9456 2095.5416 1112.8571
v 2078.4456 2099.8718 1117.8571
v 2082.0170 2106.0577 1119.2857
v 2085.2313 2111.6250 1125.7143
v 2085.9456 2112.8621 1132.8571
v 2088.4456 2117.1923 1137.8571
v 2089.8742 2119.6666 1137.8571
v 2090.5885 2120.9038 1139.2857
v 2109.8742 2154.3076 1139.2857
v 2110.5885 2155.5448 1137.8571
v 2112.0170 2158.0192 1137.8571
v 2114.5170 2162.3493 1132.8571
v 2115.2313 2163.5865 1125.7143
v 2117.7313 2167.9166 1120.7143
v 2119.1599 2170.3910 1120.7143
v 2119.8742 2171.6282 1119.2857
v 2124.1599 2179.0512 1120.7143
v 2127.7313 2185.2371 1127.8571
v 2130.5885 2190.1858 1129.2857
v 2131.3027 2191.4230 1127.8571
v 2132.7313 2193.8974 1127.8571
v 2136.3027 2200.0833 1120.7143
v 2137.7313 2202.5576 1120.7143
v 2138.4456 2203.7948 1119.2857
v 2149.8742 2223.5897 1119.2857
v 2150.5885 2224.8269 1117.8571
v 2152.0170 2227.3012 1117.8571
v 2154.5170 2231.6313 1112.8571
v 2155.2313 2232.8685 1105.7143
v 2158.4456 2238.4358 1099.2857
v 2160.2313 2241.5288 1098.5714
v 2159.8742 2240.9102 929.2857
v 2159.1599 2239.6730 930.7143
v 2157.7313 2237.1987 930.7143
v 2154.1599 2231.0128 937.8571
v 2149.8742 2223.5897 939.2857
v 2149.1599 2222.3525 937.8571
v 2147.7313 2219.8781 937.8571
v 2145.2313 2215.5480 932.8571
v 2144.5170 2214.3108 925.7143
v 2142.0170 2209.9807 920.7143
v 2140.5885 2207.5064 920.7143
v 2139.8742 2206.2692 919.2857
v 2070.5885 2086.2628 919.2857
v 2069.8742 2085.0256 920.7143
v 2068.4456 2082.5513 920.7143
v 2065.9456 2078.2211 925.7143
v 2065.2313 2076.9840 932.8571
v 2062.7313 2072.6538 937.8571
v 2061.3027 2070.1795 937.8571
v 2060.5885 2068.9423 939.2857
v 1999.8742 1963.7821 939.2857
v 1999.1599 1962.5449 937.8571
v 1997.7313 1960.0705 937.8571
v 1995.2313 1955.7404 932.8571
v 1994.5170 1954.5032 925.7143
v 1992.0170 1950.1731 920.7143
v 1990.5885 1947.6987 920.7143
v 1989.8742 1946.4616 919.2857
v 1888.4456 1770.7821 919.2857
v 1887.7313 1769.5449 917.8571
v 1886.3027 1767.0706 917.8571
v 1882.7313 1760.8847 910.7143
v 1881.3027 1758.4103 910.7143
v 1880.5885 1757.1731 909.2857
v 1875.1332 1753.7244 910.7143
v 1871.5618 1747.5385 917.8571
v 1867.6332 1740.7340 920.0000
v 1867.6332 1740.7340 1098.5714
v 1871.5618 1747.5385 1100.7143
v 1875.1332 1753.7244 1107.8571
v 1877.9904 1758.6731 1109.2857
v 1878.7047 1759.9103 1107.8571
v 1880.1332 1762.3847 1107.8571
v 1883.7047 1768.5706 1100.7143
v 1885.1332 1771.0449 1100.7143
v 1885.8475 1772.2821 1099.2857
v 1902.2761 1800.7372 1099.2857
v 1902.9904 1801.9744 1097.8571
v 1904.4190 1804.4488 1097.8571
v 1906.9190 1808.7789 1092.8571
v 1906.9190 1808.7789 1090.0000
v 1907.6332 1810.0161 1088.5714
v 1906.9190 1808.7789 1087.1429
v 1906.9190 1808.7789 1084.2857
v 1903.3475 1802.5930 1077.1429
v 1902.6332 1801.3558 1070.0000
v 1903.3475 1802.5930 1068.5714
v 1903.3475 1802.5930 1065.7143
v 1905.8475 1806.9231 1060.7143
v 1907.2761 1809.3975 1060.7143
v 1907.9904 1810.6347 1059.2857
v 1927.2761 1844.0385 1059.2857
v 1927.9904 1845.2757 1060.7143
v 1929.4190 1847.7500 1060.7143
v 1931.9190 1852.0802 1065.7143
v 1932.6332 1853.3173 1072.8571
v 1931.9190 1852.0802 1074.2857
v 1931.9190 1852.0802 1077.1429
v 1928.3475 1845.8943 1084.2857
v 1928.3475 1845.8943 1087.1429
v 1927.6332 1844.6571 1088.5714
v 1928.3475 1845.8943 1090.0000
v 1928.3475 1845.8943 1092.8571
v 1930.8475 1850.2244 1097.8571
v 1932.2761 1852.6988 1097.8571
v 1932.9904 1853.9359 1099.2857
v 1937.2761 1861.3590 1099.2857
v 1937.9904 1862.5962 1097.8571
v 1939.4190 1865.0705 1097.8571
v 1941.9190 1869.4007 1092.8571
v 1942.6332 1870.6379 1085.7143
v 1945.1332 1874.9680 1080.7143
v 1946.5618 1877.4423 1080.7143
v 1947.2761 1878.6795 1079.2857
v 1957.2761 1896.0000 1079.2857
v 1957.9904 1897.2372 1077.8571
v 1959.4190 1899.7116 1077.8571
v 1961.9190 1904.0417 1072.8571
v 1962.6332 1905.2789 1065.7143
v 1965.1332 1909.6090 1060.7143
v 1966.5618 1912.0834 1060.7143
v 1967.2761 1913.3205 1059.2857
v 1970.1332 1918.2693 1060.7143
v 1972.6332 1922.5994 1065.7143
v 1973.3475 1923.8366 1072.8571
v 1975.8475 1928.1667 1077.8571
v 1977.2761 1930.6410 1077.8571
v 1977.9904 1931.8782 1079.2857
v 1987.2761 1947.9616 1079.2857
v 1987.9904 1949.1987 1077.8571
v 1989.4190 1951.6731 1077.8571
v 1991.9190 1956.0032 1072.8571
v 1992.6332 1957.2404 1065.7143
v 1995.1332 1961.5705 1060.7143
v 1997.9904 1966.5192 1059.2857
v 1998.7047 1967.7564 1060.7143
v 2000.1332 1970.2308 1060.7143
v 2002.6332 1974.5609 1065.7143
v 2003.3475 1975.7981 1072.8571
v 2005.8475 1980.1282 1077.8571
v 2007.2761 1982.6026 1077.8571
v 2007.9904 1983.8397 1079.2857
v 2029.4190 2020.9551 1079.2857
v 2030.1332 2022.1923 1080.7143
v 2031.5618 2024.6667 1080.7143
v 2035.1332 2030.8526 1087.8571
v 2037.9904 2035.8013 1089.2857
v 2038.7047 2037.0384 1087.8571
v 2040.1332 2039.5128 1087.8571
v 2043.7047 2045.6987 1080.7143
v 2047.9904 2053.1218 1079.2857
v 2048.7047 2054.3590 1080.7143
v 2050.1332 2056.8333 1080.7143
v 2052.6332 2061.1634 1085.7143
v 2053.3475 2062.4006 1092.8571
v 2055.8475 2066.7307 1097.8571
v 2057.2761 2069.2051 1097.8571
v 2057.9904 2070.4423 1099.2857
v 2067.9904 2087.7628 1099.2857
v 2068.7047 2089.0000 1100.7143
v 2070.1332 2091.4743 1100.7143
v 2072.6332 2095.8045 1105.7143
v 2073.3475 2097.0416 1112.8571
v 2075.8475 2101.3718 1117.8571
v 2079.4190 2107.5577 1119.2857
v 2082.6332 2113.1250 1125.7143
v 2083.3475 2114.3621 1132.8571
v 2085.8475 2118.6923 1137.8571
v 2087.2761 2121.1666 1137.8571
v 2087.9904 2122.4038 1139.2857
v 2107.2761 2155.8076 1139.2857
v 2107.9904 2157.0448 1137.8571
v 2109.4190 2159.5192 1137.8571
v 2111.9190 2163.8493 1132.8571
v 2112.6332 2165.0865 1125.7143
v 2115.1332 2169.4166 1120.7143
v 2116.5618 2171.8910 1120.7143
v 2117.2761 2173.1282 1119.2857
v 2121.5618 2180.5512 1120.7143
v 2125.1332 2186.7371 1127.8571
v 2127.9904 2191.6858 1129.2857
v 2128.7047 2192.9230 1127.8571
v 2130.1332 2195.3974 1127.8571
v 2133.7047 2201.5833 1120.7143
v 2135.1332 2204.0576 1120.7143
v 2135.8475 2205.2948 1119.2857
v 2147.2761 2225.0897 1119.2857
v 2147.9904 2226.3269 1117.8571
v 2149.4190 2228.8012 1117.8571
v 2151.9190 2233.1313 1112.8571
v 2152.6332 2234.3685 1105.7143
v 2155.8475 2239.9358 1099.2857
v 2157.6332 2243.0288 1098.5714
v 2157.2761 2242.4102 929.2857
v 2156.5618 2241.1730 930.7143
v 2155.1332 2238.6987 930.7143
v 2151.5618 2232.5128 937.8571
v 2147.2761 2225.0897 939.2857
v 2146.5618 2223.8525 937.8571
v 2145.1332 2221.3781 937.8571
v 2142.6332 2217.0480 932.8571
v 2141.9190 2215.8108 925.7143
v 2139.4190 2211.4807 920.7143
v 2137.9904 2209.0064 920.7143
v 2137.2761 2207.7692 919.2857
v 2067.9904 2087.7628 919.2857
v 2067.2761 2086.5256 920.7143
v 2065.8475 2084.0513 920.7143
v 2063.3475 2079.7211 925.7143
v 2062.6332 2078.4840 932.8571
v 2060.1332 2074.1538 937.8571
v 2058.7047 2071.6795 937.8571
v 2057.9904 2070.4423 939.2857
v 1997.2761 1965.2821 939.2857
v 1996.5618 1964.0449 937.8571
v 1995.1332 1961.5705 937.8571
v 1992.6332 1957.2404 932.8571
v 1991.9190 1956.0032 925.7143
v 1989.4190 1951.6731 920.7143
v 1987.9904 1949.1987 920.7143
v 1987.2761 1947.9616 919.2857
v 1885.8475 1772.2821 919.2857
v 1885.1332 1771.0449 917.8571
v 1883.7047 1768.5706 917.8571
v 1880.1332 1762.3847 910.7143
v 1878.7047 1759.9103 910.7143
v 1877.9904 1758.6731 909.2857
v 1877.7313 1752.2244 910.7143
v 1874.1599 1746.0385 917.8571
v 1870.2313 1739.2340 920.0000
v 1870.2313 1739.2340 1098.5714
v 1874.1599 1746.0385 1100.7143
v 1877.7313 1752.2244 1107.8571
v 1880.5885 1757.1731 1109.2857
v 1881.3027 1758.4103 1107.8571
v 1882.7313 1760.8847 1107.8571
v 1886.3027 1767.0706 1100.7143
v 1887.7313 1769.5449 1100.7143
v 1888.4456 1770.7821 1099.2857
v 1904.8742 1799.2372 1099.2857
v 1905.5885 1800.4744 1097.8571
v 1907.0170 1802.9488 1097.8571
v 1909.5170 1807.2789 1092.8571
v 1909.5170 1807.2789 1090.0000
v 1910.2313 1808.5161 1088.5714
v 1909.5170 1807.2789 1087.1429
v 1909.5170 1807.2789 1084.2857
v 1905.9456 1801.0930 1077.1429
v 1905.2313 1799.8558 1070.0000
v 1905.9456 1801.0930 1068.5714
v 1905.9456 1801.0930 1065.7143
v 1908.4456 1805.4231 1060.7143
v 1909.8742 1807.8975 1060.7143
v 1910.5885 1809.1347 1059.2857
v 1929.8742 1842.5385 1059.2857
v 1930.5885 1843.7757 1060.7143
v 1932.0170 1846.2500 1060.7143
v 1934.5170 1850.5802 1065.7143
v 1935.2313 1851.8173 1072.8571
v 1934.5170 1850.5802 1074.2857
v 1934.5170 1850.5802 1077.1429
v 1930.9456 1844.3943 1084.2857
v 1930.9456 1844.3943 1087.1429
v 1930.2313 1843.1571 1088.5714
v 1930.9456 1844.3943 1090.0000
v 1930.9456 1844.3943 1092.8571
v 1933.4456 1848.7244 1097.8571
v 1934.8742 1851.1988 1097.8571
v 1935.5885 1852.4359 1099.2857
v 1939.8742 1859.8590 1099.2857
v 1940.5885 1861.0962 1097.8571
v 1942.0170 1863.5705 1097.8571
v 1944.5170 1867.9007 1092.8571
v 1945.2313 1869.1379 1085.7143
v 1947.7313 1873.4680 1080.7143
v 1949.1599 1875.9423 1080.7143
v 1949.8742 1877.1795 1079.2857
v 1959.8742 1894.5000 1079.2857
v 1960.5885 1895.7372 1077.8571
v 1962.0170 1898.2116 1077.8571
v 1964.5170 1902.5417 1072.8571
v 1965.2313 1903.7789 1065.7143
v 1967.7313 1908.1090 1060.7143
v 1969.1599 1910.5834 1060.7143
v 1969.8742 1911.8205 1059.2857
v 1972.7313 1916.7693 1060.7143
v 1975.2313 1921.0994 1065.7143
v 1975.9456 1922.3366 1072.8571
v 1978.4456 1926.6667 1077.8571
v 1979.8742 1929.1410 1077.8571
v 1980.5885 1930.3782 1079.2857
v 1989.8742 1946.4616 1079.2857
v 1990.5885 1947.6987 1077.8571
v 1992.0170 1950.1731 1077.8571
v 1994.5170 1954.5032 1072.8571
v 1995.2313 1955.7404 1065.7143
v 1997.7313 1960.0705 1060.7143
v 2000.5885 1965.0192 1059.2857
v 2001.3027 1966.2564 1060.7143
v 2002.7313 1968.7308 1060.7143
v 2005.2313 1973.0609 1065.7143
v 2005.9456 1974.2981 1072.8571
v 2008.4456 1978.6282 1077.8571
v 2009.8742 1981.1026 1077.8571
v 2010.5885 1982.3397 1079.2857
v 2032.0170 2019.4551 1079.2857
v 2032.7313 2020.6923 1080.7143
v 2034.1599 2023.1667 1080.7143
v 2037.7313 2029.3526 1087.8571
v 2040.5885 2034.3013 1089.2857
v 2041.3027 2035.5384 1087.8571
v 2042.7313 2038.0128 1087.8571
v 2046.3027 2044.1987 1080.7143
v 2050.5885 2051.6218 1079.2857
v 2051.3027 2052.8590 1080.7143
v 2052.7313 2055.3333 1080.7143
v 2055.2313 2059.6634 1085.7143
v 2055.9456 2060.9006 1092.8571
v 2058.4456 2065.2307 1097.8571
v 2059.8742 2067.7051 1097.8571
v 2060.5885 2068.9423 1099.2857
v 2070.5885 2086.2628 1099.2857
v 2071.3027 2087.5000 1100.7143
v 2072.7313 2089.9743 1100.7143
v 2075.2313 2094.3045 1105.7143
v 2075.9456 2095.5416 1112.8571
v 2078.4456 2099.8718 1117.8571
v 2082.0170 2106.0577 1119.2857
v 2085.2313 2111.6250 1125.7143
v 2085.9456 2112.8621 1132.8571
v 2088.4456 2117.1923 1137.8571
v 2089.8742 2119.6666 1137.8571
v 2090.5885 2120.9038 1139.2857
v 2109.8742 2154.3076 1139.2857
v 2110.5885 2155.5448 1137.8571
v 2112.0170 2158.0192 1137.8571
v 2114.5170 2162.3493 1132.8571
v 2115.2313 2163.5865 1125.7143
v 2117.7313 2167.9166 1120.7143
v 2119.1599 2170.3910 1120.7143
v 2119.8742 2171.6282 1119.2857
v 2124.1599 2179.0512 1120.7143
v 2127.7313 2185.2371 1127.8571
v 2130.5885 2190.1858 1129.2857
v 2131.3027 2191.4230 1127.8571
v 2132.7313 2193.8974 1127.8571
v 2136.3027 2200.0833 1120.7143
v 2137.7313 2202.5576 1120.7143
v 2138.4456 2203.7948 1119.2857
v 2149.8742 2223.5897 1119.2857
v 2150.5885 2224.8269 1117.8571
v 2152.0170 2227.3012 1117.8571
v 2154.5170 2231.6313 1112.8571
v 2155.2313 2232.8685 1105.7143
v 2158.4456 2238.4358 1099.2857
v 2160.2313 2241.5288 1098.5714
v 2159.8742 2240.9102 929.2857
v 2159.1599 2239.6730 930.7143
v 2157.7313 2237.1987 930.7143
v 2154.1599 2231.0128 937.8571
v 2149.8742 2223.5897 939.2857
v 2149.1599 2222.3525 937.8571
v 2147.7313 2219.8781 937.8571
v 2145.2313 2215.5480 932.8571
v 2144.5170 2214.3108 925.7143
v 2142.0170 2209.9807 920.7143
v 2140.5885 2207.5064 920.7143
v 2139.8742 2206.2692 919.2857
v 2070.5885 2086.2628 919.2857
v 2069.8742 2085.0256 920.7143
v 2068.4456 2082.5513 920.7143
v 2065.9456 2078.2211 925.7143
v 2065.2313 2076.9840 932.8571
v 2062.7313 2072.6538 937.8571
v 2061.3027 2070.1795 937.8571
v 2060.5885 2068.9423 939.2857
v 1999.8742 1963.7821 939.2857
v 1999.1599 1962.5449 937.8571
v 1997.7313 1960.0705 937.8571
v 1995.2313 1955.7404 932.8571
v 1994.5170 1954.5032 925.7143
v 1992.0170 1950.1731 920.7143
v 1990.5885 1947.6987 920.7143
v 1989.8742 1946.4616 919.2857
v 1888.4456 1770.7821 919.2857
v 1887.7313 1769.5449 917.8571
v 1886.3027 1767.0706 917.8571
v 1882.7313 1760.8847 910.7143
v 1881.3027 1758.4103 910.7143
v 1880.5885 1757.1731 909.2857
v 1875.1332 1753.7244 910.7143
v 1871.5618 1747.5385 917.8571
v 1867.6332 1740.7340 920.0000
v 1867.6332 1740.7340 1098.5714
v 1871.5618 1747.5385 1100.7143
v 1875.1332 1753.7244 1107.8571
v 1877.9904 1758.6731 1109.2857
v 1878.7047 1759.9103 1107.8571
v 1880.1332 1762.3847 1107.8571
v 1883.7047 1768.5706 1100.7143
v 1885.1332 1771.0449 1100.7143
v 1885.8475 1772.2821 1099.2857
v 1902.2761 1800.7372 1099.2857
v 1902.9904 1801.9744 1097.8571
v 1904.4190 1804.4488 1097.8571
v 1906.9190 1808.7789 1092.8571
v 1906.9190 1808.7789 1090.0000
v 1907.6332 1810.0161 1088.5714
v 1906.9190 1808.7789 1087.1429
v 1906.9190 1808.7789 1084.2857
v 1903.3475 1802.5930 1077.1429
v 1902.6332 1801.3558 1070.0000
v 1903.3475 1802.5930 1068.5714
v 1903.3475 1802.5930 1065.7143
v 1905.8475 1806.9231 1060.7143
v 1907.2761 1809.3975 1060.7143
v 1907.9904 1810.6347 1059.2857
v 1927.2761 1844.0385 1059.2857
v 1927.9904 1845.2757 1060.7143
v 1929.4190 1847.7500 1060.7143
v 1931.9190 1852.0802 1065.7143
v 1932.6332 1853.3173 1072.8571
v 1931.9190 1852.0802 1074.2857
v 1931.9190 1852.0802 1077.1429
v 1928.3475 1845.8943 1084.2857
v 1928.3475 1845.8943 1087.1429
v 1927.6332 1844.6571 1088.5714
v 1928.3475 1845.8943 1090.0000
v 1928.3475 1845.8943 1092.8571
v 1930.8475 1850.2244 1097.8571
v 1932.2761 1852.6988 1097.8571
v 1932.9904 1853.9359 1099.2857
v 1937.2761 1861.3590 1099.2857
v 1937.9904 1862.5962 1097.8571
v 1939.4190 1865.0705 1097.8571
v 1941.9190 1869.4007 1092.8571
v 1942.6332 1870.6379 1085.7143
v 1945.1332 1874.9680 1080.7143
v 1946.5618 1877.4423 1080.7143
v 1947.2761 1878.6795 1079.2857
v 1957.2761 1896.0000 1079.2857
v 1957.9904 1897.2372 1077.8571
v 1959.4190 1899.7116 1077.8571
v 1961.9190 1904.0417 1072.8571
v 1962.6332 1905.2789 1065.7143
v 1965.1332 1909.6090 1060.7143
v 1966.5618 1912.0834 1060.7143
v 1967.2761 1913.3205 1059.2857
v 1970.1332 1918.2693 1060.7143
v 1972.6332 1922.5994 1065.7143
v 1973.3475 1923.8366 1072.8571
v 1975.8475 1928.1667 1077.8571
v 1977.2761 1930.6410 1077.8571
v 1977.9904 1931.8782 1079.2857
v 1987.2761 1947.9616 1079.2857
v 1987.9904 1949.1987 1077.8571
v 1989.4190 1951.6731 1077.8571
v 1991.9190 1956.0032 1072.8571
v 1992.6332 1957.2404 1065.7143
v 1995.1332 1961.5705 1060.7143
v 1997.9904 1966.5192 1059.2857
v 1998.7047 1967.7564 1060.7143
v 2000.1332 1970.2308 1060.7143
v 2002.6332 1974.5609 1065.7143
v 2003.3475 1975.7981 1072.8571
v 2005.8475 1980.1282 1077.8571
v 2007.2761 1982.6026 1077.8571
v 2007.9904 1983.8397 1079.2857
v 2029.4190 2020.9551 1079.2857
v 2030.1332 2022.1923 1080.7143
v 2031.5618 2024.6667 1080.7143
v 2035.1332 2030.8526 1087.8571
v 2037.9904 2035.8013 1089.2857
v 2038.7047 2037.0384 1087.8571
v 2040.1332 2039.5128 1087.8571
v 2043.7047 2045.6987 1080.7143
v 2047.9904 2053.1218 1079.2857
v 2048.7047 2054.3590 1080.7143
v 2050.1332 2056.8333 1080.7143
v 2052.6332 2061.1634 1085.7143
v 2053.3475 2062.4006 1092.8571
v 2055.8475 2066.7307 1097.8571
v 2057.2761 2069.2051 1097.8571
v 2057.9904 2070.4423 1099.2857
v 2067.9904 2087.7628 1099.2857
v 2068.7047 2089.0000 1100.7143
v 2070.1332 2091.4743 1100.7143
v 2072.6332 2095.8045 1105.7143
v 2073.3475 2097.0416 1112.8571
v 2075.8475 2101.3718 1117.8571
v 2079.4190 2107.5577 1119.2857
v 2082.6332 2113.1250 1125.7143
v 2083.3475 2114.3621 1132.8571
v 2085.8475 2118.6923 1137.8571
v 2087.2761 2121.1666 1137.8571
v 2087.9904 2122.4038 1139.2857
v 2107.2761 2155.8076 1139.2857
v 2107.9904 2157.0448 1137.8571
v 2109.4190 2159.5192 1137.8571
v 2111.9190 2163.8493 1132.8571
v 2112.6332 2165.0865 1125.7143
v 2115.1332 2169.4166 1120.7143
v 2116.5618 2171.8910 1120.7143
v 2117.2761 2173.1282 1119.2857
v 2121.5618 2180.5512 1120.7143
v 2125.1332 2186.7371 1127.8571
v 2127.9904 2191.6858 1129.2857
v 2128.7047 2192.9230 1127.8571
v 2130.1332 2195.3974 1127.8571
v 2133.7047 2201.5833 1120.7143
v 2135.1332 2204.0576 1120.7143
v 2135.8475 2205.2948 1119.2857
v 2147.2761 2225.0897 1119.2857
v 2147.9904 2226.3269 1117.8571
v 2149.4190 2228.8012 1117.8571
v 2151.9190 2233.1313 1112.8571
v 2152.6332 2234.3685 1105.7143
v 2155.8475 2239.9358 1099.2857
v 2157.6332 2243.0288 1098.5714
v 2157.2761 2242.4102 929.2857
v 2156.5618 2241.1730 930.7143
v 2155.1332 2238.6987 930.7143
v 2151.5618 2232.5128 937.8571
v 2147.2761 2225.0897 939.2857
v 2146.5618 2223.8525 937.8571
v 2145.1332 2221.3781 937.8571
v 2142.6332 2217.0480 932.8571
v 2141.9190 2215.8108 925.7143
v 2139.4190 2211.4807 920.7143
v 2137.9904 2209.0064 920.7143
v 2137.2761 2207.7692 919.2857
v 2067.9904 2087.7628 919.2857
v 2067.2761 2086.5256 920.7143
v 2065.8475 2084.0513 920.7143
v 2063.3475 2079.7211 925.7143
v 2062.6332 2078.4840 932.8571
v 2060.1332 2074.1538 937.8571
v 2058.7047 2071.6795 937.8571
v 2057.9904 2070.4423 939.2857
v 1997.2761 1965.2821 939.2857
v 1996.5618 1964.0449 937.8571
v 1995.1332 1961.5705 937.8571
v 1992.6332 1957.2404 932.8571
v 1991.9190 1956.0032 925.7143
v 1989.4190 1951.6731 920.7143
v 1987.9904 1949.1987 920.7143
v 1987.2761 1947.9616 919.2857
v 1885.8475 1772.2821 919.2857
v 1885.1332 1771.0449 917.8571
v 1883.7047 1768.5706 917.8571
v 1880.1332 1762.3847 910.7143
v 1878.7047 1759.9103 910.7143
v 1877.9904 1758.6731 909.2857
v 1970.6514 1931.1667 960.7143
v 1968.1514 1926.8366 965.7143
v 1968.1514 1926.8366 968.5714
v 1967.4371 1925.5994 970.0000
v 1967.4371 1925.5994 1008.5714
v 1968.1514 1926.8366 1010.0000
v 1968.1514 1926.8366 1012.8571
v 1970.6514 1931.1667 1017.8571
v 1976.3657 1941.0641 1020.7143
v 1979.9371 1947.2500 1027.8571
v 1981.3657 1949.7244 1027.8571
v 1982.0799 1950.9616 1029.2857
v 1984.9371 1955.9103 1027.8571
v 1989.9371 1964.5705 1017.8571
v 1991.3657 1967.0449 1017.8571
v 1992.0799 1968.2821 1016.4286
v 1992.7942 1969.5192 1017.8571
v 1994.2228 1971.9936 1017.8571
v 1996.7228 1976.3237 1022.8571
v 1996.7228 1976.3237 1025.7143
v 1997.4371 1977.5609 1027.1429
v 1997.4371 1977.5609 1048.5714
v 1998.1514 1978.7981 1050.0000
v 1998.1514 1978.7981 1052.8571
v 2000.6514 1983.1282 1057.8571
v 2002.0799 1985.6026 1057.8571
v 2002.7942 1986.8397 1059.2857
v 2012.0799 2002.9231 1059.2857
v 2012.7942 2004.1603 1057.8571
v 2014.2228 2006.6346 1057.8571
v 2016.7228 2010.9647 1052.8571
v 2017.4371 2012.2019 1045.7143
v 2019.9371 2016.5320 1040.7143
v 2021.3657 2019.0064 1040.7143
v 2022.0799 2020.2436 1039.2857
v 2032.7942 2038.8013 1039.2857
v 2033.5085 2040.0384 1040.7143
v 2034.9371 2042.5128 1040.7143
v 2037.4371 2046.8429 1045.7143
v 2038.1514 2048.0801 1052.8571
v 2040.6514 2052.4102 1057.8571
v 2042.0799 2054.8846 1057.8571
v 2042.7942 2056.1218 1059.2857
v 2052.7942 2073.4423 1059.2857
v 2053.5085 2074.6795 1060.7143
v 2054.9371 2077.1538 1060.7143
v 2057.4371 2081.4840 1065.7143
v 2058.1514 2082.7211 1072.8571
v 2060.6514 2087.0513 1077.8571
v 2062.0799 2089.5256 1077.8571
v 2062.7942 2090.7628 1079.2857
v 2082.7942 2125.4038 1079.2857
v 2083.5085 2126.6410 1080.7143
v 2084.9371 2129.1153 1080.7143
v 2087.4371 2133.4455 1085.7143
v 2088.1514 2134.6827 1092.8571
v 2090.6514 2139.0128 1097.8571
v 2096.3657 2148.9102 1100.7143
v 2099.9371 2155.0961 1107.8571
v 2101.3657 2157.5705 1107.8571
v 2102.0799 2158.8076 1109.2857
v 2102.7942 2160.0448 1107.8571
v 2104.2228 2162.5192 1107.8571
v 2106.7228 2166.8493 1102.8571
v 2108.1514 2169.3237 1085.7143
v 2110.6514 2173.6538 1080.7143
v 2112.0799 2176.1282 1080.7143
v 2112.7942 2177.3653 1079.2857
v 2113.5085 2178.6025 1080.7143
v 2114.9371 2181.0769 1080.7143
v 2117.4371 2185.4070 1085.7143
v 2118.1514 2186.6442 1092.8571
v 2120.6514 2190.9743 1097.8571
v 2122.0799 2193.4487 1097.8571
v 2122.7942 2194.6858 1099.2857
v 2142.0799 2228.0897 1099.2857
v 2142.7942 2229.3269 1097.8571
v 2144.2228 2231.8012 1097.8571
v 2146.7228 2236.1313 1092.8571
v 2147.4371 2237.3685 1085.7143
v 2150.6514 2242.9358 1079.2857
v 2152.4371 2246.0288 1078.5714
v 2152.4371 2246.0288 980.0000
v 2150.6514 2242.9358 979.2857
v 2147.4371 2237.3685 972.8571
v 2146.7228 2236.1313 965.7143
v 2144.2228 2231.8012 960.7143
v 2142.7942 2229.3269 960.7143
v 2142.0799 2228.0897 959.2857
v 2132.7942 2212.0064 959.2857
v 2132.0799 2210.7692 960.7143
v 2130.6514 2208.2948 960.7143
v 2128.1514 2203.9647 965.7143
v 2127.4371 2202.7275 972.8571
v 2124.9371 2198.3974 977.8571
v 2123.5085 2195.9230 977.8571
v 2122.7942 2194.6858 979.2857
v 2119.9371 2189.7371 977.8571
v 2117.4371 2185.4070 972.8571
v 2116.7228 2184.1698 965.7143
v 2114.2228 2179.8397 960.7143
v 2112.7942 2177.3653 960.7143
v 2112.0799 2176.1282 959.2857
v 2082.7942 2125.4038 959.2857
v 2082.0799 2124.1666 960.7143
v 2080.6514 2121.6923 960.7143
v 2078.1514 2117.3621 965.7143
v 2077.4371 2116.1250 972.8571
v 2074.9371 2111.7948 977.8571
v 2073.5085 2109.3205 977.8571
v 2072.7942 2108.0833 979.2857
v 2069.9371 2103.1346 977.8571
v 2067.4371 2098.8045 972.8571
v 2066.7228 2097.5673 965.7143
v 2064.2228 2093.2372 960.7143
v 2062.7942 2090.7628 960.7143
v 2062.0799 2089.5256 959.2857
v 2052.7942 2073.4423 959.2857
v 2052.0799 2072.2051 960.7143
v 2050.6514 2069.7307 960.7143
v 2048.1514 2065.4006 965.7143
v 2047.4371 2064.1634 972.8571
v 2044.9371 2059.8333 977.8571
v 2043.5085 2057.3590 977.8571
v 2042.7942 2056.1218 979.2857
v 2022.0799 2020.2436 979.2857
v 2021.3657 2019.0064 977.8571
v 2019.9371 2016.5320 977.8571
v 2017.4371 2012.2019 972.8571
v 2016.7228 2010.9647 965.7143
v 2014.2228 2006.6346 960.7143
v 2012.7942 2004.1603 960.7143
v 2012.0799 2002.9231 959.2857
v 2002.7942 1986.8397 959.2857
v 2002.0799 1985.6026 960.7143
v 2000.6514 1983.1282 960.7143
v 1998.1514 1978.7981 965.7143
v 1997.4371 1977.5609 972.8571
v 1994.9371 1973.2308 977.8571
v 1992.0799 1968.2821 979.2857
v 1991.3657 1967.0449 977.8571
v 1989.9371 1964.5705 977.8571
v 1987.4371 1960.2404 972.8571
v 1986.7228 1959.0032 965.7143
v 1984.2228 1954.6731 960.7143
v 1982.7942 1952.1987 960.7143
v 1982.0799 1950.9616 959.2857
v 1968.0533 1932.6667 960.7143
v 1965.5533 1928.3366 965.7143
v 1965.5533 1928.3366 968.5714
v 1964.8390 1927.0994 970.0000
v 1964.8390 1927.0994 1008.5714
v 1965.5533 1928.3366 1010.0000
v 1965.5533 1928.3366 1012.8571
v 1968.0533 1932.6667 1017.8571
v 1973.7676 1942.5641 1020.7143
v 1977.3390 1948.7500 1027.8571
v 1978.7676 1951.2244 1027.8571
v 1979.4819 1952.4616 1029.2857
v 1982.3390 1957.4103 1027.8571
v 1987.3390 1966.0705 1017.8571
v 1988.7676 1968.5449 1017.8571
v 1989.4819 1969.7821 1016.4286
v 1990.1962 1971.0192 1017.8571
v 1991.6247 1973.4936 1017.8571
v 1994.1247 1977.8237 1022.8571
v 1994.1247 1977.8237 1025.7143
v 1994.8390 1979.0609 1027.1429
v 1994.8390 1979.0609 1048.5714
v 1995.5533 1980.2981 1050.0000
v 1995.5533 1980.2981 1052.8571
v 1998.0533 1984.6282 1057.8571
v 1999.4819 1987.1026 1057.8571
v 2000.1962 1988.3397 1059.2857
v 2009.4819 2004.4231 1059.2857
v 2010.1962 2005.6603 1057.8571
v 2011.6247 2008.1346 1057.8571
v 2014.1247 2012.4647 1052.8571
v 2014.8390 2013.7019 1045.7143
v 2017.3390 2018.0320 1040.7143
v 2018.7676 2020.5064 1040.7143
v 2019.4819 2021.7436 1039.2857
v 2030.1962 2040.3013 1039.2857
v 2030.9104 2041.5384 1040.7143
v 2032.3390 2044.0128 1040.7143
v 2034.8390 2048.3429 1045.7143
v 2035.5533 2049.5801 1052.8571
v 2038.0533 2053.9102 1057.8571
v 2039.4819 2056.3846 1057.8571
v 2040.1962 2057.6218 1059.2857
v 2050.1962 2074.9423 1059.2857
v 2050.9104 2076.1795 1060.7143
v 2052.3390 2078.6538 1060.7143
v 2054.8390 2082.9840 1065.7143
v 2055.5533 2084.2211 1072.8571
v 2058.0533 2088.5513 1077.8571
v 2059.4819 2091.0256 1077.8571
v 2060.1962 2092.2628 1079.2857
v 2080.1962 2126.9038 1079.2857
v 2080.9104 2128.1410 1080.7143
v 2082.3390 2130.6153 1080.7143
v 2084.8390 2134.9455 1085.7143
v 2085.5533 2136.1827 1092.8571
v 2088.0533 2140.5128 1097.8571
v 2093.7676 2150.4102 1100.7143
v 2097.3390 2156.5961 1107.8571
v 2098.7676 2159.0705 1107.8571
v 2099.4819 2160.3076 1109.2857
v 2100.1962 2161.5448 1107.8571
v 2101.6247 2164.0192 1107.8571
v 2104.1247 2168.3493 1102.8571
v 2105.5533 2170.8237 1085.7143
v 2108.0533 2175.1538 1080.7143
v 2109.4819 2177.6282 1080.7143
v 2110.1962 2178.8653 1079.2857
v 2110.9104 2180.1025 1080.7143
v 2112.3390 2182.5769 1080.7143
v 2114.8390 2186.9070 1085.7143
v 2115.5533 2188.1442 1092.8571
v 2118.0533 2192.4743 1097.8571
v 2119.4819 2194.9487 1097.8571
v 2120.1962 2196.1858 1099.2857
v 2139.4819 2229.5897 1099.2857
v 2140.1962 2230.8269 1097.8571
v 2141.6247 2233.3012 1097.8571
v 2144.1247 2237.6313 1092.8571
v 2144.8390 2238.8685 1085.7143
v 2148.0533 2244.4358 1079.2857
v 2149.8390 2247.5288 1078.5714
v 2149.8390 2247.5288 980.0000
v 2148.0533 2244.4358 979.2857
v 2144.8390 2238.8685 972.8571
v 2144.1247 2237.6313 965.7143
v 2141.6247 2233.3012 960.7143
v 2140.1962 2230.8269 960.7143
v 2139.4819 2229.5897 959.2857
v 2130.1962 2213.5064 959.2857
v 2129.4819 2212.2692 960.7143
v 2128.0533 2209.7948 960.7143
v 2125.5533 2205.4647 965.7143
v 2124.8390 2204.2275 972.8571
v 2122.3390 2199.8974 977.8571
v 2120.9104 2197.4230 977.8571
v 2120.1962 2196.1858 979.2857
v 2117.3390 2191.2371 977.8571
v 2114.8390 2186.9070 972.8571
v 2114.1247 2185.6698 965.7143
v 2111.6247 2181.3397 960.7143
v 2110.1962 2178.8653 960.7143
v 2109.4819 2177.6282 959.2857
v 2080.1962 2126.9038 959.2857
v 2079.4819 2125.6666 960.7143
v 2078.0533 2123.1923 960.7143
v 2075.5533 2118.8621 965.7143
v 2074.8390 2117.6250 972.8571
v 2072.3390 2113.2948 977.8571
v 2070.9104 2110.8205 977.8571
v 2070.1962 2109.5833 979.2857
v 2067.3390 2104.6346 977.8571
v 2064.8390 2100.3045 972.8571
v 2064.1247 2099.0673 965.7143
v 2061.6247 2094.7372 960.7143
v 2060.1962 2092.2628 960.7143
v 2059.4819 2091.0256 959.2857
v 2050.1962 2074.9423 959.2857
v 2049.4819 2073.7051 960.7143
v 2048.0533 2071.2307 960.7143
v 2045.5533 2066.9006 965.7143
v 2044.8390 2065.6634 972.8571
v 2042.3390 2061.3333 977.8571
v 2040.9104 2058.8590 977.8571
v 2040.1962 2057.6218 979.2857
v 2019.4819 2021.7436 979.2857
v 2018.7676 2020.5064 977.8571
v 2017.3390 2018.0320 977.8571
v 2014.8390 2013.7019 972.8571
v 2014.1247 2012.4647 965.7143
v 2011.6247 2008.1346 960.7143
v 2010.1962 2005.6603 960.7143
v 2009.4819 2004.4231 959.2857
v 2000.1962 1988.3397 959.2857
v 1999.4819 1987.1026 960.7143
v 1998.0533 1984.6282 960.7143
v 1995.5533 1980.2981 965.7143
v 1994.8390 1979.0609 972.8571
v 1992.3390 1974.7308 977.8571
v 1989.4819 1969.7821 979.2857
v 1988.7676 1968.5449 977.8571
v 1987.3390 1966.0705 977.8571
v 1984.8390 1961.7404 972.8571
v 1984.1247 1960.5032 965.7143
v 1981.6247 1956.1731 960.7143
v 1980.1962 1953.6987 960.7143
v 1979.4819 1952.4616 959.2857
v 1970.6514 1931.1667 960.7143
v 1968.1514 1926.8366 965.7143
v 1968.1514 1926.8366 968.5714
v 1967.4371 1925.5994 970.0000
v 1967.4371 1925.5994 1008.5714
v 1968.1514 1926.8366 1010.0000
v 1968.1514 1926.8366 1012.8571
v 1970.6514 1931.1667 1017.8571
v 1976.3657 1941.0641 1020.7143
v 1979.9371 1947.2500 1027.8571
v 1981.3657 1949.7244 1027.8571
v 1982.0799 1950.9616 1029.2857
v 1984.9371 1955.9103 1027.8571
v 1989.9371 1964.5705 1017.8571
v 1991.3657 1967.0449 1017.8571
v 1992.0799 1968.2821 1016.4286
v 1992.7942 1969.5192 1017.8571
v 1994.2228 1971.9936 1017.8571
v 1996.7228 1976.3237 1022.8571
v 1996.7228 1976.3237 1025.7143
v 1997.4371 1977.5609 1027.1429
v 1997.4371 1977.5609 1048.5714
v 1998.1514 1978.7981 1050.0000
v 1998.1514 1978.7981 1052.8571
v 2000.6514 1983.1282 1057.8571
v 2002.0799 1985.6026 1057.8571
v 2002.7942 1986.8397 1059.2857
v 2012.0799 2002.9231 1059.2857
v 2012.7942 2004.1603 1057.8571
v 2014.2228 2006.6346 1057.8571
v 2016.7228 2010.9647 1052.8571
v 2017.4371 2012.2019 1045.7143
v 2019.9371 2016.5320 1040.7143
v 2021.3657 2019.0064 1040.7143
v 2022.0799 2020.2436 1039.2857
v 2032.7942 2038.8013 1039.2857
v 2033.5085 2040.0384 1040.7143
v 2034.9371 2042.5128 1040.7143
v 2037.4371 2046.8429 1045.7143
v 2038.1514 2048.0801 1052.8571
v 2040.6514 2052.4102 1057.8571
v 2042.0799 2054.8846 1057.8571
v 2042.7942 2056.1218 1059.2857
v 2052.7942 2073.4423 1059.2857
v 2053.5085 2074.6795 1060.7143
v 2054.9371 2077.1538 1060.7143
v 2057.4371 2081.4840 1065.7143
v 2058.1514 2082.7211 1072.8571
v 2060.6514 2087.0513 1077.8571
v 2062.0799 2089.5256 1077.8571
v 2062.7942 2090.7628 1079.2857
v 2082.7942 2125.4038 1079.2857
v 2083.5085 2126.6410 1080.7143
v 2084.9371 2129.1153 1080.7143
v 2087.4371 2133.4455 1085.7143
v 2088.1514 2134.6827 1092.8571
v 2090.6514 2139.0128 1097.8571
v 2096.3657 2148.9102 1100.7143
v 2099.9371 2155.0961 1107.8571
v 2101.3657 2157.5705 1107.8571
v 2102.0799 2158.8076 1109.2857
v 2102.7942 2160.0448 1107.8571
v 2104.2228 2162.5192 1107.8571
v 2106.7228 2166.8493 1102.8571
v 2108.1514 2169.3237 1085.7143
v 2110.6514 2173.6538 1080.7143
v 2112.0799 2176.1282 1080.7143
v 2112.7942 2177.3653 1079.2857
v 2113.5085 2178.6025 1080.7143
v 2114.9371 2181.0769 1080.7143
v 2117.4371 2185.4070 1085.7143
v 2118.1514 2186.6442 1092.8571
v 2120.6514 2190.9743 1097.8571
v 2122.0799 2193.4487 1097.8571
v 2122.7942 2194.6858 1099.2857
v 2142.0799 2228.0897 1099.2857
v 2142.7942 2229.3269 1097.8571
v 2144.2228 2231.8012 1097.8571
v 2146.7228 2236.1313 1092.8571
v 2147.4371 2237.3685 1085.7143
v 2150.6514 2242.9358 1079.2857
v 2152.4371 2246.0288 1078.5714
v 2152.4371 2246.0288 980.0000
v 2150.6514 2242.9358 979.2857
v 2147.4371 2237.3685 972.8571
v 2146.7228 2236.1313 965.7143
v 2144.2228 2231.8012 960.7143
v 2142.7942 2229.3269 960.7143
v 2142.0799 2228.0897 959.2857
v 2132.7942 2212.0064 959.2857
v 2132.0799 2210.7692 960.7143
v 2130.6514 2208.2948 960.7143
v 2128.1514 2203.9647 965.7143
v 2127.4371 2202.7275 972.8571
v 2124.9371 2198.3974 977.8571
v 2123.5085 2195.9230 977.8571
v 2122.7942 2194.6858 979.2857
v 2119.9371 2189.7371 977.8571
v 2117.4371 2185.4070 972.8571
v 2116.7228 2184.1698 965.7143
v 2114.2228 2179.8397 960.7143
v 2112.7942 2177.3653 960.7143
v 2112.0799 2176.1282 959.2857
v 2082.7942 2125.4038 959.2857
v 2082.0799 2124.1666 960.7143
v 2080.6514 2121.6923 960.7143
v 2078.1514 2117.3621 965.7143
v 2077.4371 2116.1250 972.8571
v 2074.9371 2111.7948 977.8571
v 2073.5085 2109.3205 977.8571
v 2072.7942 2108.0833 979.2857
v 2069.9371 2103.1346 977.8571
v 2067.4371 2098.8045 972.8571
v 2066.7228 2097.5673 965.7143
v 2064.2228 2093.2372 960.7143
v 2062.7942 2090.7628 960.7143
v 2062.0799 2089.5256 959.2857
v 2052.7942 2073.4423 959.2857
v 2052.0799 2072.2051 960.7143
v 2050.6514 2069.7307 960.7143
v 2048.1514 2065.4006 965.7143
v 2047.4371 2064.1634 972.8571
v 2044.9371 2059.8333 977.8571
v 2043.5085 2057.3590 977.8571
v 2042.7942 2056.1218 979.2857
v 2022.0799 2020.2436 979.2857
v 2021.3657 2019.0064 977.8571
v 2019.9371 2016.5320 977.8571
v 2017.4371 2012.2019 972.8571
v 2016.7228 2010.9647 965.7143
v 2014.2228 2006.6346 960.7143
v 2012.7942 2004.1603 960.7143
v 2012.0799 2002.9231 959.2857
v 2002.7942 1986.8397 959.2857
v 2002.0799 1985.6026 960.7143
v 2000.6514 1983.1282 960.7143
v 1998.1514 1978.7981 965.7143
v 1997.4371 1977.5609 972.8571
v 1994.9371 1973.2308 977.8571
v 1992.0799 1968.2821 979.2857
v 1991.3657 1967.0449 977.8571
v 1989.9371 1964.5705 977.8571
v 1987.4371 1960.2404 972.8571
v 1986.7228 1959.0032 965.7143
v 1984.2228 1954.6731 960.7143
v 1982.7942 1952.1987 960.7143
v 1982.0799 1950.9616 959.2857
v 1968.0533 1932.6667 960.7143
v 1965.5533 1928.3366 965.7143
v 1965.5533 1928.3366 968.5714
v 1964.8390 1927.0994 970.0000
v 1964.8390 1927.0994 1008.5714
v 1965.5533 1928.3366 1010.0000
v 1965.5533 1928.3366 1012.8571
v 1968.0533 1932.6667 1017.8571
v 1973.7676 1942.5641 1020.7143
v 1977.3390 1948.7500 1027.8571
v 1978.7676 1951.2244 1027.8571
v 1979.4819 1952.4616 1029.2857
v 1982.3390 1957.4103 1027.8571
v 1987.3390 1966.0705 1017.8571
v 1988.7676 1968.5449 1017.8571
v 1989.4819 1969.7821 1016.4286
v 1990.1962 1971.0192 1017.8571
v 1991.6247 1973.4936 1017.8571
v 1994.1247 1977.8237 1022.8571
v 1994.1247 1977.8237 1025.7143
v 1994.8390 1979.0609 1027.1429
v 1994.8390 1979.0609 1048.5714
v 1995.5533 1980.2981 1050.0000
v 1995.5533 1980.2981 1052.8571
v 1998.0533 1984.6282 1057.8571
v 1999.4819 1987.1026 1057.8571
v 2000.1962 1988.3397 1059.2857
v 2009.4819 2004.4231 1059.2857
v 2010.1962 2005.6603 1057.8571
v 2011.6247 2008.1346 1057.8571
v 2014.1247 2012.4647 1052.8571
v 2014.8390 2013.7019 1045.7143
v 2017.3390 2018.0320 1040.7143
v 2018.7676 2020.5064 1040.7143
v 2019.4819 2021.7436 1039.2857
v 2030.1962 2040.3013 1039.2857
v 2030.9104 2041.5384 1040.7143
v 2032.3390 2044.0128 1040.7143
v 2034.8390 2048.3429 1045.7143
v 2035.5533 2049.5801 1052.8571
v 2038.0533 2053.9102 1057.8571
v 2039.4819 2056.3846 1057.8571
v 2040.1962 2057.6218 1059.2857
v 2050.1962 2074.9423 1059.2857
v 2050.9104 2076.1795 1060.7143
v 2052.3390 2078.6538 1060.7143
v 2054.8390 2082.9840 1065.7143
v 2055.5533 2084.2211 1072.8571
v 2058.0533 2088.5513 1077.8571
v 2059.4819 2091.0256 1077.8571
v 2060.1962 2092.2628 1079.2857
v 2080.1962 2126.9038 1079.2857
v 2080.9104 2128.1410 1080.7143
v 2082.3390 2130.6153 1080.7143
v 2084.8390 2134.9455 1085.7143
v 2085.5533 2136.1827 1092.8571
v 2088.0533 2140.5128 1097.8571
v 2093.7676 2150.4102 1100.7143
v 2097.3390 2156.5961 1107.8571
v 2098.7676 2159.0705 1107.8571
v 2099.4819 2160.3076 1109.2857
v 2100.1962 2161.5448 1107.8571
v 2101.6247 2164.0192 1107.8571
v 2104.1247 2168.3493 1102.8571
v 2105.5533 2170.8237 1085.7143
v 2108.0533 2175.1538 1080.7143
v 2109.4819 2177.6282 1080.7143
v 2110.1962 2178.8653 1079.2857
v 2110.9104 2180.1025 1080.7143
v 2112.3390 2182.5769 1080.7143
v 2114.8390 2186.9070 1085.7143
v 2115.5533 2188.1442 1092.8571
v 2118.0533 2192.4743 1097.8571
v 2119.4819 2194.9487 1097.8571
v 2120.1962 2196.1858 1099.2857
v 2139.4819 2229.5897 1099.2857
v 2140.1962 2230.8269 1097.8571
v 2141.6247 2233.3012 1097.8571
v 2144.1247 2237.6313 1092.8571
v 2144.8390 2238.8685 1085.7143
v 2148.0533 2244.4358 1079.2857
v 2149.8390 2247.5288 1078.5714
v 2149.8390 2247.5288 980.0000
v 2148.0533 2244.4358 979.2857
v 2144.8390 2238.8685 972.8571
v 2144.1247 2237.6313 965.7143
v 2141.6247 2233.3012 960.7143
v 2140.1962 2230.8269 960.7143
v 2139.4819 2229.5897 959.2857
v 2130.1962 2213.5064 959.2857
v 2129.4819 2212.2692 960.7143
v 2128.0533 2209.7948 960.7143
v 2125.5533 2205.4647 965.7143
v 2124.8390 2204.2275 972.8571
v 2122.3390 2199.8974 977.8571
v 2120.9104 2197.4230 977.8571
v 2120.1962 2196.1858 979.2857
v 2117.3390 2191.2371 977.8571
v 2114.8390 2186.9070 972.8571
v 2114.1247 2185.6698 965.7143
v 2111.6247 2181.3397 960.7143
v 2110.1962 2178.8653 960.7143
v 2109.4819 2177.6282 959.2857
v 2080.1962 2126.9038 959.2857
v 2079.4819 2125.6666 960.7143
v 2078.0533 2123.1923 960.7143
v 2075.5533 2118.8621 965.7143
v 2074.8390 2117.6250 972.8571
v 2072.3390 2113.2948 977.8571
v 2070.9104 2110.8205 977.8571
v 2070.1962 2109.5833 979.2857
v 2067.3390 2104.6346 977.8571
v 2064.8390 2100.3045 972.8571
v 2064.1247 2099.0673 965.7143
v 2061.6247 2094.7372 960.7143
v 2060.1962 2092.2628 960.7143
v 2059.4819 2091.0256 959.2857
v 2050.1962 2074.9423 959.2857
v 2049.4819 2073.7051 960.7143
v 2048.0533 2071.2307 960.7143
v 2045.5533 2066.9006 965.7143
v 2044.8390 2065.6634 972.8571
v 2042.3390 2061.3333 977.8571
v 2040.9104 2058.8590 977.8571
v 2040.1962 2057.6218 979.2857
v 2019.4819 2021.7436 979.2857
v 2018.7676 2020.5064 977.8571
v 2017.3390 2018.0320 977.8571
v 2014.8390 2013.7019 972.8571
v 2014.1247 2012.4647 965.7143
v 2011.6247 2008.1346 960.7143
v 2010.1962 2005.6603 960.7143
v 2009.4819 2004.4231 959.2857
v 2000.1962 1988.3397 959.2857
v 1999.4819 1987.1026 960.7143
v 1998.0533 1984.6282 960.7143
v 1995.5533 1980.2981 965.7143
v 1994.8390 1979.0609 972.8571
v 1992.3390 1974.7308 977.8571
v 1989.4819 1969.7821 979.2857
v 1988.7676 1968.5449 977.8571
v 1987.3390 1966.0705 977.8571
v 1984.8390 1961.7404 972.8571
v 1984.1247 1960.5032 965.7143
v 1981.6247 1956.1731 960.7143
v 1980.1962 1953.6987 960.7143
v 1979.4819 1952.4616 959.2857
v 2142.1429 2246.1987 1030.7143
v 2135.3571 2234.4454 1044.2857
v 2135.3571 2234.4454 1047.1429
v 2134.6429 2233.2083 1048.5714
v 2135.3571 2234.4454 1050.0000
v 2135.3571 2234.4454 1052.8571
v 2137.8571 2238.7756 1057.8571
v 2139.2857 2241.2499 1057.8571
v 2140.0000 2242.4871 1059.2857
v 2144.6429 2250.5288 1058.5714
v 2144.6429 2250.5288 1030.0000
v 2139.5448 2247.6987 1030.7143
v 2132.7591 2235.9454 1044.2857
v 2132.7591 2235.9454 1047.1429
v 2132.0448 2234.7083 1048.5714
v 2132.7591 2235.9454 1050.0000
v 2132.7591 2235.9454 1052.8571
v 2135.2591 2240.2756 1057.8571
v 2136.6876 2242.7499 1057.8571
v 2137.4019 2243.9871 1059.2857
v 2142.0448 2252.0288 1058.5714
v 2142.0448 2252.0288 1030.0000
v 2142.1429 2246.1987 1030.7143
v 2135.3571 2234.4454 1044.2857
v 2135.3571 2234.4454 1047.1429
v 2134.6429 2233.2083 1048.5714
v 2135.3571 2234.4454 1050.0000
v 2135.3571 2234.4454 1052.8571
v 2137.8571 2238.7756 1057.8571
v 2139.2857 2241.2499 1057.8571
v 2140.0000 2242.4871 1059.2857
v 2144.6429 2250.5288 1058.5714
v 2144.6429 2250.5288 1030.0000
v 2139.5448 2247.6987 1030.7143
v 2132.7591 2235.9454 1044.2857
v 2132.7591 2235.9454 1047.1429
v 2132.0448 2234.7083 1048.5714
v 2132.7591 2235.9454 1050.0000
v 2132.7591 2235.9454 1052.8571
v 2135.2591 2240.2756 1057.8571
v 2136.6876 2242.7499 1057.8571
v 2137.4019 2243.9871 1059.2857
v 2142.0448 2252.0288 1058.5714
v 2142.0448 2252.0288 1030.0000
v 2112.8571 2195.4743 990.7143
v 2110.3571 2191.1442 995.7143
v 2108.9286 2188.6698 1012.8571
v 2106.4286 2184.3397 1017.8571
v 2102.8571 2178.1538 1019.2857
v 2102.1429 2176.9166 1017.8571
v 2100.7143 2174.4423 1017.8571
v 2097.1429 2168.2564 1010.7143
v 2095.7143 2165.7820 1010.7143
v 2095.0000 2164.5448 1009.2857
v 2094.2857 2163.3076 1010.7143
v 2092.8571 2160.8333 1010.7143
v 2090.3571 2156.5032 1015.7143
v 2090.3571 2156.5032 1018.5714
v 2089.6429 2155.2660 1020.0000
v 2089.6429 2155.2660 1058.5714
v 2090.3571 2156.5032 1060.0000
v 2090.3571 2156.5032 1062.8571
v 2092.8571 2160.8333 1067.8571
v 2094.2857 2163.3076 1067.8571
v 2095.0000 2164.5448 1069.2857
v 2095.7143 2165.7820 1067.8571
v 2097.1429 2168.2564 1067.8571
v 2100.7143 2174.4423 1060.7143
v 2102.1429 2176.9166 1060.7143
v 2102.8571 2178.1538 1059.2857
v 2106.4286 2184.3397 1059.2857
v 2107.1429 2185.5769 1060.7143
v 2108.5714 2188.0512 1060.7143
v 2112.1429 2194.2371 1067.8571
v 2115.0000 2199.1858 1069.2857
v 2115.7143 2200.4230 1067.8571
v 2117.1429 2202.8974 1067.8571
v 2123.9286 2214.6506 1054.2857
v 2124.6429 2215.8878 1048.5714
v 2123.9286 2214.6506 1047.1429
v 2123.9286 2214.6506 1044.2857
v 2120.3571 2208.4647 1037.1429
v 2120.3571 2208.4647 1034.2857
v 2119.6429 2207.2275 1032.8571
v 2119.6429 2207.2275 1025.7143
v 2120.3571 2208.4647 1024.2857
v 2120.3571 2208.4647 1021.4286
v 2123.9286 2214.6506 1014.2857
v 2124.6429 2215.8878 1008.5714
v 2123.9286 2214.6506 1007.1429
v 2123.9286 2214.6506 1004.2857
v 2117.1429 2202.8974 990.7143
v 2110.2591 2196.9743 990.7143
v 2107.7591 2192.6442 995.7143
v 2106.3305 2190.1698 1012.8571
v 2103.8305 2185.8397 1017.8571
v 2100.2591 2179.6538 1019.2857
v 2099.5448 2178.4166 1017.8571
v 2098.1162 2175.9423 1017.8571
v 2094.5448 2169.7564 1010.7143
v 2093.1162 2167.2820 1010.7143
v 2092.4019 2166.0448 1009.2857
v 2091.6876 2164.8076 1010.7143
v 2090.2591 2162.3333 1010.7143
v 2087.7591 2158.0032 1015.7143
v 2087.7591 2158.0032 1018.5714
v 2087.0448 2156.7660 1020.0000
v 2087.0448 2156.7660 1058.5714
v 2087.7591 2158.0032 1060.0000
v 2087.7591 2158.0032 1062.8571
v 2090.2591 2162.3333 1067.8571
v 2091.6876 2164.8076 1067.8571
v 2092.4019 2166.0448 1069.2857
v 2093.1162 2167.2820 1067.8571
v 2094.5448 2169.7564 1067.8571
v 2098.1162 2175.9423 1060.7143
v 2099.5448 2178.4166 1060.7143
v 2100.2591 2179.6538 1059.2857
v 2103.8305 2185.8397 1059.2857
v 2104.5448 2187.0769 1060.7143
v 2105.9734 2189.5512 1060.7143
v 2109.5448 2195.7371 1067.8571
v 2112.4019 2200.6858 1069.2857
v 2113.1162 2201.9230 1067.8571
v 2114.5448 2204.3974 1067.8571
v 2121.3305 2216.1506 1054.2857
v 2122.0448 2217.3878 1048.5714
v 2121.3305 2216.1506 1047.1429
v 2121.3305 2216.1506 1044.2857
v 2117.7591 2209.9647 1037.1429
v 2117.7591 2209.9647 1034.2857
v 2117.0448 2208.7275 1032.8571
v 2117.0448 2208.7275 1025.7143
v 2117.7591 2209.9647 1024.2857
v 2117.7591 2209.9647 1021.4286
v 2121.3305 2216.1506 1014.2857
v 2122.0448 2217.3878 1008.5714
v 2121.3305 2216.1506 1007.1429
v 2121.3305 2216.1506 1004.2857
v 2114.5448 2204.3974 990.7143
v 2112.8571 2195.4743 990.7143
v 2110.3571 2191.1442 995.7143
v 2108.9286 2188.6698 1012.8571
v 2106.4286 2184.3397 1017.8571
v 2102.8571 2178.1538 1019.2857
v 2102.1429 2176.9166 1017.8571
v 2100.7143 2174.4423 1017.8571
v 2097.1429 2168.2564 1010.7143
v 2095.7143 2165.7820 1010.7143
v 2095.0000 2164.5448 1009.2857
v 2094.2857 2163.3076 1010.7143
v 2092.8571 2160.8333 1010.7143
v 2090.3571 2156.5032 1015.7143
v 2090.3571 2156.5032 1018.5714
v 2089.6429 2155.2660 1020.0000
v 2089.6429 2155.2660 1058.5714
v 2090.3571 2156.5032 1060.0000
v 2090.3571 2156.5032 1062.8571
v 2092.8571 2160.8333 1067.8571
v 2094.2857 2163.3076 1067.8571
v 2095.0000 2164.5448 1069.2857
v 2095.7143 2165.7820 1067.8571
v 2097.1429 2168.2564 1067.8571
v 2100.7143 2174.4423 1060.7143
v 2102.1429 2176.9166 1060.7143
v 2102.8571 2178.1538 1059.2857
v 2106.4286 2184.3397 1059.2857
v 2107.1429 2185.5769 1060.7143
v 2108.5714 2188.0512 1060.7143
v 2112.1429 2194.2371 1067.8571
v 2115.0000 2199.1858 1069.2857
v 2115.7143 2200.4230 1067.8571
v 2117.1429 2202.8974 1067.8571
v 2123.9286 2214.6506 1054.2857
v 2124.6429 2215.8878 1048.5714
v 2123.9286 2214.6506 1047.1429
v 2123.9286 2214.6506 1044.2857
v 2120.3571 2208.4647 1037.1429
v 2120.3571 2208.4647 1034.2857
v 2119.6429 2207.2275 1032.8571
v 2119.6429 2207.2275 1025.7143
v 2120.3571 2208.4647 1024.2857
v 2120.3571 2208.4647 1021.4286
v 2123.9286 2214.6506 1014.2857
v 2124.6429 2215.8878 1008.5714
v 2123.9286 2214.6506 1007.1429
v 2123.9286 2214.6506 1004.2857
v 2117.1429 2202.8974 990.7143
v 2110.2591 2196.9743 990.7143
v 2107.7591 2192.6442 995.7143
v 2106.3305 2190.1698 1012.8571
v 2103.8305 2185.8397 1017.8571
v 2100.2591 2179.6538 1019.2857
v 2099.5448 2178.4166 1017.8571
v 2098.1162 2175.9423 1017.8571
v 2094.5448 2169.7564 1010.7143
v 2093.1162 2167.2820 1010.7143
v 2092.4019 2166.0448 1009.2857
v 2091.6876 2164.8076 1010.7143
v 2090.2591 2162.3333 1010.7143
v 2087.7591 2158.0032 1015.7143
v 2087.7591 2158.0032 1018.5714
v 2087.0448 2156.7660 1020.0000
v 2087.0448 2156.7660 1058.5714
v 2087.7591 2158.0032 1060.0000
v 2087.7591 2158.0032 1062.8571
v 2090.2591 2162.3333 1067.8571
v 2091.6876 2164.8076 1067.8571
v 2092.4019 2166.0448 1069.2857
v 2093.1162 2167.2820 1067.8571
v 2094.5448 2169.7564 1067.8571
v 2098.1162 2175.9423 1060.7143
v 2099.5448 2178.4166 1060.7143
v 2100.2591 2179.6538 1059.2857
v 2103.8305 2185.8397 1059.2857
v 2104.5448 2187.0769 1060.7143
v 2105.9734 2189.5512 1060.7143
v 2109.5448 2195.7371 1067.8571
v 2112.4019 2200.6858 1069.2857
v 2113.1162 2201.9230 1067.8571
v 2114.5448 2204.3974 1067.8571
v 2121.3305 2216.1506 1054.2857
v 2122.0448 2217.3878 1048.5714
v 2121.3305 2216.1506 1047.1429
v 2121.3305 2216.1506 1044.2857
v 2117.7591 2209.9647 1037.1429
v 2117.7591 2209.9647 1034.2857
v 2117.0448 2208.7275 1032.8571
v 2117.0448 2208.7275 1025.7143
v 2117.7591 2209.9647 1024.2857
v 2117.7591 2209.9647 1021.4286
v 2121.3305 2216.1506 1014.2857
v 2122.0448 2217.3878 1008.5714
v 2121.3305 2216.1506 1007.1429
v 2121.3305 2216.1506 1004.2857
v 2114.5448 2204.3974 990.7143
v 2042.8571 2074.2307 980.7143
v 2040.3571 2069.9006 985.7143
v 2040.3571 2069.9006 988.5714
v 2039.6429 2068.6634 990.0000
v 2039.6429 2068.6634 1028.5714
v 2040.3571 2069.9006 1030.0000
v 2040.3571 2069.9006 1032.8571
v 2042.8571 2074.2307 1037.8571
v 2048.5714 2084.1282 1040.7143
v 2052.1429 2090.3141 1047.8571
v 2053.5714 2092.7884 1047.8571
v 2054.2857 2094.0256 1049.2857
v 2055.0000 2095.2628 1047.8571
v 2056.4286 2097.7372 1047.8571
v 2058.9286 2102.0673 1042.8571
v 2058.9286 2102.0673 1040.0000
v 2059.6429 2103.3045 1038.5714
v 2059.6429 2103.3045 990.0000
v 2058.9286 2102.0673 988.5714
v 2058.9286 2102.0673 985.7143
v 2056.4286 2097.7372 980.7143
v 2055.0000 2095.2628 980.7143
v 2054.2857 2094.0256 979.2857
v 2040.2591 2075.7307 980.7143
v 2037.7591 2071.4006 985.7143
v 2037.7591 2071.4006 988.5714
v 2037.0448 2070.1634 990.0000
v 2037.0448 2070.1634 1028.5714
v 2037.7591 2071.4006 1030.0000
v 2037.7591 2071.4006 1032.8571
v 2040.2591 2075.7307 1037.8571
v 2045.9734 2085.6282 1040.7143
v 2049.5448 2091.8141 1047.8571
v 2050.9734 2094.2884 1047.8571
v 2051.6876 2095.5256 1049.2857
v 2052.4019 2096.7628 1047.8571
v 2053.8305 2099.2372 1047.8571
v 2056.3305 2103.5673 1042.8571
v 2056.3305 2103.5673 1040.0000
v 2057.0448 2104.8045 1038.5714
v 2057.0448 2104.8045 990.0000
v 2056.3305 2103.5673 988.5714
v 2056.3305 2103.5673 985.7143
v 2053.8305 2099.2372 980.7143
v 2052.4019 2096.7628 980.7143
v 2051.6876 2095.5256 979.2857
v 2042.8571 2074.2307 980.7143
v 2040.3571 2069.9006 985.7143
v 2040.3571 2069.9006 988.5714
v 2039.6429 2068.6634 990.0000
v 2039.6429 2068.6634 1028.5714
v 2040.3571 2069.9006 1030.0000
v 2040.3571 2069.9006 1032.8571
v 2042.8571 2074.2307 1037.8571
v 2048.5714 2084.1282 1040.7143
v 2052.1429 2090.3141 1047.8571
v 2053.5714 2092.7884 1047.8571
v 2054.2857 2094.0256 1049.2857
v 2055.0000 2095.2628 1047.8571
v 2056.4286 2097.7372 1047.8571
v 2058.9286 2102.0673 1042.8571
v 2058.9286 2102.0673 1040.0000
v 2059.6429 2103.3045 1038.5714
v 2059.6429 2103.3045 990.0000
v 2058.9286 2102.0673 988.5714
v 2058.9286 2102.0673 985.7143
v 2056.4286 2097.7372 980.7143
v 2055.0000 2095.2628 980.7143
v 2054.2857 2094.0256 979.2857
v 2040.2591 2075.7307 980.7143
v 2037.7591 2071.4006 985.7143
v 2037.7591 2071.4006 988.5714
v 2037.0448 2070.1634 990.0000
v 2037.0448 2070.1634 1028.5714
v 2037.7591 2071.4006 1030.0000
v 2037.7591 2071.4006 1032.8571
v 2040.2591 2075.7307 1037.8571
v 2045.9734 2085.6282 1040.7143
v 2049.5448 2091.8141 1047.8571
v 2050.9734 2094.2884 1047.8571
v 2051.6876 2095.5256 1049.2857
v 2052.4019 2096.7628 1047.8571
v 2053.8305 2099.2372 1047.8571
v 2056.3305 2103.5673 1042.8571
v 2056.3305 2103.5673 1040.0000
v 2057.0448 2104.8045 1038.5714
v 2057.0448 2104.8045 990.0000
v 2056.3305 2103.5673 988.5714
v 2056.3305 2103.5673 985.7143
v 2053.8305 2099.2372 980.7143
v 2052.4019 2096.7628 980.7143
v 2051.6876 2095.5256 979.2857
v 1867.6332 1740.7340 900.0000
v 1867.6332 1740.7340 1038.5714
v 1869.4190 1743.8270 1039.2857
v 1872.6332 1749.3943 1045.7143
v 1873.3475 1750.6315 1052.8571
v 1875.8475 1754.9616 1057.8571
v 1877.2761 1757.4360 1057.8571
v 1877.9904 1758.6731 1059.2857
v 1929.4190 1847.7500 1059.2857
v 1930.1332 1848.9872 1060.7143
v 1931.5618 1851.4616 1060.7143
v 1935.1332 1857.6475 1067.8571
v 1936.5618 1860.1218 1067.8571
v 1937.2761 1861.3590 1069.2857
v 1937.9904 1862.5962 1067.8571
v 1939.4190 1865.0705 1067.8571
v 1941.9190 1869.4007 1062.8571
v 1941.9190 1869.4007 1060.0000
v 1942.6332 1870.6379 1058.5714
v 1942.6332 1870.6379 1030.0000
v 1943.3475 1871.8750 1028.5714
v 1943.3475 1871.8750 1025.7143
v 1945.8475 1876.2052 1020.7143
v 1947.2761 1878.6795 1020.7143
v 1947.9904 1879.9167 1019.2857
v 1967.2761 1913.3205 1019.2857
v 1967.9904 1914.5577 1020.7143
v 1969.4190 1917.0321 1020.7143
v 1971.9190 1921.3622 1025.7143
v 1971.9190 1921.3622 1028.5714
v 1972.6332 1922.5994 1030.0000
v 1972.6332 1922.5994 1068.5714
v 1973.3475 1923.8366 1070.0000
v 1973.3475 1923.8366 1072.8571
v 1975.8475 1928.1667 1077.8571
v 1977.2761 1930.6410 1077.8571
v 1977.9904 1931.8782 1079.2857
v 1987.2761 1947.9616 1079.2857
v 1987.9904 1949.1987 1077.8571
v 1989.4190 1951.6731 1077.8571
v 1991.9190 1956.0032 1072.8571
v 1992.6332 1957.2404 1065.7143
v 1995.1332 1961.5705 1060.7143
v 1996.5618 1964.0449 1060.7143
v 1997.2761 1965.2821 1059.2857
v 2001.5618 1972.7051 1060.7143
v 2005.1332 1978.8910 1067.8571
v 2007.9904 1983.8397 1069.2857
v 2008.7047 1985.0769 1067.8571
v 2010.1332 1987.5513 1067.8571
v 2013.7047 1993.7372 1060.7143
v 2017.9904 2001.1603 1059.2857
v 2018.7047 2002.3974 1060.7143
v 2020.1332 2004.8718 1060.7143
v 2022.6332 2009.2019 1065.7143
v 2023.3475 2010.4391 1072.8571
v 2025.8475 2014.7692 1077.8571
v 2031.5618 2024.6667 1080.7143
v 2035.1332 2030.8526 1087.8571
v 2037.9904 2035.8013 1089.2857
v 2038.7047 2037.0384 1087.8571
v 2040.1332 2039.5128 1087.8571
v 2043.7047 2045.6987 1080.7143
v 2045.1332 2048.1731 1080.7143
v 2045.8475 2049.4102 1079.2857
v 2049.4190 2055.5961 1080.7143
v 2051.9190 2059.9263 1085.7143
v 2052.6332 2061.1634 1092.8571
v 2051.9190 2059.9263 1094.2857
v 2051.9190 2059.9263 1097.1429
v 2048.3475 2053.7404 1104.2857
v 2048.3475 2053.7404 1107.1429
v 2047.6332 2052.5032 1108.5714
v 2048.3475 2053.7404 1110.0000
v 2048.3475 2053.7404 1112.8571
v 2050.8475 2058.0705 1117.8571
v 2052.2761 2060.5449 1117.8571
v 2052.9904 2061.7820 1119.2857
v 2067.2761 2086.5256 1119.2857
v 2067.9904 2087.7628 1120.7143
v 2069.4190 2090.2372 1120.7143
v 2071.9190 2094.5673 1125.7143
v 2071.9190 2094.5673 1128.5714
v 2072.6332 2095.8045 1130.0000
v 2072.6332 2095.8045 1148.5714
v 2073.3475 2097.0416 1150.0000
v 2073.3475 2097.0416 1152.8571
v 2075.8475 2101.3718 1157.8571
v 2077.2761 2103.8461 1157.8571
v 2077.9904 2105.0833 1159.2857
v 2097.2761 2138.4871 1159.2857
v 2097.9904 2139.7243 1157.8571
v 2099.4190 2142.1987 1157.8571
v 2101.9190 2146.5288 1152.8571
v 2102.6332 2147.7660 1145.7143
v 2105.1332 2152.0961 1140.7143
v 2106.5618 2154.5705 1140.7143
v 2107.2761 2155.8076 1139.2857
v 2127.2761 2190.4487 1139.2857
v 2127.9904 2191.6858 1137.8571
v 2129.4190 2194.1602 1137.8571
v 2131.9190 2198.4903 1132.8571
v 2132.6332 2199.7275 1125.7143
v 2135.1332 2204.0576 1120.7143
v 2136.5618 2206.5320 1120.7143
v 2137.2761 2207.7692 1119.2857
v 2147.2761 2225.0897 1119.2857
v 2147.9904 2226.3269 1117.8571
v 2149.4190 2228.8012 1117.8571
v 2151.9190 2233.1313 1112.8571
v 2152.6332 2234.3685 1105.7143
v 2155.8475 2239.9358 1099.2857
v 2157.6332 2243.0288 1098.5714
v 2157.2761 2242.4102 919.2857
v 1907.2761 1809.3975 919.2857
v 1906.5618 1808.1603 917.8571
v 1905.1332 1805.6859 917.8571
v 1902.6332 1801.3558 912.8571
v 1901.9190 1800.1186 905.7143
v 1899.4190 1795.7885 900.7143
v 1897.9904 1793.3142 900.7143
v 1897.2761 1792.0770 899.2857
v 1865.0352 1742.2340 900.0000
v 1865.0352 1742.2340 1038.5714
v 1866.8209 1745.3270 1039.2857
v 1870.0352 1750.8943 1045.7143
v 1870.7494 1752.1315 1052.8571
v 1873.2494 1756.4616 1057.8571
v 1874.6780 1758.9360 1057.8571
v 1875.3923 1760.1731 1059.2857
v 1926.8209 1849.2500 1059.2857
v 1927.5352 1850.4872 1060.7143
v 1928.9637 1852.9616 1060.7143
v 1932.5352 1859.1475 1067.8571
v 1933.9637 1861.6218 1067.8571
v 1934.6780 1862.8590 1069.2857
v 1935.3923 1864.0962 1067.8571
v 1936.8209 1866.5705 1067.8571
v 1939.3209 1870.9007 1062.8571
v 1939.3209 1870.9007 1060.0000
v 1940.0352 1872.1379 1058.5714
v 1940.0352 1872.1379 1030.0000
v 1940.7494 1873.3750 1028.5714
v 1940.7494 1873.3750 1025.7143
v 1943.2494 1877.7052 1020.7143
v 1944.6780 1880.1795 1020.7143
v 1945.3923 1881.4167 1019.2857
v 1964.6780 1914.8205 1019.2857
v 1965.3923 1916.0577 1020.7143
v 1966.8209 1918.5321 1020.7143
v 1969.3209 1922.8622 1025.7143
v 1969.3209 1922.8622 1028.5714
v 1970.0352 1924.0994 1030.0000
v 1970.0352 1924.0994 1068.5714
v 1970.7494 1925.3366 1070.0000
v 1970.7494 1925.3366 1072.8571
v 1973.2494 1929.6667 1077.8571
v 1974.6780 1932.1410 1077.8571
v 1975.3923 1933.3782 1079.2857
v 1984.6780 1949.4616 1079.2857
v 1985.3923 1950.6987 1077.8571
v 1986.8209 1953.1731 1077.8571
v 1989.3209 1957.5032 1072.8571
v 1990.0352 1958.7404 1065.7143
v 1992.5352 1963.0705 1060.7143
v 1993.9637 1965.5449 1060.7143
v 1994.6780 1966.7821 1059.2857
v 1998.9637 1974.2051 1060.7143
v 2002.5352 1980.3910 1067.8571
v 2005.3923 1985.3397 1069.2857
v 2006.1066 1986.5769 1067.8571
v 2007.5352 1989.0513 1067.8571
v 2011.1066 1995.2372 1060.7143
v 2015.3923 2002.6603 1059.2857
v 2016.1066 2003.8974 1060.7143
v 2017.5352 2006.3718 1060.7143
v 2020.0352 2010.7019 1065.7143
v 2020.7494 2011.9391 1072.8571
v 2023.2494 2016.2692 1077.8571
v 2028.9637 2026.1667 1080.7143
v 2032.5352 2032.3526 1087.8571
v 2035.3923 2037.3013 1089.2857
v 2036.1066 2038.5384 1087.8571
v 2037.5352 2041.0128 1087.8571
v 2041.1066 2047.1987 1080.7143
v 2042.5352 2049.6731 1080.7143
v 2043.2494 2050.9102 1079.2857
v 2046.8209 2057.0961 1080.7143
v 2049.3209 2061.4263 1085.7143
v 2050.0352 2062.6634 1092.8571
v 2049.3209 2061.4263 1094.2857
v 2049.3209 2061.4263 1097.1429
v 2045.7494 2055.2404 1104.2857
v 2045.7494 2055.2404 1107.1429
v 2045.0352 2054.0032 1108.5714
v 2045.7494 2055.2404 1110.0000
v 2045.7494 2055.2404 1112.8571
v 2048.2494 2059.5705 1117.8571
v 2049.6780 2062.0449 1117.8571
v 2050.3923 2063.2820 1119.2857
v 2064.6780 2088.0256 1119.2857
v 2065.3923 2089.2628 1120.7143
v 2066.8209 2091.7372 1120.7143
v 2069.3209 2096.0673 1125.7143
v 2069.3209 2096.0673 1128.5714
v 2070.0352 2097.3045 1130.0000
v 2070.0352 2097.3045 1148.5714
v 2070.7494 2098.5416 1150.0000
v 2070.7494 2098.5416 1152.8571
v 2073.2494 2102.8718 1157.8571
v 2074.6780 2105.3461 1157.8571
v 2075.3923 2106.5833 1159.2857
v 2094.6780 2139.9871 1159.2857
v 2095.3923 2141.2243 1157.8571
v 2096.8209 2143.6987 1157.8571
v 2099.3209 2148.0288 1152.8571
v 2100.0352 2149.2660 1145.7143
v 2102.5352 2153.5961 1140.7143
v 2103.9637 2156.0705 1140.7143
v 2104.6780 2157.3076 1139.2857
v 2124.6780 2191.9487 1139.2857
v 2125.3923 2193.1858 1137.8571
v 2126.8209 2195.6602 1137.8571
v 2129.3209 2199.9903 1132.8571
v 2130.0352 2201.2275 1125.7143
v 2132.5352 2205.5576 1120.7143
v 2133.9637 2208.0320 1120.7143
v 2134.6780 2209.2692 1119.2857
v 2144.6780 2226.5897 1119.2857
v 2145.3923 2227.8269 1117.8571
v 2146.8209 2230.3012 1117.8571
v 2149.3209 2234.6313 1112.8571
v 2150.0352 2235.8685 1105.7143
v 2153.2494 2241.4358 1099.2857
v 2155.0352 2244.5288 1098.5714
v 2154.6780 2243.9102 919.2857
v 1904.6780 1810.8975 919.2857
v 1903.9637 1809.6603 917.8571
v 1902.5352 1807.1859 917.8571
v 1900.0352 1802.8558 912.8571
v 1899.3209 1801.6186 905.7143
v 1896.8209 1797.2885 900.7143
v 1895.3923 1794.8142 900.7143
v 1894.6780 1793.5770 899.2857
v 1867.6332 1740.7340 900.0000
v 1867.6332 1740.7340 1038.5714
v 1869.4190 1743.8270 1039.2857
v 1872.6332 1749.3943 1045.7143
v 1873.3475 1750.6315 1052.8571
v 1875.8475 1754.9616 1057.8571
v 1877.2761 1757.4360 1057.8571
v 1877.9904 1758.6731 1059.2857
v 1929.4190 1847.7500 1059.2857
v 1930.1332 1848.9872 1060.7143
v 1931.5618 1851.4616 1060.7143
v 1935.1332 1857.6475 1067.8571
v 1936.5618 1860.1218 1067.8571
v 1937.2761 1861.3590 1069.2857
v 1937.9904 1862.5962 1067.8571
v 1939.4190 1865.0705 1067.8571
v 1941.9190 1869.4007 1062.8571
v 1941.9190 1869.4007 1060.0000
v 1942.6332 1870.6379 1058.5714
v 1942.6332 1870.6379 1030.0000
v 1943.3475 1871.8750 1028.5714
v 1943.3475 1871.8750 1025.7143
v 1945.8475 1876.2052 1020.7143
v 1947.2761 1878.6795 1020.7143
v 1947.9904 1879.9167 1019.2857
v 1967.2761 1913.3205 1019.2857
v 1967.9904 1914.5577 1020.7143
v 1969.4190 1917.0321 1020.7143
v 1971.9190 1921.3622 1025.7143
v 1971.9190 1921.3622 1028.5714
v 1972.6332 1922.5994 1030.0000
v 1972.6332 1922.5994 1068.5714
v 1973.3475 1923.8366 1070.0000
v 1973.3475 1923.8366 1072.8571
v 1975.8475 1928.1667 1077.8571
v 1977.2761 1930.6410 1077.8571
v 1977.9904 1931.8782 1079.2857
v 1987.2761 1947.9616 1079.2857
v 1987.9904 1949.1987 1077.8571
v 1989.4190 1951.6731 1077.8571
v 1991.9190 1956.0032 1072.8571
v 1992.6332 1957.2404 1065.7143
v 1995.1332 1961.5705 1060.7143
v 1996.5618 1964.0449 1060.7143
v 1997.2761 1965.2821 1059.2857
v 2001.5618 1972.7051 1060.7143
v 2005.1332 1978.8910 1067.8571
v 2007.9904 1983.8397 1069.2857
v 2008.7047 1985.0769 1067.8571
v 2010.1332 1987.5513 1067.8571
v 2013.7047 1993.7372 1060.7143
v 2017.9904 2001.1603 1059.2857
v 2018.7047 2002.3974 1060.7143
v 2020.1332 2004.8718 1060.7143
v 2022.6332 2009.2019 1065.7143
v 2023.3475 2010.4391 1072.8571
v 2025.8475 2014.7692 1077.8571
v 2031.5618 2024.6667 1080.7143
v 2035.1332 2030.8526 1087.8571
v 2037.9904 2035.8013 1089.2857
v 2038.7047 2037.0384 1087.8571
v 2040.1332 2039.5128 1087.8571
v 2043.7047 2045.6987 1080.7143
v 2045.1332 2048.1731 1080.7143
v 2045.8475 2049.4102 1079.2857
v 2049.4190 2055.5961 1080.7143
v 2051.9190 2059.9263 1085.7143
v 2052.6332 2061.1634 1092.8571
v 2051.9190 2059.9263 1094.2857
v 2051.9190 2059.9263 1097.1429
v 2048.3475 2053.7404 1104.2857
v 2048.3475 2053.7404 1107.1429
v 2047.6332 2052.5032 1108.5714
v 2048.3475 2053.7404 1110.0000
v 2048.3475 2053.7404 1112.8571
v 2050.8475 2058.0705 1117.8571
v 2052.2761 2060.5449 1117.8571
v 2052.9904 2061.7820 1119.2857
v 2067.2761 2086.5256 1119.2857
v 2067.9904 2087.7628 1120.7143
v 2069.4190 2090.2372 1120.7143
v 2071.9190 2094.5673 1125.7143
v 2071.9190 2094.5673 1128.5714
v 2072.6332 2095.8045 1130.0000
v 2072.6332 2095.8045 1148.5714
v 2073.3475 2097.0416 1150.0000
v 2073.3475 2097.0416 1152.8571
v 2075.8475 2101.3718 1157.8571
v 2077.2761 2103.8461 1157.8571
v 2077.9904 2105.0833 1159.2857
v 2097.2761 2138.4871 1159.2857
v 2097.9904 2139.7243 1157.8571
v 2099.4190 2142.1987 1157.8571
v 2101.9190 2146.5288 1152.8571
v 2102.6332 2147.7660 1145.7143
v 2105.1332 2152.0961 1140.7143
v 2106.5618 2154.5705 1140.7143
v 2107.2761 2155.8076 1139.2857
v 2127.2761 2190.4487 1139.2857
v 2127.9904 2191.6858 1137.8571
v 2129.4190 2194.1602 1137.8571
v 2131.9190 2198.4903 1132.8571
v 2132.6332 2199.7275 1125.7143
v 2135.1332 2204.0576 1120.7143
v 2136.5618 2206.5320 1120.7143
v 2137.2761 2207.7692 1119.2857
v 2147.2761 2225.0897 1119.2857
v 2147.9904 2226.3269 1117.8571
v 2149.4190 2228.8012 1117.8571
v 2151.9190 2233.1313 1112.8571
v 2152.6332 2234.3685 1105.7143
v 2155.8475 2239.9358 1099.2857
v 2157.6332 2243.0288 1098.5714
v 2157.2761 2242.4102 919.2857
v 1907.2761 1809.3975 919.2857
v 1906.5618 1808.1603 917.8571
v 1905.1332 1805.6859 917.8571
v 1902.6332 1801.3558 912.8571
v 1901.9190 1800.1186 905.7143
v 1899.4190 1795.7885 900.7143
v 1897.9904 1793.3142 900.7143
v 1897.2761 1792.0770 899.2857
v 1865.0352 1742.2340 900.0000
v 1865.0352 1742.2340 1038.5714
v 1866.8209 1745.3270 1039.2857
v 1870.0352 1750.8943 1045.7143
v 1870.7494 1752.1315 1052.8571
v 1873.2494 1756.4616 1057.8571
v 1874.6780 1758.9360 1057.8571
v 1875.3923 1760.1731 1059.2857
v 1926.8209 1849.2500 1059.2857
v 1927.5352 1850.4872 1060.7143
v 1928.9637 1852.9616 1060.7143
v 1932.5352 1859.1475 1067.8571
v 1933.9637 1861.6218 1067.8571
v 1934.6780 1862.8590 1069.2857
v 1935.3923 1864.0962 1067.8571
v 1936.8209 1866.5705 1067.8571
v 1939.3209 1870.9007 1062.8571
v 1939.3209 1870.9007 1060.0000
v 1940.0352 1872.1379 1058.5714
v 1940.0352 1872.1379 1030.0000
v 1940.7494 1873.3750 1028.5714
v 1940.7494 1873.3750 1025.7143
v 1943.2494 1877.7052 1020.7143
v 1944.6780 1880.1795 1020.7143
v 1945.3923 1881.4167 1019.2857
v 1964.6780 1914.8205 1019.2857
v 1965.3923 1916.0577 1020.7143
v 1966.8209 1918.5321 1020.7143
v 1969.3209 1922.8622 1025.7143
v 1969.3209 1922.8622 1028.5714
v 1970.0352 1924.0994 1030.0000
v 1970.0352 1924.0994 1068.5714
v 1970.7494 1925.3366 1070.0000
v 1970.7494 1925.3366 1072.8571
v 1973.2494 1929.6667 1077.8571
v 1974.6780 1932.1410 1077.8571
v 1975.3923 1933.3782 1079.2857
v 1984.6780 1949.4616 1079.2857
v 1985.3923 1950.6987 1077.8571
v 1986.8209 1953.1731 1077.8571
v 1989.3209 1957.5032 1072.8571
v 1990.0352 1958.7404 1065.7143
v 1992.5352 1963.0705 1060.7143
v 1993.9637 1965.5449 1060.7143
v 1994.6780 1966.7821 1059.2857
v 1998.9637 1974.2051 1060.7143
v 2002.5352 1980.3910 1067.8571
v 2005.3923 1985.3397 1069.2857
v 2006.1066 1986.5769 1067.8571
v 2007.5352 1989.0513 1067.8571
v 2011.1066 1995.2372 1060.7143
v 2015.3923 2002.6603 1059.2857
v 2016.1066 2003.8974 1060.7143
v 2017.5352 2006.3718 1060.7143
v 2020.0352 2010.7019 1065.7143
v 2020.7494 2011.9391 1072.8571
v 2023.2494 2016.2692 1077.8571
v 2028.9637 2026.1667 1080.7143
v 2032.5352 2032.3526 1087.8571
v 2035.3923 2037.3013 1089.2857
v 2036.1066 2038.5384 1087.8571
v 2037.5352 2041.0128 1087.8571
v 2041.1066 2047.1987 1080.7143
v 2042.5352 2049.6731 1080.7143
v 2043.2494 2050.9102 1079.2857
v 2046.8209 2057.0961 1080.7143
v 2049.3209 2061.4263 1085.7143
v 2050.0352 2062.6634 1092.8571
v 2049.3209 2061.4263 1094.2857
v 2049.3209 2061.4263 1097.1429
v 2045.7494 2055.2404 1104.2857
v 2045.7494 2055.2404 1107.1429
v 2045.0352 2054.0032 1108.5714
v 2045.7494 2055.2404 1110.0000
v 2045.7494 2055.2404 1112.8571
v 2048.2494 2059.5705 1117.8571
v 2049.6780 2062.0449 1117.8571
v 2050.3923 2063.2820 1119.2857
v 2064.6780 2088.0256 1119.2857
v 2065.3923 2089.2628 1120.7143
v 2066.8209 2091.7372 1120.7143
v 2069.3209 2096.0673 1125.7143
v 2069.3209 2096.0673 1128.5714
v 2070.0352 2097.3045 1130.0000
v 2070.0352 2097.3045 1148.5714
v 2070.7494 2098.5416 1150.0000
v 2070.7494 2098.5416 1152.8571
v 2073.2494 2102.8718 1157.8571
v 2074.6780 2105.3461 1157.8571
v 2075.3923 2106.5833 1159.2857
v 2094.6780 2139.9871 1159.2857
v 2095.3923 2141.2243 1157.8571
v 2096.8209 2143.6987 1157.8571
v 2099.3209 2148.0288 1152.8571
v 2100.0352 2149.2660 1145.7143
v 2102.5352 2153.5961 1140.7143
v 2103.9637 2156.0705 1140.7143
v 2104.6780 2157.3076 1139.2857
v 2124.6780 2191.9487 1139.2857
v 2125.3923 2193.1858 1137.8571
v 2126.8209 2195.6602 1137.8571
v 2129.3209 2199.9903 1132.8571
v 2130.0352 2201.2275 1125.7143
v 2132.5352 2205.5576 1120.7143
v 2133.9637 2208.0320 1120.7143
v 2134.6780 2209.2692 1119.2857
v 2144.6780 2226.5897 1119.2857
v 2145.3923 2227.8269 1117.8571
v 2146.8209 2230.3012 1117.8571
v 2149.3209 2234.6313 1112.8571
v 2150.0352 2235.8685 1105.7143
v 2153.2494 2241.4358 1099.2857
v 2155.0352 2244.5288 1098.5714
v 2154.6780 2243.9102 919.2857
v 1904.6780 1810.8975 919.2857
v 1903.9637 1809.6603 917.8571
v 1902.5352 1807.1859 917.8571
v 1900.0352 1802.8558 912.8571
v 1899.3209 1801.6186 905.7143
v 1896.8209 1797.2885 900.7143
v 1895.3923 1794.8142 900.7143
v 1894.6780 1793.5770 899.2857
v 2058.0533 2088.5513 940.7143
v 2055.5533 2084.2211 945.7143
v 2054.8390 2082.9840 952.8571
v 2051.6247 2077.4166 959.2857
v 2048.0533 2071.2307 960.7143
v 2045.5533 2066.9006 965.7143
v 2045.5533 2066.9006 968.5714
v 2044.8390 2065.6634 970.0000
v 2044.8390 2065.6634 1028.5714
v 2045.5533 2066.9006 1030.0000
v 2045.5533 2066.9006 1032.8571
v 2048.0533 2071.2307 1037.8571
v 2051.6247 2077.4166 1039.2857
v 2054.8390 2082.9840 1045.7143
v 2055.5533 2084.2211 1052.8571
v 2058.0533 2088.5513 1057.8571
v 2059.4819 2091.0256 1057.8571
v 2060.1962 2092.2628 1059.2857
v 2089.4819 2142.9871 1059.2857
v 2090.1962 2144.2243 1060.7143
v 2091.6247 2146.6987 1060.7143
v 2094.1247 2151.0288 1065.7143
v 2095.5533 2153.5032 1082.8571
v 2098.0533 2157.8333 1087.8571
v 2099.4819 2160.3076 1087.8571
v 2100.1962 2161.5448 1089.2857
v 2100.9104 2162.7820 1087.8571
v 2102.3390 2165.2564 1087.8571
v 2105.9104 2171.4423 1080.7143
v 2107.3390 2173.9166 1080.7143
v 2108.0533 2175.1538 1079.2857
v 2111.6247 2181.3397 1080.7143
v 2114.1247 2185.6698 1085.7143
v 2115.5533 2188.1442 1102.8571
v 2118.0533 2192.4743 1107.8571
v 2119.4819 2194.9487 1107.8571
v 2120.1962 2196.1858 1109.2857
v 2120.9104 2197.4230 1107.8571
v 2122.3390 2199.8974 1107.8571
v 2125.9104 2206.0833 1100.7143
v 2131.6247 2215.9807 1097.8571
v 2134.1247 2220.3108 1092.8571
v 2134.1247 2220.3108 1090.0000
v 2134.8390 2221.5480 1088.5714
v 2134.8390 2221.5480 1070.0000
v 2135.5533 2222.7852 1068.5714
v 2135.5533 2222.7852 1065.7143
v 2138.0533 2227.1153 1060.7143
v 2141.6247 2233.3012 1059.2857
v 2142.3390 2234.5384 1060.7143
v 2143.7676 2237.0128 1060.7143
v 2147.3390 2243.1987 1067.8571
v 2149.8390 2247.5288 1068.5714
v 2149.4819 2246.9102 939.2857
v 2120.1962 2196.1858 939.2857
v 2119.4819 2194.9487 940.7143
v 2118.0533 2192.4743 940.7143
v 2115.5533 2188.1442 945.7143
v 2114.8390 2186.9070 952.8571
v 2112.3390 2182.5769 957.8571
v 2110.9104 2180.1025 957.8571
v 2110.1962 2178.8653 959.2857
v 2107.3390 2173.9166 957.8571
v 2104.8390 2169.5865 952.8571
v 2104.1247 2168.3493 945.7143
v 2101.6247 2164.0192 940.7143
v 2100.1962 2161.5448 940.7143
v 2099.4819 2160.3076 939.2857
v 2075.1962 2118.2436 939.2857
v 2070.1962 2109.5833 943.5714
v 2064.4819 2099.6859 939.2857
v 2055.4552 2090.0513 940.7143
v 2052.9552 2085.7211 945.7143
v 2052.2409 2084.4840 952.8571
v 2049.0266 2078.9166 959.2857
v 2045.4552 2072.7307 960.7143
v 2042.9552 2068.4006 965.7143
v 2042.9552 2068.4006 968.5714
v 2042.2409 2067.1634 970.0000
v 2042.2409 2067.1634 1028.5714
v 2042.9552 2068.4006 1030.0000
v 2042.9552 2068.4006 1032.8571
v 2045.4552 2072.7307 1037.8571
v 2049.0266 2078.9166 1039.2857
v 2052.2409 2084.4840 1045.7143
v 2052.9552 2085.7211 1052.8571
v 2055.4552 2090.0513 1057.8571
v 2056.8838 2092.5256 1057.8571
v 2057.5981 2093.7628 1059.2857
v 2086.8838 2144.4871 1059.2857
v 2087.5981 2145.7243 1060.7143
v 2089.0266 2148.1987 1060.7143
v 2091.5266 2152.5288 1065.7143
v 2092.9552 2155.0032 1082.8571
v 2095.4552 2159.3333 1087.8571
v 2096.8838 2161.8076 1087.8571
v 2097.5981 2163.0448 1089.2857
v 2098.3124 2164.2820 1087.8571
v 2099.7409 2166.7564 1087.8571
v 2103.3124 2172.9423 1080.7143
v 2104.7409 2175.4166 1080.7143
v 2105.4552 2176.6538 1079.2857
v 2109.0266 2182.8397 1080.7143
v 2111.5266 2187.1698 1085.7143
v 2112.9552 2189.6442 1102.8571
v 2115.4552 2193.9743 1107.8571
v 2116.8838 2196.4487 1107.8571
v 2117.5981 2197.6858 1109.2857
v 2118.3124 2198.9230 1107.8571
v 2119.7409 2201.3974 1107.8571
v 2123.3124 2207.5833 1100.7143
v 2129.0266 2217.4807 1097.8571
v 2131.5266 2221.8108 1092.8571
v 2131.5266 2221.8108 1090.0000
v 2132.2409 2223.0480 1088.5714
v 2132.2409 2223.0480 1070.0000
v 2132.9552 2224.2852 1068.5714
v 2132.9552 2224.2852 1065.7143
v 2135.4552 2228.6153 1060.7143
v 2139.0266 2234.8012 1059.2857
v 2139.7409 2236.0384 1060.7143
v 2141.1695 2238.5128 1060.7143
v 2144.7409 2244.6987 1067.8571
v 2147.2409 2249.0288 1068.5714
v 2146.8838 2248.4102 939.2857
v 2117.5981 2197.6858 939.2857
v 2116.8838 2196.4487 940.7143
v 2115.4552 2193.9743 940.7143
v 2112.9552 2189.6442 945.7143
v 2112.2409 2188.4070 952.8571
v 2109.7409 2184.0769 957.8571
v 2108.3124 2181.6025 957.8571
v 2107.5981 2180.3653 959.2857
v 2104.7409 2175.4166 957.8571
v 2102.2409 2171.0865 952.8571
v 2101.5266 2169.8493 945.7143
v 2099.0266 2165.5192 940.7143
v 2097.5981 2163.0448 940.7143
v 2096.8838 2161.8076 939.2857
v 2072.5981 2119.7436 939.2857
v 2067.5981 2111.0833 943.5714
v 2061.8838 2101.1859 939.2857
v 2058.0533 2088.5513 940.7143
v 2055.5533 2084.2211 945.7143
v 2054.8390 2082.9840 952.8571
v 2051.6247 2077.4166 959.2857
v 2048.0533 2071.2307 960.7143
v 2045.5533 2066.9006 965.7143
v 2045.5533 2066.9006 968.5714
v 2044.8390 2065.6634 970.0000
v 2044.8390 2065.6634 1028.5714
v 2045.5533 2066.9006 1030.0000
v 2045.5533 2066.9006 1032.8571
v 2048.0533 2071.2307 1037.8571
v 2051.6247 2077.4166 1039.2857
v 2054.8390 2082.9840 1045.7143
v 2055.5533 2084.2211 1052.8571
v 2058.0533 2088.5513 1057.8571
v 2059.4819 2091.0256 1057.8571
v 2060.1962 2092.2628 1059.2857
v 2089.4819 2142.9871 1059.2857
v 2090.1962 2144.2243 1060.7143
v 2091.6247 2146.6987 1060.7143
v 2094.1247 2151.0288 1065.7143
v 2095.5533 2153.5032 1082.8571
v 2098.0533 2157.8333 1087.8571
v 2099.4819 2160.3076 1087.8571
v 2100.1962 2161.5448 1089.2857
v 2100.9104 2162.7820 1087.8571
v 2102.3390 2165.2564 1087.8571
v 2105.9104 2171.4423 1080.7143
v 2107.3390 2173.9166 1080.7143
v 2108.0533 2175.1538 1079.2857
v 2111.6247 2181.3397 1080.7143
v 2114.1247 2185.6698 1085.7143
v 2115.5533 2188.1442 1102.8571
v 2118.0533 2192.4743 1107.8571
v 2119.4819 2194.9487 1107.8571
v 2120.1962 2196.1858 1109.2857
v 2120.9104 2197.4230 1107.8571
v 2122.3390 2199.8974 1107.8571
v 2125.9104 2206.0833 1100.7143
v 2131.6247 2215.9807 1097.8571
v 2134.1247 2220.3108 1092.8571
v 2134.1247 2220.3108 1090.0000
v 2134.8390 2221.5480 1088.5714
v 2134.8390 2221.5480 1070.0000
v 2135.5533 2222.7852 1068.5714
v 2135.5533 2222.7852 1065.7143
v 2138.0533 2227.1153 1060.7143
v 2141.6247 2233.3012 1059.2857
v 2142.3390 2234.5384 1060.7143
v 2143.7676 2237.0128 1060.7143
v 2147.3390 2243.1987 1067.8571
v 2149.8390 2247.5288 1068.5714
v 2149.4819 2246.9102 939.2857
v 2120.1962 2196.1858 939.2857
v 2119.4819 2194.9487 940.7143
v 2118.0533 2192.4743 940.7143
v 2115.5533 2188.1442 945.7143
v 2114.8390 2186.9070 952.8571
v 2112.3390 2182.5769 957.8571
v 2110.9104 2180.1025 957.8571
v 2110.1962 2178.8653 959.2857
v 2107.3390 2173.9166 957.8571
v 2104.8390 2169.5865 952.8571
v 2104.1247 2168.3493 945.7143
v 2101.6247 2164.0192 940.7143
v 2100.1962 2161.5448 940.7143
v 2099.4819 2160.3076 939.2857
v 2075.1962 2118.2436 939.2857
v 2070.1962 2109.5833 943.5714
v 2064.4819 2099.6859 939.2857
v 2055.4552 2090.0513 940.7143
v 2052.9552 2085.7211 945.7143
v 2052.2409 2084.4840 952.8571
v 2049.0266 2078.9166 959.2857
v 2045.4552 2072.7307 960.7143
v 2042.9552 2068.4006 965.7143
v 2042.9552 2068.4006 968.5714
v 2042.2409 2067.1634 970.0000
v 2042.2409 2067.1634 1028.5714
v 2042.9552 2068.4006 1030.0000
v 2042.9552 2068.4006 1032.8571
v 2045.4552 2072.7307 1037.8571
v 2049.0266 2078.9166 1039.2857
v 2052.2409 2084.4840 1045.7143
v 2052.9552 2085.7211 1052.8571
v 2055.4552 2090.0513 1057.8571
v 2056.8838 2092.5256 1057.8571
v 2057.5981 2093.7628 1059.2857
v 2086.8838 2144.4871 1059.2857
v 2087.5981 2145.7243 1060.7143
v 2089.0266 2148.1987 1060.7143
v 2091.5266 2152.5288 1065.7143
v 2092.9552 2155.0032 1082.8571
v 2095.4552 2159.3333 1087.8571
v 2096.8838 2161.8076 1087.8571
v 2097.5981 2163.0448 1089.2857
v 2098.3124 2164.2820 1087.8571
v 2099.7409 2166.7564 1087.8571
v 2103.3124 2172.9423 1080.7143
v 2104.7409 2175.4166 1080.7143
v 2105.4552 2176.6538 1079.2857
v 2109.0266 2182.8397 1080.7143
v 2111.5266 2187.1698 1085.7143
v 2112.9552 2189.6442 1102.8571
v 2115.4552 2193.9743 1107.8571
v 2116.8838 2196.4487 1107.8571
v 2117.5981 2197.6858 1109.2857
v 2118.3124 2198.9230 1107.8571
v 2119.7409 2201.3974 1107.8571
v 2123.3124 2207.5833 1100.7143
v 2129.0266 2217.4807 1097.8571
v 2131.5266 2221.8108 1092.8571
v 2131.5266 2221.8108 1090.0000
v 2132.2409 2223.0480 1088.5714
v 2132.2409 2223.0480 1070.0000
v 2132.9552 2224.2852 1068.5714
v 2132.9552 2224.2852 1065.7143
v 2135.4552 2228.6153 1060.7143
v 2139.0266 2234.8012 1059.2857
v 2139.7409 2236.0384 1060.7143
v 2141.1695 2238.5128 1060.7143
v 2144.7409 2244.6987 1067.8571
v 2147.2409 2249.0288 1068.5714
v 2146.8838 2248.4102 939.2857
v 2117.5981 2197.6858 939.2857
v 2116.8838 2196.4487 940.7143
v 2115.4552 2193.9743 940.7143
v 2112.9552 2189.6442 945.7143
v 2112.2409 2188.4070 952.8571
v 2109.7409 2184.0769 957.8571
v 2108.3124 2181.6025 957.8571
v 2107.5981 2180.3653 959.2857
v 2104.7409 2175.4166 957.8571
v 2102.2409 2171.0865 952.8571
v 2101.5266 2169.8493 945.7143
v 2099.0266 2165.5192 940.7143
v 2097.5981 2163.0448 940.7143
v 2096.8838 2161.8076 939.2857
v 2072.5981 2119.7436 939.2857
v 2067.5981 2111.0833 943.5714
v 2061.8838 2101.1859 939.2857
v 2097.3390 2156.5961 1110.7143
v 2090.5533 2144.8429 1124.2857
v 2090.5533 2144.8429 1127.1429
v 2089.8390 2143.6057 1128.5714
v 2090.5533 2144.8429 1130.0000
v 2090.5533 2144.8429 1132.8571
v 2093.0533 2149.1730 1137.8571
v 2094.4819 2151.6474 1137.8571
v 2095.1962 2152.8846 1139.2857
v 2099.4819 2160.3076 1139.2857
v 2100.1962 2161.5448 1137.8571
v 2101.6247 2164.0192 1137.8571
v 2104.1247 2168.3493 1132.8571
v 2104.1247 2168.3493 1130.0000
v 2104.8390 2169.5865 1128.5714
v 2104.8390 2169.5865 1120.0000
v 2104.1247 2168.3493 1118.5714
v 2104.1247 2168.3493 1115.7143
v 2101.6247 2164.0192 1110.7143
v 2094.7409 2158.0961 1110.7143
v 2087.9552 2146.3429 1124.2857
v 2087.9552 2146.3429 1127.1429
v 2087.2409 2145.1057 1128.5714
v 2087.9552 2146.3429 1130.0000
v 2087.9552 2146.3429 1132.8571
v 2090.4552 2150.6730 1137.8571
v 2091.8838 2153.1474 1137.8571
v 2092.5981 2154.3846 1139.2857
v 2096.8838 2161.8076 1139.2857
v 2097.5981 2163.0448 1137.8571
v 2099.0266 2165.5192 1137.8571
v 2101.5266 2169.8493 1132.8571
v 2101.5266 2169.8493 1130.0000
v 2102.2409 2171.0865 1128.5714
v 2102.2409 2171.0865 1120.0000
v 2101.5266 2169.8493 1118.5714
v 2101.5266 2169.8493 1115.7143
v 2099.0266 2165.5192 1110.7143
v 2097.3390 2156.5961 1110.7143
v 2090.5533 2144.8429 1124.2857
v 2090.5533 2144.8429 1127.1429
v 2089.8390 2143.6057 1128.5714
v 2090.5533 2144.8429 1130.0000
v 2090.5533 2144.8429 1132.8571
v 2093.0533 2149.1730 1137.8571
v 2094.4819 2151.6474 1137.8571
v 2095.1962 2152.8846 1139.2857
v 2099.4819 2160.3076 1139.2857
v 2100.1962 2161.5448 1137.8571
v 2101.6247 2164.0192 1137.8571
v 2104.1247 2168.3493 1132.8571
v 2104.1247 2168.3493 1130.0000
v 2104.8390 2169.5865 1128.5714
v 2104.8390 2169.5865 1120.0000
v 2104.1247 2168.3493 1118.5714
v 2104.1247 2168.3493 1115.7143
v 2101.6247 2164.0192 1110.7143
v 2094.7409 2158.0961 1110.7143
v 2087.9552 2146.3429 1124.2857
v 2087.9552 2146.3429 1127.1429
v 2087.2409 2145.1057 1128.5714
v 2087.9552 2146.3429 1130.0000
v 2087.9552 2146.3429 1132.8571
v 2090.4552 2150.6730 1137.8571
v 2091.8838 2153.1474 1137.8571
v 2092.5981 2154.3846 1139.2857
v 2096.8838 2161.8076 1139.2857
v 2097.5981 2163.0448 1137.8571
v 2099.0266 2165.5192 1137.8571
v 2101.5266 2169.8493 1132.8571
v 2101.5266 2169.8493 1130.0000
v 2102.2409 2171.0865 1128.5714
v 2102.2409 2171.0865 1120.0000
v 2101.5266 2169.8493 1118.5714
v 2101.5266 2169.8493 1115.7143
v 2099.0266 2165.5192 1110.7143
v 1998.0533 1984.6282 940.7143
v 1995.5533 1980.2981 945.7143
v 1995.5533 1980.2981 948.5714
v 1994.8390 1979.0609 950.0000
v 1994.8390 1979.0609 968.5714
v 1995.5533 1980.2981 970.0000
v 1995.5533 1980.2981 972.8571
v 1998.0533 1984.6282 977.8571
v 1999.4819 1987.1026 977.8571
v 2000.1962 1988.3397 979.2857
v 2009.4819 2004.4231 979.2857
v 2010.1962 2005.6603 977.8571
v 2011.6247 2008.1346 977.8571
v 2014.1247 2012.4647 972.8571
v 2014.1247 2012.4647 970.0000
v 2014.8390 2013.7019 968.5714
v 2014.8390 2013.7019 950.0000
v 2014.1247 2012.4647 948.5714
v 2014.1247 2012.4647 945.7143
v 2011.6247 2008.1346 940.7143
v 2010.1962 2005.6603 940.7143
v 2009.4819 2004.4231 939.2857
v 1995.4552 1986.1282 940.7143
v 1992.9552 1981.7981 945.7143
v 1992.9552 1981.7981 948.5714
v 1992.2409 1980.5609 950.0000
v 1992.2409 1980.5609 968.5714
v 1992.9552 1981.7981 970.0000
v 1992.9552 1981.7981 972.8571
v 1995.4552 1986.1282 977.8571
v 1996.8838 1988.6026 977.8571
v 1997.5981 1989.8397 979.2857
v 2006.8838 2005.9231 979.2857
v 2007.5981 2007.1603 977.8571
v 2009.0266 2009.6346 977.8571
v 2011.5266 2013.9647 972.8571
v 2011.5266 2013.9647 970.0000
v 2012.2409 2015.2019 968.5714
v 2012.2409 2015.2019 950.0000
v 2011.5266 2013.9647 948.5714
v 2011.5266 2013.9647 945.7143
v 2009.0266 2009.6346 940.7143
v 2007.5981 2007.1603 940.7143
v 2006.8838 2005.9231 939.2857
v 1998.0533 1984.6282 940.7143
v 1995.5533 1980.2981 945.7143
v 1995.5533 1980.2981 948.5714
v 1994.8390 1979.0609 950.0000
v 1994.8390 1979.0609 968.5714
v 1995.5533 1980.2981 970.0000
v 1995.5533 1980.2981 972.8571
v 1998.0533 1984.6282 977.8571
v 1999.4819 1987.1026 977.8571
v 2000.1962 1988.3397 979.2857
v 2009.4819 2004.4231 979.2857
v 2010.1962 2005.6603 977.8571
v 2011.6247 2008.1346 977.8571
v 2014.1247 2012.4647 972.8571
v 2014.1247 2012.4647 970.0000
v 2014.8390 2013.7019 968.5714
v 2014.8390 2013.7019 950.0000
v 2014.1247 2012.4647 948.5714
v 2014.1247 2012.4647 945.7143
v 2011.6247 2008.1346 940.7143
v 2010.1962 2005.6603 940.7143
v 2009.4819 2004.4231 939.2857
v 1995.4552 1986.1282 940.7143
v 1992.9552 1981.7981 945.7143
v 1992.9552 1981.7981 948.5714
v 1992.2409 1980.5609 950.0000
v 1992.2409 1980.5609 968.5714
v 1992.9552 1981.7981 970.0000
v 1992.9552 1981.7981 972.8571
v 1995.4552 1986.1282 977.8571
v 1996.8838 1988.6026 977.8571
v 1997.5981 1989.8397 979.2857
v 2006.8838 2005.9231 979.2857
v 2007.5981 2007.1603 977.8571
v 2009.0266 2009.6346 977.8571
v 2011.5266 2013.9647 972.8571
v 2011.5266 2013.9647 970.0000
v 2012.2409 2015.2019 968.5714
v 2012.2409 2015.2019 950.0000
v 2011.5266 2013.9647 948.5714
v 2011.5266 2013.9647 945.7143
v 2009.0266 2009.6346 940.7143
v 2007.5981 2007.1603 940.7143
v 2006.8838 2005.9231 939.2857
v 2110.2591 2196.9743 1030.7143
v 2107.7591 2192.6442 1035.7143
v 2107.7591 2192.6442 1038.5714
v 2107.0448 2191.4070 1040.0000
v 2107.0448 2191.4070 1048.5714
v 2107.7591 2192.6442 1050.0000
v 2107.7591 2192.6442 1052.8571
v 2110.2591 2196.9743 1057.8571
v 2111.6876 2199.4487 1057.8571
v 2112.4019 2200.6858 1059.2857
v 2116.6876 2208.1089 1059.2857
v 2117.4019 2209.3461 1057.8571
v 2118.8305 2211.8205 1057.8571
v 2121.3305 2216.1506 1052.8571
v 2121.3305 2216.1506 1050.0000
v 2122.0448 2217.3878 1048.5714
v 2121.3305 2216.1506 1047.1429
v 2121.3305 2216.1506 1044.2857
v 2114.5448 2204.3974 1030.7143
v 2107.6610 2198.4743 1030.7143
v 2105.1610 2194.1442 1035.7143
v 2105.1610 2194.1442 1038.5714
v 2104.4467 2192.9070 1040.0000
v 2104.4467 2192.9070 1048.5714
v 2105.1610 2194.1442 1050.0000
v 2105.1610 2194.1442 1052.8571
v 2107.6610 2198.4743 1057.8571
v 2109.0896 2200.9487 1057.8571
v 2109.8038 2202.1858 1059.2857
v 2114.0896 2209.6089 1059.2857
v 2114.8038 2210.8461 1057.8571
v 2116.2324 2213.3205 1057.8571
v 2118.7324 2217.6506 1052.8571
v 2118.7324 2217.6506 1050.0000
v 2119.4467 2218.8878 1048.5714
v 2118.7324 2217.6506 1047.1429
v 2118.7324 2217.6506 1044.2857
v 2111.9467 2205.8974 1030.7143
v 2110.2591 2196.9743 1030.7143
v 2107.7591 2192.6442 1035.7143
v 2107.7591 2192.6442 1038.5714
v 2107.0448 2191.4070 1040.0000
v 2107.0448 2191.4070 1048.5714
v 2107.7591 2192.6442 1050.0000
v 2107.7591 2192.6442 1052.8571
v 2110.2591 2196.9743 1057.8571
v 2111.6876 2199.4487 1057.8571
v 2112.4019 2200.6858 1059.2857
v 2116.6876 2208.1089 1059.2857
v 2117.4019 2209.3461 1057.8571
v 2118.8305 2211.8205 1057.8571
v 2121.3305 2216.1506 1052.8571
v 2121.3305 2216.1506 1050.0000
v 2122.0448 2217.3878 1048.5714
v 2121.3305 2216.1506 1047.1429
v 2121.3305 2216.1506 1044.2857
v 2114.5448 2204.3974 1030.7143
v 2107.6610 2198.4743 1030.7143
v 2105.1610 2194.1442 1035.7143
v 2105.1610 2194.1442 1038.5714
v 2104.4467 2192.9070 1040.0000
v 2104.4467 2192.9070 1048.5714
v 2105.1610 2194.1442 1050.0000
v 2105.1610 2194.1442 1052.8571
v 2107.6610 2198.4743 1057.8571
v 2109.0896 2200.9487 1057.8571
v 2109.8038 2202.1858 1059.2857
v 2114.0896 2209.6089 1059.2857
v 2114.8038 2210.8461 1057.8571
v 2116.2324 2213.3205 1057.8571
v 2118.7324 2217.6506 1052.8571
v 2118.7324 2217.6506 1050.0000
v 2119.4467 2218.8878 1048.5714
v 2118.7324 2217.6506 1047.1429
v 2118.7324 2217.6506 1044.2857
v 2111.9467 2205.8974 1030.7143
v 1865.0352 1742.2340 900.0000
v 1865.0352 1742.2340 1038.5714
v 1866.8209 1745.3270 1039.2857
v 1870.0352 1750.8943 1045.7143
v 1870.7494 1752.1315 1052.8571
v 1873.2494 1756.4616 1057.8571
v 1874.6780 1758.9360 1057.8571
v 1875.3923 1760.1731 1059.2857
v 1915.3923 1829.4552 1059.2857
v 1916.1066 1830.6924 1060.7143
v 1917.5352 1833.1667 1060.7143
v 1920.0352 1837.4968 1065.7143
v 1920.7494 1838.7340 1072.8571
v 1923.2494 1843.0641 1077.8571
v 1924.6780 1845.5385 1077.8571
v 1925.3923 1846.7757 1079.2857
v 1934.6780 1862.8590 1079.2857
v 1935.3923 1864.0962 1077.8571
v 1936.8209 1866.5705 1077.8571
v 1939.3209 1870.9007 1072.8571
v 1940.0352 1872.1379 1065.7143
v 1942.5352 1876.4680 1060.7143
v 1945.3923 1881.4167 1059.2857
v 1946.1066 1882.6539 1060.7143
v 1947.5352 1885.1282 1060.7143
v 1950.0352 1889.4584 1065.7143
v 1950.7494 1890.6955 1072.8571
v 1953.2494 1895.0257 1077.8571
v 1954.6780 1897.5000 1077.8571
v 1955.3923 1898.7372 1079.2857
v 1965.3923 1916.0577 1079.2857
v 1966.1066 1917.2949 1080.7143
v 1967.5352 1919.7693 1080.7143
v 1970.0352 1924.0994 1085.7143
v 1970.7494 1925.3366 1092.8571
v 1973.2494 1929.6667 1097.8571
v 1974.6780 1932.1410 1097.8571
v 1975.3923 1933.3782 1099.2857
v 2004.6780 1984.1026 1099.2857
v 2005.3923 1985.3397 1097.8571
v 2006.8209 1987.8141 1097.8571
v 2009.3209 1992.1442 1092.8571
v 2010.0352 1993.3814 1085.7143
v 2012.5352 1997.7115 1080.7143
v 2015.3923 2002.6603 1079.2857
v 2016.1066 2003.8974 1080.7143
v 2017.5352 2006.3718 1080.7143
v 2020.0352 2010.7019 1085.7143
v 2020.7494 2011.9391 1092.8571
v 2023.2494 2016.2692 1097.8571
v 2026.8209 2022.4551 1099.2857
v 2030.0352 2028.0224 1105.7143
v 2030.7494 2029.2596 1112.8571
v 2033.2494 2033.5897 1117.8571
v 2036.8209 2039.7756 1119.2857
v 2040.0352 2045.3429 1125.7143
v 2040.7494 2046.5801 1132.8571
v 2043.2494 2050.9102 1137.8571
v 2046.8209 2057.0961 1139.2857
v 2050.0352 2062.6634 1145.7143
v 2050.7494 2063.9006 1152.8571
v 2053.2494 2068.2307 1157.8571
v 2054.6780 2070.7051 1157.8571
v 2055.3923 2071.9423 1159.2857
v 2104.6780 2157.3076 1159.2857
v 2105.3923 2158.5448 1157.8571
v 2106.8209 2161.0192 1157.8571
v 2109.3209 2165.3493 1152.8571
v 2110.0352 2166.5865 1145.7143
v 2112.5352 2170.9166 1140.7143
v 2113.9637 2173.3910 1140.7143
v 2114.6780 2174.6282 1139.2857
v 2124.6780 2191.9487 1139.2857
v 2125.3923 2193.1858 1137.8571
v 2126.8209 2195.6602 1137.8571
v 2129.3209 2199.9903 1132.8571
v 2130.0352 2201.2275 1125.7143
v 2132.5352 2205.5576 1120.7143
v 2133.9637 2208.0320 1120.7143
v 2134.6780 2209.2692 1119.2857
v 2155.0352 2244.5288 1118.5714
v 2154.6780 2243.9102 929.2857
v 2153.9637 2242.6730 930.7143
v 2152.5352 2240.1987 930.7143
v 2148.9637 2234.0128 937.8571
v 2144.6780 2226.5897 939.2857
v 2143.9637 2225.3525 937.8571
v 2142.5352 2222.8781 937.8571
v 2140.0352 2218.5480 932.8571
v 2139.3209 2217.3108 925.7143
v 2136.8209 2212.9807 920.7143
v 2135.3923 2210.5064 920.7143
v 2134.6780 2209.2692 919.2857
v 1904.6780 1810.8975 919.2857
v 1903.9637 1809.6603 917.8571
v 1902.5352 1807.1859 917.8571
v 1900.0352 1802.8558 912.8571
v 1899.3209 1801.6186 905.7143
v 1896.8209 1797.2885 900.7143
v 1895.3923 1794.8142 900.7143
v 1894.6780 1793.5770 899.2857
v 1862.4371 1743.7340 900.0000
v 1862.4371 1743.7340 1038.5714
v 1864.2228 1746.8270 1039.2857
v 1867.4371 1752.3943 1045.7143
v 1868.1514 1753.6315 1052.8571
v 1870.6514 1757.9616 1057.8571
v 1872.0799 1760.4360 1057.8571
v 1872.7942 1761.6731 1059.2857
v 1912.7942 1830.9552 1059.2857
v 1913.5085 1832.1924 1060.7143
v 1914.9371 1834.6667 1060.7143
v 1917.4371 1838.9968 1065.7143
v 1918.1514 1840.2340 1072.8571
v 1920.6514 1844.5641 1077.8571
v 1922.0799 1847.0385 1077.8571
v 1922.7942 1848.2757 1079.2857
v 1932.0799 1864.3590 1079.2857
v 1932.7942 1865.5962 1077.8571
v 1934.2228 1868.0705 1077.8571
v 1936.7228 1872.4007 1072.8571
v 1937.4371 1873.6379 1065.7143
v 1939.9371 1877.9680 1060.7143
v 1942.7942 1882.9167 1059.2857
v 1943.5085 1884.1539 1060.7143
v 1944.9371 1886.6282 1060.7143
v 1947.4371 1890.9584 1065.7143
v 1948.1514 1892.1955 1072.8571
v 1950.6514 1896.5257 1077.8571
v 1952.0799 1899.0000 1077.8571
v 1952.7942 1900.2372 1079.2857
v 1962.7942 1917.5577 1079.2857
v 1963.5085 1918.7949 1080.7143
v 1964.9371 1921.2693 1080.7143
v 1967.4371 1925.5994 1085.7143
v 1968.1514 1926.8366 1092.8571
v 1970.6514 1931.1667 1097.8571
v 1972.0799 1933.6410 1097.8571
v 1972.7942 1934.8782 1099.2857
v 2002.0799 1985.6026 1099.2857
v 2002.7942 1986.8397 1097.8571
v 2004.2228 1989.3141 1097.8571
v 2006.7228 1993.6442 1092.8571
v 2007.4371 1994.8814 1085.7143
v 2009.9371 1999.2115 1080.7143
v 2012.7942 2004.1603 1079.2857
v 2013.5085 2005.3974 1080.7143
v 2014.9371 2007.8718 1080.7143
v 2017.4371 2012.2019 1085.7143
v 2018.1514 2013.4391 1092.8571
v 2020.6514 2017.7692 1097.8571
v 2024.2228 2023.9551 1099.2857
v 2027.4371 2029.5224 1105.7143
v 2028.1514 2030.7596 1112.8571
v 2030.6514 2035.0897 1117.8571
v 2034.2228 2041.2756 1119.2857
v 2037.4371 2046.8429 1125.7143
v 2038.1514 2048.0801 1132.8571
v 2040.6514 2052.4102 1137.8571
v 2044.2228 2058.5961 1139.2857
v 2047.4371 2064.1634 1145.7143
v 2048.1514 2065.4006 1152.8571
v 2050.6514 2069.7307 1157.8571
v 2052.0799 2072.2051 1157.8571
v 2052.7942 2073.4423 1159.2857
v 2102.0799 2158.8076 1159.2857
v 2102.7942 2160.0448 1157.8571
v 2104.2228 2162.5192 1157.8571
v 2106.7228 2166.8493 1152.8571
v 2107.4371 2168.0865 1145.7143
v 2109.9371 2172.4166 1140.7143
v 2111.3657 2174.8910 1140.7143
v 2112.0799 2176.1282 1139.2857
v 2122.0799 2193.4487 1139.2857
v 2122.7942 2194.6858 1137.8571
v 2124.2228 2197.1602 1137.8571
v 2126.7228 2201.4903 1132.8571
v 2127.4371 2202.7275 1125.7143
v 2129.9371 2207.0576 1120.7143
v 2131.3657 2209.5320 1120.7143
v 2132.0799 2210.7692 1119.2857
v 2152.4371 2246.0288 1118.5714
v 2152.0799 2245.4102 929.2857
v 2151.3657 2244.1730 930.7143
v 2149.9371 2241.6987 930.7143
v 2146.3657 2235.5128 937.8571
v 2142.0799 2228.0897 939.2857
v 2141.3657 2226.8525 937.8571
v 2139.9371 2224.3781 937.8571
v 2137.4371 2220.0480 932.8571
v 2136.7228 2218.8108 925.7143
v 2134.2228 2214.4807 920.7143
v 2132.7942 2212.0064 920.7143
v 2132.0799 2210.7692 919.2857
v 1902.0799 1812.3975 919.2857
v 1901.3657 1811.1603 917.8571
v 1899.9371 1808.6859 917.8571
v 1897.4371 1804.3558 912.8571
v 1896.7228 1803.1186 905.7143
v 1894.2228 1798.7885 900.7143
v 1892.7942 1796.3142 900.7143
v 1892.0799 1795.0770 899.2857
v 1865.0352 1742.2340 900.0000
v 1865.0352 1742.2340 1038.5714
v 1866.8209 1745.3270 1039.2857
v 1870.0352 1750.8943 1045.7143
v 1870.7494 1752.1315 1052.8571
v 1873.2494 1756.4616 1057.8571
v 1874.6780 1758.9360 1057.8571
v 1875.3923 1760.1731 1059.2857
v 1915.3923 1829.4552 1059.2857
v 1916.1066 1830.6924 1060.7143
v 1917.5352 1833.1667 1060.7143
v 1920.0352 1837.4968 1065.7143
v 1920.7494 1838.7340 1072.8571
v 1923.2494 1843.0641 1077.8571
v 1924.6780 1845.5385 1077.8571
v 1925.3923 1846.7757 1079.2857
v 1934.6780 1862.8590 1079.2857
v 1935.3923 1864.0962 1077.8571
v 1936.8209 1866.5705 1077.8571
v 1939.3209 1870.9007 1072.8571
v 1940.0352 1872.1379 1065.7143
v 1942.5352 1876.4680 1060.7143
v 1945.3923 1881.4167 1059.2857
v 1946.1066 1882.6539 1060.7143
v 1947.5352 1885.1282 1060.7143
v 1950.0352 1889.4584 1065.7143
v 1950.7494 1890.6955 1072.8571
v 1953.2494 1895.0257 1077.8571
v 1954.6780 1897.5000 1077.8571
v 1955.3923 1898.7372 1079.2857
v 1965.3923 1916.0577 1079.2857
v 1966.1066 1917.2949 1080.7143
v 1967.5352 1919.7693 1080.7143
v 1970.0352 1924.0994 1085.7143
v 1970.7494 1925.3366 1092.8571
v 1973.2494 1929.6667 1097.8571
v 1974.6780 1932.1410 1097.8571
v 1975.3923 1933.3782 1099.2857
v 2004.6780 1984.1026 1099.2857
v 2005.3923 1985.3397 1097.8571
v 2006.8209 1987.8141 1097.8571
v 2009.3209 1992.1442 1092.8571
v 2010.0352 1993.3814 1085.7143
v 2012.5352 1997.7115 1080.7143
v 2015.3923 2002.6603 1079.2857
v 2016.1066 2003.8974 1080.7143
v 2017.5352 2006.3718 1080.7143
v 2020.0352 2010.7019 1085.7143
v 2020.7494 2011.9391 1092.8571
v 2023.2494 2016.2692 1097.8571
v 2026.8209 2022.4551 1099.2857
v 2030.0352 2028.0224 1105.7143
v 2030.7494 2029.2596 1112.8571
v 2033.2494 2033.5897 1117.8571
v 2036.8209 2039.7756 1119.2857
v 2040.0352 2045.3429 1125.7143
v 2040.7494 2046.5801 1132.8571
v 2043.2494 2050.9102 1137.8571
v 2046.8209 2057.0961 1139.2857
v 2050.0352 2062.6634 1145.7143
v 2050.7494 2063.9006 1152.8571
v 2053.2494 2068.2307 1157.8571
v 2054.6780 2070.7051 1157.8571
v 2055.3923 2071.9423 1159.2857
v 2104.6780 2157.3076 1159.2857
v 2105.3923 2158.5448 1157.8571
v 2106.8209 2161.0192 1157.8571
v 2109.3209 2165.3493 1152.8571
v 2110.0352 2166.5865 1145.7143
v 2112.5352 2170.9166 1140.7143
v 2113.9637 2173.3910 1140.7143
v 2114.6780 2174.6282 1139.2857
v 2124.6780 2191.9487 1139.2857
v 2125.3923 2193.1858 1137.8571
v 2126.8209 2195.6602 1137.8571
v 2129.3209 2199.9903 1132.8571
v 2130.0352 2201.2275 1125.7143
v 2132.5352 2205.5576 1120.7143
v 2133.9637 2208.0320 1120.7143
v 2134.6780 2209.2692 1119.2857
v 2155.0352 2244.5288 1118.5714
v 2154.6780 2243.9102 929.2857
v 2153.9637 2242.6730 930.7143
v 2152.5352 2240.1987 930.7143
v 2148.9637 2234.0128 937.8571
v 2144.6780 2226.5897 939.2857
v 2143.9637 2225.3525 937.8571
v 2142.5352 2222.8781 937.8571
v 2140.0352 2218.5480 932.8571
v 2139.3209 2217.3108 925.7143
v 2136.8209 2212.9807 920.7143
v 2135.3923 2210.5064 920.7143
v 2134.6780 2209.2692 919.2857
v 1904.6780 1810.8975 919.2857
v 1903.9637 1809.6603 917.8571
v 1902.5352 1807.1859 917.8571
v 1900.0352 1802.8558 912.8571
v 1899.3209 1801.6186 905.7143
v 1896.8209 1797.2885 900.7143
v 1895.3923 1794.8142 900.7143
v 1894.6780 1793.5770 899.2857
v 1862.4371 1743.7340 900.0000
v 1862.4371 1743.7340 1038.5714
v 1864.2228 1746.8270 1039.2857
v 1867.4371 1752.3943 1045.7143
v 1868.1514 1753.6315 1052.8571
v 1870.6514 1757.9616 1057.8571
v 1872.0799 1760.4360 1057.8571
v 1872.7942 1761.6731 1059.2857
v 1912.7942 1830.9552 1059.2857
v 1913.5085 1832.1924 1060.7143
v 1914.9371 1834.6667 1060.7143
v 1917.4371 1838.9968 1065.7143
v 1918.1514 1840.2340 1072.8571
v 1920.6514 1844.5641 1077.8571
v 1922.0799 1847.0385 1077.8571
v 1922.7942 1848.2757 1079.2857
v 1932.0799 1864.3590 1079.2857
v 1932.7942 1865.5962 1077.8571
v 1934.2228 1868.0705 1077.8571
v 1936.7228 1872.4007 1072.8571
v 1937.4371 1873.6379 1065.7143
v 1939.9371 1877.9680 1060.7143
v 1942.7942 1882.9167 1059.2857
v 1943.5085 1884.1539 1060.7143
v 1944.9371 1886.6282 1060.7143
v 1947.4371 1890.9584 1065.7143
v 1948.1514 1892.1955 1072.8571
v 1950.6514 1896.5257 1077.8571
v 1952.0799 1899.0000 1077.8571
v 1952.7942 1900.2372 1079.2857
v 1962.7942 1917.5577 1079.2857
v 1963.5085 1918.7949 1080.7143
v 1964.9371 1921.2693 1080.7143
v 1967.4371 1925.5994 1085.7143
v 1968.1514 1926.8366 1092.8571
v 1970.6514 1931.1667 1097.8571
v 1972.0799 1933.6410 1097.8571
v 1972.7942 1934.8782 1099.2857
v 2002.0799 1985.6026 1099.2857
v 2002.7942 1986.8397 1097.8571
v 2004.2228 1989.3141 1097.8571
v 2006.7228 1993.6442 1092.8571
v 2007.4371 1994.8814 1085.7143
v 2009.9371 1999.2115 1080.7143
v 2012.7942 2004.1603 1079.2857
v 2013.5085 2005.3974 1080.7143
v 2014.9371 2007.8718 1080.7143
v 2017.4371 2012.2019 1085.7143
v 2018.1514 2013.4391 1092.8571
v 2020.6514 2017.7692 1097.8571
v 2024.2228 2023.9551 1099.2857
v 2027.4371 2029.5224 1105.7143
v 2028.1514 2030.7596 1112.8571
v 2030.6514 2035.0897 1117.8571
v 2034.2228 2041.2756 1119.2857
v 2037.4371 2046.8429 1125.7143
v 2038.1514 2048.0801 1132.8571
v 2040.6514 2052.4102 1137.8571
v 2044.2228 2058.5961 1139.2857
v 2047.4371 2064.1634 1145.7143
v 2048.1514 2065.4006 1152.8571
v 2050.6514 2069.7307 1157.8571
v 2052.0799 2072.2051 1157.8571
v 2052.7942 2073.4423 1159.2857
v 2102.0799 2158.8076 1159.2857
v 2102.7942 2160.0448 1157.8571
v 2104.2228 2162.5192 1157.8571
v 2106.7228 2166.8493 1152.8571
v 2107.4371 2168.0865 1145.7143
v 2109.9371 2172.4166 1140.7143
v 2111.3657 2174.8910 1140.7143
v 2112.0799 2176.1282 1139.2857
v 2122.0799 2193.4487 1139.2857
v 2122.7942 2194.6858 1137.8571
v 2124.2228 2197.1602 1137.8571
v 2126.7228 2201.4903 1132.8571
v 2127.4371 2202.7275 1125.7143
v 2129.9371 2207.0576 1120.7143
v 2131.3657 2209.5320 1120.7143
v 2132.0799 2210.7692 1119.2857
v 2152.4371 2246.0288 1118.5714
v 2152.0799 2245.4102 929.2857
v 2151.3657 2244.1730 930.7143
v 2149.9371 2241.6987 930.7143
v 2146.3657 2235.5128 937.8571
v 2142.0799 2228.0897 939.2857
v 2141.3657 2226.8525 937.8571
v 2139.9371 2224.3781 937.8571
v 2137.4371 2220.0480 932.8571
v 2136.7228 2218.8108 925.7143
v 2134.2228 2214.4807 920.7143
v 2132.7942 2212.0064 920.7143
v 2132.0799 2210.7692 919.2857
v 1902.0799 1812.3975 919.2857
v 1901.3657 1811.1603 917.8571
v 1899.9371 1808.6859 917.8571
v 1897.4371 1804.3558 912.8571
v 1896.7228 1803.1186 905.7143
v 1894.2228 1798.7885 900.7143
v 1892.7942 1796.3142 900.7143
v 1892.0799 1795.0770 899.2857
v 2045.4552 2072.7307 940.7143
v 2042.9552 2068.4006 945.7143
v 2041.5266 2065.9263 957.1429
v 2037.9552 2059.7404 964.2857
v 2037.9552 2059.7404 967.1429
v 2037.2409 2058.5032 968.5714
v 2037.9552 2059.7404 974.2857
v 2041.5266 2065.9263 981.4286
v 2041.5266 2065.9263 984.2857
v 2042.2409 2067.1634 985.7143
v 2042.2409 2067.1634 1012.8571
v 2041.5266 2065.9263 1014.2857
v 2041.5266 2065.9263 1017.1429
v 2037.9552 2059.7404 1024.2857
v 2037.9552 2059.7404 1027.1429
v 2037.2409 2058.5032 1028.5714
v 2037.9552 2059.7404 1030.0000
v 2037.9552 2059.7404 1032.8571
v 2040.4552 2064.0705 1037.8571
v 2049.0266 2078.9166 1040.7143
v 2051.5266 2083.2468 1045.7143
v 2052.9552 2085.7211 1062.8571
v 2055.4552 2090.0513 1067.8571
v 2056.8838 2092.5256 1067.8571
v 2057.5981 2093.7628 1069.2857
v 2058.3124 2095.0000 1067.8571
v 2059.7409 2097.4743 1067.8571
v 2063.3124 2103.6602 1060.7143
v 2064.7409 2106.1346 1060.7143
v 2065.4552 2107.3718 1059.2857
v 2069.0266 2113.5577 1059.2857
v 2069.7409 2114.7948 1060.7143
v 2071.1695 2117.2692 1060.7143
v 2074.7409 2123.4551 1067.8571
v 2077.5981 2128.4038 1069.2857
v 2078.3124 2129.6410 1067.8571
v 2079.7409 2132.1153 1067.8571
v 2083.3124 2138.3012 1060.7143
v 2086.8838 2144.4871 1059.2857
v 2087.5981 2145.7243 1060.7143
v 2089.0266 2148.1987 1060.7143
v 2091.5266 2152.5288 1065.7143
v 2091.5266 2152.5288 1068.5714
v 2092.2409 2153.7660 1070.0000
v 2092.2409 2153.7660 1111.4286
v 2091.5266 2152.5288 1112.8571
v 2091.5266 2152.5288 1115.7143
v 2089.0266 2148.1987 1120.7143
v 2087.5981 2145.7243 1120.7143
v 2086.8838 2144.4871 1122.1429
v 2086.1695 2143.2500 1120.7143
v 2084.7409 2140.7756 1120.7143
v 2079.7409 2132.1153 1110.7143
v 2076.8838 2127.1666 1109.2857
v 2076.1695 2125.9295 1110.7143
v 2074.7409 2123.4551 1110.7143
v 2067.9552 2111.7019 1124.2857
v 2067.2409 2110.4647 1130.0000
v 2067.9552 2111.7019 1131.4286
v 2067.9552 2111.7019 1134.2857
v 2074.7409 2123.4551 1147.8571
v 2077.5981 2128.4038 1149.2857
v 2078.3124 2129.6410 1147.8571
v 2079.7409 2132.1153 1147.8571
v 2085.4552 2142.0128 1136.4286
v 2086.8838 2144.4871 1136.4286
v 2087.5981 2145.7243 1135.0000
v 2092.5981 2154.3846 1139.2857
v 2106.8838 2179.1282 1139.2857
v 2107.5981 2180.3653 1137.8571
v 2109.0266 2182.8397 1137.8571
v 2111.5266 2187.1698 1132.8571
v 2112.2409 2188.4070 1125.7143
v 2115.4552 2193.9743 1119.2857
v 2119.0266 2200.1602 1117.8571
v 2121.5266 2204.4903 1112.8571
v 2122.2409 2205.7275 1105.7143
v 2124.7409 2210.0576 1100.7143
v 2126.1695 2212.5320 1100.7143
v 2126.8838 2213.7692 1099.2857
v 2147.2409 2249.0288 1098.5714
v 2146.8838 2248.4102 939.2857
v 2117.5981 2197.6858 939.2857
v 2116.8838 2196.4487 940.7143
v 2115.4552 2193.9743 940.7143
v 2112.9552 2189.6442 945.7143
v 2112.2409 2188.4070 952.8571
v 2109.7409 2184.0769 957.8571
v 2108.3124 2181.6025 957.8571
v 2107.5981 2180.3653 959.2857
v 2104.7409 2175.4166 957.8571
v 2102.2409 2171.0865 952.8571
v 2101.5266 2169.8493 945.7143
v 2099.0266 2165.5192 940.7143
v 2097.5981 2163.0448 940.7143
v 2096.8838 2161.8076 939.2857
v 2042.8571 2074.2307 940.7143
v 2040.3571 2069.9006 945.7143
v 2038.9286 2067.4263 957.1429
v 2035.3571 2061.2404 964.2857
v 2035.3571 2061.2404 967.1429
v 2034.6429 2060.0032 968.5714
v 2035.3571 2061.2404 974.2857
v 2038.9286 2067.4263 981.4286
v 2038.9286 2067.4263 984.2857
v 2039.6429 2068.6634 985.7143
v 2039.6429 2068.6634 1012.8571
v 2038.9286 2067.4263 1014.2857
v 2038.9286 2067.4263 1017.1429
v 2035.3571 2061.2404 1024.2857
v 2035.3571 2061.2404 1027.1429
v 2034.6429 2060.0032 1028.5714
v 2035.3571 2061.2404 1030.0000
v 2035.3571 2061.2404 1032.8571
v 2037.8571 2065.5705 1037.8571
v 2046.4286 2080.4166 1040.7143
v 2048.9286 2084.7468 1045.7143
v 2050.3571 2087.2211 1062.8571
v 2052.8571 2091.5513 1067.8571
v 2054.2857 2094.0256 1067.8571
v 2055.0000 2095.2628 1069.2857
v 2055.7143 2096.5000 1067.8571
v 2057.1429 2098.9743 1067.8571
v 2060.7143 2105.1602 1060.7143
v 2062.1429 2107.6346 1060.7143
v 2062.8571 2108.8718 1059.2857
v 2066.4286 2115.0577 1059.2857
v 2067.1429 2116.2948 1060.7143
v 2068.5714 2118.7692 1060.7143
v 2072.1429 2124.9551 1067.8571
v 2075.0000 2129.9038 1069.2857
v 2075.7143 2131.1410 1067.8571
v 2077.1429 2133.6153 1067.8571
v 2080.7143 2139.8012 1060.7143
v 2084.2857 2145.9871 1059.2857
v 2085.0000 2147.2243 1060.7143
v 2086.4286 2149.6987 1060.7143
v 2088.9286 2154.0288 1065.7143
v 2088.9286 2154.0288 1068.5714
v 2089.6429 2155.2660 1070.0000
v 2089.6429 2155.2660 1111.4286
v 2088.9286 2154.0288 1112.8571
v 2088.9286 2154.0288 1115.7143
v 2086.4286 2149.6987 1120.7143
v 2085.0000 2147.2243 1120.7143
v 2084.2857 2145.9871 1122.1429
v 2083.5714 2144.7500 1120.7143
v 2082.1429 2142.2756 1120.7143
v 2077.1429 2133.6153 1110.7143
v 2074.2857 2128.6666 1109.2857
v 2073.5714 2127.4295 1110.7143
v 2072.1429 2124.9551 1110.7143
v 2065.3571 2113.2019 1124.2857
v 2064.6429 2111.9647 1130.0000
v 2065.3571 2113.2019 1131.4286
v 2065.3571 2113.2019 1134.2857
v 2072.1429 2124.9551 1147.8571
v 2075.0000 2129.9038 1149.2857
v 2075.7143 2131.1410 1147.8571
v 2077.1429 2133.6153 1147.8571
v 2082.8571 2143.5128 1136.4286
v 2084.2857 2145.9871 1136.4286
v 2085.0000 2147.2243 1135.0000
v 2090.0000 2155.8846 1139.2857
v 2104.2857 2180.6282 1139.2857
v 2105.0000 2181.8653 1137.8571
v 2106.4286 2184.3397 1137.8571
v 2108.9286 2188.6698 1132.8571
v 2109.6429 2189.9070 1125.7143
v 2112.8571 2195.4743 1119.2857
v 2116.4286 2201.6602 1117.8571
v 2118.9286 2205.9903 1112.8571
v 2119.6429 2207.2275 1105.7143
v 2122.1429 2211.5576 1100.7143
v 2123.5714 2214.0320 1100.7143
v 2124.2857 2215.2692 1099.2857
v 2144.6429 2250.5288 1098.5714
v 2144.2857 2249.9102 939.2857
v 2115.0000 2199.1858 939.2857
v 2114.2857 2197.9487 940.7143
v 2112.8571 2195.4743 940.7143
v 2110.3571 2191.1442 945.7143
v 2109.6429 2189.9070 952.8571
v 2107.1429 2185.5769 957.8571
v 2105.7143 2183.1025 957.8571
v 2105.0000 2181.8653 959.2857
v 2102.1429 2176.9166 957.8571
v 2099.6429 2172.5865 952.8571
v 2098.9286 2171.3493 945.7143
v 2096.4286 2167.0192 940.7143
v 2095.0000 2164.5448 940.7143
v 2094.2857 2163.3076 939.2857
v 2045.4552 2072.7307 940.7143
v 2042.9552 2068.4006 945.7143
v 2041.5266 2065.9263 957.1429
v 2037.9552 2059.7404 964.2857
v 2037.9552 2059.7404 967.1429
v 2037.2409 2058.5032 968.5714
v 2037.9552 2059.7404 974.2857
v 2041.5266 2065.9263 981.4286
v 2041.5266 2065.9263 984.2857
v 2042.2409 2067.1634 985.7143
v 2042.2409 2067.1634 1012.8571
v 2041.5266 2065.9263 1014.2857
v 2041.5266 2065.9263 1017.1429
v 2037.9552 2059.7404 1024.2857
v 2037.9552 2059.7404 1027.1429
v 2037.2409 2058.5032 1028.5714
v 2037.9552 2059.7404 1030.0000
v 2037.9552 2059.7404 1032.8571
v 2040.4552 2064.0705 1037.8571
v 2049.0266 2078.9166 1040.7143
v 2051.5266 2083.2468 1045.7143
v 2052.9552 2085.7211 1062.8571
v 2055.4552 2090.0513 1067.8571
v 2056.8838 2092.5256 1067.8571
v 2057.5981 2093.7628 1069.2857
v 2058.3124 2095.0000 1067.8571
v 2059.7409 2097.4743 1067.8571
v 2063.3124 2103.6602 1060.7143
v 2064.7409 2106.1346 1060.7143
v 2065.4552 2107.3718 1059.2857
v 2069.0266 2113.5577 1059.2857
v 2069.7409 2114.7948 1060.7143
v 2071.1695 2117.2692 1060.7143
v 2074.7409 2123.4551 1067.8571
v 2077.5981 2128.4038 1069.2857
v 2078.3124 2129.6410 1067.8571
v 2079.7409 2132.1153 1067.8571
v 2083.3124 2138.3012 1060.7143
v 2086.8838 2144.4871 1059.2857
v 2087.5981 2145.7243 1060.7143
v 2089.0266 2148.1987 1060.7143
v 2091.5266 2152.5288 1065.7143
v 2091.5266 2152.5288 1068.5714
v 2092.2409 2153.7660 1070.0000
v 2092.2409 2153.7660 1111.4286
v 2091.5266 2152.5288 1112.8571
v 2091.5266 2152.5288 1115.7143
v 2089.0266 2148.1987 1120.7143
v 2087.5981 2145.7243 1120.7143
v 2086.8838 2144.4871 1122.1429
v 2086.1695 2143.2500 1120.7143
v 2084.7409 2140.7756 1120.7143
v 2079.7409 2132.1153 1110.7143
v 2076.8838 2127.1666 1109.2857
v 2076.1695 2125.9295 1110.7143
v 2074.7409 2123.4551 1110.7143
v 2067.9552 2111.7019 1124.2857
v 2067.2409 2110.4647 1130.0000
v 2067.9552 2111.7019 1131.4286
v 2067.9552 2111.7019 1134.2857
v 2074.7409 2123.4551 1147.8571
v 2077.5981 2128.4038 1149.2857
v 2078.3124 2129.6410 1147.8571
v 2079.7409 2132.1153 1147.8571
v 2085.4552 2142.0128 1136.4286
v 2086.8838 2144.4871 1136.4286
v 2087.5981 2145.7243 1135.0000
v 2092.5981 2154.3846 1139.2857
v 2106.8838 2179.1282 1139.2857
v 2107.5981 2180.3653 1137.8571
v 2109.0266 2182.8397 1137.8571
v 2111.5266 2187.1698 1132.8571
v 2112.2409 2188.4070 1125.7143
v 2115.4552 2193.9743 1119.2857
v 2119.0266 2200.1602 1117.8571
v 2121.5266 2204.4903 1112.8571
v 2122.2409 2205.7275 1105.7143
v 2124.7409 2210.0576 1100.7143
v 2126.1695 2212.5320 1100.7143
v 2126.8838 2213.7692 1099.2857
v 2147.2409 2249.0288 1098.5714
v 2146.8838 2248.4102 939.2857
v 2117.5981 2197.6858 939.2857
v 2116.8838 2196.4487 940.7143
v 2115.4552 2193.9743 940.7143
v 2112.9552 2189.6442 945.7143
v 2112.2409 2188.4070 952.8571
v 2109.7409 2184.0769 957.8571
v 2108.3124 2181.6025 957.8571
v 2107.5981 2180.3653 959.2857
v 2104.7409 2175.4166 957.8571
v 2102.2409 2171.0865 952.8571
v 2101.5266 2169.8493 945.7143
v 2099.0266 2165.5192 940.7143
v 2097.5981 2163.0448 940.7143
v 2096.8838 2161.8076 939.2857
v 2042.8571 2074.2307 940.7143
v 2040.3571 2069.9006 945.7143
v 2038.9286 2067.4263 957.1429
v 2035.3571 2061.2404 964.2857
v 2035.3571 2061.2404 967.1429
v 2034.6429 2060.0032 968.5714
v 2035.3571 2061.2404 974.2857
v 2038.9286 2067.4263 981.4286
v 2038.9286 2067.4263 984.2857
v 2039.6429 2068.6634 985.7143
v 2039.6429 2068.6634 1012.8571
v 2038.9286 2067.4263 1014.2857
v 2038.9286 2067.4263 1017.1429
v 2035.3571 2061.2404 1024.2857
v 2035.3571 2061.2404 1027.1429
v 2034.6429 2060.0032 1028.5714
v 2035.3571 2061.2404 1030.0000
v 2035.3571 2061.2404 1032.8571
v 2037.8571 2065.5705 1037.8571
v 2046.4286 2080.4166 1040.7143
v 2048.9286 2084.7468 1045.7143
v 2050.3571 2087.2211 1062.8571
v 2052.8571 2091.5513 1067.8571
v 2054.2857 2094.0256 1067.8571
v 2055.0000 2095.2628 1069.2857
v 2055.7143 2096.5000 1067.8571
v 2057.1429 2098.9743 1067.8571
v 2060.7143 2105.1602 1060.7143
v 2062.1429 2107.6346 1060.7143
v 2062.8571 2108.8718 1059.2857
v 2066.4286 2115.0577 1059.2857
v 2067.1429 2116.2948 1060.7143
v 2068.5714 2118.7692 1060.7143
v 2072.1429 2124.9551 1067.8571
v 2075.0000 2129.9038 1069.2857
v 2075.7143 2131.1410 1067.8571
v 2077.1429 2133.6153 1067.8571
v 2080.7143 2139.8012 1060.7143
v 2084.2857 2145.9871 1059.2857
v 2085.0000 2147.2243 1060.7143
v 2086.4286 2149.6987 1060.7143
v 2088.9286 2154.0288 1065.7143
v 2088.9286 2154.0288 1068.5714
v 2089.6429 2155.2660 1070.0000
v 2089.6429 2155.2660 1111.4286
v 2088.9286 2154.0288 1112.8571
v 2088.9286 2154.0288 1115.7143
v 2086.4286 2149.6987 1120.7143
v 2085.0000 2147.2243 1120.7143
v 2084.2857 2145.9871 1122.1429
v 2083.5714 2144.7500 1120.7143
v 2082.1429 2142.2756 1120.7143
v 2077.1429 2133.6153 1110.7143
v 2074.2857 2128.6666 1109.2857
v 2073.5714 2127.4295 1110.7143
v 2072.1429 2124.9551 1110.7143
v 2065.3571 2113.2019 1124.2857
v 2064.6429 2111.9647 1130.0000
v 2065.3571 2113.2019 1131.4286
v 2065.3571 2113.2019 1134.2857
v 2072.1429 2124.9551 1147.8571
v 2075.0000 2129.9038 1149.2857
v 2075.7143 2131.1410 1147.8571
v 2077.1429 2133.6153 1147.8571
v 2082.8571 2143.5128 1136.4286
v 2084.2857 2145.9871 1136.4286
v 2085.0000 2147.2243 1135.0000
v 2090.0000 2155.8846 1139.2857
v 2104.2857 2180.6282 1139.2857
v 2105.0000 2181.8653 1137.8571
v 2106.4286 2184.3397 1137.8571
v 2108.9286 2188.6698 1132.8571
v 2109.6429 2189.9070 1125.7143
v 2112.8571 2195.4743 1119.2857
v 2116.4286 2201.6602 1117.8571
v 2118.9286 2205.9903 1112.8571
v 2119.6429 2207.2275 1105.7143
v 2122.1429 2211.5576 1100.7143
v 2123.5714 2214.0320 1100.7143
v 2124.2857 2215.2692 1099.2857
v 2144.6429 2250.5288 1098.5714
v 2144.2857 2249.9102 939.2857
v 2115.0000 2199.1858 939.2857
v 2114.2857 2197.9487 940.7143
v 2112.8571 2195.4743 940.7143
v 2110.3571 2191.1442 945.7143
v 2109.6429 2189.9070 952.8571
v 2107.1429 2185.5769 957.8571
v 2105.7143 2183.1025 957.8571
v 2105.0000 2181.8653 959.2857
v 2102.1429 2176.9166 957.8571
v 2099.6429 2172.5865 952.8571
v 2098.9286 2171.3493 945.7143
v 2096.4286 2167.0192 940.7143
v 2095.0000 2164.5448 940.7143
v 2094.2857 2163.3076 939.2857
v 1995.4552 1986.1282 940.7143
v 1992.9552 1981.7981 945.7143
v 1992.9552 1981.7981 948.5714
v 1992.2409 1980.5609 950.0000
v 1992.2409 1980.5609 968.5714
v 1992.9552 1981.7981 970.0000
v 1992.9552 1981.7981 972.8571
v 1995.4552 1986.1282 977.8571
v 1996.8838 1988.6026 977.8571
v 1997.5981 1989.8397 979.2857
v 2006.8838 2005.9231 979.2857
v 2007.5981 2007.1603 977.8571
v 2009.0266 2009.6346 977.8571
v 2011.5266 2013.9647 972.8571
v 2011.5266 2013.9647 970.0000
v 2012.2409 2015.2019 968.5714
v 2012.2409 2015.2019 950.0000
v 2011.5266 2013.9647 948.5714
v 2011.5266 2013.9647 945.7143
v 2009.0266 2009.6346 940.7143
v 2007.5981 2007.1603 940.7143
v 2006.8838 2005.9231 939.2857
v 1992.8571 1987.6282 940.7143
v 1990.3571 1983.2981 945.7143
v 1990.3571 1983.2981 948.5714
v 1989.6429 1982.0609 950.0000
v 1989.6429 1982.0609 968.5714
v 1990.3571 1983.2981 970.0000
v 1990.3571 1983.2981 972.8571
v 1992.8571 1987.6282 977.8571
v 1994.2857 1990.1026 977.8571
v 1995.0000 1991.3397 979.2857
v 2004.2857 2007.4231 979.2857
v 2005.0000 2008.6603 977.8571
v 2006.4286 2011.1346 977.8571
v 2008.9286 2015.4647 972.8571
v 2008.9286 2015.4647 970.0000
v 2009.6429 2016.7019 968.5714
v 2009.6429 2016.7019 950.0000
v 2008.9286 2015.4647 948.5714
v 2008.9286 2015.4647 945.7143
v 2006.4286 2011.1346 940.7143
v 2005.0000 2008.6603 940.7143
v 2004.2857 2007.4231 939.2857
v 1995.4552 1986.1282 940.7143
v 1992.9552 1981.7981 945.7143
v 1992.9552 1981.7981 948.5714
v 1992.2409 1980.5609 950.0000
v 1992.2409 1980.5609 968.5714
v 1992.9552 1981.7981 970.0000
v 1992.9552 1981.7981 972.8571
v 1995.4552 1986.1282 977.8571
v 1996.8838 1988.6026 977.8571
v 1997.5981 1989.8397 979.2857
v 2006.8838 2005.9231 979.2857
v 2007.5981 2007.1603 977.8571
v 2009.0266 2009.6346 977.8571
v 2011.5266 2013.9647 972.8571
v 2011.5266 2013.9647 970.0000
v 2012.2409 2015.2019 968.5714
v 2012.2409 2015.2019 950.0000
v 2011.5266 2013.9647 948.5714
v 2011.5266 2013.9647 945.7143
v 2009.0266 2009.6346 940.7143
v 2007.5981 2007.1603 940.7143
v 2006.8838 2005.9231 939.2857
v 1992.8571 1987.6282 940.7143
v 1990.3571 1983.2981 945.7143
v 1990.3571 1983.2981 948.5714
v 1989.6429 1982.0609 950.0000
v 1989.6429 1982.0609 968.5714
v 1990.3571 1983.2981 970.0000
v 1990.3571 1983.2981 972.8571
v 1992.8571 1987.6282 977.8571
v 1994.2857 1990.1026 977.8571
v 1995.0000 1991.3397 979.2857
v 2004.2857 2007.4231 979.2857
v 2005.0000 2008.6603 977.8571
v 2006.4286 2011.1346 977.8571
v 2008.9286 2015.4647 972.8571
v 2008.9286 2015.4647 970.0000
v 2009.6429 2016.7019 968.5714
v 2009.6429 2016.7019 950.0000
v 2008.9286 2015.4647 948.5714
v 2008.9286 2015.4647 945.7143
v 2006.4286 2011.1346 940.7143
v 2005.0000 2008.6603 940.7143
v 2004.2857 2007.4231 939.2857
v 1905.4552 1830.2436 940.7143
v 1902.9552 1825.9135 945.7143
v 1902.9552 1825.9135 948.5714
v 1902.2409 1824.6763 950.0000
v 1902.2409 1824.6763 958.5714
v 1902.9552 1825.9135 960.0000
v 1902.9552 1825.9135 962.8571
v 1905.4552 1830.2436 967.8571
v 1906.8838 1832.7180 967.8571
v 1907.5981 1833.9552 969.2857
v 1908.3124 1835.1924 967.8571
v 1909.7409 1837.6667 967.8571
v 1914.7409 1846.3270 957.8571
v 1916.1695 1848.8013 957.8571
v 1916.8838 1850.0385 956.4286
v 1919.7409 1854.9872 957.8571
v 1924.7409 1863.6475 967.8571
v 1926.1695 1866.1218 967.8571
v 1926.8838 1867.3590 969.2857
v 1927.5981 1868.5962 967.8571
v 1929.0266 1871.0705 967.8571
v 1931.5266 1875.4007 962.8571
v 1931.5266 1875.4007 960.0000
v 1932.2409 1876.6379 958.5714
v 1932.2409 1876.6379 950.0000
v 1931.5266 1875.4007 948.5714
v 1931.5266 1875.4007 945.7143
v 1929.0266 1871.0705 940.7143
v 1927.5981 1868.5962 940.7143
v 1926.8838 1867.3590 939.2857
v 1922.5981 1859.9359 939.2857
v 1916.8838 1850.0385 943.5714
v 1911.8838 1841.3782 939.2857
v 1902.8571 1831.7436 940.7143
v 1900.3571 1827.4135 945.7143
v 1900.3571 1827.4135 948.5714
v 1899.6429 1826.1763 950.0000
v 1899.6429 1826.1763 958.5714
v 1900.3571 1827.4135 960.0000
v 1900.3571 1827.4135 962.8571
v 1902.8571 1831.7436 967.8571
v 1904.2857 1834.2180 967.8571
v 1905.0000 1835.4552 969.2857
v 1905.7143 1836.6924 967.8571
v 1907.1429 1839.1667 967.8571
v 1912.1429 1847.8270 957.8571
v 1913.5714 1850.3013 957.8571
v 1914.2857 1851.5385 956.4286
v 1917.1429 1856.4872 957.8571
v 1922.1429 1865.1475 967.8571
v 1923.5714 1867.6218 967.8571
v 1924.2857 1868.8590 969.2857
v 1925.0000 1870.0962 967.8571
v 1926.4286 1872.5705 967.8571
v 1928.9286 1876.9007 962.8571
v 1928.9286 1876.9007 960.0000
v 1929.6429 1878.1379 958.5714
v 1929.6429 1878.1379 950.0000
v 1928.9286 1876.9007 948.5714
v 1928.9286 1876.9007 945.7143
v 1926.4286 1872.5705 940.7143
v 1925.0000 1870.0962 940.7143
v 1924.2857 1868.8590 939.2857
v 1920.0000 1861.4359 939.2857
v 1914.2857 1851.5385 943.5714
v 1909.2857 1842.8782 939.2857
v 1905.4552 1830.2436 940.7143
v 1902.9552 1825.9135 945.7143
v 1902.9552 1825.9135 948.5714
v 1902.2409 1824.6763 950.0000
v 1902.2409 1824.6763 958.5714
v 1902.9552 1825.9135 960.0000
v 1902.9552 1825.9135 962.8571
v 1905.4552 1830.2436 967.8571
v 1906.8838 1832.7180 967.8571
v 1907.5981 1833.9552 969.2857
v 1908.3124 1835.1924 967.8571
v 1909.7409 1837.6667 967.8571
v 1914.7409 1846.3270 957.8571
v 1916.1695 1848.8013 957.8571
v 1916.8838 1850.0385 956.4286
v 1919.7409 1854.9872 957.8571
v 1924.7409 1863.6475 967.8571
v 1926.1695 1866.1218 967.8571
v 1926.8838 1867.3590 969.2857
v 1927.5981 1868.5962 967.8571
v 1929.0266 1871.0705 967.8571
v 1931.5266 1875.4007 962.8571
v 1931.5266 1875.4007 960.0000
v 1932.2409 1876.6379 958.5714
v 1932.2409 1876.6379 950.0000
v 1931.5266 1875.4007 948.5714
v 1931.5266 1875.4007 945.7143
v 1929.0266 1871.0705 940.7143
v 1927.5981 1868.5962 940.7143
v 1926.8838 1867.3590 939.2857
v 1922.5981 1859.9359 939.2857
v 1916.8838 1850.0385 943.5714
v 1911.8838 1841.3782 939.2857
v 1902.8571 1831.7436 940.7143
v 1900.3571 1827.4135 945.7143
v 1900.3571 1827.4135 948.5714
v 1899.6429 1826.1763 950.0000
v 1899.6429 1826.1763 958.5714
v 1900.3571 1827.4135 960.0000
v 1900.3571 1827.4135 962.8571
v 1902.8571 1831.7436 967.8571
v 1904.2857 1834.2180 967.8571
v 1905.0000 1835.4552 969.2857
v 1905.7143 1836.6924 967.8571
v 1907.1429 1839.1667 967.8571
v 1912.1429 1847.8270 957.8571
v 1913.5714 1850.3013 957.8571
v 1914.2857 1851.5385 956.4286
v 1917.1429 1856.4872 957.8571
v 1922.1429 1865.1475 967.8571
v 1923.5714 1867.6218 967.8571
v 1924.2857 1868.8590 969.2857
v 1925.0000 1870.0962 967.8571
v 1926.4286 1872.5705 967.8571
v 1928.9286 1876.9007 962.8571
v 1928.9286 1876.9007 960.0000
v 1929.6429 1878.1379 958.5714
v 1929.6429 1878.1379 950.0000
v 1928.9286 1876.9007 948.5714
v 1928.9286 1876.9007 945.7143
v 1926.4286 1872.5705 940.7143
v 1925.0000 1870.0962 940.7143
v 1924.2857 1868.8590 939.2857
v 1920.0000 1861.4359 939.2857
v 1914.2857 1851.5385 943.5714
v 1909.2857 1842.8782 939.2857
v 2107.6610 2198.4743 990.7143
v 2105.1610 2194.1442 995.7143
v 2105.1610 2194.1442 998.5714
v 2104.4467 2192.9070 1000.0000
v 2104.4467 2192.9070 1011.4286
v 2103.7324 2191.6698 1012.8571
v 2103.7324 2191.6698 1015.7143
v 2101.2324 2187.3397 1020.7143
v 2099.8038 2184.8653 1020.7143
v 2099.0896 2183.6282 1022.1429
v 2098.3753 2182.3910 1020.7143
v 2096.9467 2179.9166 1020.7143
v 2091.9467 2171.2564 1010.7143
v 2090.5181 2168.7820 1010.7143
v 2089.8038 2167.5448 1009.2857
v 2089.0896 2166.3076 1010.7143
v 2087.6610 2163.8333 1010.7143
v 2085.1610 2159.5032 1015.7143
v 2085.1610 2159.5032 1018.5714
v 2084.4467 2158.2660 1020.0000
v 2084.4467 2158.2660 1038.5714
v 2085.1610 2159.5032 1040.0000
v 2085.1610 2159.5032 1042.8571
v 2087.6610 2163.8333 1047.8571
v 2089.0896 2166.3076 1047.8571
v 2089.8038 2167.5448 1049.2857
v 2090.5181 2168.7820 1047.8571
v 2091.9467 2171.2564 1047.8571
v 2096.9467 2179.9166 1037.8571
v 2098.3753 2182.3910 1037.8571
v 2099.0896 2183.6282 1036.4286
v 2099.8038 2184.8653 1037.8571
v 2101.2324 2187.3397 1037.8571
v 2103.7324 2191.6698 1042.8571
v 2103.7324 2191.6698 1045.7143
v 2104.4467 2192.9070 1047.1429
v 2104.4467 2192.9070 1058.5714
v 2105.1610 2194.1442 1060.0000
v 2105.1610 2194.1442 1062.8571
v 2107.6610 2198.4743 1067.8571
v 2109.0896 2200.9487 1067.8571
v 2109.8038 2202.1858 1069.2857
v 2110.5181 2203.4230 1067.8571
v 2111.9467 2205.8974 1067.8571
v 2115.5181 2212.0833 1060.7143
v 2116.9467 2214.5576 1060.7143
v 2117.6610 2215.7948 1059.2857
v 2124.0896 2226.9294 1059.2857
v 2129.0896 2235.5897 1055.0000
v 2129.8038 2236.8269 1056.4286
v 2131.2324 2239.3012 1056.4286
v 2136.9467 2249.1987 1067.8571
v 2138.3753 2251.6730 1067.8571
v 2139.0896 2252.9102 1069.2857
v 2139.4467 2253.5288 1030.0000
v 2136.9467 2249.1987 1030.7143
v 2131.9467 2240.5384 1040.7143
v 2130.5181 2238.0640 1040.7143
v 2129.8038 2236.8269 1042.1429
v 2129.0896 2235.5897 1040.7143
v 2127.6610 2233.1153 1040.7143
v 2125.1610 2228.7852 1035.7143
v 2124.4467 2227.5480 1025.7143
v 2125.1610 2228.7852 1024.2857
v 2125.1610 2228.7852 1021.4286
v 2128.7324 2234.9711 1014.2857
v 2128.7324 2234.9711 1011.4286
v 2129.4467 2236.2083 1010.0000
v 2128.7324 2234.9711 1008.5714
v 2128.7324 2234.9711 1005.7143
v 2126.2324 2230.6410 1000.7143
v 2124.8038 2228.1666 1000.7143
v 2124.0896 2226.9294 999.2857
v 2117.6610 2215.7948 999.2857
v 2116.9467 2214.5576 997.8571
v 2115.5181 2212.0833 997.8571
v 2111.9467 2205.8974 990.7143
v 2105.0629 2199.9743 990.7143
v 2102.5629 2195.6442 995.7143
v 2102.5629 2195.6442 998.5714
v 2101.8486 2194.4070 1000.0000
v 2101.8486 2194.4070 1011.4286
v 2101.1343 2193.1698 1012.8571
v 2101.1343 2193.1698 1015.7143
v 2098.6343 2188.8397 1020.7143
v 2097.2058 2186.3653 1020.7143
v 2096.4915 2185.1282 1022.1429
v 2095.7772 2183.8910 1020.7143
v 2094.3486 2181.4166 1020.7143
v 2089.3486 2172.7564 1010.7143
v 2087.9201 2170.2820 1010.7143
v 2087.2058 2169.0448 1009.2857
v 2086.4915 2167.8076 1010.7143
v 2085.0629 2165.3333 1010.7143
v 2082.5629 2161.0032 1015.7143
v 2082.5629 2161.0032 1018.5714
v 2081.8486 2159.7660 1020.0000
v 2081.8486 2159.7660 1038.5714
v 2082.5629 2161.0032 1040.0000
v 2082.5629 2161.0032 1042.8571
v 2085.0629 2165.3333 1047.8571
v 2086.4915 2167.8076 1047.8571
v 2087.2058 2169.0448 1049.2857
v 2087.9201 2170.2820 1047.8571
v 2089.3486 2172.7564 1047.8571
v 2094.3486 2181.4166 1037.8571
v 2095.7772 2183.8910 1037.8571
v 2096.4915 2185.1282 1036.4286
v 2097.2058 2186.3653 1037.8571
v 2098.6343 2188.8397 1037.8571
v 2101.1343 2193.1698 1042.8571
v 2101.1343 2193.1698 1045.7143
v 2101.8486 2194.4070 1047.1429
v 2101.8486 2194.4070 1058.5714
v 2102.5629 2195.6442 1060.0000
v 2102.5629 2195.6442 1062.8571
v 2105.0629 2199.9743 1067.8571
v 2106.4915 2202.4487 1067.8571
v 2107.2058 2203.6858 1069.2857
v 2107.9201 2204.9230 1067.8571
v 2109.3486 2207.3974 1067.8571
v 2112.9201 2213.5833 1060.7143
v 2114.3486 2216.0576 1060.7143
v 2115.0629 2217.2948 1059.2857
v 2121.4915 2228.4294 1059.2857
v 2126.4915 2237.0897 1055.0000
v 2127.2058 2238.3269 1056.4286
v 2128.6343 2240.8012 1056.4286
v 2134.3486 2250.6987 1067.8571
v 2135.7772 2253.1730 1067.8571
v 2136.4915 2254.4102 1069.2857
v 2136.8486 2255.0288 1030.0000
v 2134.3486 2250.6987 1030.7143
v 2129.3486 2242.0384 1040.7143
v 2127.9201 2239.5640 1040.7143
v 2127.2058 2238.3269 1042.1429
v 2126.4915 2237.0897 1040.7143
v 2125.0629 2234.6153 1040.7143
v 2122.5629 2230.2852 1035.7143
v 2121.8486 2229.0480 1025.7143
v 2122.5629 2230.2852 1024.2857
v 2122.5629 2230.2852 1021.4286
v 2126.1343 2236.4711 1014.2857
v 2126.1343 2236.4711 1011.4286
v 2126.8486 2237.7083 1010.0000
v 2126.1343 2236.4711 1008.5714
v 2126.1343 2236.4711 1005.7143
v 2123.6343 2232.1410 1000.7143
v 2122.2058 2229.6666 1000.7143
v 2121.4915 2228.4294 999.2857
v 2115.0629 2217.2948 999.2857
v 2114.3486 2216.0576 997.8571
v 2112.9201 2213.5833 997.8571
v 2109.3486 2207.3974 990.7143
v 2107.6610 2198.4743 990.7143
v 2105.1610 2194.1442 995.7143
v 2105.1610 2194.1442 998.5714
v 2104.4467 2192.9070 1000.0000
v 2104.4467 2192.9070 1011.4286
v 2103.7324 2191.6698 1012.8571
v 2103.7324 2191.6698 1015.7143
v 2101.2324 2187.3397 1020.7143
v 2099.8038 2184.8653 1020.7143
v 2099.0896 2183.6282 1022.1429
v 2098.3753 2182.3910 1020.7143
v 2096.9467 2179.9166 1020.7143
v 2091.9467 2171.2564 1010.7143
v 2090.5181 2168.7820 1010.7143
v 2089.8038 2167.5448 1009.2857
v 2089.0896 2166.3076 1010.7143
v 2087.6610 2163.8333 1010.7143
v 2085.1610 2159.5032 1015.7143
v 2085.1610 2159.5032 1018.5714
v 2084.4467 2158.2660 1020.0000
v 2084.4467 2158.2660 1038.5714
v 2085.1610 2159.5032 1040.0000
v 2085.1610 2159.5032 1042.8571
v 2087.6610 2163.8333 1047.8571
v 2089.0896 2166.3076 1047.8571
v 2089.8038 2167.5448 1049.2857
v 2090.5181 2168.7820 1047.8571
v 2091.9467 2171.2564 1047.8571
v 2096.9467 2179.9166 1037.8571
v 2098.3753 2182.3910 1037.8571
v 2099.0896 2183.6282 1036.4286
v 2099.8038 2184.8653 1037.8571
v 2101.2324 2187.3397 1037.8571
v 2103.7324 2191.6698 1042.8571
v 2103.7324 2191.6698 1045.7143
v 2104.4467 2192.9070 1047.1429
v 2104.4467 2192.9070 1058.5714
v 2105.1610 2194.1442 1060.0000
v 2105.1610 2194.1442 1062.8571
v 2107.6610 2198.4743 1067.8571
v 2109.0896 2200.9487 1067.8571
v 2109.8038 2202.1858 1069.2857
v 2110.5181 2203.4230 1067.8571
v 2111.9467 2205.8974 1067.8571
v 2115.5181 2212.0833 1060.7143
v 2116.9467 2214.5576 1060.7143
v 2117.6610 2215.7948 1059.2857
v 2124.0896 2226.9294 1059.2857
v 2129.0896 2235.5897 1055.0000
v 2129.8038 2236.8269 1056.4286
v 2131.2324 2239.3012 1056.4286
v 2136.9467 2249.1987 1067.8571
v 2138.3753 2251.6730 1067.8571
v 2139.0896 2252.9102 1069.2857
v 2139.4467 2253.5288 1030.0000
v 2136.9467 2249.1987 1030.7143
v 2131.9467 2240.5384 1040.7143
v 2130.5181 2238.0640 1040.7143
v 2129.8038 2236.8269 1042.1429
v 2129.0896 2235.5897 1040.7143
v 2127.6610 2233.1153 1040.7143
v 2125.1610 2228.7852 1035.7143
v 2124.4467 2227.5480 1025.7143
v 2125.1610 2228.7852 1024.2857
v 2125.1610 2228.7852 1021.4286
v 2128.7324 2234.9711 1014.2857
v 2128.7324 2234.9711 1011.4286
v 2129.4467 2236.2083 1010.0000
v 2128.7324 2234.9711 1008.5714
v 2128.7324 2234.9711 1005.7143
v 2126.2324 2230.6410 1000.7143
v 2124.8038 2228.1666 1000.7143
v 2124.0896 2226.9294 999.2857
v 2117.6610 2215.7948 999.2857
v 2116.9467 2214.5576 997.8571
v 2115.5181 2212.0833 997.8571
v 2111.9467 2205.8974 990.7143
v 2105.0629 2199.9743 990.7143
v 2102.5629 2195.6442 995.7143
v 2102.5629 2195.6442 998.5714
v 2101.8486 2194.4070 1000.0000
v 2101.8486 2194.4070 1011.4286
v 2101.1343 2193.1698 1012.8571
v 2101.1343 2193.1698 1015.7143
v 2098.6343 2188.8397 1020.7143
v 2097.2058 2186.3653 1020.7143
v 2096.4915 2185.1282 1022.1429
v 2095.7772 2183.8910 1020.7143
v 2094.3486 2181.4166 1020.7143
v 2089.3486 2172.7564 1010.7143
v 2087.9201 2170.2820 1010.7143
v 2087.2058 2169.0448 1009.2857
v 2086.4915 2167.8076 1010.7143
v 2085.0629 2165.3333 1010.7143
v 2082.5629 2161.0032 1015.7143
v 2082.5629 2161.0032 1018.5714
v 2081.8486 2159.7660 1020.0000
v 2081.8486 2159.7660 1038.5714
v 2082.5629 2161.0032 1040.0000
v 2082.5629 2161.0032 1042.8571
v 2085.0629 2165.3333 1047.8571
v 2086.4915 2167.8076 1047.8571
v 2087.2058 2169.0448 1049.2857
v 2087.9201 2170.2820 1047.8571
v 2089.3486 2172.7564 1047.8571
v 2094.3486 2181.4166 1037.8571
v 2095.7772 2183.8910 1037.8571
v 2096.4915 2185.1282 1036.4286
v 2097.2058 2186.3653 1037.8571
v 2098.6343 2188.8397 1037.8571
v 2101.1343 2193.1698 1042.8571
v 2101.1343 2193.1698 1045.7143
v 2101.8486 2194.4070 1047.1429
v 2101.8486 2194.4070 1058.5714
v 2102.5629 2195.6442 1060.0000
v 2102.5629 2195.6442 1062.8571
v 2105.0629 2199.9743 1067.8571
v 2106.4915 2202.4487 1067.8571
v 2107.2058 2203.6858 1069.2857
v 2107.9201 2204.9230 1067.8571
v 2109.3486 2207.3974 1067.8571
v 2112.9201 2213.5833 1060.7143
v 2114.3486 2216.0576 1060.7143
v 2115.0629 2217.2948 1059.2857
v 2121.4915 2228.4294 1059.2857
v 2126.4915 2237.0897 1055.0000
v 2127.2058 2238.3269 1056.4286
v 2128.6343 2240.8012 1056.4286
v 2134.3486 2250.6987 1067.8571
v 2135.7772 2253.1730 1067.8571
v 2136.4915 2254.4102 1069.2857
v 2136.8486 2255.0288 1030.0000
v 2134.3486 2250.6987 1030.7143
v 2129.3486 2242.0384 1040.7143
v 2127.9201 2239.5640 1040.7143
v 2127.2058 2238.3269 1042.1429
v 2126.4915 2237.0897 1040.7143
v 2125.0629 2234.6153 1040.7143
v 2122.5629 2230.2852 1035.7143
v 2121.8486 2229.0480 1025.7143
v 2122.5629 2230.2852 1024.2857
v 2122.5629 2230.2852 1021.4286
v 2126.1343 2236.4711 1014.2857
v 2126.1343 2236.4711 1011.4286
v 2126.8486 2237.7083 1010.0000
v 2126.1343 2236.4711 1008.5714
v 2126.1343 2236.4711 1005.7143
v 2123.6343 2232.1410 1000.7143
v 2122.2058 2229.6666 1000.7143
v 2121.4915 2228.4294 999.2857
v 2115.0629 2217.2948 999.2857
v 2114.3486 2216.0576 997.8571
v 2112.9201 2213.5833 997.8571
v 2109.3486 2207.3974 990.7143
v 2136.9467 2249.1987 950.7143
v 2130.1610 2237.4454 964.2857
v 2129.4467 2236.2083 970.0000
v 2130.1610 2237.4454 971.4286
v 2130.1610 2237.4454 974.2857
v 2136.9467 2249.1987 987.8571
v 2138.3753 2251.6730 987.8571
v 2139.0896 2252.9102 989.2857
v 2139.4467 2253.5288 950.0000
v 2134.3486 2250.6987 950.7143
v 2127.5629 2238.9454 964.2857
v 2126.8486 2237.7083 970.0000
v 2127.5629 2238.9454 971.4286
v 2127.5629 2238.9454 974.2857
v 2134.3486 2250.6987 987.8571
v 2135.7772 2253.1730 987.8571
v 2136.4915 2254.4102 989.2857
v 2136.8486 2255.0288 950.0000
v 2136.9467 2249.1987 950.7143
v 2130.1610 2237.4454 964.2857
v 2129.4467 2236.2083 970.0000
v 2130.1610 2237.4454 971.4286
v 2130.1610 2237.4454 974.2857
v 2136.9467 2249.1987 987.8571
v 2138.3753 2251.6730 987.8571
v 2139.0896 2252.9102 989.2857
v 2139.4467 2253.5288 950.0000
v 2134.3486 2250.6987 950.7143
v 2127.5629 2238.9454 964.2857
v 2126.8486 2237.7083 970.0000
v 2127.5629 2238.9454 971.4286
v 2127.5629 2238.9454 974.2857
v 2134.3486 2250.6987 987.8571
v 2135.7772 2253.1730 987.8571
v 2136.4915 2254.4102 989.2857
v 2136.8486 2255.0288 950.0000
v 2194.5769 2091.5544 1117.8571
v 2193.3397 2090.8401 1119.2857
v 2086.9423 2029.4115 1119.2857
v 2085.7051 2028.6973 1120.7143
v 2083.2307 2027.2687 1120.7143
v 2078.9006 2024.7687 1125.7143
v 2077.6634 2024.0544 1132.8571
v 2073.3333 2021.5544 1137.8571
v 2070.8590 2020.1258 1137.8571
v 2069.6218 2019.4115 1139.2857
v 2052.3013 2009.4115 1139.2857
v 2051.0641 2008.6973 1140.7143
v 2048.5897 2007.2687 1140.7143
v 2044.2596 2004.7687 1145.7143
v 2043.0224 2004.0544 1152.8571
v 2038.6923 2001.5544 1157.8571
v 2036.2179 2000.1258 1157.8571
v 2034.9808 1999.4115 1159.2857
v 2000.3397 1979.4115 1159.2857
v 1999.1026 1978.6973 1160.7143
v 1996.6282 1977.2687 1160.7143
v 1992.2981 1974.7687 1165.7143
v 1992.2981 1974.7687 1168.5714
v 1991.0609 1974.0544 1170.0000
v 1991.0609 1974.0544 1188.5714
v 1992.2981 1974.7687 1190.0000
v 1992.2981 1974.7687 1192.8571
v 1996.6282 1977.2687 1197.8571
v 1999.1026 1978.6973 1197.8571
v 2000.3397 1979.4115 1199.2857
v 2068.3846 2018.6973 1199.2857
v 2069.6218 2019.4115 1197.8571
v 2072.0961 2020.8401 1197.8571
v 2076.4263 2023.3401 1192.8571
v 2077.6634 2024.0544 1185.7143
v 2081.9936 2026.5544 1180.7143
v 2084.4679 2027.9830 1180.7143
v 2085.7051 2028.6973 1179.2857
v 2086.9423 2029.4115 1180.7143
v 2089.4166 2030.8401 1180.7143
v 2093.7468 2033.3401 1185.7143
v 2093.7468 2033.3401 1188.5714
v 2094.9840 2034.0544 1190.0000
v 2094.9840 2034.0544 1212.8571
v 2093.7468 2033.3401 1214.2857
v 2093.7468 2033.3401 1217.1429
v 2087.5609 2029.7687 1224.2857
v 2087.5609 2029.7687 1227.1429
v 2086.3237 2029.0544 1228.5714
v 2087.5609 2029.7687 1230.0000
v 2087.5609 2029.7687 1232.8571
v 2091.8910 2032.2687 1237.8571
v 2094.3654 2033.6973 1237.8571
v 2095.6025 2034.4115 1239.2857
v 2129.0064 2053.6973 1239.2857
v 2130.2436 2054.4115 1237.8571
v 2132.7179 2055.8401 1237.8571
v 2137.0480 2058.3401 1232.8571
v 2137.0480 2058.3401 1230.0000
v 2138.2852 2059.0544 1228.5714
v 2137.0480 2058.3401 1227.1429
v 2137.0480 2058.3401 1224.2857
v 2130.8621 2054.7687 1217.1429
v 2129.6250 2054.0544 1210.0000
v 2130.8621 2054.7687 1208.5714
v 2130.8621 2054.7687 1205.7143
v 2135.1923 2057.2687 1200.7143
v 2137.6666 2058.6973 1200.7143
v 2138.9038 2059.4115 1199.2857
v 2140.1410 2060.1258 1200.7143
v 2142.6153 2061.5544 1200.7143
v 2146.9455 2064.0544 1205.7143
v 2148.1827 2064.7687 1212.8571
v 2152.5128 2067.2687 1217.8571
v 2154.9871 2068.6973 1217.8571
v 2156.2243 2069.4115 1219.2857
v 2258.9102 2128.6973 1219.2857
v 2259.5288 2129.0544 1120.0000
v 2221.7948 2107.2687 1119.2857
v 2220.5576 2106.5544 1117.8571
v 2218.0833 2105.1258 1117.8571
v 2211.8974 2101.5544 1110.7143
v 2209.4230 2100.1258 1110.7143
v 2208.1858 2099.4115 1109.2857
v 2203.2371 2096.5544 1110.7143
v 2197.0512 2092.9830 1117.8571
v 2193.0769 2094.1525 1117.8571
v 2191.8397 2093.4382 1119.2857
v 2085.4423 2032.0096 1119.2857
v 2084.2051 2031.2953 1120.7143
v 2081.7307 2029.8668 1120.7143
v 2077.4006 2027.3668 1125.7143
v 2076.1634 2026.6525 1132.8571
v 2071.8333 2024.1525 1137.8571
v 2069.3590 2022.7239 1137.8571
v 2068.1218 2022.0096 1139.2857
v 2050.8013 2012.0096 1139.2857
v 2049.5641 2011.2953 1140.7143
v 2047.0897 2009.8668 1140.7143
v 2042.7596 2007.3668 1145.7143
v 2041.5224 2006.6525 1152.8571
v 2037.1923 2004.1525 1157.8571
v 2034.7179 2002.7239 1157.8571
v 2033.4808 2002.0096 1159.2857
v 1998.8397 1982.0096 1159.2857
v 1997.6026 1981.2953 1160.7143
v 1995.1282 1979.8668 1160.7143
v 1990.7981 1977.3668 1165.7143
v 1990.7981 1977.3668 1168.5714
v 1989.5609 1976.6525 1170.0000
v 1989.5609 1976.6525 1188.5714
v 1990.7981 1977.3668 1190.0000
v 1990.7981 1977.3668 1192.8571
v 1995.1282 1979.8668 1197.8571
v 1997.6026 1981.2953 1197.8571
v 1998.8397 1982.0096 1199.2857
v 2066.8846 2021.2953 1199.2857
v 2068.1218 2022.0096 1197.8571
v 2070.5961 2023.4382 1197.8571
v 2074.9263 2025.9382 1192.8571
v 2076.1634 2026.6525 1185.7143
v 2080.4936 2029.1525 1180.7143
v 2082.9679 2030.5810 1180.7143
v 2084.2051 2031.2953 1179.2857
v 2085.4423 2032.0096 1180.7143
v 2087.9166 2033.4382 1180.7143
v 2092.2468 2035.9382 1185.7143
v 2092.2468 2035.9382 1188.5714
v 2093.4840 2036.6525 1190.0000
v 2093.4840 2036.6525 1212.8571
v 2092.2468 2035.9382 1214.2857
v 2092.2468 2035.9382 1217.1429
v 2086.0609 2032.3668 1224.2857
v 2086.0609 2032.3668 1227.1429
v 2084.8237 2031.6525 1228.5714
v 2086.0609 2032.3668 1230.0000
v 2086.0609 2032.3668 1232.8571
v 2090.3910 2034.8668 1237.8571
v 2092.8654 2036.2953 1237.8571
v 2094.1025 2037.0096 1239.2857
v 2127.5064 2056.2953 1239.2857
v 2128.7436 2057.0096 1237.8571
v 2131.2179 2058.4382 1237.8571
v 2135.5480 2060.9382 1232.8571
v 2135.5480 2060.9382 1230.0000
v 2136.7852 2061.6525 1228.5714
v 2135.5480 2060.9382 1227.1429
v 2135.5480 2060.9382 1224.2857
v 2129.3621 2057.3668 1217.1429
v 2128.1250 2056.6525 1210.0000
v 2129.3621 2057.3668 1208.5714
v 2129.3621 2057.3668 1205.7143
v 2133.6923 2059.8668 1200.7143
v 2136.1666 2061.2953 1200.7143
v 2137.4038 2062.0096 1199.2857
v 2138.6410 2062.7239 1200.7143
v 2141.1153 2064.1525 1200.7143
v 2145.4455 2066.6525 1205.7143
v 2146.6827 2067.3668 1212.8571
v 2151.0128 2069.8668 1217.8571
v 2153.4871 2071.2953 1217.8571
v 2154.7243 2072.0096 1219.2857
v 2257.4102 2131.2953 1219.2857
v 2258.0288 2131.6525 1120.0000
v 2220.2948 2109.8668 1119.2857
v 2219.0576 2109.1525 1117.8571
v 2216.5833 2107.7239 1117.8571
v 2210.3974 2104.1525 1110.7143
v 2207.9230 2102.7239 1110.7143
v 2206.6858 2102.0096 1109.2857
v 2201.7371 2099.1525 1110.7143
v 2195.5512 2095.5810 1117.8571
v 2194.5769 2091.5544 1117.8571
v 2193.3397 2090.8401 1119.2857
v 2086.9423 2029.4115 1119.2857
v 2085.7051 2028.6973 1120.7143
v 2083.2307 2027.2687 1120.7143
v 2078.9006 2024.7687 1125.7143
v 2077.6634 2024.0544 1132.8571
v 2073.3333 2021.5544 1137.8571
v 2070.8590 2020.1258 1137.8571
v 2069.6218 2019.4115 1139.2857
v 2052.3013 2009.4115 1139.2857
v 2051.0641 2008.6973 1140.7143
v 2048.5897 2007.2687 1140.7143
v 2044.2596 2004.7687 1145.7143
v 2043.0224 2004.0544 1152.8571
v 2038.6923 2001.5544 1157.8571
v 2036.2179 2000.1258 1157.8571
v 2034.9808 1999.4115 1159.2857
v 2000.3397 1979.4115 1159.2857
v 1999.1026 1978.6973 1160.7143
v 1996.6282 1977.2687 1160.7143
v 1992.2981 1974.7687 1165.7143
v 1992.2981 1974.7687 1168.5714
v 1991.0609 1974.0544 1170.0000
v 1991.0609 1974.0544 1188.5714
v 1992.2981 1974.7687 1190.0000
v 1992.2981 1974.7687 1192.8571
v 1996.6282 1977.2687 1197.8571
v 1999.1026 1978.6973 1197.8571
v 2000.3397 1979.4115 1199.2857
v 2068.3846 2018.6973 1199.2857
v 2069.6218 2019.4115 1197.8571
v 2072.0961 2020.8401 1197.8571
v 2076.4263 2023.3401 1192.8571
v 2077.6634 2024.0544 1185.7143
v 2081.9936 2026.5544 1180.7143
v 2084.4679 2027.9830 1180.7143
v 2085.7051 2028.6973 1179.2857
v 2086.9423 2029.4115 1180.7143
v 2089.4166 2030.8401 1180.7143
v 2093.7468 2033.3401 1185.7143
v 2093.7468 2033.3401 1188.5714
v 2094.9840 2034.0544 1190.0000
v 2094.9840 2034.0544 1212.8571
v 2093.7468 2033.3401 1214.2857
v 2093.7468 2033.3401 1217.1429
v 2087.5609 2029.7687 1224.2857
v 2087.5609 2029.7687 1227.1429
v 2086.3237 2029.0544 1228.5714
v 2087.5609 2029.7687 1230.0000
v 2087.5609 2029.7687 1232.8571
v 2091.8910 2032.2687 1237.8571
v 2094.3654 2033.6973 1237.8571
v 2095.6025 2034.4115 1239.2857
v 2129.0064 2053.6973 1239.2857
v 2130.2436 2054.4115 1237.8571
v 2132.7179 2055.8401 1237.8571
v 2137.0480 2058.3401 1232.8571
v 2137.0480 2058.3401 1230.0000
v 2138.2852 2059.0544 1228.5714
v 2137.0480 2058.3401 1227.1429
v 2137.0480 2058.3401 1224.2857
v 2130.8621 2054.7687 1217.1429
v 2129.6250 2054.0544 1210.0000
v 2130.8621 2054.7687 1208.5714
v 2130.8621 2054.7687 1205.7143
v 2135.1923 2057.2687 1200.7143
v 2137.6666 2058.6973 1200.7143
v 2138.9038 2059.4115 1199.2857
v 2140.1410 2060.1258 1200.7143
v 2142.6153 2061.5544 1200.7143
v 2146.9455 2064.0544 1205.7143
v 2148.1827 2064.7687 1212.8571
v 2152.5128 2067.2687 1217.8571
v 2154.9871 2068.6973 1217.8571
v 2156.2243 2069.4115 1219.2857
v 2258.9102 2128.6973 1219.2857
v 2259.5288 2129.0544 1120.0000
v 2221.7948 2107.2687 1119.2857
v 2220.5576 2106.5544 1117.8571
v 2218.0833 2105.1258 1117.8571
v 2211.8974 2101.5544 1110.7143
v 2209.4230 2100.1258 1110.7143
v 2208.1858 2099.4115 1109.2857
v 2203.2371 2096.5544 1110.7143
v 2197.0512 2092.9830 1117.8571
v 2193.0769 2094.1525 1117.8571
v 2191.8397 2093.4382 1119.2857
v 2085.4423 2032.0096 1119.2857
v 2084.2051 2031.2953 1120.7143
v 2081.7307 2029.8668 1120.7143
v 2077.4006 2027.3668 1125.7143
v 2076.1634 2026.6525 1132.8571
v 2071.8333 2024.1525 1137.8571
v 2069.3590 2022.7239 1137.8571
v 2068.1218 2022.0096 1139.2857
v 2050.8013 2012.0096 1139.2857
v 2049.5641 2011.2953 1140.7143
v 2047.0897 2009.8668 1140.7143
v 2042.7596 2007.3668 1145.7143
v 2041.5224 2006.6525 1152.8571
v 2037.1923 2004.1525 1157.8571
v 2034.7179 2002.7239 1157.8571
v 2033.4808 2002.0096 1159.2857
v 1998.8397 1982.0096 1159.2857
v 1997.6026 1981.2953 1160.7143
v 1995.1282 1979.8668 1160.7143
v 1990.7981 1977.3668 1165.7143
v 1990.7981 1977.3668 1168.5714
v 1989.5609 1976.6525 1170.0000
v 1989.5609 1976.6525 1188.5714
v 1990.7981 1977.3668 1190.0000
v 1990.7981 1977.3668 1192.8571
v 1995.1282 1979.8668 1197.8571
v 1997.6026 1981.2953 1197.8571
v 1998.8397 1982.0096 1199.2857
v 2066.8846 2021.2953 1199.2857
v 2068.1218 2022.0096 1197.8571
v 2070.5961 2023.4382 1197.8571
v 2074.9263 2025.9382 1192.8571
v 2076.1634 2026.6525 1185.7143
v 2080.4936 2029.1525 1180.7143
v 2082.9679 2030.5810 1180.7143
v 2084.2051 2031.2953 1179.2857
v 2085.4423 2032.0096 1180.7143
v 2087.9166 2033.4382 1180.7143
v 2092.2468 2035.9382 1185.7143
v 2092.2468 2035.9382 1188.5714
v 2093.4840 2036.6525 1190.0000
v 2093.4840 2036.6525 1212.8571
v 2092.2468 2035.9382 1214.2857
v 2092.2468 2035.9382 1217.1429
v 2086.0609 2032.3668 1224.2857
v 2086.0609 2032.3668 1227.1429
v 2084.8237 2031.6525 1228.5714
v 2086.0609 2032.3668 1230.0000
v 2086.0609 2032.3668 1232.8571
v 2090.3910 2034.8668 1237.8571
v 2092.8654 2036.2953 1237.8571
v 2094.1025 2037.0096 1239.2857
v 2127.5064 2056.2953 1239.2857
v 2128.7436 2057.0096 1237.8571
v 2131.2179 2058.4382 1237.8571
v 2135.5480 2060.9382 1232.8571
v 2135.5480 2060.9382 1230.0000
v 2136.7852 2061.6525 1228.5714
v 2135.5480 2060.9382 1227.1429
v 2135.5480 2060.9382 1224.2857
v 2129.3621 2057.3668 1217.1429
v 2128.1250 2056.6525 1210.0000
v 2129.3621 2057.3668 1208.5714
v 2129.3621 2057.3668 1205.7143
v 2133.6923 2059.8668 1200.7143
v 2136.1666 2061.2953 1200.7143
v 2137.4038 2062.0096 1199.2857
v 2138.6410 2062.7239 1200.7143
v 2141.1153 2064.1525 1200.7143
v 2145.4455 2066.6525 1205.7143
v 2146.6827 2067.3668 1212.8571
v 2151.0128 2069.8668 1217.8571
v 2153.4871 2071.2953 1217.8571
v 2154.7243 2072.0096 1219.2857
v 2257.4102 2131.2953 1219.2857
v 2258.0288 2131.6525 1120.0000
v 2220.2948 2109.8668 1119.2857
v 2219.0576 2109.1525 1117.8571
v 2216.5833 2107.7239 1117.8571
v 2210.3974 2104.1525 1110.7143
v 2207.9230 2102.7239 1110.7143
v 2206.6858 2102.0096 1109.2857
v 2201.7371 2099.1525 1110.7143
v 2195.5512 2095.5810 1117.8571
v 1862.3943 1899.7687 1208.5714
v 1861.1571 1899.0544 1210.0000
v 1862.3943 1899.7687 1211.4286
v 1862.3943 1899.7687 1214.2857
v 1871.0545 1904.7687 1224.2857
v 1871.0545 1904.7687 1227.1429
v 1872.2917 1905.4830 1228.5714
v 1871.0545 1904.7687 1234.2857
v 1862.3943 1899.7687 1244.2857
v 1862.3943 1899.7687 1247.1429
v 1861.1571 1899.0544 1248.5714
v 1862.3943 1899.7687 1250.0000
v 1862.3943 1899.7687 1252.8571
v 1866.7244 1902.2687 1257.8571
v 1869.1988 1903.6973 1257.8571
v 1870.4359 1904.4115 1259.2857
v 1886.5193 1913.6973 1259.2857
v 1887.7564 1914.4115 1257.8571
v 1890.2308 1915.8401 1257.8571
v 1894.5609 1918.3401 1252.8571
v 1894.5609 1918.3401 1250.0000
v 1895.7981 1919.0544 1248.5714
v 1894.5609 1918.3401 1247.1429
v 1894.5609 1918.3401 1244.2857
v 1884.6635 1912.6258 1232.8571
v 1884.6635 1912.6258 1230.0000
v 1883.4263 1911.9115 1228.5714
v 1887.1379 1914.0544 1218.5714
v 1887.1379 1914.0544 1210.0000
v 1885.9007 1913.3401 1208.5714
v 1885.9007 1913.3401 1205.7143
v 1881.5705 1910.8401 1200.7143
v 1879.0962 1909.4115 1200.7143
v 1877.8590 1908.6973 1199.2857
v 1866.7244 1902.2687 1200.7143
v 1862.3943 1899.7687 1205.7143
v 1860.8943 1902.3668 1208.5714
v 1859.6571 1901.6525 1210.0000
v 1860.8943 1902.3668 1211.4286
v 1860.8943 1902.3668 1214.2857
v 1869.5545 1907.3668 1224.2857
v 1869.5545 1907.3668 1227.1429
v 1870.7917 1908.0810 1228.5714
v 1869.5545 1907.3668 1234.2857
v 1860.8943 1902.3668 1244.2857
v 1860.8943 1902.3668 1247.1429
v 1859.6571 1901.6525 1248.5714
v 1860.8943 1902.3668 1250.0000
v 1860.8943 1902.3668 1252.8571
v 1865.2244 1904.8668 1257.8571
v 1867.6988 1906.2953 1257.8571
v 1868.9359 1907.0096 1259.2857
v 1885.0193 1916.2953 1259.2857
v 1886.2564 1917.0096 1257.8571
v 1888.7308 1918.4382 1257.8571
v 1893.0609 1920.9382 1252.8571
v 1893.0609 1920.9382 1250.0000
v 1894.2981 1921.6525 1248.5714
v 1893.0609 1920.9382 1247.1429
v 1893.0609 1920.9382 1244.2857
v 1883.1635 1915.2239 1232.8571
v 1883.1635 1915.2239 1230.0000
v 1881.9263 1914.5096 1228.5714
v 1885.6379 1916.6525 1218.5714
v 1885.6379 1916.6525 1210.0000
v 1884.4007 1915.9382 1208.5714
v 1884.4007 1915.9382 1205.7143
v 1880.0705 1913.4382 1200.7143
v 1877.5962 1912.0096 1200.7143
v 1876.3590 1911.2953 1199.2857
v 1865.2244 1904.8668 1200.7143
v 1860.8943 1902.3668 1205.7143
v 1862.3943 1899.7687 1208.5714
v 1861.1571 1899.0544 1210.0000
v 1862.3943 1899.7687 1211.4286
v 1862.3943 1899.7687 1214.2857
v 1871.0545 1904.7687 1224.2857
v 1871.0545 1904.7687 1227.1429
v 1872.2917 1905.4830 1228.5714
v 1871.0545 1904.7687 1234.2857
v 1862.3943 1899.7687 1244.2857
v 1862.3943 1899.7687 1247.1429
v 1861.1571 1899.0544 1248.5714
v 1862.3943 1899.7687 1250.0000
v 1862.3943 1899.7687 1252.8571
v 1866.7244 1902.2687 1257.8571
v 1869.1988 1903.6973 1257.8571
v 1870.4359 1904.4115 1259.2857
v 1886.5193 1913.6973 1259.2857
v 1887.7564 1914.4115 1257.8571
v 1890.2308 1915.8401 1257.8571
v 1894.5609 1918.3401 1252.8571
v 1894.5609 1918.3401 1250.0000
v 1895.7981 1919.0544 1248.5714
v 1894.5609 1918.3401 1247.1429
v 1894.5609 1918.3401 1244.2857
v 1884.6635 1912.6258 1232.8571
v 1884.6635 1912.6258 1230.0000
v 1883.4263 1911.9115 1228.5714
v 1887.1379 1914.0544 1218.5714
v 1887.1379 1914.0544 1210.0000
v 1885.9007 1913.3401 1208.5714
v 1885.9007 1913.3401 1205.7143
v 1881.5705 1910.8401 1200.7143
v 1879.0962 1909.4115 1200.7143
v 1877.8590 1908.6973 1199.2857
v 1866.7244 1902.2687 1200.7143
v 1862.3943 1899.7687 1205.7143
v 1860.8943 1902.3668 1208.5714
v 1859.6571 1901.6525 1210.0000
v 1860.8943 1902.3668 1211.4286
v 1860.8943 1902.3668 1214.2857
v 1869.5545 1907.3668 1224.2857
v 1869.5545 1907.3668 1227.1429
v 1870.7917 1908.0810 1228.5714
v 1869.5545 1907.3668 1234.2857
v 1860.8943 1902.3668 1244.2857
v 1860.8943 1902.3668 1247.1429
v 1859.6571 1901.6525 1248.5714
v 1860.8943 1902.3668 1250.0000
v 1860.8943 1902.3668 1252.8571
v 1865.2244 1904.8668 1257.8571
v 1867.6988 1906.2953 1257.8571
v 1868.9359 1907.0096 1259.2857
v 1885.0193 1916.2953 1259.2857
v 1886.2564 1917.0096 1257.8571
v 1888.7308 1918.4382 1257.8571
v 1893.0609 1920.9382 1252.8571
v 1893.0609 1920.9382 1250.0000
v 1894.2981 1921.6525 1248.5714
v 1893.0609 1920.9382 1247.1429
v 1893.0609 1920.9382 1244.2857
v 1883.1635 1915.2239 1232.8571
v 1883.1635 1915.2239 1230.0000
v 1881.9263 1914.5096 1228.5714
v 1885.6379 1916.6525 1218.5714
v 1885.6379 1916.6525 1210.0000
v 1884.4007 1915.9382 1208.5714
v 1884.4007 1915.9382 1205.7143
v 1880.0705 1913.4382 1200.7143
v 1877.5962 1912.0096 1200.7143
v 1876.3590 1911.2953 1199.2857
v 1865.2244 1904.8668 1200.7143
v 1860.8943 1902.3668 1205.7143
v 1801.7725 1864.7687 1188.5714
v 1800.5353 1864.0544 1190.0000
v 1800.5353 1864.0544 1208.5714
v 1801.7725 1864.7687 1210.0000
v 1800.5353 1864.0544 1211.4286
v 1800.5353 1864.0544 1214.2857
v 1796.2052 1861.5544 1219.2857
v 1793.7308 1860.1258 1219.2857
v 1792.4936 1859.4115 1220.7143
v 1787.5449 1856.5544 1217.8571
v 1785.0706 1855.1258 1217.8571
v 1778.8847 1851.5544 1210.7143
v 1776.4103 1850.1258 1210.7143
v 1775.1731 1849.4115 1209.2857
v 1773.9360 1848.6973 1210.7143
v 1771.4616 1847.2687 1210.7143
v 1767.1315 1844.7687 1215.7143
v 1767.1315 1844.7687 1218.5714
v 1765.8943 1844.0544 1220.0000
v 1765.8943 1844.0544 1252.8571
v 1764.6571 1843.3401 1254.2857
v 1764.6571 1843.3401 1257.1429
v 1758.4712 1839.7687 1264.2857
v 1758.4712 1839.7687 1267.1429
v 1757.2340 1839.0544 1268.5714
v 1758.4712 1839.7687 1270.0000
v 1758.4712 1839.7687 1272.8571
v 1762.8013 1842.2687 1277.8571
v 1765.2757 1843.6973 1277.8571
v 1766.5129 1844.4115 1279.2857
v 1825.8975 1878.6973 1279.2857
v 1827.1347 1879.4115 1277.8571
v 1829.6090 1880.8401 1277.8571
v 1833.9392 1883.3401 1272.8571
v 1836.4135 1884.7687 1261.4286
v 1842.5994 1888.3401 1254.2857
v 1843.8366 1889.0544 1248.5714
v 1842.5994 1888.3401 1247.1429
v 1842.5994 1888.3401 1244.2857
v 1833.9392 1883.3401 1234.2857
v 1832.7020 1882.6258 1228.5714
v 1833.9392 1883.3401 1227.1429
v 1833.9392 1883.3401 1224.2857
v 1842.5994 1888.3401 1214.2857
v 1843.8366 1889.0544 1208.5714
v 1842.5994 1888.3401 1207.1429
v 1842.5994 1888.3401 1204.2857
v 1836.4135 1884.7687 1197.1429
v 1833.9392 1883.3401 1185.7143
v 1829.6090 1880.8401 1180.7143
v 1827.1347 1879.4115 1180.7143
v 1825.8975 1878.6973 1179.2857
v 1806.1026 1867.2687 1180.7143
v 1801.7725 1864.7687 1185.7143
v 1809.8142 1869.4115 1219.2857
v 1812.2885 1870.8401 1219.2857
v 1816.6186 1873.3401 1224.2857
v 1816.6186 1873.3401 1227.1429
v 1817.8558 1874.0544 1228.5714
v 1816.6186 1873.3401 1230.0000
v 1816.6186 1873.3401 1232.8571
v 1812.2885 1870.8401 1237.8571
v 1809.8142 1869.4115 1237.8571
v 1808.5770 1868.6973 1239.2857
v 1807.3398 1867.9830 1237.8571
v 1804.8654 1866.5544 1237.8571
v 1800.5353 1864.0544 1232.8571
v 1800.5353 1864.0544 1230.0000
v 1799.2981 1863.3401 1228.5714
v 1800.5353 1864.0544 1227.1429
v 1800.5353 1864.0544 1224.2857
v 1804.8654 1866.5544 1219.2857
v 1807.3398 1867.9830 1219.2857
v 1808.5770 1868.6973 1217.8571
v 1800.2725 1867.3668 1188.5714
v 1799.0353 1866.6525 1190.0000
v 1799.0353 1866.6525 1208.5714
v 1800.2725 1867.3668 1210.0000
v 1799.0353 1866.6525 1211.4286
v 1799.0353 1866.6525 1214.2857
v 1794.7052 1864.1525 1219.2857
v 1792.2308 1862.7239 1219.2857
v 1790.9936 1862.0096 1220.7143
v 1786.0449 1859.1525 1217.8571
v 1783.5706 1857.7239 1217.8571
v 1777.3847 1854.1525 1210.7143
v 1774.9103 1852.7239 1210.7143
v 1773.6731 1852.0096 1209.2857
v 1772.4360 1851.2953 1210.7143
v 1769.9616 1849.8668 1210.7143
v 1765.6315 1847.3668 1215.7143
v 1765.6315 1847.3668 1218.5714
v 1764.3943 1846.6525 1220.0000
v 1764.3943 1846.6525 1252.8571
v 1763.1571 1845.9382 1254.2857
v 1763.1571 1845.9382 1257.1429
v 1756.9712 1842.3668 1264.2857
v 1756.9712 1842.3668 1267.1429
v 1755.7340 1841.6525 1268.5714
v 1756.9712 1842.3668 1270.0000
v 1756.9712 1842.3668 1272.8571
v 1761.3013 1844.8668 1277.8571
v 1763.7757 1846.2953 1277.8571
v 1765.0129 1847.0096 1279.2857
v 1824.3975 1881.2953 1279.2857
v 1825.6347 1882.0096 1277.8571
v 1828.1090 1883.4382 1277.8571
v 1832.4392 1885.9382 1272.8571
v 1834.9135 1887.3668 1261.4286
v 1841.0994 1890.9382 1254.2857
v 1842.3366 1891.6525 1248.5714
v 1841.0994 1890.9382 1247.1429
v 1841.0994 1890.9382 1244.2857
v 1832.4392 1885.9382 1234.2857
v 1831.2020 1885.2239 1228.5714
v 1832.4392 1885.9382 1227.1429
v 1832.4392 1885.9382 1224.2857
v 1841.0994 1890.9382 1214.2857
v 1842.3366 1891.6525 1208.5714
v 1841.0994 1890.9382 1207.1429
v 1841.0994 1890.9382 1204.2857
v 1834.9135 1887.3668 1197.1429
v 1832.4392 1885.9382 1185.7143
v 1828.1090 1883.4382 1180.7143
v 1825.6347 1882.0096 1180.7143
v 1824.3975 1881.2953 1179.2857
v 1804.6026 1869.8668 1180.7143
v 1800.2725 1867.3668 1185.7143
v 1808.3142 1872.0096 1219.2857
v 1810.7885 1873.4382 1219.2857
v 1815.1186 1875.9382 1224.2857
v 1815.1186 1875.9382 1227.1429
v 1816.3558 1876.6525 1228.5714
v 1815.1186 1875.9382 1230.0000
v 1815.1186 1875.9382 1232.8571
v 1810.7885 1873.4382 1237.8571
v 1808.3142 1872.0096 1237.8571
v 1807.0770 1871.2953 1239.2857
v 1805.8398 1870.5810 1237.8571
v 1803.3654 1869.1525 1237.8571
v 1799.0353 1866.6525 1232.8571
v 1799.0353 1866.6525 1230.0000
v 1797.7981 1865.9382 1228.5714
v 1799.0353 1866.6525 1227.1429
v 1799.0353 1866.6525 1224.2857
v 1803.3654 1869.1525 1219.2857
v 1805.8398 1870.5810 1219.2857
v 1807.0770 1871.2953 1217.8571
v 1801.7725 1864.7687 1188.5714
v 1800.5353 1864.0544 1190.0000
v 1800.5353 1864.0544 1208.5714
v 1801.7725 1864.7687 1210.0000
v 1800.5353 1864.0544 1211.4286
v 1800.5353 1864.0544 1214.2857
v 1796.2052 1861.5544 1219.2857
v 1793.7308 1860.1258 1219.2857
v 1792.4936 1859.4115 1220.7143
v 1787.5449 1856.5544 1217.8571
v 1785.0706 1855.1258 1217.8571
v 1778.8847 1851.5544 1210.7143
v 1776.4103 1850.1258 1210.7143
v 1775.1731 1849.4115 1209.2857
v 1773.9360 1848.6973 1210.7143
v 1771.4616 1847.2687 1210.7143
v 1767.1315 1844.7687 1215.7143
v 1767.1315 1844.7687 1218.5714
v 1765.8943 1844.0544 1220.0000
v 1765.8943 1844.0544 1252.8571
v 1764.6571 1843.3401 1254.2857
v 1764.6571 1843.3401 1257.1429
v 1758.4712 1839.7687 1264.2857
v 1758.4712 1839.7687 1267.1429
v 1757.2340 1839.0544 1268.5714
v 1758.4712 1839.7687 1270.0000
v 1758.4712 1839.7687 1272.8571
v 1762.8013 1842.2687 1277.8571
v 1765.2757 1843.6973 1277.8571
v 1766.5129 1844.4115 1279.2857
v 1825.8975 1878.6973 1279.2857
v 1827.1347 1879.4115 1277.8571
v 1829.6090 1880.8401 1277.8571
v 1833.9392 1883.3401 1272.8571
v 1836.4135 1884.7687 1261.4286
v 1842.5994 1888.3401 1254.2857
v 1843.8366 1889.0544 1248.5714
v 1842.5994 1888.3401 1247.1429
v 1842.5994 1888.3401 1244.2857
v 1833.9392 1883.3401 1234.2857
v 1832.7020 1882.6258 1228.5714
v 1833.9392 1883.3401 1227.1429
v 1833.9392 1883.3401 1224.2857
v 1842.5994 1888.3401 1214.2857
v 1843.8366 1889.0544 1208.5714
v 1842.5994 1888.3401 1207.1429
v 1842.5994 1888.3401 1204.2857
v 1836.4135 1884.7687 1197.1429
v 1833.9392 1883.3401 1185.7143
v 1829.6090 1880.8401 1180.7143
v 1827.1347 1879.4115 1180.7143
v 1825.8975 1878.6973 1179.2857
v 1806.1026 1867.2687 1180.7143
v 1801.7725 1864.7687 1185.7143
v 1800.2725 1867.3668 1188.5714
v 1799.0353 1866.6525 1190.0000
v 1799.0353 1866.6525 1208.5714
v 1800.2725 1867.3668 1210.0000
v 1799.0353 1866.6525 1211.4286
v 1799.0353 1866.6525 1214.2857
v 1794.7052 1864.1525 1219.2857
v 1792.2308 1862.7239 1219.2857
v 1790.9936 1862.0096 1220.7143
v 1786.0449 1859.1525 1217.8571
v 1783.5706 1857.7239 1217.8571
v 1777.3847 1854.1525 1210.7143
v 1774.9103 1852.7239 1210.7143
v 1773.6731 1852.0096 1209.2857
v 1772.4360 1851.2953 1210.7143
v 1769.9616 1849.8668 1210.7143
v 1765.6315 1847.3668 1215.7143
v 1765.6315 1847.3668 1218.5714
v 1764.3943 1846.6525 1220.0000
v 1764.3943 1846.6525 1252.8571
v 1763.1571 1845.9382 1254.2857
v 1763.1571 1845.9382 1257.1429
v 1756.9712 1842.3668 1264.2857
v 1756.9712 1842.3668 1267.1429
v 1755.7340 1841.6525 1268.5714
v 1756.9712 1842.3668 1270.0000
v 1756.9712 1842.3668 1272.8571
v 1761.3013 1844.8668 1277.8571
v 1763.7757 1846.2953 1277.8571
v 1765.0129 1847.0096 1279.2857
v 1824.3975 1881.2953 1279.2857
v 1825.6347 1882.0096 1277.8571
v 1828.1090 1883.4382 1277.8571
v 1832.4392 1885.9382 1272.8571
v 1834.9135 1887.3668 1261.4286
v 1841.0994 1890.9382 1254.2857
v 1842.3366 1891.6525 1248.5714
v 1841.0994 1890.9382 1247.1429
v 1841.0994 1890.9382 1244.2857
v 1832.4392 1885.9382 1234.2857
v 1831.2020 1885.2239 1228.5714
v 1832.4392 1885.9382 1227.1429
v 1832.4392 1885.9382 1224.2857
v 1841.0994 1890.9382 1214.2857
v 1842.3366 1891.6525 1208.5714
v 1841.0994 1890.9382 1207.1429
v 1841.0994 1890.9382 1204.2857
v 1834.9135 1887.3668 1197.1429
v 1832.4392 1885.9382 1185.7143
v 1828.1090 1883.4382 1180.7143
v 1825.6347 1882.0096 1180.7143
v 1824.3975 1881.2953 1179.2857
v 1804.6026 1869.8668 1180.7143
v 1800.2725 1867.3668 1185.7143
v 1809.8142 1869.4115 1219.2857
v 1812.2885 1870.8401 1219.2857
v 1816.6186 1873.3401 1224.2857
v 1816.6186 1873.3401 1227.1429
v 1817.8558 1874.0544 1228.5714
v 1816.6186 1873.3401 1230.0000
v 1816.6186 1873.3401 1232.8571
v 1812.2885 1870.8401 1237.8571
v 1809.8142 1869.4115 1237.8571
v 1808.5770 1868.6973 1239.2857
v 1807.3398 1867.9830 1237.8571
v 1804.8654 1866.5544 1237.8571
v 1800.5353 1864.0544 1232.8571
v 1800.5353 1864.0544 1230.0000
v 1799.2981 1863.3401 1228.5714
v 1800.5353 1864.0544 1227.1429
v 1800.5353 1864.0544 1224.2857
v 1804.8654 1866.5544 1219.2857
v 1807.3398 1867.9830 1219.2857
v 1808.5770 1868.6973 1217.8571
v 1808.3142 1872.0096 1219.2857
v 1810.7885 1873.4382 1219.2857
v 1815.1186 1875.9382 1224.2857
v 1815.1186 1875.9382 1227.1429
v 1816.3558 1876.6525 1228.5714
v 1815.1186 1875.9382 1230.0000
v 1815.1186 1875.9382 1232.8571
v 1810.7885 1873.4382 1237.8571
v 1808.3142 1872.0096 1237.8571
v 1807.0770 1871.2953 1239.2857
v 1805.8398 1870.5810 1237.8571
v 1803.3654 1869.1525 1237.8571
v 1799.0353 1866.6525 1232.8571
v 1799.0353 1866.6525 1230.0000
v 1797.7981 1865.9382 1228.5714
v 1799.0353 1866.6525 1227.1429
v 1799.0353 1866.6525 1224.2857
v 1803.3654 1869.1525 1219.2857
v 1805.8398 1870.5810 1219.2857
v 1807.0770 1871.2953 1217.8571
v 2180.0865 2086.6525 1072.8571
v 2175.7564 2084.1525 1077.8571
v 2173.2820 2082.7239 1077.8571
v 2172.0448 2082.0096 1079.2857
v 2137.4038 2062.0096 1079.2857
v 2136.1666 2061.2953 1080.7143
v 2133.6923 2059.8668 1080.7143
v 2129.3621 2057.3668 1085.7143
v 2128.1250 2056.6525 1092.8571
v 2122.5577 2053.4382 1099.2857
v 2116.3718 2049.8668 1100.7143
v 2112.0416 2047.3668 1105.7143
v 2112.0416 2047.3668 1108.5714
v 2110.8045 2046.6525 1110.0000
v 2110.8045 2046.6525 1128.5714
v 2112.0416 2047.3668 1130.0000
v 2112.0416 2047.3668 1132.8571
v 2116.3718 2049.8668 1137.8571
v 2122.5577 2053.4382 1139.2857
v 2126.8878 2055.9382 1144.2857
v 2126.8878 2055.9382 1147.1429
v 2128.1250 2056.6525 1148.5714
v 2126.8878 2055.9382 1157.1429
v 2120.7019 2052.3668 1164.2857
v 2120.7019 2052.3668 1167.1429
v 2119.4647 2051.6525 1168.5714
v 2120.7019 2052.3668 1174.2857
v 2132.4551 2059.1525 1187.8571
v 2134.9295 2060.5810 1187.8571
v 2136.1666 2061.2953 1189.2857
v 2141.1153 2064.1525 1187.8571
v 2147.3012 2067.7239 1180.7143
v 2149.7756 2069.1525 1180.7143
v 2151.0128 2069.8668 1179.2857
v 2188.1282 2091.2953 1179.2857
v 2189.3653 2092.0096 1177.8571
v 2190.6025 2092.7239 1179.2857
v 2193.0769 2094.1525 1179.2857
v 2197.4070 2096.6525 1184.2857
v 2197.4070 2096.6525 1187.1429
v 2198.6442 2097.3668 1188.5714
v 2196.1698 2095.9382 1194.2857
v 2196.1698 2095.9382 1197.1429
v 2189.9839 2092.3668 1204.2857
v 2189.9839 2092.3668 1207.1429
v 2188.7467 2091.6525 1208.5714
v 2189.9839 2092.3668 1210.0000
v 2189.9839 2092.3668 1212.8571
v 2194.3141 2094.8668 1217.8571
v 2196.7884 2096.2953 1217.8571
v 2198.0256 2097.0096 1219.2857
v 2231.4294 2116.2953 1219.2857
v 2241.3269 2122.0096 1215.0000
v 2249.9871 2127.0096 1219.2857
v 2257.4102 2131.2953 1219.2857
v 2258.0288 2131.6525 1160.0000
v 2254.9358 2129.8668 1159.2857
v 2250.6057 2127.3668 1154.2857
v 2250.6057 2127.3668 1151.4286
v 2249.3685 2126.6525 1150.0000
v 2249.3685 2126.6525 1130.0000
v 2248.1313 2125.9382 1128.5714
v 2248.1313 2125.9382 1125.7143
v 2243.8012 2123.4382 1120.7143
v 2237.6153 2119.8668 1119.2857
v 2232.0480 2116.6525 1112.8571
v 2230.8108 2115.9382 1105.7143
v 2226.4807 2113.4382 1100.7143
v 2220.2948 2109.8668 1099.2857
v 2215.9647 2107.3668 1094.2857
v 2215.9647 2107.3668 1091.4286
v 2214.7275 2106.6525 1090.0000
v 2214.7275 2106.6525 1070.0000
v 2213.4903 2105.9382 1068.5714
v 2213.4903 2105.9382 1065.7143
v 2209.1602 2103.4382 1060.7143
v 2206.6858 2102.0096 1060.7143
v 2205.4487 2101.2953 1059.2857
v 2185.6538 2089.8668 1060.7143
v 2181.3237 2087.3668 1065.7143
v 2246.2756 2124.8668 1180.7143
v 2250.6057 2127.3668 1185.7143
v 2250.6057 2127.3668 1188.5714
v 2251.8429 2128.0810 1190.0000
v 2250.6057 2127.3668 1191.4286
v 2250.6057 2127.3668 1194.2857
v 2245.0384 2124.1525 1200.7143
v 2242.5640 2122.7239 1200.7143
v 2241.3269 2122.0096 1202.1429
v 2240.0897 2121.2953 1200.7143
v 2237.6153 2119.8668 1200.7143
v 2233.2852 2117.3668 1195.7143
v 2232.0480 2116.6525 1190.0000
v 2233.2852 2117.3668 1188.5714
v 2233.2852 2117.3668 1185.7143
v 2237.6153 2119.8668 1180.7143
v 2240.0897 2121.2953 1180.7143
v 2241.3269 2122.0096 1179.2857
v 2209.1602 2103.4382 1160.7143
v 2213.4903 2105.9382 1165.7143
v 2213.4903 2105.9382 1168.5714
v 2214.7275 2106.6525 1170.0000
v 2213.4903 2105.9382 1171.4286
v 2213.4903 2105.9382 1174.2857
v 2209.1602 2103.4382 1179.2857
v 2206.6858 2102.0096 1179.2857
v 2205.4487 2101.2953 1180.7143
v 2204.2115 2100.5810 1179.2857
v 2201.7371 2099.1525 1179.2857
v 2197.4070 2096.6525 1174.2857
v 2197.4070 2096.6525 1171.4286
v 2196.1698 2095.9382 1170.0000
v 2197.4070 2096.6525 1168.5714
v 2197.4070 2096.6525 1165.7143
v 2201.7371 2099.1525 1160.7143
v 2204.2115 2100.5810 1160.7143
v 2205.4487 2101.2953 1159.2857
v 2206.6858 2102.0096 1160.7143
v 2178.5865 2089.2506 1072.8571
v 2174.2564 2086.7506 1077.8571
v 2171.7820 2085.3220 1077.8571
v 2170.5448 2084.6077 1079.2857
v 2135.9038 2064.6077 1079.2857
v 2134.6666 2063.8934 1080.7143
v 2132.1923 2062.4648 1080.7143
v 2127.8621 2059.9648 1085.7143
v 2126.6250 2059.2506 1092.8571
v 2121.0577 2056.0363 1099.2857
v 2114.8718 2052.4648 1100.7143
v 2110.5416 2049.9648 1105.7143
v 2110.5416 2049.9648 1108.5714
v 2109.3045 2049.2506 1110.0000
v 2109.3045 2049.2506 1128.5714
v 2110.5416 2049.9648 1130.0000
v 2110.5416 2049.9648 1132.8571
v 2114.8718 2052.4648 1137.8571
v 2121.0577 2056.0363 1139.2857
v 2125.3878 2058.5363 1144.2857
v 2125.3878 2058.5363 1147.1429
v 2126.6250 2059.2506 1148.5714
v 2125.3878 2058.5363 1157.1429
v 2119.2019 2054.9648 1164.2857
v 2119.2019 2054.9648 1167.1429
v 2117.9647 2054.2506 1168.5714
v 2119.2019 2054.9648 1174.2857
v 2130.9551 2061.7506 1187.8571
v 2133.4295 2063.1791 1187.8571
v 2134.6666 2063.8934 1189.2857
v 2139.6153 2066.7506 1187.8571
v 2145.8012 2070.3220 1180.7143
v 2148.2756 2071.7506 1180.7143
v 2149.5128 2072.4648 1179.2857
v 2186.6282 2093.8934 1179.2857
v 2187.8653 2094.6077 1177.8571
v 2189.1025 2095.3220 1179.2857
v 2191.5769 2096.7506 1179.2857
v 2195.9070 2099.2506 1184.2857
v 2195.9070 2099.2506 1187.1429
v 2197.1442 2099.9648 1188.5714
v 2194.6698 2098.5363 1194.2857
v 2194.6698 2098.5363 1197.1429
v 2188.4839 2094.9648 1204.2857
v 2188.4839 2094.9648 1207.1429
v 2187.2467 2094.2506 1208.5714
v 2188.4839 2094.9648 1210.0000
v 2188.4839 2094.9648 1212.8571
v 2192.8141 2097.4648 1217.8571
v 2195.2884 2098.8934 1217.8571
v 2196.5256 2099.6077 1219.2857
v 2229.9294 2118.8934 1219.2857
v 2239.8269 2124.6077 1215.0000
v 2248.4871 2129.6077 1219.2857
v 2255.9102 2133.8934 1219.2857
v 2256.5288 2134.2506 1160.0000
v 2253.4358 2132.4648 1159.2857
v 2249.1057 2129.9648 1154.2857
v 2249.1057 2129.9648 1151.4286
v 2247.8685 2129.2506 1150.0000
v 2247.8685 2129.2506 1130.0000
v 2246.6313 2128.5363 1128.5714
v 2246.6313 2128.5363 1125.7143
v 2242.3012 2126.0363 1120.7143
v 2236.1153 2122.4648 1119.2857
v 2230.5480 2119.2506 1112.8571
v 2229.3108 2118.5363 1105.7143
v 2224.9807 2116.0363 1100.7143
v 2218.7948 2112.4648 1099.2857
v 2214.4647 2109.9648 1094.2857
v 2214.4647 2109.9648 1091.4286
v 2213.2275 2109.2506 1090.0000
v 2213.2275 2109.2506 1070.0000
v 2211.9903 2108.5363 1068.5714
v 2211.9903 2108.5363 1065.7143
v 2207.6602 2106.0363 1060.7143
v 2205.1858 2104.6077 1060.7143
v 2203.9487 2103.8934 1059.2857
v 2184.1538 2092.4648 1060.7143
v 2179.8237 2089.9648 1065.7143
v 2244.7756 2127.4648 1180.7143
v 2249.1057 2129.9648 1185.7143
v 2249.1057 2129.9648 1188.5714
v 2250.3429 2130.6791 1190.0000
v 2249.1057 2129.9648 1191.4286
v 2249.1057 2129.9648 1194.2857
v 2243.5384 2126.7506 1200.7143
v 2241.0640 2125.3220 1200.7143
v 2239.8269 2124.6077 1202.1429
v 2238.5897 2123.8934 1200.7143
v 2236.1153 2122.4648 1200.7143
v 2231.7852 2119.9648 1195.7143
v 2230.5480 2119.2506 1190.0000
v 2231.7852 2119.9648 1188.5714
v 2231.7852 2119.9648 1185.7143
v 2236.1153 2122.4648 1180.7143
v 2238.5897 2123.8934 1180.7143
v 2239.8269 2124.6077 1179.2857
v 2207.6602 2106.0363 1160.7143
v 2211.9903 2108.5363 1165.7143
v 2211.9903 2108.5363 1168.5714
v 2213.2275 2109.2506 1170.0000
v 2211.9903 2108.5363 1171.4286
v 2211.9903 2108.5363 1174.2857
v 2207.6602 2106.0363 1179.2857
v 2205.1858 2104.6077 1179.2857
v 2203.9487 2103.8934 1180.7143
v 2202.7115 2103.1791 1179.2857
v 2200.2371 2101.7506 1179.2857
v 2195.9070 2099.2506 1174.2857
v 2195.9070 2099.2506 1171.4286
v 2194.6698 2098.5363 1170.0000
v 2195.9070 2099.2506 1168.5714
v 2195.9070 2099.2506 1165.7143
v 2200.2371 2101.7506 1160.7143
v 2202.7115 2103.1791 1160.7143
v 2203.9487 2103.8934 1159.2857
v 2205.1858 2104.6077 1160.7143
v 2180.0865 2086.6525 1072.8571
v 2175.7564 2084.1525 1077.8571
v 2173.2820 2082.7239 1077.8571
v 2172.0448 2082.0096 1079.2857
v 2137.4038 2062.0096 1079.2857
v 2136.1666 2061.2953 1080.7143
v 2133.6923 2059.8668 1080.7143
v 2129.3621 2057.3668 1085.7143
v 2128.1250 2056.6525 1092.8571
v 2122.5577 2053.4382 1099.2857
v 2116.3718 2049.8668 1100.7143
v 2112.0416 2047.3668 1105.7143
v 2112.0416 2047.3668 1108.5714
v 2110.8045 2046.6525 1110.0000
v 2110.8045 2046.6525 1128.5714
v 2112.0416 2047.3668 1130.0000
v 2112.0416 2047.3668 1132.8571
v 2116.3718 2049.8668 1137.8571
v 2122.5577 2053.4382 1139.2857
v 2126.8878 2055.9382 1144.2857
v 2126.8878 2055.9382 1147.1429
v 2128.1250 2056.6525 1148.5714
v 2126.8878 2055.9382 1157.1429
v 2120.7019 2052.3668 1164.2857
v 2120.7019 2052.3668 1167.1429
v 2119.4647 2051.6525 1168.5714
v 2120.7019 2052.3668 1174.2857
v 2132.4551 2059.1525 1187.8571
v 2134.9295 2060.5810 1187.8571
v 2136.1666 2061.2953 1189.2857
v 2141.1153 2064.1525 1187.8571
v 2147.3012 2067.7239 1180.7143
v 2149.7756 2069.1525 1180.7143
v 2151.0128 2069.8668 1179.2857
v 2188.1282 2091.2953 1179.2857
v 2189.3653 2092.0096 1177.8571
v 2190.6025 2092.7239 1179.2857
v 2193.0769 2094.1525 1179.2857
v 2197.4070 2096.6525 1184.2857
v 2197.4070 2096.6525 1187.1429
v 2198.6442 2097.3668 1188.5714
v 2196.1698 2095.9382 1194.2857
v 2196.1698 2095.9382 1197.1429
v 2189.9839 2092.3668 1204.2857
v 2189.9839 2092.3668 1207.1429
v 2188.7467 2091.6525 1208.5714
v 2189.9839 2092.3668 1210.0000
v 2189.9839 2092.3668 1212.8571
v 2194.3141 2094.8668 1217.8571
v 2196.7884 2096.2953 1217.8571
v 2198.0256 2097.0096 1219.2857
v 2231.4294 2116.2953 1219.2857
v 2241.3269 2122.0096 1215.0000
v 2249.9871 2127.0096 1219.2857
v 2257.4102 2131.2953 1219.2857
v 2258.0288 2131.6525 1160.0000
v 2254.9358 2129.8668 1159.2857
v 2250.6057 2127.3668 1154.2857
v 2250.6057 2127.3668 1151.4286
v 2249.3685 2126.6525 1150.0000
v 2249.3685 2126.6525 1130.0000
v 2248.1313 2125.9382 1128.5714
v 2248.1313 2125.9382 1125.7143
v 2243.8012 2123.4382 1120.7143
v 2237.6153 2119.8668 1119.2857
v 2232.0480 2116.6525 1112.8571
v 2230.8108 2115.9382 1105.7143
v 2226.4807 2113.4382 1100.7143
v 2220.2948 2109.8668 1099.2857
v 2215.9647 2107.3668 1094.2857
v 2215.9647 2107.3668 1091.4286
v 2214.7275 2106.6525 1090.0000
v 2214.7275 2106.6525 1070.0000
v 2213.4903 2105.9382 1068.5714
v 2213.4903 2105.9382 1065.7143
v 2209.1602 2103.4382 1060.7143
v 2206.6858 2102.0096 1060.7143
v 2205.4487 2101.2953 1059.2857
v 2185.6538 2089.8668 1060.7143
v 2181.3237 2087.3668 1065.7143
v 2178.5865 2089.2506 1072.8571
v 2174.2564 2086.7506 1077.8571
v 2171.7820 2085.3220 1077.8571
v 2170.5448 2084.6077 1079.2857
v 2135.9038 2064.6077 1079.2857
v 2134.6666 2063.8934 1080.7143
v 2132.1923 2062.4648 1080.7143
v 2127.8621 2059.9648 1085.7143
v 2126.6250 2059.2506 1092.8571
v 2121.0577 2056.0363 1099.2857
v 2114.8718 2052.4648 1100.7143
v 2110.5416 2049.9648 1105.7143
v 2110.5416 2049.9648 1108.5714
v 2109.3045 2049.2506 1110.0000
v 2109.3045 2049.2506 1128.5714
v 2110.5416 2049.9648 1130.0000
v 2110.5416 2049.9648 1132.8571
v 2114.8718 2052.4648 1137.8571
v 2121.0577 2056.0363 1139.2857
v 2125.3878 2058.5363 1144.2857
v 2125.3878 2058.5363 1147.1429
v 2126.6250 2059.2506 1148.5714
v 2125.3878 2058.5363 1157.1429
v 2119.2019 2054.9648 1164.2857
v 2119.2019 2054.9648 1167.1429
v 2117.9647 2054.2506 1168.5714
v 2119.2019 2054.9648 1174.2857
v 2130.9551 2061.7506 1187.8571
v 2133.4295 2063.1791 1187.8571
v 2134.6666 2063.8934 1189.2857
v 2139.6153 2066.7506 1187.8571
v 2145.8012 2070.3220 1180.7143
v 2148.2756 2071.7506 1180.7143
v 2149.5128 2072.4648 1179.2857
v 2186.6282 2093.8934 1179.2857
v 2187.8653 2094.6077 1177.8571
v 2189.1025 2095.3220 1179.2857
v 2191.5769 2096.7506 1179.2857
v 2195.9070 2099.2506 1184.2857
v 2195.9070 2099.2506 1187.1429
v 2197.1442 2099.9648 1188.5714
v 2194.6698 2098.5363 1194.2857
v 2194.6698 2098.5363 1197.1429
v 2188.4839 2094.9648 1204.2857
v 2188.4839 2094.9648 1207.1429
v 2187.2467 2094.2506 1208.5714
v 2188.4839 2094.9648 1210.0000
v 2188.4839 2094.9648 1212.8571
v 2192.8141 2097.4648 1217.8571
v 2195.2884 2098.8934 1217.8571
v 2196.5256 2099.6077 1219.2857
v 2229.9294 2118.8934 1219.2857
v 2239.8269 2124.6077 1215.0000
v 2248.4871 2129.6077 1219.2857
v 2255.9102 2133.8934 1219.2857
v 2256.5288 2134.2506 1160.0000
v 2253.4358 2132.4648 1159.2857
v 2249.1057 2129.9648 1154.2857
v 2249.1057 2129.9648 1151.4286
v 2247.8685 2129.2506 1150.0000
v 2247.8685 2129.2506 1130.0000
v 2246.6313 2128.5363 1128.5714
v 2246.6313 2128.5363 1125.7143
v 2242.3012 2126.0363 1120.7143
v 2236.1153 2122.4648 1119.2857
v 2230.5480 2119.2506 1112.8571
v 2229.3108 2118.5363 1105.7143
v 2224.9807 2116.0363 1100.7143
v 2218.7948 2112.4648 1099.2857
v 2214.4647 2109.9648 1094.2857
v 2214.4647 2109.9648 1091.4286
v 2213.2275 2109.2506 1090.0000
v 2213.2275 2109.2506 1070.0000
v 2211.9903 2108.5363 1068.5714
v 2211.9903 2108.5363 1065.7143
v 2207.6602 2106.0363 1060.7143
v 2205.1858 2104.6077 1060.7143
v 2203.9487 2103.8934 1059.2857
v 2184.1538 2092.4648 1060.7143
v 2179.8237 2089.9648 1065.7143
v 2246.2756 2124.8668 1180.7143
v 2250.6057 2127.3668 1185.7143
v 2250.6057 2127.3668 1188.5714
v 2251.8429 2128.0810 1190.0000
v 2250.6057 2127.3668 1191.4286
v 2250.6057 2127.3668 1194.2857
v 2245.0384 2124.1525 1200.7143
v 2242.5640 2122.7239 1200.7143
v 2241.3269 2122.0096 1202.1429
v 2240.0897 2121.2953 1200.7143
v 2237.6153 2119.8668 1200.7143
v 2233.2852 2117.3668 1195.7143
v 2232.0480 2116.6525 1190.0000
v 2233.2852 2117.3668 1188.5714
v 2233.2852 2117.3668 1185.7143
v 2237.6153 2119.8668 1180.7143
v 2240.0897 2121.2953 1180.7143
v 2241.3269 2122.0096 1179.2857
v 2244.7756 2127.4648 1180.7143
v 2249.1057 2129.9648 1185.7143
v 2249.1057 2129.9648 1188.5714
v 2250.3429 2130.6791 1190.0000
v 2249.1057 2129.9648 1191.4286
v 2249.1057 2129.9648 1194.2857
v 2243.5384 2126.7506 1200.7143
v 2241.0640 2125.3220 1200.7143
v 2239.8269 2124.6077 1202.1429
v 2238.5897 2123.8934 1200.7143
v 2236.1153 2122.4648 1200.7143
v 2231.7852 2119.9648 1195.7143
v 2230.5480 2119.2506 1190.0000
v 2231.7852 2119.9648 1188.5714
v 2231.7852 2119.9648 1185.7143
v 2236.1153 2122.4648 1180.7143
v 2238.5897 2123.8934 1180.7143
v 2239.8269 2124.6077 1179.2857
v 2209.1602 2103.4382 1160.7143
v 2213.4903 2105.9382 1165.7143
v 2213.4903 2105.9382 1168.5714
v 2214.7275 2106.6525 1170.0000
v 2213.4903 2105.9382 1171.4286
v 2213.4903 2105.9382 1174.2857
v 2209.1602 2103.4382 1179.2857
v 2206.6858 2102.0096 1179.2857
v 2205.4487 2101.2953 1180.7143
v 2204.2115 2100.5810 1179.2857
v 2201.7371 2099.1525 1179.2857
v 2197.4070 2096.6525 1174.2857
v 2197.4070 2096.6525 1171.4286
v 2196.1698 2095.9382 1170.0000
v 2197.4070 2096.6525 1168.5714
v 2197.4070 2096.6525 1165.7143
v 2201.7371 2099.1525 1160.7143
v 2204.2115 2100.5810 1160.7143
v 2205.4487 2101.2953 1159.2857
v 2206.6858 2102.0096 1160.7143
v 2207.6602 2106.0363 1160.7143
v 2211.9903 2108.5363 1165.7143
v 2211.9903 2108.5363 1168.5714
v 2213.2275 2109.2506 1170.0000
v 2211.9903 2108.5363 1171.4286
v 2211.9903 2108.5363 1174.2857
v 2207.6602 2106.0363 1179.2857
v 2205.1858 2104.6077 1179.2857
v 2203.9487 2103.8934 1180.7143
v 2202.7115 2103.1791 1179.2857
v 2200.2371 2101.7506 1179.2857
v 2195.9070 2099.2506 1174.2857
v 2195.9070 2099.2506 1171.4286
v 2194.6698 2098.5363 1170.0000
v 2195.9070 2099.2506 1168.5714
v 2195.9070 2099.2506 1165.7143
v 2200.2371 2101.7506 1160.7143
v 2202.7115 2103.1791 1160.7143
v 2203.9487 2103.8934 1159.2857
v 2205.1858 2104.6077 1160.7143
v 2163.8333 2087.6610 1130.7143
v 2159.5032 2085.1610 1135.7143
v 2159.5032 2085.1610 1138.5714
v 2158.2660 2084.4467 1140.0000
v 2158.2660 2084.4467 1148.5714
v 2159.5032 2085.1610 1150.0000
v 2159.5032 2085.1610 1152.8571
v 2163.8333 2087.6610 1157.8571
v 2166.3076 2089.0896 1157.8571
v 2167.5448 2089.8038 1159.2857
v 2174.9679 2094.0896 1159.2857
v 2176.2051 2094.8038 1157.8571
v 2178.6794 2096.2324 1157.8571
v 2183.0096 2098.7324 1152.8571
v 2183.0096 2098.7324 1150.0000
v 2184.2467 2099.4467 1148.5714
v 2183.0096 2098.7324 1147.1429
v 2183.0096 2098.7324 1144.2857
v 2171.2564 2091.9467 1130.7143
v 2162.3333 2090.2591 1130.7143
v 2158.0032 2087.7591 1135.7143
v 2158.0032 2087.7591 1138.5714
v 2156.7660 2087.0448 1140.0000
v 2156.7660 2087.0448 1148.5714
v 2158.0032 2087.7591 1150.0000
v 2158.0032 2087.7591 1152.8571
v 2162.3333 2090.2591 1157.8571
v 2164.8076 2091.6876 1157.8571
v 2166.0448 2092.4019 1159.2857
v 2173.4679 2096.6876 1159.2857
v 2174.7051 2097.4019 1157.8571
v 2177.1794 2098.8305 1157.8571
v 2181.5096 2101.3305 1152.8571
v 2181.5096 2101.3305 1150.0000
v 2182.7467 2102.0448 1148.5714
v 2181.5096 2101.3305 1147.1429
v 2181.5096 2101.3305 1144.2857
v 2169.7564 2094.5448 1130.7143
v 2163.8333 2087.6610 1130.7143
v 2159.5032 2085.1610 1135.7143
v 2159.5032 2085.1610 1138.5714
v 2158.2660 2084.4467 1140.0000
v 2158.2660 2084.4467 1148.5714
v 2159.5032 2085.1610 1150.0000
v 2159.5032 2085.1610 1152.8571
v 2163.8333 2087.6610 1157.8571
v 2166.3076 2089.0896 1157.8571
v 2167.5448 2089.8038 1159.2857
v 2174.9679 2094.0896 1159.2857
v 2176.2051 2094.8038 1157.8571
v 2178.6794 2096.2324 1157.8571
v 2183.0096 2098.7324 1152.8571
v 2183.0096 2098.7324 1150.0000
v 2184.2467 2099.4467 1148.5714
v 2183.0096 2098.7324 1147.1429
v 2183.0096 2098.7324 1144.2857
v 2171.2564 2091.9467 1130.7143
v 2162.3333 2090.2591 1130.7143
v 2158.0032 2087.7591 1135.7143
v 2158.0032 2087.7591 1138.5714
v 2156.7660 2087.0448 1140.0000
v 2156.7660 2087.0448 1148.5714
v 2158.0032 2087.7591 1150.0000
v 2158.0032 2087.7591 1152.8571
v 2162.3333 2090.2591 1157.8571
v 2164.8076 2091.6876 1157.8571
v 2166.0448 2092.4019 1159.2857
v 2173.4679 2096.6876 1159.2857
v 2174.7051 2097.4019 1157.8571
v 2177.1794 2098.8305 1157.8571
v 2181.5096 2101.3305 1152.8571
v 2181.5096 2101.3305 1150.0000
v 2182.7467 2102.0448 1148.5714
v 2181.5096 2101.3305 1147.1429
v 2181.5096 2101.3305 1144.2857
v 2169.7564 2094.5448 1130.7143
v 2166.8333 2082.4648 1060.7143
v 2162.5032 2079.9648 1065.7143
v 2161.2660 2079.2506 1072.8571
v 2156.9359 2076.7506 1077.8571
v 2154.4615 2075.3220 1077.8571
v 2153.2243 2074.6077 1079.2857
v 2118.5833 2054.6077 1079.2857
v 2117.3461 2053.8934 1080.7143
v 2114.8718 2052.4648 1080.7143
v 2110.5416 2049.9648 1085.7143
v 2110.5416 2049.9648 1088.5714
v 2109.3045 2049.2506 1090.0000
v 2109.3045 2049.2506 1108.5714
v 2110.5416 2049.9648 1110.0000
v 2110.5416 2049.9648 1112.8571
v 2114.8718 2052.4648 1117.8571
v 2121.0577 2056.0363 1119.2857
v 2126.6250 2059.2506 1125.7143
v 2127.8621 2059.9648 1132.8571
v 2132.1923 2062.4648 1137.8571
v 2138.3782 2066.0363 1139.2857
v 2143.9455 2069.2506 1145.7143
v 2145.1827 2069.9648 1152.8571
v 2149.5128 2072.4648 1157.8571
v 2151.9871 2073.8934 1157.8571
v 2153.2243 2074.6077 1159.2857
v 2203.9487 2103.8934 1159.2857
v 2205.1858 2104.6077 1157.8571
v 2207.6602 2106.0363 1157.8571
v 2211.9903 2108.5363 1152.8571
v 2213.2275 2109.2506 1145.7143
v 2218.7948 2112.4648 1139.2857
v 2224.9807 2116.0363 1137.8571
v 2229.3108 2118.5363 1132.8571
v 2229.3108 2118.5363 1130.0000
v 2230.5480 2119.2506 1128.5714
v 2230.5480 2119.2506 1110.0000
v 2229.3108 2118.5363 1108.5714
v 2229.3108 2118.5363 1105.7143
v 2224.9807 2116.0363 1100.7143
v 2218.7948 2112.4648 1099.2857
v 2214.4647 2109.9648 1094.2857
v 2214.4647 2109.9648 1091.4286
v 2213.2275 2109.2506 1090.0000
v 2213.2275 2109.2506 1070.0000
v 2211.9903 2108.5363 1068.5714
v 2211.9903 2108.5363 1065.7143
v 2207.6602 2106.0363 1060.7143
v 2205.1858 2104.6077 1060.7143
v 2203.9487 2103.8934 1059.2857
v 2165.3333 2085.0629 1060.7143
v 2161.0032 2082.5629 1065.7143
v 2159.7660 2081.8486 1072.8571
v 2155.4359 2079.3486 1077.8571
v 2152.9615 2077.9201 1077.8571
v 2151.7243 2077.2058 1079.2857
v 2117.0833 2057.2058 1079.2857
v 2115.8461 2056.4915 1080.7143
v 2113.3718 2055.0629 1080.7143
v 2109.0416 2052.5629 1085.7143
v 2109.0416 2052.5629 1088.5714
v 2107.8045 2051.8486 1090.0000
v 2107.8045 2051.8486 1108.5714
v 2109.0416 2052.5629 1110.0000
v 2109.0416 2052.5629 1112.8571
v 2113.3718 2055.0629 1117.8571
v 2119.5577 2058.6343 1119.2857
v 2125.1250 2061.8486 1125.7143
v 2126.3621 2062.5629 1132.8571
v 2130.6923 2065.0629 1137.8571
v 2136.8782 2068.6343 1139.2857
v 2142.4455 2071.8486 1145.7143
v 2143.6827 2072.5629 1152.8571
v 2148.0128 2075.0629 1157.8571
v 2150.4871 2076.4915 1157.8571
v 2151.7243 2077.2058 1159.2857
v 2202.4487 2106.4915 1159.2857
v 2203.6858 2107.2058 1157.8571
v 2206.1602 2108.6343 1157.8571
v 2210.4903 2111.1343 1152.8571
v 2211.7275 2111.8486 1145.7143
v 2217.2948 2115.0629 1139.2857
v 2223.4807 2118.6343 1137.8571
v 2227.8108 2121.1343 1132.8571
v 2227.8108 2121.1343 1130.0000
v 2229.0480 2121.8486 1128.5714
v 2229.0480 2121.8486 1110.0000
v 2227.8108 2121.1343 1108.5714
v 2227.8108 2121.1343 1105.7143
v 2223.4807 2118.6343 1100.7143
v 2217.2948 2115.0629 1099.2857
v 2212.9647 2112.5629 1094.2857
v 2212.9647 2112.5629 1091.4286
v 2211.7275 2111.8486 1090.0000
v 2211.7275 2111.8486 1070.0000
v 2210.4903 2111.1343 1068.5714
v 2210.4903 2111.1343 1065.7143
v 2206.1602 2108.6343 1060.7143
v 2203.6858 2107.2058 1060.7143
v 2202.4487 2106.4915 1059.2857
v 2166.8333 2082.4648 1060.7143
v 2162.5032 2079.9648 1065.7143
v 2161.2660 2079.2506 1072.8571
v 2156.9359 2076.7506 1077.8571
v 2154.4615 2075.3220 1077.8571
v 2153.2243 2074.6077 1079.2857
v 2118.5833 2054.6077 1079.2857
v 2117.3461 2053.8934 1080.7143
v 2114.8718 2052.4648 1080.7143
v 2110.5416 2049.9648 1085.7143
v 2110.5416 2049.9648 1088.5714
v 2109.3045 2049.2506 1090.0000
v 2109.3045 2049.2506 1108.5714
v 2110.5416 2049.9648 1110.0000
v 2110.5416 2049.9648 1112.8571
v 2114.8718 2052.4648 1117.8571
v 2121.0577 2056.0363 1119.2857
v 2126.6250 2059.2506 1125.7143
v 2127.8621 2059.9648 1132.8571
v 2132.1923 2062.4648 1137.8571
v 2138.3782 2066.0363 1139.2857
v 2143.9455 2069.2506 1145.7143
v 2145.1827 2069.9648 1152.8571
v 2149.5128 2072.4648 1157.8571
v 2151.9871 2073.8934 1157.8571
v 2153.2243 2074.6077 1159.2857
v 2203.9487 2103.8934 1159.2857
v 2205.1858 2104.6077 1157.8571
v 2207.6602 2106.0363 1157.8571
v 2211.9903 2108.5363 1152.8571
v 2213.2275 2109.2506 1145.7143
v 2218.7948 2112.4648 1139.2857
v 2224.9807 2116.0363 1137.8571
v 2229.3108 2118.5363 1132.8571
v 2229.3108 2118.5363 1130.0000
v 2230.5480 2119.2506 1128.5714
v 2230.5480 2119.2506 1110.0000
v 2229.3108 2118.5363 1108.5714
v 2229.3108 2118.5363 1105.7143
v 2224.9807 2116.0363 1100.7143
v 2218.7948 2112.4648 1099.2857
v 2214.4647 2109.9648 1094.2857
v 2214.4647 2109.9648 1091.4286
v 2213.2275 2109.2506 1090.0000
v 2213.2275 2109.2506 1070.0000
v 2211.9903 2108.5363 1068.5714
v 2211.9903 2108.5363 1065.7143
v 2207.6602 2106.0363 1060.7143
v 2205.1858 2104.6077 1060.7143
v 2203.9487 2103.8934 1059.2857
v 2165.3333 2085.0629 1060.7143
v 2161.0032 2082.5629 1065.7143
v 2159.7660 2081.8486 1072.8571
v 2155.4359 2079.3486 1077.8571
v 2152.9615 2077.9201 1077.8571
v 2151.7243 2077.2058 1079.2857
v 2117.0833 2057.2058 1079.2857
v 2115.8461 2056.4915 1080.7143
v 2113.3718 2055.0629 1080.7143
v 2109.0416 2052.5629 1085.7143
v 2109.0416 2052.5629 1088.5714
v 2107.8045 2051.8486 1090.0000
v 2107.8045 2051.8486 1108.5714
v 2109.0416 2052.5629 1110.0000
v 2109.0416 2052.5629 1112.8571
v 2113.3718 2055.0629 1117.8571
v 2119.5577 2058.6343 1119.2857
v 2125.1250 2061.8486 1125.7143
v 2126.3621 2062.5629 1132.8571
v 2130.6923 2065.0629 1137.8571
v 2136.8782 2068.6343 1139.2857
v 2142.4455 2071.8486 1145.7143
v 2143.6827 2072.5629 1152.8571
v 2148.0128 2075.0629 1157.8571
v 2150.4871 2076.4915 1157.8571
v 2151.7243 2077.2058 1159.2857
v 2202.4487 2106.4915 1159.2857
v 2203.6858 2107.2058 1157.8571
v 2206.1602 2108.6343 1157.8571
v 2210.4903 2111.1343 1152.8571
v 2211.7275 2111.8486 1145.7143
v 2217.2948 2115.0629 1139.2857
v 2223.4807 2118.6343 1137.8571
v 2227.8108 2121.1343 1132.8571
v 2227.8108 2121.1343 1130.0000
v 2229.0480 2121.8486 1128.5714
v 2229.0480 2121.8486 1110.0000
v 2227.8108 2121.1343 1108.5714
v 2227.8108 2121.1343 1105.7143
v 2223.4807 2118.6343 1100.7143
v 2217.2948 2115.0629 1099.2857
v 2212.9647 2112.5629 1094.2857
v 2212.9647 2112.5629 1091.4286
v 2211.7275 2111.8486 1090.0000
v 2211.7275 2111.8486 1070.0000
v 2210.4903 2111.1343 1068.5714
v 2210.4903 2111.1343 1065.7143
v 2206.1602 2108.6343 1060.7143
v 2203.6858 2107.2058 1060.7143
v 2202.4487 2106.4915 1059.2857
g C
usemtl C
f 12 10 29
f 46 63 44
f 12 11 10
f 46 44 45
f 33 7 1
f 67 35 41
f 26 12 29
f 60 63 46
f 28 26 29
f 62 63 60
f 26 28 27
f 60 61 62
f 20 17 12
f 54 46 51
f 34 33 1
f 68 35 67
f 10 9 29
f 44 63 43
f 9 30 29
f 43 63 64
f 30 9 7
f 64 41 43
f 30 33 31
f 64 65 67
f 30 7 33
f 64 67 41
f 7 5 1
f 41 35 39
f 23 20 12
f 57 46 54
f 26 23 12
f 60 46 57
f 17 14 12
f 51 46 48
f 33 32 31
f 67 65 66
f 9 8 7
f 43 41 42
f 3 2 1
f 37 35 36
f 5 3 1
f 39 35 37
f 3 5 4
f 37 38 39
f 14 13 12
f 48 46 47
f 6 5 7
f 40 41 39
f 19 17 20
f 53 54 51
f 17 19 18
f 51 52 53
f 25 23 26
f 59 60 57
f 23 25 24
f 57 58 59
f 23 22 21
f 57 55 56
f 20 23 21
f 54 55 57
f 16 14 17
f 50 51 48
f 14 16 15
f 48 49 50
f 69 70 104
f 69 104 103
f 70 71 105
f 70 105 104
f 71 72 106
f 71 106 105
f 72 73 107
f 72 107 106
f 73 74 108
f 73 108 107
f 74 75 109
f 74 109 108
f 75 76 110
f 75 110 109
f 76 77 111
f 76 111 110
f 77 78 112
f 77 112 111
f 78 79 113
f 78 113 112
f 79 80 114
f 79 114 113
f 80 81 115
f 80 115 114
f 81 82 116
f 81 116 115
f 82 83 117
f 82 117 116
f 83 84 118
f 83 118 117
f 84 85 119
f 84 119 118
f 85 86 120
f 85 120 119
f 86 87 121
f 86 121 120
f 87 88 122
f 87 122 121
f 88 89 123
f 88 123 122
f 89 90 124
f 89 124 123
f 90 91 125
f 90 125 124
f 91 92 126
f 91 126 125
f 92 93 127
f 92 127 126
f 93 94 128
f 93 128 127
f 94 95 129
f 94 129 128
f 95 96 130
f 95 130 129
f 96 97 131
f 96 131 130
f 97 98 132
f 97 132 131
f 98 99 133
f 98 133 132
f 99 100 134
f 99 134 133
f 100 101 135
f 100 135 134
f 101 102 136
f 101 136 135
f 102 69 103
f 102 103 136
f 165 167 166
f 200 201 202
f 138 170 168
f 173 203 205
f 151 139 138
f 186 173 174
f 170 137 171
f 205 206 172
f 137 170 138
f 172 173 205
f 170 169 168
f 205 203 204
f 153 151 138
f 188 173 186
f 156 167 165
f 191 200 202
f 168 156 154
f 203 189 191
f 167 156 168
f 202 203 191
f 151 141 139
f 186 174 176
f 139 141 140
f 174 175 176
f 160 162 161
f 195 196 197
f 153 152 151
f 188 186 187
f 149 144 151
f 184 186 179
f 144 141 151
f 179 186 176
f 163 162 160
f 198 195 197
f 163 156 165
f 198 200 191
f 163 165 164
f 198 199 200
f 150 149 151
f 185 186 184
f 147 144 149
f 182 184 179
f 147 149 148
f 182 183 184
f 158 160 159
f 193 194 195
f 158 163 160
f 193 195 198
f 163 158 156
f 198 191 193
f 158 157 156
f 193 191 192
f 156 155 154
f 191 189 190
f 153 138 168
f 188 203 173
f 153 168 154
f 188 189 203
f 141 144 142
f 176 177 179
f 144 143 142
f 179 177 178
f 144 147 145
f 179 180 182
f 147 146 145
f 182 180 181
f 207 208 243
f 207 243 242
f 208 209 244
f 208 244 243
f 209 210 245
f 209 245 244
f 210 211 246
f 210 246 245
f 211 212 247
f 211 247 246
f 212 213 248
f 212 248 247
f 213 214 249
f 213 249 248
f 214 215 250
f 214 250 249
f 215 216 251
f 215 251 250
f 216 217 252
f 216 252 251
f 217 218 253
f 217 253 252
f 218 219 254
f 218 254 253
f 219 220 255
f 219 255 254
f 220 221 256
f 220 256 255
f 221 222 257
f 221 257 256
f 222 223 258
f 222 258 257
f 223 224 259
f 223 259 258
f 224 225 260
f 224 260 259
f 225 226 261
f 225 261 260
f 226 227 262
f 226 262 261
f 227 228 263
f 227 263 262
f 228 229 264
f 228 264 263
f 229 230 265
f 229 265 264
f 230 231 266
f 230 266 265
f 231 232 267
f 231 267 266
f 232 233 268
f 232 268 267
f 233 234 269
f 233 269 268
f 234 235 270
f 234 270 269
f 235 236 271
f 235 271 270
f 236 237 272
f 236 272 271
f 237 238 273
f 237 273 272
f 238 239 274
f 238 274 273
f 239 240 275
f 239 275 274
f 240 241 276
f 240 276 275
f 241 207 242
f 241 242 276
f 679 681 680
f 717 718 719
f 671 669 677
f 709 715 707
f 674 671 677
f 712 715 709
f 671 670 669
f 709 707 708
f 669 678 677
f 707 715 716
f 679 678 681
f 717 719 716
f 681 678 682
f 719 720 716
f 674 676 675
f 712 713 714
f 676 674 677
f 714 715 712
f 687 678 669
f 725 707 716
f 687 669 706
f 725 744 707
f 701 691 690
f 739 728 729
f 690 688 706
f 728 744 726
f 688 687 706
f 726 744 725
f 702 701 690
f 740 728 739
f 701 692 691
f 739 729 730
f 689 688 690
f 727 728 726
f 687 684 683
f 725 721 722
f 686 684 687
f 724 725 722
f 705 690 706
f 743 744 728
f 705 702 690
f 743 728 740
f 703 705 704
f 741 742 743
f 705 703 702
f 743 740 741
f 698 700 699
f 736 737 738
f 700 698 701
f 738 739 736
f 695 692 701
f 733 739 730
f 698 695 701
f 736 739 733
f 685 684 686
f 723 724 722
f 673 671 674
f 711 712 709
f 671 673 672
f 709 710 711
f 678 687 682
f 716 720 725
f 687 683 682
f 725 720 721
f 692 695 693
f 730 731 733
f 693 695 694
f 731 732 733
f 695 698 697
f 733 735 736
f 695 697 696
f 733 734 735
f 745 746 784
f 745 784 783
f 746 747 785
f 746 785 784
f 747 748 786
f 747 786 785
f 748 749 787
f 748 787 786
f 749 750 788
f 749 788 787
f 750 751 789
f 750 789 788
f 751 752 790
f 751 790 789
f 752 753 791
f 752 791 790
f 753 754 792
f 753 792 791
f 754 755 793
f 754 793 792
f 755 756 794
f 755 794 793
f 756 757 795
f 756 795 794
f 757 758 796
f 757 796 795
f 758 759 797
f 758 797 796
f 759 760 798
f 759 798 797
f 760 761 799
f 760 799 798
f 761 762 800
f 761 800 799
f 762 763 801
f 762 801 800
f 763 764 802
f 763 802 801
f 764 765 803
f 764 803 802
f 765 766 804
f 765 804 803
f 766 767 805
f 766 805 804
f 767 768 806
f 767 806 805
f 768 769 807
f 768 807 806
f 769 770 808
f 769 808 807
f 770 771 809
f 770 809 808
f 771 772 810
f 771 810 809
f 772 773 811
f 772 811 810
f 773 774 812
f 773 812 811
f 774 775 813
f 774 813 812
f 775 776 814
f 775 814 813
f 776 777 815
f 776 815 814
f 777 778 816
f 777 816 815
f 778 779 817
f 778 817 816
f 779 780 818
f 779 818 817
f 780 781 819
f 780 819 818
f 781 782 820
f 781 820 819
f 782 745 783
f 782 783 820
f 904 821 905
f 989 990 906
f 899 829 900
f 984 985 914
f 829 901 900
f 914 985 986
f 901 829 904
f 986 989 914
f 829 823 904
f 914 989 908
f 821 823 822
f 906 907 908
f 904 823 821
f 989 906 908
f 885 897 896
f 970 981 982
f 892 891 890
f 977 975 976
f 892 890 895
f 977 980 975
f 890 888 895
f 975 980 973
f 895 888 896
f 980 981 973
f 888 885 896
f 973 981 970
f 885 888 887
f 970 972 973
f 899 830 829
f 984 914 915
f 898 830 899
f 983 984 915
f 830 898 832
f 915 917 983
f 885 835 897
f 970 982 920
f 835 885 837
f 920 922 970
f 826 823 829
f 911 914 908
f 886 885 887
f 971 972 970
f 871 856 854
f 956 939 941
f 871 862 859
f 956 944 947
f 865 871 868
f 950 953 956
f 871 865 862
f 956 947 950
f 856 871 859
f 941 944 956
f 889 888 890
f 974 975 973
f 835 834 897
f 920 982 919
f 834 898 897
f 919 982 983
f 898 834 832
f 983 917 919
f 836 835 837
f 921 922 920
f 880 879 878
f 965 963 964
f 885 884 837
f 970 922 969
f 872 871 854
f 957 939 956
f 868 870 869
f 953 954 955
f 871 870 868
f 956 953 955
f 877 851 878
f 962 963 936
f 856 855 854
f 941 939 940
f 834 833 832
f 919 917 918
f 828 826 829
f 913 914 911
f 841 840 839
f 926 924 925
f 842 841 839
f 927 924 926
f 844 843 845
f 929 930 928
f 843 842 845
f 928 930 927
f 837 883 838
f 922 923 968
f 884 883 837
f 969 922 968
f 838 883 839
f 923 924 968
f 883 842 839
f 968 924 927
f 842 883 881
f 927 966 968
f 852 872 854
f 937 939 957
f 853 852 854
f 938 939 937
f 851 849 878
f 936 963 934
f 849 880 878
f 934 963 965
f 831 830 832
f 916 917 915
f 828 827 826
f 913 911 912
f 883 882 881
f 968 966 967
f 872 875 873
f 957 958 960
f 852 875 872
f 937 957 960
f 877 875 851
f 962 936 960
f 875 852 851
f 960 936 937
f 875 874 873
f 960 958 959
f 850 849 851
f 935 936 934
f 847 846 845
f 932 930 931
f 880 847 881
f 965 966 932
f 849 847 880
f 934 965 932
f 848 847 849
f 933 934 932
f 842 847 845
f 927 930 932
f 847 842 881
f 932 966 927
f 876 875 877
f 961 962 960
f 903 901 904
f 988 989 986
f 901 903 902
f 986 987 988
f 859 862 860
f 944 945 947
f 862 861 860
f 947 945 946
f 865 868 867
f 950 952 953
f 866 865 867
f 951 952 950
f 865 864 863
f 950 948 949
f 862 865 863
f 947 948 950
f 892 895 894
f 977 979 980
f 892 894 893
f 977 978 979
f 856 858 857
f 941 942 943
f 858 856 859
f 943 944 941
f 824 826 825
f 909 910 911
f 826 824 823
f 911 908 909
f 991 992 1077
f 991 1077 1076
f 992 993 1078
f 992 1078 1077
f 993 994 1079
f 993 1079 1078
f 994 995 1080
f 994 1080 1079
f 995 996 1081
f 995 1081 1080
f 996 997 1082
f 996 1082 1081
f 997 998 1083
f 997 1083 1082
f 998 999 1084
f 998 1084 1083
f 999 1000 1085
f 999 1085 1084
f 1000 1001 1086
f 1000 1086 1085
f 1001 1002 1087
f 1001 1087 1086
f 1002 1003 1088
f 1002 1088 1087
f 1003 1004 1089
f 1003 1089 1088
f 1004 1005 1090
f 1004 1090 1089
f 1005 1006 1091
f 1005 1091 1090
f 1006 1007 1092
f 1006 1092 1091
f 1007 1008 1093
f 1007 1093 1092
f 1008 1009 1094
f 1008 1094 1093
f 1009 1010 1095
f 1009 1095 1094
f 1010 1011 1096
f 1010 1096 1095
f 1011 1012 1097
f 1011 1097 1096
f 1012 1013 1098
f 1012 1098 1097
f 1013 1014 1099
f 1013 1099 1098
f 1014 1015 1100
f 1014 1100 1099
f 1015 1016 1101
f 1015 1101 1100
f 1016 1017 1102
f 1016 1102 1101
f 1017 1018 1103
f 1017 1103 1102
f 1018 1019 1104
f 1018 1104 1103
f 1019 1020 1105
f 1019 1105 1104
f 1020 1021 1106
f 1020 1106 1105
f 1021 1022 1107
f 1021 1107 1106
f 1022 1023 1108
f 1022 1108 1107
f 1023 1024 1109
f 1023 1109 1108
f 1024 1025 1110
f 1024 1110 1109
f 1025 1026 1111
f 1025 1111 1110
f 1026 1027 1112
f 1026 1112 1111
f 1027 1028 1113
f 1027 1113 1112
f 1028 1029 1114
f 1028 1114 1113
f 1029 1030 1115
f 1029 1115 1114
f 1030 1031 1116
f 1030 1116 1115
f 1031 1032 1117
f 1031 1117 1116
f 1032 1033 1118
f 1032 1118 1117
f 1033 1034 1119
f 1033 1119 1118
f 1034 1035 1120
f 1034 1120 1119
f 1035 1036 1121
f 1035 1121 1120
f 1036 1037 1122
f 1036 1122 1121
f 1037 1038 1123
f 1037 1123 1122
f 1038 1039 1124
f 1038 1124 1123
f 1039 1040 1125
f 1039 1125 1124
f 1040 1041 1126
f 1040 1126 1125
f 1041 1042 1127
f 1041 1127 1126
f 1042 1043 1128
f 1042 1128 1127
f 1043 1044 1129
f 1043 1129 1128
f 1044 1045 1130
f 1044 1130 1129
f 1045 1046 1131
f 1045 1131 1130
f 1046 1047 1132
f 1046 1132 1131
f 1047 1048 1133
f 1047 1133 1132
f 1048 1049 1134
f 1048 1134 1133
f 1049 1050 1135
f 1049 1135 1134
f 1050 1051 1136
f 1050 1136 1135
f 1051 1052 1137
f 1051 1137 1136
f 1052 1053 1138
f 1052 1138 1137
f 1053 1054 1139
f 1053 1139 1138
f 1054 1055 1140
f 1054 1140 1139
f 1055 1056 1141
f 1055 1141 1140
f 1056 1057 1142
f 1056 1142 1141
f 1057 1058 1143
f 1057 1143 1142
f 1058 1059 1144
f 1058 1144 1143
f 1059 1060 1145
f 1059 1145 1144
f 1060 1061 1146
f 1060 1146 1145
f 1061 1062 1147
f 1061 1147 1146
f 1062 1063 1148
f 1062 1148 1147
f 1063 1064 1149
f 1063 1149 1148
f 1064 1065 1150
f 1064 1150 1149
f 1065 1066 1151
f 1065 1151 1150
f 1066 1067 1152
f 1066 1152 1151
f 1067 1068 1153
f 1067 1153 1152
f 1068 1069 1154
f 1068 1154 1153
f 1069 1070 1155
f 1069 1155 1154
f 1070 1071 1156
f 1070 1156 1155
f 1071 1072 1157
f 1071 1157 1156
f 1072 1073 1158
f 1072 1158 1157
f 1073 1074 1159
f 1073 1159 1158
f 1074 1075 1160
f 1074 1160 1159
f 1075 991 1076
f 1075 1076 1160
f 1178 1167 1164
f 1207 1193 1196
f 1163 1178 1164
f 1192 1193 1207
f 1163 1162 1161
f 1192 1190 1191
f 1167 1166 1164
f 1196 1193 1195
f 1176 1167 1178
f 1205 1207 1196
f 1189 1163 1161
f 1218 1190 1192
f 1179 1189 1188
f 1208 1217 1218
f 1163 1179 1178
f 1192 1207 1208
f 1189 1179 1163
f 1218 1192 1208
f 1179 1188 1185
f 1208 1214 1217
f 1166 1165 1164
f 1195 1193 1194
f 1176 1174 1167
f 1205 1196 1203
f 1174 1169 1167
f 1203 1196 1198
f 1182 1181 1180
f 1211 1209 1210
f 1179 1182 1180
f 1208 1209 1211
f 1182 1179 1185
f 1211 1214 1208
f 1169 1168 1167
f 1198 1196 1197
f 1175 1174 1176
f 1204 1205 1203
f 1174 1171 1169
f 1203 1198 1200
f 1169 1171 1170
f 1198 1199 1200
f 1177 1176 1178
f 1206 1207 1205
f 1188 1186 1185
f 1217 1214 1215
f 1186 1188 1187
f 1215 1216 1217
f 1182 1185 1184
f 1211 1213 1214
f 1182 1184 1183
f 1211 1212 1213
f 1171 1174 1173
f 1200 1202 1203
f 1172 1171 1173
f 1201 1202 1200
f 1219 1220 1249
f 1219 1249 1248
f 1220 1221 1250
f 1220 1250 1249
f 1221 1222 1251
f 1221 1251 1250
f 1222 1223 1252
f 1222 1252 1251
f 1223 1224 1253
f 1223 1253 1252
f 1224 1225 1254
f 1224 1254 1253
f 1225 1226 1255
f 1225 1255 1254
f 1226 1227 1256
f 1226 1256 1255
f 1227 1228 1257
f 1227 1257 1256
f 1228 1229 1258
f 1228 1258 1257
f 1229 1230 1259
f 1229 1259 1258
f 1230 1231 1260
f 1230 1260 1259
f 1231 1232 1261
f 1231 1261 1260
f 1232 1233 1262
f 1232 1262 1261
f 1233 1234 1263
f 1233 1263 1262
f 1234 1235 1264
f 1234 1264 1263
f 1235 1236 1265
f 1235 1265 1264
f 1236 1237 1266
f 1236 1266 1265
f 1237 1238 1267
f 1237 1267 1266
f 1238 1239 1268
f 1238 1268 1267
f 1239 1240 1269
f 1239 1269 1268
f 1240 1241 1270
f 1240 1270 1269
f 1241 1242 1271
f 1241 1271 1270
f 1242 1243 1272
f 1242 1272 1271
f 1243 1244 1273
f 1243 1273 1272
f 1244 1245 1274
f 1244 1274 1273
f 1245 1246 1275
f 1245 1275 1274
f 1246 1247 1276
f 1246 1276 1275
f 1247 1219 1248
f 1247 1248 1276
f 2117 2148 2147
f 2162 2192 2193
f 2115 2109 2153
f 2160 2198 2154
f 2115 2113 2109
f 2160 2154 2158
f 2118 2117 2147
f 2163 2192 2162
f 2138 2125 2124
f 2183 2169 2170
f 2152 2115 2153
f 2197 2198 2160
f 2115 2152 2117
f 2160 2162 2197
f 2115 2114 2113
f 2160 2158 2159
f 2111 2110 2109
f 2156 2154 2155
f 2113 2111 2109
f 2158 2154 2156
f 2111 2113 2112
f 2156 2157 2158
f 2125 2127 2126
f 2170 2171 2172
f 2127 2129 2128
f 2172 2173 2174
f 2127 2132 2129
f 2172 2174 2177
f 2132 2127 2125
f 2177 2170 2172
f 2149 2148 2117
f 2194 2162 2193
f 2152 2149 2117
f 2197 2162 2194
f 2116 2115 2117
f 2161 2162 2160
f 2122 2138 2124
f 2167 2169 2183
f 2146 2143 2118
f 2191 2163 2188
f 2146 2118 2147
f 2191 2192 2163
f 2135 2132 2125
f 2180 2170 2177
f 2135 2125 2138
f 2180 2183 2170
f 2137 2135 2138
f 2182 2183 2180
f 2135 2137 2136
f 2180 2181 2182
f 2123 2122 2124
f 2168 2169 2167
f 2146 2144 2143
f 2191 2188 2189
f 2122 2121 2120
f 2167 2165 2166
f 2145 2144 2146
f 2190 2191 2189
f 2122 2139 2138
f 2167 2183 2184
f 2139 2122 2120
f 2184 2165 2167
f 2119 2139 2120
f 2164 2165 2184
f 2139 2119 2140
f 2184 2185 2164
f 2143 2142 2118
f 2188 2163 2187
f 2142 2141 2140
f 2187 2185 2186
f 2142 2119 2118
f 2187 2163 2164
f 2119 2142 2140
f 2164 2185 2187
f 2129 2132 2130
f 2174 2175 2177
f 2130 2132 2131
f 2175 2176 2177
f 2149 2151 2150
f 2194 2195 2196
f 2151 2149 2152
f 2196 2197 2194
f 2135 2134 2133
f 2180 2178 2179
f 2132 2135 2133
f 2177 2178 2180
f 2199 2200 2245
f 2199 2245 2244
f 2200 2201 2246
f 2200 2246 2245
f 2201 2202 2247
f 2201 2247 2246
f 2202 2203 2248
f 2202 2248 2247
f 2203 2204 2249
f 2203 2249 2248
f 2204 2205 2250
f 2204 2250 2249
f 2205 2206 2251
f 2205 2251 2250
f 2206 2207 2252
f 2206 2252 2251
f 2207 2208 2253
f 2207 2253 2252
f 2208 2209 2254
f 2208 2254 2253
f 2209 2210 2255
f 2209 2255 2254
f 2210 2211 2256
f 2210 2256 2255
f 2211 2212 2257
f 2211 2257 2256
f 2212 2213 2258
f 2212 2258 2257
f 2213 2214 2259
f 2213 2259 2258
f 2214 2215 2260
f 2214 2260 2259
f 2215 2216 2261
f 2215 2261 2260
f 2216 2217 2262
f 2216 2262 2261
f 2217 2218 2263
f 2217 2263 2262
f 2218 2219 2264
f 2218 2264 2263
f 2219 2220 2265
f 2219 2265 2264
f 2220 2221 2266
f 2220 2266 2265
f 2221 2222 2267
f 2221 2267 2266
f 2222 2223 2268
f 2222 2268 2267
f 2223 2224 2269
f 2223 2269 2268
f 2224 2225 2270
f 2224 2270 2269
f 2225 2226 2271
f 2225 2271 2270
f 2226 2227 2272
f 2226 2272 2271
f 2227 2228 2273
f 2227 2273 2272
f 2228 2229 2274
f 2228 2274 2273
f 2229 2230 2275
f 2229 2275 2274
f 2230 2231 2276
f 2230 2276 2275
f 2231 2232 2277
f 2231 2277 2276
f 2232 2233 2278
f 2232 2278 2277
f 2233 2234 2279
f 2233 2279 2278
f 2234 2235 2280
f 2234 2280 2279
f 2235 2236 2281
f 2235 2281 2280
f 2236 2237 2282
f 2236 2282 2281
f 2237 2238 2283
f 2237 2283 2282
f 2238 2239 2284
f 2238 2284 2283
f 2239 2240 2285
f 2239 2285 2284
f 2240 2241 2286
f 2240 2286 2285
f 2241 2242 2287
f 2241 2287 2286
f 2242 2243 2288
f 2242 2288 2287
f 2243 2199 2244
f 2243 2244 2288
f 2291 2290 2289
f 2343 2341 2342
f 2340 2291 2289
f 2392 2341 2343
f 2328 2307 2292
f 2380 2344 2359
f 2307 2293 2292
f 2359 2344 2345
f 2303 2294 2293
f 2355 2345 2346
f 2303 2297 2294
f 2355 2346 2349
f 2329 2328 2292
f 2381 2344 2380
f 2291 2329 2292
f 2343 2344 2381
f 2340 2329 2291
f 2392 2343 2381
f 2339 2329 2340
f 2391 2392 2381
f 2303 2300 2297
f 2355 2349 2352
f 2337 2339 2338
f 2389 2390 2391
f 2337 2336 2339
f 2389 2391 2388
f 2331 2329 2339
f 2383 2391 2381
f 2336 2331 2339
f 2388 2391 2383
f 2300 2302 2301
f 2352 2353 2354
f 2302 2300 2303
f 2354 2355 2352
f 2307 2304 2293
f 2359 2345 2356
f 2304 2303 2293
f 2356 2345 2355
f 2308 2307 2328
f 2360 2380 2359
f 2310 2323 2311
f 2362 2363 2375
f 2321 2323 2322
f 2373 2374 2375
f 2335 2334 2336
f 2387 2388 2386
f 2334 2331 2336
f 2386 2388 2383
f 2331 2330 2329
f 2383 2381 2382
f 2326 2308 2328
f 2378 2380 2360
f 2308 2326 2310
f 2360 2362 2378
f 2309 2308 2310
f 2361 2362 2360
f 2312 2323 2321
f 2364 2373 2375
f 2323 2312 2311
f 2375 2363 2364
f 2332 2334 2333
f 2384 2385 2386
f 2334 2332 2331
f 2386 2383 2384
f 2327 2326 2328
f 2379 2380 2378
f 2325 2323 2310
f 2377 2362 2375
f 2326 2325 2310
f 2378 2362 2377
f 2325 2324 2323
f 2377 2375 2376
f 2297 2295 2294
f 2349 2346 2347
f 2295 2297 2296
f 2347 2348 2349
f 2300 2299 2298
f 2352 2350 2351
f 2297 2300 2298
f 2349 2350 2352
f 2318 2317 2315
f 2370 2367 2369
f 2315 2317 2316
f 2367 2368 2369
f 2305 2304 2306
f 2357 2358 2356
f 2304 2307 2306
f 2356 2358 2359
f 2321 2319 2318
f 2373 2370 2371
f 2319 2321 2320
f 2371 2372 2373
f 2312 2318 2315
f 2364 2367 2370
f 2312 2321 2318
f 2364 2370 2373
f 2312 2315 2314
f 2364 2366 2367
f 2313 2312 2314
f 2365 2366 2364
f 2393 2394 2446
f 2393 2446 2445
f 2394 2395 2447
f 2394 2447 2446
f 2395 2396 2448
f 2395 2448 2447
f 2396 2397 2449
f 2396 2449 2448
f 2397 2398 2450
f 2397 2450 2449
f 2398 2399 2451
f 2398 2451 2450
f 2399 2400 2452
f 2399 2452 2451
f 2400 2401 2453
f 2400 2453 2452
f 2401 2402 2454
f 2401 2454 2453
f 2402 2403 2455
f 2402 2455 2454
f 2403 2404 2456
f 2403 2456 2455
f 2404 2405 2457
f 2404 2457 2456
f 2405 2406 2458
f 2405 2458 2457
f 2406 2407 2459
f 2406 2459 2458
f 2407 2408 2460
f 2407 2460 2459
f 2408 2409 2461
f 2408 2461 2460
f 2409 2410 2462
f 2409 2462 2461
f 2410 2411 2463
f 2410 2463 2462
f 2411 2412 2464
f 2411 2464 2463
f 2412 2413 2465
f 2412 2465 2464
f 2413 2414 2466
f 2413 2466 2465
f 2414 2415 2467
f 2414 2467 2466
f 2415 2416 2468
f 2415 2468 2467
f 2416 2417 2469
f 2416 2469 2468
f 2417 2418 2470
f 2417 2470 2469
f 2418 2419 2471
f 2418 2471 2470
f 2419 2420 2472
f 2419 2472 2471
f 2420 2421 2473
f 2420 2473 2472
f 2421 2422 2474
f 2421 2474 2473
f 2422 2423 2475
f 2422 2475 2474
f 2423 2424 2476
f 2423 2476 2475
f 2424 2425 2477
f 2424 2477 2476
f 2425 2426 2478
f 2425 2478 2477
f 2426 2427 2479
f 2426 2479 2478
f 2427 2428 2480
f 2427 2480 2479
f 2428 2429 2481
f 2428 2481 2480
f 2429 2430 2482
f 2429 2482 2481
f 2430 2431 2483
f 2430 2483 2482
f 2431 2432 2484
f 2431 2484 2483
f 2432 2433 2485
f 2432 2485 2484
f 2433 2434 2486
f 2433 2486 2485
f 2434 2435 2487
f 2434 2487 2486
f 2435 2436 2488
f 2435 2488 2487
f 2436 2437 2489
f 2436 2489 2488
f 2437 2438 2490
f 2437 2490 2489
f 2438 2439 2491
f 2438 2491 2490
f 2439 2440 2492
f 2439 2492 2491
f 2440 2441 2493
f 2440 2493 2492
f 2441 2442 2494
f 2441 2494 2493
f 2442 2443 2495
f 2442 2495 2494
f 2443 2444 2496
f 2443 2496 2495
f 2444 2393 2445
f 2444 2445 2496
f 3625 3624 3623
f 3712 3710 3711
f 3627 3625 3623
f 3714 3710 3712
f 3626 3625 3627
f 3713 3714 3712
f 3647 3606 3605
f 3734 3692 3693
f 3604 3603 3602
f 3691 3689 3690
f 3662 3588 3587
f 3749 3674 3675
f 3662 3594 3588
f 3749 3675 3681
f 3649 3647 3605
f 3736 3692 3734
f 3604 3649 3605
f 3691 3692 3736
f 3593 3592 3594
f 3680 3681 3679
f 3601 3604 3602
f 3688 3689 3691
f 3601 3600 3650
f 3688 3737 3687
f 3649 3601 3650
f 3736 3737 3688
f 3601 3649 3604
f 3688 3691 3736
f 3664 3662 3587
f 3751 3674 3749
f 3647 3614 3606
f 3734 3693 3701
f 3629 3627 3623
f 3716 3710 3714
f 3629 3628 3627
f 3716 3714 3715
f 3649 3648 3647
f 3736 3734 3735
f 3594 3589 3588
f 3681 3675 3676
f 3592 3589 3594
f 3679 3681 3676
f 3664 3666 3665
f 3751 3752 3753
f 3586 3664 3587
f 3673 3674 3751
f 3586 3585 3671
f 3673 3758 3672
f 3670 3586 3671
f 3757 3758 3673
f 3586 3670 3664
f 3673 3751 3757
f 3664 3663 3662
f 3751 3749 3750
f 3612 3614 3613
f 3699 3700 3701
f 3615 3614 3616
f 3702 3703 3701
f 3646 3645 3647
f 3733 3734 3732
f 3645 3614 3647
f 3732 3734 3701
f 3614 3645 3616
f 3701 3703 3732
f 3597 3652 3600
f 3684 3687 3739
f 3600 3652 3650
f 3687 3737 3739
f 3652 3654 3653
f 3739 3740 3741
f 3669 3666 3664
f 3756 3751 3753
f 3670 3669 3664
f 3757 3751 3756
f 3611 3610 3612
f 3698 3699 3697
f 3614 3607 3606
f 3701 3693 3694
f 3612 3607 3614
f 3699 3701 3694
f 3610 3607 3612
f 3697 3699 3694
f 3657 3659 3658
f 3744 3745 3746
f 3659 3657 3654
f 3746 3741 3744
f 3652 3659 3654
f 3739 3741 3746
f 3652 3651 3650
f 3739 3737 3738
f 3631 3630 3629
f 3718 3716 3717
f 3596 3652 3597
f 3683 3684 3739
f 3596 3659 3652
f 3683 3739 3746
f 3596 3595 3594
f 3683 3681 3682
f 3644 3643 3645
f 3731 3732 3730
f 3596 3661 3659
f 3683 3746 3748
f 3661 3660 3659
f 3748 3746 3747
f 3662 3661 3594
f 3749 3681 3748
f 3661 3596 3594
f 3748 3681 3683
f 3636 3634 3631
f 3723 3718 3721
f 3634 3636 3635
f 3721 3722 3723
f 3618 3617 3616
f 3705 3703 3704
f 3621 3629 3623
f 3708 3710 3716
f 3622 3621 3623
f 3709 3710 3708
f 3636 3638 3637
f 3723 3724 3725
f 3638 3636 3631
f 3725 3718 3723
f 3638 3631 3629
f 3725 3716 3718
f 3619 3621 3620
f 3706 3707 3708
f 3638 3640 3639
f 3725 3726 3727
f 3621 3640 3629
f 3708 3716 3727
f 3640 3638 3629
f 3727 3716 3725
f 3641 3640 3642
f 3728 3729 3727
f 3599 3597 3600
f 3686 3687 3684
f 3597 3599 3598
f 3684 3685 3686
f 3589 3592 3591
f 3676 3678 3679
f 3589 3591 3590
f 3676 3677 3678
f 3657 3655 3654
f 3744 3741 3742
f 3655 3657 3656
f 3742 3743 3744
f 3666 3669 3667
f 3753 3754 3756
f 3667 3669 3668
f 3754 3755 3756
f 3609 3607 3610
f 3696 3697 3694
f 3607 3609 3608
f 3694 3695 3696
f 3631 3634 3632
f 3718 3719 3721
f 3632 3634 3633
f 3719 3720 3721
f 3643 3618 3645
f 3730 3732 3705
f 3645 3618 3616
f 3732 3703 3705
f 3619 3618 3643
f 3706 3730 3705
f 3642 3619 3643
f 3729 3730 3706
f 3640 3619 3642
f 3727 3729 3706
f 3619 3640 3621
f 3706 3708 3727
f 3759 3760 3847
f 3759 3847 3846
f 3760 3761 3848
f 3760 3848 3847
f 3761 3762 3849
f 3761 3849 3848
f 3762 3763 3850
f 3762 3850 3849
f 3763 3764 3851
f 3763 3851 3850
f 3764 3765 3852
f 3764 3852 3851
f 3765 3766 3853
f 3765 3853 3852
f 3766 3767 3854
f 3766 3854 3853
f 3767 3768 3855
f 3767 3855 3854
f 3768 3769 3856
f 3768 3856 3855
f 3769 3770 3857
f 3769 3857 3856
f 3770 3771 3858
f 3770 3858 3857
f 3771 3772 3859
f 3771 3859 3858
f 3772 3773 3860
f 3772 3860 3859
f 3773 3774 3861
f 3773 3861 3860
f 3774 3775 3862
f 3774 3862 3861
f 3775 3776 3863
f 3775 3863 3862
f 3776 3777 3864
f 3776 3864 3863
f 3777 3778 3865
f 3777 3865 3864
f 3778 3779 3866
f 3778 3866 3865
f 3779 3780 3867
f 3779 3867 3866
f 3780 3781 3868
f 3780 3868 3867
f 3781 3782 3869
f 3781 3869 3868
f 3782 3783 3870
f 3782 3870 3869
f 3783 3784 3871
f 3783 3871 3870
f 3784 3785 3872
f 3784 3872 3871
f 3785 3786 3873
f 3785 3873 3872
f 3786 3787 3874
f 3786 3874 3873
f 3787 3788 3875
f 3787 3875 3874
f 3788 3789 3876
f 3788 3876 3875
f 3789 3790 3877
f 3789 3877 3876
f 3790 3791 3878
f 3790 3878 3877
f 3791 3792 3879
f 3791 3879 3878
f 3792 3793 3880
f 3792 3880 3879
f 3793 3794 3881
f 3793 3881 3880
f 3794 3795 3882
f 3794 3882 3881
f 3795 3796 3883
f 3795 3883 3882
f 3796 3797 3884
f 3796 3884 3883
f 3797 3798 3885
f 3797 3885 3884
f 3798 3799 3886
f 3798 3886 3885
f 3799 3800 3887
f 3799 3887 3886
f 3800 3801 3888
f 3800 3888 3887
f 3801 3802 3889
f 3801 3889 3888
f 3802 3803 3890
f 3802 3890 3889
f 3803 3804 3891
f 3803 3891 3890
f 3804 3805 3892
f 3804 3892 3891
f 3805 3806 3893
f 3805 3893 3892
f 3806 3807 3894
f 3806 3894 3893
f 3807 3808 3895
f 3807 3895 3894
f 3808 3809 3896
f 3808 3896 3895
f 3809 3810 3897
f 3809 3897 3896
f 3810 3811 3898
f 3810 3898 3897
f 3811 3812 3899
f 3811 3899 3898
f 3812 3813 3900
f 3812 3900 3899
f 3813 3814 3901
f 3813 3901 3900
f 3814 3815 3902
f 3814 3902 3901
f 3815 3816 3903
f 3815 3903 3902
f 3816 3817 3904
f 3816 3904 3903
f 3817 3818 3905
f 3817 3905 3904
f 3818 3819 3906
f 3818 3906 3905
f 3819 3820 3907
f 3819 3907 3906
f 3820 3821 3908
f 3820 3908 3907
f 3821 3822 3909
f 3821 3909 3908
f 3822 3823 3910
f 3822 3910 3909
f 3823 3824 3911
f 3823 3911 3910
f 3824 3825 3912
f 3824 3912 3911
f 3825 3826 3913
f 3825 3913 3912
f 3826 3827 3914
f 3826 3914 3913
f 3827 3828 3915
f 3827 3915 3914
f 3828 3829 3916
f 3828 3916 3915
f 3829 3830 3917
f 3829 3917 3916
f 3830 3831 3918
f 3830 3918 3917
f 3831 3832 3919
f 3831 3919 3918
f 3832 3833 3920
f 3832 3920 3919
f 3833 3834 3921
f 3833 3921 3920
f 3834 3835 3922
f 3834 3922 3921
f 3835 3836 3923
f 3835 3923 3922
f 3836 3837 3924
f 3836 3924 3923
f 3837 3838 3925
f 3837 3925 3924
f 3838 3839 3926
f 3838 3926 3925
f 3839 3840 3927
f 3839 3927 3926
f 3840 3841 3928
f 3840 3928 3927
f 3841 3842 3929
f 3841 3929 3928
f 3842 3843 3930
f 3842 3930 3929
f 3843 3844 3931
f 3843 3931 3930
f 3844 3845 3932
f 3844 3932 3931
f 3845 3759 3846
f 3845 3846 3932
f 3938 3945 3944
f 3951 3957 3958
f 3936 3945 3938
f 3949 3951 3958
f 3941 3939 3938
f 3954 3951 3952
f 3941 3943 3942
f 3954 3955 3956
f 3943 3941 3944
f 3956 3957 3954
f 3941 3938 3944
f 3954 3957 3951
f 3941 3940 3939
f 3954 3952 3953
f 3937 3936 3938
f 3950 3951 3949
f 3945 3934 3933
f 3958 3946 3947
f 3934 3945 3936
f 3947 3949 3958
f 3934 3936 3935
f 3947 3948 3949
f 3959 3960 3973
f 3959 3973 3972
f 3960 3961 3974
f 3960 3974 3973
f 3961 3962 3975
f 3961 3975 3974
f 3962 3963 3976
f 3962 3976 3975
f 3963 3964 3977
f 3963 3977 3976
f 3964 3965 3978
f 3964 3978 3977
f 3965 3966 3979
f 3965 3979 3978
f 3966 3967 3980
f 3966 3980 3979
f 3967 3968 3981
f 3967 3981 3980
f 3968 3969 3982
f 3968 3982 3981
f 3969 3970 3983
f 3969 3983 3982
f 3970 3971 3984
f 3970 3984 3983
f 3971 3959 3972
f 3971 3972 3984
f 4000 3994 3993
f 4018 4011 4012
f 3992 4000 3993
f 4010 4011 4018
f 4000 4002 4001
f 4018 4019 4020
f 3986 3985 4002
f 4004 4020 4003
f 3988 3986 4002
f 4006 4020 4004
f 3986 3988 3987
f 4004 4005 4006
f 3988 3990 3989
f 4006 4007 4008
f 3990 3992 3991
f 4008 4009 4010
f 3990 3988 4002
f 4008 4020 4006
f 4000 3995 3994
f 4018 4012 4013
f 3995 3997 3996
f 4013 4014 4015
f 3997 3995 4000
f 4015 4018 4013
f 3990 4000 3992
f 4008 4010 4018
f 4000 3990 4002
f 4018 4020 4008
f 3997 4000 3999
f 4015 4017 4018
f 3997 3999 3998
f 4015 4016 4017
f 4021 4022 4040
f 4021 4040 4039
f 4022 4023 4041
f 4022 4041 4040
f 4023 4024 4042
f 4023 4042 4041
f 4024 4025 4043
f 4024 4043 4042
f 4025 4026 4044
f 4025 4044 4043
f 4026 4027 4045
f 4026 4045 4044
f 4027 4028 4046
f 4027 4046 4045
f 4028 4029 4047
f 4028 4047 4046
f 4029 4030 4048
f 4029 4048 4047
f 4030 4031 4049
f 4030 4049 4048
f 4031 4032 4050
f 4031 4050 4049
f 4032 4033 4051
f 4032 4051 4050
f 4033 4034 4052
f 4033 4052 4051
f 4034 4035 4053
f 4034 4053 4052
f 4035 4036 4054
f 4035 4054 4053
f 4036 4037 4055
f 4036 4055 4054
f 4037 4038 4056
f 4037 4056 4055
f 4038 4021 4039
f 4038 4039 4056
f 4077 4060 4059
f 4110 4092 4093
f 4058 4077 4059
f 4091 4092 4110
f 4058 4078 4077
f 4091 4110 4111
f 4089 4058 4057
f 4122 4090 4091
f 4081 4079 4078
f 4114 4111 4112
f 4081 4080 4079
f 4114 4112 4113
f 4075 4060 4077
f 4108 4110 4093
f 4075 4061 4060
f 4108 4093 4094
f 4087 4084 4078
f 4120 4111 4117
f 4084 4081 4078
f 4117 4111 4114
f 4088 4058 4089
f 4121 4122 4091
f 4058 4088 4078
f 4091 4111 4121
f 4088 4087 4078
f 4121 4111 4120
f 4064 4075 4065
f 4097 4098 4108
f 4064 4061 4075
f 4097 4108 4094
f 4076 4075 4077
f 4109 4110 4108
f 4074 4067 4066
f 4107 4099 4100
f 4075 4074 4065
f 4108 4098 4107
f 4074 4066 4065
f 4107 4098 4099
f 4070 4072 4071
f 4103 4104 4105
f 4072 4074 4073
f 4105 4106 4107
f 4074 4072 4067
f 4107 4100 4105
f 4072 4070 4067
f 4105 4100 4103
f 4081 4084 4082
f 4114 4115 4117
f 4084 4083 4082
f 4117 4115 4116
f 4084 4087 4086
f 4117 4119 4120
f 4085 4084 4086
f 4118 4119 4117
f 4064 4062 4061
f 4097 4094 4095
f 4062 4064 4063
f 4095 4096 4097
f 4070 4069 4067
f 4103 4100 4102
f 4067 4069 4068
f 4100 4101 4102
f 4123 4124 4157
f 4123 4157 4156
f 4124 4125 4158
f 4124 4158 4157
f 4125 4126 4159
f 4125 4159 4158
f 4126 4127 4160
f 4126 4160 4159
f 4127 4128 4161
f 4127 4161 4160
f 4128 4129 4162
f 4128 4162 4161
f 4129 4130 4163
f 4129 4163 4162
f 4130 4131 4164
f 4130 4164 4163
f 4131 4132 4165
f 4131 4165 4164
f 4132 4133 4166
f 4132 4166 4165
f 4133 4134 4167
f 4133 4167 4166
f 4134 4135 4168
f 4134 4168 4167
f 4135 4136 4169
f 4135 4169 4168
f 4136 4137 4170
f 4136 4170 4169
f 4137 4138 4171
f 4137 4171 4170
f 4138 4139 4172
f 4138 4172 4171
f 4139 4140 4173
f 4139 4173 4172
f 4140 4141 4174
f 4140 4174 4173
f 4141 4142 4175
f 4141 4175 4174
f 4142 4143 4176
f 4142 4176 4175
f 4143 4144 4177
f 4143 4177 4176
f 4144 4145 4178
f 4144 4178 4177
f 4145 4146 4179
f 4145 4179 4178
f 4146 4147 4180
f 4146 4180 4179
f 4147 4148 4181
f 4147 4181 4180
f 4148 4149 4182
f 4148 4182 4181
f 4149 4150 4183
f 4149 4183 4182
f 4150 4151 4184
f 4150 4184 4183
f 4151 4152 4185
f 4151 4185 4184
f 4152 4153 4186
f 4152 4186 4185
f 4153 4154 4187
f 4153 4187 4186
f 4154 4155 4188
f 4154 4188 4187
f 4155 4123 4156
f 4155 4156 4188
f 5279 5277 5261
f 5298 5280 5296
f 5277 5279 5278
f 5296 5297 5298
f 5277 5274 5261
f 5296 5280 5293
f 5268 5262 5271
f 5287 5290 5281
f 5265 5263 5268
f 5284 5287 5282
f 5268 5263 5262
f 5287 5281 5282
f 5263 5265 5264
f 5282 5283 5284
f 5262 5274 5271
f 5281 5290 5293
f 5274 5262 5261
f 5293 5280 5281
f 5276 5274 5277
f 5295 5296 5293
f 5274 5276 5275
f 5293 5294 5295
f 5274 5273 5271
f 5293 5290 5292
f 5273 5272 5271
f 5292 5290 5291
f 5265 5268 5267
f 5284 5286 5287
f 5266 5265 5267
f 5285 5286 5284
f 5270 5269 5271
f 5289 5290 5288
f 5269 5268 5271
f 5288 5290 5287
f 5299 5300 5319
f 5299 5319 5318
f 5300 5301 5320
f 5300 5320 5319
f 5301 5302 5321
f 5301 5321 5320
f 5302 5303 5322
f 5302 5322 5321
f 5303 5304 5323
f 5303 5323 5322
f 5304 5305 5324
f 5304 5324 5323
f 5305 5306 5325
f 5305 5325 5324
f 5306 5307 5326
f 5306 5326 5325
f 5307 5308 5327
f 5307 5327 5326
f 5308 5309 5328
f 5308 5328 5327
f 5309 5310 5329
f 5309 5329 5328
f 5310 5311 5330
f 5310 5330 5329
f 5311 5312 5331
f 5311 5331 5330
f 5312 5313 5332
f 5312 5332 5331
f 5313 5314 5333
f 5313 5333 5332
f 5314 5315 5334
f 5314 5334 5333
f 5315 5316 5335
f 5315 5335 5334
f 5316 5317 5336
f 5316 5336 5335
f 5317 5299 5318
f 5317 5318 5336
f 5710 5708 5707
f 5751 5748 5749
f 5708 5710 5709
f 5749 5750 5751
f 5713 5710 5707
f 5754 5748 5751
f 5736 5704 5737
f 5777 5778 5745
f 5704 5736 5733
f 5745 5774 5777
f 5704 5722 5706
f 5745 5747 5763
f 5722 5704 5733
f 5763 5774 5745
f 5716 5707 5717
f 5757 5758 5748
f 5716 5713 5707
f 5757 5748 5754
f 5707 5718 5717
f 5748 5758 5759
f 5718 5707 5706
f 5759 5747 5748
f 5734 5736 5735
f 5775 5776 5777
f 5736 5734 5733
f 5777 5774 5775
f 5705 5704 5706
f 5746 5747 5745
f 5703 5697 5737
f 5744 5778 5738
f 5704 5703 5737
f 5745 5778 5744
f 5722 5719 5706
f 5763 5747 5760
f 5719 5718 5706
f 5760 5747 5759
f 5729 5731 5730
f 5770 5771 5772
f 5729 5732 5731
f 5770 5772 5773
f 5699 5698 5697
f 5740 5738 5739
f 5703 5701 5697
f 5744 5738 5742
f 5701 5699 5697
f 5742 5738 5740
f 5701 5703 5702
f 5742 5743 5744
f 5701 5700 5699
f 5742 5740 5741
f 5721 5719 5722
f 5762 5763 5760
f 5721 5720 5719
f 5762 5760 5761
f 5726 5724 5723
f 5767 5764 5765
f 5724 5726 5725
f 5765 5766 5767
f 5710 5713 5711
f 5751 5752 5754
f 5713 5712 5711
f 5754 5752 5753
f 5713 5716 5714
f 5754 5755 5757
f 5716 5715 5714
f 5757 5755 5756
f 5732 5723 5733
f 5773 5774 5764
f 5723 5722 5733
f 5764 5774 5763
f 5726 5729 5728
f 5767 5769 5770
f 5726 5728 5727
f 5767 5768 5769
f 5726 5723 5732
f 5767 5773 5764
f 5729 5726 5732
f 5770 5773 5767
f 5779 5780 5821
f 5779 5821 5820
f 5780 5781 5822
f 5780 5822 5821
f 5781 5782 5823
f 5781 5823 5822
f 5782 5783 5824
f 5782 5824 5823
f 5783 5784 5825
f 5783 5825 5824
f 5784 5785 5826
f 5784 5826 5825
f 5785 5786 5827
f 5785 5827 5826
f 5786 5787 5828
f 5786 5828 5827
f 5787 5788 5829
f 5787 5829 5828
f 5788 5789 5830
f 5788 5830 5829
f 5789 5790 5831
f 5789 5831 5830
f 5790 5791 5832
f 5790 5832 5831
f 5791 5792 5833
f 5791 5833 5832
f 5792 5793 5834
f 5792 5834 5833
f 5793 5794 5835
f 5793 5835 5834
f 5794 5795 5836
f 5794 5836 5835
f 5795 5796 5837
f 5795 5837 5836
f 5796 5797 5838
f 5796 5838 5837
f 5797 5798 5839
f 5797 5839 5838
f 5798 5799 5840
f 5798 5840 5839
f 5799 5800 5841
f 5799 5841 5840
f 5800 5801 5842
f 5800 5842 5841
f 5801 5802 5843
f 5801 5843 5842
f 5802 5803 5844
f 5802 5844 5843
f 5803 5804 5845
f 5803 5845 5844
f 5804 5805 5846
f 5804 5846 5845
f 5805 5806 5847
f 5805 5847 5846
f 5806 5807 5848
f 5806 5848 5847
f 5807 5808 5849
f 5807 5849 5848
f 5808 5809 5850
f 5808 5850 5849
f 5809 5810 5851
f 5809 5851 5850
f 5810 5811 5852
f 5810 5852 5851
f 5811 5812 5853
f 5811 5853 5852
f 5812 5813 5854
f 5812 5854 5853
f 5813 5814 5855
f 5813 5855 5854
f 5814 5815 5856
f 5814 5856 5855
f 5815 5816 5857
f 5815 5857 5856
f 5816 5817 5858
f 5816 5858 5857
f 5817 5818 5859
f 5817 5859 5858
f 5818 5819 5860
f 5818 5860 5859
f 5819 5779 5820
f 5819 5820 5860
f 5964 5961 5970
f 5983 5989 5980
f 5955 5971 5958
f 5974 5977 5990
f 5955 5954 5953
f 5974 5972 5973
f 5971 5955 5953
f 5990 5972 5974
f 5969 5964 5970
f 5988 5989 5983
f 5969 5967 5964
f 5988 5983 5986
f 5967 5969 5968
f 5986 5987 5988
f 5971 5961 5958
f 5990 5977 5980
f 5961 5971 5970
f 5980 5989 5990
f 5958 5961 5959
f 5977 5978 5980
f 5961 5960 5959
f 5980 5978 5979
f 5961 5964 5962
f 5980 5981 5983
f 5964 5963 5962
f 5983 5981 5982
f 5957 5955 5958
f 5976 5977 5974
f 5955 5957 5956
f 5974 5975 5976
f 5964 5967 5965
f 5983 5984 5986
f 5967 5966 5965
f 5986 5984 5985
f 5991 5992 6011
f 5991 6011 6010
f 5992 5993 6012
f 5992 6012 6011
f 5993 5994 6013
f 5993 6013 6012
f 5994 5995 6014
f 5994 6014 6013
f 5995 5996 6015
f 5995 6015 6014
f 5996 5997 6016
f 5996 6016 6015
f 5997 5998 6017
f 5997 6017 6016
f 5998 5999 6018
f 5998 6018 6017
f 5999 6000 6019
f 5999 6019 6018
f 6000 6001 6020
f 6000 6020 6019
f 6001 6002 6021
f 6001 6021 6020
f 6002 6003 6022
f 6002 6022 6021
f 6003 6004 6023
f 6003 6023 6022
f 6004 6005 6024
f 6004 6024 6023
f 6005 6006 6025
f 6005 6025 6024
f 6006 6007 6026
f 6006 6026 6025
f 6007 6008 6027
f 6007 6027 6026
f 6008 6009 6028
f 6008 6028 6027
f 6009 5991 6010
f 6009 6010 6028
f 6031 6030 6029
f 6059 6057 6058
f 6050 6052 6051
f 6078 6079 6080
f 6056 6048 6029
f 6084 6057 6076
f 6048 6031 6029
f 6076 6057 6059
f 6031 6048 6046
f 6059 6074 6076
f 6049 6048 6050
f 6077 6078 6076
f 6036 6034 6037
f 6064 6065 6062
f 6037 6034 6046
f 6065 6074 6062
f 6034 6031 6046
f 6062 6074 6059
f 6039 6038 6037
f 6067 6065 6066
f 6048 6055 6050
f 6076 6078 6083
f 6055 6048 6056
f 6083 6084 6076
f 6055 6052 6050
f 6083 6078 6080
f 6048 6047 6046
f 6076 6074 6075
f 6039 6041 6040
f 6067 6068 6069
f 6035 6034 6036
f 6063 6064 6062
f 6044 6041 6039
f 6072 6067 6069
f 6044 6039 6037
f 6072 6065 6067
f 6044 6037 6046
f 6072 6074 6065
f 6045 6044 6046
f 6073 6074 6072
f 6052 6055 6053
f 6080 6081 6083
f 6053 6055 6054
f 6081 6082 6083
f 6034 6033 6031
f 6062 6059 6061
f 6031 6033 6032
f 6059 6060 6061
f 6041 6044 6042
f 6069 6070 6072
f 6042 6044 6043
f 6070 6071 6072
f 6085 6086 6114
f 6085 6114 6113
f 6086 6087 6115
f 6086 6115 6114
f 6087 6088 6116
f 6087 6116 6115
f 6088 6089 6117
f 6088 6117 6116
f 6089 6090 6118
f 6089 6118 6117
f 6090 6091 6119
f 6090 6119 6118
f 6091 6092 6120
f 6091 6120 6119
f 6092 6093 6121
f 6092 6121 6120
f 6093 6094 6122
f 6093 6122 6121
f 6094 6095 6123
f 6094 6123 6122
f 6095 6096 6124
f 6095 6124 6123
f 6096 6097 6125
f 6096 6125 6124
f 6097 6098 6126
f 6097 6126 6125
f 6098 6099 6127
f 6098 6127 6126
f 6099 6100 6128
f 6099 6128 6127
f 6100 6101 6129
f 6100 6129 6128
f 6101 6102 6130
f 6101 6130 6129
f 6102 6103 6131
f 6102 6131 6130
f 6103 6104 6132
f 6103 6132 6131
f 6104 6105 6133
f 6104 6133 6132
f 6105 6106 6134
f 6105 6134 6133
f 6106 6107 6135
f 6106 6135 6134
f 6107 6108 6136
f 6107 6136 6135
f 6108 6109 6137
f 6108 6137 6136
f 6109 6110 6138
f 6109 6138 6137
f 6110 6111 6139
f 6110 6139 6138
f 6111 6112 6140
f 6111 6140 6139
f 6112 6085 6113
f 6112 6113 6140
f 7015 7014 7013
f 7178 7176 7177
f 7012 7006 6998
f 7175 7161 7169
f 7006 7012 7011
f 7169 7174 7175
f 7020 7012 6998
f 7183 7161 7175
f 6997 6996 6998
f 7160 7161 7159
f 6982 6996 6985
f 7145 7148 7159
f 6996 6981 6998
f 7159 7161 7144
f 6996 6982 6981
f 7159 7144 7145
f 6986 6996 6995
f 7149 7158 7159
f 6996 6986 6985
f 7159 7148 7149
f 7006 7008 7007
f 7169 7170 7171
f 7008 7006 7011
f 7171 7174 7169
f 7008 7010 7009
f 7171 7172 7173
f 7010 7008 7011
f 7173 7174 7171
f 6994 6992 6995
f 7157 7158 7155
f 6993 6992 6994
f 7156 7157 7155
f 7022 7024 7023
f 7185 7186 7187
f 7012 7018 7013
f 7175 7176 7181
f 7020 7018 7012
f 7183 7175 7181
f 6896 6894 6889
f 7059 7052 7057
f 6912 7042 7041
f 7075 7204 7205
f 7029 7027 7030
f 7192 7193 7190
f 7028 7027 7029
f 7191 7192 7190
f 7030 7027 7026
f 7193 7189 7190
f 6942 6940 7041
f 7105 7204 7103
f 7037 6942 7041
f 7200 7204 7105
f 7022 7021 7024
f 7185 7187 7184
f 7030 7021 6981
f 7193 7144 7184
f 7024 7021 7025
f 7187 7188 7184
f 6981 7021 6998
f 7144 7161 7184
f 7021 7020 6998
f 7184 7161 7183
f 7015 7017 7016
f 7178 7179 7180
f 7017 7015 7013
f 7180 7176 7178
f 7018 7017 7013
f 7181 7176 7180
f 7019 7018 7020
f 7182 7183 7181
f 6989 6987 6986
f 7152 7149 7150
f 6987 6989 6988
f 7150 7151 7152
f 6955 6954 7034
f 7118 7197 7117
f 6957 6955 7034
f 7120 7197 7118
f 7006 6999 6998
f 7169 7161 7162
f 6895 6894 6896
f 7058 7059 7057
f 6894 6892 6889
f 7057 7052 7055
f 6889 6892 6890
f 7052 7053 7055
f 6893 6892 6894
f 7056 7057 7055
f 6892 6891 6890
f 7055 7053 7054
f 6897 6896 6905
f 7060 7068 7059
f 6956 6955 6957
f 7119 7120 7118
f 6911 7042 6912
f 7074 7075 7205
f 6980 6979 6981
f 7143 7144 7142
f 7033 6971 6970
f 7196 7133 7134
f 6971 7033 6973
f 7134 7136 7196
f 7031 6979 6973
f 7194 7136 7142
f 7033 7031 6973
f 7196 7136 7194
f 6979 7031 6981
f 7142 7144 7194
f 7031 7030 6981
f 7194 7144 7193
f 6979 6974 6973
f 7142 7136 7137
f 6963 7033 6970
f 7126 7133 7196
f 7033 6963 7034
f 7196 7197 7126
f 6963 6957 7034
f 7126 7197 7120
f 6942 6941 6940
f 7105 7103 7104
f 7036 6942 7037
f 7199 7200 7105
f 7036 7035 7034
f 7199 7197 7198
f 6942 7036 6943
f 7105 7106 7199
f 7036 6954 6943
f 7199 7106 7117
f 6954 7036 7034
f 7117 7197 7199
f 7040 7039 7038
f 7203 7201 7202
f 7040 7038 7037
f 7203 7200 7201
f 7040 7037 7041
f 7203 7204 7200
f 7005 7004 7006
f 7168 7169 7167
f 7004 6999 7006
f 7167 7169 7162
f 6898 6897 6905
f 7061 7068 7060
f 6934 6933 6932
f 7097 7095 7096
f 6908 6889 6888
f 7071 7051 7052
f 6908 6896 6889
f 7071 7052 7059
f 6908 6888 6887
f 7071 7050 7051
f 6886 7042 6887
f 7049 7050 7205
f 6977 6974 6979
f 7140 7142 7137
f 6975 6977 6976
f 7138 7139 7140
f 6974 6977 6975
f 7137 7138 7140
f 6972 6971 6973
f 7135 7136 7134
f 7032 7031 7033
f 7195 7196 7194
f 6965 6963 6970
f 7128 7133 7126
f 6963 6958 6957
f 7126 7120 7121
f 6968 6967 6966
f 7131 7129 7130
f 6968 6965 6970
f 7131 7133 7128
f 6965 6968 6966
f 7128 7129 7131
f 6969 6968 6970
f 7132 7133 7131
f 7004 7002 6999
f 7167 7162 7165
f 7002 7004 7003
f 7165 7166 7167
f 7002 7000 6999
f 7165 7162 7163
f 7000 7002 7001
f 7163 7164 7165
f 6903 6898 6905
f 7066 7068 7061
f 6915 6939 6934
f 7078 7097 7102
f 6915 6934 6932
f 7078 7095 7097
f 6916 6915 6932
f 7079 7095 7078
f 6931 6916 6932
f 7094 7095 7079
f 6952 6950 6953
f 7115 7116 7113
f 6939 6936 6934
f 7102 7097 7099
f 6936 6938 6937
f 7099 7100 7101
f 6936 6939 6938
f 7099 7101 7102
f 6896 6906 6905
f 7059 7068 7069
f 6908 6906 6896
f 7071 7059 7069
f 6907 6906 6908
f 7070 7071 7069
f 6886 7044 7042
f 7049 7205 7207
f 6978 6977 6979
f 7141 7142 7140
f 6965 6964 6963
f 7128 7126 7127
f 6959 6961 6960
f 7122 7123 7124
f 6958 6961 6959
f 7121 7122 7124
f 6961 6963 6962
f 7124 7125 7126
f 6961 6958 6963
f 7124 7126 7121
f 6947 6945 6944
f 7110 7107 7108
f 6903 6901 6898
f 7066 7061 7064
f 6901 6903 6902
f 7064 7065 7066
f 6951 6950 6952
f 7114 7115 7113
f 6936 6935 6934
f 7099 7097 7098
f 6947 6946 6945
f 7110 7108 7109
f 6904 6903 6905
f 7067 7068 7066
f 6910 6909 6911
f 7073 7074 7072
f 6911 6909 7042
f 7074 7205 7072
f 7042 6909 6887
f 7205 7050 7072
f 6909 6908 6887
f 7072 7050 7071
f 6931 6918 6916
f 7094 7079 7081
f 6918 6917 6916
f 7081 7079 7080
f 6920 6922 6921
f 7083 7084 7085
f 6918 6920 6919
f 7081 7082 7083
f 6920 6925 6922
f 7083 7085 7088
f 6925 6920 6918
f 7088 7081 7083
f 7044 7043 7042
f 7207 7205 7206
f 7046 6885 7047
f 7209 7210 7048
f 7046 7044 6886
f 7209 7049 7207
f 6885 7046 6886
f 7048 7049 7209
f 7046 7045 7044
f 7209 7207 7208
f 6914 6913 6912
f 7077 7075 7076
f 6940 6914 7041
f 7103 7204 7077
f 6914 6912 7041
f 7077 7204 7075
f 6928 6925 6918
f 7091 7081 7088
f 6928 6918 6931
f 7091 7094 7081
f 6928 6930 6929
f 7091 7092 7093
f 6930 6928 6931
f 7093 7094 7091
f 6989 6992 6991
f 7152 7154 7155
f 6989 6991 6990
f 7152 7153 7154
f 6989 6986 6995
f 7152 7158 7149
f 6992 6989 6995
f 7155 7158 7152
f 7025 7021 7026
f 7188 7189 7184
f 7021 7030 7026
f 7184 7189 7193
f 6954 6944 6943
f 7117 7106 7107
f 6944 6954 6953
f 7107 7116 7117
f 6983 6985 6984
f 7146 7147 7148
f 6983 6982 6985
f 7146 7148 7145
f 6947 6950 6949
f 7110 7112 7113
f 6947 6949 6948
f 7110 7111 7112
f 6947 6944 6953
f 7110 7116 7107
f 6950 6947 6953
f 7113 7116 7110
f 6901 6900 6899
f 7064 7062 7063
f 6898 6901 6899
f 7061 7062 7064
f 6925 6924 6923
f 7088 7086 7087
f 6922 6925 6923
f 7085 7086 7088
f 6915 6914 6939
f 7078 7102 7077
f 6939 6914 6940
f 7102 7103 7077
f 6925 6928 6926
f 7088 7089 7091
f 6926 6928 6927
f 7089 7090 7091
f 7211 7212 7375
f 7211 7375 7374
f 7212 7213 7376
f 7212 7376 7375
f 7213 7214 7377
f 7213 7377 7376
f 7214 7215 7378
f 7214 7378 7377
f 7215 7216 7379
f 7215 7379 7378
f 7216 7217 7380
f 7216 7380 7379
f 7217 7218 7381
f 7217 7381 7380
f 7218 7219 7382
f 7218 7382 7381
f 7219 7220 7383
f 7219 7383 7382
f 7220 7221 7384
f 7220 7384 7383
f 7221 7222 7385
f 7221 7385 7384
f 7222 7223 7386
f 7222 7386 7385
f 7223 7224 7387
f 7223 7387 7386
f 7224 7225 7388
f 7224 7388 7387
f 7225 7226 7389
f 7225 7389 7388
f 7226 7227 7390
f 7226 7390 7389
f 7227 7228 7391
f 7227 7391 7390
f 7228 7229 7392
f 7228 7392 7391
f 7229 7230 7393
f 7229 7393 7392
f 7230 7231 7394
f 7230 7394 7393
f 7231 7232 7395
f 7231 7395 7394
f 7232 7233 7396
f 7232 7396 7395
f 7233 7234 7397
f 7233 7397 7396
f 7234 7235 7398
f 7234 7398 7397
f 7235 7236 7399
f 7235 7399 7398
f 7236 7237 7400
f 7236 7400 7399
f 7237 7238 7401
f 7237 7401 7400
f 7238 7239 7402
f 7238 7402 7401
f 7239 7240 7403
f 7239 7403 7402
f 7240 7241 7404
f 7240 7404 7403
f 7241 7242 7405
f 7241 7405 7404
f 7242 7243 7406
f 7242 7406 7405
f 7243 7244 7407
f 7243 7407 7406
f 7244 7245 7408
f 7244 7408 7407
f 7245 7246 7409
f 7245 7409 7408
f 7246 7247 7410
f 7246 7410 7409
f 7247 7248 7411
f 7247 7411 7410
f 7248 7249 7412
f 7248 7412 7411
f 7249 7250 7413
f 7249 7413 7412
f 7250 7251 7414
f 7250 7414 7413
f 7251 7252 7415
f 7251 7415 7414
f 7252 7253 7416
f 7252 7416 7415
f 7253 7254 7417
f 7253 7417 7416
f 7254 7255 7418
f 7254 7418 7417
f 7255 7256 7419
f 7255 7419 7418
f 7256 7257 7420
f 7256 7420 7419
f 7257 7258 7421
f 7257 7421 7420
f 7258 7259 7422
f 7258 7422 7421
f 7259 7260 7423
f 7259 7423 7422
f 7260 7261 7424
f 7260 7424 7423
f 7261 7262 7425
f 7261 7425 7424
f 7262 7263 7426
f 7262 7426 7425
f 7263 7264 7427
f 7263 7427 7426
f 7264 7265 7428
f 7264 7428 7427
f 7265 7266 7429
f 7265 7429 7428
f 7266 7267 7430
f 7266 7430 7429
f 7267 7268 7431
f 7267 7431 7430
f 7268 7269 7432
f 7268 7432 7431
f 7269 7270 7433
f 7269 7433 7432
f 7270 7271 7434
f 7270 7434 7433
f 7271 7272 7435
f 7271 7435 7434
f 7272 7273 7436
f 7272 7436 7435
f 7273 7274 7437
f 7273 7437 7436
f 7274 7275 7438
f 7274 7438 7437
f 7275 7276 7439
f 7275 7439 7438
f 7276 7277 7440
f 7276 7440 7439
f 7277 7278 7441
f 7277 7441 7440
f 7278 7279 7442
f 7278 7442 7441
f 7279 7280 7443
f 7279 7443 7442
f 7280 7281 7444
f 7280 7444 7443
f 7281 7282 7445
f 7281 7445 7444
f 7282 7283 7446
f 7282 7446 7445
f 7283 7284 7447
f 7283 7447 7446
f 7284 7285 7448
f 7284 7448 7447
f 7285 7286 7449
f 7285 7449 7448
f 7286 7287 7450
f 7286 7450 7449
f 7287 7288 7451
f 7287 7451 7450
f 7288 7289 7452
f 7288 7452 7451
f 7289 7290 7453
f 7289 7453 7452
f 7290 7291 7454
f 7290 7454 7453
f 7291 7292 7455
f 7291 7455 7454
f 7292 7293 7456
f 7292 7456 7455
f 7293 7294 7457
f 7293 7457 7456
f 7294 7295 7458
f 7294 7458 7457
f 7295 7296 7459
f 7295 7459 7458
f 7296 7297 7460
f 7296 7460 7459
f 7297 7298 7461
f 7297 7461 7460
f 7298 7299 7462
f 7298 7462 7461
f 7299 7300 7463
f 7299 7463 7462
f 7300 7301 7464
f 7300 7464 7463
f 7301 7302 7465
f 7301 7465 7464
f 7302 7303 7466
f 7302 7466 7465
f 7303 7304 7467
f 7303 7467 7466
f 7304 7305 7468
f 7304 7468 7467
f 7305 7306 7469
f 7305 7469 7468
f 7306 7307 7470
f 7306 7470 7469
f 7307 7308 7471
f 7307 7471 7470
f 7308 7309 7472
f 7308 7472 7471
f 7309 7310 7473
f 7309 7473 7472
f 7310 7311 7474
f 7310 7474 7473
f 7311 7312 7475
f 7311 7475 7474
f 7312 7313 7476
f 7312 7476 7475
f 7313 7314 7477
f 7313 7477 7476
f 7314 7315 7478
f 7314 7478 7477
f 7315 7316 7479
f 7315 7479 7478
f 7316 7317 7480
f 7316 7480 7479
f 7317 7318 7481
f 7317 7481 7480
f 7318 7319 7482
f 7318 7482 7481
f 7319 7320 7483
f 7319 7483 7482
f 7320 7321 7484
f 7320 7484 7483
f 7321 7322 7485
f 7321 7485 7484
f 7322 7323 7486
f 7322 7486 7485
f 7323 7324 7487
f 7323 7487 7486
f 7324 7325 7488
f 7324 7488 7487
f 7325 7326 7489
f 7325 7489 7488
f 7326 7327 7490
f 7326 7490 7489
f 7327 7328 7491
f 7327 7491 7490
f 7328 7329 7492
f 7328 7492 7491
f 7329 7330 7493
f 7329 7493 7492
f 7330 7331 7494
f 7330 7494 7493
f 7331 7332 7495
f 7331 7495 7494
f 7332 7333 7496
f 7332 7496 7495
f 7333 7334 7497
f 7333 7497 7496
f 7334 7335 7498
f 7334 7498 7497
f 7335 7336 7499
f 7335 7499 7498
f 7336 7337 7500
f 7336 7500 7499
f 7337 7338 7501
f 7337 7501 7500
f 7338 7339 7502
f 7338 7502 7501
f 7339 7340 7503
f 7339 7503 7502
f 7340 7341 7504
f 7340 7504 7503
f 7341 7342 7505
f 7341 7505 7504
f 7342 7343 7506
f 7342 7506 7505
f 7343 7344 7507
f 7343 7507 7506
f 7344 7345 7508
f 7344 7508 7507
f 7345 7346 7509
f 7345 7509 7508
f 7346 7347 7510
f 7346 7510 7509
f 7347 7348 7511
f 7347 7511 7510
f 7348 7349 7512
f 7348 7512 7511
f 7349 7350 7513
f 7349 7513 7512
f 7350 7351 7514
f 7350 7514 7513
f 7351 7352 7515
f 7351 7515 7514
f 7352 7353 7516
f 7352 7516 7515
f 7353 7354 7517
f 7353 7517 7516
f 7354 7355 7518
f 7354 7518 7517
f 7355 7356 7519
f 7355 7519 7518
f 7356 7357 7520
f 7356 7520 7519
f 7357 7358 7521
f 7357 7521 7520
f 7358 7359 7522
f 7358 7522 7521
f 7359 7360 7523
f 7359 7523 7522
f 7360 7361 7524
f 7360 7524 7523
f 7361 7362 7525
f 7361 7525 7524
f 7362 7363 7526
f 7362 7526 7525
f 7363 7364 7527
f 7363 7527 7526
f 7364 7365 7528
f 7364 7528 7527
f 7365 7366 7529
f 7365 7529 7528
f 7366 7367 7530
f 7366 7530 7529
f 7367 7368 7531
f 7367 7531 7530
f 7368 7369 7532
f 7368 7532 7531
f 7369 7370 7533
f 7369 7533 7532
f 7370 7371 7534
f 7370 7534 7533
f 7371 7372 7535
f 7371 7535 7534
f 7372 7373 7536
f 7372 7536 7535
f 7373 7211 7374
f 7373 7374 7536
f 7622 7624 7623
f 7769 7770 7771
f 7624 7622 7621
f 7771 7768 7769
f 7537 7539 7538
f 7684 7685 7686
f 7628 7627 7629
f 7775 7776 7774
f 7634 7590 7645
f 7781 7792 7737
f 7542 7544 7543
f 7689 7690 7691
f 7648 7647 7582
f 7795 7729 7794
f 7647 7583 7582
f 7794 7729 7730
f 7616 7606 7617
f 7763 7764 7753
f 7620 7631 7621
f 7767 7768 7778
f 7631 7620 7617
f 7778 7764 7767
f 7600 7594 7601
f 7747 7748 7741
f 7602 7634 7604
f 7749 7751 7781
f 7602 7590 7634
f 7749 7781 7737
f 7594 7591 7601
f 7741 7748 7738
f 7590 7588 7645
f 7737 7792 7735
f 7588 7647 7645
f 7735 7792 7794
f 7647 7588 7583
f 7794 7730 7735
f 7634 7633 7604
f 7781 7751 7780
f 7633 7606 7604
f 7780 7751 7753
f 7606 7633 7617
f 7753 7764 7780
f 7633 7631 7617
f 7780 7764 7778
f 7679 7541 7540
f 7826 7687 7688
f 7539 7679 7540
f 7686 7687 7826
f 7679 7542 7541
f 7826 7688 7689
f 7574 7572 7661
f 7721 7808 7719
f 7591 7593 7592
f 7738 7739 7740
f 7593 7591 7594
f 7740 7741 7738
f 7606 7605 7604
f 7753 7751 7752
f 7615 7613 7616
f 7762 7763 7760
f 7613 7615 7614
f 7760 7761 7762
f 7633 7632 7631
f 7780 7778 7779
f 7647 7646 7645
f 7794 7792 7793
f 7589 7588 7590
f 7736 7737 7735
f 7570 7569 7571
f 7717 7718 7716
f 7547 7549 7548
f 7694 7695 7696
f 7657 7655 7658
f 7804 7805 7802
f 7655 7657 7656
f 7802 7803 7804
f 7603 7602 7604
f 7750 7751 7749
f 7607 7606 7616
f 7754 7763 7753
f 7627 7630 7629
f 7774 7776 7777
f 7631 7630 7621
f 7778 7768 7777
f 7557 7569 7568
f 7704 7715 7716
f 7569 7557 7555
f 7716 7702 7704
f 7559 7557 7568
f 7706 7715 7704
f 7675 7555 7554
f 7822 7701 7702
f 7664 7569 7555
f 7811 7702 7716
f 7675 7664 7555
f 7822 7702 7811
f 7550 7549 7547
f 7697 7694 7696
f 7573 7572 7574
f 7720 7721 7719
f 7575 7574 7661
f 7722 7808 7721
f 7659 7575 7661
f 7806 7808 7722
f 7600 7596 7594
f 7747 7741 7743
f 7596 7595 7594
f 7743 7741 7742
f 7562 7559 7568
f 7709 7715 7706
f 7610 7609 7608
f 7757 7755 7756
f 7607 7610 7608
f 7754 7755 7757
f 7638 7637 7636
f 7785 7783 7784
f 7635 7638 7636
f 7782 7783 7785
f 7588 7586 7583
f 7735 7730 7733
f 7587 7586 7588
f 7734 7735 7733
f 7586 7584 7583
f 7733 7730 7731
f 7586 7585 7584
f 7733 7731 7732
f 7558 7557 7559
f 7705 7706 7704
f 7662 7572 7571
f 7809 7718 7719
f 7572 7662 7661
f 7719 7808 7809
f 7545 7547 7546
f 7692 7693 7694
f 7545 7550 7547
f 7692 7694 7697
f 7542 7545 7544
f 7689 7691 7692
f 7679 7545 7542
f 7826 7689 7692
f 7552 7675 7554
f 7699 7701 7822
f 7553 7552 7554
f 7700 7701 7699
f 7557 7556 7555
f 7704 7702 7703
f 7580 7575 7659
f 7727 7806 7722
f 7581 7580 7582
f 7728 7729 7727
f 7580 7659 7648
f 7727 7795 7806
f 7580 7648 7582
f 7727 7729 7795
f 7575 7578 7576
f 7722 7723 7725
f 7578 7577 7576
f 7725 7723 7724
f 7580 7578 7575
f 7727 7722 7725
f 7650 7649 7652
f 7797 7799 7796
f 7651 7650 7652
f 7798 7799 7797
f 7599 7598 7600
f 7746 7747 7745
f 7598 7596 7600
f 7745 7747 7743
f 7596 7598 7597
f 7743 7744 7745
f 7660 7659 7661
f 7807 7808 7806
f 7678 7545 7679
f 7825 7826 7692
f 7545 7678 7550
f 7692 7697 7825
f 7552 7551 7550
f 7699 7697 7698
f 7579 7578 7580
f 7726 7727 7725
f 7643 7641 7644
f 7790 7791 7788
f 7641 7643 7642
f 7788 7789 7790
f 7552 7676 7675
f 7699 7822 7823
f 7567 7565 7568
f 7714 7715 7712
f 7565 7562 7568
f 7712 7715 7709
f 7566 7565 7567
f 7713 7714 7712
f 7666 7668 7667
f 7813 7814 7815
f 7668 7666 7665
f 7815 7812 7813
f 7682 7679 7539
f 7829 7686 7826
f 7537 7682 7539
f 7684 7686 7829
f 7682 7537 7683
f 7829 7830 7684
f 7663 7662 7664
f 7810 7811 7809
f 7677 7676 7678
f 7824 7825 7823
f 7673 7671 7674
f 7820 7821 7818
f 7682 7680 7679
f 7829 7826 7827
f 7681 7680 7682
f 7828 7829 7827
f 7673 7672 7671
f 7820 7818 7819
f 7617 7620 7618
f 7764 7765 7767
f 7620 7619 7618
f 7767 7765 7766
f 7627 7626 7624
f 7774 7771 7773
f 7624 7626 7625
f 7771 7772 7773
f 7602 7591 7590
f 7749 7737 7738
f 7591 7602 7601
f 7738 7748 7749
f 7658 7649 7659
f 7805 7806 7796
f 7659 7649 7648
f 7806 7795 7796
f 7653 7655 7654
f 7800 7801 7802
f 7652 7655 7653
f 7799 7800 7802
f 7655 7649 7658
f 7802 7805 7796
f 7649 7655 7652
f 7796 7799 7802
f 7644 7635 7645
f 7791 7792 7782
f 7635 7634 7645
f 7782 7792 7781
f 7630 7627 7624
f 7777 7771 7774
f 7630 7624 7621
f 7777 7768 7771
f 7612 7610 7613
f 7759 7760 7757
f 7610 7612 7611
f 7757 7758 7759
f 7613 7610 7616
f 7760 7763 7757
f 7610 7607 7616
f 7757 7763 7754
f 7639 7638 7640
f 7786 7787 7785
f 7638 7641 7640
f 7785 7787 7788
f 7638 7635 7644
f 7785 7791 7782
f 7641 7638 7644
f 7788 7791 7785
f 7664 7662 7569
f 7811 7716 7809
f 7569 7662 7571
f 7716 7718 7809
f 7674 7664 7675
f 7821 7822 7811
f 7664 7674 7665
f 7811 7812 7821
f 7561 7560 7559
f 7708 7706 7707
f 7562 7561 7559
f 7709 7706 7708
f 7678 7676 7550
f 7825 7697 7823
f 7676 7552 7550
f 7823 7697 7699
f 7565 7564 7563
f 7712 7710 7711
f 7562 7565 7563
f 7709 7710 7712
f 7674 7668 7665
f 7821 7812 7815
f 7671 7668 7674
f 7818 7821 7815
f 7669 7668 7671
f 7816 7818 7815
f 7669 7671 7670
f 7816 7817 7818
f 7831 7832 7979
f 7831 7979 7978
f 7832 7833 7980
f 7832 7980 7979
f 7833 7834 7981
f 7833 7981 7980
f 7834 7835 7982
f 7834 7982 7981
f 7835 7836 7983
f 7835 7983 7982
f 7836 7837 7984
f 7836 7984 7983
f 7837 7838 7985
f 7837 7985 7984
f 7838 7839 7986
f 7838 7986 7985
f 7839 7840 7987
f 7839 7987 7986
f 7840 7841 7988
f 7840 7988 7987
f 7841 7842 7989
f 7841 7989 7988
f 7842 7843 7990
f 7842 7990 7989
f 7843 7844 7991
f 7843 7991 7990
f 7844 7845 7992
f 7844 7992 7991
f 7845 7846 7993
f 7845 7993 7992
f 7846 7847 7994
f 7846 7994 7993
f 7847 7848 7995
f 7847 7995 7994
f 7848 7849 7996
f 7848 7996 7995
f 7849 7850 7997
f 7849 7997 7996
f 7850 7851 7998
f 7850 7998 7997
f 7851 7852 7999
f 7851 7999 7998
f 7852 7853 8000
f 7852 8000 7999
f 7853 7854 8001
f 7853 8001 8000
f 7854 7855 8002
f 7854 8002 8001
f 7855 7856 8003
f 7855 8003 8002
f 7856 7857 8004
f 7856 8004 8003
f 7857 7858 8005
f 7857 8005 8004
f 7858 7859 8006
f 7858 8006 8005
f 7859 7860 8007
f 7859 8007 8006
f 7860 7861 8008
f 7860 8008 8007
f 7861 7862 8009
f 7861 8009 8008
f 7862 7863 8010
f 7862 8010 8009
f 7863 7864 8011
f 7863 8011 8010
f 7864 7865 8012
f 7864 8012 8011
f 7865 7866 8013
f 7865 8013 8012
f 7866 7867 8014
f 7866 8014 8013
f 7867 7868 8015
f 7867 8015 8014
f 7868 7869 8016
f 7868 8016 8015
f 7869 7870 8017
f 7869 8017 8016
f 7870 7871 8018
f 7870 8018 8017
f 7871 7872 8019
f 7871 8019 8018
f 7872 7873 8020
f 7872 8020 8019
f 7873 7874 8021
f 7873 8021 8020
f 7874 7875 8022
f 7874 8022 8021
f 7875 7876 8023
f 7875 8023 8022
f 7876 7877 8024
f 7876 8024 8023
f 7877 7878 8025
f 7877 8025 8024
f 7878 7879 8026
f 7878 8026 8025
f 7879 7880 8027
f 7879 8027 8026
f 7880 7881 8028
f 7880 8028 8027
f 7881 7882 8029
f 7881 8029 8028
f 7882 7883 8030
f 7882 8030 8029
f 7883 7884 8031
f 7883 8031 8030
f 7884 7885 8032
f 7884 8032 8031
f 7885 7886 8033
f 7885 8033 8032
f 7886 7887 8034
f 7886 8034 8033
f 7887 7888 8035
f 7887 8035 8034
f 7888 7889 8036
f 7888 8036 8035
f 7889 7890 8037
f 7889 8037 8036
f 7890 7891 8038
f 7890 8038 8037
f 7891 7892 8039
f 7891 8039 8038
f 7892 7893 8040
f 7892 8040 8039
f 7893 7894 8041
f 7893 8041 8040
f 7894 7895 8042
f 7894 8042 8041
f 7895 7896 8043
f 7895 8043 8042
f 7896 7897 8044
f 7896 8044 8043
f 7897 7898 8045
f 7897 8045 8044
f 7898 7899 8046
f 7898 8046 8045
f 7899 7900 8047
f 7899 8047 8046
f 7900 7901 8048
f 7900 8048 8047
f 7901 7902 8049
f 7901 8049 8048
f 7902 7903 8050
f 7902 8050 8049
f 7903 7904 8051
f 7903 8051 8050
f 7904 7905 8052
f 7904 8052 8051
f 7905 7906 8053
f 7905 8053 8052
f 7906 7907 8054
f 7906 8054 8053
f 7907 7908 8055
f 7907 8055 8054
f 7908 7909 8056
f 7908 8056 8055
f 7909 7910 8057
f 7909 8057 8056
f 7910 7911 8058
f 7910 8058 8057
f 7911 7912 8059
f 7911 8059 8058
f 7912 7913 8060
f 7912 8060 8059
f 7913 7914 8061
f 7913 8061 8060
f 7914 7915 8062
f 7914 8062 8061
f 7915 7916 8063
f 7915 8063 8062
f 7916 7917 8064
f 7916 8064 8063
f 7917 7918 8065
f 7917 8065 8064
f 7918 7919 8066
f 7918 8066 8065
f 7919 7920 8067
f 7919 8067 8066
f 7920 7921 8068
f 7920 8068 8067
f 7921 7922 8069
f 7921 8069 8068
f 7922 7923 8070
f 7922 8070 8069
f 7923 7924 8071
f 7923 8071 8070
f 7924 7925 8072
f 7924 8072 8071
f 7925 7926 8073
f 7925 8073 8072
f 7926 7927 8074
f 7926 8074 8073
f 7927 7928 8075
f 7927 8075 8074
f 7928 7929 8076
f 7928 8076 8075
f 7929 7930 8077
f 7929 8077 8076
f 7930 7931 8078
f 7930 8078 8077
f 7931 7932 8079
f 7931 8079 8078
f 7932 7933 8080
f 7932 8080 8079
f 7933 7934 8081
f 7933 8081 8080
f 7934 7935 8082
f 7934 8082 8081
f 7935 7936 8083
f 7935 8083 8082
f 7936 7937 8084
f 7936 8084 8083
f 7937 7938 8085
f 7937 8085 8084
f 7938 7939 8086
f 7938 8086 8085
f 7939 7940 8087
f 7939 8087 8086
f 7940 7941 8088
f 7940 8088 8087
f 7941 7942 8089
f 7941 8089 8088
f 7942 7943 8090
f 7942 8090 8089
f 7943 7944 8091
f 7943 8091 8090
f 7944 7945 8092
f 7944 8092 8091
f 7945 7946 8093
f 7945 8093 8092
f 7946 7947 8094
f 7946 8094 8093
f 7947 7948 8095
f 7947 8095 8094
f 7948 7949 8096
f 7948 8096 8095
f 7949 7950 8097
f 7949 8097 8096
f 7950 7951 8098
f 7950 8098 8097
f 7951 7952 8099
f 7951 8099 8098
f 7952 7953 8100
f 7952 8100 8099
f 7953 7954 8101
f 7953 8101 8100
f 7954 7955 8102
f 7954 8102 8101
f 7955 7956 8103
f 7955 8103 8102
f 7956 7957 8104
f 7956 8104 8103
f 7957 7958 8105
f 7957 8105 8104
f 7958 7959 8106
f 7958 8106 8105
f 7959 7960 8107
f 7959 8107 8106
f 7960 7961 8108
f 7960 8108 8107
f 7961 7962 8109
f 7961 8109 8108
f 7962 7963 8110
f 7962 8110 8109
f 7963 7964 8111
f 7963 8111 8110
f 7964 7965 8112
f 7964 8112 8111
f 7965 7966 8113
f 7965 8113 8112
f 7966 7967 8114
f 7966 8114 8113
f 7967 7968 8115
f 7967 8115 8114
f 7968 7969 8116
f 7968 8116 8115
f 7969 7970 8117
f 7969 8117 8116
f 7970 7971 8118
f 7970 8118 8117
f 7971 7972 8119
f 7971 8119 8118
f 7972 7973 8120
f 7972 8120 8119
f 7973 7974 8121
f 7973 8121 8120
f 7974 7975 8122
f 7974 8122 8121
f 7975 7976 8123
f 7975 8123 8122
f 7976 7977 8124
f 7976 8124 8123
f 7977 7831 7978
f 7977 7978 8124
f 8125 8135 8134
f 8136 8145 8146
f 8126 8125 8134
f 8137 8145 8136
f 8132 8126 8134
f 8143 8145 8137
f 8133 8132 8134
f 8144 8145 8143
f 8129 8127 8132
f 8140 8143 8138
f 8132 8127 8126
f 8143 8137 8138
f 8127 8129 8128
f 8138 8139 8140
f 8129 8132 8131
f 8140 8142 8143
f 8130 8129 8131
f 8141 8142 8140
f 8147 8148 8159
f 8147 8159 8158
f 8148 8149 8160
f 8148 8160 8159
f 8149 8150 8161
f 8149 8161 8160
f 8150 8151 8162
f 8150 8162 8161
f 8151 8152 8163
f 8151 8163 8162
f 8152 8153 8164
f 8152 8164 8163
f 8153 8154 8165
f 8153 8165 8164
f 8154 8155 8166
f 8154 8166 8165
f 8155 8156 8167
f 8155 8167 8166
f 8156 8157 8168
f 8156 8168 8167
f 8157 8147 8158
f 8157 8158 8168
f 8171 8209 8172
f 8219 8220 8257
f 8216 8170 8169
f 8264 8217 8218
f 8171 8211 8209
f 8219 8257 8259
f 8209 8208 8172
f 8257 8220 8256
f 8208 8195 8172
f 8256 8220 8243
f 8206 8204 8202
f 8254 8250 8252
f 8204 8206 8205
f 8252 8253 8254
f 8202 8204 8203
f 8250 8251 8252
f 8170 8214 8171
f 8218 8219 8262
f 8214 8211 8171
f 8262 8219 8259
f 8214 8216 8215
f 8262 8263 8264
f 8214 8170 8216
f 8262 8264 8218
f 8211 8210 8209
f 8259 8257 8258
f 8182 8175 8183
f 8230 8231 8223
f 8175 8177 8176
f 8223 8224 8225
f 8177 8179 8178
f 8225 8226 8227
f 8177 8182 8179
f 8225 8227 8230
f 8182 8177 8175
f 8230 8223 8225
f 8200 8206 8202
f 8248 8250 8254
f 8201 8200 8202
f 8249 8250 8248
f 8198 8200 8199
f 8246 8247 8248
f 8195 8173 8172
f 8243 8220 8221
f 8194 8173 8195
f 8242 8243 8221
f 8212 8214 8213
f 8260 8261 8262
f 8214 8212 8211
f 8262 8259 8260
f 8208 8207 8206
f 8256 8254 8255
f 8198 8197 8200
f 8246 8248 8245
f 8200 8197 8206
f 8248 8254 8245
f 8174 8173 8175
f 8222 8223 8221
f 8188 8190 8189
f 8236 8237 8238
f 8190 8188 8185
f 8238 8233 8236
f 8197 8196 8195
f 8245 8243 8244
f 8192 8190 8185
f 8240 8233 8238
f 8190 8192 8191
f 8238 8239 8240
f 8184 8192 8185
f 8232 8233 8240
f 8193 8192 8194
f 8241 8242 8240
f 8180 8182 8181
f 8228 8229 8230
f 8182 8180 8179
f 8230 8227 8228
f 8208 8197 8195
f 8256 8243 8245
f 8197 8208 8206
f 8245 8254 8256
f 8185 8188 8186
f 8233 8234 8236
f 8186 8188 8187
f 8234 8235 8236
f 8192 8184 8183
f 8240 8231 8232
f 8175 8192 8183
f 8223 8231 8240
f 8173 8192 8175
f 8221 8223 8240
f 8194 8192 8173
f 8242 8221 8240
f 8265 8266 8314
f 8265 8314 8313
f 8266 8267 8315
f 8266 8315 8314
f 8267 8268 8316
f 8267 8316 8315
f 8268 8269 8317
f 8268 8317 8316
f 8269 8270 8318
f 8269 8318 8317
f 8270 8271 8319
f 8270 8319 8318
f 8271 8272 8320
f 8271 8320 8319
f 8272 8273 8321
f 8272 8321 8320
f 8273 8274 8322
f 8273 8322 8321
f 8274 8275 8323
f 8274 8323 8322
f 8275 8276 8324
f 8275 8324 8323
f 8276 8277 8325
f 8276 8325 8324
f 8277 8278 8326
f 8277 8326 8325
f 8278 8279 8327
f 8278 8327 8326
f 8279 8280 8328
f 8279 8328 8327
f 8280 8281 8329
f 8280 8329 8328
f 8281 8282 8330
f 8281 8330 8329
f 8282 8283 8331
f 8282 8331 8330
f 8283 8284 8332
f 8283 8332 8331
f 8284 8285 8333
f 8284 8333 8332
f 8285 8286 8334
f 8285 8334 8333
f 8286 8287 8335
f 8286 8335 8334
f 8287 8288 8336
f 8287 8336 8335
f 8288 8289 8337
f 8288 8337 8336
f 8289 8290 8338
f 8289 8338 8337
f 8290 8291 8339
f 8290 8339 8338
f 8291 8292 8340
f 8291 8340 8339
f 8292 8293 8341
f 8292 8341 8340
f 8293 8294 8342
f 8293 8342 8341
f 8294 8295 8343
f 8294 8343 8342
f 8295 8296 8344
f 8295 8344 8343
f 8296 8297 8345
f 8296 8345 8344
f 8297 8298 8346
f 8297 8346 8345
f 8298 8299 8347
f 8298 8347 8346
f 8299 8300 8348
f 8299 8348 8347
f 8300 8301 8349
f 8300 8349 8348
f 8301 8302 8350
f 8301 8350 8349
f 8302 8303 8351
f 8302 8351 8350
f 8303 8304 8352
f 8303 8352 8351
f 8304 8305 8353
f 8304 8353 8352
f 8305 8306 8354
f 8305 8354 8353
f 8306 8307 8355
f 8306 8355 8354
f 8307 8308 8356
f 8307 8356 8355
f 8308 8309 8357
f 8308 8357 8356
f 8309 8310 8358
f 8309 8358 8357
f 8310 8311 8359
f 8310 8359 8358
f 8311 8312 8360
f 8311 8360 8359
f 8312 8265 8313
f 8312 8313 8360
f 8382 8361 8383
f 8405 8406 8384
f 8382 8363 8361
f 8405 8384 8386
f 8363 8362 8361
f 8386 8384 8385
f 8379 8363 8382
f 8402 8405 8386
f 8378 8365 8364
f 8401 8387 8388
f 8366 8365 8378
f 8389 8401 8388
f 8369 8378 8377
f 8392 8400 8401
f 8369 8366 8378
f 8392 8401 8389
f 8366 8369 8368
f 8389 8391 8392
f 8370 8369 8371
f 8393 8394 8392
f 8367 8366 8368
f 8390 8391 8389
f 8376 8369 8377
f 8399 8400 8392
f 8369 8376 8371
f 8392 8394 8399
f 8376 8373 8371
f 8399 8394 8396
f 8371 8373 8372
f 8394 8395 8396
f 8363 8379 8378
f 8386 8401 8402
f 8363 8378 8364
f 8386 8387 8401
f 8379 8381 8380
f 8402 8403 8404
f 8381 8379 8382
f 8404 8405 8402
f 8373 8376 8375
f 8396 8398 8399
f 8373 8375 8374
f 8396 8397 8398
f 8407 8408 8431
f 8407 8431 8430
f 8408 8409 8432
f 8408 8432 8431
f 8409 8410 8433
f 8409 8433 8432
f 8410 8411 8434
f 8410 8434 8433
f 8411 8412 8435
f 8411 8435 8434
f 8412 8413 8436
f 8412 8436 8435
f 8413 8414 8437
f 8413 8437 8436
f 8414 8415 8438
f 8414 8438 8437
f 8415 8416 8439
f 8415 8439 8438
f 8416 8417 8440
f 8416 8440 8439
f 8417 8418 8441
f 8417 8441 8440
f 8418 8419 8442
f 8418 8442 8441
f 8419 8420 8443
f 8419 8443 8442
f 8420 8421 8444
f 8420 8444 8443
f 8421 8422 8445
f 8421 8445 8444
f 8422 8423 8446
f 8422 8446 8445
f 8423 8424 8447
f 8423 8447 8446
f 8424 8425 8448
f 8424 8448 8447
f 8425 8426 8449
f 8425 8449 8448
f 8426 8427 8450
f 8426 8450 8449
f 8427 8428 8451
f 8427 8451 8450
f 8428 8429 8452
f 8428 8452 8451
f 8429 8407 8430
f 8429 8430 8452
f 10818 10885 10819
f 10904 10905 10971
f 10885 10818 10887
f 10971 10973 10904
f 10893 10895 10894
f 10979 10980 10981
f 10847 10846 10834
f 10933 10920 10932
f 10846 10835 10834
f 10932 10920 10921
f 10886 10885 10887
f 10972 10973 10971
f 10885 10884 10883
f 10971 10969 10970
f 10820 10856 10823
f 10906 10909 10942
f 10856 10820 10819
f 10942 10905 10906
f 10851 10850 10848
f 10937 10934 10936
f 10851 10826 10852
f 10937 10938 10912
f 10818 10888 10887
f 10904 10973 10974
f 10850 10849 10848
f 10936 10934 10935
f 10880 10860 10859
f 10966 10945 10946
f 10860 10862 10861
f 10946 10947 10948
f 10879 10872 10871
f 10965 10957 10958
f 10879 10860 10880
f 10965 10966 10946
f 10879 10862 10860
f 10965 10946 10948
f 10856 10854 10823
f 10942 10909 10940
f 10859 10857 10883
f 10945 10969 10943
f 10857 10885 10883
f 10943 10969 10971
f 10885 10857 10819
f 10971 10905 10943
f 10857 10856 10819
f 10943 10905 10942
f 10892 10891 10818
f 10978 10904 10977
f 10891 10888 10818
f 10977 10904 10974
f 10888 10891 10889
f 10974 10975 10977
f 10891 10890 10889
f 10977 10975 10976
f 10817 10902 10818
f 10903 10904 10988
f 10897 10896 10895
f 10983 10981 10982
f 10869 10862 10870
f 10955 10956 10948
f 10864 10866 10865
f 10950 10951 10952
f 10862 10864 10863
f 10948 10949 10950
f 10864 10869 10866
f 10950 10952 10955
f 10869 10864 10862
f 10955 10948 10950
f 10882 10859 10883
f 10968 10969 10945
f 10882 10880 10859
f 10968 10945 10966
f 10882 10881 10880
f 10968 10966 10967
f 10826 10824 10852
f 10912 10938 10910
f 10824 10854 10852
f 10910 10938 10940
f 10825 10824 10826
f 10911 10912 10910
f 10854 10824 10823
f 10940 10909 10910
f 10854 10853 10852
f 10940 10938 10939
f 10831 10826 10851
f 10917 10937 10912
f 10902 10899 10897
f 10988 10983 10985
f 10897 10899 10898
f 10983 10984 10985
f 10899 10902 10901
f 10985 10987 10988
f 10899 10901 10900
f 10985 10986 10987
f 10858 10857 10859
f 10944 10945 10943
f 10822 10820 10823
f 10908 10909 10906
f 10822 10821 10820
f 10908 10906 10907
f 10828 10827 10826
f 10914 10912 10913
f 10831 10828 10826
f 10917 10912 10914
f 10832 10851 10848
f 10918 10934 10937
f 10832 10831 10851
f 10918 10937 10917
f 10847 10832 10848
f 10933 10934 10918
f 10832 10847 10834
f 10918 10920 10933
f 10833 10832 10834
f 10919 10920 10918
f 10828 10830 10829
f 10914 10915 10916
f 10830 10828 10831
f 10916 10917 10914
f 10877 10879 10878
f 10963 10964 10965
f 10875 10877 10876
f 10961 10962 10963
f 10877 10875 10872
f 10963 10958 10961
f 10879 10877 10872
f 10965 10958 10963
f 10855 10854 10856
f 10941 10942 10940
f 10839 10842 10841
f 10925 10927 10928
f 10839 10841 10840
f 10925 10926 10927
f 10895 10892 10818
f 10981 10904 10978
f 10892 10895 10893
f 10978 10979 10981
f 10836 10839 10838
f 10922 10924 10925
f 10836 10838 10837
f 10922 10923 10924
f 10839 10845 10842
f 10925 10928 10931
f 10836 10845 10839
f 10922 10925 10931
f 10845 10835 10846
f 10931 10932 10921
f 10845 10836 10835
f 10931 10921 10922
f 10843 10845 10844
f 10929 10930 10931
f 10842 10845 10843
f 10928 10929 10931
f 10862 10879 10870
f 10948 10956 10965
f 10879 10871 10870
f 10965 10956 10957
f 10902 10895 10818
f 10988 10904 10981
f 10902 10897 10895
f 10988 10981 10983
f 10866 10869 10867
f 10952 10953 10955
f 10869 10868 10867
f 10955 10953 10954
f 10872 10875 10873
f 10958 10959 10961
f 10875 10874 10873
f 10961 10959 10960
f 10989 10990 11076
f 10989 11076 11075
f 10990 10991 11077
f 10990 11077 11076
f 10991 10992 11078
f 10991 11078 11077
f 10992 10993 11079
f 10992 11079 11078
f 10993 10994 11080
f 10993 11080 11079
f 10994 10995 11081
f 10994 11081 11080
f 10995 10996 11082
f 10995 11082 11081
f 10996 10997 11083
f 10996 11083 11082
f 10997 10998 11084
f 10997 11084 11083
f 10998 10999 11085
f 10998 11085 11084
f 10999 11000 11086
f 10999 11086 11085
f 11000 11001 11087
f 11000 11087 11086
f 11001 11002 11088
f 11001 11088 11087
f 11002 11003 11089
f 11002 11089 11088
f 11003 11004 11090
f 11003 11090 11089
f 11004 11005 11091
f 11004 11091 11090
f 11005 11006 11092
f 11005 11092 11091
f 11006 11007 11093
f 11006 11093 11092
f 11007 11008 11094
f 11007 11094 11093
f 11008 11009 11095
f 11008 11095 11094
f 11009 11010 11096
f 11009 11096 11095
f 11010 11011 11097
f 11010 11097 11096
f 11011 11012 11098
f 11011 11098 11097
f 11012 11013 11099
f 11012 11099 11098
f 11013 11014 11100
f 11013 11100 11099
f 11014 11015 11101
f 11014 11101 11100
f 11015 11016 11102
f 11015 11102 11101
f 11016 11017 11103
f 11016 11103 11102
f 11017 11018 11104
f 11017 11104 11103
f 11018 11019 11105
f 11018 11105 11104
f 11019 11020 11106
f 11019 11106 11105
f 11020 11021 11107
f 11020 11107 11106
f 11021 11022 11108
f 11021 11108 11107
f 11022 11023 11109
f 11022 11109 11108
f 11023 11024 11110
f 11023 11110 11109
f 11024 11025 11111
f 11024 11111 11110
f 11025 11026 11112
f 11025 11112 11111
f 11026 11027 11113
f 11026 11113 11112
f 11027 11028 11114
f 11027 11114 11113
f 11028 11029 11115
f 11028 11115 11114
f 11029 11030 11116
f 11029 11116 11115
f 11030 11031 11117
f 11030 11117 11116
f 11031 11032 11118
f 11031 11118 11117
f 11032 11033 11119
f 11032 11119 11118
f 11033 11034 11120
f 11033 11120 11119
f 11034 11035 11121
f 11034 11121 11120
f 11035 11036 11122
f 11035 11122 11121
f 11036 11037 11123
f 11036 11123 11122
f 11037 11038 11124
f 11037 11124 11123
f 11038 11039 11125
f 11038 11125 11124
f 11039 11040 11126
f 11039 11126 11125
f 11040 11041 11127
f 11040 11127 11126
f 11041 11042 11128
f 11041 11128 11127
f 11042 11043 11129
f 11042 11129 11128
f 11043 11044 11130
f 11043 11130 11129
f 11044 11045 11131
f 11044 11131 11130
f 11045 11046 11132
f 11045 11132 11131
f 11046 11047 11133
f 11046 11133 11132
f 11047 11048 11134
f 11047 11134 11133
f 11048 11049 11135
f 11048 11135 11134
f 11049 11050 11136
f 11049 11136 11135
f 11050 11051 11137
f 11050 11137 11136
f 11051 11052 11138
f 11051 11138 11137
f 11052 11053 11139
f 11052 11139 11138
f 11053 11054 11140
f 11053 11140 11139
f 11054 11055 11141
f 11054 11141 11140
f 11055 11056 11142
f 11055 11142 11141
f 11056 11057 11143
f 11056 11143 11142
f 11057 11058 11144
f 11057 11144 11143
f 11058 11059 11145
f 11058 11145 11144
f 11059 11060 11146
f 11059 11146 11145
f 11060 11061 11147
f 11060 11147 11146
f 11061 11062 11148
f 11061 11148 11147
f 11062 11063 11149
f 11062 11149 11148
f 11063 11064 11150
f 11063 11150 11149
f 11064 11065 11151
f 11064 11151 11150
f 11065 11066 11152
f 11065 11152 11151
f 11066 11067 11153
f 11066 11153 11152
f 11067 11068 11154
f 11067 11154 11153
f 11068 11069 11155
f 11068 11155 11154
f 11069 11070 11156
f 11069 11156 11155
f 11070 11071 11157
f 11070 11157 11156
f 11071 11072 11158
f 11071 11158 11157
f 11072 11073 11159
f 11072 11159 11158
f 11073 11074 11160
f 11073 11160 11159
f 11074 10989 11075
f 11074 11075 11160
f 11194 11193 11195
f 11230 11231 11229
f 11190 11165 11193
f 11226 11229 11201
f 11165 11190 11188
f 11201 11224 11226
f 11187 11165 11188
f 11223 11224 11201
f 11165 11187 11167
f 11201 11203 11223
f 11166 11165 11167
f 11202 11203 11201
f 11178 11175 11168
f 11214 11204 11211
f 11185 11178 11168
f 11221 11204 11214
f 11185 11168 11167
f 11221 11203 11204
f 11187 11185 11167
f 11223 11203 11221
f 11190 11189 11188
f 11226 11224 11225
f 11193 11163 11195
f 11229 11231 11199
f 11165 11163 11193
f 11201 11229 11199
f 11170 11175 11172
f 11206 11208 11211
f 11170 11172 11171
f 11206 11207 11208
f 11168 11170 11169
f 11204 11205 11206
f 11175 11170 11168
f 11211 11204 11206
f 11178 11183 11181
f 11214 11217 11219
f 11185 11183 11178
f 11221 11214 11219
f 11181 11183 11182
f 11217 11218 11219
f 11161 11196 11195
f 11197 11231 11232
f 11163 11161 11195
f 11199 11231 11197
f 11161 11163 11162
f 11197 11198 11199
f 11164 11163 11165
f 11200 11201 11199
f 11184 11183 11185
f 11220 11221 11219
f 11186 11185 11187
f 11222 11223 11221
f 11178 11181 11180
f 11214 11216 11217
f 11178 11180 11179
f 11214 11215 11216
f 11190 11193 11192
f 11226 11228 11229
f 11191 11190 11192
f 11227 11228 11226
f 11175 11178 11177
f 11211 11213 11214
f 11175 11177 11176
f 11211 11212 11213
f 11172 11175 11173
f 11208 11209 11211
f 11173 11175 11174
f 11209 11210 11211
f 11233 11234 11270
f 11233 11270 11269
f 11234 11235 11271
f 11234 11271 11270
f 11235 11236 11272
f 11235 11272 11271
f 11236 11237 11273
f 11236 11273 11272
f 11237 11238 11274
f 11237 11274 11273
f 11238 11239 11275
f 11238 11275 11274
f 11239 11240 11276
f 11239 11276 11275
f 11240 11241 11277
f 11240 11277 11276
f 11241 11242 11278
f 11241 11278 11277
f 11242 11243 11279
f 11242 11279 11278
f 11243 11244 11280
f 11243 11280 11279
f 11244 11245 11281
f 11244 11281 11280
f 11245 11246 11282
f 11245 11282 11281
f 11246 11247 11283
f 11246 11283 11282
f 11247 11248 11284
f 11247 11284 11283
f 11248 11249 11285
f 11248 11285 11284
f 11249 11250 11286
f 11249 11286 11285
f 11250 11251 11287
f 11250 11287 11286
f 11251 11252 11288
f 11251 11288 11287
f 11252 11253 11289
f 11252 11289 11288
f 11253 11254 11290
f 11253 11290 11289
f 11254 11255 11291
f 11254 11291 11290
f 11255 11256 11292
f 11255 11292 11291
f 11256 11257 11293
f 11256 11293 11292
f 11257 11258 11294
f 11257 11294 11293
f 11258 11259 11295
f 11258 11295 11294
f 11259 11260 11296
f 11259 11296 11295
f 11260 11261 11297
f 11260 11297 11296
f 11261 11262 11298
f 11261 11298 11297
f 11262 11263 11299
f 11262 11299 11298
f 11263 11264 11300
f 11263 11300 11299
f 11264 11265 11301
f 11264 11301 11300
f 11265 11266 11302
f 11265 11302 11301
f 11266 11267 11303
f 11266 11303 11302
f 11267 11268 11304
f 11267 11304 11303
f 11268 11233 11269
f 11268 11269 11304
f 11372 11371 11373
f 11446 11447 11445
f 11355 11352 11360
f 11429 11434 11426
f 11352 11355 11353
f 11426 11427 11429
f 11355 11354 11353
f 11429 11427 11428
f 11355 11357 11356
f 11429 11430 11431
f 11326 11325 11324
f 11400 11398 11399
f 11333 11326 11334
f 11407 11408 11400
f 11339 11342 11340
f 11413 11414 11416
f 11340 11342 11341
f 11414 11415 11416
f 11345 11347 11346
f 11419 11420 11421
f 11352 11361 11360
f 11426 11434 11435
f 11347 11361 11352
f 11421 11426 11435
f 11371 11313 11373
f 11445 11447 11387
f 11375 11374 11373
f 11449 11447 11448
f 11348 11350 11349
f 11422 11423 11424
f 11351 11350 11352
f 11425 11426 11424
f 11350 11347 11352
f 11424 11426 11421
f 11350 11348 11347
f 11424 11421 11422
f 11344 11342 11339
f 11418 11413 11416
f 11342 11344 11343
f 11416 11417 11418
f 11368 11336 11335
f 11442 11409 11410
f 11336 11339 11338
f 11410 11412 11413
f 11337 11336 11338
f 11411 11412 11410
f 11366 11344 11339
f 11440 11413 11418
f 11344 11366 11365
f 11418 11439 11440
f 11336 11366 11339
f 11410 11413 11440
f 11366 11336 11368
f 11440 11442 11410
f 11334 11370 11335
f 11408 11409 11444
f 11370 11368 11335
f 11444 11409 11442
f 11326 11370 11334
f 11400 11408 11444
f 11370 11326 11324
f 11444 11398 11400
f 11371 11370 11324
f 11445 11398 11444
f 11378 11308 11360
f 11452 11434 11382
f 11363 11344 11365
f 11437 11439 11418
f 11344 11363 11345
f 11418 11419 11437
f 11322 11315 11323
f 11396 11397 11389
f 11323 11315 11324
f 11397 11398 11389
f 11313 11315 11314
f 11387 11388 11389
f 11315 11371 11324
f 11389 11398 11445
f 11315 11313 11371
f 11389 11445 11387
f 11305 11357 11355
f 11379 11429 11431
f 11305 11358 11357
f 11379 11431 11432
f 11305 11355 11360
f 11379 11434 11429
f 11308 11305 11360
f 11382 11434 11379
f 11363 11362 11361
f 11437 11435 11436
f 11330 11328 11333
f 11404 11407 11402
f 11333 11328 11326
f 11407 11400 11402
f 11328 11327 11326
f 11402 11400 11401
f 11328 11330 11329
f 11402 11403 11404
f 11367 11366 11368
f 11441 11442 11440
f 11359 11378 11360
f 11433 11434 11452
f 11312 11311 11313
f 11386 11387 11385
f 11370 11369 11368
f 11444 11442 11443
f 11364 11363 11365
f 11438 11439 11437
f 11378 11377 11376
f 11452 11450 11451
f 11317 11315 11322
f 11391 11396 11389
f 11317 11316 11315
f 11391 11389 11390
f 11310 11309 11308
f 11384 11382 11383
f 11319 11317 11322
f 11393 11396 11391
f 11317 11319 11318
f 11391 11392 11393
f 11330 11333 11332
f 11404 11406 11407
f 11331 11330 11332
f 11405 11406 11404
f 11363 11361 11347
f 11437 11421 11435
f 11345 11363 11347
f 11419 11421 11437
f 11306 11305 11307
f 11380 11381 11379
f 11305 11308 11307
f 11379 11381 11382
f 11311 11375 11373
f 11385 11447 11449
f 11313 11311 11373
f 11387 11447 11385
f 11378 11310 11308
f 11452 11382 11384
f 11310 11378 11376
f 11384 11450 11452
f 11311 11310 11375
f 11385 11449 11384
f 11375 11310 11376
f 11449 11450 11384
f 11319 11322 11321
f 11393 11395 11396
f 11319 11321 11320
f 11393 11394 11395
f 11453 11454 11508
f 11453 11508 11507
f 11454 11455 11509
f 11454 11509 11508
f 11455 11456 11510
f 11455 11510 11509
f 11456 11457 11511
f 11456 11511 11510
f 11457 11458 11512
f 11457 11512 11511
f 11458 11459 11513
f 11458 11513 11512
f 11459 11460 11514
f 11459 11514 11513
f 11460 11461 11515
f 11460 11515 11514
f 11461 11462 11516
f 11461 11516 11515
f 11462 11463 11517
f 11462 11517 11516
f 11463 11464 11518
f 11463 11518 11517
f 11464 11465 11519
f 11464 11519 11518
f 11465 11466 11520
f 11465 11520 11519
f 11466 11467 11521
f 11466 11521 11520
f 11467 11468 11522
f 11467 11522 11521
f 11468 11469 11523
f 11468 11523 11522
f 11469 11470 11524
f 11469 11524 11523
f 11470 11471 11525
f 11470 11525 11524
f 11471 11472 11526
f 11471 11526 11525
f 11472 11473 11527
f 11472 11527 11526
f 11473 11474 11528
f 11473 11528 11527
f 11474 11475 11529
f 11474 11529 11528
f 11475 11476 11530
f 11475 11530 11529
f 11476 11477 11531
f 11476 11531 11530
f 11477 11478 11532
f 11477 11532 11531
f 11478 11479 11533
f 11478 11533 11532
f 11479 11480 11534
f 11479 11534 11533
f 11480 11481 11535
f 11480 11535 11534
f 11481 11482 11536
f 11481 11536 11535
f 11482 11483 11537
f 11482 11537 11536
f 11483 11484 11538
f 11483 11538 11537
f 11484 11485 11539
f 11484 11539 11538
f 11485 11486 11540
f 11485 11540 11539
f 11486 11487 11541
f 11486 11541 11540
f 11487 11488 11542
f 11487 11542 11541
f 11488 11489 11543
f 11488 11543 11542
f 11489 11490 11544
f 11489 11544 11543
f 11490 11491 11545
f 11490 11545 11544
f 11491 11492 11546
f 11491 11546 11545
f 11492 11493 11547
f 11492 11547 11546
f 11493 11494 11548
f 11493 11548 11547
f 11494 11495 11549
f 11494 11549 11548
f 11495 11496 11550
f 11495 11550 11549
f 11496 11497 11551
f 11496 11551 11550
f 11497 11498 11552
f 11497 11552 11551
f 11498 11499 11553
f 11498 11553 11552
f 11499 11500 11554
f 11499 11554 11553
f 11500 11501 11555
f 11500 11555 11554
f 11501 11502 11556
f 11501 11556 11555
f 11502 11503 11557
f 11502 11557 11556
f 11503 11504 11558
f 11503 11558 11557
f 11504 11505 11559
f 11504 11559 11558
f 11505 11506 11560
f 11505 11560 11559
f 11506 11453 11507
f 11506 11507 11560
f 11561 11562 11582
f 11561 11582 11581
f 11562 11563 11583
f 11562 11583 11582
f 11563 11564 11584
f 11563 11584 11583
f 11564 11565 11585
f 11564 11585 11584
f 11565 11566 11586
f 11565 11586 11585
f 11566 11567 11587
f 11566 11587 11586
f 11567 11568 11588
f 11567 11588 11587
f 11568 11569 11589
f 11568 11589 11588
f 11569 11570 11590
f 11569 11590 11589
f 11570 11571 11591
f 11570 11591 11590
f 11571 11572 11592
f 11571 11592 11591
f 11572 11573 11593
f 11572 11593 11592
f 11573 11574 11594
f 11573 11594 11593
f 11574 11575 11595
f 11574 11595 11594
f 11575 11576 11596
f 11575 11596 11595
f 11576 11577 11597
f 11576 11597 11596
f 11577 11578 11598
f 11577 11598 11597
f 11578 11579 11599
f 11578 11599 11598
f 11579 11580 11600
f 11579 11600 11599
f 11580 11561 11581
f 11580 11581 11600
g M
usemtl M
f 279 278 277
f 328 326 327
f 302 318 316
f 351 365 367
f 318 317 316
f 367 365 366
f 289 279 277
f 338 326 328
f 325 289 277
f 374 326 338
f 315 302 316
f 364 365 351
f 318 320 319
f 367 368 369
f 297 322 321
f 346 370 371
f 289 282 279
f 338 328 331
f 292 324 323
f 341 372 373
f 324 289 325
f 373 374 338
f 313 315 314
f 362 363 364
f 311 313 312
f 360 361 362
f 308 313 311
f 357 360 362
f 308 305 315
f 357 364 354
f 313 308 315
f 362 364 357
f 315 303 302
f 364 351 352
f 305 303 315
f 354 364 352
f 320 301 321
f 369 370 350
f 301 318 302
f 350 351 367
f 301 320 318
f 350 367 369
f 287 289 288
f 336 337 338
f 287 282 289
f 336 338 331
f 287 285 282
f 336 331 334
f 285 287 286
f 334 335 336
f 291 324 292
f 340 341 373
f 324 291 289
f 373 338 340
f 304 303 305
f 353 354 352
f 299 297 321
f 348 370 346
f 301 299 321
f 350 370 348
f 294 296 295
f 343 344 345
f 294 293 292
f 343 341 342
f 296 294 297
f 345 346 343
f 294 292 323
f 343 372 341
f 322 294 323
f 371 372 343
f 297 294 322
f 346 371 343
f 291 290 289
f 340 338 339
f 300 299 301
f 349 350 348
f 299 298 297
f 348 346 347
f 282 281 280
f 331 329 330
f 279 282 280
f 328 329 331
f 282 285 283
f 331 332 334
f 285 284 283
f 334 332 333
f 309 308 311
f 358 360 357
f 310 309 311
f 359 360 358
f 307 306 308
f 356 357 355
f 308 306 305
f 357 354 355
f 375 376 425
f 375 425 424
f 376 377 426
f 376 426 425
f 377 378 427
f 377 427 426
f 378 379 428
f 378 428 427
f 379 380 429
f 379 429 428
f 380 381 430
f 380 430 429
f 381 382 431
f 381 431 430
f 382 383 432
f 382 432 431
f 383 384 433
f 383 433 432
f 384 385 434
f 384 434 433
f 385 386 435
f 385 435 434
f 386 387 436
f 386 436 435
f 387 388 437
f 387 437 436
f 388 389 438
f 388 438 437
f 389 390 439
f 389 439 438
f 390 391 440
f 390 440 439
f 391 392 441
f 391 441 440
f 392 393 442
f 392 442 441
f 393 394 443
f 393 443 442
f 394 395 444
f 394 444 443
f 395 396 445
f 395 445 444
f 396 397 446
f 396 446 445
f 397 398 447
f 397 447 446
f 398 399 448
f 398 448 447
f 399 400 449
f 399 449 448
f 400 401 450
f 400 450 449
f 401 402 451
f 401 451 450
f 402 403 452
f 402 452 451
f 403 404 453
f 403 453 452
f 404 405 454
f 404 454 453
f 405 406 455
f 405 455 454
f 406 407 456
f 406 456 455
f 407 408 457
f 407 457 456
f 408 409 458
f 408 458 457
f 409 410 459
f 409 459 458
f 410 411 460
f 410 460 459
f 411 412 461
f 411 461 460
f 412 413 462
f 412 462 461
f 413 414 463
f 413 463 462
f 414 415 464
f 414 464 463
f 415 416 465
f 415 465 464
f 416 417 466
f 416 466 465
f 417 418 467
f 417 467 466
f 418 419 468
f 418 468 467
f 419 420 469
f 419 469 468
f 420 421 470
f 420 470 469
f 421 422 471
f 421 471 470
f 422 423 472
f 422 472 471
f 423 375 424
f 423 424 472
f 1278 1284 1281
f 1328 1331 1334
f 1286 1284 1278
f 1336 1328 1334
f 1284 1286 1285
f 1334 1335 1336
f 1306 1305 1318
f 1356 1368 1355
f 1306 1318 1317
f 1356 1367 1368
f 1305 1320 1318
f 1355 1368 1370
f 1320 1305 1321
f 1370 1371 1355
f 1326 1278 1277
f 1376 1327 1328
f 1326 1286 1278
f 1376 1328 1336
f 1324 1322 1321
f 1374 1371 1372
f 1324 1305 1325
f 1374 1375 1355
f 1305 1324 1321
f 1355 1371 1374
f 1320 1319 1318
f 1370 1368 1369
f 1326 1288 1286
f 1376 1336 1338
f 1288 1287 1286
f 1338 1336 1337
f 1289 1288 1325
f 1339 1375 1338
f 1288 1326 1325
f 1338 1375 1376
f 1324 1323 1322
f 1374 1372 1373
f 1302 1291 1289
f 1352 1339 1341
f 1291 1290 1289
f 1341 1339 1340
f 1291 1298 1297
f 1341 1347 1348
f 1296 1291 1297
f 1346 1347 1341
f 1291 1296 1293
f 1341 1343 1346
f 1292 1291 1293
f 1342 1343 1341
f 1304 1303 1305
f 1354 1355 1353
f 1305 1303 1325
f 1355 1375 1353
f 1303 1289 1325
f 1353 1375 1339
f 1303 1302 1289
f 1353 1339 1352
f 1291 1299 1298
f 1341 1348 1349
f 1299 1291 1302
f 1349 1352 1341
f 1300 1299 1301
f 1350 1351 1349
f 1299 1302 1301
f 1349 1351 1352
f 1278 1281 1280
f 1328 1330 1331
f 1278 1280 1279
f 1328 1329 1330
f 1284 1283 1282
f 1334 1332 1333
f 1281 1284 1282
f 1331 1332 1334
f 1313 1316 1315
f 1363 1365 1366
f 1314 1313 1315
f 1364 1365 1363
f 1294 1296 1295
f 1344 1345 1346
f 1296 1294 1293
f 1346 1343 1344
f 1307 1306 1317
f 1357 1367 1356
f 1316 1307 1317
f 1366 1367 1357
f 1310 1313 1312
f 1360 1362 1363
f 1310 1312 1311
f 1360 1361 1362
f 1313 1310 1316
f 1363 1366 1360
f 1310 1307 1316
f 1360 1366 1357
f 1310 1309 1308
f 1360 1358 1359
f 1307 1310 1308
f 1357 1358 1360
f 1377 1378 1428
f 1377 1428 1427
f 1378 1379 1429
f 1378 1429 1428
f 1379 1380 1430
f 1379 1430 1429
f 1380 1381 1431
f 1380 1431 1430
f 1381 1382 1432
f 1381 1432 1431
f 1382 1383 1433
f 1382 1433 1432
f 1383 1384 1434
f 1383 1434 1433
f 1384 1385 1435
f 1384 1435 1434
f 1385 1386 1436
f 1385 1436 1435
f 1386 1387 1437
f 1386 1437 1436
f 1387 1388 1438
f 1387 1438 1437
f 1388 1389 1439
f 1388 1439 1438
f 1389 1390 1440
f 1389 1440 1439
f 1390 1391 1441
f 1390 1441 1440
f 1391 1392 1442
f 1391 1442 1441
f 1392 1393 1443
f 1392 1443 1442
f 1393 1394 1444
f 1393 1444 1443
f 1394 1395 1445
f 1394 1445 1444
f 1395 1396 1446
f 1395 1446 1445
f 1396 1397 1447
f 1396 1447 1446
f 1397 1398 1448
f 1397 1448 1447
f 1398 1399 1449
f 1398 1449 1448
f 1399 1400 1450
f 1399 1450 1449
f 1400 1401 1451
f 1400 1451 1450
f 1401 1402 1452
f 1401 1452 1451
f 1402 1403 1453
f 1402 1453 1452
f 1403 1404 1454
f 1403 1454 1453
f 1404 1405 1455
f 1404 1455 1454
f 1405 1406 1456
f 1405 1456 1455
f 1406 1407 1457
f 1406 1457 1456
f 1407 1408 1458
f 1407 1458 1457
f 1408 1409 1459
f 1408 1459 1458
f 1409 1410 1460
f 1409 1460 1459
f 1410 1411 1461
f 1410 1461 1460
f 1411 1412 1462
f 1411 1462 1461
f 1412 1413 1463
f 1412 1463 1462
f 1413 1414 1464
f 1413 1464 1463
f 1414 1415 1465
f 1414 1465 1464
f 1415 1416 1466
f 1415 1466 1465
f 1416 1417 1467
f 1416 1467 1466
f 1417 1418 1468
f 1417 1468 1467
f 1418 1419 1469
f 1418 1469 1468
f 1419 1420 1470
f 1419 1470 1469
f 1420 1421 1471
f 1420 1471 1470
f 1421 1422 1472
f 1421 1472 1471
f 1422 1423 1473
f 1422 1473 1472
f 1423 1424 1474
f 1423 1474 1473
f 1424 1425 1475
f 1424 1475 1474
f 1425 1426 1476
f 1425 1476 1475
f 1426 1377 1427
f 1426 1427 1476
f 1491 1484 1492
f 1514 1515 1507
f 1478 1477 1499
f 1501 1522 1500
f 1484 1486 1485
f 1507 1508 1509
f 1491 1486 1484
f 1514 1507 1509
f 1497 1499 1498
f 1520 1521 1522
f 1497 1478 1499
f 1520 1522 1501
f 1488 1486 1491
f 1511 1514 1509
f 1486 1488 1487
f 1509 1510 1511
f 1481 1483 1482
f 1504 1505 1506
f 1483 1481 1484
f 1506 1507 1504
f 1481 1494 1484
f 1504 1507 1517
f 1484 1493 1492
f 1507 1515 1516
f 1494 1493 1484
f 1517 1507 1516
f 1497 1495 1494
f 1520 1517 1518
f 1495 1497 1496
f 1518 1519 1520
f 1490 1488 1491
f 1513 1514 1511
f 1488 1490 1489
f 1511 1512 1513
f 1481 1480 1479
f 1504 1502 1503
f 1478 1481 1479
f 1501 1502 1504
f 1481 1497 1494
f 1504 1517 1520
f 1497 1481 1478
f 1520 1501 1504
f 1523 1524 1547
f 1523 1547 1546
f 1524 1525 1548
f 1524 1548 1547
f 1525 1526 1549
f 1525 1549 1548
f 1526 1527 1550
f 1526 1550 1549
f 1527 1528 1551
f 1527 1551 1550
f 1528 1529 1552
f 1528 1552 1551
f 1529 1530 1553
f 1529 1553 1552
f 1530 1531 1554
f 1530 1554 1553
f 1531 1532 1555
f 1531 1555 1554
f 1532 1533 1556
f 1532 1556 1555
f 1533 1534 1557
f 1533 1557 1556
f 1534 1535 1558
f 1534 1558 1557
f 1535 1536 1559
f 1535 1559 1558
f 1536 1537 1560
f 1536 1560 1559
f 1537 1538 1561
f 1537 1561 1560
f 1538 1539 1562
f 1538 1562 1561
f 1539 1540 1563
f 1539 1563 1562
f 1540 1541 1564
f 1540 1564 1563
f 1541 1542 1565
f 1541 1565 1564
f 1542 1543 1566
f 1542 1566 1565
f 1543 1544 1567
f 1543 1567 1566
f 1544 1545 1568
f 1544 1568 1567
f 1545 1523 1546
f 1545 1546 1568
f 1602 1604 1603
f 1647 1648 1649
f 1598 1586 1583
f 1643 1628 1631
f 1602 1578 1604
f 1647 1649 1623
f 1608 1574 1611
f 1653 1656 1619
f 1606 1608 1607
f 1651 1652 1653
f 1608 1606 1574
f 1653 1619 1651
f 1598 1589 1586
f 1643 1631 1634
f 1595 1597 1596
f 1640 1641 1642
f 1598 1597 1595
f 1643 1640 1642
f 1581 1598 1583
f 1626 1628 1643
f 1582 1581 1583
f 1627 1628 1626
f 1581 1599 1598
f 1626 1643 1644
f 1574 1572 1611
f 1619 1656 1617
f 1573 1572 1574
f 1618 1619 1617
f 1570 1572 1571
f 1615 1616 1617
f 1606 1605 1574
f 1651 1619 1650
f 1578 1605 1604
f 1623 1649 1650
f 1592 1598 1595
f 1637 1640 1643
f 1592 1589 1598
f 1637 1643 1634
f 1600 1602 1601
f 1645 1646 1647
f 1600 1599 1602
f 1645 1647 1644
f 1579 1578 1602
f 1624 1647 1623
f 1599 1579 1602
f 1644 1647 1624
f 1579 1581 1580
f 1624 1625 1626
f 1579 1599 1581
f 1624 1626 1644
f 1611 1613 1612
f 1656 1657 1658
f 1613 1570 1569
f 1658 1614 1615
f 1572 1613 1611
f 1617 1656 1658
f 1613 1572 1570
f 1658 1615 1617
f 1605 1576 1574
f 1650 1619 1621
f 1576 1605 1578
f 1621 1623 1650
f 1577 1576 1578
f 1622 1623 1621
f 1576 1575 1574
f 1621 1619 1620
f 1610 1608 1611
f 1655 1656 1653
f 1608 1610 1609
f 1653 1654 1655
f 1586 1589 1587
f 1631 1632 1634
f 1589 1588 1587
f 1634 1632 1633
f 1585 1584 1583
f 1630 1628 1629
f 1586 1585 1583
f 1631 1628 1630
f 1592 1595 1594
f 1637 1639 1640
f 1593 1592 1594
f 1638 1639 1637
f 1589 1592 1590
f 1634 1635 1637
f 1590 1592 1591
f 1635 1636 1637
f 1659 1660 1705
f 1659 1705 1704
f 1660 1661 1706
f 1660 1706 1705
f 1661 1662 1707
f 1661 1707 1706
f 1662 1663 1708
f 1662 1708 1707
f 1663 1664 1709
f 1663 1709 1708
f 1664 1665 1710
f 1664 1710 1709
f 1665 1666 1711
f 1665 1711 1710
f 1666 1667 1712
f 1666 1712 1711
f 1667 1668 1713
f 1667 1713 1712
f 1668 1669 1714
f 1668 1714 1713
f 1669 1670 1715
f 1669 1715 1714
f 1670 1671 1716
f 1670 1716 1715
f 1671 1672 1717
f 1671 1717 1716
f 1672 1673 1718
f 1672 1718 1717
f 1673 1674 1719
f 1673 1719 1718
f 1674 1675 1720
f 1674 1720 1719
f 1675 1676 1721
f 1675 1721 1720
f 1676 1677 1722
f 1676 1722 1721
f 1677 1678 1723
f 1677 1723 1722
f 1678 1679 1724
f 1678 1724 1723
f 1679 1680 1725
f 1679 1725 1724
f 1680 1681 1726
f 1680 1726 1725
f 1681 1682 1727
f 1681 1727 1726
f 1682 1683 1728
f 1682 1728 1727
f 1683 1684 1729
f 1683 1729 1728
f 1684 1685 1730
f 1684 1730 1729
f 1685 1686 1731
f 1685 1731 1730
f 1686 1687 1732
f 1686 1732 1731
f 1687 1688 1733
f 1687 1733 1732
f 1688 1689 1734
f 1688 1734 1733
f 1689 1690 1735
f 1689 1735 1734
f 1690 1691 1736
f 1690 1736 1735
f 1691 1692 1737
f 1691 1737 1736
f 1692 1693 1738
f 1692 1738 1737
f 1693 1694 1739
f 1693 1739 1738
f 1694 1695 1740
f 1694 1740 1739
f 1695 1696 1741
f 1695 1741 1740
f 1696 1697 1742
f 1696 1742 1741
f 1697 1698 1743
f 1697 1743 1742
f 1698 1699 1744
f 1698 1744 1743
f 1699 1700 1745
f 1699 1745 1744
f 1700 1701 1746
f 1700 1746 1745
f 1701 1702 1747
f 1701 1747 1746
f 1702 1703 1748
f 1702 1748 1747
f 1703 1659 1704
f 1703 1704 1748
f 1761 1749 1762
f 1775 1776 1763
f 1761 1750 1749
f 1775 1763 1764
f 1751 1753 1752
f 1765 1766 1767
f 1753 1751 1754
f 1767 1768 1765
f 1757 1756 1755
f 1771 1769 1770
f 1754 1757 1755
f 1768 1769 1771
f 1760 1751 1750
f 1774 1764 1765
f 1760 1750 1761
f 1774 1775 1764
f 1751 1760 1754
f 1765 1768 1774
f 1760 1757 1754
f 1774 1768 1771
f 1760 1759 1758
f 1774 1772 1773
f 1757 1760 1758
f 1771 1772 1774
f 1777 1778 1792
f 1777 1792 1791
f 1778 1779 1793
f 1778 1793 1792
f 1779 1780 1794
f 1779 1794 1793
f 1780 1781 1795
f 1780 1795 1794
f 1781 1782 1796
f 1781 1796 1795
f 1782 1783 1797
f 1782 1797 1796
f 1783 1784 1798
f 1783 1798 1797
f 1784 1785 1799
f 1784 1799 1798
f 1785 1786 1800
f 1785 1800 1799
f 1786 1787 1801
f 1786 1801 1800
f 1787 1788 1802
f 1787 1802 1801
f 1788 1789 1803
f 1788 1803 1802
f 1789 1790 1804
f 1789 1804 1803
f 1790 1777 1791
f 1790 1791 1804
f 2517 2497 2518
f 2539 2540 2519
f 2517 2499 2497
f 2539 2519 2521
f 2499 2498 2497
f 2521 2519 2520
f 2514 2499 2517
f 2536 2539 2521
f 2501 2513 2512
f 2523 2534 2535
f 2513 2501 2500
f 2535 2522 2523
f 2514 2513 2500
f 2536 2522 2535
f 2499 2514 2500
f 2521 2522 2536
f 2514 2516 2515
f 2536 2537 2538
f 2516 2514 2517
f 2538 2539 2536
f 2511 2501 2512
f 2533 2534 2523
f 2511 2502 2501
f 2533 2523 2524
f 2502 2505 2503
f 2524 2525 2527
f 2505 2504 2503
f 2527 2525 2526
f 2505 2508 2506
f 2527 2528 2530
f 2506 2508 2507
f 2528 2529 2530
f 2511 2508 2502
f 2533 2524 2530
f 2508 2505 2502
f 2530 2524 2527
f 2509 2508 2510
f 2531 2532 2530
f 2508 2511 2510
f 2530 2532 2533
f 2541 2542 2564
f 2541 2564 2563
f 2542 2543 2565
f 2542 2565 2564
f 2543 2544 2566
f 2543 2566 2565
f 2544 2545 2567
f 2544 2567 2566
f 2545 2546 2568
f 2545 2568 2567
f 2546 2547 2569
f 2546 2569 2568
f 2547 2548 2570
f 2547 2570 2569
f 2548 2549 2571
f 2548 2571 2570
f 2549 2550 2572
f 2549 2572 2571
f 2550 2551 2573
f 2550 2573 2572
f 2551 2552 2574
f 2551 2574 2573
f 2552 2553 2575
f 2552 2575 2574
f 2553 2554 2576
f 2553 2576 2575
f 2554 2555 2577
f 2554 2577 2576
f 2555 2556 2578
f 2555 2578 2577
f 2556 2557 2579
f 2556 2579 2578
f 2557 2558 2580
f 2557 2580 2579
f 2558 2559 2581
f 2558 2581 2580
f 2559 2560 2582
f 2559 2582 2581
f 2560 2561 2583
f 2560 2583 2582
f 2561 2562 2584
f 2561 2584 2583
f 2562 2541 2563
f 2562 2563 2584
f 2600 2589 2588
f 2655 2643 2644
f 2587 2635 2588
f 2642 2643 2690
f 2639 2587 2585
f 2694 2640 2642
f 2587 2586 2585
f 2642 2640 2641
f 2603 2602 2634
f 2658 2689 2657
f 2602 2635 2634
f 2657 2689 2690
f 2635 2602 2588
f 2690 2643 2657
f 2602 2600 2588
f 2657 2643 2655
f 2638 2587 2639
f 2693 2694 2642
f 2587 2638 2635
f 2642 2690 2693
f 2632 2603 2634
f 2687 2689 2658
f 2633 2632 2634
f 2688 2689 2687
f 2616 2632 2626
f 2671 2681 2687
f 2630 2632 2631
f 2685 2686 2687
f 2638 2636 2635
f 2693 2690 2691
f 2602 2601 2600
f 2657 2655 2656
f 2599 2593 2590
f 2654 2645 2648
f 2599 2590 2589
f 2654 2644 2645
f 2600 2599 2589
f 2655 2644 2654
f 2624 2617 2625
f 2679 2680 2672
f 2619 2617 2624
f 2674 2679 2672
f 2617 2619 2618
f 2672 2673 2674
f 2617 2626 2625
f 2672 2680 2681
f 2617 2616 2626
f 2672 2681 2671
f 2632 2627 2626
f 2687 2681 2682
f 2630 2627 2632
f 2685 2687 2682
f 2637 2636 2638
f 2692 2693 2691
f 2614 2632 2616
f 2669 2671 2687
f 2632 2614 2603
f 2687 2658 2669
f 2599 2596 2593
f 2654 2648 2651
f 2607 2605 2604
f 2662 2659 2660
f 2606 2605 2607
f 2661 2662 2660
f 2612 2610 2613
f 2667 2668 2665
f 2610 2612 2611
f 2665 2666 2667
f 2615 2614 2616
f 2670 2671 2669
f 2621 2620 2619
f 2676 2674 2675
f 2621 2619 2624
f 2676 2679 2674
f 2598 2596 2599
f 2653 2654 2651
f 2598 2597 2596
f 2653 2651 2652
f 2593 2591 2590
f 2648 2645 2646
f 2591 2593 2592
f 2646 2647 2648
f 2627 2630 2629
f 2682 2684 2685
f 2627 2629 2628
f 2682 2683 2684
f 2614 2613 2604
f 2669 2659 2668
f 2614 2604 2603
f 2669 2658 2659
f 2596 2595 2594
f 2651 2649 2650
f 2593 2596 2594
f 2648 2649 2651
f 2608 2610 2609
f 2663 2664 2665
f 2607 2610 2608
f 2662 2663 2665
f 2613 2610 2604
f 2668 2659 2665
f 2610 2607 2604
f 2665 2659 2662
f 2621 2624 2623
f 2676 2678 2679
f 2621 2623 2622
f 2676 2677 2678
f 2695 2696 2751
f 2695 2751 2750
f 2696 2697 2752
f 2696 2752 2751
f 2697 2698 2753
f 2697 2753 2752
f 2698 2699 2754
f 2698 2754 2753
f 2699 2700 2755
f 2699 2755 2754
f 2700 2701 2756
f 2700 2756 2755
f 2701 2702 2757
f 2701 2757 2756
f 2702 2703 2758
f 2702 2758 2757
f 2703 2704 2759
f 2703 2759 2758
f 2704 2705 2760
f 2704 2760 2759
f 2705 2706 2761
f 2705 2761 2760
f 2706 2707 2762
f 2706 2762 2761
f 2707 2708 2763
f 2707 2763 2762
f 2708 2709 2764
f 2708 2764 2763
f 2709 2710 2765
f 2709 2765 2764
f 2710 2711 2766
f 2710 2766 2765
f 2711 2712 2767
f 2711 2767 2766
f 2712 2713 2768
f 2712 2768 2767
f 2713 2714 2769
f 2713 2769 2768
f 2714 2715 2770
f 2714 2770 2769
f 2715 2716 2771
f 2715 2771 2770
f 2716 2717 2772
f 2716 2772 2771
f 2717 2718 2773
f 2717 2773 2772
f 2718 2719 2774
f 2718 2774 2773
f 2719 2720 2775
f 2719 2775 2774
f 2720 2721 2776
f 2720 2776 2775
f 2721 2722 2777
f 2721 2777 2776
f 2722 2723 2778
f 2722 2778 2777
f 2723 2724 2779
f 2723 2779 2778
f 2724 2725 2780
f 2724 2780 2779
f 2725 2726 2781
f 2725 2781 2780
f 2726 2727 2782
f 2726 2782 2781
f 2727 2728 2783
f 2727 2783 2782
f 2728 2729 2784
f 2728 2784 2783
f 2729 2730 2785
f 2729 2785 2784
f 2730 2731 2786
f 2730 2786 2785
f 2731 2732 2787
f 2731 2787 2786
f 2732 2733 2788
f 2732 2788 2787
f 2733 2734 2789
f 2733 2789 2788
f 2734 2735 2790
f 2734 2790 2789
f 2735 2736 2791
f 2735 2791 2790
f 2736 2737 2792
f 2736 2792 2791
f 2737 2738 2793
f 2737 2793 2792
f 2738 2739 2794
f 2738 2794 2793
f 2739 2740 2795
f 2739 2795 2794
f 2740 2741 2796
f 2740 2796 2795
f 2741 2742 2797
f 2741 2797 2796
f 2742 2743 2798
f 2742 2798 2797
f 2743 2744 2799
f 2743 2799 2798
f 2744 2745 2800
f 2744 2800 2799
f 2745 2746 2801
f 2745 2801 2800
f 2746 2747 2802
f 2746 2802 2801
f 2747 2748 2803
f 2747 2803 2802
f 2748 2749 2804
f 2748 2804 2803
f 2749 2695 2750
f 2749 2750 2804
f 2827 2829 2828
f 2860 2861 2862
f 2809 2833 2811
f 2842 2844 2866
f 2809 2806 2833
f 2842 2866 2839
f 2813 2822 2821
f 2846 2854 2855
f 2820 2813 2821
f 2853 2854 2846
f 2814 2813 2815
f 2847 2848 2846
f 2813 2820 2815
f 2846 2848 2853
f 2827 2826 2829
f 2860 2862 2859
f 2806 2835 2833
f 2839 2866 2868
f 2835 2806 2805
f 2868 2838 2839
f 2837 2835 2805
f 2870 2838 2868
f 2835 2837 2836
f 2868 2869 2870
f 2810 2809 2811
f 2843 2844 2842
f 2820 2817 2815
f 2853 2848 2850
f 2815 2817 2816
f 2848 2849 2850
f 2813 2812 2811
f 2846 2844 2845
f 2823 2826 2825
f 2856 2858 2859
f 2823 2825 2824
f 2856 2857 2858
f 2826 2823 2811
f 2859 2844 2856
f 2823 2813 2811
f 2856 2844 2846
f 2813 2823 2822
f 2846 2855 2856
f 2807 2806 2809
f 2840 2842 2839
f 2808 2807 2809
f 2841 2842 2840
f 2832 2831 2833
f 2865 2866 2864
f 2833 2831 2811
f 2866 2844 2864
f 2831 2826 2811
f 2864 2844 2859
f 2826 2831 2829
f 2859 2862 2864
f 2831 2830 2829
f 2864 2862 2863
f 2835 2834 2833
f 2868 2866 2867
f 2817 2820 2819
f 2850 2852 2853
f 2817 2819 2818
f 2850 2851 2852
f 2871 2872 2905
f 2871 2905 2904
f 2872 2873 2906
f 2872 2906 2905
f 2873 2874 2907
f 2873 2907 2906
f 2874 2875 2908
f 2874 2908 2907
f 2875 2876 2909
f 2875 2909 2908
f 2876 2877 2910
f 2876 2910 2909
f 2877 2878 2911
f 2877 2911 2910
f 2878 2879 2912
f 2878 2912 2911
f 2879 2880 2913
f 2879 2913 2912
f 2880 2881 2914
f 2880 2914 2913
f 2881 2882 2915
f 2881 2915 2914
f 2882 2883 2916
f 2882 2916 2915
f 2883 2884 2917
f 2883 2917 2916
f 2884 2885 2918
f 2884 2918 2917
f 2885 2886 2919
f 2885 2919 2918
f 2886 2887 2920
f 2886 2920 2919
f 2887 2888 2921
f 2887 2921 2920
f 2888 2889 2922
f 2888 2922 2921
f 2889 2890 2923
f 2889 2923 2922
f 2890 2891 2924
f 2890 2924 2923
f 2891 2892 2925
f 2891 2925 2924
f 2892 2893 2926
f 2892 2926 2925
f 2893 2894 2927
f 2893 2927 2926
f 2894 2895 2928
f 2894 2928 2927
f 2895 2896 2929
f 2895 2929 2928
f 2896 2897 2930
f 2896 2930 2929
f 2897 2898 2931
f 2897 2931 2930
f 2898 2899 2932
f 2898 2932 2931
f 2899 2900 2933
f 2899 2933 2932
f 2900 2901 2934
f 2900 2934 2933
f 2901 2902 2935
f 2901 2935 2934
f 2902 2903 2936
f 2902 2936 2935
f 2903 2871 2904
f 2903 2904 2936
f 4224 4237 4225
f 4291 4292 4304
f 4241 4224 4223
f 4308 4290 4291
f 4241 4240 4224
f 4308 4291 4307
f 4238 4237 4224
f 4305 4291 4304
f 4240 4238 4224
f 4307 4291 4305
f 4221 4220 4222
f 4288 4289 4287
f 4194 4207 4195
f 4261 4262 4274
f 4204 4197 4205
f 4271 4272 4264
f 4197 4195 4205
f 4264 4272 4262
f 4243 4242 4241
f 4310 4308 4309
f 4207 4209 4208
f 4274 4275 4276
f 4220 4219 4222
f 4287 4289 4286
f 4219 4243 4241
f 4286 4308 4310
f 4219 4241 4223
f 4286 4290 4308
f 4222 4219 4223
f 4289 4290 4286
f 4195 4206 4205
f 4262 4272 4273
f 4207 4206 4195
f 4274 4262 4273
f 4210 4207 4194
f 4277 4261 4274
f 4210 4209 4207
f 4277 4274 4276
f 4199 4201 4200
f 4266 4267 4268
f 4201 4199 4204
f 4268 4271 4266
f 4199 4197 4204
f 4266 4271 4264
f 4239 4238 4240
f 4306 4307 4305
f 4236 4235 4237
f 4303 4304 4302
f 4237 4235 4225
f 4304 4292 4302
f 4212 4214 4213
f 4279 4280 4281
f 4214 4212 4211
f 4281 4278 4279
f 4193 4192 4194
f 4260 4261 4259
f 4210 4216 4211
f 4277 4278 4283
f 4216 4210 4194
f 4283 4261 4277
f 4216 4214 4211
f 4283 4278 4281
f 4247 4189 4255
f 4314 4322 4256
f 4190 4189 4191
f 4257 4258 4256
f 4199 4198 4197
f 4266 4264 4265
f 4234 4227 4226
f 4301 4293 4294
f 4234 4226 4225
f 4301 4292 4293
f 4235 4234 4225
f 4302 4292 4301
f 4192 4246 4244
f 4259 4311 4313
f 4246 4192 4191
f 4313 4258 4259
f 4189 4246 4191
f 4256 4258 4313
f 4246 4189 4247
f 4313 4314 4256
f 4218 4192 4244
f 4285 4311 4259
f 4243 4218 4244
f 4310 4311 4285
f 4219 4218 4243
f 4286 4310 4285
f 4216 4215 4214
f 4283 4281 4282
f 4197 4196 4195
f 4264 4262 4263
f 4246 4245 4244
f 4313 4311 4312
f 4254 4247 4255
f 4321 4322 4314
f 4218 4217 4216
f 4285 4283 4284
f 4232 4234 4233
f 4299 4300 4301
f 4230 4232 4231
f 4297 4298 4299
f 4232 4230 4227
f 4299 4294 4297
f 4234 4232 4227
f 4301 4294 4299
f 4249 4248 4247
f 4316 4314 4315
f 4254 4249 4247
f 4321 4314 4316
f 4249 4251 4250
f 4316 4317 4318
f 4251 4249 4254
f 4318 4321 4316
f 4202 4201 4203
f 4269 4270 4268
f 4201 4204 4203
f 4268 4270 4271
f 4218 4216 4194
f 4285 4261 4283
f 4192 4218 4194
f 4259 4261 4285
f 4230 4229 4228
f 4297 4295 4296
f 4227 4230 4228
f 4294 4295 4297
f 4251 4253 4252
f 4318 4319 4320
f 4251 4254 4253
f 4318 4320 4321
f 4323 4324 4391
f 4323 4391 4390
f 4324 4325 4392
f 4324 4392 4391
f 4325 4326 4393
f 4325 4393 4392
f 4326 4327 4394
f 4326 4394 4393
f 4327 4328 4395
f 4327 4395 4394
f 4328 4329 4396
f 4328 4396 4395
f 4329 4330 4397
f 4329 4397 4396
f 4330 4331 4398
f 4330 4398 4397
f 4331 4332 4399
f 4331 4399 4398
f 4332 4333 4400
f 4332 4400 4399
f 4333 4334 4401
f 4333 4401 4400
f 4334 4335 4402
f 4334 4402 4401
f 4335 4336 4403
f 4335 4403 4402
f 4336 4337 4404
f 4336 4404 4403
f 4337 4338 4405
f 4337 4405 4404
f 4338 4339 4406
f 4338 4406 4405
f 4339 4340 4407
f 4339 4407 4406
f 4340 4341 4408
f 4340 4408 4407
f 4341 4342 4409
f 4341 4409 4408
f 4342 4343 4410
f 4342 4410 4409
f 4343 4344 4411
f 4343 4411 4410
f 4344 4345 4412
f 4344 4412 4411
f 4345 4346 4413
f 4345 4413 4412
f 4346 4347 4414
f 4346 4414 4413
f 4347 4348 4415
f 4347 4415 4414
f 4348 4349 4416
f 4348 4416 4415
f 4349 4350 4417
f 4349 4417 4416
f 4350 4351 4418
f 4350 4418 4417
f 4351 4352 4419
f 4351 4419 4418
f 4352 4353 4420
f 4352 4420 4419
f 4353 4354 4421
f 4353 4421 4420
f 4354 4355 4422
f 4354 4422 4421
f 4355 4356 4423
f 4355 4423 4422
f 4356 4357 4424
f 4356 4424 4423
f 4357 4358 4425
f 4357 4425 4424
f 4358 4359 4426
f 4358 4426 4425
f 4359 4360 4427
f 4359 4427 4426
f 4360 4361 4428
f 4360 4428 4427
f 4361 4362 4429
f 4361 4429 4428
f 4362 4363 4430
f 4362 4430 4429
f 4363 4364 4431
f 4363 4431 4430
f 4364 4365 4432
f 4364 4432 4431
f 4365 4366 4433
f 4365 4433 4432
f 4366 4367 4434
f 4366 4434 4433
f 4367 4368 4435
f 4367 4435 4434
f 4368 4369 4436
f 4368 4436 4435
f 4369 4370 4437
f 4369 4437 4436
f 4370 4371 4438
f 4370 4438 4437
f 4371 4372 4439
f 4371 4439 4438
f 4372 4373 4440
f 4372 4440 4439
f 4373 4374 4441
f 4373 4441 4440
f 4374 4375 4442
f 4374 4442 4441
f 4375 4376 4443
f 4375 4443 4442
f 4376 4377 4444
f 4376 4444 4443
f 4377 4378 4445
f 4377 4445 4444
f 4378 4379 4446
f 4378 4446 4445
f 4379 4380 4447
f 4379 4447 4446
f 4380 4381 4448
f 4380 4448 4447
f 4381 4382 4449
f 4381 4449 4448
f 4382 4383 4450
f 4382 4450 4449
f 4383 4384 4451
f 4383 4451 4450
f 4384 4385 4452
f 4384 4452 4451
f 4385 4386 4453
f 4385 4453 4452
f 4386 4387 4454
f 4386 4454 4453
f 4387 4388 4455
f 4387 4455 4454
f 4388 4389 4456
f 4388 4456 4455
f 4389 4323 4390
f 4389 4390 4456
f 4467 4466 4478
f 4489 4500 4488
f 4466 4457 4478
f 4488 4500 4479
f 4457 4459 4458
f 4479 4480 4481
f 4465 4462 4459
f 4487 4481 4484
f 4465 4457 4466
f 4487 4488 4479
f 4465 4459 4457
f 4487 4479 4481
f 4477 4476 4475
f 4499 4497 4498
f 4474 4477 4475
f 4496 4497 4499
f 4473 4471 4474
f 4495 4496 4493
f 4471 4473 4472
f 4493 4494 4495
f 4477 4468 4478
f 4499 4500 4490
f 4468 4467 4478
f 4490 4500 4489
f 4468 4477 4474
f 4490 4496 4499
f 4471 4468 4474
f 4493 4496 4490
f 4470 4468 4471
f 4492 4493 4490
f 4468 4470 4469
f 4490 4491 4492
f 4459 4462 4460
f 4481 4482 4484
f 4462 4461 4460
f 4484 4482 4483
f 4462 4465 4463
f 4484 4485 4487
f 4465 4464 4463
f 4487 4485 4486
f 4501 4502 4524
f 4501 4524 4523
f 4502 4503 4525
f 4502 4525 4524
f 4503 4504 4526
f 4503 4526 4525
f 4504 4505 4527
f 4504 4527 4526
f 4505 4506 4528
f 4505 4528 4527
f 4506 4507 4529
f 4506 4529 4528
f 4507 4508 4530
f 4507 4530 4529
f 4508 4509 4531
f 4508 4531 4530
f 4509 4510 4532
f 4509 4532 4531
f 4510 4511 4533
f 4510 4533 4532
f 4511 4512 4534
f 4511 4534 4533
f 4512 4513 4535
f 4512 4535 4534
f 4513 4514 4536
f 4513 4536 4535
f 4514 4515 4537
f 4514 4537 4536
f 4515 4516 4538
f 4515 4538 4537
f 4516 4517 4539
f 4516 4539 4538
f 4517 4518 4540
f 4517 4540 4539
f 4518 4519 4541
f 4518 4541 4540
f 4519 4520 4542
f 4519 4542 4541
f 4520 4521 4543
f 4520 4543 4542
f 4521 4522 4544
f 4521 4544 4543
f 4522 4501 4523
f 4522 4523 4544
f 4600 4599 4598
f 4665 4663 4664
f 4597 4600 4598
f 4662 4663 4665
f 4545 4547 4546
f 4610 4611 4612
f 4582 4581 4583
f 4647 4648 4646
f 4583 4569 4594
f 4648 4659 4634
f 4581 4569 4583
f 4646 4648 4634
f 4569 4566 4594
f 4634 4659 4631
f 4547 4555 4550
f 4612 4615 4620
f 4545 4555 4547
f 4610 4612 4620
f 4558 4604 4563
f 4623 4628 4669
f 4586 4593 4587
f 4651 4652 4658
f 4585 4584 4586
f 4650 4651 4649
f 4584 4583 4594
f 4649 4659 4648
f 4593 4584 4594
f 4658 4659 4649
f 4584 4593 4586
f 4649 4651 4658
f 4570 4569 4581
f 4635 4646 4634
f 4565 4564 4563
f 4630 4628 4629
f 4597 4565 4563
f 4662 4628 4630
f 4609 4555 4545
f 4674 4610 4620
f 4607 4606 4608
f 4672 4673 4671
f 4557 4604 4558
f 4622 4623 4669
f 4557 4609 4608
f 4622 4673 4674
f 4609 4557 4555
f 4674 4620 4622
f 4602 4597 4563
f 4667 4628 4662
f 4604 4602 4563
f 4669 4628 4667
f 4597 4602 4600
f 4662 4665 4667
f 4600 4602 4601
f 4665 4666 4667
f 4555 4553 4550
f 4620 4615 4618
f 4596 4595 4594
f 4661 4659 4660
f 4596 4565 4597
f 4661 4662 4630
f 4566 4596 4594
f 4631 4659 4661
f 4565 4596 4566
f 4630 4631 4661
f 4591 4593 4592
f 4656 4657 4658
f 4593 4591 4587
f 4658 4652 4656
f 4605 4557 4608
f 4670 4673 4622
f 4557 4605 4604
f 4622 4669 4670
f 4606 4605 4608
f 4671 4673 4670
f 4603 4602 4604
f 4668 4669 4667
f 4557 4556 4555
f 4622 4620 4621
f 4561 4558 4563
f 4626 4628 4623
f 4561 4559 4558
f 4626 4623 4624
f 4559 4561 4560
f 4624 4625 4626
f 4589 4591 4590
f 4654 4655 4656
f 4589 4588 4587
f 4654 4652 4653
f 4591 4589 4587
f 4656 4652 4654
f 4580 4579 4581
f 4645 4646 4644
f 4579 4570 4581
f 4644 4646 4635
f 4579 4576 4570
f 4644 4635 4641
f 4576 4573 4570
f 4641 4635 4638
f 4554 4553 4555
f 4619 4620 4618
f 4562 4561 4563
f 4627 4628 4626
f 4573 4571 4570
f 4638 4635 4636
f 4572 4571 4573
f 4637 4638 4636
f 4547 4550 4549
f 4612 4614 4615
f 4547 4549 4548
f 4612 4613 4614
f 4553 4551 4550
f 4618 4615 4616
f 4551 4553 4552
f 4616 4617 4618
f 4568 4567 4566
f 4633 4631 4632
f 4568 4566 4569
f 4633 4634 4631
f 4576 4579 4577
f 4641 4642 4644
f 4579 4578 4577
f 4644 4642 4643
f 4573 4576 4575
f 4638 4640 4641
f 4573 4575 4574
f 4638 4639 4640
f 4675 4676 4741
f 4675 4741 4740
f 4676 4677 4742
f 4676 4742 4741
f 4677 4678 4743
f 4677 4743 4742
f 4678 4679 4744
f 4678 4744 4743
f 4679 4680 4745
f 4679 4745 4744
f 4680 4681 4746
f 4680 4746 4745
f 4681 4682 4747
f 4681 4747 4746
f 4682 4683 4748
f 4682 4748 4747
f 4683 4684 4749
f 4683 4749 4748
f 4684 4685 4750
f 4684 4750 4749
f 4685 4686 4751
f 4685 4751 4750
f 4686 4687 4752
f 4686 4752 4751
f 4687 4688 4753
f 4687 4753 4752
f 4688 4689 4754
f 4688 4754 4753
f 4689 4690 4755
f 4689 4755 4754
f 4690 4691 4756
f 4690 4756 4755
f 4691 4692 4757
f 4691 4757 4756
f 4692 4693 4758
f 4692 4758 4757
f 4693 4694 4759
f 4693 4759 4758
f 4694 4695 4760
f 4694 4760 4759
f 4695 4696 4761
f 4695 4761 4760
f 4696 4697 4762
f 4696 4762 4761
f 4697 4698 4763
f 4697 4763 4762
f 4698 4699 4764
f 4698 4764 4763
f 4699 4700 4765
f 4699 4765 4764
f 4700 4701 4766
f 4700 4766 4765
f 4701 4702 4767
f 4701 4767 4766
f 4702 4703 4768
f 4702 4768 4767
f 4703 4704 4769
f 4703 4769 4768
f 4704 4705 4770
f 4704 4770 4769
f 4705 4706 4771
f 4705 4771 4770
f 4706 4707 4772
f 4706 4772 4771
f 4707 4708 4773
f 4707 4773 4772
f 4708 4709 4774
f 4708 4774 4773
f 4709 4710 4775
f 4709 4775 4774
f 4710 4711 4776
f 4710 4776 4775
f 4711 4712 4777
f 4711 4777 4776
f 4712 4713 4778
f 4712 4778 4777
f 4713 4714 4779
f 4713 4779 4778
f 4714 4715 4780
f 4714 4780 4779
f 4715 4716 4781
f 4715 4781 4780
f 4716 4717 4782
f 4716 4782 4781
f 4717 4718 4783
f 4717 4783 4782
f 4718 4719 4784
f 4718 4784 4783
f 4719 4720 4785
f 4719 4785 4784
f 4720 4721 4786
f 4720 4786 4785
f 4721 4722 4787
f 4721 4787 4786
f 4722 4723 4788
f 4722 4788 4787
f 4723 4724 4789
f 4723 4789 4788
f 4724 4725 4790
f 4724 4790 4789
f 4725 4726 4791
f 4725 4791 4790
f 4726 4727 4792
f 4726 4792 4791
f 4727 4728 4793
f 4727 4793 4792
f 4728 4729 4794
f 4728 4794 4793
f 4729 4730 4795
f 4729 4795 4794
f 4730 4731 4796
f 4730 4796 4795
f 4731 4732 4797
f 4731 4797 4796
f 4732 4733 4798
f 4732 4798 4797
f 4733 4734 4799
f 4733 4799 4798
f 4734 4735 4800
f 4734 4800 4799
f 4735 4736 4801
f 4735 4801 4800
f 4736 4737 4802
f 4736 4802 4801
f 4737 4738 4803
f 4737 4803 4802
f 4738 4739 4804
f 4738 4804 4803
f 4739 4675 4740
f 4739 4740 4804
f 5355 5353 5337
f 5374 5356 5372
f 5353 5355 5354
f 5372 5373 5374
f 5338 5347 5344
f 5357 5363 5366
f 5341 5339 5344
f 5360 5363 5358
f 5339 5338 5344
f 5358 5363 5357
f 5339 5341 5340
f 5358 5359 5360
f 5353 5350 5337
f 5372 5356 5369
f 5343 5342 5344
f 5362 5363 5361
f 5342 5341 5344
f 5361 5363 5360
f 5352 5350 5353
f 5371 5372 5369
f 5350 5352 5351
f 5369 5370 5371
f 5347 5350 5348
f 5366 5367 5369
f 5350 5349 5348
f 5369 5367 5368
f 5350 5338 5337
f 5369 5356 5357
f 5350 5347 5338
f 5369 5357 5366
f 5346 5345 5344
f 5365 5363 5364
f 5347 5346 5344
f 5366 5363 5365
f 5375 5376 5395
f 5375 5395 5394
f 5376 5377 5396
f 5376 5396 5395
f 5377 5378 5397
f 5377 5397 5396
f 5378 5379 5398
f 5378 5398 5397
f 5379 5380 5399
f 5379 5399 5398
f 5380 5381 5400
f 5380 5400 5399
f 5381 5382 5401
f 5381 5401 5400
f 5382 5383 5402
f 5382 5402 5401
f 5383 5384 5403
f 5383 5403 5402
f 5384 5385 5404
f 5384 5404 5403
f 5385 5386 5405
f 5385 5405 5404
f 5386 5387 5406
f 5386 5406 5405
f 5387 5388 5407
f 5387 5407 5406
f 5388 5389 5408
f 5388 5408 5407
f 5389 5390 5409
f 5389 5409 5408
f 5390 5391 5410
f 5390 5410 5409
f 5391 5392 5411
f 5391 5411 5410
f 5392 5393 5412
f 5392 5412 5411
f 5393 5375 5394
f 5393 5394 5412
f 5883 5881 5861
f 5906 5884 5904
f 5881 5883 5882
f 5904 5905 5906
f 5881 5862 5861
f 5904 5884 5885
f 5880 5862 5881
f 5903 5904 5885
f 5862 5880 5879
f 5885 5902 5903
f 5878 5862 5879
f 5901 5902 5885
f 5873 5872 5865
f 5896 5888 5895
f 5875 5874 5865
f 5898 5888 5897
f 5874 5873 5865
f 5897 5888 5896
f 5867 5866 5865
f 5890 5888 5889
f 5872 5867 5865
f 5895 5888 5890
f 5869 5867 5872
f 5892 5895 5890
f 5867 5869 5868
f 5890 5891 5892
f 5875 5878 5876
f 5898 5899 5901
f 5878 5877 5876
f 5901 5899 5900
f 5862 5878 5875
f 5885 5898 5901
f 5862 5875 5865
f 5885 5888 5898
f 5863 5862 5865
f 5886 5888 5885
f 5864 5863 5865
f 5887 5888 5886
f 5871 5869 5872
f 5894 5895 5892
f 5869 5871 5870
f 5892 5893 5894
f 5907 5908 5931
f 5907 5931 5930
f 5908 5909 5932
f 5908 5932 5931
f 5909 5910 5933
f 5909 5933 5932
f 5910 5911 5934
f 5910 5934 5933
f 5911 5912 5935
f 5911 5935 5934
f 5912 5913 5936
f 5912 5936 5935
f 5913 5914 5937
f 5913 5937 5936
f 5914 5915 5938
f 5914 5938 5937
f 5915 5916 5939
f 5915 5939 5938
f 5916 5917 5940
f 5916 5940 5939
f 5917 5918 5941
f 5917 5941 5940
f 5918 5919 5942
f 5918 5942 5941
f 5919 5920 5943
f 5919 5943 5942
f 5920 5921 5944
f 5920 5944 5943
f 5921 5922 5945
f 5921 5945 5944
f 5922 5923 5946
f 5922 5946 5945
f 5923 5924 5947
f 5923 5947 5946
f 5924 5925 5948
f 5924 5948 5947
f 5925 5926 5949
f 5925 5949 5948
f 5926 5927 5950
f 5926 5950 5949
f 5927 5928 5951
f 5927 5951 5950
f 5928 5929 5952
f 5928 5952 5951
f 5929 5907 5930
f 5929 5930 5952
f 6143 6142 6141
f 6232 6230 6231
f 6195 6194 6193
f 6284 6282 6283
f 6143 6219 6144
f 6232 6233 6308
f 6152 6150 6208
f 6241 6297 6239
f 6225 6223 6228
f 6314 6317 6312
f 6225 6224 6223
f 6314 6312 6313
f 6150 6215 6208
f 6239 6297 6304
f 6184 6181 6174
f 6273 6263 6270
f 6187 6184 6174
f 6276 6263 6273
f 6173 6187 6174
f 6262 6263 6276
f 6187 6173 6188
f 6276 6277 6262
f 6152 6161 6153
f 6241 6242 6250
f 6161 6152 6163
f 6250 6252 6241
f 6206 6164 6208
f 6295 6297 6253
f 6164 6152 6208
f 6253 6297 6241
f 6152 6164 6163
f 6241 6252 6253
f 6207 6206 6208
f 6296 6297 6295
f 6221 6229 6228
f 6310 6317 6318
f 6223 6221 6228
f 6312 6317 6310
f 6222 6221 6223
f 6311 6312 6310
f 6229 6221 6141
f 6318 6230 6310
f 6221 6143 6141
f 6310 6230 6232
f 6221 6219 6143
f 6310 6232 6308
f 6210 6209 6208
f 6299 6297 6298
f 6215 6210 6208
f 6304 6297 6299
f 6149 6215 6150
f 6238 6239 6304
f 6219 6218 6144
f 6308 6233 6307
f 6218 6145 6144
f 6307 6233 6234
f 6184 6186 6185
f 6273 6274 6275
f 6187 6186 6184
f 6276 6273 6275
f 6161 6154 6153
f 6250 6242 6243
f 6162 6161 6163
f 6251 6252 6250
f 6205 6204 6203
f 6294 6292 6293
f 6167 6205 6170
f 6256 6259 6294
f 6205 6203 6170
f 6294 6259 6292
f 6221 6220 6219
f 6310 6308 6309
f 6152 6151 6150
f 6241 6239 6240
f 6172 6171 6173
f 6261 6262 6260
f 6203 6171 6170
f 6292 6259 6260
f 6191 6171 6203
f 6280 6292 6260
f 6173 6171 6188
f 6262 6277 6260
f 6171 6191 6188
f 6260 6277 6280
f 6192 6203 6202
f 6281 6291 6292
f 6192 6191 6203
f 6281 6292 6280
f 6201 6192 6202
f 6290 6291 6281
f 6192 6195 6193
f 6281 6282 6284
f 6198 6192 6201
f 6287 6290 6281
f 6192 6198 6195
f 6281 6284 6287
f 6166 6165 6164
f 6255 6253 6254
f 6166 6164 6206
f 6255 6295 6253
f 6205 6166 6206
f 6294 6295 6255
f 6166 6205 6167
f 6255 6256 6294
f 6213 6210 6215
f 6302 6304 6299
f 6214 6213 6215
f 6303 6304 6302
f 6218 6217 6145
f 6307 6234 6306
f 6217 6146 6145
f 6306 6234 6235
f 6217 6216 6215
f 6306 6304 6305
f 6149 6217 6215
f 6238 6304 6306
f 6146 6217 6149
f 6235 6238 6306
f 6148 6146 6149
f 6237 6238 6235
f 6148 6147 6146
f 6237 6235 6236
f 6159 6158 6157
f 6248 6246 6247
f 6160 6159 6161
f 6249 6250 6248
f 6154 6159 6157
f 6243 6246 6248
f 6159 6154 6161
f 6248 6250 6243
f 6176 6178 6177
f 6265 6266 6267
f 6176 6175 6174
f 6265 6263 6264
f 6178 6176 6181
f 6267 6270 6265
f 6181 6176 6174
f 6270 6263 6265
f 6225 6227 6226
f 6314 6315 6316
f 6227 6225 6228
f 6316 6317 6314
f 6181 6184 6183
f 6270 6272 6273
f 6181 6183 6182
f 6270 6271 6272
f 6167 6169 6168
f 6256 6257 6258
f 6169 6167 6170
f 6258 6259 6256
f 6200 6198 6201
f 6289 6290 6287
f 6198 6200 6199
f 6287 6288 6289
f 6198 6197 6196
f 6287 6285 6286
f 6195 6198 6196
f 6284 6285 6287
f 6190 6189 6188
f 6279 6277 6278
f 6191 6190 6188
f 6280 6277 6279
f 6155 6154 6157
f 6244 6246 6243
f 6156 6155 6157
f 6245 6246 6244
f 6213 6212 6211
f 6302 6300 6301
f 6210 6213 6211
f 6299 6300 6302
f 6179 6178 6181
f 6268 6270 6267
f 6180 6179 6181
f 6269 6270 6268
f 6319 6320 6409
f 6319 6409 6408
f 6320 6321 6410
f 6320 6410 6409
f 6321 6322 6411
f 6321 6411 6410
f 6322 6323 6412
f 6322 6412 6411
f 6323 6324 6413
f 6323 6413 6412
f 6324 6325 6414
f 6324 6414 6413
f 6325 6326 6415
f 6325 6415 6414
f 6326 6327 6416
f 6326 6416 6415
f 6327 6328 6417
f 6327 6417 6416
f 6328 6329 6418
f 6328 6418 6417
f 6329 6330 6419
f 6329 6419 6418
f 6330 6331 6420
f 6330 6420 6419
f 6331 6332 6421
f 6331 6421 6420
f 6332 6333 6422
f 6332 6422 6421
f 6333 6334 6423
f 6333 6423 6422
f 6334 6335 6424
f 6334 6424 6423
f 6335 6336 6425
f 6335 6425 6424
f 6336 6337 6426
f 6336 6426 6425
f 6337 6338 6427
f 6337 6427 6426
f 6338 6339 6428
f 6338 6428 6427
f 6339 6340 6429
f 6339 6429 6428
f 6340 6341 6430
f 6340 6430 6429
f 6341 6342 6431
f 6341 6431 6430
f 6342 6343 6432
f 6342 6432 6431
f 6343 6344 6433
f 6343 6433 6432
f 6344 6345 6434
f 6344 6434 6433
f 6345 6346 6435
f 6345 6435 6434
f 6346 6347 6436
f 6346 6436 6435
f 6347 6348 6437
f 6347 6437 6436
f 6348 6349 6438
f 6348 6438 6437
f 6349 6350 6439
f 6349 6439 6438
f 6350 6351 6440
f 6350 6440 6439
f 6351 6352 6441
f 6351 6441 6440
f 6352 6353 6442
f 6352 6442 6441
f 6353 6354 6443
f 6353 6443 6442
f 6354 6355 6444
f 6354 6444 6443
f 6355 6356 6445
f 6355 6445 6444
f 6356 6357 6446
f 6356 6446 6445
f 6357 6358 6447
f 6357 6447 6446
f 6358 6359 6448
f 6358 6448 6447
f 6359 6360 6449
f 6359 6449 6448
f 6360 6361 6450
f 6360 6450 6449
f 6361 6362 6451
f 6361 6451 6450
f 6362 6363 6452
f 6362 6452 6451
f 6363 6364 6453
f 6363 6453 6452
f 6364 6365 6454
f 6364 6454 6453
f 6365 6366 6455
f 6365 6455 6454
f 6366 6367 6456
f 6366 6456 6455
f 6367 6368 6457
f 6367 6457 6456
f 6368 6369 6458
f 6368 6458 6457
f 6369 6370 6459
f 6369 6459 6458
f 6370 6371 6460
f 6370 6460 6459
f 6371 6372 6461
f 6371 6461 6460
f 6372 6373 6462
f 6372 6462 6461
f 6373 6374 6463
f 6373 6463 6462
f 6374 6375 6464
f 6374 6464 6463
f 6375 6376 6465
f 6375 6465 6464
f 6376 6377 6466
f 6376 6466 6465
f 6377 6378 6467
f 6377 6467 6466
f 6378 6379 6468
f 6378 6468 6467
f 6379 6380 6469
f 6379 6469 6468
f 6380 6381 6470
f 6380 6470 6469
f 6381 6382 6471
f 6381 6471 6470
f 6382 6383 6472
f 6382 6472 6471
f 6383 6384 6473
f 6383 6473 6472
f 6384 6385 6474
f 6384 6474 6473
f 6385 6386 6475
f 6385 6475 6474
f 6386 6387 6476
f 6386 6476 6475
f 6387 6388 6477
f 6387 6477 6476
f 6388 6389 6478
f 6388 6478 6477
f 6389 6390 6479
f 6389 6479 6478
f 6390 6391 6480
f 6390 6480 6479
f 6391 6392 6481
f 6391 6481 6480
f 6392 6393 6482
f 6392 6482 6481
f 6393 6394 6483
f 6393 6483 6482
f 6394 6395 6484
f 6394 6484 6483
f 6395 6396 6485
f 6395 6485 6484
f 6396 6397 6486
f 6396 6486 6485
f 6397 6398 6487
f 6397 6487 6486
f 6398 6399 6488
f 6398 6488 6487
f 6399 6400 6489
f 6399 6489 6488
f 6400 6401 6490
f 6400 6490 6489
f 6401 6402 6491
f 6401 6491 6490
f 6402 6403 6492
f 6402 6492 6491
f 6403 6404 6493
f 6403 6493 6492
f 6404 6405 6494
f 6404 6494 6493
f 6405 6406 6495
f 6405 6495 6494
f 6406 6407 6496
f 6406 6496 6495
f 6407 6319 6408
f 6407 6408 6496
f 8457 8459 8458
f 8579 8580 8581
f 8455 8454 8453
f 8577 8575 8576
f 8480 8567 8566
f 8602 8688 8689
f 8564 8566 8565
f 8686 8687 8688
f 8457 8456 8459
f 8579 8581 8578
f 8567 8456 8455
f 8689 8577 8578
f 8456 8460 8459
f 8578 8581 8582
f 8504 8480 8566
f 8626 8688 8602
f 8506 8504 8566
f 8628 8688 8626
f 8478 8567 8480
f 8600 8602 8689
f 8569 8455 8453
f 8691 8575 8577
f 8569 8567 8455
f 8691 8577 8689
f 8560 8562 8561
f 8682 8683 8684
f 8562 8560 8563
f 8684 8685 8682
f 8570 8569 8453
f 8692 8575 8691
f 8519 8518 8566
f 8641 8688 8640
f 8478 8477 8567
f 8600 8689 8599
f 8569 8568 8567
f 8691 8689 8690
f 8505 8504 8506
f 8627 8628 8626
f 8508 8507 8509
f 8630 8631 8629
f 8556 8519 8566
f 8678 8688 8641
f 8556 8550 8519
f 8678 8641 8672
f 8517 8506 8566
f 8639 8688 8628
f 8518 8517 8566
f 8640 8688 8639
f 8517 8507 8506
f 8639 8628 8629
f 8477 8475 8567
f 8599 8689 8597
f 8479 8478 8480
f 8601 8602 8600
f 8546 8545 8544
f 8668 8666 8667
f 8547 8546 8544
f 8669 8666 8668
f 8550 8533 8519
f 8672 8641 8655
f 8475 8474 8567
f 8597 8689 8596
f 8456 8461 8460
f 8578 8582 8583
f 8461 8474 8472
f 8583 8594 8596
f 8461 8456 8567
f 8583 8689 8578
f 8474 8461 8567
f 8596 8689 8583
f 8573 8571 8570
f 8695 8692 8693
f 8571 8573 8572
f 8693 8694 8695
f 8573 8570 8453
f 8695 8575 8692
f 8574 8573 8453
f 8696 8575 8695
f 8501 8503 8502
f 8623 8624 8625
f 8503 8501 8498
f 8625 8620 8623
f 8494 8485 8484
f 8616 8606 8607
f 8488 8485 8494
f 8610 8616 8607
f 8483 8494 8484
f 8605 8606 8616
f 8501 8499 8498
f 8623 8620 8621
f 8499 8501 8500
f 8621 8622 8623
f 8552 8554 8553
f 8674 8675 8676
f 8552 8551 8550
f 8674 8672 8673
f 8529 8522 8530
f 8651 8652 8644
f 8507 8510 8509
f 8629 8631 8632
f 8474 8473 8472
f 8596 8594 8595
f 8476 8475 8477
f 8598 8599 8597
f 8491 8488 8494
f 8613 8616 8610
f 8481 8503 8498
f 8603 8620 8625
f 8504 8481 8480
f 8626 8602 8603
f 8503 8481 8504
f 8625 8626 8603
f 8497 8481 8498
f 8619 8620 8603
f 8481 8497 8483
f 8603 8605 8619
f 8482 8481 8483
f 8604 8605 8603
f 8493 8491 8494
f 8615 8616 8613
f 8491 8493 8492
f 8613 8614 8615
f 8558 8557 8556
f 8680 8678 8679
f 8558 8564 8563
f 8680 8685 8686
f 8560 8558 8563
f 8682 8685 8680
f 8564 8558 8566
f 8686 8688 8680
f 8558 8556 8566
f 8680 8688 8678
f 8558 8560 8559
f 8680 8681 8682
f 8552 8555 8554
f 8674 8676 8677
f 8556 8555 8550
f 8678 8672 8677
f 8555 8552 8550
f 8677 8672 8674
f 8548 8533 8550
f 8670 8672 8655
f 8548 8534 8533
f 8670 8655 8656
f 8549 8548 8550
f 8671 8672 8670
f 8536 8547 8544
f 8658 8666 8669
f 8536 8548 8547
f 8658 8669 8670
f 8548 8536 8534
f 8670 8656 8658
f 8522 8531 8530
f 8644 8652 8653
f 8520 8531 8522
f 8642 8644 8653
f 8533 8531 8519
f 8655 8641 8653
f 8531 8520 8519
f 8653 8641 8642
f 8526 8524 8529
f 8648 8651 8646
f 8524 8522 8529
f 8646 8651 8644
f 8522 8524 8523
f 8644 8645 8646
f 8516 8515 8517
f 8638 8639 8637
f 8517 8515 8507
f 8639 8629 8637
f 8515 8510 8507
f 8637 8629 8632
f 8466 8465 8467
f 8588 8589 8587
f 8465 8470 8467
f 8587 8589 8592
f 8463 8465 8464
f 8585 8586 8587
f 8463 8470 8465
f 8585 8587 8592
f 8463 8462 8461
f 8585 8583 8584
f 8470 8463 8471
f 8592 8593 8585
f 8471 8463 8472
f 8593 8594 8585
f 8463 8461 8472
f 8585 8594 8583
f 8483 8495 8494
f 8605 8616 8617
f 8497 8495 8483
f 8619 8605 8617
f 8521 8520 8522
f 8643 8644 8642
f 8532 8531 8533
f 8654 8655 8653
f 8525 8524 8526
f 8647 8648 8646
f 8496 8495 8497
f 8618 8619 8617
f 8541 8538 8536
f 8663 8658 8660
f 8541 8536 8544
f 8663 8666 8658
f 8536 8535 8534
f 8658 8656 8657
f 8538 8537 8536
f 8660 8658 8659
f 8513 8512 8511
f 8635 8633 8634
f 8510 8513 8511
f 8632 8633 8635
f 8515 8513 8510
f 8637 8632 8635
f 8513 8515 8514
f 8635 8636 8637
f 8488 8487 8485
f 8610 8607 8609
f 8485 8487 8486
f 8607 8608 8609
f 8488 8491 8489
f 8610 8611 8613
f 8491 8490 8489
f 8613 8611 8612
f 8527 8526 8529
f 8649 8651 8648
f 8527 8529 8528
f 8649 8650 8651
f 8468 8470 8469
f 8590 8591 8592
f 8470 8468 8467
f 8592 8589 8590
f 8541 8544 8543
f 8663 8665 8666
f 8541 8543 8542
f 8663 8664 8665
f 8541 8539 8538
f 8663 8660 8661
f 8539 8541 8540
f 8661 8662 8663
f 8697 8698 8820
f 8697 8820 8819
f 8698 8699 8821
f 8698 8821 8820
f 8699 8700 8822
f 8699 8822 8821
f 8700 8701 8823
f 8700 8823 8822
f 8701 8702 8824
f 8701 8824 8823
f 8702 8703 8825
f 8702 8825 8824
f 8703 8704 8826
f 8703 8826 8825
f 8704 8705 8827
f 8704 8827 8826
f 8705 8706 8828
f 8705 8828 8827
f 8706 8707 8829
f 8706 8829 8828
f 8707 8708 8830
f 8707 8830 8829
f 8708 8709 8831
f 8708 8831 8830
f 8709 8710 8832
f 8709 8832 8831
f 8710 8711 8833
f 8710 8833 8832
f 8711 8712 8834
f 8711 8834 8833
f 8712 8713 8835
f 8712 8835 8834
f 8713 8714 8836
f 8713 8836 8835
f 8714 8715 8837
f 8714 8837 8836
f 8715 8716 8838
f 8715 8838 8837
f 8716 8717 8839
f 8716 8839 8838
f 8717 8718 8840
f 8717 8840 8839
f 8718 8719 8841
f 8718 8841 8840
f 8719 8720 8842
f 8719 8842 8841
f 8720 8721 8843
f 8720 8843 8842
f 8721 8722 8844
f 8721 8844 8843
f 8722 8723 8845
f 8722 8845 8844
f 8723 8724 8846
f 8723 8846 8845
f 8724 8725 8847
f 8724 8847 8846
f 8725 8726 8848
f 8725 8848 8847
f 8726 8727 8849
f 8726 8849 8848
f 8727 8728 8850
f 8727 8850 8849
f 8728 8729 8851
f 8728 8851 8850
f 8729 8730 8852
f 8729 8852 8851
f 8730 8731 8853
f 8730 8853 8852
f 8731 8732 8854
f 8731 8854 8853
f 8732 8733 8855
f 8732 8855 8854
f 8733 8734 8856
f 8733 8856 8855
f 8734 8735 8857
f 8734 8857 8856
f 8735 8736 8858
f 8735 8858 8857
f 8736 8737 8859
f 8736 8859 8858
f 8737 8738 8860
f 8737 8860 8859
f 8738 8739 8861
f 8738 8861 8860
f 8739 8740 8862
f 8739 8862 8861
f 8740 8741 8863
f 8740 8863 8862
f 8741 8742 8864
f 8741 8864 8863
f 8742 8743 8865
f 8742 8865 8864
f 8743 8744 8866
f 8743 8866 8865
f 8744 8745 8867
f 8744 8867 8866
f 8745 8746 8868
f 8745 8868 8867
f 8746 8747 8869
f 8746 8869 8868
f 8747 8748 8870
f 8747 8870 8869
f 8748 8749 8871
f 8748 8871 8870
f 8749 8750 8872
f 8749 8872 8871
f 8750 8751 8873
f 8750 8873 8872
f 8751 8752 8874
f 8751 8874 8873
f 8752 8753 8875
f 8752 8875 8874
f 8753 8754 8876
f 8753 8876 8875
f 8754 8755 8877
f 8754 8877 8876
f 8755 8756 8878
f 8755 8878 8877
f 8756 8757 8879
f 8756 8879 8878
f 8757 8758 8880
f 8757 8880 8879
f 8758 8759 8881
f 8758 8881 8880
f 8759 8760 8882
f 8759 8882 8881
f 8760 8761 8883
f 8760 8883 8882
f 8761 8762 8884
f 8761 8884 8883
f 8762 8763 8885
f 8762 8885 8884
f 8763 8764 8886
f 8763 8886 8885
f 8764 8765 8887
f 8764 8887 8886
f 8765 8766 8888
f 8765 8888 8887
f 8766 8767 8889
f 8766 8889 8888
f 8767 8768 8890
f 8767 8890 8889
f 8768 8769 8891
f 8768 8891 8890
f 8769 8770 8892
f 8769 8892 8891
f 8770 8771 8893
f 8770 8893 8892
f 8771 8772 8894
f 8771 8894 8893
f 8772 8773 8895
f 8772 8895 8894
f 8773 8774 8896
f 8773 8896 8895
f 8774 8775 8897
f 8774 8897 8896
f 8775 8776 8898
f 8775 8898 8897
f 8776 8777 8899
f 8776 8899 8898
f 8777 8778 8900
f 8777 8900 8899
f 8778 8779 8901
f 8778 8901 8900
f 8779 8780 8902
f 8779 8902 8901
f 8780 8781 8903
f 8780 8903 8902
f 8781 8782 8904
f 8781 8904 8903
f 8782 8783 8905
f 8782 8905 8904
f 8783 8784 8906
f 8783 8906 8905
f 8784 8785 8907
f 8784 8907 8906
f 8785 8786 8908
f 8785 8908 8907
f 8786 8787 8909
f 8786 8909 8908
f 8787 8788 8910
f 8787 8910 8909
f 8788 8789 8911
f 8788 8911 8910
f 8789 8790 8912
f 8789 8912 8911
f 8790 8791 8913
f 8790 8913 8912
f 8791 8792 8914
f 8791 8914 8913
f 8792 8793 8915
f 8792 8915 8914
f 8793 8794 8916
f 8793 8916 8915
f 8794 8795 8917
f 8794 8917 8916
f 8795 8796 8918
f 8795 8918 8917
f 8796 8797 8919
f 8796 8919 8918
f 8797 8798 8920
f 8797 8920 8919
f 8798 8799 8921
f 8798 8921 8920
f 8799 8800 8922
f 8799 8922 8921
f 8800 8801 8923
f 8800 8923 8922
f 8801 8802 8924
f 8801 8924 8923
f 8802 8803 8925
f 8802 8925 8924
f 8803 8804 8926
f 8803 8926 8925
f 8804 8805 8927
f 8804 8927 8926
f 8805 8806 8928
f 8805 8928 8927
f 8806 8807 8929
f 8806 8929 8928
f 8807 8808 8930
f 8807 8930 8929
f 8808 8809 8931
f 8808 8931 8930
f 8809 8810 8932
f 8809 8932 8931
f 8810 8811 8933
f 8810 8933 8932
f 8811 8812 8934
f 8811 8934 8933
f 8812 8813 8935
f 8812 8935 8934
f 8813 8814 8936
f 8813 8936 8935
f 8814 8815 8937
f 8814 8937 8936
f 8815 8816 8938
f 8815 8938 8937
f 8816 8817 8939
f 8816 8939 8938
f 8817 8818 8940
f 8817 8940 8939
f 8818 8697 8819
f 8818 8819 8940
f 8991 8994 8993
f 9062 9064 9065
f 8991 8989 8994
f 9062 9065 9060
f 8989 8999 8994
f 9060 9065 9070
f 9000 8999 8989
f 9071 9060 9070
f 8992 8991 8993
f 9063 9064 9062
f 9009 9004 9010
f 9080 9081 9075
f 8988 9000 8989
f 9059 9060 9071
f 9007 9009 9008
f 9078 9079 9080
f 9009 9007 9004
f 9080 9075 9078
f 8953 9010 8954
f 9024 9025 9081
f 8953 8944 9010
f 9024 9081 9015
f 8945 8944 8947
f 9016 9018 9015
f 8946 8945 8947
f 9017 9018 9016
f 8975 8974 8976
f 9046 9047 9045
f 8988 9002 9000
f 9059 9071 9073
f 9002 8988 8971
f 9073 9042 9059
f 8961 9002 8971
f 9032 9042 9073
f 9002 9001 9000
f 9073 9071 9072
f 9002 8961 9003
f 9073 9074 9032
f 8962 8961 8971
f 9033 9042 9032
f 8961 8959 9003
f 9032 9074 9030
f 8959 9004 9003
f 9030 9074 9075
f 9004 8959 9010
f 9075 9081 9030
f 9010 8959 8954
f 9081 9025 9030
f 8959 8957 8954
f 9030 9025 9028
f 8957 8959 8958
f 9028 9029 9030
f 8974 8978 8976
f 9045 9047 9049
f 8976 8978 8977
f 9047 9048 9049
f 8953 8952 8950
f 9024 9021 9023
f 8944 8943 9010
f 9015 9081 9014
f 9010 8943 9011
f 9081 9082 9014
f 8943 8942 8941
f 9014 9012 9013
f 8943 8941 9011
f 9014 9082 9012
f 8988 8987 8971
f 9059 9042 9058
f 8960 8959 8961
f 9031 9032 9030
f 8962 8969 8963
f 9033 9034 9040
f 8969 8962 8971
f 9040 9042 9033
f 8998 8996 8999
f 9069 9070 9067
f 8996 8995 8994
f 9067 9065 9066
f 8999 8996 8994
f 9070 9065 9067
f 9007 9005 9004
f 9078 9075 9076
f 9006 9005 9007
f 9077 9078 9076
f 8952 8951 8950
f 9023 9021 9022
f 8957 8955 8954
f 9028 9025 9026
f 8955 8957 8956
f 9026 9027 9028
f 8987 8986 8985
f 9058 9056 9057
f 8972 8987 8985
f 9043 9056 9058
f 8973 8972 8985
f 9044 9056 9043
f 8987 8972 8971
f 9058 9042 9043
f 8980 8978 8974
f 9051 9045 9049
f 8973 8980 8974
f 9044 9045 9051
f 8978 8980 8979
f 9049 9050 9051
f 8969 8967 8963
f 9040 9034 9038
f 8967 8969 8968
f 9038 9039 9040
f 8970 8969 8971
f 9041 9042 9040
f 8997 8996 8998
f 9068 9069 9067
f 8991 8990 8989
f 9062 9060 9061
f 8984 8983 8985
f 9055 9056 9054
f 8983 8973 8985
f 9054 9056 9044
f 8983 8980 8973
f 9054 9044 9051
f 8980 8983 8981
f 9051 9052 9054
f 8983 8982 8981
f 9054 9052 9053
f 8965 8967 8966
f 9036 9037 9038
f 8965 8964 8963
f 9036 9034 9035
f 8967 8965 8963
f 9038 9034 9036
f 8950 8949 8947
f 9021 9018 9020
f 8947 8949 8948
f 9018 9019 9020
f 8953 8950 8947
f 9024 9018 9021
f 8944 8953 8947
f 9015 9018 9024
f 9083 9084 9155
f 9083 9155 9154
f 9084 9085 9156
f 9084 9156 9155
f 9085 9086 9157
f 9085 9157 9156
f 9086 9087 9158
f 9086 9158 9157
f 9087 9088 9159
f 9087 9159 9158
f 9088 9089 9160
f 9088 9160 9159
f 9089 9090 9161
f 9089 9161 9160
f 9090 9091 9162
f 9090 9162 9161
f 9091 9092 9163
f 9091 9163 9162
f 9092 9093 9164
f 9092 9164 9163
f 9093 9094 9165
f 9093 9165 9164
f 9094 9095 9166
f 9094 9166 9165
f 9095 9096 9167
f 9095 9167 9166
f 9096 9097 9168
f 9096 9168 9167
f 9097 9098 9169
f 9097 9169 9168
f 9098 9099 9170
f 9098 9170 9169
f 9099 9100 9171
f 9099 9171 9170
f 9100 9101 9172
f 9100 9172 9171
f 9101 9102 9173
f 9101 9173 9172
f 9102 9103 9174
f 9102 9174 9173
f 9103 9104 9175
f 9103 9175 9174
f 9104 9105 9176
f 9104 9176 9175
f 9105 9106 9177
f 9105 9177 9176
f 9106 9107 9178
f 9106 9178 9177
f 9107 9108 9179
f 9107 9179 9178
f 9108 9109 9180
f 9108 9180 9179
f 9109 9110 9181
f 9109 9181 9180
f 9110 9111 9182
f 9110 9182 9181
f 9111 9112 9183
f 9111 9183 9182
f 9112 9113 9184
f 9112 9184 9183
f 9113 9114 9185
f 9113 9185 9184
f 9114 9115 9186
f 9114 9186 9185
f 9115 9116 9187
f 9115 9187 9186
f 9116 9117 9188
f 9116 9188 9187
f 9117 9118 9189
f 9117 9189 9188
f 9118 9119 9190
f 9118 9190 9189
f 9119 9120 9191
f 9119 9191 9190
f 9120 9121 9192
f 9120 9192 9191
f 9121 9122 9193
f 9121 9193 9192
f 9122 9123 9194
f 9122 9194 9193
f 9123 9124 9195
f 9123 9195 9194
f 9124 9125 9196
f 9124 9196 9195
f 9125 9126 9197
f 9125 9197 9196
f 9126 9127 9198
f 9126 9198 9197
f 9127 9128 9199
f 9127 9199 9198
f 9128 9129 9200
f 9128 9200 9199
f 9129 9130 9201
f 9129 9201 9200
f 9130 9131 9202
f 9130 9202 9201
f 9131 9132 9203
f 9131 9203 9202
f 9132 9133 9204
f 9132 9204 9203
f 9133 9134 9205
f 9133 9205 9204
f 9134 9135 9206
f 9134 9206 9205
f 9135 9136 9207
f 9135 9207 9206
f 9136 9137 9208
f 9136 9208 9207
f 9137 9138 9209
f 9137 9209 9208
f 9138 9139 9210
f 9138 9210 9209
f 9139 9140 9211
f 9139 9211 9210
f 9140 9141 9212
f 9140 9212 9211
f 9141 9142 9213
f 9141 9213 9212
f 9142 9143 9214
f 9142 9214 9213
f 9143 9144 9215
f 9143 9215 9214
f 9144 9145 9216
f 9144 9216 9215
f 9145 9146 9217
f 9145 9217 9216
f 9146 9147 9218
f 9146 9218 9217
f 9147 9148 9219
f 9147 9219 9218
f 9148 9149 9220
f 9148 9220 9219
f 9149 9150 9221
f 9149 9221 9220
f 9150 9151 9222
f 9150 9222 9221
f 9151 9152 9223
f 9151 9223 9222
f 9152 9153 9224
f 9152 9224 9223
f 9153 9083 9154
f 9153 9154 9224
f 9243 9241 9225
f 9262 9244 9260
f 9241 9243 9242
f 9260 9261 9262
f 9241 9238 9225
f 9260 9244 9257
f 9229 9227 9232
f 9248 9251 9246
f 9227 9226 9232
f 9246 9251 9245
f 9227 9229 9228
f 9246 9247 9248
f 9226 9235 9232
f 9245 9251 9254
f 9240 9238 9241
f 9259 9260 9257
f 9238 9240 9239
f 9257 9258 9259
f 9230 9229 9232
f 9249 9251 9248
f 9231 9230 9232
f 9250 9251 9249
f 9237 9235 9238
f 9256 9257 9254
f 9235 9237 9236
f 9254 9255 9256
f 9235 9226 9225
f 9254 9244 9245
f 9238 9235 9225
f 9257 9244 9254
f 9235 9234 9232
f 9254 9251 9253
f 9234 9233 9232
f 9253 9251 9252
f 9263 9264 9283
f 9263 9283 9282
f 9264 9265 9284
f 9264 9284 9283
f 9265 9266 9285
f 9265 9285 9284
f 9266 9267 9286
f 9266 9286 9285
f 9267 9268 9287
f 9267 9287 9286
f 9268 9269 9288
f 9268 9288 9287
f 9269 9270 9289
f 9269 9289 9288
f 9270 9271 9290
f 9270 9290 9289
f 9271 9272 9291
f 9271 9291 9290
f 9272 9273 9292
f 9272 9292 9291
f 9273 9274 9293
f 9273 9293 9292
f 9274 9275 9294
f 9274 9294 9293
f 9275 9276 9295
f 9275 9295 9294
f 9276 9277 9296
f 9276 9296 9295
f 9277 9278 9297
f 9277 9297 9296
f 9278 9279 9298
f 9278 9298 9297
f 9279 9280 9299
f 9279 9299 9298
f 9280 9281 9300
f 9280 9300 9299
f 9281 9263 9282
f 9281 9282 9300
f 9303 9302 9301
f 9325 9323 9324
f 9321 9301 9322
f 9343 9344 9323
f 9321 9303 9301
f 9343 9323 9325
f 9321 9320 9318
f 9343 9340 9342
f 9320 9319 9318
f 9342 9340 9341
f 9306 9305 9304
f 9328 9326 9327
f 9303 9306 9304
f 9325 9326 9328
f 9307 9306 9308
f 9329 9330 9328
f 9306 9309 9308
f 9328 9330 9331
f 9310 9312 9311
f 9332 9333 9334
f 9309 9312 9310
f 9331 9332 9334
f 9321 9315 9303
f 9343 9325 9337
f 9315 9321 9318
f 9337 9340 9343
f 9315 9306 9303
f 9337 9325 9328
f 9306 9315 9309
f 9328 9331 9337
f 9315 9312 9309
f 9337 9331 9334
f 9315 9317 9316
f 9337 9338 9339
f 9317 9315 9318
f 9339 9340 9337
f 9315 9314 9313
f 9337 9335 9336
f 9312 9315 9313
f 9334 9335 9337
f 9345 9346 9368
f 9345 9368 9367
f 9346 9347 9369
f 9346 9369 9368
f 9347 9348 9370
f 9347 9370 9369
f 9348 9349 9371
f 9348 9371 9370
f 9349 9350 9372
f 9349 9372 9371
f 9350 9351 9373
f 9350 9373 9372
f 9351 9352 9374
f 9351 9374 9373
f 9352 9353 9375
f 9352 9375 9374
f 9353 9354 9376
f 9353 9376 9375
f 9354 9355 9377
f 9354 9377 9376
f 9355 9356 9378
f 9355 9378 9377
f 9356 9357 9379
f 9356 9379 9378
f 9357 9358 9380
f 9357 9380 9379
f 9358 9359 9381
f 9358 9381 9380
f 9359 9360 9382
f 9359 9382 9381
f 9360 9361 9383
f 9360 9383 9382
f 9361 9362 9384
f 9361 9384 9383
f 9362 9363 9385
f 9362 9385 9384
f 9363 9364 9386
f 9363 9386 9385
f 9364 9365 9387
f 9364 9387 9386
f 9365 9366 9388
f 9365 9388 9387
f 9366 9345 9367
f 9366 9367 9388
f 9400 9397 9406
f 9419 9425 9416
f 9391 9407 9394
f 9410 9413 9426
f 9391 9390 9389
f 9410 9408 9409
f 9407 9391 9389
f 9426 9408 9410
f 9405 9400 9406
f 9424 9425 9419
f 9405 9403 9400
f 9424 9419 9422
f 9403 9405 9404
f 9422 9423 9424
f 9407 9397 9394
f 9426 9413 9416
f 9397 9407 9406
f 9416 9425 9426
f 9394 9397 9395
f 9413 9414 9416
f 9397 9396 9395
f 9416 9414 9415
f 9397 9400 9398
f 9416 9417 9419
f 9400 9399 9398
f 9419 9417 9418
f 9393 9391 9394
f 9412 9413 9410
f 9391 9393 9392
f 9410 9411 9412
f 9400 9403 9401
f 9419 9420 9422
f 9403 9402 9401
f 9422 9420 9421
f 9427 9428 9447
f 9427 9447 9446
f 9428 9429 9448
f 9428 9448 9447
f 9429 9430 9449
f 9429 9449 9448
f 9430 9431 9450
f 9430 9450 9449
f 9431 9432 9451
f 9431 9451 9450
f 9432 9433 9452
f 9432 9452 9451
f 9433 9434 9453
f 9433 9453 9452
f 9434 9435 9454
f 9434 9454 9453
f 9435 9436 9455
f 9435 9455 9454
f 9436 9437 9456
f 9436 9456 9455
f 9437 9438 9457
f 9437 9457 9456
f 9438 9439 9458
f 9438 9458 9457
f 9439 9440 9459
f 9439 9459 9458
f 9440 9441 9460
f 9440 9460 9459
f 9441 9442 9461
f 9441 9461 9460
f 9442 9443 9462
f 9442 9462 9461
f 9443 9444 9463
f 9443 9463 9462
f 9444 9445 9464
f 9444 9464 9463
f 9445 9427 9446
f 9445 9446 9464
f 11620 11604 11714
f 11738 11832 11722
f 11691 11653 11652
f 11809 11770 11771
f 11655 11684 11656
f 11773 11774 11802
f 11602 11670 11604
f 11720 11722 11788
f 11620 11609 11604
f 11738 11722 11727
f 11622 11634 11623
f 11740 11741 11752
f 11622 11620 11714
f 11740 11832 11738
f 11634 11622 11714
f 11752 11832 11740
f 11654 11687 11655
f 11772 11773 11805
f 11654 11653 11687
f 11772 11805 11771
f 11687 11686 11655
f 11805 11773 11804
f 11686 11684 11655
f 11804 11773 11802
f 11686 11685 11684
f 11804 11802 11803
f 11604 11715 11714
f 11722 11832 11833
f 11670 11715 11604
f 11788 11722 11833
f 11662 11661 11660
f 11780 11778 11779
f 11660 11658 11700
f 11778 11818 11776
f 11627 11625 11623
f 11745 11741 11743
f 11625 11627 11626
f 11743 11744 11745
f 11625 11624 11623
f 11743 11741 11742
f 11634 11632 11623
f 11752 11741 11750
f 11622 11621 11620
f 11740 11738 11739
f 11684 11682 11656
f 11802 11774 11800
f 11683 11682 11684
f 11801 11802 11800
f 11682 11681 11656
f 11800 11774 11799
f 11609 11606 11604
f 11727 11722 11724
f 11606 11605 11604
f 11724 11722 11723
f 11603 11602 11604
f 11721 11722 11720
f 11677 11679 11678
f 11795 11796 11797
f 11672 11670 11602
f 11790 11720 11788
f 11699 11660 11700
f 11817 11818 11778
f 11717 11715 11670
f 11835 11788 11833
f 11717 11699 11718
f 11835 11836 11817
f 11659 11658 11660
f 11777 11778 11776
f 11663 11662 11664
f 11781 11782 11780
f 11681 11657 11656
f 11799 11774 11775
f 11658 11696 11700
f 11776 11818 11814
f 11692 11691 11652
f 11810 11770 11809
f 11705 11643 11641
f 11823 11759 11761
f 11692 11643 11705
f 11810 11823 11761
f 11651 11643 11652
f 11769 11770 11761
f 11643 11692 11652
f 11761 11770 11810
f 11650 11643 11651
f 11768 11769 11761
f 11606 11608 11607
f 11724 11725 11726
f 11608 11606 11609
f 11726 11727 11724
f 11611 11613 11612
f 11729 11730 11731
f 11616 11618 11617
f 11734 11735 11736
f 11630 11629 11631
f 11748 11749 11747
f 11629 11632 11631
f 11747 11749 11750
f 11629 11627 11623
f 11747 11741 11745
f 11627 11629 11628
f 11745 11746 11747
f 11632 11629 11623
f 11750 11741 11747
f 11633 11632 11634
f 11751 11752 11750
f 11643 11645 11644
f 11761 11762 11763
f 11650 11645 11643
f 11768 11761 11763
f 11689 11688 11687
f 11807 11805 11806
f 11653 11689 11687
f 11771 11805 11807
f 11691 11689 11653
f 11809 11771 11807
f 11690 11689 11691
f 11808 11809 11807
f 11601 11672 11602
f 11719 11720 11790
f 11601 11680 11679
f 11719 11797 11798
f 11677 11601 11679
f 11795 11797 11719
f 11662 11665 11664
f 11780 11782 11783
f 11665 11662 11660
f 11783 11778 11780
f 11699 11665 11660
f 11817 11778 11783
f 11717 11716 11715
f 11835 11833 11834
f 11698 11696 11658
f 11816 11776 11814
f 11698 11657 11681
f 11816 11799 11775
f 11657 11698 11658
f 11775 11776 11816
f 11702 11696 11695
f 11820 11813 11814
f 11704 11702 11695
f 11822 11813 11820
f 11696 11702 11700
f 11814 11818 11820
f 11693 11692 11705
f 11811 11823 11810
f 11693 11704 11695
f 11811 11813 11822
f 11704 11693 11705
f 11822 11823 11811
f 11707 11705 11641
f 11825 11759 11823
f 11643 11642 11641
f 11761 11759 11760
f 11610 11613 11611
f 11728 11729 11731
f 11610 11609 11620
f 11728 11738 11727
f 11647 11645 11650
f 11765 11768 11763
f 11645 11647 11646
f 11763 11764 11765
f 11674 11601 11677
f 11792 11795 11719
f 11601 11674 11672
f 11719 11790 11792
f 11672 11674 11673
f 11790 11791 11792
f 11672 11671 11670
f 11790 11788 11789
f 11669 11717 11670
f 11787 11788 11835
f 11698 11697 11696
f 11816 11814 11815
f 11703 11702 11704
f 11821 11822 11820
f 11694 11693 11695
f 11812 11813 11811
f 11707 11706 11705
f 11825 11823 11824
f 11713 11712 11714
f 11831 11832 11830
f 11710 11712 11711
f 11828 11829 11830
f 11619 11610 11620
f 11737 11738 11728
f 11619 11618 11616
f 11737 11734 11736
f 11669 11666 11717
f 11787 11835 11784
f 11717 11666 11699
f 11835 11817 11784
f 11666 11665 11699
f 11784 11817 11783
f 11702 11701 11700
f 11820 11818 11819
f 11708 11707 11709
f 11826 11827 11825
f 11712 11636 11714
f 11830 11832 11754
f 11636 11634 11714
f 11754 11832 11752
f 11636 11635 11634
f 11754 11752 11753
f 11640 11639 11641
f 11758 11759 11757
f 11637 11636 11638
f 11755 11756 11754
f 11615 11613 11616
f 11733 11734 11731
f 11613 11615 11614
f 11731 11732 11733
f 11647 11650 11649
f 11765 11767 11768
f 11647 11649 11648
f 11765 11766 11767
f 11675 11674 11676
f 11793 11794 11792
f 11674 11677 11676
f 11792 11794 11795
f 11707 11639 11709
f 11825 11827 11757
f 11639 11707 11641
f 11757 11759 11825
f 11639 11710 11709
f 11757 11827 11828
f 11710 11639 11638
f 11828 11756 11757
f 11613 11619 11616
f 11731 11734 11737
f 11610 11619 11613
f 11728 11731 11737
f 11666 11668 11667
f 11784 11785 11786
f 11666 11669 11668
f 11784 11786 11787
f 11636 11710 11638
f 11754 11756 11828
f 11710 11636 11712
f 11828 11830 11754
f 11837 11838 11918
f 11837 11918 11917
f 11838 11839 11919
f 11838 11919 11918
f 11839 11840 11920
f 11839 11920 11919
f 11840 11841 11921
f 11840 11921 11920
f 11841 11842 11922
f 11841 11922 11921
f 11842 11843 11923
f 11842 11923 11922
f 11843 11844 11924
f 11843 11924 11923
f 11844 11845 11925
f 11844 11925 11924
f 11845 11846 11926
f 11845 11926 11925
f 11846 11847 11927
f 11846 11927 11926
f 11847 11848 11928
f 11847 11928 11927
f 11848 11849 11929
f 11848 11929 11928
f 11849 11850 11930
f 11849 11930 11929
f 11850 11851 11931
f 11850 11931 11930
f 11851 11852 11932
f 11851 11932 11931
f 11852 11853 11933
f 11852 11933 11932
f 11853 11854 11934
f 11853 11934 11933
f 11854 11855 11935
f 11854 11935 11934
f 11855 11856 11936
f 11855 11936 11935
f 11856 11857 11937
f 11856 11937 11936
f 11857 11858 11938
f 11857 11938 11937
f 11858 11859 11939
f 11858 11939 11938
f 11859 11860 11940
f 11859 11940 11939
f 11860 11861 11941
f 11860 11941 11940
f 11861 11862 11942
f 11861 11942 11941
f 11862 11863 11943
f 11862 11943 11942
f 11863 11864 11944
f 11863 11944 11943
f 11864 11865 11945
f 11864 11945 11944
f 11865 11866 11946
f 11865 11946 11945
f 11866 11867 11947
f 11866 11947 11946
f 11867 11868 11948
f 11867 11948 11947
f 11868 11869 11949
f 11868 11949 11948
f 11869 11870 11950
f 11869 11950 11949
f 11870 11871 11951
f 11870 11951 11950
f 11871 11872 11952
f 11871 11952 11951
f 11872 11873 11953
f 11872 11953 11952
f 11873 11874 11954
f 11873 11954 11953
f 11874 11875 11955
f 11874 11955 11954
f 11875 11876 11956
f 11875 11956 11955
f 11876 11877 11957
f 11876 11957 11956
f 11877 11878 11958
f 11877 11958 11957
f 11878 11879 11959
f 11878 11959 11958
f 11879 11880 11960
f 11879 11960 11959
f 11880 11881 11961
f 11880 11961 11960
f 11881 11882 11962
f 11881 11962 11961
f 11882 11883 11963
f 11882 11963 11962
f 11883 11884 11964
f 11883 11964 11963
f 11884 11885 11965
f 11884 11965 11964
f 11885 11886 11966
f 11885 11966 11965
f 11886 11887 11967
f 11886 11967 11966
f 11887 11888 11968
f 11887 11968 11967
f 11888 11889 11969
f 11888 11969 11968
f 11889 11890 11970
f 11889 11970 11969
f 11890 11891 11971
f 11890 11971 11970
f 11891 11892 11972
f 11891 11972 11971
f 11892 11893 11973
f 11892 11973 11972
f 11893 11894 11974
f 11893 11974 11973
f 11894 11895 11975
f 11894 11975 11974
f 11895 11896 11976
f 11895 11976 11975
f 11896 11897 11977
f 11896 11977 11976
f 11897 11898 11978
f 11897 11978 11977
f 11898 11899 11979
f 11898 11979 11978
f 11899 11900 11980
f 11899 11980 11979
f 11900 11901 11981
f 11900 11981 11980
f 11901 11902 11982
f 11901 11982 11981
f 11902 11903 11983
f 11902 11983 11982
f 11903 11904 11984
f 11903 11984 11983
f 11904 11905 11985
f 11904 11985 11984
f 11905 11906 11986
f 11905 11986 11985
f 11906 11907 11987
f 11906 11987 11986
f 11907 11908 11988
f 11907 11988 11987
f 11908 11909 11989
f 11908 11989 11988
f 11909 11910 11990
f 11909 11990 11989
f 11910 11911 11991
f 11910 11991 11990
f 11911 11912 11992
f 11911 11992 11991
f 11912 11913 11993
f 11912 11993 11992
f 11913 11914 11994
f 11913 11994 11993
f 11914 11915 11995
f 11914 11995 11994
f 11915 11916 11996
f 11915 11996 11995
f 11916 11837 11917
f 11916 11917 11996
f 11997 11998 12016
f 11997 12016 12015
f 11998 11999 12017
f 11998 12017 12016
f 11999 12000 12018
f 11999 12018 12017
f 12000 12001 12019
f 12000 12019 12018
f 12001 12002 12020
f 12001 12020 12019
f 12002 12003 12021
f 12002 12021 12020
f 12003 12004 12022
f 12003 12022 12021
f 12004 12005 12023
f 12004 12023 12022
f 12005 12006 12024
f 12005 12024 12023
f 12006 12007 12025
f 12006 12025 12024
f 12007 12008 12026
f 12007 12026 12025
f 12008 12009 12027
f 12008 12027 12026
f 12009 12010 12028
f 12009 12028 12027
f 12010 12011 12029
f 12010 12029 12028
f 12011 12012 12030
f 12011 12030 12029
f 12012 12013 12031
f 12012 12031 12030
f 12013 12014 12032
f 12013 12032 12031
f 12014 11997 12015
f 12014 12015 12032
f 12033 12034 12054
f 12033 12054 12053
f 12034 12035 12055
f 12034 12055 12054
f 12035 12036 12056
f 12035 12056 12055
f 12036 12037 12057
f 12036 12057 12056
f 12037 12038 12058
f 12037 12058 12057
f 12038 12039 12059
f 12038 12059 12058
f 12039 12040 12060
f 12039 12060 12059
f 12040 12041 12061
f 12040 12061 12060
f 12041 12042 12062
f 12041 12062 12061
f 12042 12043 12063
f 12042 12063 12062
f 12043 12044 12064
f 12043 12064 12063
f 12044 12045 12065
f 12044 12065 12064
f 12045 12046 12066
f 12045 12066 12065
f 12046 12047 12067
f 12046 12067 12066
f 12047 12048 12068
f 12047 12068 12067
f 12048 12049 12069
f 12048 12069 12068
f 12049 12050 12070
f 12049 12070 12069
f 12050 12051 12071
f 12050 12071 12070
f 12051 12052 12072
f 12051 12072 12071
f 12052 12033 12053
f 12052 12053 12072
f 12084 12081 12090
f 12103 12109 12100
f 12075 12091 12078
f 12094 12097 12110
f 12075 12074 12073
f 12094 12092 12093
f 12091 12075 12073
f 12110 12092 12094
f 12089 12087 12084
f 12108 12103 12106
f 12089 12084 12090
f 12108 12109 12103
f 12087 12089 12088
f 12106 12107 12108
f 12091 12081 12078
f 12110 12097 12100
f 12081 12091 12090
f 12100 12109 12110
f 12078 12081 12079
f 12097 12098 12100
f 12081 12080 12079
f 12100 12098 12099
f 12081 12084 12082
f 12100 12101 12103
f 12084 12083 12082
f 12103 12101 12102
f 12077 12075 12078
f 12096 12097 12094
f 12075 12077 12076
f 12094 12095 12096
f 12084 12087 12085
f 12103 12104 12106
f 12087 12086 12085
f 12106 12104 12105
f 12111 12112 12131
f 12111 12131 12130
f 12112 12113 12132
f 12112 12132 12131
f 12113 12114 12133
f 12113 12133 12132
f 12114 12115 12134
f 12114 12134 12133
f 12115 12116 12135
f 12115 12135 12134
f 12116 12117 12136
f 12116 12136 12135
f 12117 12118 12137
f 12117 12137 12136
f 12118 12119 12138
f 12118 12138 12137
f 12119 12120 12139
f 12119 12139 12138
f 12120 12121 12140
f 12120 12140 12139
f 12121 12122 12141
f 12121 12141 12140
f 12122 12123 12142
f 12122 12142 12141
f 12123 12124 12143
f 12123 12143 12142
f 12124 12125 12144
f 12124 12144 12143
f 12125 12126 12145
f 12125 12145 12144
f 12126 12127 12146
f 12126 12146 12145
f 12127 12128 12147
f 12127 12147 12146
f 12128 12129 12148
f 12128 12148 12147
f 12129 12111 12130
f 12129 12130 12148
g Y
usemtl Y
f 475 474 473
f 524 522 523
f 498 514 512
f 547 561 563
f 514 513 512
f 563 561 562
f 485 475 473
f 534 522 524
f 521 485 473
f 570 522 534
f 511 498 512
f 560 561 547
f 514 516 515
f 563 564 565
f 493 518 517
f 542 566 567
f 485 478 475
f 534 524 527
f 488 520 519
f 537 568 569
f 520 485 521
f 569 570 534
f 509 511 510
f 558 559 560
f 507 509 508
f 556 557 558
f 504 509 507
f 553 556 558
f 504 501 511
f 553 560 550
f 509 504 511
f 558 560 553
f 511 499 498
f 560 547 548
f 501 499 511
f 550 560 548
f 516 497 517
f 565 566 546
f 497 514 498
f 546 547 563
f 497 516 514
f 546 563 565
f 483 485 484
f 532 533 534
f 483 478 485
f 532 534 527
f 483 481 478
f 532 527 530
f 481 483 482
f 530 531 532
f 487 520 488
f 536 537 569
f 520 487 485
f 569 534 536
f 500 499 501
f 549 550 548
f 495 493 517
f 544 566 542
f 497 495 517
f 546 566 544
f 490 492 491
f 539 540 541
f 490 489 488
f 539 537 538
f 492 490 493
f 541 542 539
f 490 488 519
f 539 568 537
f 518 490 519
f 567 568 539
f 493 490 518
f 542 567 539
f 487 486 485
f 536 534 535
f 496 495 497
f 545 546 544
f 495 494 493
f 544 542 543
f 478 477 476
f 527 525 526
f 475 478 476
f 524 525 527
f 478 481 479
f 527 528 530
f 481 480 479
f 530 528 529
f 505 504 507
f 554 556 553
f 506 505 507
f 555 556 554
f 503 502 504
f 552 553 551
f 504 502 501
f 553 550 551
f 571 572 621
f 571 621 620
f 572 573 622
f 572 622 621
f 573 574 623
f 573 623 622
f 574 575 624
f 574 624 623
f 575 576 625
f 575 625 624
f 576 577 626
f 576 626 625
f 577 578 627
f 577 627 626
f 578 579 628
f 578 628 627
f 579 580 629
f 579 629 628
f 580 581 630
f 580 630 629
f 581 582 631
f 581 631 630
f 582 583 632
f 582 632 631
f 583 584 633
f 583 633 632
f 584 585 634
f 584 634 633
f 585 586 635
f 585 635 634
f 586 587 636
f 586 636 635
f 587 588 637
f 587 637 636
f 588 589 638
f 588 638 637
f 589 590 639
f 589 639 638
f 590 591 640
f 590 640 639
f 591 592 641
f 591 641 640
f 592 593 642
f 592 642 641
f 593 594 643
f 593 643 642
f 594 595 644
f 594 644 643
f 595 596 645
f 595 645 644
f 596 597 646
f 596 646 645
f 597 598 647
f 597 647 646
f 598 599 648
f 598 648 647
f 599 600 649
f 599 649 648
f 600 601 650
f 600 650 649
f 601 602 651
f 601 651 650
f 602 603 652
f 602 652 651
f 603 604 653
f 603 653 652
f 604 605 654
f 604 654 653
f 605 606 655
f 605 655 654
f 606 607 656
f 606 656 655
f 607 608 657
f 607 657 656
f 608 609 658
f 608 658 657
f 609 610 659
f 609 659 658
f 610 611 660
f 610 660 659
f 611 612 661
f 611 661 660
f 612 613 662
f 612 662 661
f 613 614 663
f 613 663 662
f 614 615 664
f 614 664 663
f 615 616 665
f 615 665 664
f 616 617 666
f 616 666 665
f 617 618 667
f 617 667 666
f 618 619 668
f 618 668 667
f 619 571 620
f 619 620 668
f 1819 1809 1808
f 1862 1851 1852
f 1820 1847 1824
f 1863 1867 1890
f 1817 1810 1809
f 1860 1852 1853
f 1819 1817 1809
f 1862 1852 1860
f 1820 1805 1847
f 1863 1890 1848
f 1805 1820 1819
f 1848 1862 1863
f 1807 1819 1808
f 1850 1851 1862
f 1807 1805 1819
f 1850 1862 1848
f 1807 1806 1805
f 1850 1848 1849
f 1827 1843 1842
f 1870 1885 1886
f 1818 1817 1819
f 1861 1862 1860
f 1817 1815 1810
f 1860 1853 1858
f 1816 1815 1817
f 1859 1860 1858
f 1821 1820 1824
f 1864 1867 1863
f 1823 1821 1824
f 1866 1867 1864
f 1822 1821 1823
f 1865 1866 1864
f 1847 1825 1824
f 1890 1867 1868
f 1827 1825 1843
f 1870 1886 1868
f 1826 1825 1827
f 1869 1870 1868
f 1815 1813 1810
f 1858 1853 1856
f 1813 1815 1814
f 1856 1857 1858
f 1840 1827 1842
f 1883 1885 1870
f 1841 1840 1842
f 1884 1885 1883
f 1827 1840 1828
f 1870 1871 1883
f 1840 1829 1828
f 1883 1871 1872
f 1846 1825 1847
f 1889 1890 1868
f 1825 1846 1843
f 1868 1886 1889
f 1846 1844 1843
f 1889 1886 1887
f 1840 1838 1829
f 1883 1872 1881
f 1846 1845 1844
f 1889 1887 1888
f 1839 1838 1840
f 1882 1883 1881
f 1834 1832 1835
f 1877 1878 1875
f 1832 1834 1833
f 1875 1876 1877
f 1829 1832 1830
f 1872 1873 1875
f 1830 1832 1831
f 1873 1874 1875
f 1811 1813 1812
f 1854 1855 1856
f 1813 1811 1810
f 1856 1853 1854
f 1832 1838 1835
f 1875 1878 1881
f 1838 1832 1829
f 1881 1872 1875
f 1838 1837 1835
f 1881 1878 1880
f 1837 1836 1835
f 1880 1878 1879
f 1891 1892 1935
f 1891 1935 1934
f 1892 1893 1936
f 1892 1936 1935
f 1893 1894 1937
f 1893 1937 1936
f 1894 1895 1938
f 1894 1938 1937
f 1895 1896 1939
f 1895 1939 1938
f 1896 1897 1940
f 1896 1940 1939
f 1897 1898 1941
f 1897 1941 1940
f 1898 1899 1942
f 1898 1942 1941
f 1899 1900 1943
f 1899 1943 1942
f 1900 1901 1944
f 1900 1944 1943
f 1901 1902 1945
f 1901 1945 1944
f 1902 1903 1946
f 1902 1946 1945
f 1903 1904 1947
f 1903 1947 1946
f 1904 1905 1948
f 1904 1948 1947
f 1905 1906 1949
f 1905 1949 1948
f 1906 1907 1950
f 1906 1950 1949
f 1907 1908 1951
f 1907 1951 1950
f 1908 1909 1952
f 1908 1952 1951
f 1909 1910 1953
f 1909 1953 1952
f 1910 1911 1954
f 1910 1954 1953
f 1911 1912 1955
f 1911 1955 1954
f 1912 1913 1956
f 1912 1956 1955
f 1913 1914 1957
f 1913 1957 1956
f 1914 1915 1958
f 1914 1958 1957
f 1915 1916 1959
f 1915 1959 1958
f 1916 1917 1960
f 1916 1960 1959
f 1917 1918 1961
f 1917 1961 1960
f 1918 1919 1962
f 1918 1962 1961
f 1919 1920 1963
f 1919 1963 1962
f 1920 1921 1964
f 1920 1964 1963
f 1921 1922 1965
f 1921 1965 1964
f 1922 1923 1966
f 1922 1966 1965
f 1923 1924 1967
f 1923 1967 1966
f 1924 1925 1968
f 1924 1968 1967
f 1925 1926 1969
f 1925 1969 1968
f 1926 1927 1970
f 1926 1970 1969
f 1927 1928 1971
f 1927 1971 1970
f 1928 1929 1972
f 1928 1972 1971
f 1929 1930 1973
f 1929 1973 1972
f 1930 1931 1974
f 1930 1974 1973
f 1931 1932 1975
f 1931 1975 1974
f 1932 1933 1976
f 1932 1976 1975
f 1933 1891 1934
f 1933 1934 1976
f 1978 1980 1979
f 2011 2012 2013
f 2001 1993 1992
f 2034 2025 2026
f 1978 1981 1980
f 2011 2013 2014
f 1983 1981 2004
f 2016 2037 2014
f 2000 1999 2001
f 2033 2034 2032
f 1981 2006 2004
f 2014 2037 2039
f 2006 1981 1978
f 2039 2011 2014
f 1991 2001 1992
f 2024 2025 2034
f 1991 1989 1988
f 2024 2021 2022
f 1989 1991 1990
f 2022 2023 2024
f 2001 1994 1993
f 2034 2026 2027
f 1999 1994 2001
f 2032 2034 2027
f 2003 2002 2001
f 2036 2034 2035
f 1991 2003 2001
f 2024 2034 2036
f 2003 1991 1988
f 2036 2021 2024
f 2006 2005 2004
f 2039 2037 2038
f 1977 2008 1978
f 2010 2011 2041
f 2006 2008 2007
f 2039 2040 2041
f 2008 2006 1978
f 2041 2011 2039
f 2008 1977 2009
f 2041 2042 2010
f 1982 1981 1983
f 2015 2016 2014
f 1987 1986 1988
f 2020 2021 2019
f 1988 1986 1983
f 2021 2016 2019
f 1986 1984 1983
f 2019 2016 2017
f 1984 1986 1985
f 2017 2018 2019
f 1997 1994 1999
f 2030 2032 2027
f 1997 1999 1998
f 2030 2031 2032
f 2003 1988 1983
f 2036 2016 2021
f 2003 1983 2004
f 2036 2037 2016
f 1994 1997 1995
f 2027 2028 2030
f 1997 1996 1995
f 2030 2028 2029
f 2043 2044 2077
f 2043 2077 2076
f 2044 2045 2078
f 2044 2078 2077
f 2045 2046 2079
f 2045 2079 2078
f 2046 2047 2080
f 2046 2080 2079
f 2047 2048 2081
f 2047 2081 2080
f 2048 2049 2082
f 2048 2082 2081
f 2049 2050 2083
f 2049 2083 2082
f 2050 2051 2084
f 2050 2084 2083
f 2051 2052 2085
f 2051 2085 2084
f 2052 2053 2086
f 2052 2086 2085
f 2053 2054 2087
f 2053 2087 2086
f 2054 2055 2088
f 2054 2088 2087
f 2055 2056 2089
f 2055 2089 2088
f 2056 2057 2090
f 2056 2090 2089
f 2057 2058 2091
f 2057 2091 2090
f 2058 2059 2092
f 2058 2092 2091
f 2059 2060 2093
f 2059 2093 2092
f 2060 2061 2094
f 2060 2094 2093
f 2061 2062 2095
f 2061 2095 2094
f 2062 2063 2096
f 2062 2096 2095
f 2063 2064 2097
f 2063 2097 2096
f 2064 2065 2098
f 2064 2098 2097
f 2065 2066 2099
f 2065 2099 2098
f 2066 2067 2100
f 2066 2100 2099
f 2067 2068 2101
f 2067 2101 2100
f 2068 2069 2102
f 2068 2102 2101
f 2069 2070 2103
f 2069 2103 2102
f 2070 2071 2104
f 2070 2104 2103
f 2071 2072 2105
f 2071 2105 2104
f 2072 2073 2106
f 2072 2106 2105
f 2073 2074 2107
f 2073 2107 2106
f 2074 2075 2108
f 2074 2108 2107
f 2075 2043 2076
f 2075 2076 2108
f 2941 2962 2961
f 2972 2992 2993
f 2966 2937 2967
f 2997 2998 2968
f 2940 2962 2941
f 2971 2972 2993
f 2947 2956 2955
f 2978 2986 2987
f 2947 2944 2956
f 2978 2987 2975
f 2943 2941 2961
f 2974 2992 2972
f 2960 2943 2961
f 2991 2992 2974
f 2943 2942 2941
f 2974 2972 2973
f 2966 2939 2937
f 2997 2968 2970
f 2937 2939 2938
f 2968 2969 2970
f 2963 2939 2966
f 2994 2997 2970
f 2954 2947 2955
f 2985 2986 2978
f 2947 2949 2948
f 2978 2979 2980
f 2949 2951 2950
f 2980 2981 2982
f 2949 2954 2951
f 2980 2982 2985
f 2954 2949 2947
f 2985 2978 2980
f 2947 2946 2944
f 2978 2975 2977
f 2944 2957 2956
f 2975 2987 2988
f 2943 2957 2944
f 2974 2975 2988
f 2957 2943 2960
f 2988 2991 2974
f 2946 2945 2944
f 2977 2975 2976
f 2964 2963 2965
f 2995 2996 2994
f 2963 2966 2965
f 2994 2996 2997
f 2939 2963 2940
f 2970 2971 2994
f 2940 2963 2962
f 2971 2993 2994
f 2951 2954 2952
f 2982 2983 2985
f 2954 2953 2952
f 2985 2983 2984
f 2958 2957 2959
f 2989 2990 2988
f 2957 2960 2959
f 2988 2990 2991
f 2999 3000 3031
f 2999 3031 3030
f 3000 3001 3032
f 3000 3032 3031
f 3001 3002 3033
f 3001 3033 3032
f 3002 3003 3034
f 3002 3034 3033
f 3003 3004 3035
f 3003 3035 3034
f 3004 3005 3036
f 3004 3036 3035
f 3005 3006 3037
f 3005 3037 3036
f 3006 3007 3038
f 3006 3038 3037
f 3007 3008 3039
f 3007 3039 3038
f 3008 3009 3040
f 3008 3040 3039
f 3009 3010 3041
f 3009 3041 3040
f 3010 3011 3042
f 3010 3042 3041
f 3011 3012 3043
f 3011 3043 3042
f 3012 3013 3044
f 3012 3044 3043
f 3013 3014 3045
f 3013 3045 3044
f 3014 3015 3046
f 3014 3046 3045
f 3015 3016 3047
f 3015 3047 3046
f 3016 3017 3048
f 3016 3048 3047
f 3017 3018 3049
f 3017 3049 3048
f 3018 3019 3050
f 3018 3050 3049
f 3019 3020 3051
f 3019 3051 3050
f 3020 3021 3052
f 3020 3052 3051
f 3021 3022 3053
f 3021 3053 3052
f 3022 3023 3054
f 3022 3054 3053
f 3023 3024 3055
f 3023 3055 3054
f 3024 3025 3056
f 3024 3056 3055
f 3025 3026 3057
f 3025 3057 3056
f 3026 3027 3058
f 3026 3058 3057
f 3027 3028 3059
f 3027 3059 3058
f 3028 3029 3060
f 3028 3060 3059
f 3029 2999 3030
f 3029 3030 3060
f 3098 3076 3099
f 3175 3176 3153
f 3076 3098 3077
f 3153 3154 3175
f 3124 3114 3130
f 3201 3207 3191
f 3076 3133 3099
f 3153 3176 3210
f 3133 3076 3137
f 3210 3214 3153
f 3098 3084 3077
f 3175 3154 3161
f 3084 3098 3096
f 3161 3173 3175
f 3095 3084 3096
f 3172 3173 3161
f 3109 3108 3110
f 3186 3187 3185
f 3122 3115 3123
f 3199 3200 3192
f 3115 3124 3123
f 3192 3200 3201
f 3124 3115 3114
f 3201 3191 3192
f 3101 3100 3099
f 3178 3176 3177
f 3084 3082 3077
f 3161 3154 3159
f 3071 3070 3072
f 3148 3149 3147
f 3076 3074 3137
f 3153 3214 3151
f 3074 3061 3137
f 3151 3214 3138
f 3075 3074 3076
f 3152 3153 3151
f 3089 3086 3095
f 3166 3172 3163
f 3085 3084 3095
f 3162 3172 3161
f 3086 3085 3095
f 3163 3172 3162
f 3108 3111 3110
f 3185 3187 3188
f 3133 3132 3099
f 3210 3176 3209
f 3132 3101 3099
f 3209 3176 3178
f 3129 3128 3130
f 3206 3207 3205
f 3080 3078 3077
f 3157 3154 3155
f 3082 3080 3077
f 3159 3154 3157
f 3074 3063 3061
f 3151 3138 3140
f 3070 3073 3072
f 3147 3149 3150
f 3094 3092 3095
f 3171 3172 3169
f 3092 3089 3095
f 3169 3172 3166
f 3105 3103 3102
f 3182 3179 3180
f 3098 3097 3096
f 3175 3173 3174
f 3117 3119 3118
f 3194 3195 3196
f 3115 3117 3116
f 3192 3193 3194
f 3119 3117 3122
f 3196 3199 3194
f 3117 3115 3122
f 3194 3199 3192
f 3132 3112 3101
f 3209 3178 3189
f 3113 3112 3114
f 3190 3191 3189
f 3125 3124 3130
f 3202 3207 3201
f 3128 3125 3130
f 3205 3207 3202
f 3136 3133 3137
f 3213 3214 3210
f 3136 3134 3133
f 3213 3210 3211
f 3134 3136 3135
f 3211 3212 3213
f 3132 3131 3130
f 3209 3207 3208
f 3080 3079 3078
f 3157 3155 3156
f 3081 3080 3082
f 3158 3159 3157
f 3064 3063 3074
f 3141 3151 3140
f 3073 3064 3074
f 3150 3151 3141
f 3093 3092 3094
f 3170 3171 3169
f 3104 3103 3105
f 3181 3182 3180
f 3083 3082 3084
f 3160 3161 3159
f 3063 3062 3061
f 3140 3138 3139
f 3065 3064 3067
f 3142 3144 3141
f 3065 3067 3066
f 3142 3143 3144
f 3086 3089 3087
f 3163 3164 3166
f 3089 3088 3087
f 3166 3164 3165
f 3119 3122 3121
f 3196 3198 3199
f 3119 3121 3120
f 3196 3197 3198
f 3070 3069 3067
f 3147 3144 3146
f 3067 3069 3068
f 3144 3145 3146
f 3105 3107 3106
f 3182 3183 3184
f 3105 3108 3107
f 3182 3184 3185
f 3111 3105 3102
f 3188 3179 3182
f 3105 3111 3108
f 3182 3185 3188
f 3092 3091 3090
f 3169 3167 3168
f 3089 3092 3090
f 3166 3167 3169
f 3112 3111 3102
f 3189 3179 3188
f 3101 3112 3102
f 3178 3179 3189
f 3112 3132 3130
f 3189 3207 3209
f 3114 3112 3130
f 3191 3207 3189
f 3126 3125 3128
f 3203 3205 3202
f 3127 3126 3128
f 3204 3205 3203
f 3064 3070 3067
f 3141 3144 3147
f 3064 3073 3070
f 3141 3147 3150
f 3215 3216 3293
f 3215 3293 3292
f 3216 3217 3294
f 3216 3294 3293
f 3217 3218 3295
f 3217 3295 3294
f 3218 3219 3296
f 3218 3296 3295
f 3219 3220 3297
f 3219 3297 3296
f 3220 3221 3298
f 3220 3298 3297
f 3221 3222 3299
f 3221 3299 3298
f 3222 3223 3300
f 3222 3300 3299
f 3223 3224 3301
f 3223 3301 3300
f 3224 3225 3302
f 3224 3302 3301
f 3225 3226 3303
f 3225 3303 3302
f 3226 3227 3304
f 3226 3304 3303
f 3227 3228 3305
f 3227 3305 3304
f 3228 3229 3306
f 3228 3306 3305
f 3229 3230 3307
f 3229 3307 3306
f 3230 3231 3308
f 3230 3308 3307
f 3231 3232 3309
f 3231 3309 3308
f 3232 3233 3310
f 3232 3310 3309
f 3233 3234 3311
f 3233 3311 3310
f 3234 3235 3312
f 3234 3312 3311
f 3235 3236 3313
f 3235 3313 3312
f 3236 3237 3314
f 3236 3314 3313
f 3237 3238 3315
f 3237 3315 3314
f 3238 3239 3316
f 3238 3316 3315
f 3239 3240 3317
f 3239 3317 3316
f 3240 3241 3318
f 3240 3318 3317
f 3241 3242 3319
f 3241 3319 3318
f 3242 3243 3320
f 3242 3320 3319
f 3243 3244 3321
f 3243 3321 3320
f 3244 3245 3322
f 3244 3322 3321
f 3245 3246 3323
f 3245 3323 3322
f 3246 3247 3324
f 3246 3324 3323
f 3247 3248 3325
f 3247 3325 3324
f 3248 3249 3326
f 3248 3326 3325
f 3249 3250 3327
f 3249 3327 3326
f 3250 3251 3328
f 3250 3328 3327
f 3251 3252 3329
f 3251 3329 3328
f 3252 3253 3330
f 3252 3330 3329
f 3253 3254 3331
f 3253 3331 3330
f 3254 3255 3332
f 3254 3332 3331
f 3255 3256 3333
f 3255 3333 3332
f 3256 3257 3334
f 3256 3334 3333
f 3257 3258 3335
f 3257 3335 3334
f 3258 3259 3336
f 3258 3336 3335
f 3259 3260 3337
f 3259 3337 3336
f 3260 3261 3338
f 3260 3338 3337
f 3261 3262 3339
f 3261 3339 3338
f 3262 3263 3340
f 3262 3340 3339
f 3263 3264 3341
f 3263 3341 3340
f 3264 3265 3342
f 3264 3342 3341
f 3265 3266 3343
f 3265 3343 3342
f 3266 3267 3344
f 3266 3344 3343
f 3267 3268 3345
f 3267 3345 3344
f 3268 3269 3346
f 3268 3346 3345
f 3269 3270 3347
f 3269 3347 3346
f 3270 3271 3348
f 3270 3348 3347
f 3271 3272 3349
f 3271 3349 3348
f 3272 3273 3350
f 3272 3350 3349
f 3273 3274 3351
f 3273 3351 3350
f 3274 3275 3352
f 3274 3352 3351
f 3275 3276 3353
f 3275 3353 3352
f 3276 3277 3354
f 3276 3354 3353
f 3277 3278 3355
f 3277 3355 3354
f 3278 3279 3356
f 3278 3356 3355
f 3279 3280 3357
f 3279 3357 3356
f 3280 3281 3358
f 3280 3358 3357
f 3281 3282 3359
f 3281 3359 3358
f 3282 3283 3360
f 3282 3360 3359
f 3283 3284 3361
f 3283 3361 3360
f 3284 3285 3362
f 3284 3362 3361
f 3285 3286 3363
f 3285 3363 3362
f 3286 3287 3364
f 3286 3364 3363
f 3287 3288 3365
f 3287 3365 3364
f 3288 3289 3366
f 3288 3366 3365
f 3289 3290 3367
f 3289 3367 3366
f 3290 3291 3368
f 3290 3368 3367
f 3291 3215 3292
f 3291 3292 3368
f 3383 3382 3409
f 3437 3463 3436
f 3407 3383 3409
f 3461 3463 3437
f 3382 3410 3409
f 3436 3463 3464
f 3412 3381 3378
f 3466 3432 3435
f 3381 3410 3382
f 3435 3436 3464
f 3410 3381 3412
f 3464 3466 3435
f 3412 3372 3417
f 3466 3471 3426
f 3375 3372 3378
f 3429 3432 3426
f 3372 3412 3378
f 3426 3432 3466
f 3372 3375 3373
f 3426 3427 3429
f 3385 3394 3393
f 3439 3447 3448
f 3385 3383 3394
f 3439 3448 3437
f 3392 3385 3393
f 3446 3447 3439
f 3405 3383 3407
f 3459 3461 3437
f 3411 3410 3412
f 3465 3466 3464
f 3371 3370 3369
f 3425 3423 3424
f 3375 3374 3373
f 3429 3427 3428
f 3421 3418 3371
f 3475 3425 3472
f 3421 3369 3422
f 3475 3476 3423
f 3421 3371 3369
f 3475 3423 3425
f 3419 3421 3420
f 3473 3474 3475
f 3421 3419 3418
f 3475 3472 3473
f 3387 3392 3389
f 3441 3443 3446
f 3387 3385 3392
f 3441 3446 3439
f 3388 3387 3389
f 3442 3443 3441
f 3414 3412 3417
f 3468 3471 3466
f 3414 3413 3412
f 3468 3466 3467
f 3402 3401 3403
f 3456 3457 3455
f 3406 3405 3407
f 3460 3461 3459
f 3387 3386 3385
f 3441 3439 3440
f 3416 3414 3417
f 3470 3471 3468
f 3401 3404 3403
f 3455 3457 3458
f 3398 3404 3401
f 3452 3455 3458
f 3404 3398 3395
f 3458 3449 3452
f 3404 3395 3394
f 3458 3448 3449
f 3383 3404 3394
f 3437 3448 3458
f 3405 3404 3383
f 3459 3437 3458
f 3408 3407 3409
f 3462 3463 3461
f 3385 3384 3383
f 3439 3437 3438
f 3416 3415 3414
f 3470 3468 3469
f 3377 3375 3378
f 3431 3432 3429
f 3375 3377 3376
f 3429 3430 3431
f 3418 3372 3371
f 3472 3425 3426
f 3372 3418 3417
f 3426 3471 3472
f 3392 3391 3389
f 3446 3443 3445
f 3391 3390 3389
f 3445 3443 3444
f 3380 3379 3378
f 3434 3432 3433
f 3381 3380 3378
f 3435 3432 3434
f 3398 3397 3395
f 3452 3449 3451
f 3395 3397 3396
f 3449 3450 3451
f 3400 3399 3398
f 3454 3452 3453
f 3400 3398 3401
f 3454 3455 3452
f 3477 3478 3532
f 3477 3532 3531
f 3478 3479 3533
f 3478 3533 3532
f 3479 3480 3534
f 3479 3534 3533
f 3480 3481 3535
f 3480 3535 3534
f 3481 3482 3536
f 3481 3536 3535
f 3482 3483 3537
f 3482 3537 3536
f 3483 3484 3538
f 3483 3538 3537
f 3484 3485 3539
f 3484 3539 3538
f 3485 3486 3540
f 3485 3540 3539
f 3486 3487 3541
f 3486 3541 3540
f 3487 3488 3542
f 3487 3542 3541
f 3488 3489 3543
f 3488 3543 3542
f 3489 3490 3544
f 3489 3544 3543
f 3490 3491 3545
f 3490 3545 3544
f 3491 3492 3546
f 3491 3546 3545
f 3492 3493 3547
f 3492 3547 3546
f 3493 3494 3548
f 3493 3548 3547
f 3494 3495 3549
f 3494 3549 3548
f 3495 3496 3550
f 3495 3550 3549
f 3496 3497 3551
f 3496 3551 3550
f 3497 3498 3552
f 3497 3552 3551
f 3498 3499 3553
f 3498 3553 3552
f 3499 3500 3554
f 3499 3554 3553
f 3500 3501 3555
f 3500 3555 3554
f 3501 3502 3556
f 3501 3556 3555
f 3502 3503 3557
f 3502 3557 3556
f 3503 3504 3558
f 3503 3558 3557
f 3504 3505 3559
f 3504 3559 3558
f 3505 3506 3560
f 3505 3560 3559
f 3506 3507 3561
f 3506 3561 3560
f 3507 3508 3562
f 3507 3562 3561
f 3508 3509 3563
f 3508 3563 3562
f 3509 3510 3564
f 3509 3564 3563
f 3510 3511 3565
f 3510 3565 3564
f 3511 3512 3566
f 3511 3566 3565
f 3512 3513 3567
f 3512 3567 3566
f 3513 3514 3568
f 3513 3568 3567
f 3514 3515 3569
f 3514 3569 3568
f 3515 3516 3570
f 3515 3570 3569
f 3516 3517 3571
f 3516 3571 3570
f 3517 3518 3572
f 3517 3572 3571
f 3518 3519 3573
f 3518 3573 3572
f 3519 3520 3574
f 3519 3574 3573
f 3520 3521 3575
f 3520 3575 3574
f 3521 3522 3576
f 3521 3576 3575
f 3522 3523 3577
f 3522 3577 3576
f 3523 3524 3578
f 3523 3578 3577
f 3524 3525 3579
f 3524 3579 3578
f 3525 3526 3580
f 3525 3580 3579
f 3526 3527 3581
f 3526 3581 3580
f 3527 3528 3582
f 3527 3582 3581
f 3528 3529 3583
f 3528 3583 3582
f 3529 3530 3584
f 3529 3584 3583
f 3530 3477 3531
f 3530 3531 3584
f 4821 4805 4846
f 4863 4888 4847
f 4836 4821 4846
f 4878 4888 4863
f 4807 4806 4805
f 4849 4847 4848
f 4837 4846 4845
f 4879 4887 4888
f 4837 4836 4846
f 4879 4888 4878
f 4821 4819 4805
f 4863 4847 4861
f 4819 4807 4805
f 4861 4847 4849
f 4844 4837 4845
f 4886 4887 4879
f 4836 4827 4821
f 4878 4863 4869
f 4827 4822 4821
f 4869 4863 4864
f 4844 4839 4837
f 4886 4879 4881
f 4839 4838 4837
f 4881 4879 4880
f 4825 4827 4826
f 4867 4868 4869
f 4825 4822 4827
f 4867 4869 4864
f 4825 4823 4822
f 4867 4864 4865
f 4819 4813 4807
f 4861 4849 4855
f 4814 4813 4819
f 4856 4861 4855
f 4813 4809 4808
f 4855 4850 4851
f 4807 4813 4808
f 4849 4850 4855
f 4813 4810 4809
f 4855 4851 4852
f 4835 4834 4836
f 4877 4878 4876
f 4824 4823 4825
f 4866 4867 4865
f 4810 4812 4811
f 4852 4853 4854
f 4813 4812 4810
f 4855 4852 4854
f 4820 4819 4821
f 4862 4863 4861
f 4817 4814 4819
f 4859 4861 4856
f 4818 4817 4819
f 4860 4861 4859
f 4815 4817 4816
f 4857 4858 4859
f 4817 4815 4814
f 4859 4856 4857
f 4829 4828 4827
f 4871 4869 4870
f 4842 4839 4844
f 4884 4886 4881
f 4831 4829 4834
f 4873 4876 4871
f 4833 4831 4834
f 4875 4876 4873
f 4831 4833 4832
f 4873 4874 4875
f 4842 4840 4839
f 4884 4881 4882
f 4840 4842 4841
f 4882 4883 4884
f 4843 4842 4844
f 4885 4886 4884
f 4831 4830 4829
f 4873 4871 4872
f 4834 4829 4836
f 4876 4878 4871
f 4829 4827 4836
f 4871 4878 4869
f 4889 4890 4932
f 4889 4932 4931
f 4890 4891 4933
f 4890 4933 4932
f 4891 4892 4934
f 4891 4934 4933
f 4892 4893 4935
f 4892 4935 4934
f 4893 4894 4936
f 4893 4936 4935
f 4894 4895 4937
f 4894 4937 4936
f 4895 4896 4938
f 4895 4938 4937
f 4896 4897 4939
f 4896 4939 4938
f 4897 4898 4940
f 4897 4940 4939
f 4898 4899 4941
f 4898 4941 4940
f 4899 4900 4942
f 4899 4942 4941
f 4900 4901 4943
f 4900 4943 4942
f 4901 4902 4944
f 4901 4944 4943
f 4902 4903 4945
f 4902 4945 4944
f 4903 4904 4946
f 4903 4946 4945
f 4904 4905 4947
f 4904 4947 4946
f 4905 4906 4948
f 4905 4948 4947
f 4906 4907 4949
f 4906 4949 4948
f 4907 4908 4950
f 4907 4950 4949
f 4908 4909 4951
f 4908 4951 4950
f 4909 4910 4952
f 4909 4952 4951
f 4910 4911 4953
f 4910 4953 4952
f 4911 4912 4954
f 4911 4954 4953
f 4912 4913 4955
f 4912 4955 4954
f 4913 4914 4956
f 4913 4956 4955
f 4914 4915 4957
f 4914 4957 4956
f 4915 4916 4958
f 4915 4958 4957
f 4916 4917 4959
f 4916 4959 4958
f 4917 4918 4960
f 4917 4960 4959
f 4918 4919 4961
f 4918 4961 4960
f 4919 4920 4962
f 4919 4962 4961
f 4920 4921 4963
f 4920 4963 4962
f 4921 4922 4964
f 4921 4964 4963
f 4922 4923 4965
f 4922 4965 4964
f 4923 4924 4966
f 4923 4966 4965
f 4924 4925 4967
f 4924 4967 4966
f 4925 4926 4968
f 4925 4968 4967
f 4926 4927 4969
f 4926 4969 4968
f 4927 4928 4970
f 4927 4970 4969
f 4928 4929 4971
f 4928 4971 4970
f 4929 4930 4972
f 4929 4972 4971
f 4930 4889 4931
f 4930 4931 4972
f 4983 4982 4994
f 5005 5016 5004
f 4982 4973 4994
f 5004 5016 4995
f 4973 4975 4974
f 4995 4996 4997
f 4981 4978 4975
f 5003 4997 5000
f 4981 4973 4982
f 5003 5004 4995
f 4981 4975 4973
f 5003 4995 4997
f 4993 4992 4991
f 5015 5013 5014
f 4990 4993 4991
f 5012 5013 5015
f 4989 4987 4990
f 5011 5012 5009
f 4987 4989 4988
f 5009 5010 5011
f 4993 4984 4994
f 5015 5016 5006
f 4984 4983 4994
f 5006 5016 5005
f 4984 4993 4990
f 5006 5012 5015
f 4987 4984 4990
f 5009 5012 5006
f 4986 4984 4987
f 5008 5009 5006
f 4984 4986 4985
f 5006 5007 5008
f 4975 4978 4976
f 4997 4998 5000
f 4978 4977 4976
f 5000 4998 4999
f 4978 4981 4979
f 5000 5001 5003
f 4981 4980 4979
f 5003 5001 5002
f 5017 5018 5040
f 5017 5040 5039
f 5018 5019 5041
f 5018 5041 5040
f 5019 5020 5042
f 5019 5042 5041
f 5020 5021 5043
f 5020 5043 5042
f 5021 5022 5044
f 5021 5044 5043
f 5022 5023 5045
f 5022 5045 5044
f 5023 5024 5046
f 5023 5046 5045
f 5024 5025 5047
f 5024 5047 5046
f 5025 5026 5048
f 5025 5048 5047
f 5026 5027 5049
f 5026 5049 5048
f 5027 5028 5050
f 5027 5050 5049
f 5028 5029 5051
f 5028 5051 5050
f 5029 5030 5052
f 5029 5052 5051
f 5030 5031 5053
f 5030 5053 5052
f 5031 5032 5054
f 5031 5054 5053
f 5032 5033 5055
f 5032 5055 5054
f 5033 5034 5056
f 5033 5056 5055
f 5034 5035 5057
f 5034 5057 5056
f 5035 5036 5058
f 5035 5058 5057
f 5036 5037 5059
f 5036 5059 5058
f 5037 5038 5060
f 5037 5060 5059
f 5038 5017 5039
f 5038 5039 5060
f 5067 5066 5068
f 5117 5118 5116
f 5099 5085 5103
f 5149 5153 5135
f 5102 5099 5103
f 5152 5153 5149
f 5066 5069 5068
f 5116 5118 5119
f 5077 5105 5103
f 5127 5153 5155
f 5100 5102 5101
f 5150 5151 5152
f 5100 5099 5102
f 5150 5152 5149
f 5063 5069 5066
f 5113 5116 5119
f 5085 5083 5103
f 5135 5153 5133
f 5077 5075 5105
f 5127 5155 5125
f 5099 5097 5085
f 5149 5135 5147
f 5097 5086 5085
f 5147 5135 5136
f 5061 5110 5069
f 5111 5119 5160
f 5063 5061 5069
f 5113 5119 5111
f 5061 5063 5062
f 5111 5112 5113
f 5078 5077 5103
f 5128 5153 5127
f 5083 5078 5103
f 5133 5153 5128
f 5084 5083 5085
f 5134 5135 5133
f 5105 5104 5103
f 5155 5153 5154
f 5075 5106 5105
f 5125 5155 5156
f 5070 5106 5075
f 5120 5125 5156
f 5106 5070 5069
f 5156 5119 5120
f 5097 5096 5095
f 5147 5145 5146
f 5092 5097 5095
f 5142 5145 5147
f 5097 5089 5086
f 5147 5136 5139
f 5092 5089 5097
f 5142 5147 5139
f 5086 5089 5087
f 5136 5137 5139
f 5089 5088 5087
f 5139 5137 5138
f 5098 5097 5099
f 5148 5149 5147
f 5076 5075 5077
f 5126 5127 5125
f 5109 5108 5107
f 5159 5157 5158
f 5106 5109 5107
f 5156 5157 5159
f 5110 5109 5069
f 5160 5119 5159
f 5109 5106 5069
f 5159 5119 5156
f 5081 5078 5083
f 5131 5133 5128
f 5082 5081 5083
f 5132 5133 5131
f 5081 5079 5078
f 5131 5128 5129
f 5073 5070 5075
f 5123 5125 5120
f 5073 5071 5070
f 5123 5120 5121
f 5071 5073 5072
f 5121 5122 5123
f 5080 5079 5081
f 5130 5131 5129
f 5074 5073 5075
f 5124 5125 5123
f 5063 5066 5065
f 5113 5115 5116
f 5063 5065 5064
f 5113 5114 5115
f 5094 5092 5095
f 5144 5145 5142
f 5092 5094 5093
f 5142 5143 5144
f 5089 5092 5091
f 5139 5141 5142
f 5089 5091 5090
f 5139 5140 5141
f 5161 5162 5212
f 5161 5212 5211
f 5162 5163 5213
f 5162 5213 5212
f 5163 5164 5214
f 5163 5214 5213
f 5164 5165 5215
f 5164 5215 5214
f 5165 5166 5216
f 5165 5216 5215
f 5166 5167 5217
f 5166 5217 5216
f 5167 5168 5218
f 5167 5218 5217
f 5168 5169 5219
f 5168 5219 5218
f 5169 5170 5220
f 5169 5220 5219
f 5170 5171 5221
f 5170 5221 5220
f 5171 5172 5222
f 5171 5222 5221
f 5172 5173 5223
f 5172 5223 5222
f 5173 5174 5224
f 5173 5224 5223
f 5174 5175 5225
f 5174 5225 5224
f 5175 5176 5226
f 5175 5226 5225
f 5176 5177 5227
f 5176 5227 5226
f 5177 5178 5228
f 5177 5228 5227
f 5178 5179 5229
f 5178 5229 5228
f 5179 5180 5230
f 5179 5230 5229
f 5180 5181 5231
f 5180 5231 5230
f 5181 5182 5232
f 5181 5232 5231
f 5182 5183 5233
f 5182 5233 5232
f 5183 5184 5234
f 5183 5234 5233
f 5184 5185 5235
f 5184 5235 5234
f 5185 5186 5236
f 5185 5236 5235
f 5186 5187 5237
f 5186 5237 5236
f 5187 5188 5238
f 5187 5238 5237
f 5188 5189 5239
f 5188 5239 5238
f 5189 5190 5240
f 5189 5240 5239
f 5190 5191 5241
f 5190 5241 5240
f 5191 5192 5242
f 5191 5242 5241
f 5192 5193 5243
f 5192 5243 5242
f 5193 5194 5244
f 5193 5244 5243
f 5194 5195 5245
f 5194 5245 5244
f 5195 5196 5246
f 5195 5246 5245
f 5196 5197 5247
f 5196 5247 5246
f 5197 5198 5248
f 5197 5248 5247
f 5198 5199 5249
f 5198 5249 5248
f 5199 5200 5250
f 5199 5250 5249
f 5200 5201 5251
f 5200 5251 5250
f 5201 5202 5252
f 5201 5252 5251
f 5202 5203 5253
f 5202 5253 5252
f 5203 5204 5254
f 5203 5254 5253
f 5204 5205 5255
f 5204 5255 5254
f 5205 5206 5256
f 5205 5256 5255
f 5206 5207 5257
f 5206 5257 5256
f 5207 5208 5258
f 5207 5258 5257
f 5208 5209 5259
f 5208 5259 5258
f 5209 5210 5260
f 5209 5260 5259
f 5210 5161 5211
f 5210 5211 5260
f 5415 5413 5429
f 5432 5446 5430
f 5425 5424 5418
f 5442 5435 5441
f 5428 5415 5429
f 5445 5446 5432
f 5414 5413 5415
f 5431 5432 5430
f 5415 5427 5418
f 5432 5435 5444
f 5427 5425 5418
f 5444 5435 5442
f 5428 5427 5415
f 5445 5432 5444
f 5425 5427 5426
f 5442 5443 5444
f 5424 5423 5418
f 5441 5435 5440
f 5423 5421 5418
f 5440 5435 5438
f 5421 5423 5422
f 5438 5439 5440
f 5417 5415 5418
f 5434 5435 5432
f 5415 5417 5416
f 5432 5433 5434
f 5419 5421 5420
f 5436 5437 5438
f 5421 5419 5418
f 5438 5435 5436
f 5447 5448 5465
f 5447 5465 5464
f 5448 5449 5466
f 5448 5466 5465
f 5449 5450 5467
f 5449 5467 5466
f 5450 5451 5468
f 5450 5468 5467
f 5451 5452 5469
f 5451 5469 5468
f 5452 5453 5470
f 5452 5470 5469
f 5453 5454 5471
f 5453 5471 5470
f 5454 5455 5472
f 5454 5472 5471
f 5455 5456 5473
f 5455 5473 5472
f 5456 5457 5474
f 5456 5474 5473
f 5457 5458 5475
f 5457 5475 5474
f 5458 5459 5476
f 5458 5476 5475
f 5459 5460 5477
f 5459 5477 5476
f 5460 5461 5478
f 5460 5478 5477
f 5461 5462 5479
f 5461 5479 5478
f 5462 5463 5480
f 5462 5480 5479
f 5463 5447 5464
f 5463 5464 5480
f 5486 5488 5487
f 5540 5541 5542
f 5508 5507 5506
f 5562 5560 5561
f 5486 5489 5488
f 5540 5542 5543
f 5531 5489 5486
f 5585 5540 5543
f 5489 5531 5496
f 5543 5550 5585
f 5495 5489 5496
f 5549 5550 5543
f 5485 5533 5486
f 5539 5540 5587
f 5533 5531 5486
f 5587 5540 5585
f 5533 5485 5484
f 5587 5538 5539
f 5525 5524 5526
f 5579 5580 5578
f 5524 5523 5526
f 5578 5580 5577
f 5523 5528 5526
f 5577 5580 5582
f 5528 5523 5498
f 5582 5552 5577
f 5523 5522 5521
f 5577 5575 5576
f 5500 5523 5521
f 5554 5575 5577
f 5523 5500 5498
f 5577 5552 5554
f 5503 5502 5501
f 5557 5555 5556
f 5503 5505 5504
f 5557 5558 5559
f 5503 5500 5505
f 5557 5559 5554
f 5500 5503 5501
f 5554 5555 5557
f 5494 5493 5495
f 5548 5549 5547
f 5491 5489 5495
f 5545 5549 5543
f 5493 5491 5495
f 5547 5549 5545
f 5489 5491 5490
f 5543 5544 5545
f 5491 5493 5492
f 5545 5546 5547
f 5483 5533 5484
f 5537 5538 5587
f 5483 5482 5481
f 5537 5535 5536
f 5534 5483 5481
f 5588 5535 5537
f 5483 5534 5533
f 5537 5587 5588
f 5500 5499 5498
f 5554 5552 5553
f 5531 5530 5496
f 5585 5550 5584
f 5497 5528 5498
f 5551 5552 5582
f 5530 5497 5496
f 5584 5550 5551
f 5497 5530 5528
f 5551 5582 5584
f 5511 5516 5514
f 5565 5568 5570
f 5516 5515 5514
f 5570 5568 5569
f 5530 5529 5528
f 5584 5582 5583
f 5516 5518 5517
f 5570 5571 5572
f 5518 5516 5511
f 5572 5565 5570
f 5518 5511 5508
f 5572 5562 5565
f 5518 5508 5506
f 5572 5560 5562
f 5505 5518 5506
f 5559 5560 5572
f 5518 5505 5520
f 5572 5574 5559
f 5519 5518 5520
f 5573 5574 5572
f 5528 5527 5526
f 5582 5580 5581
f 5533 5532 5531
f 5587 5585 5586
f 5511 5514 5513
f 5565 5567 5568
f 5512 5511 5513
f 5566 5567 5565
f 5508 5511 5509
f 5562 5563 5565
f 5511 5510 5509
f 5565 5563 5564
f 5500 5521 5520
f 5554 5574 5575
f 5505 5500 5520
f 5559 5574 5554
f 5589 5590 5644
f 5589 5644 5643
f 5590 5591 5645
f 5590 5645 5644
f 5591 5592 5646
f 5591 5646 5645
f 5592 5593 5647
f 5592 5647 5646
f 5593 5594 5648
f 5593 5648 5647
f 5594 5595 5649
f 5594 5649 5648
f 5595 5596 5650
f 5595 5650 5649
f 5596 5597 5651
f 5596 5651 5650
f 5597 5598 5652
f 5597 5652 5651
f 5598 5599 5653
f 5598 5653 5652
f 5599 5600 5654
f 5599 5654 5653
f 5600 5601 5655
f 5600 5655 5654
f 5601 5602 5656
f 5601 5656 5655
f 5602 5603 5657
f 5602 5657 5656
f 5603 5604 5658
f 5603 5658 5657
f 5604 5605 5659
f 5604 5659 5658
f 5605 5606 5660
f 5605 5660 5659
f 5606 5607 5661
f 5606 5661 5660
f 5607 5608 5662
f 5607 5662 5661
f 5608 5609 5663
f 5608 5663 5662
f 5609 5610 5664
f 5609 5664 5663
f 5610 5611 5665
f 5610 5665 5664
f 5611 5612 5666
f 5611 5666 5665
f 5612 5613 5667
f 5612 5667 5666
f 5613 5614 5668
f 5613 5668 5667
f 5614 5615 5669
f 5614 5669 5668
f 5615 5616 5670
f 5615 5670 5669
f 5616 5617 5671
f 5616 5671 5670
f 5617 5618 5672
f 5617 5672 5671
f 5618 5619 5673
f 5618 5673 5672
f 5619 5620 5674
f 5619 5674 5673
f 5620 5621 5675
f 5620 5675 5674
f 5621 5622 5676
f 5621 5676 5675
f 5622 5623 5677
f 5622 5677 5676
f 5623 5624 5678
f 5623 5678 5677
f 5624 5625 5679
f 5624 5679 5678
f 5625 5626 5680
f 5625 5680 5679
f 5626 5627 5681
f 5626 5681 5680
f 5627 5628 5682
f 5627 5682 5681
f 5628 5629 5683
f 5628 5683 5682
f 5629 5630 5684
f 5629 5684 5683
f 5630 5631 5685
f 5630 5685 5684
f 5631 5632 5686
f 5631 5686 5685
f 5632 5633 5687
f 5632 5687 5686
f 5633 5634 5688
f 5633 5688 5687
f 5634 5635 5689
f 5634 5689 5688
f 5635 5636 5690
f 5635 5690 5689
f 5636 5637 5691
f 5636 5691 5690
f 5637 5638 5692
f 5637 5692 5691
f 5638 5639 5693
f 5638 5693 5692
f 5639 5640 5694
f 5639 5694 5693
f 5640 5641 5695
f 5640 5695 5694
f 5641 5642 5696
f 5641 5696 5695
f 5642 5589 5643
f 5642 5643 5696
f 6499 6498 6497
f 6572 6570 6571
f 6558 6557 6505
f 6631 6578 6630
f 6558 6501 6500
f 6631 6573 6574
f 6508 6548 6515
f 6581 6588 6621
f 6548 6546 6515
f 6621 6588 6619
f 6502 6558 6505
f 6575 6578 6631
f 6558 6502 6501
f 6631 6574 6575
f 6499 6559 6500
f 6572 6573 6632
f 6559 6558 6500
f 6632 6573 6631
f 6559 6499 6497
f 6632 6570 6572
f 6508 6506 6548
f 6581 6621 6579
f 6557 6506 6505
f 6630 6578 6579
f 6547 6546 6548
f 6620 6621 6619
f 6546 6517 6515
f 6619 6588 6590
f 6545 6517 6546
f 6618 6619 6590
f 6525 6524 6523
f 6598 6596 6597
f 6532 6526 6535
f 6605 6608 6599
f 6535 6526 6536
f 6608 6609 6599
f 6507 6506 6508
f 6580 6581 6579
f 6561 6497 6569
f 6634 6642 6570
f 6561 6559 6497
f 6634 6570 6632
f 6555 6506 6557
f 6628 6630 6579
f 6506 6555 6548
f 6579 6621 6628
f 6555 6550 6548
f 6628 6621 6623
f 6543 6525 6523
f 6616 6596 6598
f 6545 6543 6523
f 6618 6596 6616
f 6543 6545 6544
f 6616 6617 6618
f 6543 6526 6525
f 6616 6598 6599
f 6526 6543 6538
f 6599 6611 6616
f 6518 6545 6523
f 6591 6596 6618
f 6545 6518 6517
f 6618 6590 6591
f 6550 6549 6548
f 6623 6621 6622
f 6521 6518 6523
f 6594 6596 6591
f 6526 6537 6536
f 6599 6609 6610
f 6537 6526 6538
f 6610 6611 6599
f 6568 6561 6569
f 6641 6642 6634
f 6561 6560 6559
f 6634 6632 6633
f 6555 6553 6550
f 6628 6623 6626
f 6522 6521 6523
f 6595 6596 6594
f 6526 6529 6527
f 6599 6600 6602
f 6529 6528 6527
f 6602 6600 6601
f 6529 6526 6532
f 6602 6605 6599
f 6519 6521 6520
f 6592 6593 6594
f 6521 6519 6518
f 6594 6591 6592
f 6510 6509 6508
f 6583 6581 6582
f 6517 6516 6515
f 6590 6588 6589
f 6504 6502 6505
f 6577 6578 6575
f 6504 6503 6502
f 6577 6575 6576
f 6514 6513 6515
f 6587 6588 6586
f 6556 6555 6557
f 6629 6630 6628
f 6554 6553 6555
f 6627 6628 6626
f 6543 6541 6538
f 6616 6611 6614
f 6542 6541 6543
f 6615 6616 6614
f 6563 6565 6564
f 6636 6637 6638
f 6563 6562 6561
f 6636 6634 6635
f 6565 6563 6568
f 6638 6641 6636
f 6568 6563 6561
f 6641 6634 6636
f 6533 6532 6534
f 6606 6607 6605
f 6532 6535 6534
f 6605 6607 6608
f 6529 6532 6531
f 6602 6604 6605
f 6529 6531 6530
f 6602 6603 6604
f 6553 6552 6550
f 6626 6623 6625
f 6550 6552 6551
f 6623 6624 6625
f 6513 6510 6508
f 6586 6581 6583
f 6513 6508 6515
f 6586 6588 6581
f 6511 6513 6512
f 6584 6585 6586
f 6513 6511 6510
f 6586 6583 6584
f 6566 6565 6567
f 6639 6640 6638
f 6565 6568 6567
f 6638 6640 6641
f 6541 6540 6539
f 6614 6612 6613
f 6538 6541 6539
f 6611 6612 6614
f 6643 6644 6717
f 6643 6717 6716
f 6644 6645 6718
f 6644 6718 6717
f 6645 6646 6719
f 6645 6719 6718
f 6646 6647 6720
f 6646 6720 6719
f 6647 6648 6721
f 6647 6721 6720
f 6648 6649 6722
f 6648 6722 6721
f 6649 6650 6723
f 6649 6723 6722
f 6650 6651 6724
f 6650 6724 6723
f 6651 6652 6725
f 6651 6725 6724
f 6652 6653 6726
f 6652 6726 6725
f 6653 6654 6727
f 6653 6727 6726
f 6654 6655 6728
f 6654 6728 6727
f 6655 6656 6729
f 6655 6729 6728
f 6656 6657 6730
f 6656 6730 6729
f 6657 6658 6731
f 6657 6731 6730
f 6658 6659 6732
f 6658 6732 6731
f 6659 6660 6733
f 6659 6733 6732
f 6660 6661 6734
f 6660 6734 6733
f 6661 6662 6735
f 6661 6735 6734
f 6662 6663 6736
f 6662 6736 6735
f 6663 6664 6737
f 6663 6737 6736
f 6664 6665 6738
f 6664 6738 6737
f 6665 6666 6739
f 6665 6739 6738
f 6666 6667 6740
f 6666 6740 6739
f 6667 6668 6741
f 6667 6741 6740
f 6668 6669 6742
f 6668 6742 6741
f 6669 6670 6743
f 6669 6743 6742
f 6670 6671 6744
f 6670 6744 6743
f 6671 6672 6745
f 6671 6745 6744
f 6672 6673 6746
f 6672 6746 6745
f 6673 6674 6747
f 6673 6747 6746
f 6674 6675 6748
f 6674 6748 6747
f 6675 6676 6749
f 6675 6749 6748
f 6676 6677 6750
f 6676 6750 6749
f 6677 6678 6751
f 6677 6751 6750
f 6678 6679 6752
f 6678 6752 6751
f 6679 6680 6753
f 6679 6753 6752
f 6680 6681 6754
f 6680 6754 6753
f 6681 6682 6755
f 6681 6755 6754
f 6682 6683 6756
f 6682 6756 6755
f 6683 6684 6757
f 6683 6757 6756
f 6684 6685 6758
f 6684 6758 6757
f 6685 6686 6759
f 6685 6759 6758
f 6686 6687 6760
f 6686 6760 6759
f 6687 6688 6761
f 6687 6761 6760
f 6688 6689 6762
f 6688 6762 6761
f 6689 6690 6763
f 6689 6763 6762
f 6690 6691 6764
f 6690 6764 6763
f 6691 6692 6765
f 6691 6765 6764
f 6692 6693 6766
f 6692 6766 6765
f 6693 6694 6767
f 6693 6767 6766
f 6694 6695 6768
f 6694 6768 6767
f 6695 6696 6769
f 6695 6769 6768
f 6696 6697 6770
f 6696 6770 6769
f 6697 6698 6771
f 6697 6771 6770
f 6698 6699 6772
f 6698 6772 6771
f 6699 6700 6773
f 6699 6773 6772
f 6700 6701 6774
f 6700 6774 6773
f 6701 6702 6775
f 6701 6775 6774
f 6702 6703 6776
f 6702 6776 6775
f 6703 6704 6777
f 6703 6777 6776
f 6704 6705 6778
f 6704 6778 6777
f 6705 6706 6779
f 6705 6779 6778
f 6706 6707 6780
f 6706 6780 6779
f 6707 6708 6781
f 6707 6781 6780
f 6708 6709 6782
f 6708 6782 6781
f 6709 6710 6783
f 6709 6783 6782
f 6710 6711 6784
f 6710 6784 6783
f 6711 6712 6785
f 6711 6785 6784
f 6712 6713 6786
f 6712 6786 6785
f 6713 6714 6787
f 6713 6787 6786
f 6714 6715 6788
f 6714 6788 6787
f 6715 6643 6716
f 6715 6716 6788
f 6811 6809 6789
f 6835 6813 6833
f 6811 6789 6812
f 6835 6836 6813
f 6794 6792 6790
f 6818 6814 6816
f 6790 6792 6791
f 6814 6815 6816
f 6793 6792 6794
f 6817 6818 6816
f 6797 6795 6794
f 6821 6818 6819
f 6808 6806 6809
f 6832 6833 6830
f 6806 6808 6807
f 6830 6831 6832
f 6811 6810 6809
f 6835 6833 6834
f 6797 6796 6795
f 6821 6819 6820
f 6794 6790 6789
f 6818 6813 6814
f 6809 6794 6789
f 6833 6813 6818
f 6800 6802 6801
f 6824 6825 6826
f 6800 6803 6802
f 6824 6826 6827
f 6806 6805 6804
f 6830 6828 6829
f 6803 6806 6804
f 6827 6828 6830
f 6806 6794 6809
f 6830 6833 6818
f 6806 6797 6794
f 6830 6818 6821
f 6800 6806 6803
f 6824 6827 6830
f 6797 6806 6800
f 6821 6824 6830
f 6798 6797 6800
f 6822 6824 6821
f 6798 6800 6799
f 6822 6823 6824
f 6837 6838 6862
f 6837 6862 6861
f 6838 6839 6863
f 6838 6863 6862
f 6839 6840 6864
f 6839 6864 6863
f 6840 6841 6865
f 6840 6865 6864
f 6841 6842 6866
f 6841 6866 6865
f 6842 6843 6867
f 6842 6867 6866
f 6843 6844 6868
f 6843 6868 6867
f 6844 6845 6869
f 6844 6869 6868
f 6845 6846 6870
f 6845 6870 6869
f 6846 6847 6871
f 6846 6871 6870
f 6847 6848 6872
f 6847 6872 6871
f 6848 6849 6873
f 6848 6873 6872
f 6849 6850 6874
f 6849 6874 6873
f 6850 6851 6875
f 6850 6875 6874
f 6851 6852 6876
f 6851 6876 6875
f 6852 6853 6877
f 6852 6877 6876
f 6853 6854 6878
f 6853 6878 6877
f 6854 6855 6879
f 6854 6879 6878
f 6855 6856 6880
f 6855 6880 6879
f 6856 6857 6881
f 6856 6881 6880
f 6857 6858 6882
f 6857 6882 6881
f 6858 6859 6883
f 6858 6883 6882
f 6859 6860 6884
f 6859 6884 6883
f 6860 6837 6861
f 6860 6861 6884
f 9509 9558 9557
f 9610 9658 9659
f 9467 9466 9465
f 9568 9566 9567
f 9553 9534 9519
f 9654 9620 9635
f 9479 9478 9477
f 9580 9578 9579
f 9511 9509 9557
f 9612 9658 9610
f 9533 9530 9529
f 9634 9630 9631
f 9533 9532 9530
f 9634 9631 9633
f 9534 9520 9519
f 9635 9620 9621
f 9523 9520 9534
f 9624 9635 9621
f 9524 9523 9534
f 9625 9635 9624
f 9533 9524 9534
f 9634 9635 9625
f 9467 9560 9558
f 9568 9659 9661
f 9560 9467 9465
f 9661 9566 9568
f 9561 9560 9465
f 9662 9566 9661
f 9468 9467 9558
f 9569 9659 9568
f 9473 9468 9558
f 9574 9659 9569
f 9509 9508 9558
f 9610 9659 9609
f 9508 9489 9558
f 9609 9659 9590
f 9553 9556 9554
f 9654 9655 9657
f 9556 9555 9554
f 9657 9655 9656
f 9556 9553 9557
f 9657 9658 9654
f 9548 9547 9549
f 9649 9650 9648
f 9547 9546 9545
f 9648 9646 9647
f 9549 9547 9545
f 9650 9646 9648
f 9532 9531 9530
f 9633 9631 9632
f 9553 9536 9534
f 9654 9635 9637
f 9542 9536 9553
f 9643 9654 9637
f 9552 9542 9553
f 9653 9654 9643
f 9550 9549 9545
f 9651 9646 9650
f 9550 9552 9551
f 9651 9652 9653
f 9527 9524 9528
f 9628 9629 9625
f 9525 9527 9526
f 9626 9627 9628
f 9527 9525 9524
f 9628 9625 9626
f 9560 9559 9558
f 9661 9659 9660
f 9564 9562 9561
f 9665 9662 9663
f 9564 9563 9562
f 9665 9663 9664
f 9565 9564 9465
f 9666 9566 9665
f 9564 9561 9465
f 9665 9566 9662
f 9471 9473 9472
f 9572 9573 9574
f 9471 9468 9473
f 9572 9574 9569
f 9469 9471 9470
f 9570 9571 9572
f 9468 9471 9469
f 9569 9570 9572
f 9489 9487 9558
f 9590 9659 9588
f 9487 9486 9558
f 9588 9659 9587
f 9476 9479 9477
f 9577 9578 9580
f 9516 9515 9557
f 9617 9658 9616
f 9553 9516 9557
f 9654 9658 9617
f 9516 9553 9519
f 9617 9620 9654
f 9536 9535 9534
f 9637 9635 9636
f 9541 9536 9542
f 9642 9643 9637
f 9544 9550 9545
f 9645 9646 9651
f 9544 9543 9542
f 9645 9643 9644
f 9552 9544 9542
f 9653 9643 9645
f 9550 9544 9552
f 9651 9653 9645
f 9512 9511 9557
f 9613 9658 9612
f 9515 9512 9557
f 9616 9658 9613
f 9488 9487 9489
f 9589 9590 9588
f 9475 9474 9473
f 9576 9574 9575
f 9475 9473 9558
f 9576 9659 9574
f 9486 9475 9558
f 9587 9659 9576
f 9536 9538 9537
f 9637 9638 9639
f 9541 9538 9536
f 9642 9637 9639
f 9539 9538 9540
f 9640 9641 9639
f 9538 9541 9540
f 9639 9641 9642
f 9485 9484 9482
f 9586 9583 9585
f 9484 9483 9482
f 9585 9583 9584
f 9511 9510 9509
f 9612 9610 9611
f 9508 9497 9489
f 9609 9590 9598
f 9504 9507 9506
f 9605 9607 9608
f 9505 9504 9506
f 9606 9607 9605
f 9491 9493 9492
f 9592 9593 9594
f 9490 9493 9491
f 9591 9592 9594
f 9496 9495 9497
f 9597 9598 9596
f 9497 9495 9489
f 9598 9590 9596
f 9495 9490 9489
f 9596 9590 9591
f 9495 9493 9490
f 9596 9591 9594
f 9493 9495 9494
f 9594 9595 9596
f 9499 9501 9500
f 9600 9601 9602
f 9498 9501 9499
f 9599 9600 9602
f 9479 9481 9480
f 9580 9581 9582
f 9481 9479 9482
f 9582 9583 9580
f 9524 9533 9529
f 9625 9630 9634
f 9524 9529 9528
f 9625 9629 9630
f 9522 9520 9523
f 9623 9624 9621
f 9520 9522 9521
f 9621 9622 9623
f 9513 9512 9514
f 9614 9615 9613
f 9512 9515 9514
f 9613 9615 9616
f 9479 9485 9482
f 9580 9583 9586
f 9476 9485 9479
f 9577 9580 9586
f 9485 9475 9486
f 9586 9587 9576
f 9475 9485 9476
f 9576 9577 9586
f 9518 9517 9519
f 9619 9620 9618
f 9517 9516 9519
f 9618 9620 9617
f 9498 9497 9508
f 9599 9609 9598
f 9507 9498 9508
f 9608 9609 9599
f 9501 9504 9503
f 9602 9604 9605
f 9501 9503 9502
f 9602 9603 9604
f 9501 9498 9507
f 9602 9608 9599
f 9504 9501 9507
f 9605 9608 9602
f 9667 9668 9769
f 9667 9769 9768
f 9668 9669 9770
f 9668 9770 9769
f 9669 9670 9771
f 9669 9771 9770
f 9670 9671 9772
f 9670 9772 9771
f 9671 9672 9773
f 9671 9773 9772
f 9672 9673 9774
f 9672 9774 9773
f 9673 9674 9775
f 9673 9775 9774
f 9674 9675 9776
f 9674 9776 9775
f 9675 9676 9777
f 9675 9777 9776
f 9676 9677 9778
f 9676 9778 9777
f 9677 9678 9779
f 9677 9779 9778
f 9678 9679 9780
f 9678 9780 9779
f 9679 9680 9781
f 9679 9781 9780
f 9680 9681 9782
f 9680 9782 9781
f 9681 9682 9783
f 9681 9783 9782
f 9682 9683 9784
f 9682 9784 9783
f 9683 9684 9785
f 9683 9785 9784
f 9684 9685 9786
f 9684 9786 9785
f 9685 9686 9787
f 9685 9787 9786
f 9686 9687 9788
f 9686 9788 9787
f 9687 9688 9789
f 9687 9789 9788
f 9688 9689 9790
f 9688 9790 9789
f 9689 9690 9791
f 9689 9791 9790
f 9690 9691 9792
f 9690 9792 9791
f 9691 9692 9793
f 9691 9793 9792
f 9692 9693 9794
f 9692 9794 9793
f 9693 9694 9795
f 9693 9795 9794
f 9694 9695 9796
f 9694 9796 9795
f 9695 9696 9797
f 9695 9797 9796
f 9696 9697 9798
f 9696 9798 9797
f 9697 9698 9799
f 9697 9799 9798
f 9698 9699 9800
f 9698 9800 9799
f 9699 9700 9801
f 9699 9801 9800
f 9700 9701 9802
f 9700 9802 9801
f 9701 9702 9803
f 9701 9803 9802
f 9702 9703 9804
f 9702 9804 9803
f 9703 9704 9805
f 9703 9805 9804
f 9704 9705 9806
f 9704 9806 9805
f 9705 9706 9807
f 9705 9807 9806
f 9706 9707 9808
f 9706 9808 9807
f 9707 9708 9809
f 9707 9809 9808
f 9708 9709 9810
f 9708 9810 9809
f 9709 9710 9811
f 9709 9811 9810
f 9710 9711 9812
f 9710 9812 9811
f 9711 9712 9813
f 9711 9813 9812
f 9712 9713 9814
f 9712 9814 9813
f 9713 9714 9815
f 9713 9815 9814
f 9714 9715 9816
f 9714 9816 9815
f 9715 9716 9817
f 9715 9817 9816
f 9716 9717 9818
f 9716 9818 9817
f 9717 9718 9819
f 9717 9819 9818
f 9718 9719 9820
f 9718 9820 9819
f 9719 9720 9821
f 9719 9821 9820
f 9720 9721 9822
f 9720 9822 9821
f 9721 9722 9823
f 9721 9823 9822
f 9722 9723 9824
f 9722 9824 9823
f 9723 9724 9825
f 9723 9825 9824
f 9724 9725 9826
f 9724 9826 9825
f 9725 9726 9827
f 9725 9827 9826
f 9726 9727 9828
f 9726 9828 9827
f 9727 9728 9829
f 9727 9829 9828
f 9728 9729 9830
f 9728 9830 9829
f 9729 9730 9831
f 9729 9831 9830
f 9730 9731 9832
f 9730 9832 9831
f 9731 9732 9833
f 9731 9833 9832
f 9732 9733 9834
f 9732 9834 9833
f 9733 9734 9835
f 9733 9835 9834
f 9734 9735 9836
f 9734 9836 9835
f 9735 9736 9837
f 9735 9837 9836
f 9736 9737 9838
f 9736 9838 9837
f 9737 9738 9839
f 9737 9839 9838
f 9738 9739 9840
f 9738 9840 9839
f 9739 9740 9841
f 9739 9841 9840
f 9740 9741 9842
f 9740 9842 9841
f 9741 9742 9843
f 9741 9843 9842
f 9742 9743 9844
f 9742 9844 9843
f 9743 9744 9845
f 9743 9845 9844
f 9744 9745 9846
f 9744 9846 9845
f 9745 9746 9847
f 9745 9847 9846
f 9746 9747 9848
f 9746 9848 9847
f 9747 9748 9849
f 9747 9849 9848
f 9748 9749 9850
f 9748 9850 9849
f 9749 9750 9851
f 9749 9851 9850
f 9750 9751 9852
f 9750 9852 9851
f 9751 9752 9853
f 9751 9853 9852
f 9752 9753 9854
f 9752 9854 9853
f 9753 9754 9855
f 9753 9855 9854
f 9754 9755 9856
f 9754 9856 9855
f 9755 9756 9857
f 9755 9857 9856
f 9756 9757 9858
f 9756 9858 9857
f 9757 9758 9859
f 9757 9859 9858
f 9758 9759 9860
f 9758 9860 9859
f 9759 9760 9861
f 9759 9861 9860
f 9760 9761 9862
f 9760 9862 9861
f 9761 9762 9863
f 9761 9863 9862
f 9762 9763 9864
f 9762 9864 9863
f 9763 9764 9865
f 9763 9865 9864
f 9764 9765 9866
f 9764 9866 9865
f 9765 9766 9867
f 9765 9867 9866
f 9766 9767 9868
f 9766 9868 9867
f 9767 9667 9768
f 9767 9768 9868
f 9956 9950 9949
f 10052 10045 10046
f 9948 9956 9949
f 10044 10045 10052
f 9948 9910 9956
f 10044 10052 10006
f 9876 9871 9878
f 9972 9974 9967
f 9871 9873 9872
f 9967 9968 9969
f 9873 9871 9876
f 9969 9972 9967
f 9958 9910 9909
f 10054 10005 10006
f 9910 9958 9956
f 10006 10052 10054
f 9920 9918 9933
f 10016 10029 10014
f 9960 9899 9878
f 10056 9974 9995
f 9873 9875 9874
f 9969 9970 9971
f 9875 9873 9876
f 9971 9972 9969
f 9869 9964 9878
f 9965 9974 10060
f 9871 9869 9878
f 9967 9974 9965
f 9869 9871 9870
f 9965 9966 9967
f 9956 9955 9950
f 10052 10046 10051
f 9964 9963 9878
f 10060 9974 10059
f 9963 9960 9878
f 10059 9974 10056
f 9959 9958 9909
f 10055 10005 10054
f 9932 9931 9933
f 10028 10029 10027
f 9931 9920 9933
f 10027 10029 10016
f 9931 9930 9929
f 10027 10025 10026
f 9927 9926 9925
f 10023 10021 10022
f 9927 9931 9929
f 10023 10025 10027
f 9931 9927 9920
f 10027 10016 10023
f 9928 9927 9929
f 10024 10025 10023
f 9946 9910 9948
f 10042 10044 10006
f 9906 9899 9960
f 10002 10056 9995
f 9887 9883 9881
f 9983 9977 9979
f 9877 9876 9878
f 9973 9974 9972
f 9952 9955 9954
f 10048 10050 10051
f 9952 9951 9950
f 10048 10046 10047
f 9955 9952 9950
f 10051 10046 10048
f 9953 9952 9954
f 10049 10050 10048
f 9963 9961 9960
f 10059 10056 10057
f 9961 9963 9962
f 10057 10058 10059
f 9958 9957 9956
f 10054 10052 10053
f 9918 9935 9933
f 10014 10029 10031
f 9935 9934 9933
f 10031 10029 10030
f 9920 9919 9918
f 10016 10014 10015
f 9888 9887 9881
f 9984 9977 9983
f 9888 9899 9889
f 9984 9985 9995
f 9946 9912 9910
f 10042 10006 10008
f 9912 9946 9945
f 10008 10041 10042
f 9947 9946 9948
f 10043 10044 10042
f 9904 9906 9905
f 10000 10001 10002
f 9904 9903 9902
f 10000 9998 9999
f 9906 9901 9899
f 10002 9995 9997
f 9901 9904 9902
f 9997 9998 10000
f 9904 9901 9906
f 10000 10002 9997
f 9908 9907 9909
f 10004 10005 10003
f 9907 9959 9909
f 10003 10005 10055
f 9959 9907 9960
f 10055 10056 10003
f 9907 9906 9960
f 10003 10056 10002
f 9883 9885 9884
f 9979 9980 9981
f 9885 9887 9886
f 9981 9982 9983
f 9885 9883 9887
f 9981 9983 9979
f 9883 9882 9881
f 9979 9977 9978
f 9916 9935 9918
f 10012 10014 10031
f 9935 9916 9936
f 10031 10032 10012
f 9899 9898 9889
f 9995 9985 9994
f 9889 9896 9890
f 9985 9986 9992
f 9898 9896 9889
f 9994 9985 9992
f 9896 9898 9897
f 9992 9993 9994
f 9892 9891 9890
f 9988 9986 9987
f 9912 9911 9910
f 10008 10006 10007
f 9913 9942 9941
f 10009 10037 10038
f 9942 9912 9945
f 10038 10041 10008
f 9912 9942 9913
f 10008 10009 10038
f 9901 9900 9899
f 9997 9995 9996
f 9923 9922 9921
f 10019 10017 10018
f 9920 9923 9921
f 10016 10017 10019
f 9927 9923 9920
f 10023 10016 10019
f 9924 9923 9925
f 10020 10021 10019
f 9923 9927 9925
f 10019 10021 10023
f 9938 9913 9941
f 10034 10037 10009
f 9940 9938 9941
f 10036 10037 10034
f 9938 9940 9939
f 10034 10035 10036
f 9916 9915 9936
f 10012 10032 10011
f 9915 9937 9936
f 10011 10032 10033
f 9938 9915 9913
f 10034 10009 10011
f 9915 9938 9937
f 10011 10033 10034
f 9892 9894 9893
f 9988 9989 9990
f 9894 9896 9895
f 9990 9991 9992
f 9896 9894 9890
f 9992 9986 9990
f 9894 9892 9890
f 9990 9986 9988
f 9899 9879 9878
f 9995 9974 9975
f 9888 9879 9899
f 9984 9995 9975
f 9879 9888 9881
f 9975 9977 9984
f 9880 9879 9881
f 9976 9977 9975
f 9915 9914 9913
f 10011 10009 10010
f 9917 9916 9918
f 10013 10014 10012
f 9944 9942 9945
f 10040 10041 10038
f 9943 9942 9944
f 10039 10040 10038
f 10061 10062 10158
f 10061 10158 10157
f 10062 10063 10159
f 10062 10159 10158
f 10063 10064 10160
f 10063 10160 10159
f 10064 10065 10161
f 10064 10161 10160
f 10065 10066 10162
f 10065 10162 10161
f 10066 10067 10163
f 10066 10163 10162
f 10067 10068 10164
f 10067 10164 10163
f 10068 10069 10165
f 10068 10165 10164
f 10069 10070 10166
f 10069 10166 10165
f 10070 10071 10167
f 10070 10167 10166
f 10071 10072 10168
f 10071 10168 10167
f 10072 10073 10169
f 10072 10169 10168
f 10073 10074 10170
f 10073 10170 10169
f 10074 10075 10171
f 10074 10171 10170
f 10075 10076 10172
f 10075 10172 10171
f 10076 10077 10173
f 10076 10173 10172
f 10077 10078 10174
f 10077 10174 10173
f 10078 10079 10175
f 10078 10175 10174
f 10079 10080 10176
f 10079 10176 10175
f 10080 10081 10177
f 10080 10177 10176
f 10081 10082 10178
f 10081 10178 10177
f 10082 10083 10179
f 10082 10179 10178
f 10083 10084 10180
f 10083 10180 10179
f 10084 10085 10181
f 10084 10181 10180
f 10085 10086 10182
f 10085 10182 10181
f 10086 10087 10183
f 10086 10183 10182
f 10087 10088 10184
f 10087 10184 10183
f 10088 10089 10185
f 10088 10185 10184
f 10089 10090 10186
f 10089 10186 10185
f 10090 10091 10187
f 10090 10187 10186
f 10091 10092 10188
f 10091 10188 10187
f 10092 10093 10189
f 10092 10189 10188
f 10093 10094 10190
f 10093 10190 10189
f 10094 10095 10191
f 10094 10191 10190
f 10095 10096 10192
f 10095 10192 10191
f 10096 10097 10193
f 10096 10193 10192
f 10097 10098 10194
f 10097 10194 10193
f 10098 10099 10195
f 10098 10195 10194
f 10099 10100 10196
f 10099 10196 10195
f 10100 10101 10197
f 10100 10197 10196
f 10101 10102 10198
f 10101 10198 10197
f 10102 10103 10199
f 10102 10199 10198
f 10103 10104 10200
f 10103 10200 10199
f 10104 10105 10201
f 10104 10201 10200
f 10105 10106 10202
f 10105 10202 10201
f 10106 10107 10203
f 10106 10203 10202
f 10107 10108 10204
f 10107 10204 10203
f 10108 10109 10205
f 10108 10205 10204
f 10109 10110 10206
f 10109 10206 10205
f 10110 10111 10207
f 10110 10207 10206
f 10111 10112 10208
f 10111 10208 10207
f 10112 10113 10209
f 10112 10209 10208
f 10113 10114 10210
f 10113 10210 10209
f 10114 10115 10211
f 10114 10211 10210
f 10115 10116 10212
f 10115 10212 10211
f 10116 10117 10213
f 10116 10213 10212
f 10117 10118 10214
f 10117 10214 10213
f 10118 10119 10215
f 10118 10215 10214
f 10119 10120 10216
f 10119 10216 10215
f 10120 10121 10217
f 10120 10217 10216
f 10121 10122 10218
f 10121 10218 10217
f 10122 10123 10219
f 10122 10219 10218
f 10123 10124 10220
f 10123 10220 10219
f 10124 10125 10221
f 10124 10221 10220
f 10125 10126 10222
f 10125 10222 10221
f 10126 10127 10223
f 10126 10223 10222
f 10127 10128 10224
f 10127 10224 10223
f 10128 10129 10225
f 10128 10225 10224
f 10129 10130 10226
f 10129 10226 10225
f 10130 10131 10227
f 10130 10227 10226
f 10131 10132 10228
f 10131 10228 10227
f 10132 10133 10229
f 10132 10229 10228
f 10133 10134 10230
f 10133 10230 10229
f 10134 10135 10231
f 10134 10231 10230
f 10135 10136 10232
f 10135 10232 10231
f 10136 10137 10233
f 10136 10233 10232
f 10137 10138 10234
f 10137 10234 10233
f 10138 10139 10235
f 10138 10235 10234
f 10139 10140 10236
f 10139 10236 10235
f 10140 10141 10237
f 10140 10237 10236
f 10141 10142 10238
f 10141 10238 10237
f 10142 10143 10239
f 10142 10239 10238
f 10143 10144 10240
f 10143 10240 10239
f 10144 10145 10241
f 10144 10241 10240
f 10145 10146 10242
f 10145 10242 10241
f 10146 10147 10243
f 10146 10243 10242
f 10147 10148 10244
f 10147 10244 10243
f 10148 10149 10245
f 10148 10245 10244
f 10149 10150 10246
f 10149 10246 10245
f 10150 10151 10247
f 10150 10247 10246
f 10151 10152 10248
f 10151 10248 10247
f 10152 10153 10249
f 10152 10249 10248
f 10153 10154 10250
f 10153 10250 10249
f 10154 10155 10251
f 10154 10251 10250
f 10155 10156 10252
f 10155 10252 10251
f 10156 10061 10157
f 10156 10157 10252
f 10255 10254 10253
f 10277 10275 10276
f 10273 10253 10274
f 10295 10296 10275
f 10273 10255 10253
f 10295 10275 10277
f 10273 10272 10270
f 10295 10292 10294
f 10272 10271 10270
f 10294 10292 10293
f 10258 10257 10256
f 10280 10278 10279
f 10255 10258 10256
f 10277 10278 10280
f 10259 10258 10260
f 10281 10282 10280
f 10258 10261 10260
f 10280 10282 10283
f 10262 10264 10263
f 10284 10285 10286
f 10261 10264 10262
f 10283 10284 10286
f 10273 10267 10255
f 10295 10277 10289
f 10267 10273 10270
f 10289 10292 10295
f 10267 10258 10255
f 10289 10277 10280
f 10258 10267 10261
f 10280 10283 10289
f 10267 10264 10261
f 10289 10283 10286
f 10267 10269 10268
f 10289 10290 10291
f 10269 10267 10270
f 10291 10292 10289
f 10267 10266 10265
f 10289 10287 10288
f 10264 10267 10265
f 10286 10287 10289
f 10297 10298 10320
f 10297 10320 10319
f 10298 10299 10321
f 10298 10321 10320
f 10299 10300 10322
f 10299 10322 10321
f 10300 10301 10323
f 10300 10323 10322
f 10301 10302 10324
f 10301 10324 10323
f 10302 10303 10325
f 10302 10325 10324
f 10303 10304 10326
f 10303 10326 10325
f 10304 10305 10327
f 10304 10327 10326
f 10305 10306 10328
f 10305 10328 10327
f 10306 10307 10329
f 10306 10329 10328
f 10307 10308 10330
f 10307 10330 10329
f 10308 10309 10331
f 10308 10331 10330
f 10309 10310 10332
f 10309 10332 10331
f 10310 10311 10333
f 10310 10333 10332
f 10311 10312 10334
f 10311 10334 10333
f 10312 10313 10335
f 10312 10335 10334
f 10313 10314 10336
f 10313 10336 10335
f 10314 10315 10337
f 10314 10337 10336
f 10315 10316 10338
f 10315 10338 10337
f 10316 10317 10339
f 10316 10339 10338
f 10317 10318 10340
f 10317 10340 10339
f 10318 10297 10319
f 10318 10319 10340
f 10343 10342 10341
f 10376 10374 10375
f 10366 10363 10356
f 10399 10389 10396
f 10353 10343 10341
f 10386 10374 10376
f 10372 10371 10356
f 10405 10389 10404
f 10355 10372 10356
f 10388 10389 10405
f 10353 10355 10354
f 10386 10387 10388
f 10355 10353 10372
f 10388 10405 10386
f 10369 10366 10356
f 10402 10389 10399
f 10369 10371 10370
f 10402 10403 10404
f 10371 10369 10356
f 10404 10389 10402
f 10363 10358 10356
f 10396 10389 10391
f 10358 10357 10356
f 10391 10389 10390
f 10373 10353 10341
f 10406 10374 10386
f 10353 10373 10372
f 10386 10405 10406
f 10349 10351 10350
f 10382 10383 10384
f 10352 10351 10353
f 10385 10386 10384
f 10360 10358 10363
f 10393 10396 10391
f 10346 10351 10349
f 10379 10382 10384
f 10353 10346 10343
f 10386 10376 10379
f 10351 10346 10353
f 10384 10386 10379
f 10360 10359 10358
f 10393 10391 10392
f 10366 10369 10367
f 10399 10400 10402
f 10369 10368 10367
f 10402 10400 10401
f 10366 10365 10363
f 10399 10396 10398
f 10363 10365 10364
f 10396 10397 10398
f 10360 10362 10361
f 10393 10394 10395
f 10362 10360 10363
f 10395 10396 10393
f 10347 10346 10348
f 10380 10381 10379
f 10346 10349 10348
f 10379 10381 10382
f 10346 10345 10344
f 10379 10377 10378
f 10343 10346 10344
f 10376 10377 10379
f 10407 10408 10441
f 10407 10441 10440
f 10408 10409 10442
f 10408 10442 10441
f 10409 10410 10443
f 10409 10443 10442
f 10410 10411 10444
f 10410 10444 10443
f 10411 10412 10445
f 10411 10445 10444
f 10412 10413 10446
f 10412 10446 10445
f 10413 10414 10447
f 10413 10447 10446
f 10414 10415 10448
f 10414 10448 10447
f 10415 10416 10449
f 10415 10449 10448
f 10416 10417 10450
f 10416 10450 10449
f 10417 10418 10451
f 10417 10451 10450
f 10418 10419 10452
f 10418 10452 10451
f 10419 10420 10453
f 10419 10453 10452
f 10420 10421 10454
f 10420 10454 10453
f 10421 10422 10455
f 10421 10455 10454
f 10422 10423 10456
f 10422 10456 10455
f 10423 10424 10457
f 10423 10457 10456
f 10424 10425 10458
f 10424 10458 10457
f 10425 10426 10459
f 10425 10459 10458
f 10426 10427 10460
f 10426 10460 10459
f 10427 10428 10461
f 10427 10461 10460
f 10428 10429 10462
f 10428 10462 10461
f 10429 10430 10463
f 10429 10463 10462
f 10430 10431 10464
f 10430 10464 10463
f 10431 10432 10465
f 10431 10465 10464
f 10432 10433 10466
f 10432 10466 10465
f 10433 10434 10467
f 10433 10467 10466
f 10434 10435 10468
f 10434 10468 10467
f 10435 10436 10469
f 10435 10469 10468
f 10436 10437 10470
f 10436 10470 10469
f 10437 10438 10471
f 10437 10471 10470
f 10438 10439 10472
f 10438 10472 10471
f 10439 10407 10440
f 10439 10440 10472
f 10526 10525 10527
f 10603 10604 10602
f 10525 10524 10523
f 10602 10600 10601
f 10475 10473 10549
f 10552 10626 10550
f 10473 10475 10474
f 10550 10551 10552
f 10521 10531 10523
f 10598 10600 10608
f 10548 10475 10549
f 10625 10626 10552
f 10548 10546 10477
f 10625 10554 10623
f 10475 10548 10477
f 10552 10554 10625
f 10521 10533 10531
f 10598 10608 10610
f 10476 10475 10477
f 10553 10554 10552
f 10486 10485 10484
f 10563 10561 10562
f 10486 10488 10487
f 10563 10564 10565
f 10503 10505 10504
f 10580 10581 10582
f 10548 10547 10546
f 10625 10623 10624
f 10544 10537 10546
f 10621 10623 10614
f 10506 10535 10534
f 10583 10611 10612
f 10546 10535 10477
f 10623 10554 10612
f 10537 10535 10546
f 10614 10623 10612
f 10502 10501 10503
f 10579 10580 10578
f 10508 10506 10534
f 10585 10611 10583
f 10519 10508 10534
f 10596 10611 10585
f 10522 10521 10523
f 10599 10600 10598
f 10529 10528 10527
f 10606 10604 10605
f 10531 10529 10523
f 10608 10600 10606
f 10530 10529 10531
f 10607 10608 10606
f 10525 10529 10527
f 10602 10604 10606
f 10529 10525 10523
f 10606 10600 10602
f 10533 10532 10531
f 10610 10608 10609
f 10520 10533 10521
f 10597 10598 10610
f 10520 10519 10534
f 10597 10611 10596
f 10533 10520 10534
f 10610 10611 10597
f 10486 10491 10488
f 10563 10565 10568
f 10491 10486 10484
f 10568 10561 10563
f 10483 10482 10484
f 10560 10561 10559
f 10539 10538 10537
f 10616 10614 10615
f 10544 10539 10537
f 10621 10614 10616
f 10545 10544 10546
f 10622 10623 10621
f 10535 10479 10477
f 10612 10554 10556
f 10479 10535 10506
f 10556 10583 10612
f 10479 10478 10477
f 10556 10554 10555
f 10536 10535 10537
f 10613 10614 10612
f 10497 10499 10498
f 10574 10575 10576
f 10499 10501 10500
f 10576 10577 10578
f 10517 10508 10519
f 10594 10596 10585
f 10508 10507 10506
f 10585 10583 10584
f 10513 10515 10514
f 10590 10591 10592
f 10517 10516 10515
f 10594 10592 10593
f 10499 10494 10501
f 10576 10578 10571
f 10494 10499 10497
f 10571 10574 10576
f 10482 10481 10480
f 10559 10557 10558
f 10541 10539 10544
f 10618 10621 10616
f 10539 10541 10540
f 10616 10617 10618
f 10508 10510 10509
f 10585 10586 10587
f 10517 10510 10508
f 10594 10585 10587
f 10510 10517 10515
f 10587 10592 10594
f 10513 10510 10515
f 10590 10592 10587
f 10518 10517 10519
f 10595 10596 10594
f 10501 10482 10503
f 10578 10580 10559
f 10482 10501 10484
f 10559 10561 10578
f 10482 10505 10503
f 10559 10580 10582
f 10505 10482 10480
f 10582 10557 10559
f 10488 10491 10489
f 10565 10566 10568
f 10491 10490 10489
f 10568 10566 10567
f 10479 10505 10480
f 10556 10557 10582
f 10505 10479 10506
f 10582 10583 10556
f 10501 10494 10484
f 10578 10561 10571
f 10494 10491 10484
f 10571 10561 10568
f 10494 10493 10492
f 10571 10569 10570
f 10491 10494 10492
f 10568 10569 10571
f 10494 10497 10496
f 10571 10573 10574
f 10495 10494 10496
f 10572 10573 10571
f 10541 10544 10543
f 10618 10620 10621
f 10542 10541 10543
f 10619 10620 10618
f 10510 10513 10512
f 10587 10589 10590
f 10510 10512 10511
f 10587 10588 10589
f 10627 10628 10705
f 10627 10705 10704
f 10628 10629 10706
f 10628 10706 10705
f 10629 10630 10707
f 10629 10707 10706
f 10630 10631 10708
f 10630 10708 10707
f 10631 10632 10709
f 10631 10709 10708
f 10632 10633 10710
f 10632 10710 10709
f 10633 10634 10711
f 10633 10711 10710
f 10634 10635 10712
f 10634 10712 10711
f 10635 10636 10713
f 10635 10713 10712
f 10636 10637 10714
f 10636 10714 10713
f 10637 10638 10715
f 10637 10715 10714
f 10638 10639 10716
f 10638 10716 10715
f 10639 10640 10717
f 10639 10717 10716
f 10640 10641 10718
f 10640 10718 10717
f 10641 10642 10719
f 10641 10719 10718
f 10642 10643 10720
f 10642 10720 10719
f 10643 10644 10721
f 10643 10721 10720
f 10644 10645 10722
f 10644 10722 10721
f 10645 10646 10723
f 10645 10723 10722
f 10646 10647 10724
f 10646 10724 10723
f 10647 10648 10725
f 10647 10725 10724
f 10648 10649 10726
f 10648 10726 10725
f 10649 10650 10727
f 10649 10727 10726
f 10650 10651 10728
f 10650 10728 10727
f 10651 10652 10729
f 10651 10729 10728
f 10652 10653 10730
f 10652 10730 10729
f 10653 10654 10731
f 10653 10731 10730
f 10654 10655 10732
f 10654 10732 10731
f 10655 10656 10733
f 10655 10733 10732
f 10656 10657 10734
f 10656 10734 10733
f 10657 10658 10735
f 10657 10735 10734
f 10658 10659 10736
f 10658 10736 10735
f 10659 10660 10737
f 10659 10737 10736
f 10660 10661 10738
f 10660 10738 10737
f 10661 10662 10739
f 10661 10739 10738
f 10662 10663 10740
f 10662 10740 10739
f 10663 10664 10741
f 10663 10741 10740
f 10664 10665 10742
f 10664 10742 10741
f 10665 10666 10743
f 10665 10743 10742
f 10666 10667 10744
f 10666 10744 10743
f 10667 10668 10745
f 10667 10745 10744
f 10668 10669 10746
f 10668 10746 10745
f 10669 10670 10747
f 10669 10747 10746
f 10670 10671 10748
f 10670 10748 10747
f 10671 10672 10749
f 10671 10749 10748
f 10672 10673 10750
f 10672 10750 10749
f 10673 10674 10751
f 10673 10751 10750
f 10674 10675 10752
f 10674 10752 10751
f 10675 10676 10753
f 10675 10753 10752
f 10676 10677 10754
f 10676 10754 10753
f 10677 10678 10755
f 10677 10755 10754
f 10678 10679 10756
f 10678 10756 10755
f 10679 10680 10757
f 10679 10757 10756
f 10680 10681 10758
f 10680 10758 10757
f 10681 10682 10759
f 10681 10759 10758
f 10682 10683 10760
f 10682 10760 10759
f 10683 10684 10761
f 10683 10761 10760
f 10684 10685 10762
f 10684 10762 10761
f 10685 10686 10763
f 10685 10763 10762
f 10686 10687 10764
f 10686 10764 10763
f 10687 10688 10765
f 10687 10765 10764
f 10688 10689 10766
f 10688 10766 10765
f 10689 10690 10767
f 10689 10767 10766
f 10690 10691 10768
f 10690 10768 10767
f 10691 10692 10769
f 10691 10769 10768
f 10692 10693 10770
f 10692 10770 10769
f 10693 10694 10771
f 10693 10771 10770
f 10694 10695 10772
f 10694 10772 10771
f 10695 10696 10773
f 10695 10773 10772
f 10696 10697 10774
f 10696 10774 10773
f 10697 10698 10775
f 10697 10775 10774
f 10698 10699 10776
f 10698 10776 10775
f 10699 10700 10777
f 10699 10777 10776
f 10700 10701 10778
f 10700 10778 10777
f 10701 10702 10779
f 10701 10779 10778
f 10702 10703 10780
f 10702 10780 10779
f 10703 10627 10704
f 10703 10704 10780
f 10788 10787 10789
f 10797 10798 10796
f 10787 10784 10789
f 10796 10798 10793
f 10782 10784 10783
f 10791 10792 10793
f 10784 10781 10789
f 10793 10798 10790
f 10782 10781 10784
f 10791 10793 10790
f 10786 10785 10784
f 10795 10793 10794
f 10786 10784 10787
f 10795 10796 10793
f 10799 10800 10809
f 10799 10809 10808
f 10800 10801 10810
f 10800 10810 10809
f 10801 10802 10811
f 10801 10811 10810
f 10802 10803 10812
f 10802 10812 10811
f 10803 10804 10813
f 10803 10813 10812
f 10804 10805 10814
f 10804 10814 10813
f 10805 10806 10815
f 10805 10815 10814
f 10806 10807 10816
f 10806 10816 10815
f 10807 10799 10808
f 10807 10808 10816
f 12173 12171 12170
f 12223 12220 12221
f 12183 12182 12181
f 12233 12231 12232
f 12173 12172 12171
f 12223 12221 12222
f 12152 12179 12170
f 12202 12220 12229
f 12190 12179 12152
f 12240 12202 12229
f 12151 12149 12198
f 12201 12248 12199
f 12197 12151 12198
f 12247 12248 12201
f 12151 12150 12149
f 12201 12199 12200
f 12154 12169 12166
f 12204 12216 12219
f 12154 12152 12170
f 12204 12220 12202
f 12169 12154 12170
f 12219 12220 12204
f 12162 12164 12163
f 12212 12213 12214
f 12187 12186 12188
f 12237 12238 12236
f 12180 12183 12181
f 12230 12231 12233
f 12180 12179 12190
f 12230 12240 12229
f 12154 12153 12152
f 12204 12202 12203
f 12165 12156 12155
f 12215 12205 12206
f 12162 12165 12164
f 12212 12214 12215
f 12165 12154 12166
f 12215 12216 12204
f 12154 12165 12155
f 12204 12205 12215
f 12165 12162 12159
f 12215 12209 12212
f 12156 12165 12159
f 12206 12209 12215
f 12186 12189 12188
f 12236 12238 12239
f 12189 12180 12190
f 12239 12240 12230
f 12176 12178 12177
f 12226 12227 12228
f 12178 12176 12179
f 12228 12229 12226
f 12192 12151 12197
f 12242 12247 12201
f 12192 12191 12190
f 12242 12240 12241
f 12192 12190 12152
f 12242 12202 12240
f 12151 12192 12152
f 12201 12202 12242
f 12194 12192 12197
f 12244 12247 12242
f 12192 12194 12193
f 12242 12243 12244
f 12159 12162 12160
f 12209 12210 12212
f 12162 12161 12160
f 12212 12210 12211
f 12156 12159 12158
f 12206 12208 12209
f 12157 12156 12158
f 12207 12208 12206
f 12183 12186 12184
f 12233 12234 12236
f 12186 12185 12184
f 12236 12234 12235
f 12168 12167 12166
f 12218 12216 12217
f 12169 12168 12166
f 12219 12216 12218
f 12189 12186 12183
f 12239 12233 12236
f 12180 12189 12183
f 12230 12233 12239
f 12179 12176 12170
f 12229 12220 12226
f 12176 12173 12170
f 12226 12220 12223
f 12173 12176 12174
f 12223 12224 12226
f 12176 12175 12174
f 12226 12224 12225
f 12194 12197 12196
f 12244 12246 12247
f 12194 12196 12195
f 12244 12245 12246
f 12249 12250 12300
f 12249 12300 12299
f 12250 12251 12301
f 12250 12301 12300
f 12251 12252 12302
f 12251 12302 12301
f 12252 12253 12303
f 12252 12303 12302
f 12253 12254 12304
f 12253 12304 12303
f 12254 12255 12305
f 12254 12305 12304
f 12255 12256 12306
f 12255 12306 12305
f 12256 12257 12307
f 12256 12307 12306
f 12257 12258 12308
f 12257 12308 12307
f 12258 12259 12309
f 12258 12309 12308
f 12259 12260 12310
f 12259 12310 12309
f 12260 12261 12311
f 12260 12311 12310
f 12261 12262 12312
f 12261 12312 12311
f 12262 12263 12313
f 12262 12313 12312
f 12263 12264 12314
f 12263 12314 12313
f 12264 12265 12315
f 12264 12315 12314
f 12265 12266 12316
f 12265 12316 12315
f 12266 12267 12317
f 12266 12317 12316
f 12267 12268 12318
f 12267 12318 12317
f 12268 12269 12319
f 12268 12319 12318
f 12269 12270 12320
f 12269 12320 12319
f 12270 12271 12321
f 12270 12321 12320
f 12271 12272 12322
f 12271 12322 12321
f 12272 12273 12323
f 12272 12323 12322
f 12273 12274 12324
f 12273 12324 12323
f 12274 12275 12325
f 12274 12325 12324
f 12275 12276 12326
f 12275 12326 12325
f 12276 12277 12327
f 12276 12327 12326
f 12277 12278 12328
f 12277 12328 12327
f 12278 12279 12329
f 12278 12329 12328
f 12279 12280 12330
f 12279 12330 12329
f 12280 12281 12331
f 12280 12331 12330
f 12281 12282 12332
f 12281 12332 12331
f 12282 12283 12333
f 12282 12333 12332
f 12283 12284 12334
f 12283 12334 12333
f 12284 12285 12335
f 12284 12335 12334
f 12285 12286 12336
f 12285 12336 12335
f 12286 12287 12337
f 12286 12337 12336
f 12287 12288 12338
f 12287 12338 12337
f 12288 12289 12339
f 12288 12339 12338
f 12289 12290 12340
f 12289 12340 12339
f 12290 12291 12341
f 12290 12341 12340
f 12291 12292 12342
f 12291 12342 12341
f 12292 12293 12343
f 12292 12343 12342
f 12293 12294 12344
f 12293 12344 12343
f 12294 12295 12345
f 12294 12345 12344
f 12295 12296 12346
f 12295 12346 12345
f 12296 12297 12347
f 12296 12347 12346
f 12297 12298 12348
f 12297 12348 12347
f 12298 12249 12299
f 12298 12299 12348
v 0.0000 0.0000 300.0000
v 0.0000 1800.0000 300.0000
v 0.0000 1800.0000 2100.0000
v 0.0000 0.0000 2100.0000
g wall_A
usemtl wall_A
f 12349 12350 12351
f 12349 12351 12352
v 0.0000 0.0000 300.0000
v 1800.0000 0.0000 300.0000
v 1800.0000 0.0000 2100.0000
v 0.0000 0.0000 2100.0000
g wall_B
usemtl wall_B
f 12353 12354 12355
f 12353 12355 12356
v 1718.0000 1700.0000 780.0000
v 1718.0000 2300.0000 780.0000
v 1718.0000 2300.0000 1380.0000
v 1718.0000 1700.0000 1380.0000
g panel_A0
usemtl panel
f 12357 12358 12359
f 12357 12359 12360
v 1906.0000 1700.0000 780.0000
v 1906.0000 2300.0000 780.0000
v 1906.0000 2300.0000 1380.0000
v 1906.0000 1700.0000 1380.0000
g panel_A1
usemtl panel
f 12361 12362 12363
f 12361 12363 12364
v 2094.0000 1700.0000 780.0000
v 2094.0000 2300.0000 780.0000
v 2094.0000 2300.0000 1380.0000
v 2094.0000 1700.0000 1380.0000
g panel_A2
usemtl panel
f 12365 12366 12367
f 12365 12367 12368
v 2282.0000 1700.0000 780.0000
v 2282.0000 2300.0000 780.0000
v 2282.0000 2300.0000 1380.0000
v 2282.0000 1700.0000 1380.0000
g panel_A3
usemtl panel
f 12369 12370 12371
f 12369 12371 12372
v 1700.0000 1718.0000 780.0000
v 2300.0000 1718.0000 780.0000
v 2300.0000 1718.0000 1380.0000
v 1700.0000 1718.0000 1380.0000
g panel_B0
usemtl panel
f 12373 12374 12375
f 12373 12375 12376
v 1700.0000 1906.0000 780.0000
v 2300.0000 1906.0000 780.0000
v 2300.0000 1906.0000 1380.0000
v 1700.0000 1906.0000 1380.0000
g panel_B1
usemtl panel
f 12377 12378 12379
f 12377 12379 12380
v 1700.0000 2094.0000 780.0000
v 2300.0000 2094.0000 780.0000
v 2300.0000 2094.0000 1380.0000
v 1700.0000 2094.0000 1380.0000
g panel_B2
usemtl panel
f 12381 12382 12383
f 12381 12383 12384
v 1700.0000 2282.0000 780.0000
v 2300.0000 2282.0000 780.0000
v 2300.0000 2282.0000 1380.0000
v 1700.0000 2282.0000 1380.0000
g panel_B3
usemtl panel
f 12385 12386 12387
f 12385 12387 12388
v 1850.0000 1740.1924 780.0000
v 2150.0000 2259.8076 780.0000
v 2150.0000 2259.8076 1380.0000
v 1850.0000 1740.1924 1380.0000
g panel_D0
usemtl panel
f 12389 12390 12391
f 12389 12391 12392
v 1740.1924 1850.0000 780.0000
v 2259.8076 2150.0000 780.0000
v 2259.8076 2150.0000 1380.0000
v 1740.1924 1850.0000 1380.0000
g panel_D1
usemtl panel
f 12393 12394 12395
f 12393 12395 12396
v 3030.0000 2550.0000 1020.0000
v 2970.0000 2550.0000 1020.0000
v 3000.0000 2580.0000 1020.0000
v 3000.0000 2520.0000 1020.0000
v 3000.0000 2550.0000 1050.0000
v 3000.0000 2550.0000 990.0000
g light_A
usemtl light
f 12397 12399 12401
f 12399 12398 12401
f 12398 12400 12401
f 12400 12397 12401
f 12399 12397 12402
f 12398 12399 12402
f 12400 12398 12402
f 12397 12400 12402
v 2580.0000 3000.0000 1020.0000
v 2520.0000 3000.0000 1020.0000
v 2550.0000 3030.0000 1020.0000
v 2550.0000 2970.0000 1020.0000
v 2550.0000 3000.0000 1050.0000
v 2550.0000 3000.0000 990.0000
g light_B
usemtl light
f 12403 12405 12407
f 12405 12404 12407
f 12404 12406 12407
f 12406 12403 12407
f 12405 12403 12408
f 12404 12405 12408
f 12406 12404 12408
f 12403 12406 12408
v 15.0000 0.0000 300.0000
v -15.0000 0.0000 300.0000
v 0.0000 15.0000 300.0000
v 0.0000 -15.0000 300.0000
v 0.0000 0.0000 315.0000
v 0.0000 0.0000 285.0000
v 15.0000 1800.0000 300.0000
v -15.0000 1800.0000 300.0000
v 0.0000 1815.0000 300.0000
v 0.0000 1785.0000 300.0000
v 0.0000 1800.0000 315.0000
v 0.0000 1800.0000 285.0000
v 15.0000 1800.0000 2100.0000
v -15.0000 1800.0000 2100.0000
v 0.0000 1815.0000 2100.0000
v 0.0000 1785.0000 2100.0000
v 0.0000 1800.0000 2115.0000
v 0.0000 1800.0000 2085.0000
v 15.0000 0.0000 2100.0000
v -15.0000 0.0000 2100.0000
v 0.0000 15.0000 2100.0000
v 0.0000 -15.0000 2100.0000
v 0.0000 0.0000 2115.0000
v 0.0000 0.0000 2085.0000
g anchor_wallA
usemtl anchor
f 12409 12411 12413
f 12411 12410 12413
f 12410 12412 12413
f 12412 12409 12413
f 12411 12409 12414
f 12410 12411 12414
f 12412 12410 12414
f 12409 12412 12414
f 12415 12417 12419
f 12417 12416 12419
f 12416 12418 12419
f 12418 12415 12419
f 12417 12415 12420
f 12416 12417 12420
f 12418 12416 12420
f 12415 12418 12420
f 12421 12423 12425
f 12423 12422 12425
f 12422 12424 12425
f 12424 12421 12425
f 12423 12421 12426
f 12422 12423 12426
f 12424 12422 12426
f 12421 12424 12426
f 12427 12429 12431
f 12429 12428 12431
f 12428 12430 12431
f 12430 12427 12431
f 12429 12427 12432
f 12428 12429 12432
f 12430 12428 12432
f 12427 12430 12432
v 0.0000 -2.5000 300.0000
v 0.0000 -2.5000 2100.0000
v 0.0000 2.5000 2100.0000
v 0.0000 2.5000 300.0000
v 0.0000 97.5000 300.0000
v 0.0000 97.5000 2100.0000
v 0.0000 102.5000 2100.0000
v 0.0000 102.5000 300.0000
v 0.0000 197.5000 300.0000
v 0.0000 197.5000 2100.0000
v 0.0000 202.5000 2100.0000
v 0.0000 202.5000 300.0000
v 0.0000 297.5000 300.0000
v 0.0000 297.5000 2100.0000
v 0.0000 302.5000 2100.0000
v 0.0000 302.5000 300.0000
v 0.0000 397.5000 300.0000
v 0.0000 397.5000 2100.0000
v 0.0000 402.5000 2100.0000
v 0.0000 402.5000 300.0000
v 0.0000 497.5000 300.0000
v 0.0000 497.5000 2100.0000
v 0.0000 502.5000 2100.0000
v 0.0000 502.5000 300.0000
v 0.0000 597.5000 300.0000
v 0.0000 597.5000 2100.0000
v 0.0000 602.5000 2100.0000
v 0.0000 602.5000 300.0000
v 0.0000 697.5000 300.0000
v 0.0000 697.5000 2100.0000
v 0.0000 702.5000 2100.0000
v 0.0000 702.5000 300.0000
v 0.0000 797.5000 300.0000
v 0.0000 797.5000 2100.0000
v 0.0000 802.5000 2100.0000
v 0.0000 802.5000 300.0000
v 0.0000 897.5000 300.0000
v 0.0000 897.5000 2100.0000
v 0.0000 902.5000 2100.0000
v 0.0000 902.5000 300.0000
v 0.0000 997.5000 300.0000
v 0.0000 997.5000 2100.0000
v 0.0000 1002.5000 2100.0000
v 0.0000 1002.5000 300.0000
v 0.0000 1097.5000 300.0000
v 0.0000 1097.5000 2100.0000
v 0.0000 1102.5000 2100.0000
v 0.0000 1102.5000 300.0000
v 0.0000 1197.5000 300.0000
v 0.0000 1197.5000 2100.0000
v 0.0000 1202.5000 2100.0000
v 0.0000 1202.5000 300.0000
v 0.0000 1297.5000 300.0000
v 0.0000 1297.5000 2100.0000
v 0.0000 1302.5000 2100.0000
v 0.0000 1302.5000 300.0000
v 0.0000 1397.5000 300.0000
v 0.0000 1397.5000 2100.0000
v 0.0000 1402.5000 2100.0000
v 0.0000 1402.5000 300.0000
v 0.0000 1497.5000 300.0000
v 0.0000 1497.5000 2100.0000
v 0.0000 1502.5000 2100.0000
v 0.0000 1502.5000 300.0000
v 0.0000 1597.5000 300.0000
v 0.0000 1597.5000 2100.0000
v 0.0000 1602.5000 2100.0000
v 0.0000 1602.5000 300.0000
v 0.0000 1697.5000 300.0000
v 0.0000 1697.5000 2100.0000
v 0.0000 1702.5000 2100.0000
v 0.0000 1702.5000 300.0000
v 0.0000 1797.5000 300.0000
v 0.0000 1797.5000 2100.0000
v 0.0000 1802.5000 2100.0000
v 0.0000 1802.5000 300.0000
v 0.0000 0.0000 302.5000
v 0.0000 1800.0000 302.5000
v 0.0000 1800.0000 297.5000
v 0.0000 0.0000 297.5000
v 0.0000 0.0000 402.5000
v 0.0000 1800.0000 402.5000
v 0.0000 1800.0000 397.5000
v 0.0000 0.0000 397.5000
v 0.0000 0.0000 502.5000
v 0.0000 1800.0000 502.5000
v 0.0000 1800.0000 497.5000
v 0.0000 0.0000 497.5000
v 0.0000 0.0000 602.5000
v 0.0000 1800.0000 602.5000
v 0.0000 1800.0000 597.5000
v 0.0000 0.0000 597.5000
v 0.0000 0.0000 702.5000
v 0.0000 1800.0000 702.5000
v 0.0000 1800.0000 697.5000
v 0.0000 0.0000 697.5000
v 0.0000 0.0000 802.5000
v 0.0000 1800.0000 802.5000
v 0.0000 1800.0000 797.5000
v 0.0000 0.0000 797.5000
v 0.0000 0.0000 902.5000
v 0.0000 1800.0000 902.5000
v 0.0000 1800.0000 897.5000
v 0.0000 0.0000 897.5000
v 0.0000 0.0000 1002.5000
v 0.0000 1800.0000 1002.5000
v 0.0000 1800.0000 997.5000
v 0.0000 0.0000 997.5000
v 0.0000 0.0000 1102.5000
v 0.0000 1800.0000 1102.5000
v 0.0000 1800.0000 1097.5000
v 0.0000 0.0000 1097.5000
v 0.0000 0.0000 1202.5000
v 0.0000 1800.0000 1202.5000
v 0.0000 1800.0000 1197.5000
v 0.0000 0.0000 1197.5000
v 0.0000 0.0000 1302.5000
v 0.0000 1800.0000 1302.5000
v 0.0000 1800.0000 1297.5000
v 0.0000 0.0000 1297.5000
v 0.0000 0.0000 1402.5000
v 0.0000 1800.0000 1402.5000
v 0.0000 1800.0000 1397.5000
v 0.0000 0.0000 1397.5000
v 0.0000 0.0000 1502.5000
v 0.0000 1800.0000 1502.5000
v 0.0000 1800.0000 1497.5000
v 0.0000 0.0000 1497.5000
v 0.0000 0.0000 1602.5000
v 0.0000 1800.0000 1602.5000
v 0.0000 1800.0000 1597.5000
v 0.0000 0.0000 1597.5000
v 0.0000 0.0000 1702.5000
v 0.0000 1800.0000 1702.5000
v 0.0000 1800.0000 1697.5000
v 0.0000 0.0000 1697.5000
v 0.0000 0.0000 1802.5000
v 0.0000 1800.0000 1802.5000
v 0.0000 1800.0000 1797.5000
v 0.0000 0.0000 1797.5000
v 0.0000 0.0000 1902.5000
v 0.0000 1800.0000 1902.5000
v 0.0000 1800.0000 1897.5000
v 0.0000 0.0000 1897.5000
v 0.0000 0.0000 2002.5000
v 0.0000 1800.0000 2002.5000
v 0.0000 1800.0000 1997.5000
v 0.0000 0.0000 1997.5000
v 0.0000 0.0000 2102.5000
v 0.0000 1800.0000 2102.5000
v 0.0000 1800.0000 2097.5000
v 0.0000 0.0000 2097.5000
g grid_wallA
usemtl grid
f 12433 12434 12435
f 12433 12435 12436
f 12437 12438 12439
f 12437 12439 12440
f 12441 12442 12443
f 12441 12443 12444
f 12445 12446 12447
f 12445 12447 12448
f 12449 12450 12451
f 12449 12451 12452
f 12453 12454 12455
f 12453 12455 12456
f 12457 12458 12459
f 12457 12459 12460
f 12461 12462 12463
f 12461 12463 12464
f 12465 12466 12467
f 12465 12467 12468
f 12469 12470 12471
f 12469 12471 12472
f 12473 12474 12475
f 12473 12475 12476
f 12477 12478 12479
f 12477 12479 12480
f 12481 12482 12483
f 12481 12483 12484
f 12485 12486 12487
f 12485 12487 12488
f 12489 12490 12491
f 12489 12491 12492
f 12493 12494 12495
f 12493 12495 12496
f 12497 12498 12499
f 12497 12499 12500
f 12501 12502 12503
f 12501 12503 12504
f 12505 12506 12507
f 12505 12507 12508
f 12509 12510 12511
f 12509 12511 12512
f 12513 12514 12515
f 12513 12515 12516
f 12517 12518 12519
f 12517 12519 12520
f 12521 12522 12523
f 12521 12523 12524
f 12525 12526 12527
f 12525 12527 12528
f 12529 12530 12531
f 12529 12531 12532
f 12533 12534 12535
f 12533 12535 12536
f 12537 12538 12539
f 12537 12539 12540
f 12541 12542 12543
f 12541 12543 12544
f 12545 12546 12547
f 12545 12547 12548
f 12549 12550 12551
f 12549 12551 12552
f 12553 12554 12555
f 12553 12555 12556
f 12557 12558 12559
f 12557 12559 12560
f 12561 12562 12563
f 12561 12563 12564
f 12565 12566 12567
f 12565 12567 12568
f 12569 12570 12571
f 12569 12571 12572
f 12573 12574 12575
f 12573 12575 12576
f 12577 12578 12579
f 12577 12579 12580
f 12581 12582 12583
f 12581 12583 12584
v 15.0000 0.0000 300.0000
v -15.0000 0.0000 300.0000
v 0.0000 15.0000 300.0000
v 0.0000 -15.0000 300.0000
v 0.0000 0.0000 315.0000
v 0.0000 0.0000 285.0000
v 1815.0000 0.0000 300.0000
v 1785.0000 0.0000 300.0000
v 1800.0000 15.0000 300.0000
v 1800.0000 -15.0000 300.0000
v 1800.0000 0.0000 315.0000
v 1800.0000 0.0000 285.0000
v 1815.0000 0.0000 2100.0000
v 1785.0000 0.0000 2100.0000
v 1800.0000 15.0000 2100.0000
v 1800.0000 -15.0000 2100.0000
v 1800.0000 0.0000 2115.0000
v 1800.0000 0.0000 2085.0000
v 15.0000 0.0000 2100.0000
v -15.0000 0.0000 2100.0000
v 0.0000 15.0000 2100.0000
v 0.0000 -15.0000 2100.0000
v 0.0000 0.0000 2115.0000
v 0.0000 0.0000 2085.0000
g anchor_wallB
usemtl anchor
f 12585 12587 12589
f 12587 12586 12589
f 12586 12588 12589
f 12588 12585 12589
f 12587 12585 12590
f 12586 12587 12590
f 12588 12586 12590
f 12585 12588 12590
f 12591 12593 12595
f 12593 12592 12595
f 12592 12594 12595
f 12594 12591 12595
f 12593 12591 12596
f 12592 12593 12596
f 12594 12592 12596
f 12591 12594 12596
f 12597 12599 12601
f 12599 12598 12601
f 12598 12600 12601
f 12600 12597 12601
f 12599 12597 12602
f 12598 12599 12602
f 12600 12598 12602
f 12597 12600 12602
f 12603 12605 12607
f 12605 12604 12607
f 12604 12606 12607
f 12606 12603 12607
f 12605 12603 12608
f 12604 12605 12608
f 12606 12604 12608
f 12603 12606 12608
v 2.5000 0.0000 300.0000
v 2.5000 0.0000 2100.0000
v -2.5000 0.0000 2100.0000
v -2.5000 0.0000 300.0000
v 102.5000 0.0000 300.0000
v 102.5000 0.0000 2100.0000
v 97.5000 0.0000 2100.0000
v 97.5000 0.0000 300.0000
v 202.5000 0.0000 300.0000
v 202.5000 0.0000 2100.0000
v 197.5000 0.0000 2100.0000
v 197.5000 0.0000 300.0000
v 302.5000 0.0000 300.0000
v 302.5000 0.0000 2100.0000
v 297.5000 0.0000 2100.0000
v 297.5000 0.0000 300.0000
v 402.5000 0.0000 300.0000
v 402.5000 0.0000 2100.0000
v 397.5000 0.0000 2100.0000
v 397.5000 0.0000 300.0000
v 502.5000 0.0000 300.0000
v 502.5000 0.0000 2100.0000
v 497.5000 0.0000 2100.0000
v 497.5000 0.0000 300.0000
v 602.5000 0.0000 300.0000
v 602.5000 0.0000 2100.0000
v 597.5000 0.0000 2100.0000
v 597.5000 0.0000 300.0000
v 702.5000 0.0000 300.0000
v 702.5000 0.0000 2100.0000
v 697.5000 0.0000 2100.0000
v 697.5000 0.0000 300.0000
v 802.5000 0.0000 300.0000
v 802.5000 0.0000 2100.0000
v 797.5000 0.0000 2100.0000
v 797.5000 0.0000 300.0000
v 902.5000 0.0000 300.0000
v 902.5000 0.0000 2100.0000
v 897.5000 0.0000 2100.0000
v 897.5000 0.0000 300.0000
v 1002.5000 0.0000 300.0000
v 1002.5000 0.0000 2100.0000
v 997.5000 0.0000 2100.0000
v 997.5000 0.0000 300.0000
v 1102.5000 0.0000 300.0000
v 1102.5000 0.0000 2100.0000
v 1097.5000 0.0000 2100.0000
v 1097.5000 0.0000 300.0000
v 1202.5000 0.0000 300.0000
v 1202.5000 0.0000 2100.0000
v 1197.5000 0.0000 2100.0000
v 1197.5000 0.0000 300.0000
v 1302.5000 0.0000 300.0000
v 1302.5000 0.0000 2100.0000
v 1297.5000 0.0000 2100.0000
v 1297.5000 0.0000 300.0000
v 1402.5000 0.0000 300.0000
v 1402.5000 0.0000 2100.0000
v 1397.5000 0.0000 2100.0000
v 1397.5000 0.0000 300.0000
v 1502.5000 0.0000 300.0000
v 1502.5000 0.0000 2100.0000
v 1497.5000 0.0000 2100.0000
v 1497.5000 0.0000 300.0000
v 1602.5000 0.0000 300.0000
v 1602.5000 0.0000 2100.0000
v 1597.5000 0.0000 2100.0000
v 1597.5000 0.0000 300.0000
v 1702.5000 0.0000 300.0000
v 1702.5000 0.0000 2100.0000
v 1697.5000 0.0000 2100.0000
v 1697.5000 0.0000 300.0000
v 1802.5000 0.0000 300.0000
v 1802.5000 0.0000 2100.0000
v 1797.5000 0.0000 2100.0000
v 1797.5000 0.0000 300.0000
v 0.0000 0.0000 297.5000
v 1800.0000 0.0000 297.5000
v 1800.0000 0.0000 302.5000
v 0.0000 0.0000 302.5000
v 0.0000 0.0000 397.5000
v 1800.0000 0.0000 397.5000
v 1800.0000 0.0000 402.5000
v 0.0000 0.0000 402.5000
v 0.0000 0.0000 497.5000
v 1800.0000 0.0000 497.5000
v 1800.0000 0.0000 502.5000
v 0.0000 0.0000 502.5000
v 0.0000 0.0000 597.5000
v 1800.0000 0.0000 597.5000
v 1800.0000 0.0000 602.5000
v 0.0000 0.0000 602.5000
v 0.0000 0.0000 697.5000
v 1800.0000 0.0000 697.5000
v 1800.0000 0.0000 702.5000
v 0.0000 0.0000 702.5000
v 0.0000 0.0000 797.5000
v 1800.0000 0.0000 797.5000
v 1800.0000 0.0000 802.5000
v 0.0000 0.0000 802.5000
v 0.0000 0.0000 897.5000
v 1800.0000 0.0000 897.5000
v 1800.0000 0.0000 902.5000
v 0.0000 0.0000 902.5000
v 0.0000 0.0000 997.5000
v 1800.0000 0.0000 997.5000
v 1800.0000 0.0000 1002.5000
v 0.0000 0.0000 1002.5000
v 0.0000 0.0000 1097.5000
v 1800.0000 0.0000 1097.5000
v 1800.0000 0.0000 1102.5000
v 0.0000 0.0000 1102.5000
v 0.0000 0.0000 1197.5000
v 1800.0000 0.0000 1197.5000
v 1800.0000 0.0000 1202.5000
v 0.0000 0.0000 1202.5000
v 0.0000 0.0000 1297.5000
v 1800.0000 0.0000 1297.5000
v 1800.0000 0.0000 1302.5000
v 0.0000 0.0000 1302.5000
v 0.0000 0.0000 1397.5000
v 1800.0000 0.0000 1397.5000
v 1800.0000 0.0000 1402.5000
v 0.0000 0.0000 1402.5000
v 0.0000 0.0000 1497.5000
v 1800.0000 0.0000 1497.5000
v 1800.0000 0.0000 1502.5000
v 0.0000 0.0000 1502.5000
v 0.0000 0.0000 1597.5000
v 1800.0000 0.0000 1597.5000
v 1800.0000 0.0000 1602.5000
v 0.0000 0.0000 1602.5000
v 0.0000 0.0000 1697.5000
v 1800.0000 0.0000 1697.5000
v 1800.0000 0.0000 1702.5000
v 0.0000 0.0000 1702.5000
v 0.0000 0.0000 1797.5000
v 1800.0000 0.0000 1797.5000
v 1800.0000 0.0000 1802.5000
v 0.0000 0.0000 1802.5000
v 0.0000 0.0000 1897.5000
v 1800.0000 0.0000 1897.5000
v 1800.0000 0.0000 1902.5000
v 0.0000 0.0000 1902.5000
v 0.0000 0.0000 1997.5000
v 1800.0000 0.0000 1997.5000
v 1800.0000 0.0000 2002.5000
v 0.0000 0.0000 2002.5000
v 0.0000 0.0000 2097.5000
v 1800.0000 0.0000 2097.5000
v 1800.0000 0.0000 2102.5000
v 0.0000 0.0000 2102.5000
g grid_wallB
usemtl grid
f 12609 12610 12611
f 12609 12611 12612
f 12613 12614 12615
f 12613 12615 12616
f 12617 12618 12619
f 12617 12619 12620
f 12621 12622 12623
f 12621 12623 12624
f 12625 12626 12627
f 12625 12627 12628
f 12629 12630 12631
f 12629 12631 12632
f 12633 12634 12635
f 12633 12635 12636
f 12637 12638 12639
f 12637 12639 12640
f 12641 12642 12643
f 12641 12643 12644
f 12645 12646 12647
f 12645 12647 12648
f 12649 12650 12651
f 12649 12651 12652
f 12653 12654 12655
f 12653 12655 12656
f 12657 12658 12659
f 12657 12659 12660
f 12661 12662 12663
f 12661 12663 12664
f 12665 12666 12667
f 12665 12667 12668
f 12669 12670 12671
f 12669 12671 12672
f 12673 12674 12675
f 12673 12675 12676
f 12677 12678 12679
f 12677 12679 12680
f 12681 12682 12683
f 12681 12683 12684
f 12685 12686 12687
f 12685 12687 12688
f 12689 12690 12691
f 12689 12691 12692
f 12693 12694 12695
f 12693 12695 12696
f 12697 12698 12699
f 12697 12699 12700
f 12701 12702 12703
f 12701 12703 12704
f 12705 12706 12707
f 12705 12707 12708
f 12709 12710 12711
f 12709 12711 12712
f 12713 12714 12715
f 12713 12715 12716
f 12717 12718 12719
f 12717 12719 12720
f 12721 12722 12723
f 12721 12723 12724
f 12725 12726 12727
f 12725 12727 12728
f 12729 12730 12731
f 12729 12731 12732
f 12733 12734 12735
f 12733 12735 12736
f 12737 12738 12739
f 12737 12739 12740
f 12741 12742 12743
f 12741 12743 12744
f 12745 12746 12747
f 12745 12747 12748
f 12749 12750 12751
f 12749 12751 12752
f 12753 12754 12755
f 12753 12755 12756
f 12757 12758 12759
f 12757 12759 12760
v -2.5000 0.0000 0.0000
v -2.5000 3300.0000 0.0000
v 2.5000 3300.0000 0.0000
v 2.5000 0.0000 0.0000
v 97.5000 0.0000 0.0000
v 97.5000 3300.0000 0.0000
v 102.5000 3300.0000 0.0000
v 102.5000 0.0000 0.0000
v 197.5000 0.0000 0.0000
v 197.5000 3300.0000 0.0000
v 202.5000 3300.0000 0.0000
v 202.5000 0.0000 0.0000
v 297.5000 0.0000 0.0000
v 297.5000 3300.0000 0.0000
v 302.5000 3300.0000 0.0000
v 302.5000 0.0000 0.0000
v 397.5000 0.0000 0.0000
v 397.5000 3300.0000 0.0000
v 402.5000 3300.0000 0.0000
v 402.5000 0.0000 0.0000
v 497.5000 0.0000 0.0000
v 497.5000 3300.0000 0.0000
v 502.5000 3300.0000 0.0000
v 502.5000 0.0000 0.0000
v 597.5000 0.0000 0.0000
v 597.5000 3300.0000 0.0000
v 602.5000 3300.0000 0.0000
v 602.5000 0.0000 0.0000
v 697.5000 0.0000 0.0000
v 697.5000 3300.0000 0.0000
v 702.5000 3300.0000 0.0000
v 702.5000 0.0000 0.0000
v 797.5000 0.0000 0.0000
v 797.5000 3300.0000 0.0000
v 802.5000 3300.0000 0.0000
v 802.5000 0.0000 0.0000
v 897.5000 0.0000 0.0000
v 897.5000 3300.0000 0.0000
v 902.5000 3300.0000 0.0000
v 902.5000 0.0000 0.0000
v 997.5000 0.0000 0.0000
v 997.5000 3300.0000 0.0000
v 1002.5000 3300.0000 0.0000
v 1002.5000 0.0000 0.0000
v 1097.5000 0.0000 0.0000
v 1097.5000 3300.0000 0.0000
v 1102.5000 3300.0000 0.0000
v 1102.5000 0.0000 0.0000
v 1197.5000 0.0000 0.0000
v 1197.5000 3300.0000 0.0000
v 1202.5000 3300.0000 0.0000
v 1202.5000 0.0000 0.0000
v 1297.5000 0.0000 0.0000
v 1297.5000 3300.0000 0.0000
v 1302.5000 3300.0000 0.0000
v 1302.5000 0.0000 0.0000
v 1397.5000 0.0000 0.0000
v 1397.5000 3300.0000 0.0000
v 1402.5000 3300.0000 0.0000
v 1402.5000 0.0000 0.0000
v 1497.5000 0.0000 0.0000
v 1497.5000 3300.0000 0.0000
v 1502.5000 3300.0000 0.0000
v 1502.5000 0.0000 0.0000
v 1597.5000 0.0000 0.0000
v 1597.5000 3300.0000 0.0000
v 1602.5000 3300.0000 0.0000
v 1602.5000 0.0000 0.0000
v 1697.5000 0.0000 0.0000
v 1697.5000 3300.0000 0.0000
v 1702.5000 3300.0000 0.0000
v 1702.5000 0.0000 0.0000
v 1797.5000 0.0000 0.0000
v 1797.5000 3300.0000 0.0000
v 1802.5000 3300.0000 0.0000
v 1802.5000 0.0000 0.0000
v 1897.5000 0.0000 0.0000
v 1897.5000 3300.0000 0.0000
v 1902.5000 3300.0000 0.0000
v 1902.5000 0.0000 0.0000
v 1997.5000 0.0000 0.0000
v 1997.5000 3300.0000 0.0000
v 2002.5000 3300.0000 0.0000
v 2002.5000 0.0000 0.0000
v 2097.5000 0.0000 0.0000
v 2097.5000 3300.0000 0.0000
v 2102.5000 3300.0000 0.0000
v 2102.5000 0.0000 0.0000
v 2197.5000 0.0000 0.0000
v 2197.5000 3300.0000 0.0000
v 2202.5000 3300.0000 0.0000
v 2202.5000 0.0000 0.0000
v 2297.5000 0.0000 0.0000
v 2297.5000 3300.0000 0.0000
v 2302.5000 3300.0000 0.0000
v 2302.5000 0.0000 0.0000
v 2397.5000 0.0000 0.0000
v 2397.5000 3300.0000 0.0000
v 2402.5000 3300.0000 0.0000
v 2402.5000 0.0000 0.0000
v 2497.5000 0.0000 0.0000
v 2497.5000 3300.0000 0.0000
v 2502.5000 3300.0000 0.0000
v 2502.5000 0.0000 0.0000
v 2597.5000 0.0000 0.0000
v 2597.5000 3300.0000 0.0000
v 2602.5000 3300.0000 0.0000
v 2602.5000 0.0000 0.0000
v 2697.5000 0.0000 0.0000
v 2697.5000 3300.0000 0.0000
v 2702.5000 3300.0000 0.0000
v 2702.5000 0.0000 0.0000
v 2797.5000 0.0000 0.0000
v 2797.5000 3300.0000 0.0000
v 2802.5000 3300.0000 0.0000
v 2802.5000 0.0000 0.0000
v 2897.5000 0.0000 0.0000
v 2897.5000 3300.0000 0.0000
v 2902.5000 3300.0000 0.0000
v 2902.5000 0.0000 0.0000
v 2997.5000 0.0000 0.0000
v 2997.5000 3300.0000 0.0000
v 3002.5000 3300.0000 0.0000
v 3002.5000 0.0000 0.0000
v 3097.5000 0.0000 0.0000
v 3097.5000 3300.0000 0.0000
v 3102.5000 3300.0000 0.0000
v 3102.5000 0.0000 0.0000
v 3197.5000 0.0000 0.0000
v 3197.5000 3300.0000 0.0000
v 3202.5000 3300.0000 0.0000
v 3202.5000 0.0000 0.0000
v 3297.5000 0.0000 0.0000
v 3297.5000 3300.0000 0.0000
v 3302.5000 3300.0000 0.0000
v 3302.5000 0.0000 0.0000
v 0.0000 2.5000 0.0000
v 3300.0000 2.5000 0.0000
v 3300.0000 -2.5000 0.0000
v 0.0000 -2.5000 0.0000
v 0.0000 102.5000 0.0000
v 3300.0000 102.5000 0.0000
v 3300.0000 97.5000 0.0000
v 0.0000 97.5000 0.0000
v 0.0000 202.5000 0.0000
v 3300.0000 202.5000 0.0000
v 3300.0000 197.5000 0.0000
v 0.0000 197.5000 0.0000
v 0.0000 302.5000 0.0000
v 3300.0000 302.5000 0.0000
v 3300.0000 297.5000 0.0000
v 0.0000 297.5000 0.0000
v 0.0000 402.5000 0.0000
v 3300.0000 402.5000 0.0000
v 3300.0000 397.5000 0.0000
v 0.0000 397.5000 0.0000
v 0.0000 502.5000 0.0000
v 3300.0000 502.5000 0.0000
v 3300.0000 497.5000 0.0000
v 0.0000 497.5000 0.0000
v 0.0000 602.5000 0.0000
v 3300.0000 602.5000 0.0000
v 3300.0000 597.5000 0.0000
v 0.0000 597.5000 0.0000
v 0.0000 702.5000 0.0000
v 3300.0000 702.5000 0.0000
v 3300.0000 697.5000 0.0000
v 0.0000 697.5000 0.0000
v 0.0000 802.5000 0.0000
v 3300.0000 802.5000 0.0000
v 3300.0000 797.5000 0.0000
v 0.0000 797.5000 0.0000
v 0.0000 902.5000 0.0000
v 3300.0000 902.5000 0.0000
v 3300.0000 897.5000 0.0000
v 0.0000 897.5000 0.0000
v 0.0000 1002.5000 0.0000
v 3300.0000 1002.5000 0.0000
v 3300.0000 997.5000 0.0000
v 0.0000 997.5000 0.0000
v 0.0000 1102.5000 0.0000
v 3300.0000 1102.5000 0.0000
v 3300.0000 1097.5000 0.0000
v 0.0000 1097.5000 0.0000
v 0.0000 1202.5000 0.0000
v 3300.0000 1202.5000 0.0000
v 3300.0000 1197.5000 0.0000
v 0.0000 1197.5000 0.0000
v 0.0000 1302.5000 0.0000
v 3300.0000 1302.5000 0.0000
v 3300.0000 1297.5000 0.0000
v 0.0000 1297.5000 0.0000
v 0.0000 1402.5000 0.0000
v 3300.0000 1402.5000 0.0000
v 3300.0000 1397.5000 0.0000
v 0.0000 1397.5000 0.0000
v 0.0000 1502.5000 0.0000
v 3300.0000 1502.5000 0.0000
v 3300.0000 1497.5000 0.0000
v 0.0000 1497.5000 0.0000
v 0.0000 1602.5000 0.0000
v 3300.0000 1602.5000 0.0000
v 3300.0000 1597.5000 0.0000
v 0.0000 1597.5000 0.0000
v 0.0000 1702.5000 0.0000
v 3300.0000 1702.5000 0.0000
v 3300.0000 1697.5000 0.0000
v 0.0000 1697.5000 0.0000
v 0.0000 1802.5000 0.0000
v 3300.0000 1802.5000 0.0000
v 3300.0000 1797.5000 0.0000
v 0.0000 1797.5000 0.0000
v 0.0000 1902.5000 0.0000
v 3300.0000 1902.5000 0.0000
v 3300.0000 1897.5000 0.0000
v 0.0000 1897.5000 0.0000
v 0.0000 2002.5000 0.0000
v 3300.0000 2002.5000 0.0000
v 3300.0000 1997.5000 0.0000
v 0.0000 1997.5000 0.0000
v 0.0000 2102.5000 0.0000
v 3300.0000 2102.5000 0.0000
v 3300.0000 2097.5000 0.0000
v 0.0000 2097.5000 0.0000
v 0.0000 2202.5000 0.0000
v 3300.0000 2202.5000 0.0000
v 3300.0000 2197.5000 0.0000
v 0.0000 2197.5000 0.0000
v 0.0000 2302.5000 0.0000
v 3300.0000 2302.5000 0.0000
v 3300.0000 2297.5000 0.0000
v 0.0000 2297.5000 0.0000
v 0.0000 2402.5000 0.0000
v 3300.0000 2402.5000 0.0000
v 3300.0000 2397.5000 0.0000
v 0.0000 2397.5000 0.0000
v 0.0000 2502.5000 0.0000
v 3300.0000 2502.5000 0.0000
v 3300.0000 2497.5000 0.0000
v 0.0000 2497.5000 0.0000
v 0.0000 2602.5000 0.0000
v 3300.0000 2602.5000 0.0000
v 3300.0000 2597.5000 0.0000
v 0.0000 2597.5000 0.0000
v 0.0000 2702.5000 0.0000
v 3300.0000 2702.5000 0.0000
v 3300.0000 2697.5000 0.0000
v 0.0000 2697.5000 0.0000
v 0.0000 2802.5000 0.0000
v 3300.0000 2802.5000 0.0000
v 3300.0000 2797.5000 0.0000
v 0.0000 2797.5000 0.0000
v 0.0000 2902.5000 0.0000
v 3300.0000 2902.5000 0.0000
v 3300.0000 2897.5000 0.0000
v 0.0000 2897.5000 0.0000
v 0.0000 3002.5000 0.0000
v 3300.0000 3002.5000 0.0000
v 3300.0000 2997.5000 0.0000
v 0.0000 2997.5000 0.0000
v 0.0000 3102.5000 0.0000
v 3300.0000 3102.5000 0.0000
v 3300.0000 3097.5000 0.0000
v 0.0000 3097.5000 0.0000
v 0.0000 3202.5000 0.0000
v 3300.0000 3202.5000 0.0000
v 3300.0000 3197.5000 0.0000
v 0.0000 3197.5000 0.0000
v 0.0000 3302.5000 0.0000
v 3300.0000 3302.5000 0.0000
v 3300.0000 3297.5000 0.0000
v 0.0000 3297.5000 0.0000
g grid_floor
usemtl grid
f 12761 12762 12763
f 12761 12763 12764
f 12765 12766 12767
f 12765 12767 12768
f 12769 12770 12771
f 12769 12771 12772
f 12773 12774 12775
f 12773 12775 12776
f 12777 12778 12779
f 12777 12779 12780
f 12781 12782 12783
f 12781 12783 12784
f 12785 12786 12787
f 12785 12787 12788
f 12789 12790 12791
f 12789 12791 12792
f 12793 12794 12795
f 12793 12795 12796
f 12797 12798 12799
f 12797 12799 12800
f 12801 12802 12803
f 12801 12803 12804
f 12805 12806 12807
f 12805 12807 12808
f 12809 12810 12811
f 12809 12811 12812
f 12813 12814 12815
f 12813 12815 12816
f 12817 12818 12819
f 12817 12819 12820
f 12821 12822 12823
f 12821 12823 12824
f 12825 12826 12827
f 12825 12827 12828
f 12829 12830 12831
f 12829 12831 12832
f 12833 12834 12835
f 12833 12835 12836
f 12837 12838 12839
f 12837 12839 12840
f 12841 12842 12843
f 12841 12843 12844
f 12845 12846 12847
f 12845 12847 12848
f 12849 12850 12851
f 12849 12851 12852
f 12853 12854 12855
f 12853 12855 12856
f 12857 12858 12859
f 12857 12859 12860
f 12861 12862 12863
f 12861 12863 12864
f 12865 12866 12867
f 12865 12867 12868
f 12869 12870 12871
f 12869 12871 12872
f 12873 12874 12875
f 12873 12875 12876
f 12877 12878 12879
f 12877 12879 12880
f 12881 12882 12883
f 12881 12883 12884
f 12885 12886 12887
f 12885 12887 12888
f 12889 12890 12891
f 12889 12891 12892
f 12893 12894 12895
f 12893 12895 12896
f 12897 12898 12899
f 12897 12899 12900
f 12901 12902 12903
f 12901 12903 12904
f 12905 12906 12907
f 12905 12907 12908
f 12909 12910 12911
f 12909 12911 12912
f 12913 12914 12915
f 12913 12915 12916
f 12917 12918 12919
f 12917 12919 12920
f 12921 12922 12923
f 12921 12923 12924
f 12925 12926 12927
f 12925 12927 12928
f 12929 12930 12931
f 12929 12931 12932
f 12933 12934 12935
f 12933 12935 12936
f 12937 12938 12939
f 12937 12939 12940
f 12941 12942 12943
f 12941 12943 12944
f 12945 12946 12947
f 12945 12947 12948
f 12949 12950 12951
f 12949 12951 12952
f 12953 12954 12955
f 12953 12955 12956
f 12957 12958 12959
f 12957 12959 12960
f 12961 12962 12963
f 12961 12963 12964
f 12965 12966 12967
f 12965 12967 12968
f 12969 12970 12971
f 12969 12971 12972
f 12973 12974 12975
f 12973 12975 12976
f 12977 12978 12979
f 12977 12979 12980
f 12981 12982 12983
f 12981 12983 12984
f 12985 12986 12987
f 12985 12987 12988
f 12989 12990 12991
f 12989 12991 12992
f 12993 12994 12995
f 12993 12995 12996
f 12997 12998 12999
f 12997 12999 13000
f 13001 13002 13003
f 13001 13003 13004
f 13005 13006 13007
f 13005 13007 13008
f 13009 13010 13011
f 13009 13011 13012
f 13013 13014 13015
f 13013 13015 13016
f 13017 13018 13019
f 13017 13019 13020
f 13021 13022 13023
f 13021 13023 13024
f 13025 13026 13027
f 13025 13027 13028
f 13029 13030 13031
f 13029 13031 13032
v 0.0000 7.4250 0.0000
v 495.0000 7.4250 0.0000
v 495.0000 -7.4250 0.0000
v 0.0000 -7.4250 0.0000
g axis_x
usemtl axis_x
f 13033 13034 13035
f 13033 13035 13036
v -7.4250 0.0000 0.0000
v -7.4250 495.0000 0.0000
v 7.4250 495.0000 0.0000
v 7.4250 0.0000 0.0000
g axis_y
usemtl axis_y
f 13037 13038 13039
f 13037 13039 13040
v 0.0000 -7.4250 0.0000
v 0.0000 -7.4250 495.0000
v 0.0000 7.4250 495.0000
v 0.0000 7.4250 0.0000
g axis_z
usemtl axis_z
f 13041 13042 13043
f 13041 13043 13044
