  0
SECTION
  2
HEADER
  9
$ACADVER
  1
AC1027
  9
$ACADMAINTVER
 70
105
  9
$DWGCODEPAGE
  3
ANSI_1252
  9
$LASTSAVEDBY
  1
ezdxf
  9
$REQUIREDVERSIONS
160
0
  9
$INSBASE
 10
0.0
 20
0.0
 30
0.0
  9
$EXTMIN
 10
1e+20
 20
1e+20
 30
1e+20
  9
$EXTMAX
 10
-1e+20
 20
-1e+20
 30
-1e+20
  9
$LIMMIN
 10
0.0
 20
0.0
  9
$LIMMAX
 10
420.0
 20
297.0
  9
$ORTHOMODE
 70
0
  9
$REGENMODE
 70
1
  9
$FILLMODE
 70
1
  9
$QTEXTMODE
 70
0
  9
$MIRRTEXT
 70
1
  9
$LTSCALE
 40
1.0
  9
$ATTMODE
 70
1
  9
$TEXTSIZE
 40
2.5
  9
$TRACEWID
 40
1.0
  9
$TEXTSTYLE
  7
Standard
  9
$CLAYER
  8
0
  9
$CELTYPE
  6
ByLayer
  9
$CECOLOR
 62
256
  9
$CELTSCALE
 40
1.0
  9
$DISPSILH
 70
0
  9
$DIMSCALE
 40
1.0
  9
$DIMASZ
 40
2.5
  9
$DIMEXO
 40
0.625
  9
$DIMDLI
 40
3.75
  9
$DIMRND
 40
0.0
  9
$DIMDLE
 40
0.0
  9
$DIMEXE
 40
1.25
  9
$DIMTP
 40
0.0
  9
$DIMTM
 40
0.0
  9
$DIMTXT
 40
2.5
  9
$DIMCEN
 40
2.5
  9
$DIMTSZ
 40
0.0
  9
$DIMTOL
 70
0
  9
$DIMLIM
 70
0
  9
$DIMTIH
 70
0
  9
$DIMTOH
 70
0
  9
$DIMSE1
 70
0
  9
$DIMSE2
 70
0
  9
$DIMTAD
 70
1
  9
$DIMZIN
 70
8
  9
$DIMBLK
  1

  9
$DIMASO
 70
1
  9
$DIMSHO
 70
1
  9
$DIMPOST
  1

  9
$DIMAPOST
  1

  9
$DIMALT
 70
0
  9
$DIMALTD
 70
3
  9
$DIMALTF
 40
0.03937007874
  9
$DIMLFAC
 40
1.0
  9
$DIMTOFL
 70
1
  9
$DIMTVP
 40
0.0
  9
$DIMTIX
 70
0
  9
$DIMSOXD
 70
0
  9
$DIMSAH
 70
0
  9
$DIMBLK1
  1

  9
$DIMBLK2
  1

  9
$DIMSTYLE
  2
ISO-25
  9
$DIMCLRD
 70
0
  9
$DIMCLRE
 70
0
  9
$DIMCLRT
 70
0
  9
$DIMTFAC
 40
1.0
  9
$DIMGAP
 40
0.625
  9
$DIMJUST
 70
0
  9
$DIMSD1
 70
0
  9
$DIMSD2
 70
0
  9
$DIMTOLJ
 70
0
  9
$DIMTZIN
 70
8
  9
$DIMALTZ
 70
0
  9
$DIMALTTZ
 70
0
  9
$DIMUPT
 70
0
  9
$DIMDEC
 70
2
  9
$DIMTDEC
 70
2
  9
$DIMALTU
 70
2
  9
$DIMALTTD
 70
3
  9
$DIMTXSTY
  7
Standard
  9
$DIMAUNIT
 70
0
  9
$DIMADEC
 70
0
  9
$DIMALTRND
 40
0.0
  9
$DIMAZIN
 70
0
  9
$DIMDSEP
 70
44
  9
$DIMATFIT
 70
3
  9
$DIMFRAC
 70
0
  9
$DIMLDRBLK
  1

  9
$DIMLUNIT
 70
2
  9
$DIMLWD
 70
-2
  9
$DIMLWE
 70
-2
  9
$DIMTMOVE
 70
0
  9
$DIMFXL
 40
1.0
  9
$DIMFXLON
 70
0
  9
$DIMJOGANG
 40
0.785398163397
  9
$DIMTFILL
 70
0
  9
$DIMTFILLCLR
 70
0
  9
$DIMARCSYM
 70
0
  9
$DIMLTYPE
  6

  9
$DIMLTEX1
  6

  9
$DIMLTEX2
  6

  9
$DIMTXTDIRECTION
 70
0
  9
$LUNITS
 70
2
  9
$LUPREC
 70
4
  9
$SKETCHINC
 40
1.0
  9
$FILLETRAD
 40
10.0
  9
$AUNITS
 70
0
  9
$AUPREC
 70
2
  9
$MENU
  1
.
  9
$ELEVATION
 40
0.0
  9
$PELEVATION
 40
0.0
  9
$THICKNESS
 40
0.0
  9
$LIMCHECK
 70
0
  9
$CHAMFERA
 40
0.0
  9
$CHAMFERB
 40
0.0
  9
$CHAMFERC
 40
0.0
  9
$CHAMFERD
 40
0.0
  9
$SKPOLY
 70
0
  9
$TDCREATE
 40
2461257.9240277777
  9
$TDUCREATE
 40
2458532.153996898
  9
$TDUPDATE
 40
2461257.9240277777
  9
$TDUUPDATE
 40
2458532.1544311
  9
$TDINDWG
 40
0.0
  9
$TDUSRTIMER
 40
0.0
  9
$USRTIMER
 70
1
  9
$ANGBASE
 50
0.0
  9
$ANGDIR
 70
0
  9
$PDMODE
 70
0
  9
$PDSIZE
 40
0.0
  9
$PLINEWID
 40
0.0
  9
$SPLFRAME
 70
0
  9
$SPLINETYPE
 70
6
  9
$SPLINESEGS
 70
8
  9
$HANDSEED
  5
310
  9
$SURFTAB1
 70
6
  9
$SURFTAB2
 70
6
  9
$SURFTYPE
 70
6
  9
$SURFU
 70
6
  9
$SURFV
 70
6
  9
$UCSBASE
  2

  9
$UCSNAME
  2

  9
$UCSORG
 10
0.0
 20
0.0
 30
0.0
  9
$UCSXDIR
 10
1.0
 20
0.0
 30
0.0
  9
$UCSYDIR
 10
0.0
 20
1.0
 30
0.0
  9
$UCSORTHOREF
  2

  9
$UCSORTHOVIEW
 70
0
  9
$UCSORGTOP
 10
0.0
 20
0.0
 30
0.0
  9
$UCSORGBOTTOM
 10
0.0
 20
0.0
 30
0.0
  9
$UCSORGLEFT
 10
0.0
 20
0.0
 30
0.0
  9
$UCSORGRIGHT
 10
0.0
 20
0.0
 30
0.0
  9
$UCSORGFRONT
 10
0.0
 20
0.0
 30
0.0
  9
$UCSORGBACK
 10
0.0
 20
0.0
 30
0.0
  9
$PUCSBASE
  2

  9
$PUCSNAME
  2

  9
$PUCSORG
 10
0.0
 20
0.0
 30
0.0
  9
$PUCSXDIR
 10
1.0
 20
0.0
 30
0.0
  9
$PUCSYDIR
 10
0.0
 20
1.0
 30
0.0
  9
$PUCSORTHOREF
  2

  9
$PUCSORTHOVIEW
 70
0
  9
$PUCSORGTOP
 10
0.0
 20
0.0
 30
0.0
  9
$PUCSORGBOTTOM
 10
0.0
 20
0.0
 30
0.0
  9
$PUCSORGLEFT
 10
0.0
 20
0.0
 30
0.0
  9
$PUCSORGRIGHT
 10
0.0
 20
0.0
 30
0.0
  9
$PUCSORGFRONT
 10
0.0
 20
0.0
 30
0.0
  9
$PUCSORGBACK
 10
0.0
 20
0.0
 30
0.0
  9
$USERI1
 70
0
  9
$USERI2
 70
0
  9
$USERI3
 70
0
  9
$USERI4
 70
0
  9
$USERI5
 70
0
  9
$USERR1
 40
0.0
  9
$USERR2
 40
0.0
  9
$USERR3
 40
0.0
  9
$USERR4
 40
0.0
  9
$USERR5
 40
0.0
  9
$WORLDVIEW
 70
1
  9
$SHADEDGE
 70
3
  9
$SHADEDIF
 70
70
  9
$TILEMODE
 70
1
  9
$MAXACTVP
 70
64
  9
$PINSBASE
 10
0.0
 20
0.0
 30
0.0
  9
$PLIMCHECK
 70
0
  9
$PEXTMIN
 10
1e+20
 20
1e+20
 30
1e+20
  9
$PEXTMAX
 10
-1e+20
 20
-1e+20
 30
-1e+20
  9
$PLIMMIN
 10
0.0
 20
0.0
  9
$PLIMMAX
 10
420.0
 20
297.0
  9
$UNITMODE
 70
0
  9
$VISRETAIN
 70
1
  9
$PLINEGEN
 70
0
  9
$PSLTSCALE
 70
1
  9
$TREEDEPTH
 70
3020
  9
$CMLSTYLE
  2
Standard
  9
$CMLJUST
 70
0
  9
$CMLSCALE
 40
20.0
  9
$PROXYGRAPHICS
 70
1
  9
$MEASUREMENT
 70
1
  9
$CELWEIGHT
370
-1
  9
$ENDCAPS
280
0
  9
$JOINSTYLE
280
0
  9
$LWDISPLAY
290
0
  9
$INSUNITS
 70
4
  9
$HYPERLINKBASE
  1

  9
$STYLESHEET
  1

  9
$XEDIT
290
1
  9
$CEPSNTYPE
380
0
  9
$PSTYLEMODE
290
1
  9
$FINGERPRINTGUID
  2
{37FB941F-F105-4711-BDA2-5FA5825D96D4}
  9
$VERSIONGUID
  2
{5A12C5B2-0C2B-41DD-9A58-C428D3DBFE10}
  9
$EXTNAMES
290
1
  9
$PSVPSCALE
 40
0.0
  9
$OLESTARTUP
290
0
  9
$SORTENTS
280
127
  9
$INDEXCTL
280
0
  9
$HIDETEXT
280
1
  9
$XCLIPFRAME
280
1
  9
$HALOGAP
280
0
  9
$OBSCOLOR
 70
257
  9
$OBSLTYPE
280
0
  9
$INTERSECTIONDISPLAY
280
0
  9
$INTERSECTIONCOLOR
 70
257
  9
$DIMASSOC
280
2
  9
$PROJECTNAME
  1

  9
$CAMERADISPLAY
290
0
  9
$LENSLENGTH
 40
50.0
  9
$CAMERAHEIGHT
 40
0.0
  9
$STEPSPERSEC
 40
24.0
  9
$STEPSIZE
 40
100.0
  9
$3DDWFPREC
 40
2.0
  9
$PSOLWIDTH
 40
0.005
  9
$PSOLHEIGHT
 40
0.08
  9
$LOFTANG1
 40
1.570796326795
  9
$LOFTANG2
 40
1.570796326795
  9
$LOFTMAG1
 40
0.0
  9
$LOFTMAG2
 40
0.0
  9
$LOFTPARAM
 70
7
  9
$LOFTNORMALS
280
1
  9
$LATITUDE
 40
37.795
  9
$LONGITUDE
 40
-122.394
  9
$NORTHDIRECTION
 40
0.0
  9
$TIMEZONE
 70
-8000
  9
$LIGHTGLYPHDISPLAY
280
1
  9
$TILEMODELIGHTSYNCH
280
1
  9
$CMATERIAL
347
20
  9
$SOLIDHIST
280
0
  9
$SHOWHIST
280
1
  9
$DWFFRAME
280
2
  9
$DGNFRAME
280
2
  9
$REALWORLDSCALE
290
1
  9
$INTERFERECOLOR
 62
256
  9
$CSHADOW
280
0
  9
$SHADOWPLANELOCATION
 40
0.0
  0
ENDSEC
  0
SECTION
  2
CLASSES
  0
CLASS
  1
ACDBDICTIONARYWDFLT
  2
AcDbDictionaryWithDefault
  3
ObjectDBX Classes
 90
0
 91
0
280
0
281
0
  0
CLASS
  1
SUN
  2
AcDbSun
  3
SCENEOE
 90
1153
 91
0
280
0
281
0
  0
CLASS
  1
VISUALSTYLE
  2
AcDbVisualStyle
  3
ObjectDBX Classes
 90
4095
 91
0
280
0
281
0
  0
CLASS
  1
MATERIAL
  2
AcDbMaterial
  3
ObjectDBX Classes
 90
1153
 91
0
280
0
281
0
  0
CLASS
  1
SCALE
  2
AcDbScale
  3
ObjectDBX Classes
 90
1153
 91
0
280
0
281
0
  0
CLASS
  1
TABLESTYLE
  2
AcDbTableStyle
  3
ObjectDBX Classes
 90
4095
 91
0
280
0
281
0
  0
CLASS
  1
MLEADERSTYLE
  2
AcDbMLeaderStyle
  3
ACDB_MLEADERSTYLE_CLASS
 90
4095
 91
0
280
0
281
0
  0
CLASS
  1
DICTIONARYVAR
  2
AcDbDictionaryVar
  3
ObjectDBX Classes
 90
0
 91
0
280
0
281
0
  0
CLASS
  1
CELLSTYLEMAP
  2
AcDbCellStyleMap
  3
ObjectDBX Classes
 90
1152
 91
0
280
0
281
0
  0
CLASS
  1
MENTALRAYRENDERSETTINGS
  2
AcDbMentalRayRenderSettings
  3
SCENEOE
 90
1024
 91
0
280
0
281
0
  0
CLASS
  1
ACDBDETAILVIEWSTYLE
  2
AcDbDetailViewStyle
  3
ObjectDBX Classes
 90
1025
 91
0
280
0
281
0
  0
CLASS
  1
ACDBSECTIONVIEWSTYLE
  2
AcDbSectionViewStyle
  3
ObjectDBX Classes
 90
1025
 91
0
280
0
281
0
  0
CLASS
  1
RASTERVARIABLES
  2
AcDbRasterVariables
  3
ISM
 90
0
 91
0
280
0
281
0
  0
CLASS
  1
ACDBPLACEHOLDER
  2
AcDbPlaceHolder
  3
ObjectDBX Classes
 90
0
 91
0
280
0
281
0
  0
CLASS
  1
LAYOUT
  2
AcDbLayout
  3
ObjectDBX Classes
 90
0
 91
0
280
0
281
0
  0
ENDSEC
  0
SECTION
  2
TABLES
  0
TABLE
  2
VPORT
  5
8
330
0
100
AcDbSymbolTable
 70
1
  0
VPORT
  5
23
330
8
100
AcDbSymbolTableRecord
100
AcDbViewportTableRecord
  2
*Active
 70
0
 10
0.0
 20
0.0
 11
1.0
 21
1.0
 12
0.0
 22
0.0
 13
0.0
 23
0.0
 14
0.5
 24
0.5
 15
0.5
 25
0.5
 16
0.0
 26
0.0
 36
1.0
 17
0.0
 27
0.0
 37
0.0
 40
1000.0
 41
1.34
 42
50.0
 43
0.0
 44
0.0
 50
0.0
 51
0.0
 71
0
 72
1000
 73
1
 74
3
 75
0
 76
0
 77
0
 78
0
281
0
 65
0
146
0.0
  0
ENDTAB
  0
TABLE
  2
LTYPE
  5
2
330
0
100
AcDbSymbolTable
 70
3
  0
LTYPE
  5
24
330
2
100
AcDbSymbolTableRecord
100
AcDbLinetypeTableRecord
  2
ByBlock
 70
0
  3

 72
65
 73
0
 40
0.0
  0
LTYPE
  5
25
330
2
100
AcDbSymbolTableRecord
100
AcDbLinetypeTableRecord
  2
ByLayer
 70
0
  3

 72
65
 73
0
 40
0.0
  0
LTYPE
  5
26
330
2
100
AcDbSymbolTableRecord
100
AcDbLinetypeTableRecord
  2
Continuous
 70
0
  3

 72
65
 73
0
 40
0.0
  0
ENDTAB
  0
TABLE
  2
LAYER
  5
1
330
0
100
AcDbSymbolTable
 70
7
  0
LAYER
  5
27
330
1
100
AcDbSymbolTableRecord
100
AcDbLayerTableRecord
  2
0
 70
0
 62
7
  6
Continuous
370
-3
390
13
347
21
  0
LAYER
  5
28
330
1
100
AcDbSymbolTableRecord
100
AcDbLayerTableRecord
  2
Defpoints
 70
0
 62
7
  6
Continuous
290
0
370
-3
390
13
347
21
  0
LAYER
  5
2F
330
1
100
AcDbSymbolTableRecord
100
AcDbLayerTableRecord
  2
ENG_L
 70
0
 62
4
  6
Continuous
370
-3
390
13
347
21
  0
LAYER
  5
30
330
1
100
AcDbSymbolTableRecord
100
AcDbLayerTableRecord
  2
ENG_D
 70
0
 62
3
  6
Continuous
370
-3
390
13
347
21
  0
LAYER
  5
31
330
1
100
AcDbSymbolTableRecord
100
AcDbLayerTableRecord
  2
ENG_K
 70
0
 62
2
  6
Continuous
370
-3
390
13
347
21
  0
LAYER
  5
32
330
1
100
AcDbSymbolTableRecord
100
AcDbLayerTableRecord
  2
CUT_OUTLINE
 70
0
 62
5
  6
Continuous
370
-3
390
13
347
21
  0
LAYER
  5
33
330
1
100
AcDbSymbolTableRecord
100
AcDbLayerTableRecord
  2
CUT_SLOT
 70
0
 62
1
  6
Continuous
370
-3
390
13
347
21
  0
ENDTAB
  0
TABLE
  2
STYLE
  5
5
330
0
100
AcDbSymbolTable
 70
1
  0
STYLE
  5
29
330
5
100
AcDbSymbolTableRecord
100
AcDbTextStyleTableRecord
  2
Standard
 70
0
 40
0.0
 41
1.0
 50
0.0
 71
0
 42
2.5
  3
txt
  4

  0
ENDTAB
  0
TABLE
  2
VIEW
  5
7
330
0
100
AcDbSymbolTable
 70
0
  0
ENDTAB
  0
TABLE
  2
UCS
  5
6
330
0
100
AcDbSymbolTable
 70
0
  0
ENDTAB
  0
TABLE
  2
APPID
  5
3
330
0
100
AcDbSymbolTable
 70
3
  0
APPID
  5
2A
330
3
100
AcDbSymbolTableRecord
100
AcDbRegAppTableRecord
  2
ACAD
 70
0
  0
APPID
  5
30D
330
3
100
AcDbSymbolTableRecord
100
AcDbRegAppTableRecord
  2
HATCHBACKGROUNDCOLOR
 70
0
  0
APPID
  5
30E
330
3
100
AcDbSymbolTableRecord
100
AcDbRegAppTableRecord
  2
EZDXF
 70
0
  0
ENDTAB
  0
TABLE
  2
DIMSTYLE
  5
4
330
0
100
AcDbSymbolTable
 70
1
100
AcDbDimStyleTable
  0
DIMSTYLE
105
2B
330
4
100
AcDbSymbolTableRecord
100
AcDbDimStyleTableRecord
  2
Standard
 70
0
 40
1.0
 41
2.5
 42
0.625
 43
3.75
 44
1.25
 45
0.0
 46
0.0
 47
0.0
 48
0.0
 49
2.5
140
2.5
141
2.5
142
0.0
143
0.03937007874
144
1.0
145
0.0
146
1.0
147
0.625
148
0.0
 69
0
 70
0
 71
0
 72
0
 73
0
 74
0
 75
0
 76
0
 77
1
 78
8
 79
3
170
0
171
3
172
1
173
0
174
0
175
0
176
0
177
0
178
0
179
2
271
2
272
2
273
2
274
3
275
0
276
0
277
2
278
44
279
0
280
0
281
0
282
0
283
0
284
8
285
0
286
0
288
0
289
3
290
0
371
-2
372
-2
  0
ENDTAB
  0
TABLE
  2
BLOCK_RECORD
  5
9
330
0
100
AcDbSymbolTable
 70
2
  0
BLOCK_RECORD
  5
17
330
9
100
AcDbSymbolTableRecord
100
AcDbBlockTableRecord
  2
*Model_Space
340
1A
 70
0
280
1
281
0
  0
BLOCK_RECORD
  5
1B
330
9
100
AcDbSymbolTableRecord
100
AcDbBlockTableRecord
  2
*Paper_Space
340
1E
 70
0
280
1
281
0
  0
ENDTAB
  0
ENDSEC
  0
SECTION
  2
BLOCKS
  0
BLOCK
  5
18
330
17
100
AcDbEntity
  8
0
100
AcDbBlockBegin
  2
*Model_Space
 70
0
 10
0.0
 20
0.0
 30
0.0
  3
*Model_Space
  1

  0
ENDBLK
  5
19
330
17
100
AcDbEntity
  8
0
100
AcDbBlockEnd
  0
BLOCK
  5
1C
330
1B
100
AcDbEntity
  8
0
100
AcDbBlockBegin
  2
*Paper_Space
 70
0
 10
0.0
 20
0.0
 30
0.0
  3
*Paper_Space
  1

  0
ENDBLK
  5
1D
330
1B
100
AcDbEntity
  8
0
100
AcDbBlockEnd
  0
ENDSEC
  0
SECTION
  2
ENTITIES
  0
LWPOLYLINE
  5
34
330
17
100
AcDbEntity
  8
ENG_L
100
AcDbPolyline
 90
4
 70
1
 10
214.7043954616569
 20
31.20381716547549
 10
214.7043954616569
 20
32.88704715143731
 10
215.5460104546377
 20
32.04543215845612
 10
214.7043954616569
 20
31.20381716547549
  0
LWPOLYLINE
  5
35
330
17
100
AcDbEntity
  8
ENG_L
100
AcDbPolyline
 90
5
 70
1
 10
215.16072970884323
 20
26.021626472559344
 10
213.89830721937201
 20
25.60081897606914
 10
213.26204791728716
 20
26.237078278153803
 10
214.52447040675847
 20
26.657885774644342
 10
215.16072970884323
 20
26.021626472559344
  0
LWPOLYLINE
  5
36
330
17
100
AcDbEntity
  8
ENG_L
100
AcDbPolyline
 90
4
 70
1
 10
214.06699050886283
 20
31.059418861272835
 10
213.22537551588198
 20
30.217803868292204
 10
213.22537551588198
 20
31.901033854253914
 10
214.06699050886283
 20
31.059418861272835
  0
LWPOLYLINE
  5
37
330
17
100
AcDbEntity
  8
ENG_L
100
AcDbPolyline
 90
4
 70
1
 10
212.73236886729035
 20
31.408027205662272
 10
213.5739838602712
 20
30.566412212681193
 10
212.73236886729035
 20
29.724797219700562
 10
212.73236886729035
 20
31.408027205662272
  0
LWPOLYLINE
  5
38
330
17
100
AcDbEntity
  8
ENG_L
100
AcDbPolyline
 90
4
 70
1
 10
212.73236886729035
 20
26.47796071974595
 10
213.5739838602712
 20
25.636345726764876
 10
212.73236886729035
 20
24.79473073378424
 10
212.73236886729035
 20
26.47796071974595
  0
LWPOLYLINE
  5
39
330
17
100
AcDbEntity
  8
ENG_L
100
AcDbPolyline
 90
4
 70
1
 10
211.74635557010706
 20
24.3017240851926
 10
211.74635557010706
 20
25.98495407115431
 10
212.58797056308794
 20
25.143339078173234
 10
211.74635557010706
 20
24.3017240851926
  0
LWPOLYLINE
  5
3A
330
17
100
AcDbEntity
  8
ENG_L
100
AcDbPolyline
 90
5
 70
1
 10
208.02837415730545
 20
29.991732092360724
 10
207.49652032584402
 20
30.523585923821983
 10
208.94310583372098
 20
33.127439838000704
 10
210.70264196080572
 20
32.07171816174981
 10
208.02837415730545
 20
29.991732092360724
  0
LWPOLYLINE
  5
3B
330
17
100
AcDbEntity
  8
ENG_L
100
AcDbPolyline
 90
4
 70
1
 10
207.65790407717157
 20
28.594385618314956
 10
206.81628908419071
 20
27.752770625333877
 10
206.81628908419071
 20
29.436000611295587
 10
207.65790407717157
 20
28.594385618314956
  0
LWPOLYLINE
  5
3C
330
17
100
AcDbEntity
  8
ENG_L
100
AcDbPolyline
 90
4
 70
1
 10
201.741824294072
 20
142.97192809157423
 10
200.9002093010911
 20
142.13031309859315
 10
200.9002093010911
 20
143.81354308455485
 10
201.741824294072
 20
142.97192809157423
  0
LWPOLYLINE
  5
3D
330
17
100
AcDbEntity
  8
ENG_L
100
AcDbPolyline
 90
12
 70
1
 10
198.8482422366816
 20
143.43650389716922
 10
200.58776457556732
 20
143.0885994293921
 10
198.64346779542154
 20
141.92202136130462
 10
198.18867273383714
 20
142.37681642288902
 10
197.7622443546429
 20
141.95038804369474
 10
196.76127812346357
 20
142.28404345408796
 10
196.5108044379863
 20
143.03546451051986
 10
194.71338710565882
 20
143.80578622437434
 10
195.07785030884193
 20
146.35702864665657
 10
196.34857071504703
 20
144.45094803734892
 10
198.3410201665918
 20
144.45094803734892
 10
198.8482422366816
 20
143.43650389716922
  0
LWPOLYLINE
  5
3E
330
17
100
AcDbEntity
  8
ENG_L
100
AcDbPolyline
 90
4
 70
1
 10
198.29077775393054
 20
136.56284165988296
 10
197.44916276094966
 20
135.72122666690188
 10
197.44916276094966
 20
137.40445665286362
 10
198.29077775393054
 20
136.56284165988296
  0
LWPOLYLINE
  5
3F
330
17
100
AcDbEntity
  8
ENG_L
100
AcDbPolyline
 90
4
 70
1
 10
196.95615611235803
 20
135.22822001831025
 10
196.95615611235803
 20
136.91145000427196
 10
197.79777110533888
 20
136.06983501129133
 10
196.95615611235803
 20
135.22822001831025
  0
LWPOLYLINE
  5
40
330
17
100
AcDbEntity
  8
ENG_L
100
AcDbPolyline
 90
4
 70
1
 10
196.46314946376643
 20
136.41844335568032
 10
197.30476445674722
 20
135.5768283626997
 10
196.46314946376643
 20
134.7352133697185
 10
196.46314946376643
 20
136.41844335568032
  0
LWPOLYLINE
  5
41
330
17
100
AcDbEntity
  8
ENG_L
100
AcDbPolyline
 90
4
 70
1
 10
196.81175780815553
 20
134.5908150655163
 10
195.97014281517477
 20
133.74920007253533
 10
195.97014281517477
 20
135.43243005849726
 10
196.81175780815553
 20
134.5908150655163
  0
LWPOLYLINE
  5
42
330
17
100
AcDbEntity
  8
ENG_L
100
AcDbPolyline
 90
6
 70
1
 10
194.7376261936957
 20
137.4467499369727
 10
194.7376261936957
 20
139.1299799229343
 10
195.80678832633
 20
140.19914205556873
 10
196.7393713315636
 20
138.02311504335708
 10
195.77257998996905
 20
136.41179614069944
 10
194.7376261936957
 20
137.4467499369727
  0
LWPOLYLINE
  5
43
330
17
100
AcDbEntity
  8
ENG_L
100
AcDbPolyline
 90
5
 70
1
 10
195.83136539367612
 20
134.30763933981527
 10
196.312147908466
 20
132.8652917954456
 10
195.23063284228732
 20
132.8652917954456
 10
195.23063284228732
 20
133.70690678842635
 10
195.83136539367612
 20
134.30763933981527
  0
LWPOLYLINE
  5
44
330
17
100
AcDbEntity
  8
ENG_L
100
AcDbPolyline
 90
10
 70
1
 10
195.89327445944426
 20
132.55125852267767
 10
194.9072611622611
 20
132.05825187408615
 10
195.29452627537353
 20
131.67098676097376
 10
194.05814951415064
 20
129.61035882560225
 10
193.74747725177525
 20
133.64909823648242
 10
195.35534365988775
 20
137.18640433432995
 10
195.73859242487504
 20
134.50366297941906
 10
195.23063284228735
 20
133.99570339683132
 10
195.23063284228735
 20
133.2139001398347
 10
195.89327445944426
 20
132.55125852267767
  0
LWPOLYLINE
  5
45
330
17
100
AcDbEntity
  8
ENG_L
100
AcDbPolyline
 90
4
 70
1
 10
193.50510957221658
 20
130.50236357258072
 10
194.34672456519743
 20
129.6607485796001
 10
193.50510957221658
 20
128.81913358661902
 10
193.50510957221658
 20
130.50236357258072
  0
LWPOLYLINE
  5
46
330
17
100
AcDbEntity
  8
ENG_L
100
AcDbPolyline
 90
9
 70
1
 10
187.86077042838917
 20
146.553997282728
 10
187.35235056232858
 20
143.50347808636442
 10
187.98788054616742
 20
142.2324181186867
 10
186.44047314696363
 20
142.2324181186867
 10
184.8316827040743
 20
145.98626248542845
 10
185.2683948503613
 20
146.4229746317155
 10
184.84196647116707
 20
146.84940301090975
 10
185.23057172843184
 20
148.0152187827044
 10
187.86077042838917
 20
146.553997282728
  0
LWPOLYLINE
  5
47
330
17
100
AcDbEntity
  8
ENG_L
100
AcDbPolyline
 90
4
 70
1
 10
186.6030164919337
 20
140.65129315281843
 10
186.6030164919337
 20
142.33452313877993
 10
187.4446314849146
 20
141.4929081457992
 10
186.6030164919337
 20
140.65129315281843
  0
LWPOLYLINE
  5
48
330
17
100
AcDbEntity
  8
ENG_L
100
AcDbPolyline
 90
4
 70
1
 10
184.97447949863616
 20
152.38471716796965
 10
186.51241555875347
 20
152.89736252134213
 10
187.0250609121259
 20
151.359426461225
 10
184.97447949863616
 20
152.38471716796965
  0
LWPOLYLINE
  5
49
330
17
100
AcDbEntity
  8
ENG_L
100
AcDbPolyline
 90
5
 70
1
 10
186.39423056423377
 20
149.1345111989696
 10
185.3704998704546
 20
149.1345111989696
 10
185.3704998704546
 20
150.96213948913373
 10
186.03781069124088
 20
151.6294503099198
 10
186.39423056423377
 20
149.1345111989696
  0
LWPOLYLINE
  5
4A
330
17
100
AcDbEntity
  8
ENG_L
100
AcDbPolyline
 90
4
 70
1
 10
184.13798324897553
 20
238.26660957396228
 10
184.13798324897553
 20
239.94983955992356
 10
184.97959824195644
 20
239.1082245669429
 10
184.13798324897553
 20
238.26660957396228
  0
LWPOLYLINE
  5
4B
330
17
100
AcDbEntity
  8
ENG_L
100
AcDbPolyline
 90
17
 70
1
 10
180.8468607723874
 20
111.92803498965188
 10
179.82445322999808
 20
112.26883750378147
 10
180.85944127600553
 20
113.99381758046067
 10
182.85206169804914
 20
112.57051727900091
 10
183.3984732760881
 20
111.47769412292308
 10
183.3984732760881
 20
109.50566752855639
 10
183.94491211178197
 20
108.41278985716862
 10
183.7470816204772
 20
108.21495936586378
 10
185.22610156625214
 20
108.21495936586378
 10
183.9841443896378
 20
106.97300218924954
 10
181.0952891731005
 20
107.23562539075282
 10
177.9285110802346
 20
109.34681078599684
 10
178.29073724641103
 20
110.43348928452612
 10
180.3383283644449
 20
110.43348928452612
 10
181.32434166162818
 20
111.41950258170941
 10
180.83133501303652
 20
111.91250923030094
 10
180.8468607723874
 20
111.92803498965188
  0
LWPOLYLINE
  5
4C
330
17
100
AcDbEntity
  8
ENG_L
100
AcDbPolyline
 90
4
 70
1
 10
183.6449766003839
 20
241.42885950569837
 10
184.4865915933648
 20
240.58724451271775
 10
183.6449766003839
 20
239.7456295197371
 10
183.6449766003839
 20
241.42885950569837
  0
LWPOLYLINE
  5
4D
330
17
100
AcDbEntity
  8
ENG_L
100
AcDbPolyline
 90
6
 70
1
 10
181.49813348324992
 20
28.392820474044676
 10
180.88998867680363
 20
29.609110086937342
 10
182.9674335056113
 20
32.28011058111857
 10
183.92619217651588
 20
30.043007015674526
 10
182.50722711533214
 20
28.056455930017155
 10
181.49813348324992
 20
28.392820474044676
  0
LWPOLYLINE
  5
4E
330
17
100
AcDbEntity
  8
ENG_L
100
AcDbPolyline
 90
5
 70
1
 10
182.90546662749645
 20
240.83374783701373
 10
182.90546662749645
 20
242.16836947858587
 10
183.54985942881484
 20
242.81276227990455
 10
183.94566231739302
 20
240.83374783701373
 10
182.90546662749645
 20
240.83374783701373
  0
LWPOLYLINE
  5
4F
330
17
100
AcDbEntity
  8
ENG_L
100
AcDbPolyline
 90
4
 70
1
 10
182.5145649989981
 20
251.43339078173344
 10
181.67295000601735
 20
250.591775788753
 10
181.67295000601735
 20
252.27500577471494
 10
182.5145649989981
 20
251.43339078173344
  0
LWPOLYLINE
  5
50
330
17
100
AcDbEntity
  8
ENG_L
100
AcDbPolyline
 90
4
 70
1
 10
181.17994335742574
 20
245.66170930283616
 10
181.17994335742574
 20
247.3449392887981
 10
182.0215583504065
 20
246.50332429581766
 10
181.17994335742574
 20
245.66170930283616
  0
LWPOLYLINE
  5
51
330
17
100
AcDbEntity
  8
ENG_L
100
AcDbPolyline
 90
9
 70
1
 10
180.9821128661211
 20
251.87296524322323
 10
179.0716530767245
 20
252.82819513792143
 10
178.5598744508895
 20
251.80463788625153
 10
176.49638019580522
 20
253.27856235416868
 10
176.49638019580522
 20
254.51828569521507
 10
178.46840679017177
 20
255.9268761197624
 10
180.38702845509098
 20
254.55643207339173
 10
181.47987886882387
 20
252.37073124592578
 10
180.9821128661211
 20
251.87296524322323
  0
LWPOLYLINE
  5
52
330
17
100
AcDbEntity
  8
ENG_L
100
AcDbPolyline
 90
6
 70
1
 10
180.5249833272376
 20
245.91862120072426
 10
178.96141343876337
 20
246.85676313380878
 10
178.96141343876337
 20
248.0506217097287
 10
179.92948674019792
 20
249.66407721211948
 10
181.4744705412179
 20
247.50109989069168
 10
180.5249833272376
 20
245.91862120072426
  0
LWPOLYLINE
  5
53
330
17
100
AcDbEntity
  8
ENG_L
100
AcDbPolyline
 90
4
 70
1
 10
180.54253840463164
 20
105.99642944720134
 10
179.70092341165085
 20
105.1548144542207
 10
179.70092341165085
 20
106.83804444018253
 10
180.54253840463164
 20
105.99642944720134
  0
LWPOLYLINE
  5
54
330
17
100
AcDbEntity
  8
ENG_L
100
AcDbPolyline
 90
4
 70
1
 10
180.04953175604004
 20
106.48943609579298
 10
179.2079167630592
 20
105.64782110281234
 10
179.2079167630592
 20
107.33105108877406
 10
180.04953175604004
 20
106.48943609579298
  0
LWPOLYLINE
  5
55
330
17
100
AcDbEntity
  8
ENG_L
100
AcDbPolyline
 90
8
 70
1
 10
179.40101515790775
 20
242.72427250719252
 10
179.9819182839512
 20
241.56246625510548
 10
179.11668477272667
 20
240.12041040306477
 10
177.6771178869493
 20
239.83249702590936
 10
176.00337354721358
 20
240.94832658573307
 10
176.00337354721358
 20
242.14526015947823
 10
177.42508263420467
 20
244.13565288126594
 10
179.40101515790775
 20
242.72427250719252
  0
LWPOLYLINE
  5
56
330
17
100
AcDbEntity
  8
ENG_L
100
AcDbPolyline
 90
4
 70
1
 10
178.22190346587593
 20
113.04292083168687
 10
178.22190346587593
 20
114.72615081764836
 10
179.0635184588568
 20
113.88453582466762
 10
178.22190346587593
 20
113.04292083168687
  0
LWPOLYLINE
  5
57
330
17
100
AcDbEntity
  8
ENG_L
100
AcDbPolyline
 90
4
 70
1
 10
178.57051181026506
 20
255.87045061905877
 10
177.7288968172843
 20
255.02883562607727
 10
177.7288968172843
 20
256.71206561203917
 10
178.57051181026506
 20
255.87045061905877
  0
LWPOLYLINE
  5
58
330
17
100
AcDbEntity
  8
ENG_L
100
AcDbPolyline
 90
4
 70
1
 10
178.07750516167357
 20
256.36345726765006
 10
177.23589016869266
 20
255.52184227466944
 10
177.23589016869266
 20
257.20507226063074
 10
178.07750516167357
 20
256.36345726765006
  0
LWPOLYLINE
  5
59
330
17
100
AcDbEntity
  8
ENG_L
100
AcDbPolyline
 90
7
 70
1
 10
175.30379951220135
 20
246.70729792967893
 10
177.48239349298848
 20
245.15115937197396
 10
177.48239349298848
 20
244.23061198444174
 10
176.196746664252
 20
244.48774135018914
 10
175.95895461020856
 20
243.29878107997183
 10
174.99393434404612
 20
243.29878107997183
 10
175.30379951220135
 20
246.70729792967893
  0
LWPOLYLINE
  5
5A
330
17
100
AcDbEntity
  8
ENG_L
100
AcDbPolyline
 90
5
 70
1
 10
177.86893330823315
 20
256.35507146400414
 10
177.8547706451227
 20
256.32440232420174
 10
174.45282561300766
 20
257.1748885822307
 10
174.8890494071824
 20
258.48355996475505
 10
177.86893330823315
 20
256.35507146400414
  0
LWPOLYLINE
  5
5B
330
17
100
AcDbEntity
  8
ENG_L
100
AcDbPolyline
 90
4
 70
1
 10
176.72899321347217
 20
115.36355577044255
 10
174.77085692573448
 20
114.18867399779997
 10
174.77085692573448
 20
116.53843754308512
 10
176.72899321347217
 20
115.36355577044255
  0
LWPOLYLINE
  5
5C
330
17
100
AcDbEntity
  8
ENG_L
100
AcDbPolyline
 90
4
 70
1
 10
175.75687022291774
 20
241.71765611410368
 10
175.75687022291774
 20
243.40088610006495
 10
176.59848521589865
 20
242.5592711070843
 10
175.75687022291774
 20
241.71765611410368
  0
LWPOLYLINE
  5
5D
330
17
100
AcDbEntity
  8
ENG_L
100
AcDbPolyline
 90
5
 70
1
 10
176.09887531620896
 20
251.67989410602965
 10
175.0173602500303
 20
251.67989410602965
 10
175.0173602500303
 20
252.52150909901027
 10
175.61809280141907
 20
253.1222416503991
 10
176.09887531620896
 20
251.67989410602965
  0
LWPOLYLINE
  5
5E
330
17
100
AcDbEntity
  8
ENG_L
100
AcDbPolyline
 90
6
 70
1
 10
172.91702281281584
 20
119.9486917105056
 10
174.963955320583
 20
118.4865970621004
 10
175.54485844662645
 20
117.32479081001368
 10
174.5305214366354
 20
115.63422912669508
 10
172.5278742745453
 20
118.78124609569385
 10
172.91702281281584
 20
119.9486917105056
  0
LWPOLYLINE
  5
5F
330
17
100
AcDbEntity
  8
ENG_L
100
AcDbPolyline
 90
21
 70
1
 10
172.4621145105808
 20
245.5276958621506
 10
170.6508599871837
 20
245.78644650835014
 10
169.59428711552232
 20
248.4278786875036
 10
169.59428711552232
 20
249.80202340320412
 10
168.5240582287517
 20
250.3371378465893
 10
169.07218469632392
 20
251.43339078173366
 10
168.50719049620724
 20
252.56337918196704
 10
169.710417158914
 20
252.96445473620244
 10
171.0733070612972
 20
250.51125291191266
 10
171.0733070612972
 20
248.5543465911695
 10
171.85921931107845
 20
247.45406944147595
 10
172.05378716810978
 20
250.372587296946
 10
170.57273154111408
 20
252.34732813294025
 10
170.87546457259768
 20
255.67739147925982
 10
172.55232700707214
 20
254.00052904478554
 10
172.55232700707214
 20
253.01451574760202
 10
173.04533365566377
 20
252.52150909901027
 10
173.04533365566377
 20
249.01895424464482
 10
174.5413408555436
 20
245.52827077825845
 10
174.16314290661185
 20
244.39367693146318
 10
172.4621145105808
 20
245.5276958621506
  0
LWPOLYLINE
  5
60
330
17
100
AcDbEntity
  8
ENG_L
100
AcDbPolyline
 90
4
 70
1
 10
169.3477837912265
 20
258.191085557814
 10
170.1893987842074
 20
257.3494705648334
 10
169.3477837912265
 20
256.50785557185276
 10
169.3477837912265
 20
258.191085557814
  0
LWPOLYLINE
  5
61
330
17
100
AcDbEntity
  8
ENG_L
100
AcDbPolyline
 90
5
 70
1
 10
168.60827381833903
 20
245.6194160187275
 10
169.74567326824908
 20
246.75681546863748
 10
170.14147615682725
 20
244.77780102574664
 10
168.60827381833903
 20
244.77780102574664
 10
168.60827381833903
 20
245.6194160187275
  0
LWPOLYLINE
  5
62
330
17
100
AcDbEntity
  8
ENG_L
100
AcDbPolyline
 90
4
 70
1
 10
169.69639213561564
 20
257.8424772134247
 10
168.85477714263487
 20
257.0008622204443
 10
168.85477714263487
 20
258.6840922064062
 10
169.69639213561564
 20
257.8424772134247
  0
LWPOLYLINE
  5
63
330
17
100
AcDbEntity
  8
ENG_L
100
AcDbPolyline
 90
16
 70
1
 10
166.40564215678094
 20
257.18917400352683
 10
166.73835224406596
 20
256.85646391624164
 10
166.14324057538087
 20
256.2613522475568
 10
166.14324057538087
 20
255.13094064617104
 10
164.80861893380828
 20
255.13094064617104
 10
164.17121398101435
 20
255.76834559896523
 10
164.17121398101435
 20
257.0088113489961
 10
165.07301168861036
 20
257.4597102027942
 10
164.5372953505296
 20
258.53114287895585
 10
166.47352833115022
 20
258.80774759047307
 10
167.01901423460305
 20
259.8987193973787
 10
168.31683231401757
 20
259.24981035767127
 10
168.62791252311985
 20
258.3165697303647
 10
168.0435803682192
 20
257.1479054205634
 10
167.11033974091225
 20
256.836825211461
 10
166.40564215678094
 20
257.18917400352683
  0
LWPOLYLINE
  5
64
330
17
100
AcDbEntity
  8
ENG_L
100
AcDbPolyline
 90
5
 70
1
 10
167.76709722942033
 20
253.72530697905415
 10
165.94986745834245
 20
253.3618610248387
 10
165.61234426747086
 20
255.0494769791962
 10
166.74588673569093
 20
255.42732446860316
 10
167.76709722942033
 20
253.72530697905415
  0
LWPOLYLINE
  5
65
330
17
100
AcDbEntity
  8
ENG_L
100
AcDbPolyline
 90
4
 70
1
 10
166.3897438996767
 20
255.52184227466944
 10
166.3897438996767
 20
257.20507226063074
 10
167.23135889265762
 20
256.36345726765006
 10
166.3897438996767
 20
255.52184227466944
  0
LWPOLYLINE
  5
66
330
17
100
AcDbEntity
  8
ENG_L
100
AcDbPolyline
 90
5
 70
1
 10
164.6173315682605
 20
252.8117455261627
 10
165.02054890308642
 20
254.02139753064068
 10
166.63624722397253
 20
253.0519785381089
 10
166.63624722397253
 20
251.4658017556879
 10
164.6173315682605
 20
252.8117455261627
  0
LWPOLYLINE
  5
67
330
17
100
AcDbEntity
  8
ENG_L
100
AcDbPolyline
 90
5
 70
1
 10
166.69042961668583
 20
134.34431174122054
 10
165.65023392678924
 20
134.34431174122054
 10
165.65023392678924
 20
135.67893338279302
 10
166.29462672810766
 20
136.32332618411124
 10
166.69042961668583
 20
134.34431174122054
  0
LWPOLYLINE
  5
68
330
17
100
AcDbEntity
  8
ENG_L
100
AcDbPolyline
 90
4
 70
1
 10
165.89673725108506
 20
263.61415869232195
 10
166.73835224406596
 20
262.7725436993413
 10
165.89673725108506
 20
261.9309287063607
 10
165.89673725108506
 20
263.61415869232195
  0
LWPOLYLINE
  5
69
330
17
100
AcDbEntity
  8
ENG_L
100
AcDbPolyline
 90
5
 70
1
 10
166.2387423443763
 20
136.3163383355871
 10
165.15722727819758
 20
136.3163383355871
 10
165.15722727819758
 20
137.15795332856794
 10
165.7579598295864
 20
137.75868587995666
 10
166.2387423443763
 20
136.3163383355871
  0
LWPOLYLINE
  5
6A
330
17
100
AcDbEntity
  8
ENG_L
100
AcDbPolyline
 90
9
 70
1
 10
163.5566782171235
 20
243.52586030906198
 10
164.69136267893177
 20
243.7527972014235
 10
165.0375197146919
 20
246.17589645174442
 10
166.17795282721704
 20
243.51488585585247
 10
164.79107565153754
 20
241.573257809901
 10
163.7803123525162
 20
241.573257809901
 10
162.5408078825127
 20
240.33375333989747
 10
162.17810177675378
 20
242.147283868692
 10
163.5566782171235
 20
243.52586030906198
  0
LWPOLYLINE
  5
6B
330
17
100
AcDbEntity
  8
ENG_L
100
AcDbPolyline
 90
4
 70
1
 10
166.2453455954742
 20
263.2655503479326
 10
165.40373060249343
 20
262.4239353549522
 10
165.40373060249343
 20
264.10716534091415
 10
166.2453455954742
 20
263.2655503479326
  0
LWPOLYLINE
  5
6C
330
17
100
AcDbEntity
  8
ENG_L
100
AcDbPolyline
 90
4
 70
1
 10
164.7663256496993
 20
264.25156364511594
 10
163.9247106567185
 20
263.40994865213554
 10
163.9247106567185
 20
265.09317863809747
 10
164.7663256496993
 20
264.25156364511594
  0
LWPOLYLINE
  5
6D
330
17
100
AcDbEntity
  8
ENG_L
100
AcDbPolyline
 90
5
 70
1
 10
159.7130685337956
 20
243.62630381446704
 10
160.82789334367004
 20
244.74112862434148
 10
161.2363768289274
 20
243.51567816856945
 10
160.11048945446322
 20
241.6391992111291
 10
159.7130685337956
 20
243.62630381446704
  0
LWPOLYLINE
  5
6E
330
17
100
AcDbEntity
  8
ENG_L
100
AcDbPolyline
 90
5
 70
1
 10
159.73415414368964
 20
134.69292008560961
 10
160.33488669507847
 20
135.29365263699856
 10
160.81566920986828
 20
133.85130509262888
 10
159.73415414368964
 20
133.85130509262888
 10
159.73415414368964
 20
134.69292008560961
  0
LWPOLYLINE
  5
6F
330
17
100
AcDbEntity
  8
ENG_L
100
AcDbPolyline
 90
16
 70
1
 10
160.22716079228127
 20
240.4553199371413
 10
158.70874544955524
 20
239.4430430419907
 10
158.4328037416754
 20
238.6152179183514
 10
156.87821927223337
 20
238.6152179183514
 10
156.37363685956566
 20
238.1106355056837
 10
153.81807436059
 20
238.39458689445857
 10
153.81807436059
 20
239.2314762290908
 10
155.85007280296904
 20
240.75547506087491
 10
156.5964456239038
 20
241.99942976243284
 10
157.78830008826162
 20
242.7145424410475
 10
158.25025247006062
 20
245.0243043500424
 10
158.26001592576887
 20
245.0243043500424
 10
158.8995269992331
 20
241.82674898272128
 10
159.7341541436896
 20
242.66137612717787
 10
160.22716079228127
 20
242.16836947858587
 10
160.22716079228127
 20
240.4553199371413
  0
LWPOLYLINE
  5
70
330
17
100
AcDbEntity
  8
ENG_L
100
AcDbPolyline
 90
12
 70
1
 10
156.7439767844988
 20
247.62561629193502
 10
157.83018293808658
 20
248.16871936872874
 10
159.096104113543
 20
250.44737748455037
 10
159.94794534335395
 20
250.44737748455037
 10
160.24211372627735
 20
248.38819880408636
 10
159.73415414368964
 20
247.88023922149893
 10
159.73415414368964
 20
246.40121927572412
 10
159.17361754662602
 20
245.84068267866033
 10
158.59579341375164
 20
246.99633094440898
 10
158.35723921800823
 20
246.99633094440898
 10
157.1177347480047
 20
245.75682647440544
 10
156.7439767844988
 20
247.62561629193502
  0
LWPOLYLINE
  5
71
330
17
100
AcDbEntity
  8
ENG_L
100
AcDbPolyline
 90
4
 70
1
 10
158.99464417080216
 20
267.84700848945977
 10
158.99464417080216
 20
269.5302384754217
 10
159.83625916378293
 20
268.68862348244124
 10
158.99464417080216
 20
267.84700848945977
  0
LWPOLYLINE
  5
72
330
17
100
AcDbEntity
  8
ENG_L
100
AcDbPolyline
 90
4
 70
1
 10
159.34325251519144
 20
269.1816301310326
 10
158.50163752221053
 20
268.34001513805197
 10
158.50163752221053
 20
270.0232451240132
 10
159.34325251519144
 20
269.1816301310326
  0
LWPOLYLINE
  5
73
330
17
100
AcDbEntity
  8
ENG_L
100
AcDbPolyline
 90
5
 70
1
 10
158.25513419791474
 20
243.79178772856335
 10
158.25513419791474
 20
245.6194160187275
 10
158.92244501870096
 20
246.2867268395137
 10
159.27886489169384
 20
243.79178772856335
 10
158.25513419791474
 20
243.79178772856335
  0
LWPOLYLINE
  5
74
330
17
100
AcDbEntity
  8
ENG_L
100
AcDbPolyline
 90
4
 70
1
 10
157.51562422502727
 20
270.5162517726054
 10
158.35723921800803
 20
269.6746367796239
 10
157.51562422502727
 20
268.8330217866435
 10
157.51562422502727
 20
270.5162517726054
  0
LWPOLYLINE
  5
75
330
17
100
AcDbEntity
  8
ENG_L
100
AcDbPolyline
 90
4
 70
1
 10
156.529610927844
 20
269.326028435235
 10
156.529610927844
 20
271.0092584211967
 10
157.37122592082488
 20
270.16764342821585
 10
156.529610927844
 20
269.326028435235
  0
LWPOLYLINE
  5
76
330
17
100
AcDbEntity
  8
ENG_L
100
AcDbPolyline
 90
4
 70
1
 10
156.529610927844
 20
269.5302384754219
 10
157.3712259208247
 20
268.68862348244124
 10
156.529610927844
 20
267.84700848945977
 10
156.529610927844
 20
269.5302384754219
  0
LWPOLYLINE
  5
77
330
17
100
AcDbEntity
  8
ENG_L
100
AcDbPolyline
 90
5
 70
1
 10
155.58027003206607
 20
134.69854096831347
 10
156.84269252153723
 20
135.119348464804
 10
157.4789518236219
 20
134.48308916271912
 10
156.2165293341508
 20
134.06228166622859
 10
155.58027003206607
 20
134.69854096831347
  0
LWPOLYLINE
  5
78
330
17
100
AcDbEntity
  8
ENG_L
100
AcDbPolyline
 90
4
 70
1
 10
156.03660427925237
 20
243.19667605987848
 10
156.03660427925237
 20
244.8799060458404
 10
156.87821927223314
 20
244.0382910528589
 10
156.03660427925237
 20
243.19667605987848
  0
LWPOLYLINE
  5
79
330
17
100
AcDbEntity
  8
ENG_L
100
AcDbPolyline
 90
5
 70
1
 10
154.05758983636179
 20
270.8120362295343
 10
155.87112036515597
 20
271.1747423352933
 10
156.53659877636835
 20
270.5092639240809
 10
154.72306824757393
 20
270.14655781832175
 10
154.05758983636179
 20
270.8120362295343
  0
LWPOLYLINE
  5
7A
330
17
100
AcDbEntity
  8
ENG_L
100
AcDbPolyline
 90
5
 70
1
 10
152.2580350046157
 20
270.6395644669135
 10
151.59255659340323
 20
271.30504287812585
 10
153.40608712219782
 20
271.6677489838848
 10
154.07156553341025
 20
271.00227057267244
 10
152.2580350046157
 20
270.6395644669135
  0
LWPOLYLINE
  5
7B
330
17
100
AcDbEntity
  8
ENG_L
100
AcDbPolyline
 90
4
 70
1
 10
153.42717273209178
 20
129.16774193100844
 10
152.58555773911093
 20
128.32612693802736
 10
152.58555773911093
 20
130.00935692398906
 10
153.42717273209178
 20
129.16774193100844
  0
LWPOLYLINE
  5
7C
330
17
100
AcDbEntity
  8
ENG_L
100
AcDbPolyline
 90
7
 70
1
 10
151.25195779550006
 20
237.4852295181178
 10
152.34718903268276
 20
239.6756919924834
 10
152.75955967591224
 20
242.5622864950898
 10
152.98481611298251
 20
242.55494897039932
 10
153.33303713582174
 20
238.0280756734896
 10
152.40563268421266
 20
237.1006712218804
 10
151.25195779550006
 20
237.4852295181178
  0
LWPOLYLINE
  5
7D
330
17
100
AcDbEntity
  8
ENG_L
100
AcDbPolyline
 90
4
 70
1
 10
152.93416608350014
 20
129.6607485796001
 10
152.09255109051927
 20
128.81913358661902
 10
152.09255109051927
 20
130.50236357258072
 10
152.93416608350014
 20
129.6607485796001
  0
LWPOLYLINE
  5
7E
330
17
100
AcDbEntity
  8
ENG_L
100
AcDbPolyline
 90
55
 70
1
 10
125.86904282362154
 20
267.70261018525775
 10
124.8327871137771
 20
267.70261018525775
 10
124.33978046518546
 20
267.209603536666
 10
122.65655047922353
 20
267.209603536666
 10
121.59332035215503
 20
268.27283366373456
 10
124.67728720711207
 20
269.6746367796241
 10
126.11851452493423
 20
269.6746367796241
 10
129.56956106507567
 20
272.63267667117395
 10
132.56059692993634
 20
272.63267667117395
 10
136.50465011866942
 20
274.60470326554054
 10
140.6089998687094
 20
274.60470326554054
 10
141.10200651730105
 20
274.1116966169488
 10
149.48311954335875
 20
274.1116966169488
 10
150.50776407621032
 20
273.0870520840973
 10
152.47114608057217
 20
272.2456026536566
 10
151.00396388808187
 20
270.19154758417005
 10
148.51653034138124
 20
269.6940608748299
 10
148.00409959758392
 20
269.1816301310326
 10
146.49760983293217
 20
269.1816301310326
 10
145.01858988715728
 20
268.1956168338493
 10
143.80559395600258
 20
268.1956168338493
 10
143.31258730741098
 20
269.1816301310326
 10
143.10385266715056
 20
269.1816301310326
 10
142.1077995633298
 20
267.6875504753016
 10
139.1759240070359
 20
268.0133144260009
 10
142.72745026544223
 20
271.05747979034913
 10
142.49783557463434
 20
271.1340180206183
 10
140.66429156361176
 20
270.2172460151071
 10
134.059492693579
 20
262.144714062845
 10
132.5246325796086
 20
259.07499383490415
 10
131.74735392268576
 20
259.07499383490415
 10
130.6467618767832
 20
260.7258819037579
 10
130.6467618767832
 20
263.3888020100807
 10
132.67083656789714
 20
264.9068580284164
 10
133.64558889776615
 20
266.8563626881544
 10
137.90180721399702
 20
271.6133125710005
 10
138.46956679631404
 20
271.8025657651062
 10
138.36762348852056
 20
272.10839568848667
 10
135.7411709039914
 20
271.6706535910651
 10
135.2750252626316
 20
270.7383623083457
 10
129.34549800607266
 20
266.78534413730625
 10
128.28239383517118
 20
265.1906878809538
 10
127.19571533664173
 20
265.5529140471307
 10
127.19571533664173
 20
266.8309248713563
 10
130.51009251763057
 20
269.6353978706545
 10
132.4727699721761
 20
270.6167365979273
 10
133.50269674823954
 20
271.6466633739907
 10
132.27812925531276
 20
271.6466633739907
 10
131.78512260672116
 20
270.6606500768076
 10
130.74886689687673
 20
270.6606500768076
 10
130.2558602482851
 20
270.16764342821585
 10
128.77684030251015
 20
270.16764342821585
 10
127.82187852402846
 20
269.21268164973424
 10
126.38451856222608
 20
268.73356166246685
 10
125.86904282362154
 20
267.70261018525775
  0
LWPOLYLINE
  5
7F
330
17
100
AcDbEntity
  8
ENG_L
100
AcDbPolyline
 90
5
 70
1
 10
145.83446621412847
 20
272.3861733468782
 10
143.61537998306719
 20
272.3861733468782
 10
144.0262188568938
 20
272.1396700225822
 10
145.75229843936313
 20
272.1396700225822
 10
145.83446621412847
 20
272.3861733468782
  0
LWPOLYLINE
  5
80
330
17
100
AcDbEntity
  8
ENG_L
100
AcDbPolyline
 90
6
 70
1
 10
150.98688949097175
 20
262.2795370507496
 10
152.57155371858767
 20
260.06100713208747
 10
150.53889594352773
 20
260.06100713208747
 10
148.84111881332817
 20
261.1928585522203
 10
149.20334497950458
 20
262.2795370507496
 10
150.98688949097175
 20
262.2795370507496
  0
LWPOLYLINE
  5
81
330
17
100
AcDbEntity
  8
ENG_L
100
AcDbPolyline
 90
4
 70
1
 10
150.12052449615274
 20
238.47081961414918
 10
150.9621394891335
 20
237.62920462116764
 10
150.12052449615274
 20
236.78758962818725
 10
150.12052449615274
 20
238.47081961414918
  0
LWPOLYLINE
  5
82
330
17
100
AcDbEntity
  8
ENG_L
100
AcDbPolyline
 90
4
 70
1
 10
147.16248460460292
 20
243.8938927486567
 10
148.00409959758372
 20
243.05227775567627
 10
147.16248460460292
 20
242.21066276269477
 10
147.16248460460292
 20
243.8938927486567
  0
LWPOLYLINE
  5
83
330
17
100
AcDbEntity
  8
ENG_L
100
AcDbPolyline
 90
4
 70
1
 10
146.1764713074197
 20
244.8799060458404
 10
147.01808630040046
 20
244.0382910528589
 10
146.1764713074197
 20
243.19667605987848
 10
146.1764713074197
 20
244.8799060458404
  0
LWPOLYLINE
  5
84
330
17
100
AcDbEntity
  8
ENG_L
100
AcDbPolyline
 90
4
 70
1
 10
145.68346465882803
 20
244.18268935706178
 10
145.68346465882803
 20
245.8659193430237
 10
146.5250796518088
 20
245.0243043500422
 10
145.68346465882803
 20
244.18268935706178
  0
LWPOLYLINE
  5
85
330
17
100
AcDbEntity
  8
ENG_L
100
AcDbPolyline
 90
10
 70
1
 10
142.8489466231809
 20
237.02636097120333
 10
143.95794138875732
 20
238.68985311956803
 10
143.95794138875732
 20
239.77890075929497
 10
145.09985707705616
 20
240.15953932206125
 10
145.456600039313
 20
239.0893104352909
 10
145.02817027552783
 20
238.2324509077205
 10
145.92996798312384
 20
237.78155205392238
 10
145.92996798312384
 20
237.034092952483
 10
145.00024918824533
 20
236.10437415760433
 10
142.8489466231809
 20
237.02636097120333
  0
LWPOLYLINE
  5
86
330
17
100
AcDbEntity
  8
ENG_L
100
AcDbPolyline
 90
16
 70
1
 10
140.9999014972075
 20
239.3547278912387
 10
140.9999014972075
 20
243.11615318303836
 10
142.53557363974974
 20
245.88036303961425
 10
143.07965399437123
 20
244.24812197574974
 10
143.98899290745882
 20
245.1574608888374
 10
144.39599106150746
 20
246.37845535098336
 10
143.29529977160018
 20
246.92880099593694
 10
144.5077241326009
 20
248.14122535693772
 10
145.98924671435805
 20
245.47448470977494
 10
144.43685027597925
 20
243.92208827139595
 10
144.18370179291787
 20
242.1500488899664
 10
142.92325525858286
 20
241.5198256227986
 10
142.47892144298234
 20
241.9641594383992
 10
142.45949734777676
 20
241.9447353431936
 10
141.94149585738577
 20
239.3547278912387
 10
140.9999014972075
 20
239.3547278912387
  0
LWPOLYLINE
  5
87
330
17
100
AcDbEntity
  8
ENG_L
100
AcDbPolyline
 90
15
 70
1
 10
141.9859147943908
 20
28.176014170939844
 10
142.90318084234235
 20
26.80011509901248
 10
145.01858988715728
 20
25.38984240246922
 10
139.99046229404007
 20
25.38984240246922
 10
140.4974542934806
 20
30.96675439631491
 10
140.01388820002424
 20
31.450320489771254
 10
140.01388820002424
 20
33.726536491521905
 10
141.60085521008048
 20
34.04392989353322
 10
142.97192809157406
 20
32.124427859442136
 10
142.97192809157406
 20
31.26150324856369
 10
144.07947050405633
 20
31.039994766067338
 10
145.0775147104551
 20
30.041950559668628
 10
143.02830409312878
 20
28.5782286901497
 10
141.9859147943908
 20
28.786706549897346
 10
141.9859147943908
 20
28.176014170939844
  0
LWPOLYLINE
  5
88
330
17
100
AcDbEntity
  8
ENG_L
100
AcDbPolyline
 90
5
 70
1
 10
143.49122074345922
 20
268.87742649461853
 10
144.53290368317744
 20
267.141288261755
 10
142.52005424461674
 20
265.70353866278305
 10
141.33093221521077
 20
266.09991267258494
 10
143.49122074345922
 20
268.87742649461853
  0
LWPOLYLINE
  5
89
330
17
100
AcDbEntity
  8
ENG_L
100
AcDbPolyline
 90
4
 70
1
 10
143.21843141586987
 20
245.66170930283616
 10
143.21843141586987
 20
247.34493928879832
 10
144.06004640885058
 20
246.50332429581766
 10
143.21843141586987
 20
245.66170930283616
  0
LWPOLYLINE
  5
8A
330
17
100
AcDbEntity
  8
ENG_L
100
AcDbPolyline
 90
4
 70
1
 10
143.56703976025915
 20
246.0103176472257
 10
142.72542476727824
 20
245.16870265424507
 10
142.72542476727824
 20
246.85193264020631
 10
143.56703976025915
 20
246.0103176472257
  0
LWPOLYLINE
  5
8B
330
17
100
AcDbEntity
  8
ENG_L
100
AcDbPolyline
 90
4
 70
1
 10
142.72542476727824
 20
236.9917996683737
 10
143.56703976025915
 20
236.15018467539306
 10
142.72542476727824
 20
235.30856968241244
 10
142.72542476727824
 20
236.9917996683737
  0
LWPOLYLINE
  5
8C
330
17
100
AcDbEntity
  8
ENG_L
100
AcDbPolyline
 90
6
 70
1
 10
139.9331358238205
 20
112.20326073297183
 10
140.30532970434572
 20
113.31984237454773
 10
142.52759427597348
 20
114.43097466036146
 10
143.56703976025904
 20
113.39152917607598
 10
142.07306688048803
 20
111.89755629630504
 10
139.9331358238205
 20
112.20326073297183
  0
LWPOLYLINE
  5
8D
330
17
100
AcDbEntity
  8
ENG_L
100
AcDbPolyline
 90
4
 70
1
 10
140.7533981729117
 20
75.2856189303176
 10
141.5950131658926
 20
74.44400393733686
 10
140.7533981729117
 20
73.60238894435611
 10
140.7533981729117
 20
75.2856189303176
  0
LWPOLYLINE
  5
8E
330
17
100
AcDbEntity
  8
ENG_L
100
AcDbPolyline
 90
17
 70
1
 10
138.05595936702738
 20
238.49901513688798
 10
137.88907907221235
 20
239.6671772005934
 10
137.13485396433774
 20
238.53583953878154
 10
134.59081506551627
 20
239.94919448257136
 10
134.59081506551627
 20
241.61902796921387
 10
135.91974334984724
 20
245.07424150847436
 10
139.02787490284098
 20
244.2265692667487
 10
139.02787490284098
 20
241.13844270252315
 10
139.47696807255272
 20
240.24025636309943
 10
140.13541731532345
 20
239.58180712032885
 10
141.56856013641828
 20
239.29517855610993
 10
141.01954020198832
 20
237.64811875281987
 10
141.64525557855382
 20
236.39668799968882
 10
140.63283738895578
 20
236.39668799968882
 10
139.0047304081567
 20
238.4899684035735
 10
138.53486825424943
 20
238.02010624966607
 10
138.05595936702738
 20
238.49901513688798
  0
LWPOLYLINE
  5
8F
330
17
100
AcDbEntity
  8
ENG_L
100
AcDbPolyline
 90
5
 70
1
 10
140.31432005609503
 20
249.08183548502927
 10
139.99979043865457
 20
246.8801281629458
 10
138.70527604237608
 20
245.58561376666722
 10
139.04679993242863
 20
248.65932877714036
 10
140.31432005609503
 20
249.08183548502927
  0
LWPOLYLINE
  5
90
330
17
100
AcDbEntity
  8
ENG_L
100
AcDbPolyline
 90
4
 70
1
 10
139.2743782271368
 20
74.09539559294754
 10
139.2743782271368
 20
75.77862557890924
 10
140.11599322011764
 20
74.9370105859286
 10
139.2743782271368
 20
74.09539559294754
  0
LWPOLYLINE
  5
91
330
17
100
AcDbEntity
  8
ENG_L
100
AcDbPolyline
 90
4
 70
1
 10
138.78137157854513
 20
80.99748867323042
 10
138.78137157854513
 20
82.68071865919214
 10
139.62298657152598
 20
81.8391036662115
 10
138.78137157854513
 20
80.99748867323042
  0
LWPOLYLINE
  5
92
330
17
100
AcDbEntity
  8
ENG_L
100
AcDbPolyline
 90
4
 70
1
 10
138.6369732743428
 20
238.12221126975965
 10
137.79535828136187
 20
237.280596276779
 10
137.79535828136187
 20
238.96382626274027
 10
138.6369732743428
 20
238.12221126975965
  0
LWPOLYLINE
  5
93
330
17
100
AcDbEntity
  8
ENG_L
100
AcDbPolyline
 90
20
 70
1
 10
137.08868993086512
 20
252.11501418154958
 10
137.39746880433933
 20
253.6589085489205
 10
138.04186160565772
 20
253.01451574760202
 10
138.04186160565772
 20
247.88023922149893
 10
137.09033062286346
 20
246.92870823870462
 10
134.0978084169246
 20
248.83304055157484
 10
134.0978084169246
 20
249.35925916727396
 10
132.61878847114968
 20
250.83827911304857
 10
132.19236009195558
 20
250.41185073385464
 10
131.13976852537482
 20
250.7627145893816
 10
131.13976852537482
 20
253.3033123560069
 10
130.39327070396305
 20
254.0498101774187
 10
131.98508727401995
 20
254.36817349143004
 10
133.49517302044538
 20
256.3816211533305
 10
136.1463773464623
 20
256.00287767818554
 10
134.59081506551627
 20
255.22509653771232
 10
134.59081506551627
 20
254.5146823354314
 10
136.53958447802935
 20
253.05310527604652
 10
136.7497956490498
 20
252.0020494209445
 10
137.08868993086512
 20
252.11501418154958
  0
LWPOLYLINE
  5
94
330
17
100
AcDbEntity
  8
ENG_L
100
AcDbPolyline
 90
5
 70
1
 10
134.23448679203582
 20
251.80342392437672
 10
134.13333516762057
 20
251.49996905113105
 10
134.59081506551627
 20
251.04248915323546
 10
134.93277619492437
 20
251.38445028264366
 10
134.23448679203582
 20
251.80342392437672
  0
LWPOLYLINE
  5
95
330
17
100
AcDbEntity
  8
ENG_L
100
AcDbPolyline
 90
19
 70
1
 10
135.57682836269953
 20
27.21747069263325
 10
135.57682836269953
 20
29.00839656592058
 10
134.43681846882183
 20
30.604410417349293
 10
133.60480176833298
 20
30.881749317512195
 10
133.60480176833298
 20
31.654530529957924
 10
135.96772999119779
 20
34.017458752822805
 10
136.6649466799762
 20
34.017458752822805
 10
137.65095997715937
 20
33.03144545563952
 10
137.10928049557668
 20
32.48976597405684
 10
137.60228714416832
 20
31.503752676873553
 10
137.05584830847445
 20
30.957313841179612
 10
137.05584830847445
 20
27.01326065244658
 10
136.5628416598828
 20
26.520254003854937
 10
136.5628416598828
 20
25.041234058080008
 10
135.08382171410787
 20
23.562214112305078
 10
134.5201189769922
 20
24.12591684942067
 10
135.53887786486234
 20
25.65405518122588
 10
135.03038952700567
 20
26.671031856939308
 10
135.57682836269953
 20
27.21747069263325
  0
LWPOLYLINE
  5
96
330
17
100
AcDbEntity
  8
ENG_L
100
AcDbPolyline
 90
4
 70
1
 10
134.69292008560964
 20
23.664319132398305
 10
133.8513050926288
 20
22.82270413941767
 10
133.8513050926288
 20
24.50593412537938
 10
134.69292008560964
 20
23.664319132398305
  0
LWPOLYLINE
  5
97
330
17
100
AcDbEntity
  8
ENG_L
100
AcDbPolyline
 90
32
 70
1
 10
130.40025855248737
 20
238.31052305284172
 10
130.40025855248737
 20
237.6292046211681
 10
128.28383365391855
 20
237.6292046211681
 10
127.77925124125083
 20
237.1246222085004
 10
125.38336034924441
 20
237.39083230761216
 10
123.60425103909846
 20
238.5769051810427
 10
124.13557042499849
 20
239.1082245669429
 10
123.6284660150373
 20
239.61532897690407
 10
121.4962330098457
 20
239.91993369193153
 10
123.13957818185006
 20
241.56327886393592
 10
128.04606126454547
 20
242.0539271722053
 10
129.09228329722526
 20
243.51863801795724
 10
128.181728633825
 20
244.42919268135753
 10
128.181728633825
 20
245.41520597854083
 10
127.60156989913612
 20
245.99536471322958
 10
125.71669539086683
 20
245.72609692633395
 10
125.71669539086683
 20
247.21012214407347
 10
127.77587407133062
 20
247.50429052699664
 10
128.181728633825
 20
247.09843596450233
 10
128.5726302623232
 20
247.48933759300053
 10
129.86283296689072
 20
247.48933759300053
 10
130.1748408380856
 20
245.92929823702625
 10
129.76285359969336
 20
245.51731099863417
 10
130.15375522819156
 20
245.12640937013575
 10
130.15375522819156
 20
244.14039607295268
 10
132.5638488333964
 20
241.73030246774775
 10
133.604801768333
 20
240.16887306534306
 10
133.604801768333
 20
239.0061195468496
 10
132.6674613041409
 20
238.06877908265722
 10
131.63277517396645
 20
238.58612214774476
 10
130.5365222388221
 20
238.03799568017237
 10
130.40025855248737
 20
238.31052305284172
  0
LWPOLYLINE
  5
98
330
17
100
AcDbEntity
  8
ENG_L
100
AcDbPolyline
 90
5
 70
1
 10
129.42123310382846
 20
238.76660407107786
 10
130.25566081442943
 20
238.59971852895768
 10
130.00140779543685
 20
239.1082245669429
 10
129.76285359969341
 20
239.1082245669429
 10
129.42123310382846
 20
238.76660407107786
  0
LWPOLYLINE
  5
99
330
17
100
AcDbEntity
  8
ENG_L
100
AcDbPolyline
 90
5
 70
1
 10
127.58661696513987
 20
240.09423786412597
 10
127.92823746100484
 20
240.43585835999104
 10
127.44221866093756
 20
240.53306212000436
 10
127.44221866093756
 20
240.09423786412597
 10
127.58661696513987
 20
240.09423786412597
  0
LWPOLYLINE
  5
9A
330
17
100
AcDbEntity
  8
ENG_L
100
AcDbPolyline
 90
5
 70
1
 10
132.2068012327575
 20
23.685404742292416
 10
132.8722796439699
 20
23.019926331080185
 10
131.05874911517546
 20
22.65722022532124
 10
130.39327070396314
 20
23.32269863653369
 10
132.2068012327575
 20
23.685404742292416
  0
LWPOLYLINE
  5
9B
330
17
100
AcDbEntity
  8
ENG_L
100
AcDbPolyline
 90
5
 70
1
 10
131.68695756667975
 20
258.0889805377209
 10
130.15375522819153
 20
258.0889805377209
 10
130.15375522819153
 20
258.9305955307015
 10
131.29115467810158
 20
260.06799498061173
 10
131.68695756667975
 20
258.0889805377209
  0
LWPOLYLINE
  5
9C
330
17
100
AcDbEntity
  8
ENG_L
100
AcDbPolyline
 90
18
 70
1
 10
125.79440762240479
 20
111.11769948164141
 10
126.68747117412896
 20
112.45729480922762
 10
126.23813288245489
 20
114.70398626759804
 10
124.95831124831625
 20
115.34389708466742
 10
126.74092027505732
 20
116.41346250071194
 10
127.1467748375516
 20
116.00760793821763
 10
128.5351674718164
 20
118.32159566199229
 10
130.25586024828496
 20
118.32159566199229
 10
131.24187354546814
 20
117.33558236480913
 10
130.81639684534852
 20
116.91010566468951
 10
132.0287955457849
 20
116.30390631447129
 10
130.15375522819156
 20
115.67889287527345
 10
130.15375522819156
 20
113.80990062345097
 10
129.153391484738
 20
112.30935500827066
 10
128.63574475527682
 20
109.72112136096457
 10
124.73068209368355
 20
109.16325526645132
 10
124.73068209368355
 20
110.58583671728096
 10
125.79440762240479
 20
111.11769948164141
  0
LWPOLYLINE
  5
9D
330
17
100
AcDbEntity
  8
ENG_L
100
AcDbPolyline
 90
4
 70
1
 10
130.80266426789873
 20
77.96035193541361
 10
131.3153096212712
 20
76.42241587529641
 10
129.26472820778145
 20
77.44770658204125
 10
130.80266426789873
 20
77.96035193541361
  0
LWPOLYLINE
  5
9E
330
17
100
AcDbEntity
  8
ENG_L
100
AcDbPolyline
 90
11
 70
1
 10
123.6690168058812
 20
23.970371791823155
 10
124.06000590133122
 20
25.143339078173344
 10
125.30585651704057
 20
25.143339078173344
 10
127.27788311140709
 20
23.664319132398415
 10
129.7290260477364
 20
23.664319132398415
 10
131.6675923149919
 20
22.50117937204521
 10
128.26638281815025
 20
22.191978508695918
 10
126.53317954646606
 20
21.03650966090642
 10
126.22912613466411
 20
22.556776719916293
 10
125.10215962697616
 20
23.683743227604136
 10
123.6690168058812
 20
23.970371791823155
  0
LWPOLYLINE
  5
9F
330
17
100
AcDbEntity
  8
ENG_L
100
AcDbPolyline
 90
4
 70
1
 10
129.90725190389574
 20
87.8995817535132
 10
129.90725190389574
 20
89.58281173947502
 10
130.74886689687654
 20
88.74119674649438
 10
129.90725190389574
 20
87.8995817535132
  0
LWPOLYLINE
  5
A0
330
17
100
AcDbEntity
  8
ENG_L
100
AcDbPolyline
 90
5
 70
1
 10
130.26148113098876
 20
193.96144381940306
 10
130.74226364577856
 20
192.51909627503338
 10
129.66074857959993
 20
192.51909627503338
 10
129.66074857959993
 20
193.36071126801414
 10
130.26148113098876
 20
193.96144381940306
  0
LWPOLYLINE
  5
A1
330
17
100
AcDbEntity
  8
ENG_L
100
AcDbPolyline
 90
5
 70
1
 10
129.10116366161083
 20
193.22307949722494
 10
128.464904359526
 20
193.8593387993096
 10
129.72732684899728
 20
194.28014629580014
 10
130.36358615108207
 20
193.64388699371514
 10
129.10116366161083
 20
193.22307949722494
  0
LWPOLYLINE
  5
A2
330
17
100
AcDbEntity
  8
ENG_L
100
AcDbPolyline
 90
5
 70
1
 10
130.16154955258366
 20
257.7679212866417
 10
127.87308666759783
 20
254.8256118630885
 10
128.1877224948209
 20
258.9158776169882
 10
129.84612098716315
 20
261.23763550626757
 10
130.16154955258366
 20
257.7679212866417
  0
LWPOLYLINE
  5
A3
330
17
100
AcDbEntity
  8
ENG_L
100
AcDbPolyline
 90
4
 70
1
 10
129.41424525530408
 20
29.724797219700562
 10
129.41424525530408
 20
31.408027205662272
 10
130.25586024828496
 20
30.566412212681193
 10
129.41424525530408
 20
29.724797219700562
  0
LWPOLYLINE
  5
A4
330
17
100
AcDbEntity
  8
ENG_L
100
AcDbPolyline
 90
5
 70
1
 10
129.16774193100827
 20
89.829315063771
 10
129.7684744823971
 20
90.43004761515971
 10
130.249256997187
 20
88.98770007079015
 10
129.16774193100827
 20
88.98770007079015
 10
129.16774193100827
 20
89.829315063771
  0
LWPOLYLINE
  5
A5
330
17
100
AcDbEntity
  8
ENG_L
100
AcDbPolyline
 90
4
 70
1
 10
129.7628535996933
 20
30.07340556408988
 10
128.92123860671245
 20
29.231790571108807
 10
128.92123860671245
 20
30.915020557070516
 10
129.7628535996933
 20
30.07340556408988
  0
LWPOLYLINE
  5
A6
330
17
100
AcDbEntity
  8
ENG_L
100
AcDbPolyline
 90
5
 70
1
 10
129.14186963060516
 20
189.56105638348365
 10
128.181728633825
 20
189.56105638348365
 10
128.181728633825
 20
191.95725584590662
 10
129.4552826838378
 20
192.3817738625776
 10
129.14186963060516
 20
189.56105638348365
  0
LWPOLYLINE
  5
A7
330
17
100
AcDbEntity
  8
ENG_L
100
AcDbPolyline
 90
4
 70
1
 10
129.26984695110164
 20
193.25860624792068
 10
128.42823195812085
 20
192.41699125494006
 10
128.42823195812085
 20
194.10022124090187
 10
129.26984695110164
 20
193.25860624792068
  0
LWPOLYLINE
  5
A8
330
17
100
AcDbEntity
  8
ENG_L
100
AcDbPolyline
 90
6
 70
1
 10
127.75699945336986
 20
30.566412212681303
 10
129.71113833359752
 20
29.393928884544728
 10
125.62255979459682
 20
29.07942284308307
 10
124.62857707359017
 20
30.07340556408988
 10
125.12158372218177
 20
30.566412212681303
 10
127.75699945336986
 20
30.566412212681303
  0
LWPOLYLINE
  5
A9
330
17
100
AcDbEntity
  8
ENG_L
100
AcDbPolyline
 90
6
 70
1
 10
126.10759701936509
 20
97.61531642114385
 10
126.55669018907678
 20
98.06440959085538
 10
127.66980785358147
 20
98.62096842310774
 10
128.88456620530718
 20
98.21604897253245
 10
127.19571533664173
 20
96.52719810386701
 10
126.10759701936509
 20
97.61531642114385
  0
LWPOLYLINE
  5
AA
330
17
100
AcDbEntity
  8
ENG_L
100
AcDbPolyline
 90
5
 70
1
 10
126.70270868805011
 20
252.66590740321294
 10
126.70270868805011
 20
253.50752239619334
 10
127.30344123943887
 20
254.1082549475826
 10
127.78422375422876
 20
252.66590740321294
 10
126.70270868805011
 20
252.66590740321294
  0
LWPOLYLINE
  5
AB
330
17
100
AcDbEntity
  8
ENG_L
100
AcDbPolyline
 90
6
 70
1
 10
126.2813888409867
 20
252.12796257459536
 10
127.52073588934365
 20
252.54107825738092
 10
127.17629124143606
 20
250.81885501784296
 10
125.71669539086686
 20
249.35925916727376
 10
125.17025655517286
 20
249.90569800296768
 10
126.2813888409867
 20
252.12796257459536
  0
LWPOLYLINE
  5
AC
330
17
100
AcDbEntity
  8
ENG_L
100
AcDbPolyline
 90
5
 70
1
 10
127.27136732726088
 20
186.0504605082133
 10
126.86774834537137
 20
184.8396035625447
 10
125.14803675165606
 20
185.18354588128773
 10
125.55165573354557
 20
186.3944028269563
 10
127.27136732726088
 20
186.0504605082133
  0
LWPOLYLINE
  5
AD
330
17
100
AcDbEntity
  8
ENG_L
100
AcDbPolyline
 90
5
 70
1
 10
127.40641023190324
 20
21.360423465861643
 10
123.7811061456169
 20
19.712557972095148
 10
121.37522161027198
 20
20.056255762858743
 10
123.67585440837918
 20
21.699564904363754
 10
127.40641023190324
 20
21.360423465861643
  0
LWPOLYLINE
  5
AE
330
17
100
AcDbEntity
  8
ENG_L
100
AcDbPolyline
 90
4
 70
1
 10
125.470192066571
 20
32.394040502845556
 10
126.31180705955187
 20
31.552425509864477
 10
125.470192066571
 20
30.710810516883846
 10
125.470192066571
 20
32.394040502845556
  0
LWPOLYLINE
  5
AF
330
17
100
AcDbEntity
  8
ENG_L
100
AcDbPolyline
 90
5
 70
1
 10
124.73068209368355
 20
112.65201920318857
 10
124.73068209368355
 20
113.98664084476107
 10
125.37507489500202
 20
114.63103364607929
 10
125.77087778358012
 20
112.65201920318857
 10
124.73068209368355
 20
112.65201920318857
  0
LWPOLYLINE
  5
B0
330
17
100
AcDbEntity
  8
ENG_L
100
AcDbPolyline
 90
5
 70
1
 10
123.5348378736098
 20
29.688124818295304
 10
124.79726036308101
 20
30.10893231478562
 10
125.43351966516583
 20
29.472673012700955
 10
124.17109717569453
 20
29.05186551621042
 10
123.5348378736098
 20
29.688124818295304
  0
LWPOLYLINE
  5
B1
330
17
100
AcDbEntity
  8
ENG_L
100
AcDbPolyline
 90
21
 70
1
 10
116.93251234273863
 20
248.95815658857256
 10
119.36390346148033
 20
250.00018135374756
 10
119.92214472306645
 20
249.44194009216147
 10
122.41411433957973
 20
248.94354616885894
 10
123.400127636763
 20
247.4645262230839
 10
124.77423844494538
 20
247.18970406144746
 10
124.43104856213036
 20
245.47375464737243
 10
121.82442113246867
 20
245.9950801333046
 10
120.198020482097
 20
244.91081303305705
 10
119.64826817501253
 20
246.0103176472257
 10
118.71249729049045
 20
246.0103176472257
 10
117.72648399330718
 20
246.99633094440898
 10
116.9446807363109
 20
246.99633094440898
 10
114.01769236346269
 20
244.06934257156098
 10
112.56370405243669
 20
243.5846798012189
 10
111.40853642771927
 20
241.8519283641427
 10
110.36959585143998
 20
243.58349599127482
 10
112.30341085879921
 20
245.51731099863417
 10
112.80590257230985
 20
245.51731099863417
 10
116.82228231515802
 20
249.03164327362637
 10
116.93251234273863
 20
248.95815658857256
  0
LWPOLYLINE
  5
B2
330
17
100
AcDbEntity
  8
ENG_L
100
AcDbPolyline
 90
4
 70
1
 10
117.03184810134077
 20
248.8919327495045
 10
118.29018673042292
 20
248.0530403301162
 10
118.60477138769342
 20
248.36762498738673
 10
117.03184810134077
 20
248.8919327495045
  0
LWPOLYLINE
  5
B3
330
17
100
AcDbEntity
  8
ENG_L
100
AcDbPolyline
 90
4
 70
1
 10
123.00515882361285
 20
110.78209762891534
 10
123.84677381659367
 20
109.9404826359347
 10
123.00515882361285
 20
109.09886764295362
 10
123.00515882361285
 20
110.78209762891534
  0
LWPOLYLINE
  5
B4
330
17
100
AcDbEntity
  8
ENG_L
100
AcDbPolyline
 90
4
 70
1
 10
122.3677538708187
 20
267.7026101852573
 10
121.52613887783794
 20
266.8609951922769
 10
121.52613887783794
 20
268.54422517823883
 10
122.3677538708187
 20
267.7026101852573
  0
LWPOLYLINE
  5
B5
330
17
100
AcDbEntity
  8
ENG_L
100
AcDbPolyline
 90
4
 70
1
 10
121.52613887783794
 20
116.69817741201494
 10
122.36775387081879
 20
115.8565624190343
 10
121.52613887783794
 20
115.01494742605323
 10
121.52613887783794
 20
116.69817741201494
  0
LWPOLYLINE
  5
B6
330
17
100
AcDbEntity
  8
ENG_L
100
AcDbPolyline
 90
5
 70
1
 10
121.8081689528297
 20
57.7483561546186
 10
121.38736145633929
 20
56.485933665147535
 10
120.25809550566292
 20
57.61519961582384
 10
120.67890300215332
 20
58.877622105295124
 10
121.8081689528297
 20
57.7483561546186
  0
LWPOLYLINE
  5
B7
330
17
100
AcDbEntity
  8
ENG_L
100
AcDbPolyline
 90
5
 70
1
 10
122.02613337495382
 20
19.568879790938574
 10
120.21260284615944
 20
19.20617368517985
 10
119.54712443494702
 20
19.87165209639208
 10
121.36065496374151
 20
20.234358202151025
 10
122.02613337495382
 20
19.568879790938574
  0
LWPOLYLINE
  5
B8
330
17
100
AcDbEntity
  8
ENG_L
100
AcDbPolyline
 90
4
 70
1
 10
121.0331322292463
 20
266.3679885436854
 10
121.0331322292463
 20
268.05121852964663
 10
121.87474722222723
 20
267.209603536666
 10
121.0331322292463
 20
266.3679885436854
  0
LWPOLYLINE
  5
B9
330
17
100
AcDbEntity
  8
ENG_L
100
AcDbPolyline
 90
5
 70
1
 10
119.54712443494698
 20
115.0219352745776
 10
121.36065496374154
 20
115.38464138033643
 10
122.026133374954
 20
114.71916296912421
 10
120.21260284615944
 20
114.35645686336538
 10
119.54712443494698
 20
115.0219352745776
  0
LWPOLYLINE
  5
BA
330
17
100
AcDbEntity
  8
ENG_L
100
AcDbPolyline
 90
12
 70
1
 10
117.33558236480904
 20
53.67953315527474
 10
117.33558236480904
 20
57.086666216536244
 10
116.82149010632338
 20
57.60075847502178
 10
117.17581620639024
 20
59.37238897535624
 10
120.76498165546634
 20
56.33540282613802
 10
121.26021145833649
 20
53.859253811787134
 10
121.8081689528297
 20
53.31129631729392
 10
121.45730509730282
 20
52.25870475071337
 10
120.39572727645225
 20
52.25870475071337
 10
119.37418722857298
 20
51.23716470283413
 10
118.39328246352068
 20
51.56413295785145
 10
117.33558236480904
 20
53.67953315527474
  0
LWPOLYLINE
  5
BB
330
17
100
AcDbEntity
  8
ENG_L
100
AcDbPolyline
 90
4
 70
1
 10
120.54012558065467
 20
267.55821188105534
 10
121.38174057363557
 20
266.7165968880745
 10
120.54012558065467
 20
265.87498189509364
 10
120.54012558065467
 20
267.55821188105534
  0
LWPOLYLINE
  5
BC
330
17
100
AcDbEntity
  8
ENG_L
100
AcDbPolyline
 90
4
 70
1
 10
120.04711893206303
 20
265.38197524650207
 10
120.04711893206303
 20
267.065205232464
 10
120.88873392504381
 20
266.2235902394825
 10
120.04711893206303
 20
265.38197524650207
  0
LWPOLYLINE
  5
BD
330
17
100
AcDbEntity
  8
ENG_L
100
AcDbPolyline
 90
5
 70
1
 10
119.95651799888283
 20
264.67926883577263
 10
118.60477138769343
 20
265.1298510395024
 10
119.80061560776718
 20
266.32569525957626
 10
120.32914900705481
 20
265.79716186028855
 10
119.95651799888283
 20
264.67926883577263
  0
LWPOLYLINE
  5
BE
330
17
100
AcDbEntity
  8
ENG_L
100
AcDbPolyline
 90
5
 70
1
 10
118.23444357589499
 20
115.87151535303019
 10
120.76929784709951
 20
115.50939331428678
 10
118.77639072357678
 20
114.31364904017316
 10
117.72648399330728
 20
115.36355577044266
 10
118.23444357589499
 20
115.87151535303019
  0
LWPOLYLINE
  5
BF
330
17
100
AcDbEntity
  8
ENG_L
100
AcDbPolyline
 90
5
 70
1
 10
119.5174398820661
 20
19.119533392276566
 10
118.2550173925949
 20
18.69872589578625
 10
117.61875809051006
 20
19.334985197870914
 10
118.88118057998135
 20
19.755792694361453
 10
119.5174398820661
 20
19.119533392276566
  0
LWPOLYLINE
  5
C0
330
17
100
AcDbEntity
  8
ENG_L
100
AcDbPolyline
 90
5
 70
1
 10
117.74756960320121
 20
265.2586625521935
 10
119.73467420653924
 20
264.8612416315259
 10
117.85819524909904
 20
263.7353542570617
 10
116.63274479332689
 20
264.1438377423191
 10
117.74756960320121
 20
265.2586625521935
  0
LWPOLYLINE
  5
C1
330
17
100
AcDbEntity
  8
ENG_L
100
AcDbPolyline
 90
4
 70
1
 10
117.98449140451625
 20
183.95678138261508
 10
118.4971367578887
 20
182.41884532249784
 10
116.44655534439893
 20
183.4441360292427
 10
117.98449140451625
 20
183.95678138261508
  0
LWPOLYLINE
  5
C2
330
17
100
AcDbEntity
  8
ENG_L
100
AcDbPolyline
 90
7
 70
1
 10
115.71054392006097
 20
187.79161963453305
 10
116.82366158456551
 20
188.3481784667853
 10
117.85520555826014
 20
188.00433047555376
 10
117.55945350368454
 20
185.93406609352448
 10
114.89406104388082
 20
184.86790910960295
 10
113.13803800325589
 20
185.21911371772782
 10
115.71054392006097
 20
187.79161963453305
  0
LWPOLYLINE
  5
C3
330
17
100
AcDbEntity
  8
ENG_L
100
AcDbPolyline
 90
13
 70
1
 10
110.14256702322537
 20
18.241245997890452
 10
111.36131104049582
 20
18.241245997890452
 10
113.34022556939965
 20
19.23070326234244
 10
118.810483593886
 20
18.90892337854899
 10
118.81789104935893
 20
18.623544071029173
 10
115.47671734046406
 20
18.252302547818733
 10
114.97265414194428
 20
17.74823934929892
 10
112.46370742010632
 20
17.74823934929892
 10
110.44147086554766
 20
16.737121072019633
 10
108.45360359657057
 20
17.589064187295445
 10
108.76586900919247
 20
24.146637852355045
 10
108.95859595039471
 20
24.161101362043635
 10
110.14256702322537
 20
18.241245997890452
  0
LWPOLYLINE
  5
C4
330
17
100
AcDbEntity
  8
ENG_L
100
AcDbPolyline
 90
4
 70
1
 10
117.08907904051323
 20
182.76106832329398
 10
117.93069403349412
 20
181.91945333031322
 10
117.08907904051323
 20
181.07783833733248
 10
117.08907904051323
 20
182.76106832329398
  0
LWPOLYLINE
  5
C5
330
17
100
AcDbEntity
  8
ENG_L
100
AcDbPolyline
 90
4
 70
1
 10
116.59607239192158
 20
264.60017198950527
 10
117.43768738490252
 20
263.7585569965246
 10
116.59607239192158
 20
262.91694200354397
 10
116.59607239192158
 20
264.60017198950527
  0
LWPOLYLINE
  5
C6
330
17
100
AcDbEntity
  8
ENG_L
100
AcDbPolyline
 90
4
 70
1
 10
116.59607239192158
 20
182.06385163451554
 10
116.59607239192158
 20
183.74708162047725
 10
117.43768738490245
 20
182.90546662749662
 10
116.59607239192158
 20
182.06385163451554
  0
LWPOLYLINE
  5
C7
330
17
100
AcDbEntity
  8
ENG_L
100
AcDbPolyline
 90
4
 70
1
 10
116.59607239192158
 20
182.26806167470255
 10
117.43768738490236
 20
181.4264466817216
 10
116.59607239192158
 20
180.58483168874062
 10
116.59607239192158
 20
182.26806167470255
  0
LWPOLYLINE
  5
C8
330
17
100
AcDbEntity
  8
ENG_L
100
AcDbPolyline
 90
7
 70
1
 10
116.4955875665989
 20
188.865459889476
 10
115.40492286874746
 20
188.32012754055017
 10
113.04752233209373
 20
188.65689904578642
 10
116.29862748885127
 20
191.31689417404263
 10
117.33558236480906
 20
190.97124254872344
 10
117.33558236480906
 20
189.70545468768606
 10
116.4955875665989
 20
188.865459889476
  0
LWPOLYLINE
  5
C9
330
17
100
AcDbEntity
  8
ENG_L
100
AcDbPolyline
 90
4
 70
1
 10
116.10306574332996
 20
262.4239353549522
 10
116.10306574332996
 20
264.10716534091415
 10
116.94468073631073
 20
263.2655503479326
 10
116.10306574332996
 20
262.4239353549522
  0
LWPOLYLINE
  5
CA
330
17
100
AcDbEntity
  8
ENG_L
100
AcDbPolyline
 90
4
 70
1
 10
116.45167408771924
 20
262.7725436993413
 10
115.61005909473832
 20
261.9309287063607
 10
115.61005909473832
 20
263.61415869232195
 10
116.45167408771924
 20
262.7725436993413
  0
LWPOLYLINE
  5
CB
330
17
100
AcDbEntity
  8
ENG_L
100
AcDbPolyline
 90
5
 70
1
 10
113.674704901777
 20
53.35244395069372
 10
114.93712739124828
 20
53.77325144718426
 10
115.573386693333
 20
53.13699214509937
 10
114.31096420386179
 20
52.71618464860906
 10
113.674704901777
 20
53.35244395069372
  0
LWPOLYLINE
  5
CC
330
17
100
AcDbEntity
  8
ENG_L
100
AcDbPolyline
 90
4
 70
1
 10
114.97265414194428
 20
77.40204382888682
 10
114.13103914896341
 20
76.56042883590575
 10
114.13103914896341
 20
78.24365882186746
 10
114.97265414194428
 20
77.40204382888682
  0
LWPOLYLINE
  5
CD
330
17
100
AcDbEntity
  8
ENG_L
100
AcDbPolyline
 90
4
 70
1
 10
112.65201920318852
 20
260.6561188007728
 10
113.49363419616928
 20
259.81450380779125
 10
112.65201920318852
 20
258.97288881481086
 10
112.65201920318852
 20
260.6561188007728
  0
LWPOLYLINE
  5
CE
330
17
100
AcDbEntity
  8
ENG_L
100
AcDbPolyline
 90
4
 70
1
 10
112.15901255459688
 20
258.47988216621866
 10
112.15901255459688
 20
260.1631121521808
 10
113.00062754757762
 20
259.3214971592002
 10
112.15901255459688
 20
258.47988216621866
  0
LWPOLYLINE
  5
CF
330
17
100
AcDbEntity
  8
ENG_L
100
AcDbPolyline
 90
8
 70
1
 10
110.93825823080864
 20
26.177376234853057
 10
112.89852252748433
 20
24.77718745151314
 10
112.89852252748433
 20
24.05522076089661
 10
112.40551587889273
 20
23.562214112305078
 10
111.91250923030107
 20
24.055220760896724
 10
110.89504092869659
 20
23.037752459292292
 10
109.33819423154988
 20
25.21733783529767
 10
110.93825823080864
 20
26.177376234853057
  0
LWPOLYLINE
  5
D0
330
17
100
AcDbEntity
  8
ENG_L
100
AcDbPolyline
 90
4
 70
1
 10
111.66600590600524
 20
205.43937415850934
 10
112.50762089898609
 20
204.59775916552826
 10
111.66600590600524
 20
203.7561441725476
 10
111.66600590600524
 20
205.43937415850934
  0
LWPOLYLINE
  5
D1
330
17
100
AcDbEntity
  8
ENG_L
100
AcDbPolyline
 90
4
 70
1
 10
112.50762089898609
 20
43.38458507606402
 10
111.66600590600524
 20
42.54297008308294
 10
111.66600590600524
 20
44.22620006904465
 10
112.50762089898609
 20
43.38458507606402
  0
LWPOLYLINE
  5
D2
330
17
100
AcDbEntity
  8
ENG_L
100
AcDbPolyline
 90
4
 70
1
 10
111.66600590600524
 20
201.2911109295895
 10
111.66600590600524
 20
202.974340915551
 10
112.50762089898616
 20
202.13272592257024
 10
111.66600590600524
 20
201.2911109295895
  0
LWPOLYLINE
  5
D3
330
17
100
AcDbEntity
  8
ENG_L
100
AcDbPolyline
 90
4
 70
1
 10
111.17299925741361
 20
42.0499634344913
 10
111.17299925741361
 20
43.733193420453006
 10
112.01461425039447
 20
42.891578427472375
 10
111.17299925741361
 20
42.0499634344913
  0
LWPOLYLINE
  5
D4
330
17
100
AcDbEntity
  8
ENG_L
100
AcDbPolyline
 90
4
 70
1
 10
111.17299925741361
 20
257.0008622204443
 10
111.17299925741361
 20
258.6840922064062
 10
112.01461425039439
 20
257.8424772134247
 10
111.17299925741361
 20
257.0008622204443
  0
LWPOLYLINE
  5
D5
330
17
100
AcDbEntity
  8
ENG_L
100
AcDbPolyline
 90
5
 70
1
 10
111.50052199190883
 20
202.15381153246426
 10
112.16600040312107
 20
201.4883331212519
 10
110.35246987432677
 20
201.12562701549297
 10
109.68699146311452
 20
201.79110542670531
 10
111.50052199190883
 20
202.15381153246426
  0
LWPOLYLINE
  5
D6
330
17
100
AcDbEntity
  8
ENG_L
100
AcDbPolyline
 90
4
 70
1
 10
111.5216076018029
 20
257.3494705648334
 10
110.67999260882198
 20
256.50785557185276
 10
110.67999260882198
 20
258.191085557814
 10
111.5216076018029
 20
257.3494705648334
  0
LWPOLYLINE
  5
D7
330
17
100
AcDbEntity
  8
ENG_L
100
AcDbPolyline
 90
4
 70
1
 10
110.67999260882198
 20
240.73164281692038
 10
110.67999260882198
 20
242.41487280288166
 10
111.5216076018029
 20
241.573257809901
 10
110.67999260882198
 20
240.73164281692038
  0
LWPOLYLINE
  5
D8
330
17
100
AcDbEntity
  8
ENG_L
100
AcDbPolyline
 90
4
 70
1
 10
110.18698596023034
 20
257.69807890922294
 10
111.02860095321111
 20
256.8564639162414
 10
110.18698596023034
 20
256.01484892326096
 10
110.18698596023034
 20
257.69807890922294
  0
LWPOLYLINE
  5
D9
330
17
100
AcDbEntity
  8
ENG_L
100
AcDbPolyline
 90
4
 70
1
 10
111.02860095321111
 20
243.05227775567627
 10
110.18698596023034
 20
242.21066276269477
 10
110.18698596023034
 20
243.8938927486567
 10
111.02860095321111
 20
243.05227775567627
  0
LWPOLYLINE
  5
DA
330
17
100
AcDbEntity
  8
ENG_L
100
AcDbPolyline
 90
4
 70
1
 10
111.02860095321111
 20
241.08025116130972
 10
110.18698596023034
 20
240.23863616832818
 10
110.18698596023034
 20
241.92186615429011
 10
111.02860095321111
 20
241.08025116130972
  0
LWPOLYLINE
  5
DB
330
17
100
AcDbEntity
  8
ENG_L
100
AcDbPolyline
 90
4
 70
1
 10
109.69397931163871
 20
241.71765611410345
 10
109.69397931163871
 20
243.40088610006515
 10
110.53559430461961
 20
242.5592711070843
 10
109.69397931163871
 20
241.71765611410345
  0
LWPOLYLINE
  5
DC
330
17
100
AcDbEntity
  8
ENG_L
100
AcDbPolyline
 90
4
 70
1
 10
110.53559430461961
 20
240.58724451271775
 10
109.69397931163871
 20
239.7456295197369
 10
109.69397931163871
 20
241.4288595056986
 10
110.53559430461961
 20
240.58724451271775
  0
LWPOLYLINE
  5
DD
330
17
100
AcDbEntity
  8
ENG_L
100
AcDbPolyline
 90
4
 70
1
 10
109.69397931163871
 20
257.2050722606309
 10
110.53559430461961
 20
256.36345726765006
 10
109.69397931163871
 20
255.52184227466924
 10
109.69397931163871
 20
257.2050722606309
  0
LWPOLYLINE
  5
DE
330
17
100
AcDbEntity
  8
ENG_L
100
AcDbPolyline
 90
5
 70
1
 10
107.90315458363266
 20
200.4978035856797
 10
108.29266532801874
 20
201.66633581883798
 10
110.90916487526682
 20
201.2925501692312
 10
108.9840755744495
 20
200.13749658874082
 10
107.90315458363266
 20
200.4978035856797
  0
LWPOLYLINE
  5
DF
330
17
100
AcDbEntity
  8
ENG_L
100
AcDbPolyline
 90
4
 70
1
 10
109.69397931163871
 20
14.934597761951384
 10
109.69397931163871
 20
16.617827747913093
 10
110.53559430461954
 20
15.776212754932462
 10
109.69397931163871
 20
14.934597761951384
  0
LWPOLYLINE
  5
E0
330
17
100
AcDbEntity
  8
ENG_L
100
AcDbPolyline
 90
13
 70
1
 10
108.46146269015962
 20
24.00497834823545
 10
108.46146269015962
 20
26.18754391657008
 10
108.901037151649
 20
27.066692839548878
 10
108.40803050305736
 20
27.55969948814052
 10
109.39404380024064
 20
29.53172608250709
 10
108.91894258805532
 20
30.006827294692396
 10
109.33975008454571
 20
31.269249784163456
 10
110.45457489442018
 20
30.154424974289107
 10
109.95228266171799
 20
27.64296381077802
 10
110.47143978236333
 20
26.604649569487382
 10
109.47295091710002
 20
25.10691627159234
 10
110.1160237318309
 20
23.177697827399758
 10
108.46146269015962
 20
24.00497834823545
  0
LWPOLYLINE
  5
E1
330
17
100
AcDbEntity
  8
ENG_L
100
AcDbPolyline
 90
4
 70
1
 10
110.04258765602783
 20
242.06626445849233
 10
109.20097266304707
 20
241.22464946551193
 10
109.20097266304707
 20
242.90787945147386
 10
110.04258765602783
 20
242.06626445849233
  0
LWPOLYLINE
  5
E2
330
17
100
AcDbEntity
  8
ENG_L
100
AcDbPolyline
 90
4
 70
1
 10
110.04258765602783
 20
114.37754247325927
 10
109.20097266304707
 20
113.5359274802783
 10
109.20097266304707
 20
115.21915746624023
 10
110.04258765602783
 20
114.37754247325927
  0
LWPOLYLINE
  5
E3
330
17
100
AcDbEntity
  8
ENG_L
100
AcDbPolyline
 90
5
 70
1
 10
109.02104760814883
 20
239.07269781624697
 10
107.75862511867747
 20
239.4935053127374
 10
108.88789106935369
 20
240.62277126341368
 10
110.15031355882506
 20
240.20196376692326
 10
109.02104760814883
 20
239.07269781624697
  0
LWPOLYLINE
  5
E4
330
17
100
AcDbEntity
  8
ENG_L
100
AcDbPolyline
 90
4
 70
1
 10
109.20097266304707
 20
256.71206561203917
 10
110.04258765602783
 20
255.87045061905877
 10
109.20097266304707
 20
255.02883562607727
 10
109.20097266304707
 20
256.71206561203917
  0
LWPOLYLINE
  5
E5
330
17
100
AcDbEntity
  8
ENG_L
100
AcDbPolyline
 90
5
 70
1
 10
109.14282675824532
 20
35.786941138185036
 10
109.4763822034499
 20
32.784942131343755
 10
108.46146269015962
 20
32.784942131343755
 10
108.46146269015962
 20
35.105577070099535
 10
109.14282675824532
 20
35.786941138185036
  0
LWPOLYLINE
  5
E6
330
17
100
AcDbEntity
  8
ENG_L
100
AcDbPolyline
 90
5
 70
1
 10
108.46146269015962
 20
32.14753717854957
 10
109.10585549147804
 20
32.79192997986813
 10
109.5016583800562
 20
30.81291553697718
 10
108.46146269015962
 20
30.81291553697718
 10
108.46146269015962
 20
32.14753717854957
  0
LWPOLYLINE
  5
E7
330
17
100
AcDbEntity
  8
ENG_L
100
AcDbPolyline
 90
5
 70
1
 10
108.35182317844118
 20
255.92033111719448
 10
109.65730691023343
 20
255.48516987326386
 10
107.96845604156802
 20
253.79631900459842
 10
107.41155595989018
 20
254.35321908627628
 10
108.35182317844118
 20
255.92033111719448
  0
LWPOLYLINE
  5
E8
330
17
100
AcDbEntity
  8
ENG_L
100
AcDbPolyline
 90
4
 70
1
 10
108.70796601445544
 20
242.4148728028819
 10
109.54958100743633
 20
241.573257809901
 10
108.70796601445544
 20
240.73164281692016
 10
108.70796601445544
 20
242.4148728028819
  0
LWPOLYLINE
  5
E9
330
17
100
AcDbEntity
  8
ENG_L
100
AcDbPolyline
 90
4
 70
1
 10
108.21495936586379
 20
240.23863616832818
 10
108.21495936586379
 20
241.92186615429011
 10
109.05657435884457
 20
241.08025116130972
 10
108.21495936586379
 20
240.23863616832818
  0
LWPOLYLINE
  5
EA
330
17
100
AcDbEntity
  8
ENG_L
100
AcDbPolyline
 90
5
 70
1
 10
108.66371783608054
 20
209.1155713790569
 10
108.99218673534712
 20
206.8162890841908
 10
107.47544939297634
 20
206.8162890841908
 10
107.47544939297634
 20
208.71948189802225
 10
108.66371783608054
 20
209.1155713790569
  0
LWPOLYLINE
  5
EB
330
17
100
AcDbEntity
  8
ENG_L
100
AcDbPolyline
 90
4
 70
1
 10
108.21495936586379
 20
14.934597761951384
 10
108.21495936586379
 20
16.617827747913093
 10
109.05657435884466
 20
15.776212754932462
 10
108.21495936586379
 20
14.934597761951384
  0
LWPOLYLINE
  5
EC
330
17
100
AcDbEntity
  8
ENG_L
100
AcDbPolyline
 90
5
 70
1
 10
107.96845604156799
 20
37.57061031305753
 10
108.64982010965367
 20
38.25197438114336
 10
108.98337555485828
 20
35.24997537430197
 10
107.96845604156799
 20
35.24997537430197
 10
107.96845604156799
 20
37.57061031305753
  0
LWPOLYLINE
  5
ED
330
17
100
AcDbEntity
  8
ENG_L
100
AcDbPolyline
 90
6
 70
1
 10
108.5253561232458
 20
239.07001297993568
 10
107.10397185968388
 20
237.6486287163737
 10
105.50342279860982
 20
237.32851890415873
 10
105.50342279860982
 20
238.7173229384445
 10
107.52438989206641
 20
240.73829003190127
 10
108.5253561232458
 20
239.07001297993568
  0
LWPOLYLINE
  5
EE
330
17
100
AcDbEntity
  8
ENG_L
100
AcDbPolyline
 90
4
 70
1
 10
107.72195271727217
 20
239.7456295197371
 10
107.72195271727217
 20
241.42885950569837
 10
108.5635677102531
 20
240.58724451271775
 10
107.72195271727217
 20
239.7456295197371
  0
LWPOLYLINE
  5
EF
330
17
100
AcDbEntity
  8
ENG_L
100
AcDbPolyline
 90
4
 70
1
 10
108.07056106166144
 20
253.898424024692
 10
107.22894606868054
 20
253.05680903171114
 10
107.22894606868054
 20
254.74003901767284
 10
108.07056106166144
 20
253.898424024692
  0
LWPOLYLINE
  5
F0
330
17
100
AcDbEntity
  8
ENG_L
100
AcDbPolyline
 90
4
 70
1
 10
108.14399713746432
 20
83.32450895557942
 10
106.09341572397463
 20
84.34979966232403
 10
107.63135178409192
 20
84.86244501569651
 10
108.14399713746432
 20
83.32450895557942
  0
LWPOLYLINE
  5
F1
330
17
100
AcDbEntity
  8
ENG_L
100
AcDbPolyline
 90
5
 70
1
 10
107.51097614367232
 20
252.84583245811132
 10
106.48943609579312
 20
251.82429241023186
 10
105.93253601411527
 20
252.3811924919097
 10
107.04681323301652
 20
254.23832119007872
 10
107.51097614367232
 20
252.84583245811132
  0
LWPOLYLINE
  5
F2
330
17
100
AcDbEntity
  8
ENG_L
100
AcDbPolyline
 90
5
 70
1
 10
107.01796949508065
 20
46.27604669821628
 10
105.84504329447465
 20
45.10312049761034
 10
105.46553313929141
 20
47.000671273526585
 10
106.64533848690866
 20
47.393939722732206
 10
107.01796949508065
 20
46.27604669821628
  0
LWPOLYLINE
  5
F3
330
17
100
AcDbEntity
  8
ENG_L
100
AcDbPolyline
 90
9
 70
1
 10
106.98244274438471
 20
36.7289953200769
 10
105.01041615001817
 20
36.7289953200769
 10
105.01041615001817
 20
40.52865020460739
 10
105.99642944720145
 20
41.51466350179056
 10
107.08454776447805
 20
40.426545184514055
 10
106.48943609579308
 20
39.831433515829076
 10
106.48943609579308
 20
39.04963025883246
 10
106.98244274438471
 20
38.55662361024081
 10
106.98244274438471
 20
36.7289953200769
  0
LWPOLYLINE
  5
F4
330
17
100
AcDbEntity
  8
ENG_L
100
AcDbPolyline
 90
5
 70
1
 10
105.29359187571931
 20
42.29084587608345
 10
106.48943609579312
 20
43.48669009615725
 10
107.01796949508068
 20
42.95815669686975
 10
106.64533848690866
 20
41.84026367235361
 10
105.29359187571931
 20
42.29084587608345
  0
LWPOLYLINE
  5
F5
330
17
100
AcDbEntity
  8
ENG_L
100
AcDbPolyline
 90
5
 70
1
 10
103.53139620424328
 20
94.41077320529811
 10
103.53139620424328
 20
95.25238819827887
 10
104.66879565415334
 20
96.38978764818884
 10
105.06459854273149
 20
94.41077320529811
 10
103.53139620424328
 20
94.41077320529811
  0
LWPOLYLINE
  5
F6
330
17
100
AcDbEntity
  8
ENG_L
100
AcDbPolyline
 90
5
 70
1
 10
103.53139620424328
 20
92.43874661093155
 10
103.53139620424328
 20
93.28036160391228
 10
104.1321287556321
 20
93.88109415530121
 10
104.61291127042192
 20
92.43874661093155
 10
103.53139620424328
 20
92.43874661093155
  0
LWPOLYLINE
  5
F7
330
17
100
AcDbEntity
  8
ENG_L
100
AcDbPolyline
 90
7
 70
1
 10
104.02440285283491
 20
40.628629571804794
 10
104.02440285283491
 20
37.71500861726007
 10
103.03838955565165
 20
37.71500861726007
 10
103.03838955565165
 20
39.28818445457616
 10
101.99741928262692
 20
39.80866959108842
 10
102.38034324973877
 20
40.957441492423975
 10
104.02440285283491
 20
40.628629571804794
  0
LWPOLYLINE
  5
F8
330
17
100
AcDbEntity
  8
ENG_L
100
AcDbPolyline
 90
4
 70
1
 10
102.29887958276419
 20
244.67569600565352
 10
102.29887958276419
 20
246.3589259916148
 10
103.14049457574511
 20
245.51731099863417
 10
102.29887958276419
 20
244.67569600565352
  0
LWPOLYLINE
  5
F9
330
17
100
AcDbEntity
  8
ENG_L
100
AcDbPolyline
 90
4
 70
1
 10
102.29887958276419
 20
37.32410698876176
 10
103.14049457574504
 20
36.48249199578113
 10
102.29887958276419
 20
35.64087700280005
 10
102.29887958276419
 20
37.32410698876176
  0
LWPOLYLINE
  5
FA
330
17
100
AcDbEntity
  8
ENG_L
100
AcDbPolyline
 90
4
 70
1
 10
101.80587293417256
 20
245.3729126944315
 10
102.64748792715348
 20
244.53129770145088
 10
101.80587293417256
 20
243.68968270847026
 10
101.80587293417256
 20
245.3729126944315
  0
LWPOLYLINE
  5
FB
330
17
100
AcDbEntity
  8
ENG_L
100
AcDbPolyline
 90
4
 70
1
 10
101.80587293417256
 20
80.70869206482578
 10
102.6474879271534
 20
79.8670770718447
 10
101.80587293417256
 20
79.02546207886407
 10
101.80587293417256
 20
80.70869206482578
  0
LWPOLYLINE
  5
FC
330
17
100
AcDbEntity
  8
ENG_L
100
AcDbPolyline
 90
5
 70
1
 10
101.55936960987673
 20
39.5426369074241
 10
102.16010216126553
 20
40.14336945881303
 10
102.64088467605539
 20
38.70102191444336
 10
101.55936960987673
 20
38.70102191444336
 10
101.55936960987673
 20
39.5426369074241
  0
LWPOLYLINE
  5
FD
330
17
100
AcDbEntity
  8
ENG_L
100
AcDbPolyline
 90
50
 70
1
 10
97.7756129824505
 20
210.74444401581948
 10
98.16175525683754
 20
209.9721594670454
 10
97.61531642114367
 20
209.42572063135134
 10
96.04931850597032
 20
210.99171854652488
 10
98.55525532651548
 20
213.99884273117897
 10
98.05489088263306
 20
214.99957161894378
 10
98.60132971832692
 20
215.54601045463772
 10
98.60132971832692
 20
218.01104369759605
 10
99.09433636691855
 20
218.5040503461876
 10
99.09433636691855
 20
223.39020335322402
 10
100.08034966410183
 20
225.36222994759058
 10
100.08034966410183
 20
226.39215672365376
 10
100.96425794119165
 20
227.2760650007435
 10
102.27300728236102
 20
227.2760650007435
 10
102.55191419450372
 20
224.76590279145924
 10
102.00846277958848
 20
223.67899996162888
 10
101.0663629612851
 20
222.7369001433257
 10
100.57335631269352
 20
223.22990679191702
 10
100.08034966410185
 20
222.73690014332547
 10
100.08034966410185
 20
220.47607694055404
 10
100.60440783139501
 20
221.00013510784743
 10
100.95863705848794
 20
222.06282278912616
 10
101.55936960987674
 20
221.46209023773733
 10
101.55936960987674
 20
219.32976708206397
 10
101.2187103940397
 20
218.6484486503899
 10
102.20472369122304
 20
218.6484486503899
 10
101.55936960987674
 20
217.3577404876974
 10
101.55936960987674
 20
212.87676717149273
 10
101.06636296128511
 20
212.3837605229012
 10
101.06636296128511
 20
210.6159439687214
 10
101.55936960987674
 20
210.12293732012978
 10
101.55936960987674
 20
200.5516009567019
 10
101.0280502239766
 20
200.02028157080187
 10
99.94842508852538
 20
201.63971927397873
 10
99.78942740280102
 20
201.63971927397873
 10
99.54292407850521
 20
200.40720265249956
 10
98.6954856098681
 20
200.40720265249956
 10
98.06381222713678
 20
201.67054941796226
 10
100.08034966410183
 20
204.19122121416865
 10
100.08034966410183
 20
205.48166744261832
 10
98.66790798772432
 20
204.06922576624086
 10
97.51423309901189
 20
204.45378406247826
 10
98.60132971832692
 20
206.6279773011084
 10
98.60132971832692
 20
209.0795185800698
 10
100.07534804714034
 20
213.01023412357222
 10
99.89199224460776
 20
214.66043634636534
 10
99.5873430155102
 20
214.35578711726777
 10
99.5873430155102
 20
211.89075387430955
 10
98.10832306973528
 20
210.41173392853474
 10
97.7756129824505
 20
210.74444401581948
  0
LWPOLYLINE
  5
FE
330
17
100
AcDbEntity
  8
ENG_L
100
AcDbPolyline
 90
4
 70
1
 10
101.31286628558092
 20
242.70366941128674
 10
101.31286628558092
 20
244.38689939724844
 10
102.15448127856182
 20
243.5452844042676
 10
101.31286628558092
 20
242.70366941128674
  0
LWPOLYLINE
  5
FF
330
17
100
AcDbEntity
  8
ENG_L
100
AcDbPolyline
 90
5
 70
1
 10
100.57335631269348
 20
37.07760366446611
 10
101.11530346037522
 20
37.619550812147736
 10
102.24124473392772
 20
35.742982022893614
 10
100.57335631269348
 20
35.742982022893614
 10
100.57335631269348
 20
37.07760366446611
  0
LWPOLYLINE
  5
100
330
17
100
AcDbEntity
  8
ENG_L
100
AcDbPolyline
 90
5
 70
1
 10
101.65487137887212
 20
242.31276778278854
 10
100.57335631269348
 20
242.31276778278854
 10
100.57335631269348
 20
243.1543827757694
 10
101.17408886408228
 20
243.75511532715822
 10
101.65487137887212
 20
242.31276778278854
  0
LWPOLYLINE
  5
101
330
17
100
AcDbEntity
  8
ENG_L
100
AcDbPolyline
 90
5
 70
1
 10
100.57335631269348
 20
178.5705118102653
 10
101.17408886408228
 20
179.171244361654
 10
101.65487137887212
 20
177.72889681728432
 10
100.57335631269348
 20
177.72889681728432
 10
100.57335631269348
 20
178.5705118102653
  0
LWPOLYLINE
  5
102
330
17
100
AcDbEntity
  8
ENG_L
100
AcDbPolyline
 90
5
 70
1
 10
101.1618647302805
 20
241.32675448560525
 10
100.08034966410183
 20
241.32675448560525
 10
100.08034966410183
 20
242.16836947858587
 10
100.68108221549062
 20
242.76910202997493
 10
101.1618647302805
 20
241.32675448560525
  0
LWPOLYLINE
  5
103
330
17
100
AcDbEntity
  8
ENG_L
100
AcDbPolyline
 90
4
 70
1
 10
100.32685298839765
 20
198.8260776866313
 10
100.32685298839765
 20
200.509307672593
 10
101.1684679813785
 20
199.66769267961192
 10
100.32685298839765
 20
198.8260776866313
  0
LWPOLYLINE
  5
104
330
17
100
AcDbEntity
  8
ENG_L
100
AcDbPolyline
 90
5
 70
1
 10
100.76171373218752
 20
26.912821463535796
 10
101.09526917739213
 20
23.91082245669429
 10
100.08034966410183
 20
23.91082245669429
 10
100.08034966410183
 20
26.231457395449965
 10
100.76171373218752
 20
26.912821463535796
  0
LWPOLYLINE
  5
105
330
17
100
AcDbEntity
  8
ENG_L
100
AcDbPolyline
 90
5
 70
1
 10
100.76171373218752
 20
20.50373503184455
 10
101.09526917739213
 20
17.501736025003044
 10
100.08034966410183
 20
17.501736025003044
 10
100.08034966410183
 20
19.82237096375872
 10
100.76171373218752
 20
20.50373503184455
  0
LWPOLYLINE
  5
106
330
17
100
AcDbEntity
  8
ENG_L
100
AcDbPolyline
 90
11
 70
1
 10
98.4798006030279
 20
31.53300141465898
 10
99.09433636691855
 20
32.14753717854957
 10
99.09433636691855
 20
33.171013266239726
 10
100.80304542981274
 20
34.196238703976256
 10
101.06910816994156
 20
27.544670200755796
 10
99.7544855636981
 20
25.3536325236835
 10
100.0693912285111
 20
29.44740616625241
 10
99.0260588987821
 20
30.07340556408977
 10
98.00621804964192
 20
30.07340556408977
 10
96.86881859973197
 20
31.210805013999643
 10
98.4798006030279
 20
31.53300141465898
  0
LWPOLYLINE
  5
107
330
17
100
AcDbEntity
  8
ENG_L
100
AcDbPolyline
 90
12
 70
1
 10
97.63574796950803
 20
175.59204037035104
 10
99.62359447607963
 20
177.1381432087956
 10
99.97262376130465
 20
178.1852310644706
 10
101.06636296128511
 20
177.09149186449025
 10
101.06636296128511
 20
175.9012685271203
 10
100.57335631269348
 20
175.40826187852866
 10
100.57335631269348
 20
169.34778379122662
 10
98.72935741997811
 20
169.34778379122662
 10
96.62930312396038
 20
171.97285166124877
 10
96.62930312396038
 20
175.61247191871544
 10
97.12230977255203
 20
176.10547856730696
 10
97.63574796950803
 20
175.59204037035104
  0
LWPOLYLINE
  5
108
330
17
100
AcDbEntity
  8
ENG_L
100
AcDbPolyline
 90
5
 70
1
 10
100.66885808168885
 20
240.34074118842196
 10
99.5873430155102
 20
240.34074118842196
 10
99.5873430155102
 20
241.18235618140284
 10
100.188075566899
 20
241.78308873279164
 10
100.66885808168885
 20
240.34074118842196
  0
LWPOLYLINE
  5
109
330
17
100
AcDbEntity
  8
ENG_L
100
AcDbPolyline
 90
14
 70
1
 10
98.02392752335636
 20
199.24597957481672
 10
99.04566353392752
 20
198.73511156953106
 10
100.188075566899
 20
199.87752360250266
 10
100.6088830633894
 20
198.6151011130315
 10
99.23507262268002
 20
197.24129067232198
 10
97.56766144692378
 20
196.52668588271226
 10
97.15783652324795
 20
195.29721111168473
 10
97.71742144123701
 20
194.73762619369572
 10
95.49190367405033
 20
192.51210842650912
 10
94.63619091969981
 20
196.79067219826175
 10
95.21781312665743
 20
197.3722944052192
 10
95.79563725953177
 20
196.21664613947053
 10
96.00437189979232
 20
196.21664613947053
 10
98.02392752335636
 20
199.24597957481672
  0
LWPOLYLINE
  5
10A
330
17
100
AcDbEntity
  8
ENG_L
100
AcDbPolyline
 90
8
 70
1
 10
96.60164273173672
 20
186.8924990102101
 10
99.74591075529094
 20
191.18013722414773
 10
100.58830924668955
 20
185.2833477843574
 10
99.66836242570953
 20
184.36340096337744
 10
98.10832306973529
 20
184.67540883457235
 10
98.10832306973529
 20
186.7474147961362
 10
97.01458386975486
 20
185.65367559615586
 10
96.60164273173672
 20
186.8924990102101
  0
LWPOLYLINE
  5
10B
330
17
100
AcDbEntity
  8
ENG_L
100
AcDbPolyline
 90
5
 70
1
 10
99.09433636691855
 20
181.67295000601746
 10
99.09433636691855
 20
183.00757164758997
 10
99.73872916823697
 20
183.6519644489082
 10
100.13453205681515
 20
181.67295000601746
 10
99.09433636691855
 20
181.67295000601746
  0
LWPOLYLINE
  5
10C
330
17
100
AcDbEntity
  8
ENG_L
100
AcDbPolyline
 90
5
 70
1
 10
98.60132971832692
 20
29.18949728699993
 10
99.28269378641264
 20
29.87086135508543
 10
99.61624923161722
 20
26.86886234824415
 10
98.60132971832692
 20
26.86886234824415
 10
98.60132971832692
 20
29.18949728699993
  0
LWPOLYLINE
  5
10D
330
17
100
AcDbEntity
  8
ENG_L
100
AcDbPolyline
 90
4
 70
1
 10
98.35482639403111
 20
200.509307672593
 10
99.19644138701196
 20
199.66769267961192
 10
98.35482639403111
 20
198.8260776866313
 10
98.35482639403111
 20
200.509307672593
  0
LWPOLYLINE
  5
10E
330
17
100
AcDbEntity
  8
ENG_L
100
AcDbPolyline
 90
5
 70
1
 10
98.10832306973529
 20
25.38984240246922
 10
98.10832306973529
 20
26.724464044041717
 10
98.75271587105371
 20
27.368856845360057
 10
99.14851875963187
 20
25.38984240246922
 10
98.10832306973529
 20
25.38984240246922
  0
LWPOLYLINE
  5
10F
330
17
100
AcDbEntity
  8
ENG_L
100
AcDbPolyline
 90
4
 70
1
 10
97.86181974543948
 20
223.96941676480475
 10
97.86181974543948
 20
225.65264675076602
 10
98.7034347384204
 20
224.81103175778537
 10
97.86181974543948
 20
223.96941676480475
  0
LWPOLYLINE
  5
110
330
17
100
AcDbEntity
  8
ENG_L
100
AcDbPolyline
 90
4
 70
1
 10
97.86181974543948
 20
200.30509763240622
 10
97.86181974543948
 20
201.98832761836772
 10
98.7034347384204
 20
201.14671262538698
 10
97.86181974543948
 20
200.30509763240622
  0
LWPOLYLINE
  5
111
330
17
100
AcDbEntity
  8
ENG_L
100
AcDbPolyline
 90
4
 70
1
 10
98.21042808982875
 20
224.31802510919385
 10
97.36881309684783
 20
223.47641011621323
 10
97.36881309684783
 20
225.15964010217448
 10
98.21042808982875
 20
224.31802510919385
  0
LWPOLYLINE
  5
112
330
17
100
AcDbEntity
  8
ENG_L
100
AcDbPolyline
 90
4
 70
1
 10
97.36881309684783
 20
201.4953209697763
 10
98.21042808982868
 20
200.6537059767952
 10
97.36881309684783
 20
199.81209098381458
 10
97.36881309684783
 20
201.4953209697763
  0
LWPOLYLINE
  5
113
330
17
100
AcDbEntity
  8
ENG_L
100
AcDbPolyline
 90
5
 70
1
 10
96.62930312396038
 20
209.1369240229465
 10
97.23003567534919
 20
209.7376565743354
 10
97.71081819013905
 20
208.29530902996572
 10
96.62930312396038
 20
208.29530902996572
 10
96.62930312396038
 20
209.1369240229465
  0
LWPOLYLINE
  5
114
330
17
100
AcDbEntity
  8
ENG_L
100
AcDbPolyline
 90
5
 70
1
 10
97.23003567534917
 20
205.3005967370106
 10
97.71081819013907
 20
203.85824919264107
 10
96.62930312396038
 20
203.85824919264107
 10
96.62930312396038
 20
204.6998641856217
 10
97.23003567534917
 20
205.3005967370106
  0
LWPOLYLINE
  5
115
330
17
100
AcDbEntity
  8
ENG_L
100
AcDbPolyline
 90
4
 70
1
 10
96.38279979966458
 20
177.13378514859934
 10
96.38279979966458
 20
178.81701513456105
 10
97.2244147926454
 20
177.97540014157997
 10
96.38279979966458
 20
177.13378514859934
  0
LWPOLYLINE
  5
116
330
17
100
AcDbEntity
  8
ENG_L
100
AcDbPolyline
 90
7
 70
1
 10
97.13621268866308
 20
226.2449457622757
 10
96.01962513755069
 20
224.3839665104215
 10
95.6222042168831
 20
226.37107111375988
 10
96.03419145527532
 20
226.78305835215195
 10
95.43345890388662
 20
227.38379090354078
 10
96.81625711312739
 20
227.84472363995434
 10
97.13621268866308
 20
226.2449457622757
  0
LWPOLYLINE
  5
117
330
17
100
AcDbEntity
  8
ENG_L
100
AcDbPolyline
 90
4
 70
1
 10
96.38279979966458
 20
185.02189152606542
 10
96.38279979966458
 20
186.70512151202712
 10
97.2244147926454
 20
185.8635065190465
 10
96.38279979966458
 20
185.02189152606542
  0
LWPOLYLINE
  5
118
330
17
100
AcDbEntity
  8
ENG_L
100
AcDbPolyline
 90
4
 70
1
 10
95.88979315107294
 20
201.98832761836772
 10
96.73140814405386
 20
201.14671262538698
 10
95.88979315107294
 20
200.30509763240622
 10
95.88979315107294
 20
201.98832761836772
  0
LWPOLYLINE
  5
119
330
17
100
AcDbEntity
  8
ENG_L
100
AcDbPolyline
 90
4
 70
1
 10
95.88979315107294
 20
69.16532910703121
 10
95.88979315107294
 20
70.84855909299293
 10
96.73140814405379
 20
70.00694410001229
 10
95.88979315107294
 20
69.16532910703121
  0
LWPOLYLINE
  5
11A
330
17
100
AcDbEntity
  8
ENG_L
100
AcDbPolyline
 90
4
 70
1
 10
95.3967865024813
 20
225.65264675076602
 10
96.23840149546223
 20
224.81103175778537
 10
95.3967865024813
 20
223.96941676480475
 10
95.3967865024813
 20
225.65264675076602
  0
LWPOLYLINE
  5
11B
330
17
100
AcDbEntity
  8
ENG_L
100
AcDbPolyline
 90
4
 70
1
 10
95.3967865024813
 20
19.371657599276283
 10
95.3967865024813
 20
21.05488758523777
 10
96.23840149546223
 20
20.213272592257027
 10
95.3967865024813
 20
19.371657599276283
  0
LWPOLYLINE
  5
11C
330
17
100
AcDbEntity
  8
ENG_L
100
AcDbPolyline
 90
5
 70
1
 10
95.15028317818549
 20
200.262804348297
 10
95.75101572957429
 20
200.86353689968595
 10
96.23179824436414
 20
199.42118935531627
 10
95.15028317818549
 20
199.42118935531627
 10
95.15028317818549
 20
200.262804348297
  0
LWPOLYLINE
  5
11D
330
17
100
AcDbEntity
  8
ENG_L
100
AcDbPolyline
 90
5
 70
1
 10
95.15028317818549
 20
184.48659159336466
 10
95.7946759795039
 20
185.13098439468322
 10
96.19047886808207
 20
183.15196995179238
 10
95.15028317818549
 20
183.15196995179238
 10
95.15028317818549
 20
184.48659159336466
  0
LWPOLYLINE
  5
11E
330
17
100
AcDbEntity
  8
ENG_L
100
AcDbPolyline
 90
5
 70
1
 10
95.08370490878804
 20
85.25462345565693
 10
94.44744560670325
 20
85.8908827577416
 10
95.70986809617452
 20
86.31169025423213
 10
96.34612739825927
 20
85.67543095214725
 10
95.08370490878804
 20
85.25462345565693
  0
LWPOLYLINE
  5
11F
330
17
100
AcDbEntity
  8
ENG_L
100
AcDbPolyline
 90
4
 70
1
 10
94.90377985388966
 20
223.47641011621323
 10
94.90377985388966
 20
225.15964010217448
 10
95.74539484687058
 20
224.31802510919385
 10
94.90377985388966
 20
223.47641011621323
  0
LWPOLYLINE
  5
120
330
17
100
AcDbEntity
  8
ENG_L
100
AcDbPolyline
 90
4
 70
1
 10
93.9177665567064
 20
57.33316954083212
 10
93.9177665567064
 20
59.016399526793826
 10
94.75938154968723
 20
58.174784533812755
 10
93.9177665567064
 20
57.33316954083212
  0
LWPOLYLINE
  5
121
330
17
100
AcDbEntity
  8
ENG_L
100
AcDbPolyline
 90
5
 70
1
 10
92.96842566092832
 20
98.7090556211241
 10
94.23084815039962
 20
99.12986311761462
 10
94.86710745248435
 20
98.49360381552974
 10
93.60468496301314
 20
98.07279631903943
 10
92.96842566092832
 20
98.7090556211241
  0
LWPOLYLINE
  5
122
330
17
100
AcDbEntity
  8
ENG_L
100
AcDbPolyline
 90
5
 70
1
 10
93.1129551258836
 20
84.14823451805387
 10
93.51536084129502
 20
85.35545166428815
 10
94.72257798752919
 20
84.95304594887676
 10
94.32017227211779
 20
83.74582880264259
 10
93.1129551258836
 20
84.14823451805387
  0
LWPOLYLINE
  5
123
330
17
100
AcDbEntity
  8
ENG_L
100
AcDbPolyline
 90
5
 70
1
 10
93.17825658381894
 20
221.95509688632907
 10
93.77898913520775
 20
222.5558294377179
 10
94.2597716499976
 20
221.11348189334822
 10
93.17825658381894
 20
221.11348189334822
 10
93.17825658381894
 20
221.95509688632907
  0
LWPOLYLINE
  5
124
330
17
100
AcDbEntity
  8
ENG_L
100
AcDbPolyline
 90
5
 70
1
 10
93.28598248661612
 20
221.07680949194287
 10
93.76676500140597
 20
219.6344619475733
 10
92.6852499352273
 20
219.6344619475733
 10
92.6852499352273
 20
220.47607694055404
 10
93.28598248661612
 20
221.07680949194287
  0
LWPOLYLINE
  5
125
330
17
100
AcDbEntity
  8
ENG_L
100
AcDbPolyline
 90
4
 70
1
 10
92.93175325952313
 20
194.5932278894934
 10
93.77336825250396
 20
193.7516128965123
 10
92.93175325952313
 20
192.9099979035317
 10
92.93175325952313
 20
194.5932278894934
  0
LWPOLYLINE
  5
126
330
17
100
AcDbEntity
  8
ENG_L
100
AcDbPolyline
 90
4
 70
1
 10
92.43874661093149
 20
218.05333698170492
 10
92.43874661093149
 20
219.73656696766665
 10
93.28036160391234
 20
218.894951974686
 10
92.43874661093149
 20
218.05333698170492
  0
LWPOLYLINE
  5
127
330
17
100
AcDbEntity
  8
ENG_L
100
AcDbPolyline
 90
5
 70
1
 10
92.77240202132461
 20
98.61628265232302
 10
93.45466577610682
 20
97.93401889754072
 10
91.11907790335506
 20
97.60036348714762
 10
90.43681414857271
 20
98.28262724192982
 10
92.77240202132461
 20
98.61628265232302
  0
LWPOLYLINE
  5
128
330
17
100
AcDbEntity
  8
ENG_L
100
AcDbPolyline
 90
25
 70
1
 10
83.70902524048464
 20
58.66779118240451
 10
82.5487077711067
 20
59.828108651782344
 10
84.68094077629812
 20
60.13271336680981
 10
85.2235719369554
 20
60.67534452746703
 10
86.64430120729381
 20
60.20176810402089
 10
87.7355247635358
 20
62.384215216504835
 10
88.7477770708241
 20
60.697128037691115
 10
88.76062084169988
 20
60.76134689207002
 10
89.70071985046799
 20
61.701445900838145
 10
89.21944714722459
 20
63.6265367138118
 10
90.22021669226913
 20
65.62807580390084
 10
90.22021669226913
 20
66.75798194716143
 10
91.90641117551573
 20
67.09522084381081
 10
92.18185842311905
 20
65.16709011058741
 10
93.2368398196184
 20
63.58461801583848
 10
91.23598779649292
 20
61.08355298693158
 10
91.75419361388549
 20
59.5289355347538
 10
90.71322334086078
 20
59.00845039824154
 10
90.71322334086078
 20
58.276889553906194
 10
91.402243470127
 20
57.587869424640004
 10
87.89249775739229
 20
56.237967227434346
 10
86.68602131667666
 20
55.03149078671865
 10
85.82904419575212
 20
57.03110406887602
 10
83.68235501358288
 20
58.64112095550278
 10
83.70902524048464
 20
58.66779118240451
  0
LWPOLYLINE
  5
129
330
17
100
AcDbEntity
  8
ENG_L
100
AcDbPolyline
 90
4
 70
1
 10
88.71366335299952
 20
60.52655944856822
 10
88.34927342003438
 20
59.79777958263788
 10
88.55424275732724
 20
59.729456470207
 10
88.71366335299952
 20
60.52655944856822
  0
LWPOLYLINE
  5
12A
330
17
100
AcDbEntity
  8
ENG_L
100
AcDbPolyline
 90
4
 70
1
 10
89.49459702601051
 20
58.17478453381286
 10
88.98770007079005
 20
58.47892270694521
 10
88.98770007079005
 20
58.17478453381286
 10
89.49459702601051
 20
58.17478453381286
  0
LWPOLYLINE
  5
12B
330
17
100
AcDbEntity
  8
ENG_L
100
AcDbPolyline
 90
5
 70
1
 10
91.12521057925302
 20
27.587286711237557
 10
90.45973216804072
 20
28.252765122450008
 10
92.2732626968351
 20
28.615471228208733
 10
92.93874110804751
 20
27.949992816996506
 10
91.12521057925302
 20
27.587286711237557
  0
LWPOLYLINE
  5
12C
330
17
100
AcDbEntity
  8
ENG_L
100
AcDbPolyline
 90
5
 70
1
 10
92.29996918943283
 20
72.18880161726926
 10
92.78075170422272
 20
70.7464540728997
 10
91.69923663804404
 20
70.7464540728997
 10
91.69923663804404
 20
71.58806906588033
 10
92.29996918943283
 20
72.18880161726926
  0
LWPOLYLINE
  5
12D
330
17
100
AcDbEntity
  8
ENG_L
100
AcDbPolyline
 90
5
 70
1
 10
91.69923663804404
 20
217.1694287046152
 10
91.69923663804404
 20
218.01104369759605
 10
92.29996918943284
 20
218.61177624898477
 10
92.78075170422272
 20
217.1694287046152
 10
91.69923663804404
 20
217.1694287046152
  0
LWPOLYLINE
  5
12E
330
17
100
AcDbEntity
  8
ENG_L
100
AcDbPolyline
 90
15
 70
1
 10
90.67304417782266
 20
68.82986820472215
 10
89.71095367702799
 20
64.98150620154341
 10
88.5419815317823
 20
63.0332192928007
 10
88.24211516140353
 20
68.13094758923988
 10
88.76511643787394
 20
68.6539488657103
 10
89.7511297350572
 20
72.59800205444333
 10
90.22021669226913
 20
73.06708901165526
 10
90.22021669226913
 20
74.51228140547327
 10
91.20622998945241
 20
76.15563690077876
 10
92.2267348346402
 20
74.45479549213252
 10
91.69923663804406
 20
73.39979909894012
 10
91.69923663804406
 20
71.0950624172888
 10
92.25613671972185
 20
70.53816233561083
 10
91.37068925703005
 20
69.06241656445789
 10
90.67304417782266
 20
68.82986820472215
  0
LWPOLYLINE
  5
12F
330
17
100
AcDbEntity
  8
ENG_L
100
AcDbPolyline
 90
5
 70
1
 10
91.20622998945241
 20
216.03901710322947
 10
91.80696254084123
 20
216.63974965461819
 10
92.28774505563108
 20
215.19740211024862
 10
91.20622998945241
 20
215.19740211024862
 10
91.20622998945241
 20
216.03901710322947
  0
LWPOLYLINE
  5
130
330
17
100
AcDbEntity
  8
ENG_L
100
AcDbPolyline
 90
5
 70
1
 10
91.31395589224957
 20
214.66772306025172
 10
91.79473840703943
 20
213.22537551588206
 10
90.71322334086076
 20
213.22537551588206
 10
90.71322334086076
 20
214.0669905088628
 10
91.31395589224957
 20
214.66772306025172
  0
LWPOLYLINE
  5
131
330
17
100
AcDbEntity
  8
ENG_L
100
AcDbPolyline
 90
5
 70
1
 10
91.26041238216571
 20
210.76034227292396
 10
90.22021669226913
 20
210.76034227292396
 10
90.22021669226913
 20
212.09496391449622
 10
90.86460949358757
 20
212.73935671581478
 10
91.26041238216571
 20
210.76034227292396
  0
LWPOLYLINE
  5
132
330
17
100
AcDbEntity
  8
ENG_L
100
AcDbPolyline
 90
4
 70
1
 10
91.41606091234293
 20
28.702111521112016
 10
89.97371336797332
 20
27.259763976742345
 10
89.97371336797332
 20
29.182894035901796
 10
91.41606091234293
 20
28.702111521112016
  0
LWPOLYLINE
  5
133
330
17
100
AcDbEntity
  8
ENG_L
100
AcDbPolyline
 90
5
 70
1
 10
89.64619063347811
 20
97.1012241626581
 10
88.98071222226582
 20
97.76670257387055
 10
90.79424275106021
 20
98.12940867962926
 10
91.45972116227257
 20
97.46393026841704
 10
89.64619063347811
 20
97.1012241626581
  0
LWPOLYLINE
  5
134
330
17
100
AcDbEntity
  8
ENG_L
100
AcDbPolyline
 90
5
 70
1
 10
89.7272100436775
 20
208.78831567855738
 10
89.7272100436775
 20
210.12293732012986
 10
90.37160284499592
 20
210.76733012144823
 10
90.76740573357408
 20
208.78831567855738
 10
89.7272100436775
 20
208.78831567855738
  0
LWPOLYLINE
  5
135
330
17
100
AcDbEntity
  8
ENG_L
100
AcDbPolyline
 90
5
 70
1
 10
90.27439908498246
 20
206.8162890841908
 10
89.23420339508587
 20
206.8162890841908
 10
89.23420339508587
 20
208.1509107257632
 10
89.87859619640429
 20
208.79530352708176
 10
90.27439908498246
 20
206.8162890841908
  0
LWPOLYLINE
  5
136
330
17
100
AcDbEntity
  8
ENG_L
100
AcDbPolyline
 90
5
 70
1
 10
88.74119674649424
 20
204.84426248982436
 10
88.74119674649424
 20
206.17888413139684
 10
89.38558954781267
 20
206.82327693271506
 10
89.78139243639082
 20
204.84426248982436
 10
88.74119674649424
 20
204.84426248982436
  0
LWPOLYLINE
  5
137
330
17
100
AcDbEntity
  8
ENG_L
100
AcDbPolyline
 90
5
 70
1
 10
88.2481900979026
 20
201.8862225982745
 10
88.2481900979026
 20
203.71385088843863
 10
88.91550091868883
 20
204.3811617092247
 10
89.27192079168174
 20
201.8862225982745
 10
88.2481900979026
 20
201.8862225982745
  0
LWPOLYLINE
  5
138
330
17
100
AcDbEntity
  8
ENG_L
100
AcDbPolyline
 90
5
 70
1
 10
88.79537913920754
 20
199.91419600390793
 10
87.75518344931096
 20
199.91419600390793
 10
87.75518344931096
 20
201.24881764548041
 10
88.3995762506294
 20
201.89321044679863
 10
88.79537913920754
 20
199.91419600390793
  0
LWPOLYLINE
  5
139
330
17
100
AcDbEntity
  8
ENG_L
100
AcDbPolyline
 90
5
 70
1
 10
88.83669851548963
 20
61.87233439825024
 10
87.75518344931096
 20
61.87233439825024
 10
87.75518344931096
 20
62.7139493912311
 10
88.35591600069978
 20
63.3146819426198
 10
88.83669851548963
 20
61.87233439825024
  0
LWPOLYLINE
  5
13A
330
17
100
AcDbEntity
  8
ENG_L
100
AcDbPolyline
 90
5
 70
1
 10
87.90656960203775
 20
199.42817720384065
 10
88.30237249061591
 20
197.4491627609498
 10
87.26217680071933
 20
197.4491627609498
 10
87.26217680071933
 20
198.78378440252231
 10
87.90656960203775
 20
199.42817720384065
  0
LWPOLYLINE
  5
13B
330
17
100
AcDbEntity
  8
ENG_L
100
AcDbPolyline
 90
5
 70
1
 10
87.82176171870836
 20
31.094945611969017
 10
88.45802102079311
 20
30.45868630988413
 10
87.1955985313219
 20
30.037878813393814
 10
86.55933922923707
 20
30.674138115478478
 10
87.82176171870836
 20
31.094945611969017
  0
LWPOLYLINE
  5
13C
330
17
100
AcDbEntity
  8
ENG_L
100
AcDbPolyline
 90
5
 70
1
 10
85.3390907054429
 20
62.762889890321084
 10
86.46503197899541
 20
60.886321101066954
 10
84.79714355776116
 20
60.886321101066954
 10
84.79714355776116
 20
62.22094274263945
 10
85.3390907054429
 20
62.762889890321084
  0
LWPOLYLINE
  5
13D
330
17
100
AcDbEntity
  8
ENG_L
100
AcDbPolyline
 90
12
 70
1
 10
83.81113026057788
 20
66.92204918653077
 10
83.81113026057788
 20
65.62807580390084
 10
84.85057574486342
 20
63.549184835329896
 10
83.37441811429083
 20
62.07302720475716
 10
81.34609701761971
 20
62.94230767475917
 10
81.34609701761971
 20
65.17898263418908
 10
81.83910366621134
 20
65.67198928278073
 10
81.83910366621134
 20
68.67296753579222
 10
84.30887933139313
 20
70.04506512755981
 10
85.8330373530807
 20
69.13057031454728
 10
85.49865532598064
 20
68.12742423324703
 10
83.81113026057788
 20
66.92204918653077
  0
LWPOLYLINE
  5
13E
330
17
100
AcDbEntity
  8
ENG_L
100
AcDbPolyline
 90
5
 70
1
 10
85.44603025961112
 20
25.334861698800726
 10
84.38868685186885
 20
23.572622685896995
 10
82.77523646525835
 20
24.540692917863318
 10
83.14932624984539
 20
25.66296227162446
 10
85.44603025961112
 20
25.334861698800726
  0
LWPOLYLINE
  5
13F
330
17
100
AcDbEntity
  8
ENG_L
100
AcDbPolyline
 90
5
 70
1
 10
83.37230600469957
 20
170.82680373700154
 10
82.33211031480299
 20
170.82680373700154
 10
82.33211031480299
 20
172.16142537857405
 10
82.97650311612139
 20
172.80581817989238
 10
83.37230600469957
 20
170.82680373700154
  0
LWPOLYLINE
  5
140
330
17
100
AcDbEntity
  8
ENG_L
100
AcDbPolyline
 90
5
 70
1
 10
82.92061873239001
 20
167.8687638454517
 10
81.83910366621134
 20
167.8687638454517
 10
81.83910366621134
 20
168.71037883843243
 10
82.43983621760015
 20
169.31111138982135
 10
82.92061873239001
 20
167.8687638454517
  0
LWPOLYLINE
  5
141
330
17
100
AcDbEntity
  8
ENG_L
100
AcDbPolyline
 90
12
 70
1
 10
82.45749681187183
 20
55.05989550218749
 10
82.82511696339463
 20
54.87608542642608
 10
82.82511696339463
 20
53.984228020784066
 10
81.49049532182215
 20
53.984228020784066
 10
80.35517595573373
 20
55.119547386872526
 10
80.6204936444324
 20
60.69121884954443
 10
82.49488654333676
 20
60.3163402697634
 10
81.41679310614371
 20
58.69920011397378
 10
81.83910366621136
 20
58.276889553906194
 10
81.83910366621136
 20
56.848112020792655
 10
82.88007393923607
 20
56.32762688428039
 10
82.45749681187183
 20
55.05989550218749
  0
LWPOLYLINE
  5
142
330
17
100
AcDbEntity
  8
ENG_L
100
AcDbPolyline
 90
4
 70
1
 10
81.83910366621136
 20
55.369092075017726
 10
82.31621205769855
 20
55.13053787927413
 10
81.83910366621137
 20
55.607646270761315
 10
81.83910366621136
 20
55.369092075017726
  0
LWPOLYLINE
  5
143
330
17
100
AcDbEntity
  8
ENG_L
100
AcDbPolyline
 90
5
 70
1
 10
82.38629270751629
 20
165.40373060249357
 10
81.34609701761971
 20
165.40373060249357
 10
81.34609701761971
 20
166.73835224406585
 10
81.99048981893812
 20
167.3827450453844
 10
82.38629270751629
 20
165.40373060249357
  0
LWPOLYLINE
  5
144
330
17
100
AcDbEntity
  8
ENG_L
100
AcDbPolyline
 90
4
 70
1
 10
82.5419412376935
 20
62.226563625343175
 10
81.0995936933239
 20
60.78421608097351
 10
81.0995936933239
 20
62.707346140132955
 10
82.5419412376935
 20
62.226563625343175
  0
LWPOLYLINE
  5
145
330
17
100
AcDbEntity
  8
ENG_L
100
AcDbPolyline
 90
5
 70
1
 10
81.89328605892467
 20
163.92471065671853
 10
80.85309036902808
 20
163.92471065671853
 10
80.85309036902808
 20
165.25933229829093
 10
81.4974831703465
 20
165.9037250996095
 10
81.89328605892467
 20
163.92471065671853
  0
LWPOLYLINE
  5
146
330
17
100
AcDbEntity
  8
ENG_L
100
AcDbPolyline
 90
5
 70
1
 10
78.23701160688647
 20
25.094398579083244
 10
79.29305101305381
 20
26.15043798525063
 10
80.99792707729267
 20
25.809462772402814
 10
79.95162701454417
 20
24.065629334488637
 10
78.23701160688647
 20
25.094398579083244
  0
LWPOLYLINE
  5
147
330
17
100
AcDbEntity
  8
ENG_L
100
AcDbPolyline
 90
5
 70
1
 10
76.66253385599919
 20
58.613608789691355
 10
76.66253385599919
 20
60.146811128179436
 10
77.50414884898004
 20
60.146811128179436
 10
78.64154829888997
 20
59.009411678269345
 10
76.66253385599919
 20
58.613608789691355
  0
LWPOLYLINE
  5
148
330
17
100
AcDbEntity
  8
ENG_L
100
AcDbPolyline
 90
5
 70
1
 10
76.04502278836866
 20
56.66648307913247
 10
74.40044758607499
 20
56.995398119591314
 10
74.74102627750338
 20
58.69829157673312
 10
77.06491723355333
 20
58.36630715444024
 10
76.04502278836866
 20
56.66648307913247
  0
LWPOLYLINE
  5
149
330
17
100
AcDbEntity
  8
ENG_L
100
AcDbPolyline
 90
12
 70
1
 10
75.51103664471947
 20
61.11173881546872
 10
74.056806064503
 20
61.402584931512074
 10
72.47197734297029
 20
63.51568989355572
 10
72.47197734297029
 20
64.76154050926486
 10
73.84991396661343
 20
65.22085271714585
 10
73.40455845305131
 20
66.11156374427007
 10
74.8349055658351
 20
67.54191085705385
 10
76.02512890320511
 20
67.54191085705385
 10
76.9517735296589
 20
66.6152662306001
 10
75.95355073408598
 20
64.11970924166776
 10
76.97973326881902
 20
62.58043543956837
 10
75.51103664471947
 20
61.11173881546872
  0
LWPOLYLINE
  5
14A
330
17
100
AcDbEntity
  8
ENG_L
100
AcDbPolyline
 90
5
 70
1
 10
74.05872319154236
 20
51.48252237642059
 10
74.53950570633222
 20
50.04017483205092
 10
73.45799064015355
 20
50.04017483205092
 10
73.45799064015355
 20
50.88178982503167
 10
74.05872319154236
 20
51.48252237642059
  0
LWPOLYLINE
  5
14B
330
17
100
AcDbEntity
  8
ENG_L
100
AcDbPolyline
 90
5
 70
1
 10
71.48596404578703
 20
122.51215217502131
 10
71.48596404578703
 20
124.33978046518546
 10
72.15327486657326
 20
125.00709128597154
 10
72.50969473956616
 20
122.51215217502131
 10
71.48596404578703
 20
122.51215217502131
  0
LWPOLYLINE
  5
14C
330
17
100
AcDbEntity
  8
ENG_L
100
AcDbPolyline
 90
4
 70
1
 10
71.2394607214912
 20
53.59332639228587
 10
72.08107571447206
 20
52.75171139930479
 10
71.2394607214912
 20
51.91009640632416
 10
71.2394607214912
 20
53.59332639228587
  0
LWPOLYLINE
  5
14D
330
17
100
AcDbEntity
  8
ENG_L
100
AcDbPolyline
 90
5
 70
1
 10
70.99295739719538
 20
121.03313222924639
 10
70.99295739719538
 20
121.87474722222724
 10
71.59368994858418
 20
122.47547977361594
 10
72.07447246337406
 20
121.03313222924639
 10
70.99295739719538
 20
121.03313222924639
  0
LWPOLYLINE
  5
14E
330
17
100
AcDbEntity
  8
ENG_L
100
AcDbPolyline
 90
11
 70
1
 10
70.49329435953598
 20
116.28545589227612
 10
69.97423197538062
 20
112.65201920318857
 10
69.02093080282886
 20
112.65201920318857
 10
69.02093080282886
 20
114.97265414194425
 10
69.51393745142049
 20
115.46566079053588
 10
69.51393745142049
 20
116.94468073631081
 10
70.02636819521776
 20
117.45711148010807
 10
70.9883476823319
 20
122.26700891567887
 10
71.10444004622956
 20
122.26197092726865
 10
71.49127924781726
 20
118.78041811297923
 10
70.49329435953598
 20
116.28545589227612
  0
LWPOLYLINE
  5
14F
330
17
100
AcDbEntity
  8
ENG_L
100
AcDbPolyline
 90
4
 70
1
 10
70.74645407289957
 20
31.20381716547549
 10
70.74645407289957
 20
32.8870471514372
 10
71.58806906588042
 20
32.04543215845612
 10
70.74645407289957
 20
31.20381716547549
  0
LWPOLYLINE
  5
150
330
17
100
AcDbEntity
  8
ENG_L
100
AcDbPolyline
 90
5
 70
1
 10
70.07352236940953
 20
53.77325144718426
 10
70.70978167149426
 20
53.13699214509937
 10
69.44735918202304
 20
52.71618464860906
 10
68.81109987993825
 20
53.35244395069372
 10
70.07352236940953
 20
53.77325144718426
  0
LWPOLYLINE
  5
151
330
17
100
AcDbEntity
  8
ENG_L
100
AcDbPolyline
 90
4
 70
1
 10
67.78841418134976
 20
107.82405773736569
 10
68.63002917433062
 20
106.98244274438463
 10
67.78841418134976
 20
106.14082775140399
 10
67.78841418134976
 20
107.82405773736569
  0
LWPOLYLINE
  5
152
330
17
100
AcDbEntity
  8
ENG_L
100
AcDbPolyline
 90
5
 70
1
 10
68.13041927464096
 20
104.27090617713075
 10
67.0489042084623
 20
104.27090617713075
 10
67.0489042084623
 20
105.11252117011149
 10
67.64963675985112
 20
105.71325372150042
 10
68.13041927464096
 20
104.27090617713075
  0
LWPOLYLINE
  5
153
330
17
100
AcDbEntity
  8
ENG_L
100
AcDbPolyline
 90
5
 70
1
 10
67.62293026725334
 20
53.75881030638219
 10
68.2884086784656
 20
53.09333189516974
 10
66.47487814967127
 20
52.730625789411015
 10
65.80939973845885
 20
53.39610420062324
 10
67.62293026725334
 20
53.75881030638219
  0
LWPOLYLINE
  5
154
330
17
100
AcDbEntity
  8
ENG_L
100
AcDbPolyline
 90
5
 70
1
 10
67.63741262604934
 20
102.29887958276429
 10
66.55589755987069
 20
102.29887958276429
 10
66.55589755987069
 20
103.14049457574515
 10
67.15663011125947
 20
103.74122712713385
 10
67.63741262604934
 20
102.29887958276429
  0
LWPOLYLINE
  5
155
330
17
100
AcDbEntity
  8
ENG_L
100
AcDbPolyline
 90
4
 70
1
 10
67.15100922855571
 20
100.57335631269338
 10
66.30939423557486
 20
99.73174131971274
 10
66.30939423557486
 20
101.41497130567446
 10
67.15100922855571
 20
100.57335631269338
  0
LWPOLYLINE
  5
156
330
17
100
AcDbEntity
  8
ENG_L
100
AcDbPolyline
 90
5
 70
1
 10
66.1706168140762
 20
99.30416728980917
 10
66.65139932886606
 20
97.8618197454395
 10
65.56988426268741
 20
97.8618197454395
 10
65.56988426268741
 20
98.70343473842024
 10
66.1706168140762
 20
99.30416728980917
  0
LWPOLYLINE
  5
157
330
17
100
AcDbEntity
  8
ENG_L
100
AcDbPolyline
 90
4
 70
1
 10
65.3233809383916
 20
97.96392476553284
 10
66.16499593137245
 20
97.1223097725522
 10
65.3233809383916
 20
96.28069477957114
 10
65.3233809383916
 20
97.96392476553284
  0
LWPOLYLINE
  5
158
330
17
100
AcDbEntity
  8
ENG_L
100
AcDbPolyline
 90
5
 70
1
 10
63.51683825812143
 20
53.22363243800265
 10
62.85135984690907
 20
53.88911084921488
 10
64.66489037570352
 20
54.25181695497383
 10
65.33036878691583
 20
53.58633854376138
 10
63.51683825812143
 20
53.22363243800265
  0
LWPOLYLINE
  5
159
330
17
100
AcDbEntity
  8
ENG_L
100
AcDbPolyline
 90
5
 70
1
 10
63.77216184051547
 20
90.00361923596545
 10
64.12858171350837
 20
87.50868012501523
 10
63.10485101972924
 20
87.50868012501523
 10
63.10485101972924
 20
89.33630841517936
 10
63.77216184051547
 20
90.00361923596545
  0
LWPOLYLINE
  5
15A
330
17
100
AcDbEntity
  8
ENG_L
100
AcDbPolyline
 90
5
 70
1
 10
63.652040061034185
 20
85.53665353064865
 10
62.61184437113759
 20
85.53665353064865
 10
62.61184437113759
 20
86.87127517222105
 10
63.25623717245602
 20
87.5156679735396
 10
63.652040061034185
 20
85.53665353064865
  0
LWPOLYLINE
  5
15B
330
17
100
AcDbEntity
  8
ENG_L
100
AcDbPolyline
 90
5
 70
1
 10
62.11883772254597
 20
84.89924857785446
 10
62.76323052386439
 20
85.54364137917302
 10
63.15903341244254
 20
83.5646269362822
 10
62.11883772254597
 20
83.5646269362822
 10
62.11883772254597
 20
84.89924857785446
  0
LWPOLYLINE
  5
15C
330
17
100
AcDbEntity
  8
ENG_L
100
AcDbPolyline
 90
4
 70
1
 10
61.872334398250146
 20
81.98350197041371
 10
61.872334398250146
 20
83.66673195637541
 10
62.713949391231
 20
82.82511696339479
 10
61.872334398250146
 20
81.98350197041371
  0
LWPOLYLINE
  5
15D
330
17
100
AcDbEntity
  8
ENG_L
100
AcDbPolyline
 90
5
 70
1
 10
61.5592528045569
 20
53.70219794579234
 10
60.92299350247204
 20
54.338457247877
 10
62.1854159919434
 20
54.75926474436732
 10
62.82167529402827
 20
54.123005442282654
 10
61.5592528045569
 20
53.70219794579234
  0
LWPOLYLINE
  5
15E
330
17
100
AcDbEntity
  8
ENG_L
100
AcDbPolyline
 90
5
 70
1
 10
61.835661996844955
 20
54.6160120908743
 10
60.573239507373664
 20
54.19520459438376
 10
59.936980205288926
 20
54.83146389646865
 10
61.199402694760145
 20
55.252271392959074
 10
61.835661996844955
 20
54.6160120908743
  0
LWPOLYLINE
  5
15F
330
17
100
AcDbEntity
  8
ENG_L
100
AcDbPolyline
 90
4
 70
1
 10
60.88632110106688
 20
80.70869206482578
 10
61.72793609404772
 20
79.8670770718447
 10
60.88632110106688
 20
79.02546207886407
 10
60.88632110106688
 20
80.70869206482578
  0
LWPOLYLINE
  5
160
330
17
100
AcDbEntity
  8
ENG_L
100
AcDbPolyline
 90
5
 70
1
 10
60.74754367956824
 20
79.09089469755214
 10
61.22832619435808
 20
77.64854715318248
 10
60.146811128179436
 20
77.64854715318248
 10
60.146811128179436
 20
78.49016214616323
 10
60.74754367956824
 20
79.09089469755214
  0
LWPOLYLINE
  5
161
330
17
100
AcDbEntity
  8
ENG_L
100
AcDbPolyline
 90
4
 70
1
 10
60.74192279686445
 20
55.21674464226323
 10
59.900307803883614
 20
54.37512964928215
 10
59.900307803883614
 20
56.05835963524386
 10
60.74192279686445
 20
55.21674464226323
  0
LWPOLYLINE
  5
162
330
17
100
AcDbEntity
  8
ENG_L
100
AcDbPolyline
 90
5
 70
1
 10
60.73531954576647
 20
75.67652055881602
 10
59.6538044795878
 20
75.67652055881602
 10
59.6538044795878
 20
76.51813555179687
 10
60.254537030976586
 20
77.11886810318558
 10
60.73531954576647
 20
75.67652055881602
  0
LWPOLYLINE
  5
163
330
17
100
AcDbEntity
  8
ENG_L
100
AcDbPolyline
 90
4
 70
1
 10
55.95625461515054
 20
60.784216080973394
 10
55.95625461515054
 20
62.4674460669351
 10
56.79786960813137
 20
61.62583107395447
 10
55.95625461515054
 20
60.784216080973394
  0
LWPOLYLINE
  5
164
330
17
100
AcDbEntity
  8
ENG_D
100
AcDbPolyline
 90
4
 70
1
 10
234.9176680539139
 20
29.92900725988723
 10
235.75928304689475
 20
29.087392266906598
 10
234.9176680539139
 20
28.24577727392552
 10
234.9176680539139
 20
29.92900725988723
  0
LWPOLYLINE
  5
165
330
17
100
AcDbEntity
  8
ENG_D
100
AcDbPolyline
 90
9
 70
1
 10
235.16417137820974
 20
30.62706411320526
 10
235.16417137820974
 20
29.333895591202364
 10
234.25777052967268
 20
29.333895591202364
 10
233.22856666211857
 20
31.906905260087548
 10
232.20613148665993
 20
32.92934043554618
 10
232.20613148665993
 20
33.91535373272947
 10
231.69203922817425
 20
34.42944599121511
 10
232.10109941886685
 20
36.474746944678
 10
235.16417137820974
 20
30.62706411320526
  0
LWPOLYLINE
  5
166
330
17
100
AcDbEntity
  8
ENG_D
100
AcDbPolyline
 90
5
 70
1
 10
229.63511854642047
 20
41.40007528315326
 10
232.22683711044388
 20
36.50460688444246
 10
231.77749532670012
 20
35.156581533210996
 10
229.23418867899903
 20
39.39542594604617
 10
229.63511854642047
 20
41.40007528315326
  0
LWPOLYLINE
  5
167
330
17
100
AcDbEntity
  8
ENG_D
100
AcDbPolyline
 90
5
 70
1
 10
228.75508494651848
 20
41.514663501790785
 10
229.35581749790728
 20
42.11539605317949
 10
229.83660001269718
 20
40.67304850880993
 10
228.75508494651848
 20
40.67304850880993
 10
228.75508494651848
 20
41.514663501790785
  0
LWPOLYLINE
  5
168
330
17
100
AcDbEntity
  8
ENG_D
100
AcDbPolyline
 90
5
 70
1
 10
228.26207829792682
 20
41.65906180599321
 10
228.26207829792682
 20
42.50067679897407
 10
228.86281084931565
 20
43.10140935036277
 10
229.34359336410554
 20
41.65906180599321
 10
228.26207829792682
 20
41.65906180599321
  0
LWPOLYLINE
  5
169
330
17
100
AcDbEntity
  8
ENG_D
100
AcDbPolyline
 90
5
 70
1
 10
228.36980420072402
 20
44.08742264754606
 10
228.85058671551386
 20
42.6450751031765
 10
227.76907164933522
 20
42.6450751031765
 10
227.76907164933522
 20
43.48669009615735
 10
228.36980420072402
 20
44.08742264754606
  0
LWPOLYLINE
  5
16A
330
17
100
AcDbEntity
  8
ENG_D
100
AcDbPolyline
 90
30
 70
1
 10
209.4461521797157
 20
31.572857058228877
 10
209.86978678085293
 20
31.996491659366132
 10
209.10313427776427
 20
32.45648316121941
 10
208.04880570566982
 20
30.98042316028704
 10
208.04880570566982
 20
30.00953013672747
 10
206.39672819757547
 20
27.035790622157553
 10
206.067338556168
 20
30.65907667763934
 10
206.5697857598949
 20
31.161523881366282
 10
206.5697857598949
 20
32.14753717854957
 10
208.4086558154667
 20
33.98640723412139
 10
210.08741056943376
 20
34.545992152110294
 10
210.987421502014
 20
33.64598121953011
 10
211.46701062342058
 20
31.248035612497226
 10
211.92628062500552
 20
31.094945611968903
 10
213.50293035887924
 20
32.67159534584263
 10
214.00637125039847
 20
34.18191802040038
 10
215.53561860367645
 20
35.099466432367166
 10
216.92292538031927
 20
32.60231423441018
 10
216.92292538031927
 20
31.450320489771254
 10
216.53202375182096
 20
31.059418861272945
 10
216.92292538031927
 20
30.66851723277464
 10
216.92292538031927
 20
26.375855699652504
 10
215.09529709015524
 20
26.375855699652504
 10
215.93691208313598
 20
27.21747069263325
 10
215.93691208313598
 20
29.478293895404796
 10
215.44390543454435
 20
29.97130054399644
 10
215.44390543454435
 20
31.450320489771254
 10
214.93800570491362
 20
31.95622021940203
 10
211.46399078124745
 20
28.97849314197387
 10
209.4461521797157
 20
31.572857058228877
  0
LWPOLYLINE
  5
16B
330
17
100
AcDbEntity
  8
ENG_D
100
AcDbPolyline
 90
5
 70
1
 10
214.88432051655528
 20
25.60081897606903
 10
214.24806121447045
 20
26.237078278153803
 10
215.5104837039417
 20
26.657885774644342
 10
216.1467430060265
 20
26.021626472559454
 10
214.88432051655528
 20
25.60081897606903
  0
LWPOLYLINE
  5
16C
330
17
100
AcDbEntity
  8
ENG_D
100
AcDbPolyline
 90
7
 70
1
 10
208.2511298142825
 20
23.583543768630697
 10
210.43484324764214
 20
25.143339078173344
 10
211.91822369318606
 20
25.143339078173344
 10
213.4200999098427
 20
26.144589889277814
 10
215.53098836000407
 20
25.722412199245426
 10
209.53878543106907
 20
23.154325229701843
 10
208.2511298142825
 20
23.583543768630697
  0
LWPOLYLINE
  5
16D
330
17
100
AcDbEntity
  8
ENG_D
100
AcDbPolyline
 90
4
 70
1
 10
208.29530902996564
 20
24.012927476787628
 10
209.1369240229465
 20
23.171312483806993
 10
208.29530902996564
 20
22.329697490825918
 10
208.29530902996564
 20
24.012927476787628
  0
LWPOLYLINE
  5
16E
330
17
100
AcDbEntity
  8
ENG_D
100
AcDbPolyline
 90
28
 70
1
 10
197.7750344187357
 20
32.54667062295879
 10
200.7429524893786
 20
30.07340556408966
 10
201.56508407276175
 20
30.07340556408966
 10
203.18059739550816
 20
31.150414445920592
 10
204.59775916552837
 20
29.166387967892394
 10
204.59775916552837
 20
27.999273949629867
 10
204.10475251693677
 20
27.50626730103811
 10
203.0166341996601
 20
28.594385618314845
 10
201.2672734093428
 20
28.594385618314845
 10
199.66769267961203
 20
26.537781822946748
 10
199.66769267961203
 20
21.338853700040517
 10
200.72198344493177
 20
20.70627924084856
 10
201.741824294072
 20
20.70627924084856
 10
202.7509820859395
 20
19.697121448981058
 10
200.24527652920523
 20
17.74823934929892
 10
197.30476445674725
 20
17.74823934929892
 10
196.79680487415953
 20
17.240279766711165
 10
194.86792673652846
 20
17.51583378637267
 10
194.24461954510406
 20
18.13914097779712
 10
194.24461954510406
 20
19.271958872290384
 10
195.75808275660503
 20
23.30786076962632
 10
196.63067873312278
 20
24.18045674614411
 10
195.23063284228732
 20
26.04718460059141
 10
195.23063284228732
 20
27.01326065244658
 10
194.24461954510406
 20
27.999273949629867
 10
194.24461954510406
 20
31.117610402486395
 10
194.82505990470236
 20
32.27849112168302
 10
197.7750344187357
 20
32.54667062295879
  0
LWPOLYLINE
  5
16F
330
17
100
AcDbEntity
  8
ENG_D
100
AcDbPolyline
 90
31
 70
1
 10
201.32438216914767
 20
144.45094803734892
 10
201.65935797875937
 20
143.44602060851386
 10
200.1167858493238
 20
140.36087634964267
 10
199.1746860310204
 20
139.41877653133938
 10
198.6151011130314
 20
139.9783614493283
 10
198.13704739843578
 20
139.81901021112975
 10
197.79116785424088
 20
138.78137157854508
 10
198.6816793824288
 20
138.78137157854508
 10
198.6816793824288
 20
137.4467499369727
 10
196.66906101012714
 20
135.4341315646711
 10
195.13879630607508
 20
132.06754921575669
 10
194.71654058380167
 20
134.17882782712397
 10
195.23063284228732
 20
134.69292008560961
 10
195.23063284228732
 20
135.82333168699546
 10
195.15102039364112
 20
135.82333168699546
 10
194.24461954510406
 20
133.5573295656528
 10
194.24461954510406
 20
130.05165020809827
 10
193.08430207572619
 20
128.89133273872034
 10
192.2617513444914
 20
134.64918785736378
 10
193.25860624792077
 20
136.14447021250785
 10
193.25860624792077
 20
140.60899986870922
 10
194.63552117360237
 20
141.98591479439082
 10
193.73052728661838
 20
142.89090868137478
 10
194.28903848210905
 20
145.6834646588281
 10
195.23063284228735
 20
145.6834646588281
 10
195.23063284228735
 20
144.1204847337274
 10
196.88975041905837
 20
143.4094343436827
 10
197.33893813558802
 20
142.51105891062332
 10
199.51922719075782
 20
142.94711672165727
 10
200.52178140121887
 20
144.45094803734892
 10
201.32438216914767
 20
144.45094803734892
  0
LWPOLYLINE
  5
170
330
17
100
AcDbEntity
  8
ENG_D
100
AcDbPolyline
 90
6
 70
1
 10
195.23063284228735
 20
138.92576988274763
 10
195.23063284228735
 20
137.65095997715937
 10
195.6404906554279
 20
137.24110216401886
 10
196.18692759596922
 20
138.5161216919486
 10
195.67469899178886
 20
139.36983603224917
 10
195.23063284228735
 20
138.92576988274763
  0
LWPOLYLINE
  5
171
330
17
100
AcDbEntity
  8
ENG_D
100
AcDbPolyline
 90
5
 70
1
 10
198.18867273383714
 20
139.62298657152593
 10
198.78940528522594
 20
140.22371912291499
 10
199.2701878000158
 20
138.7813715785452
 10
198.18867273383714
 20
138.7813715785452
 10
198.18867273383714
 20
139.62298657152593
  0
LWPOLYLINE
  5
172
330
17
100
AcDbEntity
  8
ENG_D
100
AcDbPolyline
 90
4
 70
1
 10
194.49112286939987
 20
131.28416682957734
 10
194.49112286939987
 20
132.96739681553905
 10
195.33273786238072
 20
132.12578182255797
 10
194.49112286939987
 20
131.28416682957734
  0
LWPOLYLINE
  5
173
330
17
100
AcDbEntity
  8
ENG_D
100
AcDbPolyline
 90
5
 70
1
 10
193.90751528762797
 20
147.83669311955495
 10
192.55576867643865
 20
148.2872753232849
 10
193.75161289651243
 20
149.4831195433587
 10
194.28014629580002
 20
148.9545861440712
 10
193.90751528762797
 20
147.83669311955495
  0
LWPOLYLINE
  5
174
330
17
100
AcDbEntity
  8
ENG_D
100
AcDbPolyline
 90
4
 70
1
 10
192.8677046194226
 20
128.6747352824167
 10
192.0260896264417
 20
127.83312028943594
 10
192.0260896264417
 20
129.51635027539743
 10
192.8677046194226
 20
128.6747352824167
  0
LWPOLYLINE
  5
175
330
17
100
AcDbEntity
  8
ENG_D
100
AcDbPolyline
 90
4
 70
1
 10
192.0260896264417
 20
14.934597761951384
 10
192.0260896264417
 20
16.617827747913093
 10
192.86770461942254
 20
15.776212754932462
 10
192.0260896264417
 20
14.934597761951384
  0
LWPOLYLINE
  5
176
330
17
100
AcDbEntity
  8
ENG_D
100
AcDbPolyline
 90
10
 70
1
 10
188.32853976200443
 20
137.15795332856794
 10
188.82154641059606
 20
137.6509599771595
 10
188.82154641059606
 20
138.432763234156
 10
188.1187088391139
 20
139.13560080563815
 10
189.42419257090611
 20
139.57076204956897
 10
190.28740570771126
 20
138.1320734882271
 10
190.81465861485663
 20
135.49580895250023
 10
189.31455305918772
 20
133.9957033968312
 10
188.32853976200443
 20
134.9817166940146
 10
188.32853976200443
 20
137.15795332856794
  0
LWPOLYLINE
  5
177
330
17
100
AcDbEntity
  8
ENG_D
100
AcDbPolyline
 90
5
 70
1
 10
188.9292723133932
 20
251.15021505603275
 10
189.3377557986506
 20
249.9247646002607
 10
188.21186842418638
 20
248.04828564282033
 10
187.81444750351878
 20
250.03539024615827
 10
188.9292723133932
 20
251.15021505603275
  0
LWPOLYLINE
  5
178
330
17
100
AcDbEntity
  8
ENG_D
100
AcDbPolyline
 90
21
 70
1
 10
188.82154641059606
 20
143.85583636866394
 10
188.82154641059606
 20
140.8977964771142
 10
188.38197194910668
 20
140.45822201562487
 10
189.03520765806564
 20
139.1517505977069
 10
186.3565131676379
 20
139.82142422031384
 10
186.3565131676379
 20
141.07453669842417
 10
187.3272889509
 20
142.5307003733174
 10
186.8284342063355
 20
145.0249740961399
 10
187.34252646482116
 20
145.53906635462565
 10
187.34252646482116
 20
146.29972296956763
 10
185.35233598477421
 20
147.79236582960286
 10
185.87302383459522
 20
151.43718077834978
 10
186.73988030451113
 20
152.8819415615431
 10
187.93661643554458
 20
152.4830295178652
 10
187.34252646482116
 20
151.29484957641836
 10
187.34252646482116
 20
148.99011289476704
 10
188.82154641059606
 20
147.51109294899211
 10
188.82154641059606
 20
146.0320730032173
 10
189.31455305918772
 20
145.53906635462576
 10
189.31455305918772
 20
144.3488430172557
 10
188.82154641059606
 20
143.85583636866394
  0
LWPOLYLINE
  5
179
330
17
100
AcDbEntity
  8
ENG_D
100
AcDbPolyline
 90
36
 70
1
 10
176.57739960600458
 20
29.108477876800375
 10
178.77279668753908
 20
29.547557293107317
 10
179.48547160605645
 20
31.685582048659345
 10
182.31035495881142
 20
34.510465401414336
 10
187.0701508401222
 20
34.510465401414336
 10
187.35410222889726
 20
31.954902902438963
 10
186.84951981622956
 20
31.450320489771254
 10
186.84951981622956
 20
28.49228059822151
 10
186.3565131676379
 20
27.999273949629867
 10
186.3565131676379
 20
24.472662885820952
 10
185.30392160105723
 20
24.121799030294213
 10
184.85084683555263
 20
24.574873795798812
 10
183.4249444167985
 20
23.556372068117227
 10
183.6079608195464
 20
22.64129005437765
 10
184.877493221863
 20
22.38738357391434
 10
184.877493221863
 20
20.34519716783345
 10
186.3565131676379
 20
19.359183870650163
 10
186.3565131676379
 20
17.486809721403816
 10
181.86195957710635
 20
17.7511952267293
 10
178.41781008430243
 20
19.22725929507385
 10
176.39427517571173
 20
19.22725929507385
 10
175.38434218714877
 20
20.23719228363674
 10
173.41231559278236
 20
20.730198932228383
 10
171.4402889984158
 20
22.702225526594955
 10
169.41020669352343
 20
23.20974610281801
 10
168.07419073102352
 20
26.683387605317744
 10
168.60827381833903
 20
27.21747069263325
 10
168.60827381833903
 20
29.333895591202253
 10
170.042874827109
 20
29.333895591202253
 10
170.22088635152295
 20
28.443837969132304
 10
171.44306204774094
 20
30.07340556408966
 10
172.14578905571236
 20
30.07340556408966
 10
174.61082229867054
 20
28.10137896972309
 10
175.2638635743261
 20
28.10137896972309
 10
175.2638635743261
 20
30.422013908478874
 10
176.57739960600458
 20
29.108477876800375
  0
LWPOLYLINE
  5
17A
330
17
100
AcDbEntity
  8
ENG_D
100
AcDbPolyline
 90
6
 70
1
 10
182.84349974938164
 20
31.317747087202363
 10
181.4782200373973
 20
29.562387457508276
 10
182.00400327301247
 20
28.686082064816265
 10
182.96359253420124
 20
29.261835621529507
 10
183.3733682959921
 20
30.08138714511133
 10
182.84349974938164
 20
31.317747087202363
  0
LWPOLYLINE
  5
17B
330
17
100
AcDbEntity
  8
ENG_D
100
AcDbPolyline
 90
4
 70
1
 10
186.4586181877313
 20
152.83206106340663
 10
185.61700319475045
 20
151.990446070426
 10
185.61700319475045
 20
153.6736760563877
 10
186.4586181877313
 20
152.83206106340663
  0
LWPOLYLINE
  5
17C
330
17
100
AcDbEntity
  8
ENG_D
100
AcDbPolyline
 90
7
 70
1
 10
182.8285920977396
 20
113.20090756949597
 10
186.65531096374235
 20
107.608010765338
 10
183.47841374613103
 20
108.24339020886032
 10
182.90546662749645
 20
109.3892844461295
 10
182.90546662749645
 20
111.31739756161608
 10
182.37693322820886
 20
111.84593096090356
 10
182.8285920977396
 20
113.20090756949597
  0
LWPOLYLINE
  5
17D
330
17
100
AcDbEntity
  8
ENG_D
100
AcDbPolyline
 90
17
 70
1
 10
176.90557630336338
 20
252.43769855797703
 10
177.43372065999745
 20
252.96584291461087
 10
178.35816715221074
 20
252.50361966850443
 10
178.80906600600866
 20
253.40541737610022
 10
179.5126116285684
 20
253.40541737610022
 10
181.58669698378628
 20
252.36837469849127
 10
183.37247106540664
 20
250.07237945069383
 10
183.846541744654
 20
248.65016741295153
 10
184.877493221863
 20
248.13469167434698
 10
184.877493221863
 20
247.07096614562585
 10
185.9188487458635
 20
245.50893285962516
 10
184.38448657327137
 20
243.46311662950225
 10
184.38448657327137
 20
240.83374783701373
 10
183.39847327608808
 20
240.83374783701373
 10
183.39847327608808
 20
242.01286957192124
 10
180.96825457066726
 20
247.35935072384717
 10
176.90557630336338
 20
252.43769855797703
  0
LWPOLYLINE
  5
17E
330
17
100
AcDbEntity
  8
ENG_D
100
AcDbPolyline
 90
4
 70
1
 10
185.47260489054796
 20
238.61521791835094
 10
184.6309898975672
 20
237.77360292537054
 10
184.6309898975672
 20
239.45683291133247
 10
185.47260489054796
 20
238.61521791835094
  0
LWPOLYLINE
  5
17F
330
17
100
AcDbEntity
  8
ENG_D
100
AcDbPolyline
 90
4
 70
1
 10
183.1519699517923
 20
107.12684104858694
 10
183.1519699517923
 20
108.81007103454876
 10
183.9935849447731
 20
107.96845604156813
 10
183.1519699517923
 20
107.12684104858694
  0
LWPOLYLINE
  5
180
330
17
100
AcDbEntity
  8
ENG_D
100
AcDbPolyline
 90
4
 70
1
 10
182.165956654609
 20
113.7401375204653
 10
183.00757164758986
 20
112.89852252748422
 10
182.165956654609
 20
112.0569075345036
 10
182.165956654609
 20
113.7401375204653
  0
LWPOLYLINE
  5
181
330
17
100
AcDbEntity
  8
ENG_D
100
AcDbPolyline
 90
11
 70
1
 10
182.41245997890488
 20
105.40131777851647
 10
182.0066054164105
 20
104.99546321602216
 10
180.04292012226182
 20
105.27598968661478
 10
179.30585833461683
 20
106.5044259993565
 10
177.05191228173607
 20
106.75486444967663
 10
176.4731774563423
 20
108.49106892585792
 10
177.37275398127002
 20
109.99036313407085
 10
179.07602462271166
 20
109.42260625359023
 10
182.9496401999015
 20
106.58195483031774
 10
182.520185881702
 20
105.2935918757193
 10
182.41245997890488
 20
105.40131777851647
  0
LWPOLYLINE
  5
182
330
17
100
AcDbEntity
  8
ENG_D
100
AcDbPolyline
 90
4
 70
1
 10
181.35986841232418
 20
106.45390934509713
 10
181.24303415246703
 20
106.41496459181144
 10
181.71037119189555
 20
106.10340656552575
 10
181.35986841232418
 20
106.45390934509713
  0
LWPOLYLINE
  5
183
330
17
100
AcDbEntity
  8
ENG_D
100
AcDbPolyline
 90
37
 70
1
 10
175.03710923820609
 20
115.87580740087111
 10
174.6526644442866
 20
114.72247301911254
 10
172.55232700707214
 20
116.22271404569429
 10
172.55232700707214
 20
117.23347734471578
 10
172.01064752548945
 20
117.77515682629847
 10
170.99953990915697
 20
117.26960301813216
 10
169.44328556022194
 20
119.34460881671227
 10
168.4601977156006
 20
119.6723047649193
 10
169.9433643450722
 20
121.74873804617947
 10
171.15324753134018
 20
121.99071468343314
 10
172.06271687210207
 20
123.80965336495697
 10
172.31989777027076
 20
128.18172863382495
 10
173.6404453243488
 20
128.18172863382495
 10
175.61247191871533
 20
126.20970203945848
 10
176.61319297607204
 20
126.20970203945848
 10
178.9344186831303
 20
123.37264839749828
 10
179.48994683805097
 20
121.70606393273641
 10
178.96141343876337
 20
121.17753053344882
 10
178.96141343876337
 20
118.7124972904906
 10
178.46840679017177
 20
118.21949064189896
 10
178.46840679017177
 20
117.46750694038555
 10
179.94742673594666
 20
116.48149364320226
 10
179.94742673594666
 20
115.95866743912752
 10
182.62229090179537
 20
113.2838032732788
 10
181.35986841232418
 20
112.8629957767885
 10
180.93344003312993
 20
113.28942415598264
 10
180.47596013523423
 20
112.83194425808696
 10
180.64545094720506
 20
112.3234718221745
 10
182.07049884949663
 20
111.46844308079962
 10
180.53096264055552
 20
109.92890687185842
 10
177.79213145013293
 20
110.23322144857217
 10
178.7986372102296
 20
111.74298008871708
 10
177.8269346527259
 20
111.93732060021789
 10
176.80934511010165
 20
113.46370491415414
 10
174.78742881675933
 20
114.90793083797013
 10
175.75971182578692
 20
115.3940723424839
 10
175.03710923820609
 20
115.87580740087111
  0
LWPOLYLINE
  5
184
330
17
100
AcDbEntity
  8
ENG_D
100
AcDbPolyline
 90
6
 70
1
 10
174.5994813112384
 20
116.55801602843874
 10
174.973908893704
 20
117.30687119336991
 10
173.45083656049147
 20
119.26510705035741
 10
173.04533365566377
 20
119.12993941541484
 10
173.04533365566377
 20
118.88923751180059
 10
174.5994813112384
 20
116.55801602843874
  0
LWPOLYLINE
  5
185
330
17
100
AcDbEntity
  8
ENG_D
100
AcDbPolyline
 90
5
 70
1
 10
178.23780172298035
 20
115.6962658577273
 10
179.3466941845578
 20
114.58737339614977
 10
179.4188933366591
 20
114.80397085245353
 10
178.8153949397902
 20
115.40746924932233
 10
178.23780172298035
 20
115.6962658577273
  0
LWPOLYLINE
  5
186
330
17
100
AcDbEntity
  8
ENG_D
100
AcDbPolyline
 90
5
 70
1
 10
170.68271661491025
 20
120.19120605415424
 10
171.18294657301567
 20
119.35748945731194
 10
171.56631370988887
 20
119.48527850293632
 10
171.56631370988887
 20
119.66104779716702
 10
170.68271661491025
 20
120.19120605415424
  0
LWPOLYLINE
  5
187
330
17
100
AcDbEntity
  8
ENG_D
100
AcDbPolyline
 90
258
 70
1
 10
137.54885495706606
 20
270.0655384081223
 10
134.05389493804472
 20
266.57057838910123
 10
133.05974702299395
 20
264.5822825589994
 10
131.13976852537482
 20
263.14229868578497
 10
131.13976852537482
 20
260.8587086461884
 10
131.67072567180372
 20
259.7967943533306
 10
130.78438264677087
 20
258.4672798157814
 10
131.07319025597727
 20
258.3710106127126
 10
132.16969530143797
 20
259.4675156581734
 10
133.64871524721283
 20
262.425555549723
 10
135.6207418415794
 20
264.39758214408937
 10
136.6032406807908
 20
266.3625798225122
 10
140.35377585077381
 20
270.61318634849306
 10
142.4600073113305
 20
271.66630207877154
 10
143.70941256629752
 20
271.2498336604492
 10
140.358845744421
 20
268.3779192416977
 10
141.86403002545174
 20
268.2106765438055
 10
142.84000351599755
 20
269.6746367796241
 10
143.64260428392637
 20
269.6746367796241
 10
143.9671138174511
 20
268.70110817905004
 10
150.7308970446846
 20
270.63361767254526
 10
151.84604776622345
 20
271.74876839408427
 10
152.44115943490857
 20
271.1536567253992
 10
154.41318602927518
 20
271.1536567253992
 10
154.9061926778668
 20
270.66065007680737
 10
156.3485701201018
 20
270.66065007680737
 10
159.89605496038732
 20
268.6335158823585
 10
162.2445548971741
 20
265.7631270707304
 10
161.74067228606071
 20
264.75536184850347
 10
162.30882689836622
 20
263.8084374946608
 10
162.59111071310764
 20
263.9025320995747
 10
162.098104064516
 20
264.888545396758
 10
163.22633348546543
 20
265.26462187040755
 10
166.8053212643161
 20
262.70820202837155
 10
169.2271245461465
 20
259.8020380901749
 10
173.6190325104531
 20
259.31404831636297
 10
174.99118771109178
 20
258.4907551959799
 10
175.2284835026546
 20
257.30427623816587
 10
177.11541155587003
 20
256.83254422486203
 10
178.60882454757362
 20
255.33913123315833
 10
177.0088794131949
 20
254.27250114357247
 10
177.2682735199082
 20
252.4567423965791
 10
175.5566835339704
 20
252.21222954144528
 10
175.75204409406876
 20
251.23542674095356
 10
175.95145239469264
 20
251.6342433422012
 10
178.6128835400322
 20
248.44052596779375
 10
179.454420087355
 20
248.1600137853528
 10
179.454420087355
 20
247.11958260655686
 10
181.37439858497413
 20
245.67959873334243
 10
181.9194533303132
 20
244.5894892426643
 10
181.9194533303132
 20
242.92035318009962
 10
180.44043338453827
 20
241.93433988291613
 10
180.44043338453827
 20
240.4851394926244
 10
180.0495317560401
 20
240.0942378641262
 10
180.44043338453827
 20
239.703336235628
 10
180.44043338453827
 20
238.06401972854619
 10
179.86364230447313
 20
236.9104375684157
 10
178.09160292304318
 20
236.65728908535445
 10
177.584498513082
 20
236.15018467539306
 10
176.3942751757117
 20
236.15018467539306
 10
175.5542803775018
 20
236.99017947360312
 10
175.0173602500303
 20
238.06401972854596
 10
175.0173602500303
 20
239.99213284403288
 10
174.03134695284703
 20
240.97814614121614
 10
174.03134695284703
 20
243.1543827757694
 10
174.48554487137218
 20
243.60858069429446
 10
172.55232700707214
 20
248.9249298211198
 10
172.55232700707214
 20
250.43916981659441
 10
172.26002090581073
 20
246.05457829767397
 10
172.66852978853518
 20
245.99621988585608
 10
173.59177249135774
 20
245.07297718303357
 10
172.93510903030216
 20
243.75965026092229
 10
171.39975085563594
 20
244.06672189585586
 10
170.96306742333613
 20
244.94008876045535
 10
170.08625217937262
 20
244.5016811384735
 10
169.56144549313163
 20
241.87764770726838
 10
168.5893596866871
 20
241.5536191051202
 10
167.46676581369024
 20
242.11491604161895
 10
164.66422062960598
 20
245.42701489553664
 10
164.66422062960598
 20
249.35925916727396
 10
164.17121398101435
 20
249.8522658158655
 10
164.17121398101435
 20
251.7868296197252
 10
163.38777492697193
 20
252.2568930521507
 10
163.19677644790718
 20
250.53790674056776
 10
163.67820733242272
 20
250.05647585605217
 10
163.67820733242272
 20
247.24283426870497
 10
162.69219403523942
 20
247.24283426870497
 10
162.69219403523942
 20
246.63524887139388
 10
164.17121398101435
 20
245.6492355742106
 10
164.17121398101435
 20
243.44317938417424
 10
162.69219403523942
 20
241.9641594383992
 10
162.69219403523942
 20
241.18235618140284
 10
163.67820733242266
 20
242.1683694785861
 10
164.1977041742239
 20
241.64887263678492
 10
163.65428764104306
 20
239.47520650406128
 10
162.7408668682306
 20
238.5617857312492
 10
161.75485357104742
 20
239.05479237984073
 10
160.80118685107237
 20
238.10112565986552
 10
159.21064710076936
 20
238.41923360992624
 10
159.7142168983615
 20
241.944222193071
 10
158.5597834270123
 20
240.78978872172186
 10
158.24355843383864
 20
243.63581366028498
 10
158.7605348862456
 20
244.15279011269186
 10
159.25354153483727
 20
248.096843301425
 10
159.73415414368964
 20
248.57745591027714
 10
159.73415414368964
 20
249.7767012921983
 10
159.35727753848965
 20
249.9023268272649
 10
158.18707880915125
 20
247.79596911445577
 10
157.26912090073145
 20
247.33699016024602
 10
157.26912090073145
 20
246.60542931591078
 10
157.83282363784718
 20
246.04172657879508
 10
154.8040876577733
 20
241.49862260868414
 10
154.8040876577733
 20
240.73959194547223
 10
156.03376267638302
 20
240.12475443616754
 10
154.31108100918163
 20
238.9762999913665
 10
154.31108100918163
 20
238.8173023056419
 10
157.20317949950348
 20
238.23888260757764
 10
155.36537177450137
 20
237.13619797257635
 10
153.09313915020556
 20
237.13619797257635
 10
150.43090324781082
 20
235.65717802680152
 10
149.25776286111727
 20
235.65717802680152
 10
147.9019945774904
 20
237.46486907163745
 10
146.5389870988317
 20
235.64752576675917
 10
142.88473977707505
 20
235.9286217145864
 10
143.30903234905009
 20
237.2014994305116
 10
144.87737641654306
 20
236.67871807468055
 10
145.4533020907818
 20
237.25464374891936
 10
145.94630873937342
 20
240.2126836404692
 10
147.40898792889877
 20
241.67536282999458
 10
147.40898792889877
 20
242.9501727355825
 10
145.98490762087715
 20
244.37425304360417
 10
144.94395468594058
 20
245.93568244600883
 10
144.94395468594058
 20
246.89422592431563
 10
144.45094803734895
 20
247.38723257290718
 10
142.92801461269417
 20
245.86429914825248
 10
141.48906323247164
 20
242.9863963878074
 10
141.230518444414
 20
239.1082245669429
 10
139.8870331780927
 20
239.1082245669429
 10
138.53486825424932
 20
241.00125546032382
 10
138.53486825424932
 20
243.85001283896958
 10
136.21992667273508
 20
244.48136054301895
 10
135.0838217141079
 20
241.52748765058817
 10
135.0838217141079
 20
240.19634288421955
 10
136.36029745087856
 20
238.91986714744883
 10
133.454362476945
 20
238.59698548367868
 10
132.1663736004932
 20
241.43056101187256
 10
129.66074857959993
 20
243.93618603276556
 10
129.66074857959993
 20
244.92219932994908
 10
129.06563691091483
 20
245.51731099863417
 10
129.63966296970588
 20
246.09133705742514
 10
129.4586641923091
 20
246.99633094440898
 10
128.7768403025101
 20
246.99633094440898
 10
128.181728633825
 20
246.40121927572412
 10
127.58661696513992
 20
246.99633094440898
 10
126.41178642674927
 20
246.99633094440898
 10
126.19027794425277
 20
245.88878853192654
 10
125.32579376236869
 20
245.02430435004263
 10
123.95345472420023
 20
245.02430435004263
 10
124.20717505076331
 20
246.80034663598406
 10
123.10319665905433
 20
247.0211423143256
 10
122.11718336187107
 20
248.50016226010064
 10
119.679086492468
 20
248.98778163398117
 10
119.30760895917558
 20
249.35925916727376
 10
118.91670733067748
 20
248.96835753877556
 10
117.88678055461408
 20
248.96835753877556
 10
116.00258091800772
 20
248.0262577204724
 10
113.00062754757782
 20
245.02430435004263
 10
112.5076208989862
 20
245.02430435004263
 10
105.99642944720146
 20
238.51311289825782
 10
105.99642944720146
 20
237.92989033817702
 10
106.87927164762152
 20
238.1064587782611
 10
108.79255258267297
 20
239.54141947954955
 10
110.9742829240318
 20
241.72314982090847
 10
112.23659945214122
 20
243.99531957150543
 10
113.75137928587253
 20
244.50024618274924
 10
116.74047069612392
 20
247.48933759300053
 10
117.95184067554871
 20
247.48933759300053
 10
119.4483035077137
 20
245.49405381678068
 10
120.78662890495049
 20
245.22638873733317
 10
120.78662890495049
 20
243.9361860327658
 10
120.29362225635879
 20
243.44317938417404
 10
119.83892834507571
 20
243.89787329545732
 10
118.85291504789247
 20
242.41885334968228
 10
117.7414369273034
 20
243.53033147027148
 10
114.48044313806231
 20
243.06447521466558
 10
112.03291402049913
 20
241.0619513912049
 10
112.4055158788927
 20
240.68934953281106
 10
112.4055158788927
 20
239.75357864828894
 10
113.34659099605032
 20
239.28304108971022
 10
113.58014592730024
 20
238.58237629596047
 10
115.80478348869919
 20
238.1374487836807
 10
120.19746138573683
 20
241.06590071503908
 10
122.83967490951643
 20
241.59434341979514
 10
123.35376716800212
 20
241.0802511613095
 10
122.54205804301347
 20
240.26854203632087
 10
123.8608715779633
 20
240.08014010275636
 10
124.832787113777
 20
239.1082245669429
 10
124.37809320249379
 20
238.65353065565964
 10
125.93103148521669
 20
237.61823846717766
 10
124.30595291322838
 20
236.6431913239848
 10
119.92117639172312
 20
236.6431913239848
 10
118.32159566199232
 20
234.5865875286166
 10
118.32159566199232
 20
231.27830973069007
 10
119.37578400875535
 20
229.16993303716416
 10
117.4407740877349
 20
227.78778309357816
 10
115.48958048191571
 20
227.2999846921233
 10
113.46714400295988
 20
225.27754821316748
 10
109.32145127586969
 20
226.31397139494004
 10
108.47556045152932
 20
227.15986221928054
 10
108.30868015671427
 20
228.32802428298572
 10
107.60737396855286
 20
227.2760650007437
 10
106.38733107569959
 20
227.2760650007437
 10
105.42444874367033
 20
228.23894733277305
 10
106.92710051756747
 20
230.24248303130236
 10
105.92573335867735
 20
231.74453376963777
 10
106.48943609579308
 20
232.30823650675325
 10
106.48943609579308
 20
235.75928304689464
 10
106.98244274438471
 20
236.25228969548638
 10
106.98244274438471
 20
236.86078843217362
 10
104.88853138107916
 20
236.62813161402863
 10
103.872162551334
 20
238.15268485864615
 10
101.92635154699522
 20
238.639137609731
 10
101.0663629612851
 20
239.4991261954411
 10
100.57335631269343
 20
239.00611954684936
 10
99.53391082840787
 20
240.04556503113506
 10
104.05729017284143
 20
249.09232372000224
 10
107.03738238213799
 20
253.56246203394696
 10
111.470243909645
 20
257.9953235614538
 10
112.94926385541991
 20
260.46035680441213
 10
115.20163901436422
 20
262.7127319633564
 10
117.21376250766104
 20
264.221824583329
 10
119.65116773730428
 20
265.19678667518633
 10
122.24908423374862
 20
268.31428647091957
 10
122.86076051941056
 20
267.7026101852575
 10
124.13557042499839
 20
267.7026101852575
 10
124.62857707359004
 20
268.1956168338493
 10
125.56434795811211
 20
268.1956168338493
 10
126.03488551669086
 20
269.13669195100675
 10
127.55556544643828
 20
269.64358526092246
 10
128.5562895060736
 20
270.64430932055797
 10
131.4684326326746
 20
271.1296665083247
 10
131.97343438980337
 20
272.1396700225822
 10
133.70690678842647
 20
272.1396700225822
 10
134.19991343701807
 20
271.6466633739907
 10
132.76480697012332
 20
270.211556907096
 10
130.78343123593578
 20
269.2208690400022
 10
127.68872198523337
 20
266.60226890479265
 10
127.68872198523337
 20
265.9082531346517
 10
128.08106343247886
 20
265.7774726522366
 10
128.9899858559439
 20
267.14085628743425
 10
134.8926181655842
 20
271.0759444938611
 10
135.42448092994482
 20
272.1396700225822
 10
136.95374328838088
 20
272.1396700225822
 10
137.46783554686658
 20
272.65376228106805
 10
139.02787490284098
 20
272.3417544098732
 10
139.02787490284098
 20
271.51473879841427
 10
137.54885495706606
 20
270.5287255012312
 10
137.54885495706606
 20
270.0655384081223
  0
LWPOLYLINE
  5
188
330
17
100
AcDbEntity
  8
ENG_D
100
AcDbPolyline
 90
6
 70
1
 10
143.60395434389224
 20
268.15967097912784
 10
142.15273894659651
 20
266.34565173250803
 10
142.43778864134808
 20
266.2506351675909
 10
143.82438136424275
 20
267.24105854108717
 10
143.42940798946972
 20
267.63603191586014
 10
143.60395434389224
 20
268.15967097912784
  0
LWPOLYLINE
  5
189
330
17
100
AcDbEntity
  8
ENG_D
100
AcDbPolyline
 90
7
 70
1
 10
175.5740533036122
 20
250.87944516004046
 10
173.5870131372466
 20
251.87296524322323
 10
173.5383403042554
 20
251.8242924102321
 10
173.5383403042554
 20
251.04248915323546
 10
174.13345197294052
 20
250.44737748455037
 10
175.35801946586722
 20
250.44737748455037
 10
175.5740533036122
 20
250.87944516004046
  0
LWPOLYLINE
  5
18A
330
17
100
AcDbEntity
  8
ENG_D
100
AcDbPolyline
 90
5
 70
1
 10
152.58555773911093
 20
237.3960352911022
 10
152.58555773911093
 20
239.15684102787392
 10
151.87152269598064
 20
238.08578846317863
 10
152.040925755118
 20
237.5775792857664
 10
152.58555773911093
 20
237.3960352911022
  0
LWPOLYLINE
  5
18B
330
17
100
AcDbEntity
  8
ENG_D
100
AcDbPolyline
 90
4
 70
1
 10
160.22716079228127
 20
243.1104692968895
 10
160.559870879566
 20
243.775889471459
 10
160.22716079228127
 20
243.44317938417424
 10
160.22716079228127
 20
243.1104692968895
  0
LWPOLYLINE
  5
18C
330
17
100
AcDbEntity
  8
ENG_D
100
AcDbPolyline
 90
5
 70
1
 10
169.82078944847296
 20
244.79780201709178
 10
169.48656121272515
 20
245.8004867243351
 10
169.13680721762663
 20
245.4507327292368
 10
169.29615845582518
 20
244.97267901464093
 10
169.82078944847296
 20
244.79780201709178
  0
LWPOLYLINE
  5
18D
330
17
100
AcDbEntity
  8
ENG_D
100
AcDbPolyline
 90
24
 70
1
 10
172.25220015674708
 20
246.05569554754015
 10
170.58030041270558
 20
248.39635518919812
 10
170.58030041270558
 20
250.34527246445703
 10
170.08729376411395
 20
250.8382791130488
 10
170.08729376411395
 20
251.8242924102321
 10
169.1012804669307
 20
252.81030570741535
 10
169.1012804669307
 20
254.30926289851817
 10
167.605432666308
 20
256.30372663268173
 10
168.08598566084194
 20
258.7064916053514
 10
167.23068786665166
 20
259.21967028186543
 10
166.79896611679482
 20
258.35622678215174
 10
165.28415255727398
 20
258.13982484507744
 10
165.7344495163765
 20
257.2392309268725
 10
164.66422062960598
 20
256.7041164834871
 10
164.66422062960598
 20
256.00237519463496
 10
166.1184292054642
 20
255.0329028107292
 10
166.3392248838059
 20
253.92892441902083
 10
167.99593010901418
 20
254.16559659405036
 10
169.62877866352684
 20
251.4441823365292
 10
169.18549605651802
 20
250.55761712251146
 10
170.08729376411398
 20
250.10671826871356
 10
170.08729376411398
 20
248.522823092864
 10
171.0027474868191
 20
246.23418878610127
 10
172.25220015674708
 20
246.05569554754015
  0
LWPOLYLINE
  5
18E
330
17
100
AcDbEntity
  8
ENG_D
100
AcDbPolyline
 90
7
 70
1
 10
172.55232700707214
 20
250.5295452593157
 10
172.55232700707214
 20
252.3172990588236
 10
172.05932035848048
 20
252.81030570741535
 10
172.05932035848048
 20
253.79631900459842
 10
171.07330706129719
 20
254.7823323017817
 10
171.0733070612972
 20
252.50157185368226
 10
172.55232700707214
 20
250.5295452593157
  0
LWPOLYLINE
  5
18F
330
17
100
AcDbEntity
  8
ENG_D
100
AcDbPolyline
 90
11
 70
1
 10
176.49638019580522
 20
242.14089965970942
 10
176.49638019580522
 20
241.20710618324102
 10
177.9754001415801
 20
240.15066336483025
 10
179.454420087355
 20
241.20710618324102
 10
179.454420087355
 20
241.5049803417646
 10
178.77641654595243
 20
242.63498624410218
 10
176.98938684439682
 20
243.91143603092758
 10
176.98938684439682
 20
244.89744932811087
 10
175.7169342850425
 20
245.806344013364
 10
175.51723224604166
 20
243.60962158435484
 10
176.49638019580522
 20
242.14089965970942
  0
LWPOLYLINE
  5
190
330
17
100
AcDbEntity
  8
ENG_D
100
AcDbPolyline
 90
4
 70
1
 10
174.69751212292405
 20
254.3203771718916
 10
174.90963434723318
 20
254.1082549475826
 10
174.952058792095
 20
254.235528282168
 10
174.69751212292405
 20
254.3203771718916
  0
LWPOLYLINE
  5
191
330
17
100
AcDbEntity
  8
ENG_D
100
AcDbPolyline
 90
6
 70
1
 10
167.12925387256414
 20
246.7054086831082
 10
167.12925387256414
 20
247.34976978240053
 10
166.2277905180802
 20
247.89064779509084
 10
165.71412735987542
 20
247.0345425314162
 10
166.22425998558032
 20
246.52440990571134
 10
167.12925387256414
 20
246.7054086831082
  0
LWPOLYLINE
  5
192
330
17
100
AcDbEntity
  8
ENG_D
100
AcDbPolyline
 90
5
 70
1
 10
165.19275402889357
 20
252.97898899690608
 10
165.99185442265411
 20
252.17988860314566
 10
166.1139590664754
 20
252.79041182225194
 10
165.29390565330883
 20
253.28244387015175
 10
165.19275402889357
 20
252.97898899690608
  0
LWPOLYLINE
  5
193
330
17
100
AcDbEntity
  8
ENG_D
100
AcDbPolyline
 90
5
 70
1
 10
154.66875976162035
 20
266.46102315572915
 10
155.26604278766342
 20
265.86374012968616
 10
155.71975302631165
 20
264.50260941374125
 10
155.32921838420188
 20
266.0647479821803
 10
154.66875976162035
 20
266.46102315572915
  0
LWPOLYLINE
  5
194
330
17
100
AcDbEntity
  8
ENG_D
100
AcDbPolyline
 90
18
 70
1
 10
155.79474188749975
 20
264.202653968989
 10
154.74131706341262
 20
262.0958043208148
 10
153.9877093291553
 20
261.71900045368625
 10
154.41318602927515
 20
261.2935237535663
 10
155.89220597505005
 20
261.2935237535663
 10
159.2172278037183
 20
257.9685019248981
 10
159.71023445230992
 20
255.99647533053172
 10
160.7007433456672
 20
255.0059664371742
 10
161.19374999425884
 20
252.5409331942161
 10
161.49233673774896
 20
252.24234645072596
 10
161.70895510811064
 20
255.92485874687497
 10
162.64945768587552
 20
258.27611519128715
 10
161.65274855095382
 20
259.2728243262088
 10
162.14575519954548
 20
260.2588376233921
 10
161.0766258036449
 20
261.3279670192927
 10
157.13257261491182
 20
262.80698696506755
 10
155.81402064633625
 20
264.125538933643
 10
155.79474188749975
 20
264.202653968989
  0
LWPOLYLINE
  5
195
330
17
100
AcDbEntity
  8
ENG_D
100
AcDbPolyline
 90
5
 70
1
 10
161.55479458532943
 20
250.68689296032187
 10
161.22812702346062
 20
250.36022539845294
 10
161.35901163330877
 20
249.44403312951624
 10
161.69227782194508
 20
249.99947677724356
 10
161.55479458532943
 20
250.68689296032187
  0
LWPOLYLINE
  5
196
330
17
100
AcDbEntity
  8
ENG_D
100
AcDbPolyline
 90
7
 70
1
 10
149.4259375629712
 20
261.3882908899936
 10
150.91641047059488
 20
260.3236673845484
 10
151.72774052599422
 20
260.4859333956282
 10
151.3969545965118
 20
261.14750525459283
 10
150.7579294489467
 20
261.78653040215806
 10
149.558684067026
 20
261.78653040215806
 10
149.4259375629712
 20
261.3882908899936
  0
LWPOLYLINE
  5
197
330
17
100
AcDbEntity
  8
ENG_D
100
AcDbPolyline
 90
8
 70
1
 10
149.91214219940463
 20
255.3727015482432
 10
150.97616451243186
 20
253.4574613847942
 10
151.35304111763185
 20
253.58308691986076
 10
151.35304111763185
 20
254.7823323017817
 10
150.8600344690402
 20
255.27533895037345
 10
150.8600344690402
 20
256.1857877238896
 10
150.47666733216698
 20
256.31357676951393
 10
149.91214219940463
 20
255.3727015482432
  0
LWPOLYLINE
  5
198
330
17
100
AcDbEntity
  8
ENG_D
100
AcDbPolyline
 90
8
 70
1
 10
147.42308569026844
 20
246.61952707728062
 10
148.373915616188
 20
247.57035700320017
 10
148.2016281090436
 20
248.43179453892205
 10
147.52729516912797
 20
248.29692795093882
 10
147.95542676459272
 20
247.44066476000958
 10
146.96179179809593
 20
246.44702979351285
 10
147.28928036539304
 20
245.68288980315268
 10
147.42308569026844
 20
246.61952707728062
  0
LWPOLYLINE
  5
199
330
17
100
AcDbEntity
  8
ENG_D
100
AcDbPolyline
 90
11
 70
1
 10
142.40822535445832
 20
252.45081301048634
 10
143.93685577886328
 20
253.97944343489144
 10
143.79099201250108
 20
254.70876226670237
 10
142.4789214429824
 20
253.77156900276043
 10
142.4789214429824
 20
252.81030570741535
 10
141.48620119207501
 20
251.81758545650789
 10
141.2633855543201
 20
248.4753508901838
 10
141.39080312570565
 20
248.4753508901838
 10
143.01584157045394
 20
250.10038933493206
 10
143.42698424232842
 20
250.92267467868123
 10
142.40822535445832
 20
252.45081301048634
  0
LWPOLYLINE
  5
19A
330
17
100
AcDbEntity
  8
ENG_D
100
AcDbPolyline
 90
18
 70
1
 10
139.5003299650323
 20
252.1247578039918
 10
140.01388820002424
 20
252.98068819564512
 10
140.01388820002424
 20
254.49353569337686
 10
140.9999014972075
 20
255.47954899056015
 10
140.9999014972075
 20
256.43809246886696
 10
141.98591479439077
 20
257.9171124146418
 10
141.98591479439077
 20
259.40796585643164
 10
143.87413084772388
 20
261.7682359230982
 10
143.47903250153536
 20
262.1633342692866
 10
143.25114354050137
 20
263.7585569965246
 10
142.58102646307591
 20
263.7585569965246
 10
141.49290814579916
 20
262.67043867924775
 10
141.49290814579916
 20
261.16666873163473
 10
138.0752072655123
 20
258.72545381714417
 10
138.6040805718119
 20
256.6099605919459
 10
137.05584830847445
 20
256.6099605919459
 10
137.05584830847445
 20
255.45814188111615
 10
139.5003299650323
 20
252.1247578039918
  0
LWPOLYLINE
  5
19B
330
17
100
AcDbEntity
  8
ENG_D
100
AcDbPolyline
 90
6
 70
1
 10
139.71345634395345
 20
248.3618729439303
 10
139.44919474990434
 20
248.27378574591387
 10
139.03967492862444
 20
247.45474610335404
 10
139.1792610555677
 20
246.75681546863748
 10
139.53497931280228
 20
247.11253372587217
 10
139.71345634395345
 20
248.3618729439303
  0
LWPOLYLINE
  5
19C
330
17
100
AcDbEntity
  8
ENG_D
100
AcDbPolyline
 90
16
 70
1
 10
130.6467618767832
 20
249.6009319979675
 10
131.44125255333904
 20
249.12423759203395
 10
131.64687293533618
 20
250.56358026601356
 10
132.63535308812652
 20
251.55206041880396
 10
135.2503036702917
 20
248.41411972020566
 10
136.56978138614272
 20
247.5344679096383
 10
137.54885495706606
 20
248.12191205219247
 10
137.54885495706606
 20
252.82211462441117
 10
134.96949373082595
 20
255.87045061905854
 10
133.72805343048103
 20
255.87045061905854
 10
132.2664763710962
 20
253.92168120654546
 10
131.39325969819492
 20
253.7470378719653
 10
131.63277517396645
 20
253.50752239619356
 10
131.63277517396645
 20
251.3312857616401
 10
130.6467618767832
 20
250.34527246445683
 10
130.6467618767832
 20
249.6009319979675
  0
LWPOLYLINE
  5
19D
330
17
100
AcDbEntity
  8
ENG_D
100
AcDbPolyline
 90
10
 70
1
 10
133.76184642618017
 20
259.37643679695356
 10
132.65431522184568
 20
258.26890559261926
 10
132.79645801491043
 20
257.8424772134249
 10
133.4524543355783
 20
257.8424772134249
 10
133.9454609841699
 20
258.82849051060816
 10
134.48871004542275
 20
258.82849051060816
 10
136.5628416598828
 20
260.9026221250683
 10
136.5628416598828
 20
261.191418733473
 10
136.5314327283134
 20
261.2228276650426
 10
133.76184642618017
 20
259.37643679695356
  0
LWPOLYLINE
  5
19E
330
17
100
AcDbEntity
  8
ENG_D
100
AcDbPolyline
 90
6
 70
1
 10
128.18856975535718
 20
257.31910116598345
 10
128.3436376291345
 20
256.23362604954235
 10
129.65295425520782
 20
257.9170331402081
 10
129.46290609090036
 20
260.0075629475902
 10
129.1313200527328
 20
259.67597690942256
 10
128.18856975535718
 20
257.31910116598345
  0
LWPOLYLINE
  5
19F
330
17
100
AcDbEntity
  8
ENG_D
100
AcDbPolyline
 90
6
 70
1
 10
126.61439353729828
 20
251.71928950298096
 10
125.74217032062398
 20
250.41095467796936
 10
125.82442129366395
 20
250.16420175884946
 10
126.7221327832558
 20
251.0619132484413
 10
126.87069478393981
 20
251.80472325186142
 10
126.61439353729828
 20
251.71928950298096
  0
LWPOLYLINE
  5
1A0
330
17
100
AcDbEntity
  8
ENG_D
100
AcDbPolyline
 90
8
 70
1
 10
122.44850506758128
 20
251.50553812549336
 10
121.83653563521995
 20
250.4855890715576
 10
122.34666826092483
 20
249.97545644585296
 10
124.5551886200541
 20
250.41716051767858
 10
125.17787822448639
 20
251.8701029280208
 10
124.62857707359011
 20
252.41940407891695
 10
123.81930399771693
 20
252.41940407891695
 10
122.44850506758128
 20
251.50553812549336
  0
LWPOLYLINE
  5
1A1
330
17
100
AcDbEntity
  8
ENG_D
100
AcDbPolyline
 90
6
 70
1
 10
174.51594231636807
 20
136.3970204282774
 10
173.00068642805496
 20
138.51837867191574
 10
174.41693331361913
 20
141.06762306593123
 10
176.49638019580522
 20
140.1764315449944
 10
176.49638019580522
 20
138.94329770183944
 10
174.51594231636807
 20
136.3970204282774
  0
LWPOLYLINE
  5
1A2
330
17
100
AcDbEntity
  8
ENG_D
100
AcDbPolyline
 90
6
 70
1
 10
169.03355247603903
 20
29.759174248902397
 10
169.37621463422292
 20
31.472485039821695
 10
170.54570892305895
 20
32.05723218423972
 10
172.31281153130058
 20
31.703811662591285
 10
170.70182952800465
 20
30.092829659295383
 10
169.03355247603903
 20
29.759174248902397
  0
LWPOLYLINE
  5
1A3
330
17
100
AcDbEntity
  8
ENG_D
100
AcDbPolyline
 90
5
 70
1
 10
168.36875834256762
 20
15.624826602205655
 10
166.55522781377317
 20
15.262120496446707
 10
165.88974940256085
 20
15.927598907659156
 10
167.7032799313552
 20
16.290305013417882
 10
168.36875834256762
 20
15.624826602205655
  0
LWPOLYLINE
  5
1A4
330
17
100
AcDbEntity
  8
ENG_D
100
AcDbPolyline
 90
7
 70
1
 10
167.62226052115577
 20
255.47954899056035
 10
167.62226052115577
 20
254.14492734898775
 10
166.70508100450763
 20
254.14492734898775
 10
166.441369235078
 20
254.93606265727675
 10
165.61234426747086
 20
255.2124043131456
 10
165.99185442265411
 20
257.1099550890619
 10
167.62226052115577
 20
255.47954899056035
  0
LWPOLYLINE
  5
1A5
330
17
100
AcDbEntity
  8
ENG_D
100
AcDbPolyline
 90
4
 70
1
 10
165.40373060249343
 20
21.05488758523777
 10
166.24534559547433
 20
20.213272592257027
 10
165.40373060249343
 20
19.371657599276283
 10
165.40373060249343
 20
21.05488758523777
  0
LWPOLYLINE
  5
1A6
330
17
100
AcDbEntity
  8
ENG_D
100
AcDbPolyline
 90
5
 70
1
 10
164.15731106490327
 20
241.61836375118574
 10
165.27389861601569
 20
243.47934300303953
 10
165.6641368429003
 20
241.5281518686163
 10
164.5475492917879
 20
239.6671726167625
 10
164.15731106490327
 20
241.61836375118574
  0
LWPOLYLINE
  5
1A7
330
17
100
AcDbEntity
  8
ENG_D
100
AcDbPolyline
 90
8
 70
1
 10
162.43870286241923
 20
234.51977857689155
 10
163.18520068383108
 20
235.26627639830312
 10
163.18520068383108
 20
236.72218702497028
 10
164.63276562518487
 20
238.74877794286587
 10
165.67131953668326
 20
237.71022403136732
 10
165.1690273039811
 20
235.19876286785646
 10
165.84961018135738
 20
233.8375971131037
 10
162.43870286241923
 20
234.51977857689155
  0
LWPOLYLINE
  5
1A8
330
17
100
AcDbEntity
  8
ENG_D
100
AcDbPolyline
 90
7
 70
1
 10
162.16366063595183
 20
117.26900409541174
 10
162.5145244914787
 20
118.32159566199229
 10
163.74648480055916
 20
118.32159566199229
 10
165.2071077763339
 20
117.44522187652751
 10
164.83301799174689
 20
116.32295252276637
 10
162.82249457807222
 20
116.61017015329134
 10
162.16366063595183
 20
117.26900409541174
  0
LWPOLYLINE
  5
1A9
330
17
100
AcDbEntity
  8
ENG_D
100
AcDbPolyline
 90
13
 70
1
 10
162.31766300929243
 20
21.692292538031953
 10
160.36355393556855
 20
19.24965619587715
 10
158.88111173814895
 20
18.95316775639322
 10
157.73665261956597
 20
20.669856434267665
 10
158.14740829511757
 20
21.90212346092246
 10
159.24114749509798
 20
20.808384260942002
 10
159.73415414368964
 20
21.301390909533644
 10
159.73415414368964
 20
22.287404206716932
 10
161.61351627309807
 20
24.166766336125356
 10
164.66422062960598
 20
23.8894295764428
 10
164.66422062960598
 20
22.576200815121904
 10
163.7803123525161
 20
21.692292538031953
 10
162.31766300929243
 20
21.692292538031953
  0
LWPOLYLINE
  5
1AA
330
17
100
AcDbEntity
  8
ENG_D
100
AcDbPolyline
 90
4
 70
1
 10
162.79429905533283
 20
118.32159566199219
 10
161.95268406235198
 20
117.47998066901155
 10
161.95268406235198
 20
119.16321065497326
 10
162.79429905533283
 20
118.32159566199219
  0
LWPOLYLINE
  5
1AB
330
17
100
AcDbEntity
  8
ENG_D
100
AcDbPolyline
 90
5
 70
1
 10
162.5390845520343
 20
259.75013331915966
 10
161.14659582006695
 20
259.285970408504
 10
160.1250557721878
 20
260.3075104563832
 10
160.6819558538657
 20
260.86441053806107
 10
162.5390845520343
 20
259.75013331915966
  0
LWPOLYLINE
  5
1AC
330
17
100
AcDbEntity
  8
ENG_D
100
AcDbPolyline
 90
20
 70
1
 10
149.3488770556243
 20
119.1713302602414
 10
149.77320301886482
 20
121.29296007644407
 10
150.5193752532032
 20
119.80061560776723
 10
151.45514613772522
 20
119.80061560776723
 10
151.94815278631688
 20
119.30760895917558
 10
154.41318602927504
 20
119.30760895917558
 10
154.90619267786667
 20
118.81460231058394
 10
156.70147905092298
 20
118.81460231058394
 10
158.20335526757964
 20
119.8158531216884
 10
163.18520068383106
 20
118.819484038438
 10
163.18520068383106
 20
118.80972058272987
 10
158.37666331321378
 20
117.84801310860638
 10
157.84314695952244
 20
117.31449675491513
 10
155.37811371656426
 20
117.80750340350676
 10
154.90619267786667
 20
117.33558236480913
 10
153.39970291321524
 20
117.33558236480913
 10
151.8824705728045
 20
116.3240941378686
 10
150.90021363207833
 20
116.65151311811073
 10
150.40188538810582
 20
118.64482609400062
 10
149.3488770556243
 20
119.1713302602414
  0
LWPOLYLINE
  5
1AD
330
17
100
AcDbEntity
  8
ENG_D
100
AcDbPolyline
 90
5
 70
1
 10
157.84314695952244
 20
239.12931017683704
 10
158.5086253707346
 20
238.46383176562446
 10
156.6950948419404
 20
238.10112565986552
 10
156.02961643072803
 20
238.76660407107786
 10
157.84314695952244
 20
239.12931017683704
  0
LWPOLYLINE
  5
1AE
330
17
100
AcDbEntity
  8
ENG_D
100
AcDbPolyline
 90
19
 70
1
 10
152.2369493947217
 20
129.66074857959998
 10
150.98688949097183
 20
129.66074857959998
 10
149.87402117185695
 20
128.10273293283913
 10
149.87402117185695
 20
126.45620536375435
 10
147.9019945774904
 20
126.45620536375435
 10
147.9019945774904
 20
128.31365320940148
 10
149.24059676586344
 20
129.2060546683168
 10
148.7859028545803
 20
129.66074857959998
 10
149.3810145232653
 20
130.25586024828496
 10
149.3810145232653
 20
132.20477752354398
 10
150.71610504999845
 20
134.07390426097044
 10
155.87112036515592
 20
135.10490732400194
 10
157.22520742185156
 20
133.75082026730624
 10
157.82522296498666
 20
132.550789181036
 10
155.29709430636493
 20
130.5282862541387
 10
155.29709430636493
 20
129.55864355950663
 10
154.41318602927504
 20
128.6747352824167
 10
153.222962691905
 20
128.6747352824167
 10
152.2369493947217
 20
129.66074857959998
  0
LWPOLYLINE
  5
1AF
330
17
100
AcDbEntity
  8
ENG_D
100
AcDbPolyline
 90
4
 70
1
 10
156.38521262364156
 20
23.664319132398305
 10
155.5435976306607
 20
22.82270413941767
 10
155.5435976306607
 20
24.50593412537938
 10
156.38521262364156
 20
23.664319132398305
  0
LWPOLYLINE
  5
1B0
330
17
100
AcDbEntity
  8
ENG_D
100
AcDbPolyline
 90
4
 70
1
 10
156.38521262364162
 20
240.58724451271775
 10
155.5435976306607
 20
239.7456295197371
 10
155.5435976306607
 20
241.42885950569837
 10
156.38521262364162
 20
240.58724451271775
  0
LWPOLYLINE
  5
1B1
330
17
100
AcDbEntity
  8
ENG_D
100
AcDbPolyline
 90
5
 70
1
 10
153.07157653917835
 20
23.32269863653369
 10
154.8851070679727
 20
23.685404742292416
 10
155.55058547918512
 20
23.019926331080185
 10
153.7370549503906
 20
22.65722022532124
 10
153.07157653917835
 20
23.32269863653369
  0
LWPOLYLINE
  5
1B2
330
17
100
AcDbEntity
  8
ENG_D
100
AcDbPolyline
 90
4
 70
1
 10
149.97612619195024
 20
272.6326766711737
 10
149.13451119896948
 20
271.79106167819333
 10
149.13451119896948
 20
273.47429166415526
 10
149.97612619195024
 20
272.6326766711737
  0
LWPOLYLINE
  5
1B3
330
17
100
AcDbEntity
  8
ENG_D
100
AcDbPolyline
 90
13
 70
1
 10
140.05251943569243
 20
111.77177297453954
 10
139.56479503031258
 20
112.25949737991925
 10
138.48143606714706
 20
114.4262153062503
 10
140.41343276867931
 20
116.35821200778251
 10
146.53342981709505
 20
115.84821225374786
 10
147.01808630040054
 20
115.36355577044245
 10
148.00409959758377
 20
115.36355577044245
 10
149.43444671036758
 20
113.93320865765865
 10
147.9216332822712
 20
110.90758180146587
 10
148.430527976778
 20
109.38089771794557
 10
147.01317853569776
 20
107.96354827686527
 10
141.57360400967482
 20
108.2225756352474
 10
140.05251943569243
 20
111.77177297453954
  0
LWPOLYLINE
  5
1B4
330
17
100
AcDbEntity
  8
ENG_D
100
AcDbPolyline
 90
6
 70
1
 10
140.29307300434846
 20
112.16618397344024
 10
141.86971201292772
 20
112.39141811752307
 10
142.8698230714807
 20
113.39152917607598
 10
142.43024860999134
 20
113.83110363756532
 10
140.69062757855087
 20
112.9612931218451
 10
140.29307300434846
 20
112.16618397344024
  0
LWPOLYLINE
  5
1B5
330
17
100
AcDbEntity
  8
ENG_D
100
AcDbPolyline
 90
5
 70
1
 10
146.09294157548257
 20
271.60257551978486
 10
141.48863426796578
 20
272.6651079753657
 10
141.5130145067673
 20
272.8791799954697
 10
146.51847640071088
 20
272.8791799954697
 10
146.09294157548257
 20
271.60257551978486
  0
LWPOLYLINE
  5
1B6
330
17
100
AcDbEntity
  8
ENG_D
100
AcDbPolyline
 90
5
 70
1
 10
145.98415037583715
 20
239.84773453983044
 10
144.45094803734895
 20
239.84773453983044
 10
144.45094803734895
 20
240.68934953281106
 10
145.58834748725897
 20
241.82674898272128
 10
145.98415037583715
 20
239.84773453983044
  0
LWPOLYLINE
  5
1B7
330
17
100
AcDbEntity
  8
ENG_D
100
AcDbPolyline
 90
4
 70
1
 10
144.20444471305314
 20
24.79473073378424
 10
144.20444471305314
 20
26.47796071974595
 10
145.046059706034
 20
25.636345726764876
 10
144.20444471305314
 20
24.79473073378424
  0
LWPOLYLINE
  5
1B8
330
17
100
AcDbEntity
  8
ENG_D
100
AcDbPolyline
 90
27
 70
1
 10
136.50940947278056
 20
32.58711164003891
 10
136.95374328838108
 20
33.03144545563952
 10
135.81634383847108
 20
34.16884490554961
 10
137.42732584176701
 20
34.49104130620873
 10
138.4861954212583
 20
35.54991088569992
 10
140.56508638982947
 20
34.510465401414336
 10
142.08801981448417
 20
34.510465401414336
 10
143.4210212612858
 20
33.17746395461274
 10
144.60329547010355
 20
30.81291553697718
 10
142.4789214429824
 20
30.81291553697718
 10
142.4789214429824
 20
31.966436457470326
 10
141.38496108151782
 20
33.49798096352086
 10
140.52593645833204
 20
33.32617603888366
 10
141.0093420523428
 20
28.008714504765166
 10
140.5068948486159
 20
27.50626730103822
 10
140.5068948486159
 20
25.853954478263773
 10
144.73513805654193
 20
25.325424077273006
 10
143.5566398033044
 20
24.146925824035435
 10
138.5703871151119
 20
24.64555109285471
 10
136.07754622062103
 20
23.64841473505841
 10
134.87399079121738
 20
24.049599878192886
 10
136.06983501129116
 20
25.245444098266677
 10
136.06983501129116
 20
26.724464044041607
 10
136.5628416598828
 20
27.21747069263325
 10
136.5628416598828
 20
31.161523881366282
 10
137.00241612137216
 20
31.60109834285563
 10
136.50940947278056
 20
32.58711164003891
  0
LWPOLYLINE
  5
1B9
330
17
100
AcDbEntity
  8
ENG_D
100
AcDbPolyline
 90
4
 70
1
 10
143.21843141586987
 20
241.2246494655117
 10
143.21843141586987
 20
242.90787945147386
 10
144.06004640885058
 20
242.06626445849233
 10
143.21843141586987
 20
241.2246494655117
  0
LWPOLYLINE
  5
1BA
330
17
100
AcDbEntity
  8
ENG_D
100
AcDbPolyline
 90
5
 70
1
 10
141.83452864166395
 20
29.83389008831816
 10
142.97192809157406
 20
28.69649063840818
 10
142.97192809157406
 20
27.209521564081072
 10
141.46077067815816
 20
27.965100270789023
 10
141.83452864166395
 20
29.83389008831816
  0
LWPOLYLINE
  5
1BB
330
17
100
AcDbEntity
  8
ENG_D
100
AcDbPolyline
 90
4
 70
1
 10
141.24640482150332
 20
235.80157633100396
 10
141.24640482150332
 20
237.4848063169659
 10
142.0880198144841
 20
236.64319132398438
 10
141.24640482150332
 20
235.80157633100396
  0
LWPOLYLINE
  5
1BC
330
17
100
AcDbEntity
  8
ENG_D
100
AcDbPolyline
 90
16
 70
1
 10
140.9999014972075
 20
74.54610895743019
 10
141.49290814579916
 20
74.05310230883855
 10
141.49290814579916
 20
70.39784572851038
 10
140.59404693471313
 20
69.49898451742442
 10
138.69115908205336
 20
69.77082563923298
 10
137.05584830847442
 20
70.86103282161903
 10
137.05584830847442
 20
73.5600956602469
 10
137.54885495706606
 20
74.05310230883855
 10
137.54885495706606
 20
75.49829470265668
 10
139.02787490284098
 20
77.96332794561478
 10
139.02787490284098
 20
79.05873331842228
 10
140.16979059113982
 20
79.43937188118866
 10
140.52653355339666
 20
78.369142994418
 10
140.06732038712656
 20
77.45071666187775
 10
140.9999014972075
 20
76.51813555179676
 10
140.9999014972075
 20
74.54610895743019
  0
LWPOLYLINE
  5
1BD
330
17
100
AcDbEntity
  8
ENG_D
100
AcDbPolyline
 90
4
 70
1
 10
140.26039152432006
 20
237.4848063169659
 10
141.10200651730082
 20
236.64319132398438
 10
140.26039152432006
 20
235.80157633100396
 10
140.26039152432006
 20
237.4848063169659
  0
LWPOLYLINE
  5
1BE
330
17
100
AcDbEntity
  8
ENG_D
100
AcDbPolyline
 90
5
 70
1
 10
140.54242159931187
 20
237.69578289056525
 10
140.1421990428721
 20
236.49511522124644
 10
137.90830158114318
 20
238.09075626533848
 10
139.02787490284098
 20
239.21032958703648
 10
140.54242159931187
 20
237.69578289056525
  0
LWPOLYLINE
  5
1BF
330
17
100
AcDbEntity
  8
ENG_D
100
AcDbPolyline
 90
13
 70
1
 10
139.5208815514326
 20
83.00278650715542
 10
139.5208815514326
 20
82.2300052947097
 10
139.01377714147128
 20
81.72290088474843
 10
138.7486594539137
 20
79.86707707184493
 10
135.72917579545418
 20
79.86707707184493
 10
134.92573169810714
 20
78.26018887715081
 10
134.0870439236389
 20
86.36750403034365
 10
134.98171669401452
 20
87.26217680071935
 10
136.17194003138457
 20
87.26217680071935
 10
137.54885495706606
 20
85.88526187503776
 10
137.54885495706606
 20
84.87613925874705
 10
138.6888648509438
 20
83.28012540731832
 10
139.5208815514326
 20
83.00278650715542
  0
LWPOLYLINE
  5
1C0
330
17
100
AcDbEntity
  8
ENG_D
100
AcDbPolyline
 90
5
 70
1
 10
138.53486825424932
 20
79.96918209193815
 10
139.13560080563815
 20
80.56991464332708
 10
139.616383320428
 20
79.12756709895741
 10
138.53486825424932
 20
79.12756709895741
 10
138.53486825424932
 20
79.96918209193815
  0
LWPOLYLINE
  5
1C1
330
17
100
AcDbEntity
  8
ENG_D
100
AcDbPolyline
 90
13
 70
1
 10
136.5628416598828
 20
188.22643474191113
 10
136.06983501129116
 20
187.7334280933195
 10
136.06983501129116
 20
184.28238155317788
 10
135.57682836269956
 20
183.78937490458637
 10
135.57682836269956
 20
182.65896330320075
 10
134.24220672112705
 20
182.65896330320075
 10
133.59440181137836
 20
183.30676821294944
 10
134.08740845997
 20
188.23683469886575
 10
133.60480176833298
 20
188.7194413905028
 10
133.60480176833298
 20
189.87583717591593
 10
134.5168163083918
 20
191.39586140934728
 10
136.5628416598828
 20
189.93441472971085
 10
136.5628416598828
 20
188.22643474191113
  0
LWPOLYLINE
  5
1C2
330
17
100
AcDbEntity
  8
ENG_D
100
AcDbPolyline
 90
5
 70
1
 10
135.78665928559005
 20
23.55659322960113
 10
134.52423679611883
 20
23.135785733110925
 10
133.887977494034
 20
23.77204503519559
 10
135.15039998350528
 20
24.19285253168613
 10
135.78665928559005
 20
23.55659322960113
  0
LWPOLYLINE
  5
1C3
330
17
100
AcDbEntity
  8
ENG_D
100
AcDbPolyline
 90
5
 70
1
 10
135.1793234831033
 20
254.14492734898775
 10
134.0978084169246
 20
254.14492734898775
 10
134.0978084169246
 20
254.98654234196837
 10
134.69854096831344
 20
255.58727489335743
 10
135.1793234831033
 20
254.14492734898775
  0
LWPOLYLINE
  5
1C4
330
17
100
AcDbEntity
  8
ENG_D
100
AcDbPolyline
 90
5
 70
1
 10
132.58522055471659
 20
23.671617185013872
 10
135.24940051862646
 20
23.29102004731254
 10
132.65235638758284
 20
22.178001134008028
 10
129.98817642367297
 20
22.558598271709585
 10
132.58522055471659
 20
23.671617185013872
  0
LWPOLYLINE
  5
1C5
330
17
100
AcDbEntity
  8
ENG_D
100
AcDbPolyline
 90
4
 70
1
 10
132.86529179544553
 20
239.45683291133247
 10
133.70690678842632
 20
238.61521791835094
 10
132.86529179544553
 20
237.77360292537054
 10
132.86529179544553
 20
239.45683291133247
  0
LWPOLYLINE
  5
1C6
330
17
100
AcDbEntity
  8
ENG_D
100
AcDbPolyline
 90
5
 70
1
 10
133.12337088381744
 20
86.18563424751879
 10
132.19236009195546
 20
85.25462345565693
 10
131.04855888182274
 20
85.63589052570109
 10
132.76490278715934
 20
89.41184711744165
 10
133.12337088381744
 20
86.18563424751879
  0
LWPOLYLINE
  5
1C7
330
17
100
AcDbEntity
  8
ENG_D
100
AcDbPolyline
 90
5
 70
1
 10
133.20729688873678
 20
191.04007632925857
 10
132.12578182255808
 20
191.04007632925857
 10
132.12578182255808
 20
191.8816913222392
 10
132.72651437394688
 20
192.48242387362814
 10
133.20729688873678
 20
191.04007632925857
  0
LWPOLYLINE
  5
1C8
330
17
100
AcDbEntity
  8
ENG_D
100
AcDbPolyline
 90
5
 70
1
 10
131.63277517396645
 20
190.89567802505613
 10
132.27716797528484
 20
191.5400708263745
 10
132.67297086386304
 20
189.56105638348365
 10
131.63277517396645
 20
189.56105638348365
 10
131.63277517396645
 20
190.89567802505613
  0
LWPOLYLINE
  5
1C9
330
17
100
AcDbEntity
  8
ENG_D
100
AcDbPolyline
 90
12
 70
1
 10
128.74131355181405
 20
108.91894258805523
 10
127.55110121524571
 20
109.31568003357816
 10
128.67473528241663
 20
111.0011311343344
 10
128.67473528241663
 20
112.48015108010934
 10
129.66074857959993
 20
113.95917102588426
 10
129.66074857959993
 20
116.07035361869845
 10
131.80157253610733
 20
116.37618561248519
 10
132.16130857325405
 20
115.29697750104518
 10
131.63277517396645
 20
114.76844410175757
 10
131.63277517396645
 20
113.82634428345418
 10
129.61683510072004
 20
109.79446413696137
 10
128.74131355181405
 20
108.91894258805523
  0
LWPOLYLINE
  5
1CA
330
17
100
AcDbEntity
  8
ENG_D
100
AcDbPolyline
 90
4
 70
1
 10
132.2278868426514
 20
188.8215464105961
 10
131.38627184967063
 20
187.97993141761515
 10
131.38627184967063
 20
189.66316140357708
 10
132.2278868426514
 20
188.8215464105961
  0
LWPOLYLINE
  5
1CB
330
17
100
AcDbEntity
  8
ENG_D
100
AcDbPolyline
 90
4
 70
1
 10
132.2278868426514
 20
238.61521791835094
 10
131.38627184967063
 20
237.77360292537054
 10
131.38627184967063
 20
239.45683291133247
 10
132.2278868426514
 20
238.61521791835094
  0
LWPOLYLINE
  5
1CC
330
17
100
AcDbEntity
  8
ENG_D
100
AcDbPolyline
 90
10
 70
1
 10
129.13221518031233
 20
77.96162874687562
 10
130.15375522819153
 20
78.98316879475486
 10
130.15375522819153
 20
79.93535453998135
 10
131.0908280262847
 20
81.49714253680318
 10
132.1257818225581
 20
80.4621887405298
 10
132.1257818225581
 20
77.33376636075029
 10
131.075398036743
 20
75.58312671772505
 10
130.50278677373308
 20
77.30096050675483
 10
129.51677347654982
 20
76.80795385816319
 10
129.13221518031233
 20
77.96162874687562
  0
LWPOLYLINE
  5
1CD
330
17
100
AcDbEntity
  8
ENG_D
100
AcDbPolyline
 90
7
 70
1
 10
130.15375522819153
 20
183.99358494477315
 10
130.15375522819153
 20
188.50620930576522
 10
131.37296617872633
 20
188.91261295594342
 10
131.6428324307797
 20
182.16595665460912
 10
129.66074857959993
 20
182.16595665460912
 10
129.66074857959993
 20
183.5005782961815
 10
130.15375522819153
 20
183.99358494477315
  0
LWPOLYLINE
  5
1CE
330
17
100
AcDbEntity
  8
ENG_D
100
AcDbPolyline
 90
21
 70
1
 10
126.05735460670381
 20
90.2202166922692
 10
125.52359699601837
 20
91.28773191364003
 10
123.79807372594769
 20
92.5202485351191
 10
123.26292311522288
 20
93.59054975656878
 10
122.74401780286222
 20
96.18507631837203
 10
124.59536510648275
 20
99.09433636691855
 10
127.79082700532679
 20
99.09433636691855
 10
128.28383365391835
 20
98.60132971832691
 10
127.32887187543648
 20
97.64636793984516
 10
126.91253961094066
 20
97.50759051834656
 10
127.19571533664173
 20
97.22441479264543
 10
128.181728633825
 20
98.21042808982861
 10
129.21047828037217
 20
97.18167844328151
 10
128.181728633825
 20
94.60980432691369
 10
128.181728633825
 20
92.88733432251806
 10
129.28927104630733
 20
92.6658258400217
 10
131.6538607838605
 20
90.30123610246854
 10
131.12034443016918
 20
87.63365433401205
 10
130.13983228273918
 20
86.65314218658204
 10
127.08233984929296
 20
90.2202166922692
 10
126.05735460670381
 20
90.2202166922692
  0
LWPOLYLINE
  5
1CF
330
17
100
AcDbEntity
  8
ENG_D
100
AcDbPolyline
 90
4
 70
1
 10
129.89818149584673
 20
89.09887549893247
 10
129.7251190682317
 20
89.38731287829083
 10
129.69627533029586
 20
89.3007816644833
 10
129.89818149584673
 20
89.09887549893247
  0
LWPOLYLINE
  5
1D0
330
17
100
AcDbEntity
  8
ENG_D
100
AcDbPolyline
 90
7
 70
1
 10
132.12448766486781
 20
22.320889708895898
 10
132.1269527624698
 20
22.074355300185978
 10
128.78789685243822
 20
21.70334908796012
 10
128.26274804402436
 20
21.17820027954631
 10
126.27564344068648
 20
21.575621200213945
 10
128.1239063116973
 20
22.684578922820386
 10
132.12448766486781
 20
22.320889708895898
  0
LWPOLYLINE
  5
1D1
330
17
100
AcDbEntity
  8
ENG_D
100
AcDbPolyline
 90
4
 70
1
 10
129.90725190389574
 20
187.97993141761503
 10
129.90725190389574
 20
189.6631614035772
 10
130.74886689687648
 20
188.8215464105961
 10
129.90725190389574
 20
187.97993141761503
  0
LWPOLYLINE
  5
1D2
330
17
100
AcDbEntity
  8
ENG_D
100
AcDbPolyline
 90
45
 70
1
 10
116.65238793773807
 20
184.2964038148853
 10
112.87369776909914
 20
182.87939500164575
 10
111.41950258170944
 20
183.7519121140796
 10
111.41950258170944
 20
184.9795982419564
 10
112.3034108587993
 20
185.86350651904627
 10
111.41950258170944
 20
186.7474147961361
 10
111.41950258170944
 20
188.4306447820978
 10
113.2530022777072
 20
190.26414447809557
 10
115.91593108976366
 20
191.32931600291815
 10
116.47211386914692
 20
190.77313322353507
 10
114.23694003014668
 20
188.98499415233482
 10
115.30064576160022
 20
188.83303619069858
 10
116.86647987217158
 20
189.95148912682103
 10
117.33082199988216
 20
192.27319976537382
 10
117.40873678165367
 20
192.2710371332922
 10
117.80951880109993
 20
189.46556299716843
 10
118.75669525792239
 20
188.8972571230748
 10
120.68449173659884
 20
191.30700272142042
 10
123.68904088329596
 20
190.80624453030427
 10
125.14905354105838
 20
191.77958630214587
 10
127.0637907610653
 20
191.77958630214587
 10
128.01293754106715
 20
193.20330647214868
 10
129.14882779935638
 20
193.77125160129327
 10
130.19164488750994
 20
193.42364590524198
 10
129.87023612305822
 20
191.81660208298345
 10
128.67473528241666
 20
191.57750191485513
 10
128.67473528241666
 20
190.00964409507014
 10
129.90725190389574
 20
189.76314077077427
 10
129.90725190389574
 20
188.82154641059623
 10
128.7493704836335
 20
188.82154641059623
 10
127.27035053785856
 20
187.83553311341294
 10
125.3257937623686
 20
187.83553311341294
 10
124.81170150388293
 20
187.3214408549273
 10
122.37359591500673
 20
187.80906197270252
 10
121.31998474242427
 20
186.33400633108698
 10
121.77264220213377
 20
185.42869141166807
 10
121.77264220213377
 20
182.84727508628308
 10
121.2215096468373
 20
181.7450099756902
 10
119.74270855510566
 20
180.85772932065115
 10
117.71011339075605
 20
183.39847327608817
 10
117.43768738490243
 20
183.39847327608817
 10
116.84257571621742
 20
182.8033616074032
 10
116.84257571621742
 20
180.96585100708407
 10
114.730131364449
 20
182.3741472415963
 10
116.65238793773807
 20
184.2964038148853
  0
LWPOLYLINE
  5
1D3
330
17
100
AcDbEntity
  8
ENG_D
100
AcDbPolyline
 90
5
 70
1
 10
118.77639072357677
 20
184.44838000635755
 10
119.28652334928157
 20
184.95851263206242
 10
119.14065958291934
 20
185.68783146387347
 10
118.03130203815303
 20
184.8954332176118
 10
118.77639072357677
 20
184.44838000635755
  0
LWPOLYLINE
  5
1D4
330
17
100
AcDbEntity
  8
ENG_D
100
AcDbPolyline
 90
6
 70
1
 10
116.0025809180073
 20
187.38643994370108
 10
114.38802424604562
 20
185.7718832717393
 10
117.11622108983903
 20
186.31752264049805
 10
117.30896581994958
 20
187.66673575127191
 10
116.86148984786931
 20
187.81589440863212
 10
116.0025809180073
 20
187.38643994370108
  0
LWPOLYLINE
  5
1D5
330
17
100
AcDbEntity
  8
ENG_D
100
AcDbPolyline
 90
5
 70
1
 10
129.74790066569707
 20
238.13716420375576
 10
130.43016442047934
 20
237.4549004489732
 10
128.09457654772777
 20
237.12124503858024
 10
127.41231279294526
 20
237.80350879336254
 10
129.74790066569707
 20
238.13716420375576
  0
LWPOLYLINE
  5
1D6
330
17
100
AcDbEntity
  8
ENG_D
100
AcDbPolyline
 90
4
 70
1
 10
129.76285359969336
 20
243.5452844042676
 10
128.92123860671245
 20
242.70366941128697
 10
128.92123860671245
 20
244.38689939724821
 10
129.76285359969336
 20
243.5452844042676
  0
LWPOLYLINE
  5
1D7
330
17
100
AcDbEntity
  8
ENG_D
100
AcDbPolyline
 90
19
 70
1
 10
124.77935492667461
 20
32.59187099415017
 10
125.71669539086683
 20
31.654530529958038
 10
126.10759701936509
 20
32.04543215845624
 10
127.7393186911027
 20
32.04543215845624
 10
129.77091305858264
 20
31.17474885810767
 10
128.7686663195214
 20
29.504337626338973
 10
127.63053044401975
 20
30.07340556408977
 10
125.29832394349205
 20
30.07340556408977
 10
123.74466879650029
 20
29.03763546609528
 10
120.71199370373365
 20
31.05941886127306
 10
118.16924822923768
 20
31.05941886127306
 10
117.65377249063323
 20
32.09037033848195
 10
116.8754173386081
 20
32.349822055823594
 10
116.31167940830737
 20
35.168511707327376
 10
117.34329357413893
 20
35.512383095937736
 10
119.95250460451274
 20
34.46869868378821
 10
121.93130721239908
 20
31.99519542393037
 10
122.75865549931703
 20
31.581521280471424
 10
124.77935492667461
 20
32.59187099415017
  0
LWPOLYLINE
  5
1D8
330
17
100
AcDbEntity
  8
ENG_D
100
AcDbPolyline
 90
5
 70
1
 10
128.33311478655176
 20
246.26380882004594
 10
128.72891767512996
 20
244.28479437715512
 10
127.68872198523337
 20
244.28479437715512
 10
127.68872198523337
 20
245.6194160187275
 10
128.33311478655176
 20
246.26380882004594
  0
LWPOLYLINE
  5
1D9
330
17
100
AcDbEntity
  8
ENG_D
100
AcDbPolyline
 90
5
 70
1
 10
127.76974139543273
 20
242.58035671697843
 10
128.43521980664488
 20
241.91487830576585
 10
126.62168927785069
 20
241.5521722000069
 10
125.9562108666383
 20
242.21765061121926
 10
127.76974139543273
 20
242.58035671697843
  0
LWPOLYLINE
  5
1DA
330
17
100
AcDbEntity
  8
ENG_D
100
AcDbPolyline
 90
11
 70
1
 10
127.42888962966958
 20
185.0329427505484
 10
127.44920650946179
 20
185.0288793745899
 10
127.42279456573193
 20
185.00246743086
 10
127.29653348963382
 20
184.37116205036952
 10
127.12818538816973
 20
184.70785825329773
 10
126.78986077414741
 20
184.36953363927532
 10
124.86098263651625
 20
184.64508765893694
 10
124.17378201200574
 20
185.33228828344738
 10
125.09369720862928
 20
186.86548027782
 10
127.73666452802624
 20
186.5718172423314
 10
127.42888962966958
 20
185.0329427505484
  0
LWPOLYLINE
  5
1DB
330
17
100
AcDbEntity
  8
ENG_D
100
AcDbPolyline
 90
5
 70
1
 10
126.56642998911593
 20
185.8313690514054
 10
125.79234738148595
 20
185.67655252987947
 10
125.9053121420911
 20
185.33765824806392
 10
126.91417130730834
 20
185.13588641502054
 10
126.56642998911593
 20
185.8313690514054
  0
LWPOLYLINE
  5
1DC
330
17
100
AcDbEntity
  8
ENG_D
100
AcDbPolyline
 90
6
 70
1
 10
127.21782197225865
 20
112.35746946777047
 10
125.81146252729417
 20
110.3885662448203
 10
124.70752013940202
 20
110.7565470407842
 10
125.24486128164588
 20
115.05527617873523
 10
126.37895690363307
 20
115.4333080527309
 10
127.21782197225865
 20
112.35746946777047
  0
LWPOLYLINE
  5
1DD
330
17
100
AcDbEntity
  8
ENG_D
100
AcDbPolyline
 90
4
 70
1
 10
127.29782035673514
 20
21.19928588944042
 10
126.4562053637543
 20
20.357670896459346
 10
126.4562053637543
 20
22.040900882421056
 10
127.29782035673514
 20
21.19928588944042
  0
LWPOLYLINE
  5
1DE
330
17
100
AcDbEntity
  8
ENG_D
100
AcDbPolyline
 90
4
 70
1
 10
125.96319871516265
 20
116.69817741201494
 10
126.8048137081435
 20
115.8565624190343
 10
125.96319871516265
 20
115.01494742605323
 10
125.96319871516265
 20
116.69817741201494
  0
LWPOLYLINE
  5
1DF
330
17
100
AcDbEntity
  8
ENG_D
100
AcDbPolyline
 90
157
 70
1
 10
78.77895875456815
 20
30.07340556408966
 10
83.25993207077265
 20
30.07340556408966
 10
88.17110340550504
 20
32.52899123145592
 10
94.01840488833444
 20
33.50354147859414
 10
94.9759271976491
 20
34.93982494256609
 10
96.19442238207357
 20
35.67092205322076
 10
97.06887758544977
 20
37.41983245997316
 10
96.62930312396038
 20
37.8594069214625
 10
96.62930312396038
 20
39.5426369074241
 10
97.12230977255203
 20
40.03564355601574
 10
97.12230977255203
 20
41.51466350179067
 10
100.11140118280329
 20
44.503754912041835
 10
100.37179116842334
 20
45.284924868902124
 10
101.60804244286781
 20
45.90305050612431
 10
102.99975831998346
 20
44.51133462900858
 10
103.61454503969432
 20
43.07683228301662
 10
104.06831633171481
 20
43.530603575037134
 10
104.98132037941146
 20
45.35661167043037
 10
104.4639773143243
 20
46.39129780060469
 10
105.0267569062677
 20
46.9540773925482
 10
105.51616072516204
 20
49.89050030591413
 10
107.09967899313152
 20
52.10742588107142
 10
107.99286456581046
 20
48.23695506612935
 10
107.46305535323714
 20
47.707145853556064
 10
106.99549294016383
 20
43.96664654896965
 10
107.57755441306973
 20
43.3845850760638
 10
109.34537096724951
 20
43.3845850760638
 10
111.41950258170944
 20
45.4587166905237
 10
111.41950258170944
 20
46.44472998770699
 10
111.91250923030107
 20
46.93773663629863
 10
111.91250923030107
 20
50.88178982503167
 10
112.40551587889269
 20
51.374796473623306
 10
112.40551587889269
 20
53.371573069828095
 10
114.3268946066653
 20
54.74398644680845
 10
116.27395424074196
 20
54.25722153828938
 10
116.84257571621741
 20
54.82584301376481
 10
116.84257571621741
 20
56.5936595679446
 10
115.85656241903413
 20
57.579672865127776
 10
115.85656241903413
 20
60.22580682916534
 10
117.20872734287745
 20
62.11883772254589
 10
118.430991542686
 20
62.11883772254589
 10
123.26132045344288
 20
56.78005313697254
 10
122.75089954645908
 20
51.675844067134655
 10
121.40649057547374
 20
49.79367150775516
 10
117.94914979735657
 20
49.79367150775516
 10
116.33637782530737
 20
47.72010754369194
 10
114.92078051821267
 20
38.94340423970477
 10
114.69569282307408
 20
38.954798589505124
 10
114.38561100824157
 20
44.22618944165757
 10
113.42974076308315
 20
44.79971158875262
 10
111.36456294395616
 20
42.734533769625656
 10
109.44747598734288
 20
39.858903334705765
 10
109.44747598734288
 20
38.87289003752237
 10
108.4698710541486
 20
37.406482637730946
 10
108.94341278882301
 20
33.14460702566113
 10
109.54958100743623
 20
32.538438807047875
 10
108.95446933875127
 20
31.943327138362896
 10
108.95446933875127
 20
31.13405406248959
 10
109.9784331337717
 20
29.59810836995902
 10
109.00790152585351
 20
27.657045154122596
 10
109.50090817444513
 20
27.164038505530954
 10
108.95446933875127
 20
26.071160834143182
 10
108.95446933875127
 20
24.215517322203617
 10
109.50090817444519
 20
23.122639650815845
 10
108.95446933875127
 20
22.576200815121904
 10
108.95446933875127
 20
17.850344369392147
 10
109.54958100743627
 20
17.255232700707168
 10
110.37529774331254
 20
17.255232700707168
 10
112.33585007897777
 20
18.235508868539753
 10
117.26591656489411
 20
18.728515517131395
 10
119.2366920120918
 20
19.713903240730303
 10
123.65783707917372
 20
20.205141581517204
 10
125.18726593569421
 20
21.224760819197442
 10
126.47810933440337
 20
20.794479686294444
 10
123.82924599750189
 20
18.734252646482208
 10
120.35181379757246
 20
18.734252646482208
 10
118.39023384758
 20
17.75346267148592
 10
112.95973098144493
 20
17.259780592746353
 10
109.45843576696721
 20
15.759225500827313
 10
106.98244274438471
 20
16.584556508354886
 10
106.98244274438471
 20
18.63214762638876
 10
106.38733107569973
 20
19.22725929507374
 10
106.98244274438471
 20
19.82237096375872
 10
106.98244274438471
 20
21.634100996818507
 10
106.43600390869082
 20
22.72697866820628
 10
106.98244274438471
 20
23.27341750390022
 10
106.98244274438471
 20
29.029200725693038
 10
106.45148559795591
 20
30.091115018550664
 10
107.45784213976209
 20
31.600649831259876
 10
106.78634623895718
 20
34.51046540141445
 10
104.95222460880457
 20
34.51046540141445
 10
104.01642127181341
 20
34.978367069910085
 10
102.54538290706002
 20
34.347922056444325
 10
102.54538290706002
 20
27.057174131326466
 10
102.10580844557063
 20
26.178025208347666
 10
102.54538290706002
 20
25.73845074685832
 10
102.54538290706002
 20
24.548227409488366
 10
102.05237625846837
 20
24.055220760896724
 10
102.05237625846837
 20
22.243490727837045
 10
102.57447867766672
 20
21.19928588944031
 10
102.09032675630554
 20
20.230982046717916
 10
103.09136572882495
 20
18.729423587938832
 10
101.72437100998503
 20
16.815630981563025
 10
100.59227044434536
 20
16.24958069874316
 10
99.3775120926196
 20
16.654500149318462
 10
100.57335631269348
 20
17.850344369392257
 10
100.57335631269348
 20
19.61816092357205
 10
100.08034966410183
 20
20.11116757216369
 10
100.08034966410183
 20
23.76642415249175
 10
100.57335631269348
 20
24.259430801083393
 10
100.57335631269348
 20
26.027247355263295
 10
100.02691747699957
 20
26.573686190957236
 10
100.57101854835092
 20
27.661888333659903
 10
100.34366719557421
 20
33.34567215307782
 10
99.5873430155102
 20
32.891877645039315
 10
99.5873430155102
 20
31.943327138362896
 10
98.72285883362596
 20
31.07884295647867
 10
97.86880759396372
 20
30.90803270854625
 10
98.22985218503433
 20
30.546988117475692
 10
99.63089936677204
 20
30.266778681128148
 10
98.5819056231213
 20
25.021809962874396
 10
97.71742144123704
 20
24.15732578099017
 10
97.02020475245865
 20
24.15732578099017
 10
95.16970727339113
 20
26.007823260057684
 10
94.93915992556117
 20
27.16055999920741
 10
91.08020527797936
 20
28.125298661102917
 10
90.64664507146338
 20
28.558858867618888
 10
90.16012561177048
 20
28.396685714387914
 10
89.24617541795273
 20
26.111810229843545
 10
89.7419662915388
 20
24.128646735499082
 10
89.28763558218816
 20
23.21998531679792
 10
90.33141405021884
 20
22.1762068487672
 10
94.16297572331193
 20
21.827883060304252
 10
94.16544082091393
 20
21.581348651594332
 10
90.81143656657068
 20
21.20868151222277
 10
88.18193142497765
 20
19.1050773989484
 10
85.8468039623844
 20
22.996956503270493
 10
84.16371915176765
 20
24.11901304368147
 10
84.76161680706524
 20
24.716910698979078
 10
84.61947401400046
 20
25.143339078173454
 10
83.49579315574697
 20
25.143339078173454
 10
83.35365036268219
 20
24.716910698979078
 10
83.96217577976132
 20
24.108385281899956
 10
82.40038778293948
 20
23.171312483806883
 10
78.93925531587516
 20
23.171312483806883
 10
77.84637764448722
 20
22.624873648112942
 10
75.4300172345201
 20
25.041234058080008
 10
75.4300172345201
 20
26.027247355263295
 10
74.3108473985421
 20
27.146417191241333
 10
72.77010600266746
 20
27.65999765653282
 10
72.43645059227435
 20
28.66096388771222
 10
73.35588562006019
 20
29.58039891549802
 10
75.53212225461348
 20
29.58039891549802
 10
75.92302388311174
 20
29.18949728699982
 10
76.31392551160998
 20
29.58039891549802
 10
78.28595210597652
 20
29.58039891549802
 10
78.77895875456815
 20
30.07340556408966
  0
LWPOLYLINE
  5
1E0
330
17
100
AcDbEntity
  8
ENG_D
100
AcDbPolyline
 90
11
 70
1
 10
117.82858901340069
 20
57.29087625672313
 10
117.82858901340069
 20
53.80160012385038
 10
118.9002731022006
 20
51.87256876401059
 10
120.21898705514201
 20
52.7517113993049
 10
121.10196600978144
 20
52.7517113993049
 10
121.25999684876136
 20
53.22580391624465
 10
120.29362225635886
 20
55.15855310104967
 10
120.29362225635886
 20
56.088429956164475
 10
117.49534852322786
 20
58.45620003804453
 10
117.35666797470309
 20
57.76279729542067
 10
117.82858901340069
 20
57.29087625672313
  0
LWPOLYLINE
  5
1E1
330
17
100
AcDbEntity
  8
ENG_D
100
AcDbPolyline
 90
5
 70
1
 10
121.17190965074495
 20
57.39860215952008
 10
121.2441088028462
 20
57.61519961582384
 10
120.89435480774767
 20
57.96495361092235
 10
120.82215565564643
 20
57.7483561546186
 10
121.17190965074495
 20
57.39860215952008
  0
LWPOLYLINE
  5
1E2
330
17
100
AcDbEntity
  8
ENG_D
100
AcDbPolyline
 90
5
 70
1
 10
106.14781559992824
 20
46.103109491842154
 10
106.45390934509714
 20
46.409203237011035
 10
106.33353370467752
 20
46.77033015826992
 10
106.03431910651986
 20
46.67059195888401
 10
106.14781559992824
 20
46.103109491842154
  0
LWPOLYLINE
  5
1E3
330
17
100
AcDbEntity
  8
ENG_D
100
AcDbPolyline
 90
7
 70
1
 10
105.9789285530673
 20
40.01814266188164
 10
106.38733107569973
 20
40.426545184514055
 10
105.99642944720145
 20
40.81744681301236
 10
105.5103173416129
 20
40.331334707423785
 10
105.73068414599423
 20
37.02583264170356
 10
106.45355131738397
 20
37.170406075981546
 10
105.9789285530673
 20
40.01814266188164
  0
LWPOLYLINE
  5
1E4
330
17
100
AcDbEntity
  8
ENG_D
100
AcDbPolyline
 90
4
 70
1
 10
106.39393432679768
 20
42.64507510317639
 10
106.3817101929959
 20
42.68174750458176
 10
106.34503779159057
 20
42.64507510317639
 10
106.39393432679768
 20
42.64507510317639
  0
LWPOLYLINE
  5
1E5
330
17
100
AcDbEntity
  8
ENG_D
100
AcDbPolyline
 90
9
 70
1
 10
103.30628576019888
 20
40.426545184514055
 10
102.68495071766023
 20
40.426545184514055
 10
102.05237625846837
 20
39.37225441919434
 10
102.05237625846837
 20
37.859406921462394
 10
101.08744857117914
 20
36.89447923417322
 10
101.25331695045209
 20
36.06513733780847
 10
102.39138631036559
 20
36.44449379111303
 10
103.52412383791135
 20
38.03032632967695
 10
103.30628576019888
 20
40.426545184514055
  0
LWPOLYLINE
  5
1E6
330
17
100
AcDbEntity
  8
ENG_D
100
AcDbPolyline
 90
6
 70
1
 10
79.47617544334656
 20
25.636345726765096
 10
78.98316879475486
 20
25.143339078173344
 10
79.44064869265056
 20
24.68585918027766
 10
79.89991869423551
 20
24.83894918080598
 10
80.05939800342732
 20
25.636345726765096
 10
79.47617544334656
 20
25.636345726765096
  0
LWPOLYLINE
  5
1E7
330
17
100
AcDbEntity
  8
ENG_D
100
AcDbPolyline
 90
5
 70
1
 10
125.29026701167264
 20
109.4830027380389
 10
125.92652631375742
 20
108.84674343595412
 10
124.66410382428617
 20
108.42593593946359
 10
124.02784452220142
 20
109.06219524154848
 10
125.29026701167264
 20
109.4830027380389
  0
LWPOLYLINE
  5
1E8
330
17
100
AcDbEntity
  8
ENG_D
100
AcDbPolyline
 90
5
 70
1
 10
125.99310458315496
 20
241.39895363770637
 10
123.65751671040304
 20
241.06529822731338
 10
122.97525295562048
 20
241.74756198209568
 10
125.31084082837246
 20
242.08121739248867
 10
125.99310458315496
 20
241.39895363770637
  0
LWPOLYLINE
  5
1E9
330
17
100
AcDbEntity
  8
ENG_D
100
AcDbPolyline
 90
5
 70
1
 10
123.88134717161147
 20
23.54134562644994
 10
122.11460333154196
 20
24.6013919304916
 10
122.67763608911764
 20
25.164424688067342
 10
124.31332743571105
 20
24.837286418748604
 10
123.88134717161147
 20
23.54134562644994
  0
LWPOLYLINE
  5
1EA
330
17
100
AcDbEntity
  8
ENG_D
100
AcDbPolyline
 90
44
 70
1
 10
116.39865287333029
 20
98.44497056570445
 10
115.82746664842743
 20
99.5873430155102
 10
116.34956906762578
 20
100.63154785390694
 10
116.34956906762578
 20
105.11252117011149
 10
116.84257571621741
 20
105.60552781870314
 10
116.84257571621741
 20
107.33588158237617
 10
115.84577086423862
 20
107.93396449356341
 10
114.90514061149752
 20
107.46364936719289
 10
113.03175169723914
 20
107.8383271500446
 10
115.35872671189934
 20
109.50045216051618
 10
116.81116678464811
 20
108.53215877868361
 10
117.33558236480904
 20
109.05657435884464
 10
117.33558236480904
 20
112.22784633513194
 10
116.90915398561478
 20
112.36998912819674
 10
115.70517626630735
 20
111.16601140888937
 10
115.34549127601787
 20
112.9644363603367
 10
117.81028924329601
 20
115.97696720923223
 10
118.86327514357508
 20
114.9239813089532
 10
119.84928844075834
 20
115.41698795754473
 10
120.39572727645232
 20
114.8705491218509
 10
121.1400677429419
 20
114.8705491218509
 10
122.70971500022688
 20
117.48662788399255
 10
123.74466879650029
 20
116.45167408771917
 10
123.74466879650029
 20
110.3652118163898
 10
122.6128179554728
 20
108.47879374801062
 10
122.25069591672931
 20
111.01364801921498
 10
122.75865549931703
 20
111.52160760180286
 10
122.75865549931703
 20
113.78243080457429
 10
122.32242494597737
 20
114.21866135791403
 10
121.27963555354212
 20
112.3416404515304
 10
121.27963555354212
 20
110.35885408330958
 10
120.29362225635886
 20
108.87983413753466
 10
120.29362225635886
 20
103.42929118415
 10
119.90272062786056
 20
103.0383895556517
 10
120.29362225635886
 20
102.64748792715339
 10
120.29362225635886
 20
98.90602458383624
 10
120.71909895647853
 20
99.75697798407556
 10
121.77264220213377
 20
98.70343473842024
 10
121.77264220213377
 20
96.06166127415217
 10
120.78662890495049
 20
94.58264132837724
 10
120.78662890495049
 20
92.77940582676847
 10
119.30760895917558
 20
93.51891579965599
 10
119.30760895917558
 20
96.02084049416682
 10
116.39865287333029
 20
98.44497056570445
  0
LWPOLYLINE
  5
1EB
330
17
100
AcDbEntity
  8
ENG_D
100
AcDbPolyline
 90
4
 70
1
 10
121.38174057363557
 20
245.51731099863417
 10
120.54012558065467
 20
244.67569600565332
 10
120.54012558065467
 20
246.35892599161502
 10
121.38174057363557
 20
245.51731099863417
  0
LWPOLYLINE
  5
1EC
330
17
100
AcDbEntity
  8
ENG_D
100
AcDbPolyline
 90
5
 70
1
 10
117.33558236480904
 20
182.5145649989983
 10
117.93631491619784
 20
183.11529755038703
 10
118.41709743098772
 20
181.67295000601746
 10
117.33558236480904
 20
181.67295000601746
 10
117.33558236480904
 20
182.5145649989983
  0
LWPOLYLINE
  5
1ED
330
17
100
AcDbEntity
  8
ENG_D
100
AcDbPolyline
 90
62
 70
1
 10
111.91250923030108
 20
58.09020733281134
 10
110.02798637969848
 20
55.6672493820366
 10
108.95446933875125
 20
56.02508839568565
 10
108.95446933875125
 20
57.026227891659566
 10
107.31495099631138
 20
57.72887860984799
 10
105.98027251903635
 20
59.597428478033066
 10
106.44964082240794
 20
61.94426999489111
 10
102.9696252722087
 20
62.93856015209087
 10
103.36635654692205
 20
64.12875397623085
 10
104.22870110279133
 20
63.95628506505702
 10
103.53139620424328
 20
65.00224241287911
 10
103.53139620424328
 20
66.19481548685546
 10
104.98282793563338
 20
67.16243664111555
 10
104.47951984210815
 20
69.67897710874182
 10
105.57000106800719
 20
70.04247085070803
 10
106.48943609579308
 20
69.12303582292223
 10
106.48943609579308
 20
68.13702252573894
 10
107.08454776447805
 20
67.54191085705396
 10
106.48943609579308
 20
66.94679918836898
 10
106.48943609579308
 20
66.16499593137237
 10
106.98244274438471
 20
65.67198928278073
 10
106.98244274438471
 20
64.48176594541077
 10
106.52496284648902
 20
64.02428604751509
 10
106.59716199859027
 20
63.80768859121133
 10
107.0188646226601
 20
64.22939121528115
 10
107.96845604156799
 20
66.60336976255088
 10
107.96845604156799
 20
69.19860034658964
 10
109.44747598734288
 20
69.69160699518129
 10
109.44747598734288
 20
73.06708901165526
 10
109.94048263593452
 20
73.5600956602469
 10
109.94048263593452
 20
75.4882087757336
 10
110.92649593311779
 20
77.46023537010016
 10
110.92649593311779
 20
79.43226196446662
 10
111.49118938323781
 20
80.56164886470663
 10
112.53038482372659
 20
80.90804734486967
 10
113.05086996023898
 20
79.86707707184482
 10
113.28942415598257
 20
79.86707707184482
 10
113.78243080457422
 20
80.36008372043646
 10
116.24746404753239
 20
80.36008372043646
 10
116.74047069612402
 20
80.85309036902811
 10
118.05920596060717
 20
80.85309036902811
 10
118.3284902049954
 20
76.8138267032048
 10
117.82858901340069
 20
76.3139255116101
 10
117.82858901340069
 20
74.83490556583516
 10
116.80394448054922
 20
73.81026103298372
 10
115.99378759804664
 20
71.91989497381101
 10
114.92217445725223
 20
72.27709935407577
 10
114.76282321905369
 20
72.75515306867142
 10
114.39862808315327
 20
72.39095793277095
 10
114.52892862598603
 20
71.73945521860713
 10
114.8705491218509
 20
72.08107571447209
 10
115.3635557704425
 20
71.58806906588033
 10
115.3635557704425
 20
70.36802617302729
 10
114.02495358206947
 20
69.47562471411194
 10
114.37754247325925
 20
69.12303582292223
 10
114.37754247325925
 20
67.93281248555228
 10
113.39152917607598
 20
66.94679918836898
 10
113.39152917607598
 20
63.98875929681902
 10
112.88442476611463
 20
63.48165488685786
 10
112.39141811752303
 20
60.03060834671648
 10
111.91250923030108
 20
59.55169945949446
 10
111.91250923030108
 20
58.09020733281134
  0
LWPOLYLINE
  5
1EE
330
17
100
AcDbEntity
  8
ENG_D
100
AcDbPolyline
 90
4
 70
1
 10
112.26111757469019
 20
68.28142082994137
 10
112.3100141098973
 20
68.28142082994137
 10
112.29778997609552
 20
68.31809323134675
 10
112.26111757469019
 20
68.28142082994137
  0
LWPOLYLINE
  5
1EF
330
17
100
AcDbEntity
  8
ENG_D
100
AcDbPolyline
 90
4
 70
1
 10
111.86560957976191
 20
71.1751849438882
 10
111.48339601479556
 20
70.53816233561095
 10
111.73820505810646
 20
70.28335329230006
 10
111.86560957976191
 20
71.1751849438882
  0
LWPOLYLINE
  5
1F0
330
17
100
AcDbEntity
  8
ENG_D
100
AcDbPolyline
 90
4
 70
1
 10
117.93069403349398
 20
181.4264466817216
 10
117.08907904051323
 20
180.58483168874062
 10
117.08907904051323
 20
182.26806167470255
 10
117.93069403349398
 20
181.4264466817216
  0
LWPOLYLINE
  5
1F1
330
17
100
AcDbEntity
  8
ENG_D
100
AcDbPolyline
 90
25
 70
1
 10
112.54508368949288
 20
221.359985217644
 10
114.87054912185089
 20
217.4842094970473
 10
114.87054912185089
 20
216.53202375182101
 10
115.47975855190553
 20
215.9228143217664
 10
117.25179793333551
 20
215.66966583870496
 10
117.82858901340069
 20
214.51608367857455
 10
117.82858901340069
 20
212.3673899203501
 10
115.3635557704425
 20
210.3953633259835
 10
115.3635557704425
 20
209.91872727994308
 10
113.49363419616934
 20
208.04880570566996
 10
112.50762089898609
 20
208.04880570566996
 10
110.59053394237266
 20
206.13171874905655
 10
107.52722832331145
 20
204.08951500301563
 10
106.04162377386895
 20
204.38663591290407
 10
105.4769326054003
 20
206.64540058677872
 10
105.99642944720145
 20
207.1648974285799
 10
105.99642944720145
 20
211.89075387430955
 10
105.40131777851644
 20
212.48586554299476
 10
105.99642944720145
 20
213.08097721167962
 10
105.99642944720145
 20
215.51854063576104
 10
107.93050554373082
 20
218.41965478055502
 10
107.4220172058741
 20
219.43663145626846
 10
108.80845083977768
 20
220.82306509017212
 10
109.88229109472111
 20
221.359985217644
 10
112.54508368949288
 20
221.359985217644
  0
LWPOLYLINE
  5
1F2
330
17
100
AcDbEntity
  8
ENG_D
100
AcDbPolyline
 90
5
 70
1
 10
108.43484614530016
 20
207.2315897706275
 10
108.2592075442387
 20
208.46105997805765
 10
107.99507258642744
 20
208.37301499212057
 10
108.1707111874889
 20
207.14354478469045
 10
108.43484614530016
 20
207.2315897706275
  0
LWPOLYLINE
  5
1F3
330
17
100
AcDbEntity
  8
ENG_D
100
AcDbPolyline
 90
4
 70
1
 10
116.94468073631081
 20
35.989485347189486
 10
116.10306574332996
 20
35.14787035420841
 10
116.10306574332996
 20
36.83110034017012
 10
116.94468073631081
 20
35.989485347189486
  0
LWPOLYLINE
  5
1F4
330
17
100
AcDbEntity
  8
ENG_D
100
AcDbPolyline
 90
5
 70
1
 10
116.44507083662116
 20
37.71500861726007
 10
115.3635557704425
 20
37.71500861726007
 10
115.3635557704425
 20
38.55662361024081
 10
115.96428832183129
 20
39.15735616162974
 10
116.44507083662116
 20
37.71500861726007
  0
LWPOLYLINE
  5
1F5
330
17
100
AcDbEntity
  8
ENG_D
100
AcDbPolyline
 90
4
 70
1
 10
115.11705244614669
 20
40.28214688031173
 10
115.95866743912754
 20
39.44053188733066
 10
115.11705244614669
 20
38.59891689435002
 10
115.11705244614669
 20
40.28214688031173
  0
LWPOLYLINE
  5
1F6
330
17
100
AcDbEntity
  8
ENG_D
100
AcDbPolyline
 90
7
 70
1
 10
109.33425178212902
 20
107.82852789954534
 10
110.78145255156282
 20
110.43348928452612
 10
112.53237090082432
 20
110.43348928452612
 10
114.08850945852934
 20
108.2548953037391
 10
111.0376932910675
 20
107.9775483794243
 10
110.50006755392354
 20
107.43992264228031
 10
109.33425178212902
 20
107.82852789954534
  0
LWPOLYLINE
  5
1F7
330
17
100
AcDbEntity
  8
ENG_D
100
AcDbPolyline
 90
12
 70
1
 10
112.4055158788927
 20
204.20685753703026
 10
112.4055158788927
 20
202.52362755106856
 10
111.53794835805235
 20
201.6560600302283
 10
108.62580523145151
 20
201.1707028424613
 10
108.10947908201402
 20
200.13805054358647
 10
105.78757156673534
 20
200.4697516171976
 10
107.8478952576121
 20
203.11873921975342
 10
108.35935767006623
 20
203.11873921975342
 10
110.80496681781875
 20
205.56434836750603
 10
112.60489213346074
 20
205.92433343063433
 10
111.96594141740336
 20
204.64643199851952
 10
112.4055158788927
 20
204.20685753703026
  0
LWPOLYLINE
  5
1F8
330
17
100
AcDbEntity
  8
ENG_D
100
AcDbPolyline
 90
5
 70
1
 10
112.06841162141663
 20
23.10601102587151
 10
110.71666501022727
 20
23.55659322960124
 10
111.91250923030108
 20
24.752437449675146
 10
112.44104262958864
 20
24.223904050387436
 10
112.06841162141663
 20
23.10601102587151
  0
LWPOLYLINE
  5
1F9
330
17
100
AcDbEntity
  8
ENG_D
100
AcDbPolyline
 90
5
 70
1
 10
110.92649593311779
 20
103.21605909941245
 10
112.20004998313057
 20
103.64057711608321
 10
111.88663692989792
 20
100.81985963698936
 10
110.92649593311779
 20
100.81985963698936
 10
110.92649593311779
 20
103.21605909941245
  0
LWPOLYLINE
  5
1FA
330
17
100
AcDbEntity
  8
ENG_D
100
AcDbPolyline
 90
5
 70
1
 10
111.62933350460005
 20
15.668486852135178
 10
110.36691101512878
 20
15.247679355644639
 10
109.73065171304401
 20
15.883938657729523
 10
110.99307420251522
 20
16.304746154219842
 10
111.62933350460005
 20
15.668486852135178
  0
LWPOLYLINE
  5
1FB
330
17
100
AcDbEntity
  8
ENG_D
100
AcDbPolyline
 90
38
 70
1
 10
103.51900216450404
 20
86.16166444370343
 10
103.07660114265887
 20
85.71926342185832
 10
101.48330832071765
 20
86.67523911502295
 10
102.5494994947018
 20
88.80762146299136
 10
103.04556744261946
 20
95.7525727338383
 10
104.02440285283495
 20
96.73140814405379
 10
104.5529362521225
 20
96.20287474476629
 10
104.08970431077024
 20
94.8131789207095
 10
104.33045551225956
 20
94.7329285202131
 10
104.53683359663218
 20
95.76481894207612
 10
105.40131777851644
 20
96.62930312396034
 10
107.74537862325636
 20
96.62930312396034
 10
107.4823147403961
 20
93.73560041249773
 10
109.45831759358902
 20
90.77159613270824
 10
108.97396190754931
 20
87.38110633043038
 10
110.43348928452616
 20
86.40808807911249
 10
110.43348928452616
 20
85.39225522644611
 10
111.09613090168313
 20
84.7296136092891
 10
109.91205179293812
 20
84.13757405491663
 10
109.41904514434647
 20
81.67254081195851
 10
108.46146269015964
 20
81.19374958486515
 10
108.46146269015964
 20
77.8368589362648
 10
107.47544939297636
 20
75.86483234189834
 10
107.47544939297636
 20
72.89670652342551
 10
106.59907560751152
 20
71.43608354765074
 10
105.48675945873121
 20
71.8068555972441
 10
105.98698889206617
 20
77.30937936392857
 10
105.5134017445749
 20
77.78296651141969
 10
105.00001619306356
 20
82.91682202653338
 10
105.50342279860982
 20
83.42022863207966
 10
105.50342279860982
 20
85.39225522644611
 10
105.99642944720145
 20
85.88526187503776
 10
105.99642944720145
 20
87.65307842921766
 10
105.50342279860982
 20
88.1460850778093
 10
105.50342279860982
 20
90.6111183207674
 10
105.01041615001817
 20
91.10412496935916
 10
104.01200881309569
 20
90.1057176324367
 10
103.51900216450404
 20
86.16166444370343
  0
LWPOLYLINE
  5
1FC
330
17
100
AcDbEntity
  8
ENG_D
100
AcDbPolyline
 90
5
 70
1
 10
107.13834513550027
 20
83.87643171851322
 10
107.41014793504101
 20
83.96703265169359
 10
107.3195470018608
 20
84.23883545123422
 10
107.04774420232005
 20
84.14823451805387
 10
107.13834513550027
 20
83.87643171851322
  0
LWPOLYLINE
  5
1FD
330
17
100
AcDbEntity
  8
ENG_D
100
AcDbPolyline
 90
5
 70
1
 10
109.44747598734288
 20
113.14502585178022
 10
109.44747598734288
 20
114.97265414194435
 10
110.11478680812914
 20
115.63996496273043
 10
110.47120668112203
 20
113.14502585178022
 10
109.44747598734288
 20
113.14502585178022
  0
LWPOLYLINE
  5
1FE
330
17
100
AcDbEntity
  8
ENG_D
100
AcDbPolyline
 90
5
 70
1
 10
109.63634446280224
 20
49.54716818345939
 10
107.96845604156799
 20
49.54716818345939
 10
107.96845604156799
 20
50.88178982503167
 10
108.51040318924971
 20
51.42373697271352
 10
109.63634446280224
 20
49.54716818345939
  0
LWPOLYLINE
  5
1FF
330
17
100
AcDbEntity
  8
ENG_D
100
AcDbPolyline
 90
5
 70
1
 10
108.67129361305025
 20
15.668486852135178
 10
107.40887112357898
 20
15.247679355644639
 10
106.77261182149421
 20
15.883938657729523
 10
108.03503431096543
 20
16.304746154219842
 10
108.67129361305025
 20
15.668486852135178
  0
LWPOLYLINE
  5
200
330
17
100
AcDbEntity
  8
ENG_D
100
AcDbPolyline
 90
4
 70
1
 10
107.72195271727217
 20
55.85414959505708
 10
107.72195271727217
 20
57.53737958101879
 10
108.56356771025303
 20
56.69576458803816
 10
107.72195271727217
 20
55.85414959505708
  0
LWPOLYLINE
  5
201
330
17
100
AcDbEntity
  8
ENG_D
100
AcDbPolyline
 90
8
 70
1
 10
107.00831504478788
 20
51.51919477782585
 10
106.4689372924615
 20
56.37359454876323
 10
107.67770453889729
 20
56.77651696424179
 10
107.98340897556406
 20
54.63658590757425
 10
107.54614548150036
 20
54.19932241351055
 10
108.46146269015964
 20
52.826346600521546
 10
108.46146269015964
 20
51.51919477782585
 10
107.00831504478788
 20
51.51919477782585
  0
LWPOLYLINE
  5
202
330
17
100
AcDbEntity
  8
ENG_D
100
AcDbPolyline
 90
5
 70
1
 10
105.26390732283838
 20
15.624826602205655
 10
103.45037679404388
 20
15.262120496446707
 10
102.78489838283163
 20
15.927598907659156
 10
104.59842891162596
 20
16.290305013417882
 10
105.26390732283838
 20
15.624826602205655
  0
LWPOLYLINE
  5
203
330
17
100
AcDbEntity
  8
ENG_D
100
AcDbPolyline
 90
6
 70
1
 10
103.55082029944892
 20
51.151162338231025
 10
102.82855863276113
 20
51.87342400491879
 10
104.1340423645533
 20
52.308585248849624
 10
105.07430958310432
 20
50.7414732179311
 10
103.87301670010812
 20
49.540180334935016
 10
103.55082029944892
 20
51.151162338231025
  0
LWPOLYLINE
  5
204
330
17
100
AcDbEntity
  8
ENG_D
100
AcDbPolyline
 90
93
 70
1
 10
96.13629647536877
 20
213.08097721167962
 10
97.12230977255203
 20
214.0669905088628
 10
97.12230977255203
 20
215.0530038060461
 10
97.61531642114366
 20
215.54601045463772
 10
97.61531642114366
 20
217.9564108801828
 10
98.60132971832692
 20
220.4214441231409
 10
98.60132971832692
 20
221.7508868461424
 10
98.07691413816589
 20
222.27530242630334
 10
96.59789419239095
 20
221.28928912911982
 10
95.64328982677712
 20
222.24389349473395
 10
95.64328982677712
 20
223.17966437925608
 10
94.52081016960165
 20
223.74090420784353
 10
96.62930312396038
 20
226.37652040079215
 10
96.62930312396038
 20
227.12371756798922
 10
95.07374084301419
 20
227.901498708462
 10
97.70246850724091
 20
228.27703123192288
 10
98.70343473842038
 20
227.2760650007437
 10
98.46600182217368
 20
227.03863208449704
 10
100.50507884455699
 20
228.26207829792676
 10
102.29887958276419
 20
228.26207829792676
 10
102.29887958276419
 20
226.78305835215195
 10
101.16846798137856
 20
226.78305835215195
 10
100.55393221748777
 20
226.16852258826125
 10
100.06092556889615
 20
223.70348934530293
 10
99.5873430155102
 20
223.22990679191724
 10
99.5873430155102
 20
218.2998403060007
 10
99.09433636691857
 20
217.80683365740916
 10
99.09433636691857
 20
215.34180041445106
 10
98.65476190542918
 20
214.90222595296171
 10
99.14041075873003
 20
213.93092824635994
 10
96.69000005499741
 20
210.9904354018809
 10
97.68601250966768
 20
209.4964167198755
 10
97.12230977255203
 20
208.93271398275982
 10
97.12230977255203
 20
202.05055814780505
 10
95.64328982677712
 20
200.07853155343847
 10
95.64328982677712
 20
197.1005544165606
 10
95.1713687880795
 20
196.62863337786297
 10
95.79467597950392
 20
193.51209742074093
 10
97.06887758544978
 20
194.78629902668675
 10
96.60020735335367
 20
195.723639490879
 10
97.18871546585174
 20
196.9006557158751
 10
98.95360011115712
 20
197.65703484957743
 10
100.12426314298175
 20
198.8276978814021
 10
101.0663629612851
 20
200.71189751800878
 10
101.0663629612851
 20
209.91872727994308
 10
100.57335631269348
 20
210.41173392853474
 10
100.57335631269348
 20
212.58797056308808
 10
101.07167532665339
 20
213.0862895770479
 10
101.35025464663728
 20
218.37929665674204
 10
103.03838955565165
 20
216.01590778412194
 10
103.03838955565165
 20
211.10895061731304
 10
103.5313962042433
 20
210.6159439687214
 10
103.5313962042433
 20
207.49760751586476
 10
103.09182174275392
 20
206.61845859288607
 10
103.5313962042433
 20
206.17888413139684
 10
103.5313962042433
 20
203.01663419966022
 10
103.03838955565165
 20
202.52362755106856
 10
103.03838955565165
 20
201.06454485062176
 10
101.55936960987674
 20
199.09251825625518
 10
101.55936960987674
 20
197.11070548165966
 10
98.27732730965059
 20
193.32373359678334
 10
96.21846425013413
 20
191.779586302146
 10
94.55517150950047
 20
191.779586302146
 10
94.14383833263788
 20
192.19091947900858
 10
92.19224328663569
 20
190.67301222100684
 10
92.19224328663569
 20
188.89618161181275
 10
93.17825658381895
 20
187.41716166603783
 10
93.17825658381895
 20
185.72393870844616
 10
91.74434257932874
 20
184.86359030575207
 10
90.22021669226913
 20
185.16841548316387
 10
90.22021669226913
 20
188.3867313032179
 10
91.21259269238756
 20
190.37148330345477
 10
91.71029318797228
 20
194.85078776371734
 10
92.71630145392876
 20
195.85679602967377
 10
93.2176519807701
 20
197.3608476101978
 10
94.65727652959386
 20
198.32059730941353
 10
94.65727652959386
 20
205.19287083421355
 10
95.14420824168641
 20
205.67980254630604
 10
94.95106796347355
 20
208.96318727592455
 10
93.12751525588365
 20
205.92393276327482
 10
92.25882155603308
 20
205.05523906342415
 10
91.20622998945241
 20
205.4061029189509
 10
91.20622998945241
 20
207.1648974285799
 10
91.69923663804404
 20
207.65790407717157
 10
91.69923663804404
 20
211.08148079843636
 10
92.69960038149756
 20
212.5820264136167
 10
93.20306795373563
 20
215.09936427480702
 10
94.69667192654502
 20
216.09510025667987
 10
94.99438078706991
 20
216.98822683825458
 10
96.23737979750054
 20
216.57389383477778
 10
95.69672201387938
 20
215.49257826753544
 10
96.13629647536877
 20
215.0530038060461
 10
96.13629647536877
 20
213.08097721167962
  0
LWPOLYLINE
  5
205
330
17
100
AcDbEntity
  8
ENG_D
100
AcDbPolyline
 90
11
 70
1
 10
101.07306991500921
 20
79.97588904566221
 10
101.3495477856265
 20
84.12305710492151
 10
102.05237625846837
 20
83.42022863207966
 10
102.54538290706002
 20
83.9132352806713
 10
103.03838955565165
 20
83.42022863207976
 10
103.03838955565165
 20
81.94120868630472
 10
103.5313962042433
 20
81.44820203771307
 10
103.5313962042433
 20
78.14155380177412
 10
102.22424438154735
 20
78.14155380177412
 10
100.4329385552916
 20
79.33575768594459
 10
101.07306991500921
 20
79.97588904566221
  0
LWPOLYLINE
  5
206
330
17
100
AcDbEntity
  8
ENG_D
100
AcDbPolyline
 90
4
 70
1
 10
102.79188623135582
 20
83.46252191618875
 10
102.79188623135582
 20
85.14575190215045
 10
103.63350122433668
 20
84.30413690916939
 10
102.79188623135582
 20
83.46252191618875
  0
LWPOLYLINE
  5
207
330
17
100
AcDbEntity
  8
ENG_D
100
AcDbPolyline
 90
5
 70
1
 10
102.05237625846837
 20
94.41077320529811
 10
102.05237625846837
 20
95.25238819827896
 10
102.65310880985716
 20
95.85312074966768
 10
103.13389132464704
 20
94.41077320529811
 10
102.05237625846837
 20
94.41077320529811
  0
LWPOLYLINE
  5
208
330
17
100
AcDbEntity
  8
ENG_D
100
AcDbPolyline
 90
4
 70
1
 10
102.64748792715348
 20
93.6712632324106
 10
101.80587293417256
 20
92.82964823942986
 10
101.80587293417256
 20
94.51287822539133
 10
102.64748792715348
 20
93.6712632324106
  0
LWPOLYLINE
  5
209
330
17
100
AcDbEntity
  8
ENG_D
100
AcDbPolyline
 90
5
 70
1
 10
101.55936960987673
 20
218.50405034618748
 10
102.16010216126551
 20
219.1047828975764
 10
102.6408846760554
 20
217.66243535320683
 10
101.55936960987673
 20
217.66243535320683
 10
101.55936960987673
 20
218.50405034618748
  0
LWPOLYLINE
  5
20A
330
17
100
AcDbEntity
  8
ENG_D
100
AcDbPolyline
 90
23
 70
1
 10
94.16426988100223
 20
182.31035495881153
 10
94.16426988100223
 20
181.32434166162824
 10
92.97358502775535
 20
180.13365680838146
 10
92.68073937158415
 20
183.94065033860696
 10
93.28848120918062
 20
185.15613401379983
 10
94.5762571193945
 20
184.89857883175696
 10
95.66720951815682
 20
185.98953123051942
 10
96.15401217747373
 20
187.93674186778696
 10
99.16308361615026
 20
192.4503490258018
 10
100.6333996787648
 20
193.4305597342114
 10
102.24274388473614
 20
196.32737930496003
 10
102.55432751834931
 20
191.65362480076232
 10
101.0454523356481
 20
190.6477080122949
 10
100.53567263178512
 20
187.58902978911706
 10
99.60873589576163
 20
187.58902978911706
 10
99.38950052681062
 20
190.00061884757812
 10
98.55741623944704
 20
189.16853456021454
 10
96.58538964508048
 20
185.2244813714814
 10
95.66978001998665
 20
184.30887174638755
 10
96.16278666857829
 20
182.33684515202108
 10
95.64328982677715
 20
181.81734831021978
 10
94.65727652959384
 20
182.8033616074032
 10
94.16426988100223
 20
182.31035495881153
  0
LWPOLYLINE
  5
20B
330
17
100
AcDbEntity
  8
ENG_D
100
AcDbPolyline
 90
5
 70
1
 10
102.10655865118167
 20
89.4807067193818
 10
101.0663629612851
 20
89.4807067193818
 10
101.0663629612851
 20
90.81532836095407
 10
101.71075576260353
 20
91.45972116227263
 10
102.10655865118167
 20
89.4807067193818
  0
LWPOLYLINE
  5
20C
330
17
100
AcDbEntity
  8
ENG_D
100
AcDbPolyline
 90
5
 70
1
 10
101.0663629612851
 20
222.59250183912306
 10
101.0663629612851
 20
223.4341168321039
 10
101.66709551267392
 20
224.0348493834927
 10
102.14787802746375
 20
222.59250183912306
 10
101.0663629612851
 20
222.59250183912306
  0
LWPOLYLINE
  5
20D
330
17
100
AcDbEntity
  8
ENG_D
100
AcDbPolyline
 90
5
 70
1
 10
101.16186473028051
 20
94.90377985388976
 10
100.08034966410183
 20
94.90377985388976
 10
100.08034966410183
 20
95.74539484687061
 10
100.68108221549063
 20
96.34612739825931
 10
101.16186473028051
 20
94.90377985388976
  0
LWPOLYLINE
  5
20E
330
17
100
AcDbEntity
  8
ENG_D
100
AcDbPolyline
 90
4
 70
1
 10
101.1684679813785
 20
78.88106377466141
 10
100.32685298839765
 20
78.03944878168079
 10
100.32685298839765
 20
79.72267876764249
 10
101.1684679813785
 20
78.88106377466141
  0
LWPOLYLINE
  5
20F
330
17
100
AcDbEntity
  8
ENG_D
100
AcDbPolyline
 90
5
 70
1
 10
100.08034966410183
 20
177.23589016869278
 10
100.08034966410183
 20
179.06351845885672
 10
100.74766048488806
 20
179.73082927964313
 10
101.10408035788097
 20
177.23589016869278
 10
100.08034966410183
 20
177.23589016869278
  0
LWPOLYLINE
  5
210
330
17
100
AcDbEntity
  8
ENG_D
100
AcDbPolyline
 90
19
 70
1
 10
96.62930312396038
 20
170.97120204120387
 10
96.14869051510799
 20
171.4518146500562
 10
95.630239630998
 20
175.5994217229362
 10
96.15039423673844
 20
176.11957632867657
 10
96.55709267282526
 20
178.96646538128437
 10
96.82280111063542
 20
178.95337582037385
 10
97.11851524299058
 20
172.1519507762048
 10
99.21114914718537
 20
169.59428711552226
 10
100.1824546841952
 20
169.59428711552226
 10
101.06636296128511
 20
168.71037883843243
 10
101.06636296128511
 20
163.92471065671853
 10
100.08034966410183
 20
163.92471065671853
 10
100.08034966410183
 20
166.38974389967674
 10
100.04763753947034
 20
166.38974389967674
 10
99.76164718770481
 20
164.38781143731808
 10
98.62075381353256
 20
165.5287048114904
 10
98.12407556123378
 20
168.01209607298418
 10
96.62930312396038
 20
170.0051259893488
 10
96.62930312396038
 20
170.97120204120387
  0
LWPOLYLINE
  5
211
330
17
100
AcDbEntity
  8
ENG_D
100
AcDbPolyline
 90
130
 70
1
 10
74.93701058592846
 20
51.25517300165461
 10
74.51715835418143
 20
48.31620737942555
 10
74.43924357240992
 20
48.31404474734391
 10
73.97309393115727
 20
50.644792953607244
 10
71.3979713864156
 20
52.75171139930501
 10
70.39784572851036
 20
52.75171139930501
 10
69.90002711908244
 20
53.24953000873289
 10
63.59958843547553
 20
53.5495508984285
 10
63.596237960100886
 20
53.902499443334364
 10
68.43618730951262
 20
54.22516273329525
 10
70.34036442024494
 20
55.706189374975956
 10
68.52792415423721
 20
57.065519574481804
 10
68.52792415423721
 20
58.74242638362115
 10
69.52828789769073
 20
60.242971998801465
 10
70.02636819521776
 20
62.73337348643659
 10
70.99295739719538
 20
63.69996268841427
 10
70.99295739719538
 20
64.66603874026933
 10
72.53178907895447
 20
66.71781431594826
 10
74.29411192632959
 20
68.48013716332323
 10
78.73117176365429
 20
70.94517040628145
 10
81.29742418462867
 20
73.51142282725587
 10
82.26411102468929
 20
73.02807940722556
 10
84.1454718989042
 20
75.37978049999417
 10
85.33882303934384
 20
75.97645607021397
 10
85.78315685494442
 20
75.53212225461348
 10
86.2955875987417
 20
76.04455299841074
 10
86.5510976708283
 20
77.3221033588437
 10
88.68300520528062
 20
78.38805712606988
 10
90.09336167033753
 20
78.38805712606988
 10
91.16588080057026
 20
79.88958390839574
 10
90.22021669226913
 20
81.78091212499794
 10
90.22021669226913
 20
82.94836862554256
 10
92.19224328663569
 20
84.42738857131738
 10
92.19224328663569
 20
84.89924857785446
 10
97.2300356753492
 20
89.93704096656796
 10
97.6508431718396
 20
88.6746184770969
 10
96.6293031239604
 20
87.65307842921766
 10
96.6293031239604
 20
86.63724557655128
 10
95.2215767219817
 20
85.69876130856547
 10
95.64328982677712
 20
84.85533509897458
 10
95.64328982677712
 20
82.25747511358638
 10
94.65727652959386
 20
80.77845516781146
 10
94.65727652959386
 20
79.23450261265297
 10
93.24653405195544
 20
78.38805712607
 10
92.29434830672908
 20
78.38805712607
 10
91.72032224793807
 20
77.8140310672789
 10
91.91552299546814
 20
76.83802732962863
 10
93.67126323241058
 20
76.08556722808191
 10
93.67126323241058
 20
70.81528785343471
 10
92.56038099039341
 20
70.44499377276226
 10
92.46628000442625
 20
70.63319574469662
 10
92.70633554512133
 20
69.4329180412212
 10
92.19224328663569
 20
68.91882578273555
 10
92.19224328663569
 20
67.6440158771473
 10
92.68524993522732
 20
67.15100922855567
 10
92.68524993522732
 20
64.83037428979999
 10
91.73194876267553
 20
64.83037428979999
 10
91.49206210057237
 20
66.50958092452231
 10
90.67620756002329
 20
66.34641001641239
 10
90.20079259706348
 20
63.96933520161341
 10
89.75370023688704
 20
63.522242841437034
 10
90.24670688547867
 20
61.55021624707058
 10
89.21477929988023
 20
60.51828866147213
 10
88.92815073566122
 20
59.08514584037705
 10
87.54535252642043
 20
59.54607857679062
 10
88.19475791080035
 20
60.19548396117047
 10
87.72608767870426
 20
61.13282442536272
 10
88.22855139312183
 20
62.1377518541979
 10
88.20252734474805
 20
62.21582399931924
 10
86.89403909696159
 20
59.59884750374644
 10
85.35672847575019
 20
60.111284377483585
 10
84.9133463392242
 20
59.667902240957524
 10
83.65540121189807
 20
59.48819579419662
 10
86.23292398664744
 20
57.340260148572185
 10
86.87218917067565
 20
55.84864138583967
 10
88.65902897172884
 20
57.18877123662958
 10
89.62510502358411
 20
57.18877123662958
 10
90.11811167217574
 20
57.68177788522122
 10
92.63465322935801
 20
57.68177788522122
 10
94.16426988100221
 20
58.337327878782986
 10
94.16426988100221
 20
62.71394939123098
 10
94.65727652959386
 20
63.20695603982263
 10
94.65727652959386
 20
64.68597598559744
 10
95.64328982677712
 20
65.67198928278073
 10
95.64328982677712
 20
69.61604247151388
 10
96.13629647536875
 20
70.10904912010551
 10
96.13629647536875
 20
70.89085237710202
 10
95.64328982677712
 20
71.38385902569355
 10
95.64328982677712
 20
75.06893516150492
 10
97.1617051695032
 20
76.08121205665563
 10
97.43764687738296
 20
76.90903718029496
 10
98.96241179134212
 20
76.90903718029496
 10
100.20535505996175
 20
78.7734520832244
 10
100.59444192258749
 20
76.82801777009574
 10
100.08034966410185
 20
76.3139255116101
 10
100.08034966410185
 20
75.3279122144268
 10
99.1298631176145
 20
74.37742566793948
 10
99.60324741285032
 20
72.95727278223197
 10
98.60132971832694
 20
70.45247854592351
 10
98.60132971832694
 20
65.51169272147395
 10
97.61531642114367
 20
63.53966612710749
 10
97.61531642114367
 20
62.04420252132936
 10
96.6293031239604
 20
60.56518257555443
 10
96.6293031239604
 20
57.08666621653635
 10
96.12219871399908
 20
56.579561806575086
 10
95.62919206540745
 20
53.12851526643358
 10
94.65727652959384
 20
52.15659973062004
 10
94.06216486090884
 20
52.75171139930501
 10
92.83759736798196
 20
52.75171139930501
 10
92.05981622750892
 20
51.1961491183589
 10
91.68428370404797
 20
53.824876782585406
 10
92.13881109953343
 20
54.27940417807087
 10
91.29001442092596
 20
55.97699753528585
 10
89.82543984512024
 20
56.18622247468663
 10
86.7691701521277
 20
52.659757444310614
 10
86.7691701521277
 20
50.334150359026886
 10
87.75518344931098
 20
47.86911711606878
 10
87.75518344931098
 20
44.76150000174539
 10
86.87127517222108
 20
43.87759172465555
 10
85.85779205616127
 20
43.87759172465555
 10
84.37877211038636
 20
42.89157842747227
 10
83.21601859189288
 20
42.89157842747227
 10
82.72301194330123
 20
43.38458507606391
 10
81.94120868630473
 20
43.38458507606391
 10
81.43515184193389
 20
42.878528231693025
 10
77.24732159362755
 20
43.40200701273134
 10
75.92999927293046
 20
45.77318718998602
 10
75.44107378444835
 20
50.17351658632507
 10
74.93701058592846
 20
50.677579784844994
 10
74.93701058592846
 20
51.25517300165461
  0
LWPOLYLINE
  5
212
330
17
100
AcDbEntity
  8
ENG_D
100
AcDbPolyline
 90
15
 70
1
 10
91.69696903603182
 20
70.40011333052266
 10
91.20622998945241
 20
70.89085237710214
 10
91.20622998945241
 20
73.51618218136701
 10
91.66474509003952
 20
74.43321238254119
 10
91.20622998945241
 20
75.19740421685306
 10
90.71322334086078
 20
74.37572646920043
 10
90.71322334086078
 20
72.91438728569288
 10
89.23420339508588
 20
69.46334074555149
 10
89.23420339508588
 20
68.42581913414392
 10
88.7472716829933
 20
67.93888742205134
 10
88.9239371433499
 20
64.93557459598898
 10
90.22021669226913
 20
68.08368207193571
 10
90.22021669226913
 20
69.1732782355835
 10
91.27828995912515
 20
69.70231486901157
 10
91.69696903603182
 20
70.40011333052266
  0
LWPOLYLINE
  5
213
330
17
100
AcDbEntity
  8
ENG_D
100
AcDbPolyline
 90
5
 70
1
 10
74.93701058592846
 20
51.395943115677966
 10
74.93701058592846
 20
53.14261302780321
 10
74.41735755102646
 20
53.6622660627053
 10
73.13578855629909
 20
52.74685963789993
 10
74.93701058592846
 20
51.395943115677966
  0
LWPOLYLINE
  5
214
330
17
100
AcDbEntity
  8
ENG_D
100
AcDbPolyline
 90
5
 70
1
 10
93.67126323241058
 20
83.00278650715542
 10
93.67126323241058
 20
83.70902524048462
 10
93.21378333451489
 20
83.25154534258894
 10
93.33415897493451
 20
82.89041842132994
 10
93.67126323241058
 20
83.00278650715542
  0
LWPOLYLINE
  5
215
330
17
100
AcDbEntity
  8
ENG_D
100
AcDbPolyline
 90
5
 70
1
 10
93.67126323241058
 20
83.9132352806714
 10
94.12874313030625
 20
84.37071517856698
 10
94.00836748988665
 20
84.73184209982587
 10
93.67126323241058
 20
84.61947401400039
 10
93.67126323241058
 20
83.9132352806714
  0
LWPOLYLINE
  5
216
330
17
100
AcDbEntity
  8
ENG_D
100
AcDbPolyline
 90
5
 70
1
 10
85.44153635907958
 20
61.865346549725864
 10
85.3443325990661
 20
61.379327749658486
 10
85.78315685494442
 20
61.379327749658486
 10
85.78315685494442
 20
61.523726053861026
 10
85.44153635907958
 20
61.865346549725864
  0
LWPOLYLINE
  5
217
330
17
100
AcDbEntity
  8
ENG_D
100
AcDbPolyline
 90
4
 70
1
 10
81.40105399346116
 20
61.99396877771201
 10
81.45382292041691
 20
61.83566199684487
 10
81.82320540910698
 20
62.20504448553499
 10
81.40105399346116
 20
61.99396877771201
  0
LWPOLYLINE
  5
218
330
17
100
AcDbEntity
  8
ENG_D
100
AcDbPolyline
 90
11
 70
1
 10
82.4342153348964
 20
62.611844371137536
 10
83.21601859189288
 20
62.611844371137536
 10
84.25070472206727
 20
63.64653050131197
 10
83.31812361198625
 20
65.51169272147395
 10
83.31812361198625
 20
67.17215587061021
 10
85.29015020635279
 20
68.65117581638513
 10
85.29015020635279
 20
68.88136299222869
 10
84.29939448694591
 20
69.4758164238728
 10
82.31929376522613
 20
68.37576046736183
 10
81.84854422134664
 20
63.19751548468733
 10
82.4342153348964
 20
62.611844371137536
  0
LWPOLYLINE
  5
219
330
17
100
AcDbEntity
  8
ENG_D
100
AcDbPolyline
 90
10
 70
1
 10
81.00407153644458
 20
58.38148335464288
 10
80.8579981337308
 20
55.313941897653706
 10
81.90568193560873
 20
54.26625809577579
 10
82.33211031480299
 20
54.40840088884058
 10
82.33211031480299
 20
54.57139056091687
 10
81.34609701761971
 20
55.064397209508506
 10
81.34609701761971
 20
55.8118563109482
 10
81.83380424717653
 20
56.29956354050491
 10
81.37452786061614
 20
56.52920173378517
 10
81.00407153644458
 20
58.38148335464288
  0
LWPOLYLINE
  5
21A
330
17
100
AcDbEntity
  8
ENG_D
100
AcDbPolyline
 90
4
 70
1
 10
81.85500192331568
 20
56.288964702435386
 10
82.2243844120058
 20
55.919582213745265
 10
82.27715333896154
 20
56.077888994612415
 10
81.85500192331568
 20
56.288964702435386
  0
LWPOLYLINE
  5
21B
330
17
100
AcDbEntity
  8
ENG_D
100
AcDbPolyline
 90
4
 70
1
 10
81.05569156963773
 20
59.46550405169915
 10
81.58561249339128
 20
59.995424975452735
 10
81.08568709362378
 20
60.0954100554062
 10
81.05569156963773
 20
59.46550405169915
  0
LWPOLYLINE
  5
21C
330
17
100
AcDbEntity
  8
ENG_D
100
AcDbPolyline
 90
4
 70
1
 10
77.66243745981127
 20
59.160797830996145
 10
77.15554050459082
 20
59.4649360041285
 10
77.15554050459082
 20
59.160797830996145
 10
77.66243745981127
 20
59.160797830996145
  0
LWPOLYLINE
  5
21D
330
17
100
AcDbEntity
  8
ENG_D
100
AcDbPolyline
 90
12
 70
1
 10
76.37329418233949
 20
66.49652888914126
 10
75.82091886301836
 20
67.04890420846232
 10
75.03911560602185
 20
67.04890420846232
 10
74.00442947584745
 20
66.014218078288
 10
74.54508725946862
 20
64.93290251104567
 10
72.96498399156192
 20
64.40620142174336
 10
72.96498399156192
 20
63.68243486932246
 10
74.56456472129273
 20
61.62583107395425
 10
75.3279122144267
 20
61.62583107395425
 10
76.34533444317937
 20
62.643253302706924
 10
75.39949038354587
 20
64.06201939215717
 10
76.37329418233949
 20
66.49652888914126
  0
LWPOLYLINE
  5
21E
330
17
100
AcDbEntity
  8
ENG_D
100
AcDbPolyline
 90
5
 70
1
 10
75.78345607251151
 20
57.18877123662958
 10
76.26015047844506
 20
57.98326191318548
 10
75.18351391022429
 20
58.137067137217116
 10
75.18351391022429
 20
57.18877123662958
 10
75.78345607251151
 20
57.18877123662958
  0
LWPOLYLINE
  5
21F
330
17
100
AcDbEntity
  8
ENG_D
100
AcDbPolyline
 90
5
 70
1
 10
100.10143527399586
 20
91.6182172278447
 10
99.16091463631592
 20
90.67769659016479
 10
97.96024696699689
 20
91.07791914660457
 10
99.71747190703361
 20
93.53803406265604
 10
100.10143527399586
 20
91.6182172278447
  0
LWPOLYLINE
  5
220
330
17
100
AcDbEntity
  8
ENG_D
100
AcDbPolyline
 90
4
 70
1
 10
98.84783304262275
 20
183.54287158029058
 10
98.84783304262275
 20
185.2261015662523
 10
99.68944803560358
 20
184.38448657327123
 10
98.84783304262275
 20
183.54287158029058
  0
LWPOLYLINE
  5
221
330
17
100
AcDbEntity
  8
ENG_D
100
AcDbPolyline
 90
5
 70
1
 10
97.45829959174532
 20
197.79125214197535
 10
97.10735683855596
 20
200.2478514143009
 10
98.75271587105372
 20
201.89321044679863
 10
99.11049329508367
 20
200.10432332664897
 10
97.45829959174532
 20
197.79125214197535
  0
LWPOLYLINE
  5
222
330
17
100
AcDbEntity
  8
ENG_D
100
AcDbPolyline
 90
5
 70
1
 10
96.37581195114021
 20
17.406618853433862
 10
98.1893424799347
 20
17.76932495919281
 10
98.85482089114699
 20
17.10384654798036
 10
97.04129036235261
 20
16.741140442221635
 10
96.37581195114021
 20
17.406618853433862
  0
LWPOLYLINE
  5
223
330
17
100
AcDbEntity
  8
ENG_D
100
AcDbPolyline
 90
10
 70
1
 10
94.5495506267967
 20
21.40911681233082
 10
95.76481894207629
 20
20.193848497051302
 10
97.12230977255203
 20
19.922350330956128
 10
97.12230977255203
 20
17.58569600432869
 10
95.16124295780982
 20
16.74523879801071
 10
93.95443895811167
 20
17.147506797909994
 10
94.65727652959386
 20
17.850344369392147
 10
94.65727652959386
 20
19.61816092357205
 10
94.12874313030628
 20
20.14669432285965
 10
94.5495506267967
 20
21.40911681233082
  0
LWPOLYLINE
  5
224
330
17
100
AcDbEntity
  8
ENG_D
100
AcDbPolyline
 90
5
 70
1
 10
96.64422942755955
 20
177.72889681728432
 10
95.64328982677712
 20
177.72889681728432
 10
95.64328982677712
 20
182.02155835040668
 10
96.35014047567596
 20
182.72840899930543
 10
96.64422942755955
 20
177.72889681728432
  0
LWPOLYLINE
  5
225
330
17
100
AcDbEntity
  8
ENG_D
100
AcDbPolyline
 90
14
 70
1
 10
93.1926070300892
 20
219.97712614249122
 10
93.68442388107029
 20
222.43621039739648
 10
94.80311407343807
 20
224.3006940513428
 10
95.15869539963981
 20
221.81162476793094
 10
94.72857007339006
 20
220.9513741154314
 10
96.13629647536877
 20
220.0128898474456
 10
96.13629647536877
 20
218.79284695459256
 10
95.21686144758287
 20
217.87341192680665
 10
93.73784150180795
 20
218.36641857539828
 10
93.15883248861331
 20
217.78740956220366
 10
92.64083099822233
 20
215.19740211024862
 10
91.65475254418713
 20
215.19740211024862
 10
92.2042952782737
 20
218.4946585147679
 10
93.1926070300892
 20
219.97712614249122
  0
LWPOLYLINE
  5
226
330
17
100
AcDbEntity
  8
ENG_D
100
AcDbPolyline
 90
9
 70
1
 10
88.25296312664607
 20
15.593986333229836
 10
88.24445619500149
 20
15.886871867704544
 10
88.98770007079005
 20
15.96945452056997
 10
88.98770007079005
 20
18.589854342279665
 10
89.82931506377089
 20
17.74823934929881
 10
92.7491253625896
 20
17.74823934929881
 10
95.30916429353078
 20
16.325995498776003
 10
94.26094552791771
 20
15.277776733162774
 10
88.25296312664607
 20
15.593986333229836
  0
LWPOLYLINE
  5
227
330
17
100
AcDbEntity
  8
ENG_D
100
AcDbPolyline
 90
5
 70
1
 10
89.0426489649046
 20
15.975559953249284
 10
91.13299339497776
 20
16.207820445479637
 10
90.11140471845167
 20
16.27592635724806
 10
89.7272100436775
 20
16.66012103202219
 10
89.0426489649046
 20
15.975559953249284
  0
LWPOLYLINE
  5
228
330
17
100
AcDbEntity
  8
ENG_D
100
AcDbPolyline
 90
4
 70
1
 10
93.9177665567064
 20
20.357670896459346
 10
93.9177665567064
 20
22.040900882421056
 10
94.75938154968723
 20
21.19928588944042
 10
93.9177665567064
 20
20.357670896459346
  0
LWPOLYLINE
  5
229
330
17
100
AcDbEntity
  8
ENG_D
100
AcDbPolyline
 90
65
 70
1
 10
71.54415558700065
 20
98.60132971832702
 10
69.57212899263409
 20
97.61531642114375
 10
67.61654605827079
 20
97.61531642114375
 10
66.03148197970971
 20
96.55860703543628
 10
65.5487986527934
 20
97.04129036235275
 10
66.57532165507632
 20
102.17390537376735
 10
67.0489042084623
 20
102.64748792715339
 10
67.0489042084623
 20
104.12650787292843
 10
67.55430489679318
 20
104.63190856125915
 10
68.0473115453848
 20
108.57596174999217
 10
68.52792415423721
 20
109.05657435884464
 10
68.52792415423721
 20
110.53559430461968
 10
69.02093080282886
 20
111.02860095321121
 10
69.02093080282886
 20
112.46370742010615
 10
70.0069441000121
 20
114.43573401447271
 10
70.0069441000121
 20
116.45167408771917
 10
70.51234478834297
 20
116.95707477604999
 10
71.00009819707783
 20
120.85910204592886
 10
71.98533339731381
 20
122.8295724464008
 10
72.2530289565177
 20
125.23883247923573
 10
79.97588904566227
 20
124.72397513995948
 10
80.86804330302417
 20
123.83182088259758
 10
80.37503665443253
 20
120.38077434245609
 10
80.8530903690281
 20
119.90272062786056
 10
80.8530903690281
 20
118.90259496995537
 10
82.99254283852136
 20
116.28770861835247
 10
84.35976482237385
 20
115.37622729578412
 10
87.16946361204545
 20
115.84451042739607
 10
88.6665615452774
 20
116.84257571621737
 10
90.83647500300872
 20
116.84257571621737
 10
92.05865069922669
 20
115.21300812126012
 10
92.23666222364069
 20
116.10306574332996
 10
93.22274067767586
 20
116.10306574332996
 10
92.70275082936146
 20
112.98312665344356
 10
93.17825658381895
 20
112.50762089898603
 10
93.17825658381895
 20
110.53559430461956
 10
93.67126323241058
 20
110.04258765602792
 10
93.67126323241058
 20
106.18875037878395
 10
92.27326269683505
 20
106.4683504858992
 10
91.80134165813745
 20
105.99642944720156
 10
90.56087590810613
 20
105.99642944720156
 10
90.06786925951448
 20
106.98244274438484
 10
88.84330176658763
 20
106.98244274438484
 10
88.36135166792418
 20
106.50049264572137
 10
86.26421256650801
 20
106.26747719000839
 10
85.79571671732819
 20
97.83455190477153
 10
87.66465419329371
 20
97.6268921852198
 10
88.14608507780922
 20
98.10832306973526
 10
89.33630841517927
 20
98.10832306973526
 10
89.82931506377089
 20
97.61531642114363
 10
90.6657511381805
 20
97.61531642114363
 10
93.15474466178902
 20
98.61091383058707
 10
95.2373661036452
 20
98.1943895422157
 10
92.82598619098874
 20
97.16094100822015
 10
88.29686293089365
 20
92.63181774812512
 10
87.26217680071933
 20
93.14916081321223
 10
86.31075499318273
 20
92.67344990944393
 10
84.85503013083272
 20
92.96459488191388
 10
84.33518842787097
 20
94.52411999079912
 10
83.19659449668723
 20
95.66271392198277
 10
80.74593498580921
 20
96.15284582415839
 10
78.30158842883807
 20
98.10832306973538
 10
77.29993880879326
 20
98.10832306973538
 10
76.80693216020161
 20
98.60132971832702
 10
71.54415558700065
 20
98.60132971832702
  0
LWPOLYLINE
  5
22A
330
17
100
AcDbEntity
  8
ENG_D
100
AcDbPolyline
 90
6
 70
1
 10
92.79297583802449
 20
63.80768859121133
 10
93.19789528859971
 20
62.59293023948575
 10
92.64133645634742
 20
61.47981257498114
 10
90.8576216450632
 20
59.696097763697
 10
91.2203277508221
 20
62.235040504008964
 10
92.79297583802449
 20
63.80768859121133
  0
LWPOLYLINE
  5
22B
330
17
100
AcDbEntity
  8
ENG_D
100
AcDbPolyline
 90
4
 70
1
 10
92.78735495532078
 20
169.10128046693075
 10
91.94573996233986
 20
168.25966547394998
 10
91.94573996233986
 20
169.94289545991148
 10
92.78735495532078
 20
169.10128046693075
  0
LWPOLYLINE
  5
22C
330
17
100
AcDbEntity
  8
ENG_D
100
AcDbPolyline
 90
9
 70
1
 10
92.19224328663569
 20
164.5621156095126
 10
92.19224328663569
 20
163.0830956637378
 10
91.28724939965177
 20
162.17810177675383
 10
89.7272100436775
 20
162.49010964794874
 10
89.7272100436775
 20
166.2222362763668
 10
91.07937496752079
 20
168.11526716974745
 10
92.41735373068008
 20
168.11526716974745
 10
92.6946904903626
 20
165.06456281323943
 10
92.19224328663569
 20
164.5621156095126
  0
LWPOLYLINE
  5
22D
330
17
100
AcDbEntity
  8
ENG_D
100
AcDbPolyline
 90
7
 70
1
 10
90.7016475767847
 20
213.06940144760344
 10
91.2203277508221
 20
213.58808162164078
 10
91.62681928049845
 20
216.4335223293753
 10
91.86447615556605
 20
216.4245668798118
 10
92.19913782963876
 20
211.4046417687211
 10
91.01787256995836
 20
210.22337650904055
 10
90.7016475767847
 20
213.06940144760344
  0
LWPOLYLINE
  5
22E
330
17
100
AcDbEntity
  8
ENG_D
100
AcDbPolyline
 90
5
 70
1
 10
90.22021669226913
 20
208.78831567855738
 10
90.22021669226913
 20
210.61594396872152
 10
90.88752751305539
 20
211.2832547895076
 10
91.24394738604826
 20
208.78831567855738
 10
90.22021669226913
 20
208.78831567855738
  0
LWPOLYLINE
  5
22F
330
17
100
AcDbEntity
  8
ENG_D
100
AcDbPolyline
 90
5
 70
1
 10
90.39452086446374
 20
209.31122819514104
 10
90.75094073745665
 20
206.8162890841908
 10
89.7272100436775
 20
206.8162890841908
 10
89.7272100436775
 20
208.64391737435494
 10
90.39452086446374
 20
209.31122819514104
  0
LWPOLYLINE
  5
230
330
17
100
AcDbEntity
  8
ENG_D
100
AcDbPolyline
 90
9
 70
1
 10
90.23179245634523
 20
204.50722990951098
 10
89.7272100436775
 20
204.0026474968434
 10
89.7272100436775
 20
201.8862225982745
 10
88.74119674649424
 20
201.8862225982745
 10
88.74119674649424
 20
204.6998641856217
 10
89.24830115645554
 20
205.20696859558308
 10
89.65446171309442
 20
208.0500924920552
 10
89.83846042253792
 20
208.04721821377692
 10
90.23179245634523
 20
204.50722990951098
  0
LWPOLYLINE
  5
231
330
17
100
AcDbEntity
  8
ENG_D
100
AcDbPolyline
 90
5
 70
1
 10
88.49469342219841
 20
57.627595492508064
 10
88.49469342219841
 20
59.160797830996145
 10
89.33630841517927
 20
59.160797830996145
 10
90.47370786508921
 20
58.023398381086054
 10
88.49469342219841
 20
57.627595492508064
  0
LWPOLYLINE
  5
232
330
17
100
AcDbEntity
  8
ENG_D
100
AcDbPolyline
 90
5
 70
1
 10
88.91550091868883
 20
202.40913511485837
 10
89.27192079168174
 20
199.91419600390793
 10
88.2481900979026
 20
199.91419600390793
 10
88.2481900979026
 20
201.74182429407196
 10
88.91550091868883
 20
202.40913511485837
  0
LWPOLYLINE
  5
233
330
17
100
AcDbEntity
  8
ENG_D
100
AcDbPolyline
 90
5
 70
1
 10
87.75518344931096
 20
197.4491627609498
 10
87.75518344931096
 20
199.76979769970538
 10
88.43654751739666
 20
200.4511617677912
 10
88.77010296260126
 20
197.4491627609498
 10
87.75518344931096
 20
197.4491627609498
  0
LWPOLYLINE
  5
234
330
17
100
AcDbEntity
  8
ENG_D
100
AcDbPolyline
 90
5
 70
1
 10
87.26217680071933
 20
197.3047644567474
 10
87.90656960203775
 20
197.94915725806572
 10
88.30237249061591
 20
195.97014281517488
 10
87.26217680071933
 20
195.97014281517488
 10
87.26217680071933
 20
197.3047644567474
  0
LWPOLYLINE
  5
235
330
17
100
AcDbEntity
  8
ENG_D
100
AcDbPolyline
 90
4
 70
1
 10
86.52266682783188
 20
189.95195801198173
 10
86.52266682783188
 20
191.63518799794343
 10
87.3642818208127
 20
190.7935730049628
 10
86.52266682783188
 20
189.95195801198173
  0
LWPOLYLINE
  5
236
330
17
100
AcDbEntity
  8
ENG_D
100
AcDbPolyline
 90
5
 70
1
 10
85.78315685494442
 20
187.09602314052543
 10
85.78315685494442
 20
187.93763813350617
 10
86.38388940633322
 20
188.53837068489509
 10
86.86467192112309
 20
187.09602314052543
 10
85.78315685494442
 20
187.09602314052543
  0
LWPOLYLINE
  5
237
330
17
100
AcDbEntity
  8
ENG_D
100
AcDbPolyline
 90
5
 70
1
 10
85.93454300767121
 20
186.11699769186652
 10
86.33034589624937
 20
184.13798324897556
 10
85.29015020635279
 20
184.13798324897556
 10
85.29015020635279
 20
185.47260489054796
 10
85.93454300767121
 20
186.11699769186652
  0
LWPOLYLINE
  5
238
330
17
100
AcDbEntity
  8
ENG_D
100
AcDbPolyline
 90
5
 70
1
 10
84.79714355776116
 20
181.17994335742583
 10
84.79714355776116
 20
183.00757164758997
 10
85.4644543785474
 20
183.67488246837604
 10
85.82087425154029
 20
181.17994335742583
 10
84.79714355776116
 20
181.17994335742583
  0
LWPOLYLINE
  5
239
330
17
100
AcDbEntity
  8
ENG_D
100
AcDbPolyline
 90
7
 70
1
 10
85.36084629487681
 20
164.13980504944504
 10
84.37728844221287
 20
163.15624719678112
 10
81.30891733517952
 20
163.99307568051745
 10
82.80329020420204
 20
172.0626891732393
 10
82.99050320408449
 20
172.0517676590465
 10
83.31320305396694
 20
167.21126991080982
 10
85.36084629487681
 20
164.13980504944504
  0
LWPOLYLINE
  5
23A
330
17
100
AcDbEntity
  8
ENG_D
100
AcDbPolyline
 90
5
 70
1
 10
84.98550097725523
 20
181.7169091213089
 10
85.31905642245982
 20
178.7149101144676
 10
84.30413690916951
 20
178.7149101144676
 10
84.30413690916951
 20
181.0355450532234
 10
84.98550097725523
 20
181.7169091213089
  0
LWPOLYLINE
  5
23B
330
17
100
AcDbEntity
  8
ENG_D
100
AcDbPolyline
 90
4
 70
1
 10
84.0576335848737
 20
58.31918283801541
 10
84.0576335848737
 20
60.00241282397711
 10
84.89924857785455
 20
59.16079783099604
 10
84.0576335848737
 20
58.31918283801541
  0
LWPOLYLINE
  5
23C
330
17
100
AcDbEntity
  8
ENG_D
100
AcDbPolyline
 90
7
 70
1
 10
84.30413690916953
 20
174.77085692573456
 10
83.26394121927294
 20
174.77085692573456
 10
84.29952719430604
 20
179.9487868009001
 10
84.41561955820367
 20
179.94374881248987
 10
84.80871932183723
 20
176.405850939788
 10
84.30413690916953
 20
175.9012685271203
 10
84.30413690916953
 20
174.77085692573456
  0
LWPOLYLINE
  5
23D
330
17
100
AcDbEntity
  8
ENG_D
100
AcDbPolyline
 90
4
 70
1
 10
83.56462693628207
 20
91.35062829365492
 10
83.56462693628207
 20
93.03385827961664
 10
84.40624192926292
 20
92.19224328663556
 10
83.56462693628207
 20
91.35062829365492
  0
LWPOLYLINE
  5
23E
330
17
100
AcDbEntity
  8
ENG_D
100
AcDbPolyline
 90
5
 70
1
 10
83.5064810314803
 20
174.32180939243457
 10
83.8400364766849
 20
171.3198103855931
 10
82.82511696339462
 20
171.3198103855931
 10
82.82511696339462
 20
173.64044532434875
 10
83.5064810314803
 20
174.32180939243457
  0
LWPOLYLINE
  5
23F
330
17
100
AcDbEntity
  8
ENG_D
100
AcDbPolyline
 90
5
 70
1
 10
72.07447246337405
 20
31.305922185568825
 10
70.99295739719538
 20
31.305922185568825
 10
70.99295739719538
 20
32.14753717854957
 10
71.59368994858418
 20
32.74826972993849
 10
72.07447246337405
 20
31.305922185568825
  0
LWPOLYLINE
  5
240
330
17
100
AcDbEntity
  8
ENG_D
100
AcDbPolyline
 90
8
 70
1
 10
64.20706709837555
 20
82.8392147247643
 10
62.03385362353048
 20
82.5287556569294
 10
63.913577269654866
 20
89.77911829198048
 10
66.1655850072442
 20
89.21611635758309
 10
71.26221711500864
 20
85.72894702069166
 10
66.60466212616097
 20
83.81113026057795
 10
65.17898263418917
 20
83.81113026057795
 10
64.20706709837555
 20
82.8392147247643
  0
LWPOLYLINE
  5
241
330
17
100
AcDbEntity
  8
ENG_D
100
AcDbPolyline
 90
7
 70
1
 10
61.67761000428943
 20
55.72498880477583
 10
63.19506351622099
 20
54.71335313015479
 10
66.06417769766432
 20
54.303479675662956
 10
66.06130341938612
 20
54.119480966219434
 10
62.56089028511369
 20
53.730546173522576
 10
59.687377316471874
 20
55.32694226721235
 10
61.67761000428943
 20
55.72498880477583
  0
LWPOLYLINE
  5
242
330
17
100
AcDbEntity
  8
ENG_D
100
AcDbPolyline
 90
9
 70
1
 10
61.142341740911675
 20
81.43023667833782
 10
62.23550906036402
 20
83.25218221075836
 10
62.63292998103162
 20
81.26507760742041
 10
62.11883772254596
 20
80.75098534893476
 10
62.11883772254596
 20
79.27196540315984
 10
61.62583107395433
 20
78.7789587545682
 10
61.62583107395433
 20
77.64854715318248
 10
60.6021003801752
 20
77.64854715318248
 10
61.142341740911675
 20
81.43023667833782
  0
LWPOLYLINE
  5
243
330
17
100
AcDbEntity
  8
ENG_D
100
AcDbPolyline
 90
5
 70
1
 10
60.146811128179436
 20
75.67652055881602
 10
60.146811128179436
 20
77.50414884898017
 10
60.81412194896566
 20
78.17145966976624
 10
61.17054182195856
 20
75.67652055881602
 10
60.146811128179436
 20
75.67652055881602
  0
LWPOLYLINE
  5
244
330
17
100
AcDbEntity
  8
ENG_D
100
AcDbPolyline
 90
5
 70
1
 10
60.254537030976586
 20
76.13285480600229
 10
60.73531954576647
 20
74.69050726163273
 10
59.6538044795878
 20
74.69050726163273
 10
59.6538044795878
 20
75.53212225461358
 10
60.254537030976586
 20
76.13285480600229
  0
LWPOLYLINE
  5
245
330
17
100
AcDbEntity
  8
ENG_D
100
AcDbPolyline
 90
5
 70
1
 10
58.41430000958448
 20
55.86113744358157
 10
60.22783053837885
 20
56.22384354934029
 10
60.89330894959126
 20
55.55836513812806
 10
59.07977842079678
 20
55.195659032369115
 10
58.41430000958448
 20
55.86113744358157
  0
LWPOLYLINE
  5
246
330
17
100
AcDbEntity
  8
ENG_D
100
AcDbPolyline
 90
4
 70
1
 10
59.407301155291975
 20
73.80659898454289
 10
60.24891614827282
 20
72.96498399156181
 10
59.407301155291975
 20
72.12336899858118
 10
59.407301155291975
 20
73.80659898454289
  0
LWPOLYLINE
  5
247
330
17
100
AcDbEntity
  8
ENG_D
100
AcDbPolyline
 90
5
 70
1
 10
59.25629959999156
 20
68.77442747853313
 10
58.17478453381289
 20
68.77442747853313
 10
58.17478453381289
 20
69.61604247151398
 10
58.77551708520169
 20
70.2167750229027
 10
59.25629959999156
 20
68.77442747853313
  0
LWPOLYLINE
  5
248
330
17
100
AcDbEntity
  8
ENG_D
100
AcDbPolyline
 90
5
 70
1
 10
59.370628753886784
 20
56.09503203664923
 10
58.10820626441549
 20
55.67422454015869
 10
57.47194696233074
 20
56.31048384224358
 10
58.734369451801975
 20
56.731291338734
 10
59.370628753886784
 20
56.09503203664923
  0
LWPOLYLINE
  5
249
330
17
100
AcDbEntity
  8
ENG_D
100
AcDbPolyline
 90
5
 70
1
 10
57.68177788522125
 20
68.13702252573906
 10
58.28251043661005
 20
68.73775507712776
 10
58.76329295139992
 20
67.2954075327582
 10
57.68177788522125
 20
67.2954075327582
 10
57.68177788522125
 20
68.13702252573906
  0
LWPOLYLINE
  5
24A
330
17
100
AcDbEntity
  8
ENG_D
100
AcDbPolyline
 90
5
 70
1
 10
57.78950378801843
 20
66.7657284827613
 10
58.27028630280827
 20
65.32338093839162
 10
57.18877123662963
 20
65.32338093839162
 10
57.18877123662963
 20
66.16499593137237
 10
57.78950378801843
 20
66.7657284827613
  0
LWPOLYLINE
  5
24B
330
17
100
AcDbEntity
  8
ENG_D
100
AcDbPolyline
 90
5
 70
1
 10
56.48593366514748
 20
56.803490490835216
 10
57.7483561546187
 20
57.22429798732564
 10
58.38461545670351
 20
56.588038685240875
 10
57.12219296723222
 20
56.167231188750335
 10
56.48593366514748
 20
56.803490490835216
  0
LWPOLYLINE
  5
24C
330
17
100
AcDbEntity
  8
ENG_D
100
AcDbPolyline
 90
5
 70
1
 10
57.73596027793457
 20
63.35135434402517
 10
56.69576458803799
 20
63.35135434402517
 10
56.69576458803799
 20
64.68597598559744
 10
57.34015738935639
 20
65.33036878691601
 10
57.73596027793457
 20
63.35135434402517
  0
LWPOLYLINE
  5
24D
330
17
100
AcDbEntity
  8
ENG_D
100
AcDbPolyline
 90
6
 70
1
 10
57.19867076586174
 20
61.08104617261312
 10
55.792759373169794
 20
58.737860518126574
 10
55.76105850131716
 20
58.74953235972913
 10
56.65138038143351
 20
64.09146364042716
 10
56.768806160670024
 20
64.09009840895507
 10
57.19867076586174
 20
61.08104617261312
  0
LWPOLYLINE
  5
24E
330
17
100
AcDbEntity
  8
ENG_D
100
AcDbPolyline
 90
4
 70
1
 10
57.29087625672301
 20
57.1887712366298
 10
56.449261263742166
 20
56.34715624364872
 10
56.449261263742166
 20
58.03038622961043
 10
57.29087625672301
 20
57.1887712366298
  0
LWPOLYLINE
  5
24F
330
17
100
AcDbEntity
  8
ENG_D
100
AcDbPolyline
 90
4
 70
1
 10
56.79786960813137
 20
57.68177788522111
 10
55.95625461515054
 20
56.84016289224048
 10
55.95625461515054
 20
58.52339287820219
 10
56.79786960813137
 20
57.68177788522111
  0
LWPOLYLINE
  5
250
330
17
100
AcDbEntity
  8
ENG_K
100
AcDbPolyline
 90
39
 70
1
 10
216.4299187317276
 20
32.43633378695454
 10
215.93691208313598
 20
32.92934043554618
 10
215.93691208313598
 20
33.8778909422226
 10
215.04261195508485
 20
34.41447101905326
 10
213.9170984978556
 20
32.38854679604064
 10
212.09496391449628
 20
30.566412212681414
 10
211.3305539849705
 20
30.566412212681414
 10
209.92256956852617
 20
34.22717169543654
 10
212.40517333679705
 20
34.503016558577684
 10
214.88262131781624
 20
35.989485347189266
 10
216.51208650649298
 20
35.989485347189266
 10
218.50511642285755
 20
34.49471290991579
 10
220.77465211442654
 20
34.040805771602066
 10
223.87505041595958
 20
37.61818842721698
 10
225.79704505496866
 20
40.50118038573069
 10
225.79704505496866
 20
41.49713568269886
 10
227.82626094045204
 20
44.10612753546328
 10
231.17999547278558
 20
36.624719732565424
 10
232.1867073914543
 20
35.61800781389668
 10
232.68338564375307
 20
33.1346165524028
 10
234.17815808102645
 20
31.141586636038166
 10
234.17815808102645
 20
30.175510584183108
 10
235.6377539315957
 20
28.71591473361379
 10
236.13583422912274
 20
26.22551324597866
 10
237.24306863446515
 20
24.564661637965113
 10
234.722118815642
 20
23.16413396084116
 10
230.1209433222718
 20
23.675375682326695
 10
229.63899322360837
 20
24.15732578099017
 10
227.6669666292418
 20
24.15732578099017
 10
227.17395998065018
 20
24.650332429581812
 10
223.6930938850257
 20
24.650332429581812
 10
222.71347681807373
 20
26.119758030009766
 10
215.84220023034956
 20
25.628952559458074
 10
215.2742704659789
 20
26.196882323828554
 10
216.4299187317276
 20
26.77470645670299
 10
216.4299187317276
 20
30.46430719258797
 10
215.83480706304263
 20
31.059418861272945
 10
216.4299187317276
 20
31.654530529957924
 10
216.4299187317276
 20
32.43633378695454
  0
LWPOLYLINE
  5
251
330
17
100
AcDbEntity
  8
ENG_K
100
AcDbPolyline
 90
7
 70
1
 10
216.1713317026577
 20
25.735875397351784
 10
211.01789734738034
 20
21.124907816314042
 10
208.31517737869342
 20
23.227023347515143
 10
211.44645735924004
 20
24.650332429581702
 10
212.41758807485806
 20
24.650332429581702
 10
214.92129255025452
 20
26.15255511481962
 10
216.1713317026577
 20
25.735875397351784
  0
LWPOLYLINE
  5
252
330
17
100
AcDbEntity
  8
ENG_K
100
AcDbPolyline
 90
17
 70
1
 10
209.6503704529659
 20
33.99701897139518
 10
207.06279240848656
 20
31.92695653581168
 10
207.06279240848656
 20
30.957313841179612
 10
206.56978575989493
 20
30.46430719258797
 10
206.56978575989493
 20
27.854875645427434
 10
204.10475251693674
 20
27.854875645427434
 10
204.10475251693674
 20
29.00839656592058
 10
203.0568810439988
 20
30.47541662803377
 10
201.71435447519542
 20
29.58039891549813
 10
200.56571331742387
 20
29.58039891549813
 10
197.35165924126323
 20
32.21007952326593
 10
199.75484476570932
 20
32.55339174104399
 10
200.27386089822522
 20
32.034375608528066
 10
204.49324459126447
 20
31.565555198190374
 10
206.94733642728448
 20
34.510465401414336
 10
209.13692402294654
 20
34.510465401414336
 10
209.6503704529659
 20
33.99701897139518
  0
LWPOLYLINE
  5
253
330
17
100
AcDbEntity
  8
ENG_K
100
AcDbPolyline
 90
4
 70
1
 10
203.36524254404927
 20
28.942993962703945
 10
204.20685753703015
 20
28.101378969723314
 10
203.36524254404927
 20
27.259763976742235
 10
203.36524254404927
 20
28.942993962703945
  0
LWPOLYLINE
  5
254
330
17
100
AcDbEntity
  8
ENG_K
100
AcDbPolyline
 90
5
 70
1
 10
203.90220830793268
 20
28.406028198820763
 10
201.05618336936968
 20
28.089803205647023
 10
200.36324353720795
 20
28.78274303780892
 10
203.2092684757708
 20
29.098968030982554
 10
203.90220830793268
 20
28.406028198820763
  0
LWPOLYLINE
  5
255
330
17
100
AcDbEntity
  8
ENG_K
100
AcDbPolyline
 90
4
 70
1
 10
202.17093750957739
 20
19.656372510579278
 10
200.01025408530205
 20
20.952782565144435
 10
203.4673475641426
 20
20.952782565144435
 10
202.17093750957739
 20
19.656372510579278
  0
LWPOLYLINE
  5
256
330
17
100
AcDbEntity
  8
ENG_K
100
AcDbPolyline
 90
4
 70
1
 10
201.88622259827437
 20
18.385644302092995
 10
201.88622259827437
 20
20.068874288054705
 10
202.72783759125522
 20
19.22725929507363
 10
201.88622259827437
 20
18.385644302092995
  0
LWPOLYLINE
  5
257
330
17
100
AcDbEntity
  8
ENG_K
100
AcDbPolyline
 90
87
 70
1
 10
111.13245932989442
 20
15.529888745579479
 10
108.96419940236234
 20
16.252642054756848
 10
112.84204639838184
 20
17.74412166861039
 10
118.25295747640465
 20
18.236022675703456
 10
120.23543071514524
 20
19.22725929507374
 10
123.66567309551446
 20
19.22725929507374
 10
127.09733526635355
 20
21.678446559958765
 10
132.5400458726061
 20
22.66803030655007
 10
136.49036851890452
 20
24.643191629699412
 10
140.59594967293003
 20
25.156389273952584
 10
141.1020065173009
 20
24.650332429581702
 10
143.34645911752105
 20
24.650332429581702
 10
145.45506763818997
 20
27.28609308041785
 10
146.59176572447333
 20
25.581045950992866
 10
147.46717947011237
 20
25.143339078173344
 10
149.93221271307056
 20
25.143339078173344
 10
153.84255115611214
 20
23.188169856652507
 10
157.34086391426231
 20
24.187687787552537
 10
158.25513419791474
 20
23.27341750390022
 10
158.25513419791474
 20
20.785274941834576
 10
159.2924910088392
 20
19.33297540654033
 10
161.27199281976127
 20
20.872587926146323
 10
162.05961957604754
 20
22.185299186623485
 10
163.5761023123293
 20
22.185299186623485
 10
164.17121398101435
 20
22.780410855308574
 10
164.17121398101435
 20
23.51197169964381
 10
163.01556571526578
 20
24.089795832518025
 10
163.59718792222327
 20
24.6714180394757
 10
165.1572272781976
 20
24.359410168280803
 10
165.1572272781976
 20
21.79439755812529
 10
165.65023392678924
 20
21.301390909533644
 10
165.65023392678924
 20
20.513958309266055
 10
166.51471810867346
 20
20.686855145642944
 10
167.15628627682634
 20
21.32842331379581
 10
168.16047102269147
 20
24.843069924323725
 10
169.25718285804626
 20
25.208640536108827
 10
169.78534971362907
 20
23.624139969360304
 10
171.6923384213619
 20
23.147392792427055
 10
173.66436501572846
 20
21.175366198060487
 10
175.63639161009507
 20
20.682359549468842
 10
176.59848521589868
 20
19.72026594366538
 10
178.51900349604108
 20
19.72026594366538
 10
181.9700500361825
 20
18.241245997890452
 10
184.9356847630766
 20
18.241245997890452
 10
185.66784750210712
 20
17.875164628375238
 10
185.8440139502482
 20
19.108329765362697
 10
184.38448657327137
 20
20.0813480166806
 10
184.38448657327137
 20
22.007629642862845
 10
182.90546662749645
 20
22.50063629145449
 10
182.90546662749645
 20
23.791174154329966
 10
184.90413960817338
 20
25.21879771195634
 10
185.43707813985202
 20
24.68585918027766
 10
185.86350651904627
 20
24.828001973342452
 10
185.86350651904627
 20
28.203483989816537
 10
186.3565131676379
 20
28.69649063840818
 10
186.3565131676379
 20
31.654530529957924
 10
186.86057636615774
 20
32.15859372847785
 10
187.14225862886707
 20
34.69373409286158
 10
188.89618161181286
 20
33.52445210423116
 10
193.8537179166058
 20
33.52445210423116
 10
194.35581690305375
 20
33.02235311778323
 10
198.18559875878356
 20
32.67419113089864
 10
198.190937837891
 20
32.4658302361317
 10
195.38164278026795
 20
32.06450237075708
 10
194.7376261936957
 20
30.991141393136523
 10
194.7376261936957
 20
28.203483989816537
 10
195.72363949087895
 20
27.21747069263325
 10
195.72363949087895
 20
26.21152015012185
 10
197.2642852677278
 20
24.157325780990057
 10
195.70420630507485
 20
22.077220497452863
 10
194.76411638690521
 20
18.31686082477424
 10
195.3327378623807
 20
17.74823934929881
 10
196.60754776796884
 20
17.74823934929881
 10
197.10055441656047
 20
18.241245997890452
 10
200.08606412698683
 20
18.241245997890452
 10
201.67112820554792
 20
19.29795538359791
 10
202.2081845563532
 20
18.760899032792434
 10
200.78794086075135
 20
16.77255785894982
 10
194.84808137907524
 20
16.277569568810215
 10
194.34672456519743
 20
15.77621275493235
 10
192.3746979708309
 20
15.77621275493235
 10
191.88169132223928
 20
15.283206106340707
 10
168.01316214965402
 20
15.283206106340707
 10
167.5201555010624
 20
15.77621275493235
 10
166.7383522440659
 20
15.77621275493235
 10
166.24488730210214
 20
15.282747812968566
 10
111.13245932989442
 20
15.529888745579479
  0
LWPOLYLINE
  5
258
330
17
100
AcDbEntity
  8
ENG_K
100
AcDbPolyline
 90
4
 70
1
 10
201.24881764548033
 20
28.101378969723314
 10
200.40720265249948
 20
27.259763976742235
 10
200.40720265249948
 20
28.942993962703945
 10
201.24881764548033
 20
28.101378969723314
  0
LWPOLYLINE
  5
259
330
17
100
AcDbEntity
  8
ENG_K
100
AcDbPolyline
 90
4
 70
1
 10
200.7558109968887
 20
27.608372321131668
 10
199.91419600390785
 20
26.766757328150593
 10
199.91419600390785
 20
28.449987314112303
 10
200.7558109968887
 20
27.608372321131668
  0
LWPOLYLINE
  5
25A
330
17
100
AcDbEntity
  8
ENG_K
100
AcDbPolyline
 90
5
 70
1
 10
199.1746860310204
 20
26.724464044041717
 10
199.7754185824092
 20
27.325196595430423
 10
200.2562010971991
 20
25.882849051060862
 10
199.1746860310204
 20
25.882849051060862
 10
199.1746860310204
 20
26.724464044041717
  0
LWPOLYLINE
  5
25B
330
17
100
AcDbEntity
  8
ENG_K
100
AcDbPolyline
 90
5
 70
1
 10
199.1746860310204
 20
25.245444098266677
 10
199.84199685180664
 20
25.912754919053093
 10
200.19841672479956
 20
23.41781580810265
 10
199.1746860310204
 20
23.41781580810265
 10
199.1746860310204
 20
25.245444098266677
  0
LWPOLYLINE
  5
25C
330
17
100
AcDbEntity
  8
ENG_K
100
AcDbPolyline
 90
5
 70
1
 10
199.00669993513074
 20
140.6285690270801
 10
198.66225528722313
 20
138.90634578754202
 10
197.34705774085631
 20
137.59114824117523
 10
197.7196887490283
 20
140.19956529837918
 10
199.00669993513074
 20
140.6285690270801
  0
LWPOLYLINE
  5
25D
330
17
100
AcDbEntity
  8
ENG_K
100
AcDbPolyline
 90
41
 70
1
 10
193.80323823191375
 20
148.58987921497658
 10
194.38341999176166
 20
150.33042449452006
 10
194.72853385583934
 20
146.5341719896651
 10
195.30132893081134
 20
145.96137691469312
 10
194.24461954510406
 20
144.3763128361324
 10
194.24461954510406
 20
143.07403311166743
 10
195.33273786238067
 20
141.98591479439082
 10
193.7516128965124
 20
140.40478982852255
 10
193.7516128965124
 20
135.99519981007458
 10
192.76559959932916
 20
134.51617986429966
 10
192.76559959932916
 20
133.2139001398347
 10
193.2586062479208
 20
132.72089349124306
 10
193.2586062479208
 20
129.02817412040812
 10
191.80919253784413
 20
128.15852589436216
 10
190.7935730049626
 20
128.49706573865595
 10
190.7935730049626
 20
129.065636910915
 10
188.82154641059606
 20
131.03766350528144
 10
188.82154641059606
 20
133.00969009964803
 10
188.32853976200443
 20
133.50269674823966
 10
188.32853976200443
 20
134.69292008560961
 10
188.82154641059606
 20
135.1859267342014
 10
189.28309805476653
 20
134.72437509003078
 10
190.22510772258798
 20
136.04318862498087
 10
189.82698380298498
 20
136.44131254458392
 10
189.34298390218413
 20
138.8613120485881
 10
188.3913103563652
 20
139.3371488214975
 10
187.78210092631056
 20
140.55556768160693
 10
188.32853976200443
 20
141.10200651730088
 10
188.32853976200443
 20
144.0600464088506
 10
188.82154641059606
 20
144.55305305744238
 10
188.82154641059606
 20
145.33485631443887
 10
188.32853976200443
 20
145.8278629630304
 10
188.32853976200443
 20
147.30688290880545
 10
186.84951981622953
 20
148.78590285458037
 10
186.84951981622953
 20
151.45514613772514
 10
187.7973215264056
 20
152.40294784790132
 10
190.36884382450745
 20
150.86003446904016
 10
191.34477119476787
 20
150.86003446904016
 10
193.5051095722166
 20
149.77986528031573
 10
193.5051095722166
 20
148.4905029950775
 10
193.80323823191375
 20
148.58987921497658
  0
LWPOLYLINE
  5
25E
330
17
100
AcDbEntity
  8
ENG_K
100
AcDbPolyline
 90
7
 70
1
 10
189.3364848427077
 20
138.64605771652373
 10
188.7838627296877
 20
135.3303250384038
 10
187.87995205041778
 20
135.3303250384038
 10
187.36195056002683
 20
137.92033249035873
 10
186.8284342063355
 20
138.45384884404987
 10
187.17557708856492
 20
140.18956325519716
 10
189.3364848427077
 20
138.64605771652373
  0
LWPOLYLINE
  5
25F
330
17
100
AcDbEntity
  8
ENG_K
100
AcDbPolyline
 90
4
 70
1
 10
188.57504308630024
 20
250.30297918034793
 10
189.416658079281
 20
249.46136418736754
 10
188.57504308630024
 20
248.619749194386
 10
188.57504308630024
 20
250.30297918034793
  0
LWPOLYLINE
  5
260
330
17
100
AcDbEntity
  8
ENG_K
100
AcDbPolyline
 90
4
 70
1
 10
185.96049279581953
 20
106.53509884894763
 10
187.49842885593674
 20
107.04774420232022
 10
188.01107420930916
 20
105.50980814220279
 10
185.96049279581953
 20
106.53509884894763
  0
LWPOLYLINE
  5
261
330
17
100
AcDbEntity
  8
ENG_K
100
AcDbPolyline
 90
5
 70
1
 10
187.14946732502244
 20
34.312622912714865
 10
183.79881545972162
 20
34.008018197687505
 10
183.26491325157363
 20
34.54192040583559
 10
185.397146256765
 20
36.06494398097227
 10
187.14946732502244
 20
34.312622912714865
  0
LWPOLYLINE
  5
262
330
17
100
AcDbEntity
  8
ENG_K
100
AcDbPolyline
 90
4
 70
1
 10
184.6309898975672
 20
239.94983955992356
 10
185.4726048905481
 20
239.1082245669429
 10
184.6309898975672
 20
238.26660957396228
 10
184.6309898975672
 20
239.94983955992356
  0
LWPOLYLINE
  5
263
330
17
100
AcDbEntity
  8
ENG_K
100
AcDbPolyline
 90
5
 70
1
 10
183.89147992467971
 20
243.1543827757694
 10
184.59430839752162
 20
243.85721124861126
 10
184.8944739546798
 20
239.3547278912387
 10
183.89147992467971
 20
239.3547278912387
 10
183.89147992467971
 20
243.1543827757694
  0
LWPOLYLINE
  5
264
330
17
100
AcDbEntity
  8
ENG_K
100
AcDbPolyline
 90
5
 70
1
 10
182.75235714429147
 20
105.93205895856961
 10
181.35986841232418
 20
105.46789604791395
 10
180.33832836444495
 20
106.48943609579308
 10
180.8952284461227
 20
107.04633617747095
 10
182.75235714429147
 20
105.93205895856961
  0
LWPOLYLINE
  5
265
330
17
100
AcDbEntity
  8
ENG_K
100
AcDbPolyline
 90
4
 70
1
 10
179.2079167630592
 20
31.901033854253914
 10
180.04953175604004
 20
31.059418861272835
 10
179.2079167630592
 20
30.217803868292204
 10
179.2079167630592
 20
31.901033854253914
  0
LWPOLYLINE
  5
266
330
17
100
AcDbEntity
  8
ENG_K
100
AcDbPolyline
 90
5
 70
1
 10
177.20598430070035
 20
236.81749549617925
 10
179.54157217345218
 20
237.15115090657247
 10
180.22383592823442
 20
236.46888715178994
 10
177.88824805548288
 20
236.13523174139695
 10
177.20598430070035
 20
236.81749549617925
  0
LWPOLYLINE
  5
267
330
17
100
AcDbEntity
  8
ENG_K
100
AcDbPolyline
 90
20
 70
1
 10
174.62522994354742
 20
32.52874728244337
 10
177.49880368832726
 20
30.13410249512671
 10
178.99282237033268
 20
31.130114949797004
 10
179.454420087355
 20
30.66851723277464
 10
179.454420087355
 20
29.440831104897924
 10
178.04367760971658
 20
28.594385618314845
 10
176.3942751757118
 20
28.594385618314845
 10
175.75687022291774
 20
29.231790571108917
 10
175.75687022291774
 20
27.608372321131558
 10
174.4378849042068
 20
27.608372321131558
 10
172.0391714464065
 20
29.527343087371815
 10
171.00647236523744
 20
28.907723638670447
 10
169.9706224262959
 20
27.18130707376776
 10
169.61371121072796
 20
28.96586315160754
 10
168.9787356654096
 20
29.60083869692587
 10
171.24575369995355
 20
31.414453124560925
 10
170.66131982290494
 20
31.5313398999707
 10
169.84079043981814
 20
30.710810516883846
 10
169.84079043981814
 20
33.06035167174659
 10
174.62522994354742
 20
32.52874728244337
  0
LWPOLYLINE
  5
268
330
17
100
AcDbEntity
  8
ENG_K
100
AcDbPolyline
 90
4
 70
1
 10
178.5705118102652
 20
107.47544939297637
 10
177.7288968172843
 20
106.63383439999564
 10
177.7288968172843
 20
108.31706438595712
 10
178.5705118102652
 20
107.47544939297637
  0
LWPOLYLINE
  5
269
330
17
100
AcDbEntity
  8
ENG_K
100
AcDbPolyline
 90
4
 70
1
 10
177.7288968172843
 20
112.26111757469026
 10
178.57051181026515
 20
111.41950258170962
 10
177.7288968172843
 20
110.57788758872856
 10
177.7288968172843
 20
112.26111757469026
  0
LWPOLYLINE
  5
26A
330
17
100
AcDbEntity
  8
ENG_K
100
AcDbPolyline
 90
4
 70
1
 10
177.7288968172843
 20
107.6198476971787
 10
177.7288968172843
 20
109.3030776831404
 10
178.57051181026515
 20
108.46146269015978
 10
177.7288968172843
 20
107.6198476971787
  0
LWPOLYLINE
  5
26B
330
17
100
AcDbEntity
  8
ENG_K
100
AcDbPolyline
 90
5
 70
1
 10
176.98938684439682
 20
118.42370068208564
 10
177.63377964571526
 20
119.0680934834042
 10
178.02958253429344
 20
117.08907904051335
 10
176.98938684439682
 20
117.08907904051335
 10
176.98938684439682
 20
118.42370068208564
  0
LWPOLYLINE
  5
26C
330
17
100
AcDbEntity
  8
ENG_K
100
AcDbPolyline
 90
5
 70
1
 10
177.01908188052334
 20
125.9631987151627
 10
175.1617585542327
 20
125.9631987151627
 10
173.9292419327537
 20
127.19571533664175
 10
174.4977072151283
 20
127.7641806190164
 10
177.01908188052334
 20
125.9631987151627
  0
LWPOLYLINE
  5
26D
330
17
100
AcDbEntity
  8
ENG_K
100
AcDbPolyline
 90
6
 70
1
 10
175.6791642607628
 20
249.92775429109938
 10
173.6686408470881
 20
250.21497192162423
 10
173.02424804576975
 20
250.85936472294267
 10
173.36285189842994
 20
252.55238398624357
 10
176.05541755590755
 20
251.05651417653374
 10
175.6791642607628
 20
249.92775429109938
  0
LWPOLYLINE
  5
26E
330
17
100
AcDbEntity
  8
ENG_K
100
AcDbPolyline
 90
5
 70
1
 10
174.95078198063288
 20
139.9783614493283
 10
174.31452267854803
 20
140.61462075141307
 10
175.57694516801936
 20
141.0354282479035
 10
176.21320447010422
 20
140.39916894581873
 10
174.95078198063288
 20
139.9783614493283
  0
LWPOLYLINE
  5
26F
330
17
100
AcDbEntity
  8
ENG_K
100
AcDbPolyline
 90
4
 70
1
 10
175.68590799451823
 20
253.41180271969344
 10
173.63532658102875
 20
254.43709342643817
 10
175.1732626411459
 20
254.9497387798103
 10
175.68590799451823
 20
253.41180271969344
  0
LWPOLYLINE
  5
270
330
17
100
AcDbEntity
  8
ENG_K
100
AcDbPolyline
 90
5
 70
1
 10
175.12508615282752
 20
240.79707543560835
 10
175.60586866761733
 20
239.3547278912387
 10
174.52435360143866
 20
239.3547278912387
 10
174.52435360143866
 20
240.19634288421955
 10
175.12508615282752
 20
240.79707543560835
  0
LWPOLYLINE
  5
271
330
17
100
AcDbEntity
  8
ENG_K
100
AcDbPolyline
 90
4
 70
1
 10
173.78484362855122
 20
142.33452313877993
 10
175.0812536831165
 20
141.03811308421464
 10
173.78484362855122
 20
138.8774296599393
 10
173.78484362855122
 20
142.33452313877993
  0
LWPOLYLINE
  5
272
330
17
100
AcDbEntity
  8
ENG_K
100
AcDbPolyline
 90
4
 70
1
 10
173.78484362855122
 20
137.89746330145525
 10
174.62645862153207
 20
137.05584830847462
 10
173.78484362855122
 20
136.21423331549354
 10
173.78484362855122
 20
137.89746330145525
  0
LWPOLYLINE
  5
273
330
17
100
AcDbEntity
  8
ENG_K
100
AcDbPolyline
 90
4
 70
1
 10
171.81281703418466
 20
244.8799060458404
 10
172.65443202716543
 20
244.0382910528589
 10
171.81281703418466
 20
243.19667605987848
 10
171.81281703418466
 20
244.8799060458404
  0
LWPOLYLINE
  5
274
330
17
100
AcDbEntity
  8
ENG_K
100
AcDbPolyline
 90
4
 70
1
 10
171.31981038559306
 20
121.91704050633612
 10
171.31981038559306
 20
123.60027049229782
 10
172.1614253785739
 20
122.7586554993172
 10
171.31981038559306
 20
121.91704050633612
  0
LWPOLYLINE
  5
275
330
17
100
AcDbEntity
  8
ENG_K
100
AcDbPolyline
 90
5
 70
1
 10
170.5137221433082
 20
122.79418225001292
 10
171.6316151678242
 20
122.42155124184106
 10
171.2383467186185
 20
121.24174589422377
 10
169.34079594270227
 20
121.6212560494071
 10
170.5137221433082
 20
122.79418225001292
  0
LWPOLYLINE
  5
276
330
17
100
AcDbEntity
  8
ENG_K
100
AcDbPolyline
 90
4
 70
1
 10
171.28313798418773
 20
116.73484981342031
 10
169.84079043981814
 20
116.2540672986303
 10
169.84079043981814
 20
118.17719735778986
 10
171.28313798418773
 20
116.73484981342031
  0
LWPOLYLINE
  5
277
330
17
100
AcDbEntity
  8
ENG_K
100
AcDbPolyline
 90
5
 70
1
 10
170.19501966691118
 20
117.61875809051014
 10
169.06575371623475
 20
118.74802404118657
 10
169.48656121272515
 20
120.01044653065784
 10
170.61582716340152
 20
118.88118057998132
 10
170.19501966691118
 20
117.61875809051014
  0
LWPOLYLINE
  5
278
330
17
100
AcDbEntity
  8
ENG_K
100
AcDbPolyline
 90
4
 70
1
 10
168.3617704940432
 20
118.95900061478648
 10
168.3617704940432
 20
120.88213067394604
 10
169.80411803841287
 20
120.40134815915604
 10
168.3617704940432
 20
118.95900061478648
  0
LWPOLYLINE
  5
279
330
17
100
AcDbEntity
  8
ENG_K
100
AcDbPolyline
 90
4
 70
1
 10
168.3617704940432
 20
240.73164281692038
 10
168.3617704940432
 20
242.41487280288166
 10
169.20338548702412
 20
241.573257809901
 10
168.3617704940432
 20
240.73164281692038
  0
LWPOLYLINE
  5
27A
330
17
100
AcDbEntity
  8
ENG_K
100
AcDbPolyline
 90
4
 70
1
 10
167.8687638454516
 20
242.90787945147386
 10
168.71037883843238
 20
242.06626445849233
 10
167.8687638454516
 20
241.22464946551193
 10
167.8687638454516
 20
242.90787945147386
  0
LWPOLYLINE
  5
27B
330
17
100
AcDbEntity
  8
ENG_K
100
AcDbPolyline
 90
5
 70
1
 10
167.21380381526345
 20
120.3853187028604
 10
168.26010387801196
 20
118.64148526494611
 10
166.55522781377317
 20
118.3005100520984
 10
165.4991884076058
 20
119.35654945826568
 10
167.21380381526345
 20
120.3853187028604
  0
LWPOLYLINE
  5
27C
330
17
100
AcDbEntity
  8
ENG_K
100
AcDbPolyline
 90
5
 70
1
 10
165.04706279921498
 20
246.88100094757436
 10
166.05869063268156
 20
248.56704733668522
 10
167.65154203006128
 20
247.61133649825751
 10
167.31138975250022
 20
245.910575110452
 10
165.04706279921498
 20
246.88100094757436
  0
LWPOLYLINE
  5
27D
330
17
100
AcDbEntity
  8
ENG_K
100
AcDbPolyline
 90
5
 70
1
 10
166.25096647817804
 20
139.23770582573158
 10
166.73174899296794
 20
137.795358281362
 10
165.65023392678924
 20
137.795358281362
 10
165.65023392678924
 20
138.63697327434267
 10
166.25096647817804
 20
139.23770582573158
  0
LWPOLYLINE
  5
27E
330
17
100
AcDbEntity
  8
ENG_K
100
AcDbPolyline
 90
5
 70
1
 10
165.15722727819758
 20
233.93165475673072
 10
165.15722727819758
 20
234.77326974971157
 10
165.75795982958644
 20
235.3740023011004
 10
166.23874234437628
 20
233.93165475673072
 10
165.15722727819758
 20
233.93165475673072
  0
LWPOLYLINE
  5
27F
330
17
100
AcDbEntity
  8
ENG_K
100
AcDbPolyline
 90
4
 70
1
 10
166.2453455954742
 20
249.46136418736754
 10
165.40373060249343
 20
248.619749194386
 10
165.40373060249343
 20
250.30297918034793
 10
166.2453455954742
 20
249.46136418736754
  0
LWPOLYLINE
  5
280
330
17
100
AcDbEntity
  8
ENG_K
100
AcDbPolyline
 90
4
 70
1
 10
165.86006484967976
 20
118.21386975919512
 10
164.41771730531016
 20
117.73308724440534
 10
164.41771730531016
 20
119.65621730356479
 10
165.86006484967976
 20
118.21386975919512
  0
LWPOLYLINE
  5
281
330
17
100
AcDbEntity
  8
ENG_K
100
AcDbPolyline
 90
5
 70
1
 10
164.17121398101435
 20
240.16251533226261
 10
165.34369730915103
 20
242.1166542124904
 10
165.68289934042795
 20
237.70702780588994
 10
164.17121398101435
 20
238.46287048559668
 10
164.17121398101435
 20
240.16251533226261
  0
LWPOLYLINE
  5
282
330
17
100
AcDbEntity
  8
ENG_K
100
AcDbPolyline
 90
8
 70
1
 10
163.28730570392446
 20
116.84257571621737
 10
164.8663050168968
 20
116.84257571621737
 10
165.17831288809165
 20
115.28253636024321
 10
164.2522333912137
 20
114.35645686336538
 10
161.5679077169214
 20
114.89332199822367
 10
159.5156528008676
 20
117.53193546172159
 10
162.28971664266504
 20
117.84016477747683
 10
163.28730570392446
 20
116.84257571621737
  0
LWPOLYLINE
  5
283
330
17
100
AcDbEntity
  8
ENG_K
100
AcDbPolyline
 90
4
 70
1
 10
163.78031235251603
 20
250.44737748455015
 10
162.93869735953527
 20
249.60576249156975
 10
162.93869735953527
 20
251.28899247753168
 10
163.78031235251603
 20
250.44737748455015
  0
LWPOLYLINE
  5
284
330
17
100
AcDbEntity
  8
ENG_K
100
AcDbPolyline
 90
5
 70
1
 10
162.1991873866478
 20
247.59144261309407
 10
162.74113453432952
 20
248.1333897607758
 10
163.867075807882
 20
246.25682097152168
 10
162.1991873866478
 20
246.25682097152168
 10
162.1991873866478
 20
247.59144261309407
  0
LWPOLYLINE
  5
285
330
17
100
AcDbEntity
  8
ENG_K
100
AcDbPolyline
 90
5
 70
1
 10
161.11106906937124
 20
119.30760895917558
 10
161.6795343517458
 20
119.87607424155023
 10
164.20090901714084
 20
118.07509233769653
 10
162.34358569085023
 20
118.07509233769653
 10
161.11106906937124
 20
119.30760895917558
  0
LWPOLYLINE
  5
286
330
17
100
AcDbEntity
  8
ENG_K
100
AcDbPolyline
 90
5
 70
1
 10
163.31252926818752
 20
263.51205367222883
 10
161.77501451859123
 20
263.51205367222883
 10
161.14787263152922
 20
265.393479333415
 10
162.33641256566037
 20
265.7896593114586
 10
163.31252926818752
 20
263.51205367222883
  0
LWPOLYLINE
  5
287
330
17
100
AcDbEntity
  8
ENG_K
100
AcDbPolyline
 90
5
 70
1
 10
162.05334984280356
 20
236.16751573324413
 10
161.6795641931967
 20
238.78401528049187
 10
162.84809642635503
 20
239.17352602487819
 10
163.20840342329396
 20
238.09260503406148
 10
162.05334984280356
 20
236.16751573324413
  0
LWPOLYLINE
  5
288
330
17
100
AcDbEntity
  8
ENG_K
100
AcDbPolyline
 90
18
 70
1
 10
153.1554327434331
 20
261.8540603506299
 10
154.36928838928944
 20
262.46098817355823
 10
155.7377811456559
 20
265.4716722375643
 10
157.42311033524396
 20
263.224566651447
 10
161.34972237528416
 20
261.75208713643184
 10
162.7277207859354
 20
260.3740887257806
 10
162.31873517467153
 20
259.1471318919889
 10
163.23548790362648
 20
258.4137297088249
 10
162.1991873866478
 20
255.82297841637836
 10
162.1991873866478
 20
251.67989410602965
 10
161.30732998100564
 20
251.67989410602965
 10
160.22716079228124
 20
253.8402324834783
 10
160.22716079228124
 20
254.78233230178148
 10
159.2650671864777
 20
255.7444259075854
 10
158.77206053788606
 20
257.7164525019517
 10
155.68799593486304
 20
260.80051710497474
 10
154.20897598908815
 20
260.80051710497474
 10
153.1554327434331
 20
261.8540603506299
  0
LWPOLYLINE
  5
289
330
17
100
AcDbEntity
  8
ENG_K
100
AcDbPolyline
 90
4
 70
1
 10
162.08229747014053
 20
259.33628205561376
 10
161.14659582006695
 20
260.27198370568726
 10
160.98147199946573
 20
260.21694243215364
 10
162.08229747014053
 20
259.33628205561376
  0
LWPOLYLINE
  5
28A
330
17
100
AcDbEntity
  8
ENG_K
100
AcDbPolyline
 90
5
 70
1
 10
162.4526785594678
 20
118.17020950926549
 10
160.63914803067348
 20
117.80750340350676
 10
159.97366961946105
 20
118.47298181471899
 10
161.7872001482556
 20
118.83568792047794
 10
162.4526785594678
 20
118.17020950926549
  0
LWPOLYLINE
  5
28B
330
17
100
AcDbEntity
  8
ENG_K
100
AcDbPolyline
 90
5
 70
1
 10
162.4090183095383
 20
24.26505168378723
 10
160.78674571027028
 20
22.64277908451917
 10
159.52432322079912
 20
23.06358658100971
 10
161.14659582006715
 20
24.68585918027777
 10
162.4090183095383
 20
24.26505168378723
  0
LWPOLYLINE
  5
28C
330
17
100
AcDbEntity
  8
ENG_K
100
AcDbPolyline
 90
4
 70
1
 10
161.88831661799225
 20
236.74293386075828
 10
162.2707924984644
 20
234.8305544583973
 10
159.2109854546869
 20
235.59550621934156
 10
161.88831661799225
 20
236.74293386075828
  0
LWPOLYLINE
  5
28D
330
17
100
AcDbEntity
  8
ENG_K
100
AcDbPolyline
 90
5
 70
1
 10
162.21309030275884
 20
249.90926489467412
 10
161.0673365456203
 20
247.99967529944334
 10
160.7052145068768
 20
250.5345295706478
 10
161.85756689078292
 20
251.6868819545539
 10
162.21309030275884
 20
249.90926489467412
  0
LWPOLYLINE
  5
28E
330
17
100
AcDbEntity
  8
ENG_K
100
AcDbPolyline
 90
5
 70
1
 10
158.4717316542183
 20
119.48191313137013
 10
160.8073195269702
 20
119.81556854176334
 10
161.4895832817524
 20
119.13330478698103
 10
159.15399540900066
 20
118.79964937658794
 10
158.4717316542183
 20
119.48191313137013
  0
LWPOLYLINE
  5
28F
330
17
100
AcDbEntity
  8
ENG_K
100
AcDbPolyline
 90
5
 70
1
 10
160.90542129641733
 20
121.36278438899328
 10
159.79044864599422
 20
120.24781173857014
 10
157.57687369377865
 20
121.19648671809102
 10
158.69184634420176
 20
122.31145936851418
 10
160.90542129641733
 20
121.36278438899328
  0
LWPOLYLINE
  5
290
330
17
100
AcDbEntity
  8
ENG_K
100
AcDbPolyline
 90
5
 70
1
 10
160.2924622502166
 20
238.27811366087514
 10
159.89005653480527
 20
237.07089651464108
 10
158.68283938857104
 20
237.47330223005235
 10
159.08524510398237
 20
238.68051937628644
 10
160.2924622502166
 20
238.27811366087514
  0
LWPOLYLINE
  5
291
330
17
100
AcDbEntity
  8
ENG_K
100
AcDbPolyline
 90
25
 70
1
 10
158.16798211181745
 20
118.3365485959884
 10
160.8857462453915
 20
117.94829657690642
 10
158.30573090378405
 20
116.84257571621748
 10
155.3445665090452
 20
116.84257571621748
 10
150.41450002312885
 20
114.8705491218509
 10
149.53336195601997
 20
114.8705491218509
 10
148.9894418687611
 20
113.78270894733322
 10
146.3413121302164
 20
115.37158679046011
 10
139.56818991894076
 20
116.18436145581323
 10
141.5323035427503
 20
117.49377053835298
 10
141.80824525063005
 20
118.32159566199229
 10
143.0465632927909
 20
118.32159566199229
 10
144.5255832385658
 20
117.33558236480901
 10
146.00460318434068
 20
117.33558236480901
 10
147.4836231301156
 20
116.34956906762572
 10
148.67421667500932
 20
116.34956906762572
 10
148.89752519022264
 20
117.91272867411884
 10
149.76438166013853
 20
119.35748945731194
 10
150.8600344690402
 20
118.9922718543447
 10
150.8600344690402
 20
117.89686648153719
 10
151.45876389781665
 20
116.89898410024301
 10
155.31118965396544
 20
118.3436437587988
 10
156.3412991447618
 20
117.82858901340066
 10
157.6600225292297
 20
117.82858901340066
 10
158.16798211181745
 20
118.3365485959884
  0
LWPOLYLINE
  5
292
330
17
100
AcDbEntity
  8
ENG_K
100
AcDbPolyline
 90
5
 70
1
 10
159.34887339789515
 20
265.9404145137816
 10
159.829655912685
 20
264.49806696941215
 10
158.74814084650635
 20
264.49806696941215
 10
158.74814084650635
 20
265.3396819623928
 10
159.34887339789515
 20
265.9404145137816
  0
LWPOLYLINE
  5
293
330
17
100
AcDbEntity
  8
ENG_K
100
AcDbPolyline
 90
4
 70
1
 10
158.9236819424027
 20
131.14615386896799
 10
156.87310052891297
 20
132.17144457571263
 10
158.4110365890303
 20
132.6840899290851
 10
158.9236819424027
 20
131.14615386896799
  0
LWPOLYLINE
  5
294
330
17
100
AcDbEntity
  8
ENG_K
100
AcDbPolyline
 90
6
 70
1
 10
153.7473782720659
 20
266.7480058196439
 10
154.27286942217444
 20
267.27349696975233
 10
155.79010095495656
 20
266.3631580500829
 10
155.79010095495656
 20
264.99107361800367
 10
154.9186664064926
 20
264.99107361800367
 10
153.7473782720659
 20
266.7480058196439
  0
LWPOLYLINE
  5
295
330
17
100
AcDbEntity
  8
ENG_K
100
AcDbPolyline
 90
6
 70
1
 10
149.32067903511035
 20
255.9738171367658
 10
150.97536446587492
 20
256.96662839522435
 10
151.84604776622348
 20
254.9350340277443
 10
151.84604776622348
 20
253.15891405180446
 10
150.44664026909476
 20
253.15891405180446
 10
149.32067903511035
 20
255.9738171367658
  0
LWPOLYLINE
  5
296
330
17
100
AcDbEntity
  8
ENG_K
100
AcDbPolyline
 90
9
 70
1
 10
150.40255457114452
 20
132.55221020175233
 10
149.87402117185695
 20
132.02367680246473
 10
149.87402117185695
 20
130.05165020809827
 10
149.48311954335864
 20
129.66074857959998
 10
149.97612619195027
 20
129.16774193100832
 10
148.67416387436646
 20
127.8657796134246
 10
148.3866596552019
 20
132.75335133922184
 10
150.01069954696814
 20
133.72777527428158
 10
150.40255457114452
 20
132.55221020175233
  0
LWPOLYLINE
  5
297
330
17
100
AcDbEntity
  8
ENG_K
100
AcDbPolyline
 90
4
 70
1
 10
149.97612619195033
 20
126.20970203945836
 10
149.13451119896948
 20
125.36808704647773
 10
149.13451119896948
 20
127.05131703243944
 10
149.97612619195033
 20
126.20970203945836
  0
LWPOLYLINE
  5
298
330
17
100
AcDbEntity
  8
ENG_K
100
AcDbPolyline
 90
6
 70
1
 10
145.81110320424415
 20
235.5889290835289
 10
147.8788500828061
 20
238.2474607845375
 10
149.3810145232653
 20
236.74529634407793
 10
149.3810145232653
 20
235.49463468183117
 10
147.39024136659793
 20
234.6414461861168
 10
145.81110320424415
 20
235.5889290835289
  0
LWPOLYLINE
  5
299
330
17
100
AcDbEntity
  8
ENG_K
100
AcDbPolyline
 90
8
 70
1
 10
148.88800787467366
 20
108.70796601445554
 10
147.25664049614414
 20
108.70796601445554
 10
147.87289880688365
 20
109.94048263593459
 10
147.38241973180715
 20
110.92144078608746
 10
149.0127186922741
 20
114.50809849911492
 10
149.39596745726138
 20
111.82535714420372
 10
148.88800787467366
 20
111.31739756161608
 10
148.88800787467366
 20
108.70796601445554
  0
LWPOLYLINE
  5
29A
330
17
100
AcDbEntity
  8
ENG_K
100
AcDbPolyline
 90
9
 70
1
 10
146.39749970195834
 20
246.53974710239845
 10
147.33829184037464
 20
247.95093531002289
 10
146.66249010748695
 20
248.6267370429105
 10
148.58837434312048
 20
249.0119138900375
 10
148.90909348456768
 20
247.40831818280128
 10
147.9019945774904
 20
246.40121927572412
 10
147.9019945774904
 20
244.77780102574664
 10
146.9848150608422
 20
244.77780102574664
 10
146.39749970195834
 20
246.53974710239845
  0
LWPOLYLINE
  5
29B
330
17
100
AcDbEntity
  8
ENG_K
100
AcDbPolyline
 90
4
 70
1
 10
145.1904580102364
 20
242.41487280288166
 10
146.0320730032173
 20
241.573257809901
 10
145.1904580102364
 20
240.73164281692038
 10
145.1904580102364
 20
242.41487280288166
  0
LWPOLYLINE
  5
29C
330
17
100
AcDbEntity
  8
ENG_K
100
AcDbPolyline
 90
11
 70
1
 10
144.12489076501353
 20
255.55311902563972
 10
144.472033647243
 20
253.81740461449255
 10
143.04262418009813
 20
252.38799514734757
 10
144.01768223550397
 20
250.92540806423892
 10
141.57611776257508
 20
247.94127370843677
 10
140.4058115264841
 20
248.3313757871337
 10
140.9999014972075
 20
249.51955572858077
 10
140.9999014972075
 20
252.02850245041876
 10
141.98591479439077
 20
253.01451574760202
 10
141.98591479439077
 20
254.02527904662352
 10
144.12489076501353
 20
255.55311902563972
  0
LWPOLYLINE
  5
29D
330
17
100
AcDbEntity
  8
ENG_K
100
AcDbPolyline
 90
18
 70
1
 10
143.94384362738762
 20
262.395739832213
 10
144.5347585783824
 20
261.80482488121794
 10
142.4789214429824
 20
259.2350284619682
 10
142.4789214429824
 20
257.76784201220806
 10
141.49290814579916
 20
256.2888220664332
 10
141.49290814579916
 20
255.27533895037345
 10
140.5068948486159
 20
254.2893256531902
 10
140.5068948486159
 20
252.84413325937228
 10
139.5414331378329
 20
251.2350304080675
 10
136.5628416598828
 20
255.29674605981745
 10
136.5628416598828
 20
257.1029672405374
 10
137.97264928809517
 20
257.1029672405374
 10
137.51550929721148
 20
258.9315272040722
 10
140.9999014972075
 20
261.42037877549785
 10
140.9999014972075
 20
262.8746487194349
 10
142.3768164228889
 20
264.25156364511616
 10
143.67872593983003
 20
264.25156364511616
 10
143.94384362738762
 20
262.395739832213
  0
LWPOLYLINE
  5
29E
330
17
100
AcDbEntity
  8
ENG_K
100
AcDbPolyline
 90
5
 70
1
 10
142.97192809157406
 20
32.29193548275211
 10
142.97192809157406
 20
33.133550475732854
 10
143.5726606429629
 20
33.73428302712178
 10
144.0534431577527
 20
32.29193548275211
 10
142.97192809157406
 20
32.29193548275211
  0
LWPOLYLINE
  5
29F
330
17
100
AcDbEntity
  8
ENG_K
100
AcDbPolyline
 90
4
 70
1
 10
142.72542476727824
 20
34.366067097212124
 10
143.5670397602591
 20
33.52445210423105
 10
142.72542476727824
 20
32.68283711125042
 10
142.72542476727824
 20
34.366067097212124
  0
LWPOLYLINE
  5
2A0
330
17
100
AcDbEntity
  8
ENG_K
100
AcDbPolyline
 90
5
 70
1
 10
141.64429429852592
 20
72.2324618671989
 10
142.04009718710412
 20
70.25344742430795
 10
140.9999014972075
 20
70.25344742430795
 10
140.9999014972075
 20
71.58806906588033
 10
141.64429429852592
 20
72.2324618671989
  0
LWPOLYLINE
  5
2A1
330
17
100
AcDbEntity
  8
ENG_K
100
AcDbPolyline
 90
4
 70
1
 10
140.7533981729117
 20
70.84855909299293
 10
141.59501316589254
 20
70.00694410001229
 10
140.7533981729117
 20
69.16532910703121
 10
140.7533981729117
 20
70.84855909299293
  0
LWPOLYLINE
  5
2A2
330
17
100
AcDbEntity
  8
ENG_K
100
AcDbPolyline
 90
4
 70
1
 10
140.26039152432006
 20
76.06742218731411
 10
140.26039152432006
 20
77.75065217327581
 10
141.1020065173009
 20
76.90903718029519
 10
140.26039152432006
 20
76.06742218731411
  0
LWPOLYLINE
  5
2A3
330
17
100
AcDbEntity
  8
ENG_K
100
AcDbPolyline
 90
229
 70
1
 10
107.01327484694612
 20
51.06729759931605
 10
105.98319376093298
 20
49.69385615129862
 10
105.48708204236027
 20
46.717185839862395
 10
105.06384833712043
 20
46.293952134622614
 10
105.53251856921652
 20
45.35661167043037
 10
104.47349602254663
 20
43.23856657709069
 10
103.44824736879222
 20
42.213317923336156
 10
102.5840141427282
 20
44.22986211748559
 10
101.52115802286956
 20
45.29271823734427
 10
100.57335631269348
 20
44.724037211238524
 10
100.57335631269348
 20
44.26849335315375
 10
97.60121865977399
 20
41.29635570023438
 10
97.1372627065481
 20
38.048664027653054
 10
97.66874860824592
 20
37.51717812595523
 10
96.57400334818813
 20
35.32768760583982
 10
95.08663607074553
 20
34.33610942087806
 10
94.31707842179742
 20
33.053513339297844
 10
88.32527679030018
 20
32.0548797340483
 10
83.37631515319987
 20
29.58039891549813
 10
78.98316879475493
 20
29.58039891549813
 10
78.4901621461633
 20
29.087392266906487
 10
76.51813555179676
 20
29.087392266906487
 10
75.92302388311174
 20
28.4922805982214
 10
75.3279122144267
 20
29.087392266906487
 10
73.58991521573
 20
29.087392266906487
 10
72.34697194711038
 20
27.22297736397705
 10
71.9933211406489
 20
28.991231396284455
 10
70.96028820404257
 20
30.540780801193822
 10
71.8145615740915
 20
32.534085331308084
 10
80.93828685742658
 20
32.780672501127924
 10
85.19089855259352
 20
42.23092071261003
 10
82.89914895662238
 20
42.80385811160281
 10
85.71928142758215
 20
44.370598373247084
 10
86.66706513203432
 20
44.370598373247084
 10
87.26217680071933
 20
44.96571004193206
 10
87.26217680071933
 20
47.774172710708385
 10
86.27616350353607
 20
50.239205953666485
 10
86.27616350353607
 20
52.826346600521546
 10
87.31711643847261
 20
54.38777600292644
 10
89.62510502358413
 20
56.69576458803793
 10
91.35127337100738
 20
56.69576458803793
 10
92.74452866646145
 20
54.18790505622062
 10
92.20719622063176
 20
53.65057261039097
 10
92.32467034576244
 20
52.828253734476085
 10
92.53290250247267
 20
53.24471804789654
 10
94.26637490109562
 20
53.24471804789654
 10
94.65727652959387
 20
52.853816419398235
 10
95.16438093955516
 20
53.3609208293595
 10
95.6573875881468
 20
56.811967369501005
 10
96.13629647536875
 20
57.290876256723024
 10
96.13629647536875
 20
60.71445297798772
 10
97.12230977255203
 20
62.19347292376265
 10
97.12230977255203
 20
63.65604920953438
 10
98.10832306973529
 20
65.62807580390084
 10
98.10832306973529
 20
70.5474229512839
 10
99.07843196957845
 20
72.97269520089189
 10
98.565802967631
 20
74.51058220673423
 10
99.60368377175973
 20
75.54846301086305
 10
100.09669042035136
 20
78.50650290241279
 10
101.03495402971579
 20
79.44476651177723
 10
102.58180571364103
 20
78.41353205582713
 10
103.02172621577304
 20
78.56017222320443
 10
102.53594235192472
 20
83.9037947255361
 10
103.03838955565165
 20
84.40624192926293
 10
103.03838955565165
 20
87.85728846940432
 10
103.53139620424328
 20
88.35029511799597
 10
103.53139620424328
 20
90.32232171236254
 10
105.0104161500182
 20
91.80134165813736
 10
105.99642944720146
 20
90.81532836095407
 10
105.99642944720146
 20
88.35029511799597
 10
106.50101185986915
 20
87.84571270532825
 10
105.98537289727321
 20
83.2049620419647
 10
105.51382275556443
 20
82.73341190025596
 10
105.98645050123636
 20
78.0071344435368
 10
106.48943609579308
 20
77.50414884898017
 10
106.48943609579308
 20
75.3279122144268
 10
106.00439887102483
 20
74.84287498965858
 10
106.21799240800797
 20
72.06615900887769
 10
106.56112289732145
 20
72.18053583864881
 10
106.98244274438471
 20
73.02317553277537
 10
106.98244274438471
 20
75.98121542432523
 10
107.96845604156799
 20
77.9532420186917
 10
107.96845604156799
 20
81.49844445037435
 10
108.9921544482086
 20
82.01029365369472
 10
109.78828256482983
 20
84.92943008130582
 10
111.37801682008036
 20
83.97558952815554
 10
112.43099080864984
 20
80.8166675624471
 10
111.41950258170944
 20
79.29943522203654
 10
111.41950258170944
 20
77.34385228767326
 10
110.42869545059932
 20
75.36223802545305
 10
109.9261326637789
 20
69.33148458360793
 10
108.46146269015964
 20
68.84326125906814
 10
108.46146269015964
 20
66.50842535719048
 10
107.43902751470097
 20
63.95233741854378
 10
106.48943609579305
 20
63.00274599963585
 10
105.96993925399192
 20
63.52224284143715
 10
106.46294590258356
 20
65.4942694358036
 10
105.99642944720145
 20
65.96078589118571
 10
105.99642944720145
 20
67.15100922855567
 10
106.38733107569973
 20
67.54191085705396
 10
105.99642944720145
 20
67.93281248555228
 10
105.99642944720145
 20
68.88136299222869
 10
105.18353319565608
 20
69.36910074315594
 10
105.0315017599122
 20
68.60894356443659
 10
105.50342279860982
 20
68.13702252573894
 10
105.50342279860982
 20
66.9169796328859
 10
104.02440285283491
 20
65.9309663357026
 10
104.02440285283491
 20
65.1515128153124
 10
105.2991245486534
 20
63.23943027158485
 10
103.69643586156451
 20
63.559968009002546
 10
103.60016048768622
 20
63.27114188736771
 10
107.02223801776985
 20
62.2934054502009
 10
106.5055930239582
 20
59.710180481142515
 10
107.63594778964134
 20
58.1276838091862
 10
109.41725902047115
 20
57.36426471025913
 10
109.61442536359914
 20
56.378432994619196
 10
110.95586826058913
 20
57.3366064924693
 10
111.93642892168076
 20
61.25884913683577
 10
112.40551587889269
 20
61.7279360940477
 10
112.40551587889269
 20
63.69996268841438
 10
112.89852252748433
 20
64.1929693370059
 10
112.89852252748433
 20
67.15100922855567
 10
113.88453582466761
 20
68.13702252573894
 10
113.88453582466761
 20
68.91882578273555
 10
113.2511114186741
 20
69.55225018872912
 10
114.84296090746606
 20
70.61348318125692
 10
114.71916296912408
 20
71.23247287296697
 10
114.37754247325921
 20
70.89085237710202
 10
113.88453582466761
 20
71.38385902569355
 10
113.88453582466761
 20
72.57408236306362
 10
114.93807907032284
 20
73.62762560871894
 10
115.48842471527641
 20
72.52693431881174
 10
115.9081877544355
 20
72.66685533186478
 10
116.38062058632724
 20
74.08415382753996
 10
117.33558236480904
 20
75.03911560602184
 10
117.33558236480904
 20
76.51813555179676
 10
117.82858901340069
 20
77.0111422003884
 10
117.82858901340069
 20
80.49965153103666
 10
120.30411426419485
 20
81.98496668151311
 10
120.77865948112711
 20
88.15405450163271
 10
119.32170672054527
 20
89.6110072622146
 10
118.30664272799622
 20
96.71645521005779
 10
118.81460231058392
 20
97.22441479264543
 10
119.80061560776723
 20
96.23840149546214
 10
119.80061560776723
 20
93.77336825250393
 10
120.11931808416425
 20
93.45466577610695
 10
120.30400711987548
 20
94.74748902608555
 10
121.27963555354212
 20
96.21093167658546
 10
121.27963555354212
 20
98.8264401623713
 10
124.33033991005003
 20
99.10377692205385
 10
124.79457552676975
 20
98.63954130533403
 10
123.26556506401975
 20
96.0911905340841
 10
123.72741255597424
 20
93.7819530743117
 10
126.32403002274043
 20
90.71322334086074
 10
127.29782035673512
 20
90.71322334086074
 10
129.10793019502404
 20
88.90311350257186
 10
130.6467618767832
 20
86.85133792689292
 10
130.6467618767832
 20
85.99694805460867
 10
132.0386297364608
 20
85.79810978894054
 10
132.62650831337137
 20
86.38598836585099
 10
132.9071235636778
 20
90.03398661983442
 10
135.67893338279288
 20
87.26217680071935
 10
134.59820823282328
 20
86.18145165074975
 10
135.06532781560807
 20
79.64177749176282
 10
135.42448092994485
 20
80.36008372043646
 10
138.67443606484954
 20
80.36008372043646
 10
139.5208815514326
 20
78.94934124279796
 10
139.5208815514326
 20
77.82677300934171
 10
138.04186160565772
 20
75.36173976638361
 10
138.04186160565772
 20
73.84889226865188
 10
137.54885495706606
 20
73.35588562006023
 10
137.54885495706606
 20
71.11981241912702
 10
139.12223991610443
 20
69.99596601981384
 10
141.2763106894954
 20
69.68824162361508
 10
140.07325687075377
 20
68.48518780487333
 10
135.03634951142763
 20
70.49995074860382
 10
134.0188127159388
 20
70.49995074860382
 10
132.12578182255808
 20
71.8521156724472
 10
132.12578182255808
 20
72.90679245034848
 10
130.608811378946
 20
75.94073333757268
 10
131.63277517396645
 20
77.47667903010336
 10
131.63277517396645
 20
80.25797870034313
 10
131.18870902446494
 20
80.70204484984455
 10
130.6467618767832
 20
79.79879960370828
 10
130.6467618767832
 20
78.80206807367563
 10
129.2945969529399
 20
76.90903718029507
 10
128.07962361373163
 20
76.90903718029507
 10
127.58661696513998
 20
77.40204382888672
 10
125.12158372218182
 20
77.40204382888672
 10
124.64353000758629
 20
77.88009754348224
 10
123.20410226731718
 20
77.67446500915808
 10
122.74239913266754
 20
75.82765247055967
 10
121.27963555354212
 20
73.38971317201725
 10
121.27963555354212
 20
72.38980956820507
 10
119.81589291981372
 20
70.43815272323373
 10
120.77635337628546
 20
65.1556202126392
 10
122.22173537184548
 20
62.264856221519224
 10
123.41357890398614
 20
61.073012689378594
 10
125.35111963006321
 20
59.61985714482076
 10
129.10330890191372
 20
57.86883548462385
 10
129.66074857959993
 20
56.753956129251605
 10
129.66074857959993
 20
52.592984637611195
 10
126.75610357462136
 20
51.272691453530086
 10
125.29832394349205
 20
51.272691453530086
 10
123.81930399771714
 20
50.286678156346795
 10
122.0879793069647
 20
50.286678156346795
 10
121.73711545143783
 20
51.33926972292735
 10
122.27562779669047
 20
51.87778206818005
 10
122.74899719378283
 20
56.61147603910355
 10
118.21219978129864
 20
61.62583107395436
 10
117.46243738674066
 20
61.62583107395436
 10
116.34956906762578
 20
60.06781542719353
 10
116.34956906762578
 20
57.78388290531466
 10
117.33558236480906
 20
56.79786960813149
 10
117.33558236480906
 20
54.62163297357814
 10
116.4251838945096
 20
53.711234503278746
 10
114.42819033985317
 20
54.210482891942746
 10
112.89852252748433
 20
53.11786302596499
 10
112.89852252748433
 20
51.17058643343664
 10
112.4055158788927
 20
50.677579784844994
 10
112.4055158788927
 20
46.733526596111965
 10
111.91250923030108
 20
46.24051994752032
 10
111.91250923030108
 20
45.254506650337035
 10
109.54958100743627
 20
42.89157842747227
 10
107.37334437288298
 20
42.89157842747227
 10
106.47638590001395
 20
43.788536900341235
 10
106.99483678412395
 20
47.9361439732211
 10
107.4579484988422
 20
48.39925568793946
 10
107.01327484694612
 20
51.06729759931605
  0
LWPOLYLINE
  5
2A4
330
17
100
AcDbEntity
  8
ENG_K
100
AcDbPolyline
 90
6
 70
1
 10
107.46106365284533
 20
51.66434934051489
 10
107.96845604156799
 20
51.91804553487622
 10
107.96845604156799
 20
52.67707619808826
 10
107.25715133321815
 20
53.744033260612945
 10
107.48472233446985
 20
51.69589424934762
 10
107.46106365284533
 20
51.66434934051489
  0
LWPOLYLINE
  5
2A5
330
17
100
AcDbEntity
  8
ENG_K
100
AcDbPolyline
 90
5
 70
1
 10
107.17080016387878
 20
54.52119378466725
 10
107.4865059429046
 20
54.83689956369309
 10
107.66849742912663
 20
56.47482293969131
 10
106.9984032059751
 20
56.0727664058005
 10
107.17080016387878
 20
54.52119378466725
  0
LWPOLYLINE
  5
2A6
330
17
100
AcDbEntity
  8
ENG_K
100
AcDbPolyline
 90
4
 70
1
 10
108.57813402797768
 20
50.35261955757464
 10
108.51564508287294
 20
50.04017483205092
 10
108.7656008632919
 20
50.04017483205092
 10
108.57813402797768
 20
50.35261955757464
  0
LWPOLYLINE
  5
2A7
330
17
100
AcDbEntity
  8
ENG_K
100
AcDbPolyline
 90
4
 70
1
 10
103.58422111967649
 20
51.69303667197988
 10
104.0610665496507
 20
50.58039733537334
 10
104.4257130549251
 20
51.18814151083073
 10
103.58422111967649
 20
51.69303667197988
  0
LWPOLYLINE
  5
2A8
330
17
100
AcDbEntity
  8
ENG_K
100
AcDbPolyline
 90
5
 70
1
 10
139.5208815514326
 20
77.99715549757158
 10
140.1216141028214
 20
78.59788804896051
 10
140.6023966176113
 20
77.15554050459095
 10
139.5208815514326
 20
77.15554050459095
 10
139.5208815514326
 20
77.99715549757158
  0
LWPOLYLINE
  5
2A9
330
17
100
AcDbEntity
  8
ENG_K
100
AcDbPolyline
 90
6
 70
1
 10
137.0303733787173
 20
84.76072075118013
 10
137.41217658195487
 20
85.906130360893
 10
139.02787490284098
 20
84.93671136836134
 10
139.02787490284098
 20
83.07162028769055
 10
138.1564403543771
 20
83.07162028769055
 10
137.0303733787173
 20
84.76072075118013
  0
LWPOLYLINE
  5
2AA
330
17
100
AcDbEntity
  8
ENG_K
100
AcDbPolyline
 90
13
 70
1
 10
136.06983501129116
 20
188.4306447820978
 10
136.06983501129116
 20
189.49222260294852
 10
137.09698111010866
 20
189.83460463588753
 10
139.02787490284098
 20
188.4553947839359
 10
139.02787490284098
 20
187.26789126360455
 10
138.02414590355275
 20
185.76229776467224
 10
137.52493526568637
 20
183.76545521320676
 10
136.13641328068854
 20
182.3769332282088
 10
135.0838217141079
 20
182.72779708373577
 10
135.0838217141079
 20
183.99358494477326
 10
135.57682836269953
 20
184.48659159336478
 10
135.57682836269953
 20
187.93763813350617
 10
136.06983501129116
 20
188.4306447820978
  0
LWPOLYLINE
  5
2AB
330
17
100
AcDbEntity
  8
ENG_K
100
AcDbPolyline
 90
8
 70
1
 10
137.05584830847445
 20
260.6850611237725
 10
134.0629834945346
 20
258.1910071121563
 10
133.76984142565425
 20
257.31158090551486
 10
131.95010676738525
 20
257.6755278371687
 10
133.4304741821152
 20
259.74804221779067
 10
136.59425059145218
 20
261.85722649068197
 10
137.05584830847445
 20
261.3956287736596
 10
137.05584830847445
 20
260.6850611237725
  0
LWPOLYLINE
  5
2AC
330
17
100
AcDbEntity
  8
ENG_K
100
AcDbPolyline
 90
33
 70
1
 10
134.0978084169246
 20
183.5005782961815
 10
134.6929200856096
 20
182.9054666274965
 10
133.71930082816553
 20
181.9318473700523
 10
129.7752476394324
 20
181.43884072146076
 10
128.77684030251004
 20
180.4404333845384
 10
126.60060366795666
 20
180.4404333845384
 10
126.10759701936503
 20
180.93344003312995
 10
123.84677381659375
 20
180.93344003312995
 10
123.32481368095209
 20
180.4114798974884
 10
120.14531212476041
 20
181.27861668554058
 10
121.27963555354212
 20
182.98010182871315
 10
121.27963555354212
 20
185.31230832924118
 10
120.74627971606834
 20
186.37902000418882
 10
122.15770178644406
 20
188.3550109027149
 10
124.64966268348421
 20
187.85661872330684
 10
125.12158372218182
 20
188.32853976200448
 10
127.12108013542489
 20
188.32853976200448
 10
128.60010008119983
 20
189.31455305918777
 10
129.7628535996933
 20
189.31455305918777
 10
130.6467618767832
 20
188.4306447820978
 10
130.6467618767832
 20
183.78937490458645
 10
130.15375522819156
 20
183.29636825599482
 10
130.15375522819156
 20
182.61454436619562
 10
130.9050016146097
 20
182.46429508891194
 10
131.14273478516978
 20
188.4076243529136
 10
132.12578182255808
 20
189.88219490899604
 10
132.12578182255808
 20
190.89567802505601
 10
133.07358353273418
 20
191.84347973523208
 10
134.66687635467534
 20
190.88750404206743
 10
134.10763251443203
 20
189.76901636158073
 10
134.6083159596504
 20
186.76491569027033
 10
134.0978084169246
 20
186.25440814754458
 10
134.0978084169246
 20
183.5005782961815
  0
LWPOLYLINE
  5
2AD
330
17
100
AcDbEntity
  8
ENG_K
100
AcDbPolyline
 90
7
 70
1
 10
127.19571533664173
 20
185.47260489054796
 10
127.19571533664173
 20
186.13588214374522
 10
125.35368027592114
 20
186.34055270604756
 10
124.79457552676972
 20
185.40871145746186
 10
125.3257937623686
 20
184.87749322186298
 10
126.60060366795672
 20
184.87749322186298
 10
127.19571533664173
 20
185.47260489054796
  0
LWPOLYLINE
  5
2AE
330
17
100
AcDbEntity
  8
ENG_K
100
AcDbPolyline
 90
4
 70
1
 10
130.25586024828496
 20
110.43348928452635
 10
129.41424525530408
 20
109.59187429154527
 10
129.41424525530408
 20
111.27510427750697
 10
130.25586024828496
 20
110.43348928452635
  0
LWPOLYLINE
  5
2AF
330
17
100
AcDbEntity
  8
ENG_K
100
AcDbPolyline
 90
4
 70
1
 10
128.92123860671245
 20
110.28909098032369
 10
129.7628535996933
 20
109.44747598734305
 10
128.92123860671245
 20
108.60586099436198
 10
128.92123860671245
 20
110.28909098032369
  0
LWPOLYLINE
  5
2B0
330
17
100
AcDbEntity
  8
ENG_K
100
AcDbPolyline
 90
8
 70
1
 10
128.52889773857245
 20
97.59798536329278
 10
129.66074857959993
 20
95.7115672949137
 10
129.66074857959993
 20
93.60298576427407
 10
128.7843747941351
 20
92.14236278849941
 10
127.68872198523337
 20
92.50758039146656
 10
127.68872198523337
 20
94.75938154968722
 10
128.1958263951947
 20
95.26648595964848
 10
128.52889773857245
 20
97.59798536329278
  0
LWPOLYLINE
  5
2B1
330
17
100
AcDbEntity
  8
ENG_K
100
AcDbPolyline
 90
5
 70
1
 10
129.26324370000367
 20
108.21495936586389
 10
128.181728633825
 20
108.21495936586389
 10
128.181728633825
 20
109.05657435884476
 10
128.78246118521383
 20
109.65730691023346
 10
129.26324370000367
 20
108.21495936586389
  0
LWPOLYLINE
  5
2B2
330
17
100
AcDbEntity
  8
ENG_K
100
AcDbPolyline
 90
5
 70
1
 10
129.37757285389878
 20
31.444699607067417
 10
128.1151503644276
 20
31.023892110576988
 10
127.47889106234275
 20
31.66015141266176
 10
128.74131355181407
 20
32.0809589091523
 10
129.37757285389878
 20
31.444699607067417
  0
LWPOLYLINE
  5
2B3
330
17
100
AcDbEntity
  8
ENG_K
100
AcDbPolyline
 90
5
 70
1
 10
127.31771424189867
 20
191.25729814464876
 10
125.35691791202999
 20
191.64945741062246
 10
127.71536837154376
 20
193.3340648817038
 10
128.2456220669112
 20
192.80381118633628
 10
127.31771424189867
 20
191.25729814464876
  0
LWPOLYLINE
  5
2B4
330
17
100
AcDbEntity
  8
ENG_K
100
AcDbPolyline
 90
4
 70
1
 10
127.44221866093756
 20
31.20381716547549
 10
127.44221866093756
 20
32.8870471514372
 10
128.2838336539184
 20
32.04543215845612
 10
127.44221866093756
 20
31.20381716547549
  0
LWPOLYLINE
  5
2B5
330
17
100
AcDbEntity
  8
ENG_K
100
AcDbPolyline
 90
9
 70
1
 10
123.66567309551446
 20
252.91241072750847
 10
124.83278711377703
 20
252.91241072750847
 10
125.76250590865563
 20
251.98269193263002
 10
124.92168502149647
 20
250.02077652925857
 10
123.78603589480485
 20
249.452951965913
 10
121.90294274496658
 20
249.7219652730327
 10
121.2262033664398
 20
250.39870465155923
 10
121.82604713158106
 20
251.5983921818419
 10
123.66567309551446
 20
252.91241072750847
  0
LWPOLYLINE
  5
2B6
330
17
100
AcDbEntity
  8
ENG_K
100
AcDbPolyline
 90
4
 70
1
 10
125.32579376236858
 20
108.46146269015978
 10
124.48417876938775
 20
107.6198476971787
 10
124.48417876938775
 20
109.3030776831404
 10
125.32579376236858
 20
108.46146269015978
  0
LWPOLYLINE
  5
2B7
330
17
100
AcDbEntity
  8
ENG_K
100
AcDbPolyline
 90
22
 70
1
 10
115.85656241903413
 20
36.42430045456757
 10
115.85656241903413
 20
38.379883388930836
 10
114.87054912185087
 20
39.858903334705765
 10
114.87054912185087
 20
43.48669009615735
 10
115.37594981018175
 20
43.99209078448807
 10
115.866873338472
 20
47.919479010810285
 10
117.71437597003201
 20
50.29483953710168
 10
121.77264220213377
 20
50.02428845496165
 10
121.77264220213377
 20
48.73938074243556
 10
120.29362225635886
 20
46.274347499477344
 10
120.29362225635886
 20
45.29114915387667
 10
118.38252931168213
 20
41.946736500692474
 10
118.81460231058395
 20
41.51466350179067
 10
118.81460231058395
 20
39.981010738602606
 10
119.7616711636444
 20
37.613338605951505
 10
124.80005642410431
 20
33.07879187153762
 10
123.89994013046365
 20
31.57859804880325
 10
122.45242154005291
 20
31.289094330721024
 10
120.35359410437137
 20
32.86321490748223
 10
119.63290850178072
 20
34.0643575784666
 10
116.41834941787126
 20
35.300726456893415
 10
115.85656241903413
 20
36.42430045456757
  0
LWPOLYLINE
  5
2B8
330
17
100
AcDbEntity
  8
ENG_K
100
AcDbPolyline
 90
4
 70
1
 10
122.5121521750212
 20
117.9729873176032
 10
122.5121521750212
 20
119.6562173035649
 10
123.35376716800207
 20
118.81460231058382
 10
122.5121521750212
 20
117.9729873176032
  0
LWPOLYLINE
  5
2B9
330
17
100
AcDbEntity
  8
ENG_K
100
AcDbPolyline
 90
11
 70
1
 10
120.78662890495048
 20
110.49168082573968
 10
120.78662890495048
 20
112.46939130625499
 10
122.20887275547342
 20
115.02943023719625
 10
123.26323791198473
 20
113.97506508068489
 10
122.77023126339309
 20
109.53800524336022
 10
123.46149307079918
 20
108.84674343595412
 10
122.2467347190735
 20
108.44182398537883
 10
121.32830838653318
 20
108.901037151649
 10
120.29362225635883
 20
107.86635102147457
 10
119.74718342066497
 20
108.41278985716862
 10
120.78662890495048
 20
110.49168082573968
  0
LWPOLYLINE
  5
2BA
330
17
100
AcDbEntity
  8
ENG_K
100
AcDbPolyline
 90
4
 70
1
 10
122.01914552642958
 20
25.98495407115431
 10
122.8607605194104
 20
25.143339078173234
 10
122.01914552642958
 20
24.3017240851926
 10
122.01914552642958
 20
25.98495407115431
  0
LWPOLYLINE
  5
2BB
330
17
100
AcDbEntity
  8
ENG_K
100
AcDbPolyline
 90
4
 70
1
 10
121.52613887783794
 20
49.445063163365944
 10
121.52613887783794
 20
51.128293149327654
 10
122.36775387081879
 20
50.286678156346575
 10
121.52613887783794
 20
49.445063163365944
  0
LWPOLYLINE
  5
2BC
330
17
100
AcDbEntity
  8
ENG_K
100
AcDbPolyline
 90
8
 70
1
 10
119.80654443171743
 20
102.4373490630165
 10
119.20550393908225
 20
103.0383895556517
 10
119.80732256149132
 20
103.64020817806075
 10
120.12858418454157
 20
108.45913252381456
 10
120.42180253856104
 20
108.463517287687
 10
121.28631699122339
 20
99.53020127684253
 10
120.09440704164692
 20
97.54368469421514
 10
119.80654443171743
 20
102.4373490630165
  0
LWPOLYLINE
  5
2BD
330
17
100
AcDbEntity
  8
ENG_K
100
AcDbPolyline
 90
7
 70
1
 10
120.78662890495049
 20
242.45716608699098
 10
119.8671938771648
 20
241.53773105920507
 10
118.81460231058395
 20
241.88859491473204
 10
118.81460231058395
 20
243.64738942436094
 10
119.80061560776723
 20
244.63340272154443
 10
120.78662890495049
 20
243.64738942436094
 10
120.78662890495049
 20
242.45716608699098
  0
LWPOLYLINE
  5
2BE
330
17
100
AcDbEntity
  8
ENG_K
100
AcDbPolyline
 90
6
 70
1
 10
120.9054936838302
 20
190.86182194823508
 10
118.87507819614682
 20
188.25128774978484
 10
117.35057226837246
 20
189.1659913064495
 10
117.06017282440621
 20
191.77958630214587
 10
119.37588642731207
 20
191.77958630214587
 10
120.9054936838302
 20
190.86182194823508
  0
LWPOLYLINE
  5
2BF
330
17
100
AcDbEntity
  8
ENG_K
100
AcDbPolyline
 90
4
 70
1
 10
119.5541122834714
 20
237.4848063169659
 10
120.39572727645215
 20
236.64319132398438
 10
119.5541122834714
 20
235.80157633100373
 10
119.5541122834714
 20
237.4848063169659
  0
LWPOLYLINE
  5
2C0
330
17
100
AcDbEntity
  8
ENG_K
100
AcDbPolyline
 90
9
 70
1
 10
119.30090200545148
 20
232.31494346047742
 10
119.80061560776723
 20
231.81522985816173
 10
119.80061560776723
 20
228.01557497363123
 10
116.76794051500076
 20
228.01557497363123
 10
118.74330876678775
 20
229.33248714148903
 10
117.82858901340069
 20
231.16192664826318
 10
117.82858901340069
 20
234.73944219775467
 10
119.00820078200977
 20
236.70546181210295
 10
119.30090200545148
 20
232.31494346047742
  0
LWPOLYLINE
  5
2C1
330
17
100
AcDbEntity
  8
ENG_K
100
AcDbPolyline
 90
5
 70
1
 10
118.85281389759115
 20
183.8275864915936
 10
117.13286934005669
 20
184.85955322611437
 10
119.47455833543182
 20
186.53218822281082
 10
119.82170121766124
 20
184.79647381166376
 10
118.85281389759115
 20
183.8275864915936
  0
LWPOLYLINE
  5
2C2
330
17
100
AcDbEntity
  8
ENG_K
100
AcDbPolyline
 90
6
 70
1
 10
117.74143692730338
 20
180.91848709913384
 10
117.27168893172286
 20
181.38823509471447
 10
118.18202785139209
 20
182.9054666274964
 10
118.95417012118419
 20
182.9054666274964
 10
119.95649566102554
 20
181.2349240610942
 10
117.74143692730338
 20
180.91848709913384
  0
LWPOLYLINE
  5
2C3
330
17
100
AcDbEntity
  8
ENG_K
100
AcDbPolyline
 90
130
 70
1
 10
91.77552015802965
 20
190.97346541557403
 10
94.18470142936657
 20
192.8472730710582
 10
94.75938154968725
 20
192.2725929507375
 10
96.04434252037446
 20
192.2725929507375
 10
99.65247036437275
 20
195.39963708220264
 10
101.0663629612851
 20
197.28482721141916
 10
101.0663629612851
 20
199.25685380578562
 10
102.54538290706
 20
201.22888040015218
 10
102.54538290706
 20
202.72783759125522
 10
103.03838955565165
 20
203.22084423984688
 10
103.03838955565165
 20
205.97467409120995
 10
102.49195071995771
 20
206.52111292690378
 10
103.03838955565165
 20
207.61399059829165
 10
103.03838955565165
 20
210.41173392853474
 10
102.54538290706
 20
210.90474057712638
 10
102.54538290706
 20
216.5599392307156
 10
107.55220188105122
 20
219.98565747607802
 10
108.50659300679743
 20
218.39500559983415
 10
106.48943609579308
 20
215.36927023332774
 10
106.48943609579308
 20
212.87676717149273
 10
106.09853446729484
 20
212.48586554299453
 10
106.48943609579308
 20
212.09496391449622
 10
106.48943609579308
 20
206.96068738839324
 10
105.99642944720146
 20
206.4676807398016
 10
105.99642944720146
 20
205.65204993084808
 10
106.62900390639332
 20
204.59775916552837
 10
107.40081419175952
 20
204.59775916552837
 10
110.27644462667966
 20
206.51484612214176
 10
112.30341085879931
 20
208.5418123542615
 10
113.27967379976117
 20
208.5418123542615
 10
116.70113364841032
 20
212.45205218128905
 10
117.33558236480904
 20
212.6635350867554
 10
117.33558236480904
 20
214.35578711726777
 10
116.80704896552147
 20
214.88432051655536
 10
117.1864461022521
 20
216.02251192674726
 10
119.3076089591756
 20
215.11344213092286
 10
119.3076089591756
 20
211.39774722571804
 10
117.46873890360382
 20
209.55887717014622
 10
116.00756397433452
 20
209.07181886038984
 10
114.55361627632762
 20
207.13322192971395
 10
112.52141628731789
 20
205.60907193795663
 10
111.05965247191256
 20
205.12181733282154
 10
108.56356771025301
 20
202.6257325711619
 10
108.07056106166137
 20
202.6257325711619
 10
106.94381150871652
 20
201.4989830182171
 10
106.16843093737337
 20
199.6897616850831
 10
104.49215293407711
 20
199.45029339889786
 10
104.01200881309569
 20
195.60914043104648
 10
103.5313962042433
 20
195.12852782219403
 10
103.5313962042433
 20
192.7074080581157
 10
102.94423366411047
 20
191.53308297785009
 10
102.0682626355577
 20
191.53308297785009
 10
101.8620086322006
 20
194.62689302820647
 10
101.00631959521378
 20
193.08665276163018
 10
99.5185957662785
 20
192.09483687567342
 10
96.61158742185542
 20
187.7343243590387
 10
96.11237678398906
 20
185.73748180757332
 10
94.70594936258492
 20
184.33105438616914
 10
93.7651942695153
 20
184.80143193270393
 10
93.18355733710784
 20
183.8320370453581
 10
93.36472661477237
 20
181.47683643571932
 10
94.60833603050371
 20
183.54951879527158
 10
96.13629647536877
 20
182.02155835040656
 10
96.13629647536877
 20
178.07750516167354
 10
96.6293031239604
 20
177.584498513082
 10
96.6293031239604
 20
175.9012685271203
 10
96.13629647536877
 20
175.40826187852866
 10
96.13629647536877
 20
174.13345197294038
 10
96.6293031239604
 20
173.64044532434875
 10
96.6293031239604
 20
171.66841872998228
 10
97.12230977255203
 20
171.17541208139076
 10
97.12230977255203
 20
170.16946153887923
 10
98.58557722682845
 20
168.21843826651073
 10
99.07491227171293
 20
165.77176304208828
 10
99.41303884331559
 20
165.4336364704856
 10
99.6200551401417
 20
166.8827505482683
 10
100.57335631269348
 20
166.8827505482683
 10
100.57335631269348
 20
164.2186861836945
 10
101.60210595924062
 20
161.64681206732678
 10
100.65437572289284
 20
160.6990818309789
 10
98.02760959389315
 20
161.22443505677896
 10
96.07810493415515
 20
162.19918738664785
 10
94.06216486090884
 20
162.19918738664785
 10
93.62259039941954
 20
162.6387618481372
 10
91.75742817925767
 20
161.70618073805622
 10
89.67661333780819
 20
161.70618073805622
 10
86.22556679766674
 20
163.18520068383114
 10
84.69503853766774
 20
163.18520068383114
 10
84.20203188907612
 20
163.6782073324229
 10
84.7264474692371
 20
164.2026229125837
 10
82.82511696339462
 20
167.05461867134753
 10
82.82511696339462
 20
171.17541208139076
 10
83.31812361198625
 20
171.66841872998228
 10
83.31812361198625
 20
174.58254514265215
 10
84.30413690916951
 20
176.5545717370187
 10
84.30413690916951
 20
178.5705118102653
 10
84.79714355776116
 20
179.0635184588568
 10
84.79714355776116
 20
181.03554505322327
 10
85.29015020635279
 20
181.52855170181493
 10
85.29015020635279
 20
183.99358494477326
 10
85.78315685494442
 20
184.48659159336478
 10
85.78315685494442
 20
186.95162483632288
 10
86.27616350353607
 20
187.44463148491454
 10
86.27616350353607
 20
190.40267137646438
 10
86.77914909809279
 20
190.90565697102113
 10
87.26791393007007
 20
195.79330529079385
 10
88.2481900979026
 20
197.75385762645902
 10
88.2481900979026
 20
199.71516488229224
 10
89.23420339508587
 20
202.18019812525046
 10
89.23420339508587
 20
204.20685753703026
 10
89.7272100436775
 20
204.6998641856218
 10
89.7272100436775
 20
206.61725796257514
 10
90.71322334086076
 20
209.08229120553335
 10
90.71322334086076
 20
210.6159439687214
 10
91.6992366380441
 20
211.6019572659047
 10
92.19224328663569
 20
211.10895061731316
 10
92.19224328663569
 20
207.45369403698487
 10
91.71418957204013
 20
206.97564032238935
 10
91.89075925867147
 20
205.73965251597005
 10
92.74337584193212
 20
206.25122246592642
 10
94.20818335988211
 20
209.18083750182637
 10
95.1502831781855
 20
210.12293732012978
 10
95.64328982677712
 20
209.62993067153823
 10
95.64328982677712
 20
205.4816674426182
 10
95.15028317818549
 20
204.98866079402666
 10
95.15028317818549
 20
198.0567481582607
 10
93.63186783545942
 20
197.0444712631101
 10
93.14720506511749
 20
195.59048295208424
 10
92.18118673670743
 20
194.6244646236741
 10
91.77552015802965
 20
190.97346541557403
  0
LWPOLYLINE
  5
2C4
330
17
100
AcDbEntity
  8
ENG_K
100
AcDbPolyline
 90
9
 70
1
 10
91.69923663804404
 20
190.28691373570362
 10
91.6928739351089
 20
190.22964940928733
 10
90.71322334086078
 20
188.27034822079102
 10
90.71322334086078
 20
185.57258425774538
 10
91.65413069675935
 20
185.38440278656566
 10
92.6852499352273
 20
186.00307432964658
 10
92.6852499352273
 20
187.26789126360455
 10
91.69923663804404
 20
188.74691120937948
 10
91.69923663804404
 20
190.28691373570362
  0
LWPOLYLINE
  5
2C5
330
17
100
AcDbEntity
  8
ENG_K
100
AcDbPolyline
 90
9
 70
1
 10
91.69923663804404
 20
163.28730570392446
 10
91.69923663804404
 20
164.7663256496995
 10
92.1828027315004
 20
165.24989174315573
 10
91.96713284259128
 20
167.6222605211559
 10
91.33308501138403
 20
167.6222605211559
 10
90.22553397086317
 20
166.0716890644266
 10
90.45083363947563
 20
162.69219403523937
 10
91.10412496935902
 20
162.69219403523937
 10
91.69923663804404
 20
163.28730570392446
  0
LWPOLYLINE
  5
2C6
330
17
100
AcDbEntity
  8
ENG_K
100
AcDbPolyline
 90
4
 70
1
 10
118.42370068208578
 20
243.5452844042676
 10
117.58208568910486
 20
242.70366941128697
 10
117.58208568910486
 20
244.38689939724821
 10
118.42370068208578
 20
243.5452844042676
  0
LWPOLYLINE
  5
2C7
330
17
100
AcDbEntity
  8
ENG_K
100
AcDbPolyline
 90
5
 70
1
 10
116.77727425828208
 20
31.396523118748966
 10
117.1796799736935
 20
32.60374026498325
 10
118.38689711992765
 20
32.20133454957186
 10
117.98449140451625
 20
30.994117403337683
 10
116.77727425828208
 20
31.396523118748966
  0
LWPOLYLINE
  5
2C8
330
17
100
AcDbEntity
  8
ENG_K
100
AcDbPolyline
 90
5
 70
1
 10
118.19980684909106
 20
227.89691246948786
 10
114.41651807103834
 20
225.27771254622064
 10
113.13579452626277
 20
225.70462039447904
 10
116.28365523477336
 20
228.2801427923513
 10
118.19980684909106
 20
227.89691246948786
  0
LWPOLYLINE
  5
2C9
330
17
100
AcDbEntity
  8
ENG_K
100
AcDbPolyline
 90
5
 70
1
 10
118.03841993629118
 20
113.2838032732788
 10
116.77599744681996
 20
112.8629957767885
 10
116.13973814473518
 20
113.49925507887315
 10
117.40216063420645
 20
113.92006257536369
 10
118.03841993629118
 20
113.2838032732788
  0
LWPOLYLINE
  5
2CA
330
17
100
AcDbEntity
  8
ENG_K
100
AcDbPolyline
 90
4
 70
1
 10
117.08907904051323
 20
97.26670807675453
 10
117.08907904051323
 20
98.94993806271624
 10
117.93069403349406
 20
98.10832306973516
 10
117.08907904051323
 20
97.26670807675453
  0
LWPOLYLINE
  5
2CB
330
17
100
AcDbEntity
  8
ENG_K
100
AcDbPolyline
 90
7
 70
1
 10
114.37754247325924
 20
109.81992185197875
 10
114.37754247325924
 20
110.50176675266266
 10
115.18911241581944
 20
111.85438332359632
 10
117.55688290916329
 20
113.03826857026822
 10
117.83548355640376
 20
108.85925886166103
 10
116.86300726458175
 20
107.88678256983897
 10
114.37754247325924
 20
109.81992185197875
  0
LWPOLYLINE
  5
2CC
330
17
100
AcDbEntity
  8
ENG_K
100
AcDbPolyline
 90
10
 70
1
 10
115.45769136671258
 20
181.41847725789827
 10
112.00094990106942
 20
181.6843804475631
 10
111.39986387692868
 20
182.88655249584463
 10
111.76853412725097
 20
183.99256324681156
 10
112.90650410850581
 20
183.42357825618416
 10
116.33860928800146
 20
184.894480475968
 10
117.54541328769956
 20
184.49221247606852
 10
115.46566079053585
 20
182.41245997890488
 10
115.95866743912754
 20
181.91945333031313
 10
115.45769136671258
 20
181.41847725789827
  0
LWPOLYLINE
  5
2CD
330
17
100
AcDbEntity
  8
ENG_K
100
AcDbPolyline
 90
12
 70
1
 10
114.95016157049707
 20
215.69040875884028
 10
113.920957702943
 20
218.26341842772544
 10
112.89852252748433
 20
219.28585360318408
 10
112.89852252748433
 20
220.27186690036737
 10
112.29235430887088
 20
220.87803511898073
 10
109.51948992657071
 20
221.18613116145846
 10
111.85613322874636
 20
222.85516209158396
 10
113.31158870603308
 20
222.56407099612653
 10
115.3635557704425
 20
218.4601368673076
 10
115.3635557704425
 20
217.53918369105884
 10
117.82858901340065
 20
215.69040875884028
 10
114.95016157049707
 20
215.69040875884028
  0
LWPOLYLINE
  5
2CE
330
17
100
AcDbEntity
  8
ENG_K
100
AcDbPolyline
 90
19
 70
1
 10
111.41950258170944
 20
100.47125129260014
 10
111.41950258170944
 20
102.64748792715339
 10
111.81040421020772
 20
103.0383895556517
 10
111.43892667691507
 20
103.4098670889444
 10
110.94592002832343
 20
105.8749003319025
 10
109.87658920284835
 20
106.94423115737762
 10
110.78692812251757
 20
108.46146269015955
 10
113.49363419616935
 20
108.46146269015955
 10
113.986640844761
 20
107.9684560415679
 10
114.81235758063727
 20
107.9684560415679
 10
115.86735397382967
 20
108.49595423816416
 10
117.33558236480906
 20
107.61501720357658
 10
117.33558236480906
 20
105.40131777851647
 10
116.84257571621742
 20
104.90831112992483
 10
116.84257571621742
 20
100.47125129260014
 10
116.38509581832172
 20
100.01377139470446
 10
116.97911050670747
 20
98.23172732954721
 10
112.27565822728525
 20
99.61509564702442
 10
111.41950258170944
 20
100.47125129260014
  0
LWPOLYLINE
  5
2CF
330
17
100
AcDbEntity
  8
ENG_K
100
AcDbPolyline
 90
4
 70
1
 10
115.61005909473832
 20
242.70366941128697
 10
115.61005909473832
 20
244.38689939724821
 10
116.45167408771924
 20
243.5452844042676
 10
115.61005909473832
 20
242.70366941128697
  0
LWPOLYLINE
  5
2D0
330
17
100
AcDbEntity
  8
ENG_K
100
AcDbPolyline
 90
11
 70
1
 10
114.37754247325925
 20
240.5189670445813
 10
114.37754247325925
 20
238.3687145940554
 10
112.96735630801945
 20
238.3687145940554
 10
112.70364453858983
 20
239.1598499023444
 10
111.91250923030107
 20
239.4235616717739
 10
111.91250923030107
 20
240.4851394926244
 10
111.29909779151137
 20
241.09855093141408
 10
114.28954981388782
 20
243.5452844042676
 10
115.46566079053596
 20
243.5452844042676
 10
115.92045585212034
 20
243.0904893426833
 10
114.37754247325925
 20
240.5189670445813
  0
LWPOLYLINE
  5
2D1
330
17
100
AcDbEntity
  8
ENG_K
100
AcDbPolyline
 90
5
 70
1
 10
114.08054930534236
 20
225.39794686695848
 10
112.95073930513841
 20
224.2681368667545
 10
108.41585947907723
 20
226.38441411891642
 10
110.45525090748157
 20
226.79229240459708
 10
114.08054930534236
 20
225.39794686695848
  0
LWPOLYLINE
  5
2D2
330
17
100
AcDbEntity
  8
ENG_K
100
AcDbPolyline
 90
5
 70
1
 10
112.40551587889274
 20
69.12303582292223
 10
112.9340492781803
 20
68.59450242363474
 10
112.56141827000828
 20
67.47660939911859
 10
111.20967165881892
 20
67.92719160284844
 10
112.40551587889274
 20
69.12303582292223
  0
LWPOLYLINE
  5
2D3
330
17
100
AcDbEntity
  8
ENG_K
100
AcDbPolyline
 90
4
 70
1
 10
113.00062754757765
 20
185.86350651904638
 10
111.66600590600524
 20
184.52888487747387
 10
111.66600590600524
 20
187.19812816061875
 10
113.00062754757765
 20
185.86350651904638
  0
LWPOLYLINE
  5
2D4
330
17
100
AcDbEntity
  8
ENG_K
100
AcDbPolyline
 90
5
 70
1
 10
111.5136584732506
 20
69.76044077571642
 10
110.87306374601553
 20
71.0416302301865
 10
112.08681340249566
 20
72.25537988666663
 10
112.44323327548857
 20
69.76044077571642
 10
111.5136584732506
 20
69.76044077571642
  0
LWPOLYLINE
  5
2D5
330
17
100
AcDbEntity
  8
ENG_K
100
AcDbPolyline
 90
5
 70
1
 10
111.35292431231204
 20
109.90495588523852
 10
110.71666501022729
 20
110.5412151873234
 10
111.9790874996985
 20
110.96202268381373
 10
112.61534680178333
 20
110.32576338172906
 10
111.35292431231204
 20
109.90495588523852
  0
LWPOLYLINE
  5
2D6
330
17
100
AcDbEntity
  8
ENG_K
100
AcDbPolyline
 90
11
 70
1
 10
106.97403438039575
 20
93.60924057717735
 10
107.28709197348229
 20
96.42675891495611
 10
108.42087091222453
 20
95.29297997621389
 10
110.96486272406209
 20
89.69619799017137
 10
109.48958378213649
 20
87.72915940093718
 10
110.2451775014438
 20
86.21797196232262
 10
108.46146269015962
 20
87.10982936796474
 10
108.46146269015962
 20
88.84330176658762
 10
108.95446933875125
 20
89.33630841517926
 10
108.95446933875125
 20
90.63858813964399
 10
106.97403438039575
 20
93.60924057717735
  0
LWPOLYLINE
  5
2D7
330
17
100
AcDbEntity
  8
ENG_K
100
AcDbPolyline
 90
4
 70
1
 10
110.53559430461954
 20
112.89852252748422
 10
109.69397931163871
 20
112.0569075345036
 10
109.69397931163871
 20
113.7401375204653
 10
110.53559430461954
 20
112.89852252748422
  0
LWPOLYLINE
  5
2D8
330
17
100
AcDbEntity
  8
ENG_K
100
AcDbPolyline
 90
5
 70
1
 10
106.81792172578098
 20
227.12473127568433
 10
108.61847951955797
 20
229.6455121869718
 10
108.94037157738157
 20
227.3922677822069
 10
110.00457020327846
 20
226.32806915630965
 10
106.81792172578098
 20
227.12473127568433
  0
LWPOLYLINE
  5
2D9
330
17
100
AcDbEntity
  8
ENG_K
100
AcDbPolyline
 90
30
 70
1
 10
107.47544939297636
 20
18.83635766657543
 10
107.47544939297636
 20
16.914573484870242
 10
108.72684018411854
 20
16.288878089299242
 10
107.04026506651243
 20
15.27693301873545
 10
101.44817225192703
 20
15.785305092788636
 10
100.43293855529161
 20
16.800538789424223
 10
102.10767603424063
 20
17.917030442056724
 10
102.50743240922283
 20
18.716543192021206
 10
101.52141911203957
 20
20.195563137796135
 10
102.02328048786165
 20
21.19928588944031
 10
101.55936960987673
 20
22.12710764541015
 10
101.55936960987673
 20
24.259430801083393
 10
102.05237625846837
 20
24.752437449675035
 10
102.05237625846837
 20
25.57815418555154
 10
101.50593742277448
 20
26.671031856939308
 10
102.05237625846837
 20
27.21747069263325
 10
102.05237625846837
 20
34.67300874638457
 10
104.03238443385642
 20
35.521583678693624
 10
105.0686076912318
 20
35.00347205000598
 10
107.20307376827738
 20
35.00347205000598
 10
107.4643928430481
 20
32.65160037706949
 10
108.02188822867025
 20
32.09410499144727
 10
107.01153851499143
 20
30.07340556408977
 10
107.47544939297636
 20
29.145583808119934
 10
107.47544939297636
 20
23.113120942593433
 10
107.03587493148697
 20
22.233972019614633
 10
107.47544939297636
 20
21.79439755812529
 10
107.47544939297636
 20
19.61816092357205
 10
107.08454776447805
 20
19.22725929507374
 10
107.47544939297636
 20
18.83635766657543
  0
LWPOLYLINE
  5
2DA
330
17
100
AcDbEntity
  8
ENG_K
100
AcDbPolyline
 90
18
 70
1
 10
100.52514359597339
 20
239.003588399473
 10
100.95863705848794
 20
240.3040687870166
 10
102.17840096994152
 20
239.0843048755633
 10
104.17664315433584
 20
238.58474432946463
 10
105.13230091895721
 20
237.15125768253253
 10
107.47544939297636
 20
237.41160751297906
 10
107.47544939297636
 20
236.04807965529972
 10
106.98244274438471
 20
235.55507300670797
 10
106.98244274438471
 20
232.14793994544647
 10
106.57365168538033
 20
231.3303578274375
 10
107.47544939297636
 20
230.8794589736396
 10
107.47544939297636
 20
230.14952769129172
 10
105.59092654237384
 20
227.72656974051708
 10
103.03838955565165
 20
228.577415402758
 10
103.03838955565165
 20
230.2775326099491
 10
104.97160741995171
 20
235.59388173677442
 10
103.3762257894926
 20
237.18926336723345
 10
100.52514359597339
 20
239.003588399473
  0
LWPOLYLINE
  5
2DB
330
17
100
AcDbEntity
  8
ENG_K
100
AcDbPolyline
 90
11
 70
1
 10
104.61951452151993
 20
96.62930312396057
 10
103.52421831727547
 20
95.53400691971603
 10
103.03427296800983
 20
88.67477202999719
 10
102.05237625846837
 20
86.71097861091425
 10
102.05237625846837
 20
83.5646269362822
 10
101.05304792087668
 20
83.5646269362822
 10
101.56326405317687
 20
93.25873344998581
 10
102.54538290706
 20
94.73191173081052
 10
102.54538290706
 20
96.8313875112512
 10
104.10542226303434
 20
97.14339538244599
 10
104.61951452151993
 20
96.62930312396057
  0
LWPOLYLINE
  5
2DC
330
17
100
AcDbEntity
  8
ENG_K
100
AcDbPolyline
 90
4
 70
1
 10
102.6474879271534
 20
217.41593202891107
 10
101.80587293417256
 20
216.57431703593
 10
101.80587293417256
 20
218.2575470218917
 10
102.6474879271534
 20
217.41593202891107
  0
LWPOLYLINE
  5
2DD
330
17
100
AcDbEntity
  8
ENG_K
100
AcDbPolyline
 90
7
 70
1
 10
99.10127609317848
 20
226.7379280355142
 10
97.46427090196016
 20
227.72013115024527
 10
98.50611924123652
 20
228.7619794895217
 10
103.52604435232746
 20
228.42731781544902
 10
103.53499980189108
 20
228.18966094038151
 10
100.66356880918481
 20
227.7794565128517
 10
99.10127609317848
 20
226.7379280355142
  0
LWPOLYLINE
  5
2DE
330
17
100
AcDbEntity
  8
ENG_K
100
AcDbPolyline
 90
4
 70
1
 10
100.32685298839765
 20
178.61280509437427
 10
100.32685298839765
 20
180.29603508033597
 10
101.1684679813785
 20
179.4544200873549
 10
100.32685298839765
 20
178.61280509437427
  0
LWPOLYLINE
  5
2DF
330
17
100
AcDbEntity
  8
ENG_K
100
AcDbPolyline
 90
71
 70
1
 10
68.60517623400528
 20
53.73202737997329
 10
64.78570716084602
 20
53.986658651517196
 10
59.06914509140903
 20
55.72648189004148
 10
57.042752737656464
 20
56.73967806691782
 10
55.70975129085472
 20
58.07267951371953
 10
55.70975129085472
 20
59.72843968080455
 10
56.69576458803799
 20
61.20745962657948
 10
56.69576458803799
 20
63.15232322240949
 10
57.68177788522125
 20
65.61735646536759
 10
57.68177788522125
 20
67.10709574967578
 10
58.66779118240453
 20
69.07912234404235
 10
58.66779118240453
 20
71.05114893840891
 10
59.6538044795878
 20
73.02317553277537
 10
59.6538044795878
 20
74.51863913855361
 10
60.63981777677106
 20
75.99765908432855
 10
60.63981777677106
 20
77.46023537010016
 10
61.63527864954627
 20
79.45115711565055
 10
62.1351784787955
 20
82.45055609114593
 10
63.002745999635856
 20
83.31812361198621
 10
63.98875929681912
 20
83.31812361198621
 10
64.95843183775285
 20
84.28779615291992
 10
67.9422043169717
 20
84.78509156612313
 10
69.45830953821614
 20
85.7958283802861
 10
72.38737321701106
 20
85.30765110048688
 10
74.34189891724344
 20
87.26217680071935
 10
77.01114220038839
 20
87.26217680071935
 10
77.50414884898004
 20
86.7691701521277
 10
84.51047783125934
 20
86.7691701521277
 10
83.33304084231294
 20
94.5402542791739
 10
82.2300052947096
 20
95.64328982677728
 10
82.7984705770842
 20
96.2117551091517
 10
84.75004283313436
 20
94.81777492625876
 10
85.43402684574956
 20
93.2218122301568
 10
87.29085584621026
 20
93.68601948027188
 10
88.19951726491156
 20
93.23168877092125
 10
92.53923143625417
 20
97.57140294226386
 10
94.59908498838024
 20
98.60132971832691
 10
96.19448801658237
 20
98.60132971832691
 10
98.16651461094891
 20
97.61531642114363
 10
100.21991747470206
 20
97.61531642114363
 10
101.13025639437129
 20
96.09808488836168
 10
100.57335631269348
 20
95.54118480668383
 10
100.57335631269348
 20
93.59226753142468
 10
99.248332963613
 20
91.73723484271201
 10
98.7024130404587
 20
91.55526153499393
 10
99.15116634426631
 20
90.6577549273787
 10
92.62458783996551
 20
84.63322092340874
 10
91.36022658614681
 20
82.86311516806255
 10
90.71322334086078
 20
82.64744741963392
 10
90.71322334086078
 20
81.91373886742804
 10
91.72471156780118
 20
80.39650652701746
 10
91.17517847075095
 20
78.74790723586678
 10
90.32232171236251
 20
77.89505047747835
 10
88.79938828770786
 20
77.89505047747835
 10
86.98724263342712
 20
76.98897765033796
 10
86.74974605692206
 20
75.80149476781284
 10
85.78315685494445
 20
74.83490556583506
 10
85.24147737336175
 20
75.37658504741785
 10
84.46280191943484
 20
74.98724732045436
 10
82.4001096049167
 20
72.40888192730677
 10
81.39476985061077
 20
72.91155180445973
 10
79.03095578566881
 20
70.54773773951773
 10
74.60177207723841
 20
68.087080123723
 10
71.48596404578703
 20
64.49191701050982
 10
71.48596404578703
 20
63.51568989355572
 10
70.00694410001212
 20
61.54366329918914
 10
70.00694410001212
 20
60.07217592696279
 10
69.02093080282886
 20
58.59315598118786
 10
69.02093080282886
 20
57.31202289877757
 10
71.15254372555421
 20
55.71331320673356
 10
68.60517623400528
 20
53.73202737997329
  0
LWPOLYLINE
  5
2E0
330
17
100
AcDbEntity
  8
ENG_K
100
AcDbPolyline
 90
4
 70
1
 10
99.34083969121438
 20
92.04784498243323
 10
100.18245468419524
 20
91.20622998945261
 10
99.34083969121438
 20
90.36461499647153
 10
99.34083969121438
 20
92.04784498243323
  0
LWPOLYLINE
  5
2E1
330
17
100
AcDbEntity
  8
ENG_K
100
AcDbPolyline
 90
5
 70
1
 10
100.29018058699246
 20
16.654500149318462
 10
99.02775809752117
 20
16.233692652827926
 10
98.39149879543642
 20
16.86995195491281
 10
99.65392128490763
 20
17.290759451403126
 10
100.29018058699246
 20
16.654500149318462
  0
LWPOLYLINE
  5
2E2
330
17
100
AcDbEntity
  8
ENG_K
100
AcDbPolyline
 90
30
 70
1
 10
97.61531642114367
 20
214.84879376585943
 10
97.61531642114367
 20
213.86278046867614
 10
96.13629647536871
 20
212.3837605229012
 10
95.64328982677712
 20
212.87676717149273
 10
95.64328982677712
 20
214.84879376585943
 10
95.09685099108323
 20
215.39523260155335
 10
95.54220650464536
 20
216.2859436286776
 10
95.27515212301942
 20
216.37496175588623
 10
94.84565394718493
 20
215.51596540421724
 10
93.64509069347208
 20
214.79562745198945
 10
93.16509593515927
 20
212.39565366042547
 10
91.99864481520986
 20
210.4515684605096
 10
91.69533080221055
 20
215.00127865549922
 10
92.6852499352273
 20
216.98111692153276
 10
92.6852499352273
 20
218.01104369759594
 10
93.60468496301321
 20
218.93047872538173
 10
95.08370490878809
 20
218.4374720767901
 10
95.64328982677712
 20
218.99705699477923
 10
95.64328982677712
 20
219.74904069629264
 10
94.13668166661745
 20
220.75344613639936
 10
94.70169546659888
 20
223.57851513630632
 10
96.13629647536877
 20
223.57851513630632
 10
96.13629647536877
 20
222.44810353492062
 10
96.66071205552984
 20
221.92368795475969
 10
98.1397320013047
 20
222.90970125194275
 10
99.09433636691857
 20
221.95509688632907
 10
99.09433636691857
 20
220.3264997177805
 10
98.10832306973529
 20
217.8614664748224
 10
98.10832306973529
 20
215.34180041445106
 10
97.61531642114367
 20
214.84879376585943
  0
LWPOLYLINE
  5
2E3
330
17
100
AcDbEntity
  8
ENG_K
100
AcDbPolyline
 90
4
 70
1
 10
97.86181974543948
 20
225.94144335917133
 10
97.86181974543948
 20
227.62467334513258
 10
98.7034347384204
 20
226.78305835215195
 10
97.86181974543948
 20
225.94144335917133
  0
LWPOLYLINE
  5
2E4
330
17
100
AcDbEntity
  8
ENG_K
100
AcDbPolyline
 90
5
 70
1
 10
97.18668026118381
 20
77.2489343456817
 10
97.6508431718396
 20
75.85644561371441
 10
96.62930312396038
 20
74.83490556583506
 10
96.07240304228259
 20
75.39180564751302
 10
97.18668026118381
 20
77.2489343456817
  0
LWPOLYLINE
  5
2E5
330
17
100
AcDbEntity
  8
ENG_K
100
AcDbPolyline
 90
5
 70
1
 10
94.8967920053653
 20
17.406618853433862
 10
96.71032253415979
 20
17.76932495919281
 10
97.37580094537205
 20
17.10384654798036
 10
95.5622704165777
 20
16.741140442221635
 10
94.8967920053653
 20
17.406618853433862
  0
LWPOLYLINE
  5
2E6
330
17
100
AcDbEntity
  8
ENG_K
100
AcDbPolyline
 90
4
 70
1
 10
95.3967865024813
 20
213.32748053597538
 10
96.23840149546216
 20
212.48586554299476
 10
95.3967865024813
 20
211.64425055001368
 10
95.3967865024813
 20
213.32748053597538
  0
LWPOLYLINE
  5
2E7
330
17
100
AcDbEntity
  8
ENG_K
100
AcDbPolyline
 90
4
 70
1
 10
95.74539484687051
 20
81.8391036662115
 10
94.90377985388966
 20
80.99748867323042
 10
94.90377985388966
 20
82.68071865919214
 10
95.74539484687051
 20
81.8391036662115
  0
LWPOLYLINE
  5
2E8
330
17
100
AcDbEntity
  8
ENG_K
100
AcDbPolyline
 90
5
 70
1
 10
94.16426988100221
 20
79.12756709895741
 10
94.16426988100221
 20
80.95519538912154
 10
94.83158070178845
 20
81.62250620990763
 10
95.18800057478136
 20
79.12756709895741
 10
94.16426988100221
 20
79.12756709895741
  0
LWPOLYLINE
  5
2E9
330
17
100
AcDbEntity
  8
ENG_K
100
AcDbPolyline
 90
8
 70
1
 10
88.1766415676499
 20
19.785177870757952
 10
90.6286461398592
 20
21.692292538031843
 10
93.79811825434219
 20
21.692292538031843
 10
95.15028317818549
 20
19.79926164465129
 10
95.15028317818549
 20
17.646134329205477
 10
94.25479913701946
 20
16.75065028803946
 10
89.57352253311682
 20
17.2707921329176
 10
88.1766415676499
 20
19.785177870757952
  0
LWPOLYLINE
  5
2EA
330
17
100
AcDbEntity
  8
ENG_K
100
AcDbPolyline
 90
4
 70
1
 10
94.31010742484645
 20
79.84974601399387
 10
94.72133333096704
 20
76.97116467114972
 10
93.0764297064846
 20
77.79361648339078
 10
94.31010742484645
 20
79.84974601399387
  0
LWPOLYLINE
  5
2EB
330
17
100
AcDbEntity
  8
ENG_K
100
AcDbPolyline
 90
4
 70
1
 10
93.42475990811477
 20
76.76463887609253
 10
94.26637490109562
 20
75.9230238831119
 10
93.42475990811477
 20
75.08140889013082
 10
93.42475990811477
 20
76.76463887609253
  0
LWPOLYLINE
  5
2EC
330
17
100
AcDbEntity
  8
ENG_K
100
AcDbPolyline
 90
8
 70
1
 10
90.32902866608661
 20
16.75551909839146
 10
95.150936474418
 20
16.434058577836087
 10
95.14961107603094
 20
16.09475141348904
 10
89.83524388772106
 20
15.78214157888247
 10
89.23420339508586
 20
15.181101086247262
 10
88.67730331340806
 20
15.73800116792523
 10
89.67826954458738
 20
17.406278219890716
 10
90.32902866608661
 20
16.75551909839146
  0
LWPOLYLINE
  5
2ED
330
17
100
AcDbEntity
  8
ENG_K
100
AcDbPolyline
 90
4
 70
1
 10
92.93175325952313
 20
56.551366283835506
 10
93.77336825250396
 20
55.70975129085487
 10
92.93175325952313
 20
54.86813629787379
 10
92.93175325952313
 20
56.551366283835506
  0
LWPOLYLINE
  5
2EE
330
17
100
AcDbEntity
  8
ENG_K
100
AcDbPolyline
 90
5
 70
1
 10
92.85404729736818
 20
105.47680625375044
 10
90.23754775012016
 20
105.85059190335721
 10
92.16263705093746
 20
107.00564548384773
 10
93.24355804175428
 20
106.64533848690871
 10
92.85404729736818
 20
105.47680625375044
  0
LWPOLYLINE
  5
2EF
330
17
100
AcDbEntity
  8
ENG_K
100
AcDbPolyline
 90
5
 70
1
 10
92.19224328663569
 20
112.65201920318857
 10
92.19224328663569
 20
113.98664084476107
 10
92.83663608795409
 20
114.6310336460794
 10
93.23243897653226
 20
112.65201920318857
 10
92.19224328663569
 20
112.65201920318857
  0
LWPOLYLINE
  5
2F0
330
17
100
AcDbEntity
  8
ENG_K
100
AcDbPolyline
 90
7
 70
1
 10
92.41092432800862
 20
117.35313220748644
 10
92.71415615133434
 20
114.62404579755514
 10
91.81888494040824
 20
114.62404579755514
 10
90.57394370869551
 20
116.36696352195297
 10
87.75216806130543
 20
116.77007432872311
 10
87.75950558599588
 20
116.99533076579327
 10
92.41092432800862
 20
117.35313220748644
  0
LWPOLYLINE
  5
2F1
330
17
100
AcDbEntity
  8
ENG_K
100
AcDbPolyline
 90
5
 70
1
 10
87.46472100972358
 20
106.30107867629901
 10
88.65404466039695
 20
107.49040232697249
 10
90.79397571706454
 20
107.1846978903056
 10
90.39105330158596
 20
105.9759306438699
 10
87.46472100972358
 20
106.30107867629901
  0
LWPOLYLINE
  5
2F2
330
17
100
AcDbEntity
  8
ENG_K
100
AcDbPolyline
 90
5
 70
1
 10
89.78139243639082
 20
24.89683575387758
 10
88.74119674649424
 20
24.89683575387758
 10
88.74119674649424
 20
26.231457395449965
 10
89.38558954781266
 20
26.875850196768525
 10
89.78139243639082
 20
24.89683575387758
  0
LWPOLYLINE
  5
2F3
330
17
100
AcDbEntity
  8
ENG_K
100
AcDbPolyline
 90
4
 70
1
 10
88.00168677360679
 20
117.19118406060657
 10
88.84330176658762
 20
116.34956906762595
 10
88.00168677360679
 20
115.50795407464487
 10
88.00168677360679
 20
117.19118406060657
  0
LWPOLYLINE
  5
2F4
330
17
100
AcDbEntity
  8
ENG_K
100
AcDbPolyline
 90
4
 70
1
 10
87.01567347642352
 20
115.01494742605323
 10
87.01567347642352
 20
116.69817741201494
 10
87.85728846940437
 20
115.8565624190343
 10
87.01567347642352
 20
115.01494742605323
  0
LWPOLYLINE
  5
2F5
330
17
100
AcDbEntity
  8
ENG_K
100
AcDbPolyline
 90
5
 70
1
 10
84.97144772995577
 20
100.84976550498159
 10
85.32786760294867
 20
98.35482639403115
 10
84.30413690916951
 20
98.35482639403115
 10
84.30413690916951
 20
100.18245468419518
 10
84.97144772995577
 20
100.84976550498159
  0
LWPOLYLINE
  5
2F6
330
17
100
AcDbEntity
  8
ENG_K
100
AcDbPolyline
 90
5
 70
1
 10
82.90613637359404
 20
43.89867733454944
 10
83.57161478480644
 20
43.23319892333721
 10
81.75808425601195
 20
42.87049281757827
 10
81.0926058447997
 20
43.535971228790714
 10
82.90613637359404
 20
43.89867733454944
  0
LWPOLYLINE
  5
2F7
330
17
100
AcDbEntity
  8
ENG_K
100
AcDbPolyline
 90
4
 70
1
 10
83.42022863207966
 20
116.34956906762595
 10
82.57861363909879
 20
115.50795407464487
 10
82.57861363909879
 20
117.19118406060657
 10
83.42022863207966
 20
116.34956906762595
  0
LWPOLYLINE
  5
2F8
330
17
100
AcDbEntity
  8
ENG_K
100
AcDbPolyline
 90
4
 70
1
 10
82.08560699050717
 20
116.00096072323652
 10
82.08560699050717
 20
117.68419070919822
 10
82.92722198348802
 20
116.8425757162176
 10
82.08560699050717
 20
116.00096072323652
  0
LWPOLYLINE
  5
2F9
330
17
100
AcDbEntity
  8
ENG_K
100
AcDbPolyline
 90
5
 70
1
 10
82.4131297250024
 20
96.65038873385434
 10
83.07860813621481
 20
95.98491032264211
 10
81.26507760742032
 20
95.62220421688316
 10
80.59959919620803
 20
96.28768262809561
 10
82.4131297250024
 20
96.65038873385434
  0
LWPOLYLINE
  5
2FA
330
17
100
AcDbEntity
  8
ENG_K
100
AcDbPolyline
 90
4
 70
1
 10
81.59260034191553
 20
116.9869740204198
 10
81.59260034191553
 20
118.67020400638151
 10
82.43421533489638
 20
117.82858901340087
 10
81.59260034191553
 20
116.9869740204198
  0
LWPOLYLINE
  5
2FB
330
17
100
AcDbEntity
  8
ENG_K
100
AcDbPolyline
 90
8
 70
1
 10
80.15782857451552
 20
122.34640122692919
 10
81.34609701761971
 20
121.95031174589455
 10
81.34609701761971
 20
120.3957272764522
 10
81.83910366621136
 20
119.90272062786056
 10
81.83910366621136
 20
118.07509233769653
 10
80.94724626056924
 20
118.07509233769653
 10
79.85866485039051
 20
120.25225515805404
 10
80.15782857451552
 20
122.34640122692919
  0
LWPOLYLINE
  5
2FC
330
17
100
AcDbEntity
  8
ENG_K
100
AcDbPolyline
 90
4
 70
1
 10
80.11358039614062
 20
97.47091811694119
 10
80.95519538912149
 20
96.62930312396057
 10
80.11358039614062
 20
95.78768813097949
 10
80.11358039614062
 20
97.47091811694119
  0
LWPOLYLINE
  5
2FD
330
17
100
AcDbEntity
  8
ENG_K
100
AcDbPolyline
 90
4
 70
1
 10
79.96918209193821
 20
97.1223097725522
 10
79.12756709895736
 20
96.28069477957114
 10
79.12756709895736
 20
97.96392476553284
 10
79.96918209193821
 20
97.1223097725522
  0
LWPOLYLINE
  5
2FE
330
17
100
AcDbEntity
  8
ENG_K
100
AcDbPolyline
 90
4
 70
1
 10
78.63456045036573
 20
96.77370142816277
 10
78.63456045036573
 20
98.45693141412448
 10
79.47617544334658
 20
97.61531642114385
 10
78.63456045036573
 20
96.77370142816277
  0
LWPOLYLINE
  5
2FF
330
17
100
AcDbEntity
  8
ENG_K
100
AcDbPolyline
 90
5
 70
1
 10
79.13455494748156
 20
97.95693691700846
 10
77.32102441868723
 20
97.59423081124974
 10
76.65554600747481
 20
98.25970922246196
 10
78.4690765362693
 20
98.62241532822091
 10
79.13455494748156
 20
97.95693691700846
  0
LWPOLYLINE
  5
300
330
17
100
AcDbEntity
  8
ENG_K
100
AcDbPolyline
 90
11
 70
1
 10
74.57716047613157
 20
27.577320802430027
 10
75.92302388311174
 20
26.231457395449965
 10
75.92302388311174
 20
25.245444098266677
 10
78.16155733189034
 20
23.00691064948812
 10
74.50655789066445
 20
22.39774407595052
 10
73.9749169801249
 20
24.524307718108652
 10
72.96498399156192
 20
25.534240706671653
 10
72.96498399156192
 20
26.520254003854937
 10
72.43645059227435
 20
27.048787403142537
 10
72.80908160044638
 20
28.166680427658463
 10
74.57716047613157
 20
27.577320802430027
  0
LWPOLYLINE
  5
301
330
17
100
AcDbEntity
  8
ENG_K
100
AcDbPolyline
 90
5
 70
1
 10
76.34945226230595
 20
98.07279631903943
 10
75.71319296022111
 20
98.7090556211241
 10
76.9756154496924
 20
99.12986311761462
 10
77.61187475177715
 20
98.49360381552974
 10
76.34945226230595
 20
98.07279631903943
  0
LWPOLYLINE
  5
302
330
17
100
AcDbEntity
  8
ENG_K
100
AcDbPolyline
 90
5
 70
1
 10
75.4300172345201
 20
46.58912829190953
 10
75.4300172345201
 20
47.43074328489038
 10
76.03074978590891
 20
48.03147583627909
 10
76.51153230069876
 20
46.58912829190953
 10
75.4300172345201
 20
46.58912829190953
  0
LWPOLYLINE
  5
303
330
17
100
AcDbEntity
  8
ENG_K
100
AcDbPolyline
 90
8
 70
1
 10
72.34320209597527
 20
52.725041172403174
 10
73.91278570173802
 20
54.294624778166046
 10
75.41767241057106
 20
53.39169275286615
 10
75.94644978909591
 20
47.575141589092816
 10
75.03116647746963
 20
47.575141589092816
 10
74.44400393733683
 20
48.74946666935842
 10
74.44400393733683
 20
51.14943979138209
 10
72.34320209597527
 20
52.725041172403174
  0
LWPOLYLINE
  5
304
330
17
100
AcDbEntity
  8
ENG_K
100
AcDbPolyline
 90
5
 70
1
 10
70.7394662243752
 20
98.75271587105361
 10
72.5529967531697
 20
99.11542197681256
 10
73.21847516438194
 20
98.44994356560011
 10
71.40494463558761
 20
98.08723745984138
 10
70.7394662243752
 20
98.75271587105361
  0
LWPOLYLINE
  5
305
330
17
100
AcDbEntity
  8
ENG_K
100
AcDbPolyline
 90
5
 70
1
 10
69.9259246898127
 20
97.59423081124974
 10
69.2604462786003
 20
98.25970922246196
 10
71.07397680739477
 20
98.62241532822091
 10
71.73945521860708
 20
97.95693691700846
 10
69.9259246898127
 20
97.59423081124974
  0
LWPOLYLINE
  5
306
330
17
100
AcDbEntity
  8
ENG_K
100
AcDbPolyline
 90
5
 70
1
 10
69.10808288892619
 20
98.12327600373139
 10
69.79034664370855
 20
97.44101224894919
 10
67.45475877095664
 20
97.10735683855599
 10
66.77249501617443
 20
97.78962059333828
 10
69.10808288892619
 20
98.12327600373139
  0
LWPOLYLINE
  5
307
330
17
100
AcDbEntity
  8
ENG_K
100
AcDbPolyline
 90
4
 70
1
 10
66.30939423557486
 20
96.28069477957114
 10
66.30939423557486
 20
97.96392476553284
 10
67.15100922855571
 20
97.1223097725522
 10
66.30939423557486
 20
96.28069477957114
  0
LWPOLYLINE
  5
308
330
17
100
AcDbEntity
  8
CUT_SLOT
100
AcDbPolyline
 90
5
 70
1
 10
189.42121395914344
 20
147.90199457749043
 10
192.9853155742812
 20
147.90199457749043
 10
192.9853155742812
 20
295.80398915498085
 10
189.42121395914344
 20
295.80398915498085
 10
189.42121395914344
 20
147.90199457749043
  0
LWPOLYLINE
  5
309
330
17
100
AcDbEntity
  8
CUT_SLOT
100
AcDbPolyline
 90
5
 70
1
 10
131.68618704018084
 20
147.90199457749043
 10
135.2502886553186
 20
147.90199457749043
 10
135.2502886553186
 20
295.80398915498085
 10
131.68618704018084
 20
295.80398915498085
 10
131.68618704018084
 20
147.90199457749043
  0
LWPOLYLINE
  5
30A
330
17
100
AcDbEntity
  8
CUT_SLOT
100
AcDbPolyline
 90
5
 70
1
 10
102.81867358069958
 20
147.90199457749043
 10
106.38277519583734
 20
147.90199457749043
 10
106.38277519583734
 20
295.80398915498085
 10
102.81867358069958
 20
295.80398915498085
 10
102.81867358069958
 20
147.90199457749043
  0
LWPOLYLINE
  5
30B
330
17
100
AcDbEntity
  8
CUT_SLOT
100
AcDbPolyline
 90
5
 70
1
 10
160.55370049966217
 20
147.90199457749043
 10
164.11780211479993
 20
147.90199457749043
 10
164.11780211479993
 20
295.80398915498085
 10
160.55370049966217
 20
295.80398915498085
 10
160.55370049966217
 20
147.90199457749043
  0
LWPOLYLINE
  5
30C
330
17
100
AcDbEntity
  8
CUT_OUTLINE
100
AcDbPolyline
 90
5
 70
1
 10
0.0
 20
0.0
 10
295.8039891549808
 20
0.0
 10
295.8039891549808
 20
295.80398915498085
 10
0.0
 20
295.80398915498085
 10
0.0
 20
0.0
  0
ENDSEC
  0
SECTION
  2
OBJECTS
  0
DICTIONARY
  5
A
330
0
100
AcDbDictionary
281
1
  3
ACAD_COLOR
350
B
  3
ACAD_GROUP
350
C
  3
ACAD_LAYOUT
350
D
  3
ACAD_MATERIAL
350
E
  3
ACAD_MLEADERSTYLE
350
F
  3
ACAD_MLINESTYLE
350
10
  3
ACAD_PLOTSETTINGS
350
11
  3
ACAD_PLOTSTYLENAME
350
12
  3
ACAD_SCALELIST
350
14
  3
ACAD_TABLESTYLE
350
15
  3
ACAD_VISUALSTYLE
350
16
  3
EZDXF_META
350
2D
  0
DICTIONARY
  5
B
330
A
100
AcDbDictionary
281
1
  0
DICTIONARY
  5
C
330
A
100
AcDbDictionary
281
1
  0
DICTIONARY
  5
D
330
A
100
AcDbDictionary
281
1
  3
Model
350
1A
  3
Layout1
350
1E
  0
DICTIONARY
  5
E
330
A
100
AcDbDictionary
281
1
  3
ByBlock
350
1F
  3
ByLayer
350
20
  3
Global
350
21
  0
DICTIONARY
  5
F
330
A
100
AcDbDictionary
281
1
  3
Standard
350
2C
  0
DICTIONARY
  5
10
330
A
100
AcDbDictionary
281
1
  3
Standard
350
22
  0
DICTIONARY
  5
11
330
A
100
AcDbDictionary
281
1
  0
ACDBDICTIONARYWDFLT
  5
12
330
A
100
AcDbDictionary
281
1
  3
Normal
350
13
100
AcDbDictionaryWithDefault
340
13
  0
ACDBPLACEHOLDER
  5
13
330
12
  0
DICTIONARY
  5
14
330
A
100
AcDbDictionary
281
1
  0
DICTIONARY
  5
15
330
A
100
AcDbDictionary
281
1
  0
DICTIONARY
  5
16
330
A
100
AcDbDictionary
281
1
  0
LAYOUT
  5
1A
330
D
100
AcDbPlotSettings
  1

  4
A3
  6

 40
7.5
 41
20.0
 42
7.5
 43
20.0
 44
420.0
 45
297.0
 46
0.0
 47
0.0
 48
0.0
 49
0.0
140
0.0
141
0.0
142
1.0
143
1.0
 70
1024
 72
1
 73
0
 74
5
  7

 75
16
 76
0
 77
2
 78
300
147
1.0
148
0.0
149
0.0
100
AcDbLayout
  1
Model
 70
1
 71
0
 10
0.0
 20
0.0
 11
420.0
 21
297.0
 12
0.0
 22
0.0
 32
0.0
 14
1e+20
 24
1e+20
 34
1e+20
 15
-1e+20
 25
-1e+20
 35
-1e+20
146
0.0
 13
0.0
 23
0.0
 33
0.0
 16
1.0
 26
0.0
 36
0.0
 17
0.0
 27
1.0
 37
0.0
 76
1
330
17
  0
LAYOUT
  5
1E
330
D
100
AcDbPlotSettings
  1

  4
A3
  6

 40
7.5
 41
20.0
 42
7.5
 43
20.0
 44
420.0
 45
297.0
 46
0.0
 47
0.0
 48
0.0
 49
0.0
140
0.0
141
0.0
142
1.0
143
1.0
 70
0
 72
1
 73
0
 74
5
  7

 75
16
 76
0
 77
2
 78
300
147
1.0
148
0.0
149
0.0
100
AcDbLayout
  1
Layout1
 70
1
 71
1
 10
0.0
 20
0.0
 11
420.0
 21
297.0
 12
0.0
 22
0.0
 32
0.0
 14
1e+20
 24
1e+20
 34
1e+20
 15
-1e+20
 25
-1e+20
 35
-1e+20
146
0.0
 13
0.0
 23
0.0
 33
0.0
 16
1.0
 26
0.0
 36
0.0
 17
0.0
 27
1.0
 37
0.0
 76
1
330
1B
  0
MATERIAL
  5
1F
102
{ACAD_REACTORS
330
E
102
}
330
E
100
AcDbMaterial
  1
ByBlock
  2

 70
0
 40
1.0
 71
1
 41
1.0
 91
-1023410177
 42
1.0
 72
1
  3

 73
1
 74
1
 75
1
 44
0.5
 73
0
 45
1.0
 46
1.0
 77
1
  4

 78
1
 79
1
170
1
 48
1.0
171
1
  6

172
1
173
1
174
1
140
1.0
141
1.0
175
1
  7

176
1
177
1
178
1
143
1.0
179
1
  8

270
1
271
1
272
1
145
1.0
146
1.0
273
1
  9

274
1
275
1
276
1
 42
1.0
 72
1
  3

 73
1
 74
1
 75
1
 94
63
  0
MATERIAL
  5
20
102
{ACAD_REACTORS
330
E
102
}
330
E
100
AcDbMaterial
  1
ByLayer
  2

 70
0
 40
1.0
 71
1
 41
1.0
 91
-1023410177
 42
1.0
 72
1
  3

 73
1
 74
1
 75
1
 44
0.5
 73
0
 45
1.0
 46
1.0
 77
1
  4

 78
1
 79
1
170
1
 48
1.0
171
1
  6

172
1
173
1
174
1
140
1.0
141
1.0
175
1
  7

176
1
177
1
178
1
143
1.0
179
1
  8

270
1
271
1
272
1
145
1.0
146
1.0
273
1
  9

274
1
275
1
276
1
 42
1.0
 72
1
  3

 73
1
 74
1
 75
1
 94
63
  0
MATERIAL
  5
21
102
{ACAD_REACTORS
330
E
102
}
330
E
100
AcDbMaterial
  1
Global
  2

 70
0
 40
1.0
 71
1
 41
1.0
 91
-1023410177
 42
1.0
 72
1
  3

 73
1
 74
1
 75
1
 44
0.5
 73
0
 45
1.0
 46
1.0
 77
1
  4

 78
1
 79
1
170
1
 48
1.0
171
1
  6

172
1
173
1
174
1
140
1.0
141
1.0
175
1
  7

176
1
177
1
178
1
143
1.0
179
1
  8

270
1
271
1
272
1
145
1.0
146
1.0
273
1
  9

274
1
275
1
276
1
 42
1.0
 72
1
  3

 73
1
 74
1
 75
1
 94
63
  0
MLINESTYLE
  5
22
102
{ACAD_REACTORS
330
10
102
}
330
10
100
AcDbMlineStyle
  2
Standard
 70
0
  3

 62
256
 51
90.0
 52
90.0
 71
2
 49
0.5
 62
256
  6
BYLAYER
 49
-0.5
 62
256
  6
BYLAYER
  0
MLEADERSTYLE
  5
2C
102
{ACAD_REACTORS
330
F
102
}
330
F
100
AcDbMLeaderStyle
179
2
170
2
171
1
172
0
 90
2
 40
0.0
 41
0.0
173
1
 91
-1056964608
 92
-2
290
1
 42
2.0
291
1
 43
8.0
  3
Standard
 44
4.0
300

342
29
174
1
175
1
176
0
178
1
 93
-1056964608
 45
4.0
292
0
297
0
 46
4.0
 94
-1056964608
 47
1.0
 49
1.0
140
1.0
294
1
141
0.0
177
0
142
1.0
295
0
296
0
143
3.75
271
0
272
9
273
9
  0
DICTIONARY
  5
2D
330
A
100
AcDbDictionary
280
1
281
1
  3
CREATED_BY_EZDXF
350
2E
  3
WRITTEN_BY_EZDXF
350
30F
  0
DICTIONARYVAR
  5
2E
330
2D
100
DictionaryVariables
280
0
  1
1.4.4 @ 2026-08-04T19:10:36.709766+00:00
  0
DICTIONARYVAR
  5
30F
330
2D
100
DictionaryVariables
280
0
  1
1.4.4 @ 2026-08-04T19:10:36.783202+00:00
  0
ENDSEC
  0
EOF
