  0
SECTION
  2
HEADER
  9
$ACADVER
  1
AC1027
  9
$ACADMAINTVER
 70
105
  9
$DWGCODEPAGE
  3
ANSI_1252
  9
$LASTSAVEDBY
  1
ezdxf
  9
$REQUIREDVERSIONS
160
0
  9
$INSBASE
 10
0.0
 20
0.0
 30
0.0
  9
$EXTMIN
 10
1e+20
 20
1e+20
 30
1e+20
  9
$EXTMAX
 10
-1e+20
 20
-1e+20
 30
-1e+20
  9
$LIMMIN
 10
0.0
 20
0.0
  9
$LIMMAX
 10
420.0
 20
297.0
  9
$ORTHOMODE
 70
0
  9
$REGENMODE
 70
1
  9
$FILLMODE
 70
1
  9
$QTEXTMODE
 70
0
  9
$MIRRTEXT
 70
1
  9
$LTSCALE
 40
1.0
  9
$ATTMODE
 70
1
  9
$TEXTSIZE
 40
2.5
  9
$TRACEWID
 40
1.0
  9
$TEXTSTYLE
  7
Standard
  9
$CLAYER
  8
0
  9
$CELTYPE
  6
ByLayer
  9
$CECOLOR
 62
256
  9
$CELTSCALE
 40
1.0
  9
$DISPSILH
 70
0
  9
$DIMSCALE
 40
1.0
  9
$DIMASZ
 40
2.5
  9
$DIMEXO
 40
0.625
  9
$DIMDLI
 40
3.75
  9
$DIMRND
 40
0.0
  9
$DIMDLE
 40
0.0
  9
$DIMEXE
 40
1.25
  9
$DIMTP
 40
0.0
  9
$DIMTM
 40
0.0
  9
$DIMTXT
 40
2.5
  9
$DIMCEN
 40
2.5
  9
$DIMTSZ
 40
0.0
  9
$DIMTOL
 70
0
  9
$DIMLIM
 70
0
  9
$DIMTIH
 70
0
  9
$DIMTOH
 70
0
  9
$DIMSE1
 70
0
  9
$DIMSE2
 70
0
  9
$DIMTAD
 70
1
  9
$DIMZIN
 70
8
  9
$DIMBLK
  1

  9
$DIMASO
 70
1
  9
$DIMSHO
 70
1
  9
$DIMPOST
  1

  9
$DIMAPOST
  1

  9
$DIMALT
 70
0
  9
$DIMALTD
 70
3
  9
$DIMALTF
 40
0.03937007874
  9
$DIMLFAC
 40
1.0
  9
$DIMTOFL
 70
1
  9
$DIMTVP
 40
0.0
  9
$DIMTIX
 70
0
  9
$DIMSOXD
 70
0
  9
$DIMSAH
 70
0
  9
$DIMBLK1
  1

  9
$DIMBLK2
  1

  9
$DIMSTYLE
  2
ISO-25
  9
$DIMCLRD
 70
0
  9
$DIMCLRE
 70
0
  9
$DIMCLRT
 70
0
  9
$DIMTFAC
 40
1.0
  9
$DIMGAP
 40
0.625
  9
$DIMJUST
 70
0
  9
$DIMSD1
 70
0
  9
$DIMSD2
 70
0
  9
$DIMTOLJ
 70
0
  9
$DIMTZIN
 70
8
  9
$DIMALTZ
 70
0
  9
$DIMALTTZ
 70
0
  9
$DIMUPT
 70
0
  9
$DIMDEC
 70
2
  9
$DIMTDEC
 70
2
  9
$DIMALTU
 70
2
  9
$DIMALTTD
 70
3
  9
$DIMTXSTY
  7
Standard
  9
$DIMAUNIT
 70
0
  9
$DIMADEC
 70
0
  9
$DIMALTRND
 40
0.0
  9
$DIMAZIN
 70
0
  9
$DIMDSEP
 70
44
  9
$DIMATFIT
 70
3
  9
$DIMFRAC
 70
0
  9
$DIMLDRBLK
  1

  9
$DIMLUNIT
 70
2
  9
$DIMLWD
 70
-2
  9
$DIMLWE
 70
-2
  9
$DIMTMOVE
 70
0
  9
$DIMFXL
 40
1.0
  9
$DIMFXLON
 70
0
  9
$DIMJOGANG
 40
0.785398163397
  9
$DIMTFILL
 70
0
  9
$DIMTFILLCLR
 70
0
  9
$DIMARCSYM
 70
0
  9
$DIMLTYPE
  6

  9
$DIMLTEX1
  6

  9
$DIMLTEX2
  6

  9
$DIMTXTDIRECTION
 70
0
  9
$LUNITS
 70
2
  9
$LUPREC
 70
4
  9
$SKETCHINC
 40
1.0
  9
$FILLETRAD
 40
10.0
  9
$AUNITS
 70
0
  9
$AUPREC
 70
2
  9
$MENU
  1
.
  9
$ELEVATION
 40
0.0
  9
$PELEVATION
 40
0.0
  9
$THICKNESS
 40
0.0
  9
$LIMCHECK
 70
0
  9
$CHAMFERA
 40
0.0
  9
$CHAMFERB
 40
0.0
  9
$CHAMFERC
 40
0.0
  9
$CHAMFERD
 40
0.0
  9
$SKPOLY
 70
0
  9
$TDCREATE
 40
2461246.4781597224
  9
$TDUCREATE
 40
2458532.153996898
  9
$TDUPDATE
 40
2461246.4781712964
  9
$TDUUPDATE
 40
2458532.1544311
  9
$TDINDWG
 40
0.0
  9
$TDUSRTIMER
 40
0.0
  9
$USRTIMER
 70
1
  9
$ANGBASE
 50
0.0
  9
$ANGDIR
 70
0
  9
$PDMODE
 70
0
  9
$PDSIZE
 40
0.0
  9
$PLINEWID
 40
0.0
  9
$SPLFRAME
 70
0
  9
$SPLINETYPE
 70
6
  9
$SPLINESEGS
 70
8
  9
$HANDSEED
  5
127
  9
$SURFTAB1
 70
6
  9
$SURFTAB2
 70
6
  9
$SURFTYPE
 70
6
  9
$SURFU
 70
6
  9
$SURFV
 70
6
  9
$UCSBASE
  2

  9
$UCSNAME
  2

  9
$UCSORG
 10
0.0
 20
0.0
 30
0.0
  9
$UCSXDIR
 10
1.0
 20
0.0
 30
0.0
  9
$UCSYDIR
 10
0.0
 20
1.0
 30
0.0
  9
$UCSORTHOREF
  2

  9
$UCSORTHOVIEW
 70
0
  9
$UCSORGTOP
 10
0.0
 20
0.0
 30
0.0
  9
$UCSORGBOTTOM
 10
0.0
 20
0.0
 30
0.0
  9
$UCSORGLEFT
 10
0.0
 20
0.0
 30
0.0
  9
$UCSORGRIGHT
 10
0.0
 20
0.0
 30
0.0
  9
$UCSORGFRONT
 10
0.0
 20
0.0
 30
0.0
  9
$UCSORGBACK
 10
0.0
 20
0.0
 30
0.0
  9
$PUCSBASE
  2

  9
$PUCSNAME
  2

  9
$PUCSORG
 10
0.0
 20
0.0
 30
0.0
  9
$PUCSXDIR
 10
1.0
 20
0.0
 30
0.0
  9
$PUCSYDIR
 10
0.0
 20
1.0
 30
0.0
  9
$PUCSORTHOREF
  2

  9
$PUCSORTHOVIEW
 70
0
  9
$PUCSORGTOP
 10
0.0
 20
0.0
 30
0.0
  9
$PUCSORGBOTTOM
 10
0.0
 20
0.0
 30
0.0
  9
$PUCSORGLEFT
 10
0.0
 20
0.0
 30
0.0
  9
$PUCSORGRIGHT
 10
0.0
 20
0.0
 30
0.0
  9
$PUCSORGFRONT
 10
0.0
 20
0.0
 30
0.0
  9
$PUCSORGBACK
 10
0.0
 20
0.0
 30
0.0
  9
$USERI1
 70
0
  9
$USERI2
 70
0
  9
$USERI3
 70
0
  9
$USERI4
 70
0
  9
$USERI5
 70
0
  9
$USERR1
 40
0.0
  9
$USERR2
 40
0.0
  9
$USERR3
 40
0.0
  9
$USERR4
 40
0.0
  9
$USERR5
 40
0.0
  9
$WORLDVIEW
 70
1
  9
$SHADEDGE
 70
3
  9
$SHADEDIF
 70
70
  9
$TILEMODE
 70
1
  9
$MAXACTVP
 70
64
  9
$PINSBASE
 10
0.0
 20
0.0
 30
0.0
  9
$PLIMCHECK
 70
0
  9
$PEXTMIN
 10
1e+20
 20
1e+20
 30
1e+20
  9
$PEXTMAX
 10
-1e+20
 20
-1e+20
 30
-1e+20
  9
$PLIMMIN
 10
0.0
 20
0.0
  9
$PLIMMAX
 10
420.0
 20
297.0
  9
$UNITMODE
 70
0
  9
$VISRETAIN
 70
1
  9
$PLINEGEN
 70
0
  9
$PSLTSCALE
 70
1
  9
$TREEDEPTH
 70
3020
  9
$CMLSTYLE
  2
Standard
  9
$CMLJUST
 70
0
  9
$CMLSCALE
 40
20.0
  9
$PROXYGRAPHICS
 70
1
  9
$MEASUREMENT
 70
1
  9
$CELWEIGHT
370
-1
  9
$ENDCAPS
280
0
  9
$JOINSTYLE
280
0
  9
$LWDISPLAY
290
0
  9
$INSUNITS
 70
4
  9
$HYPERLINKBASE
  1

  9
$STYLESHEET
  1

  9
$XEDIT
290
1
  9
$CEPSNTYPE
380
0
  9
$PSTYLEMODE
290
1
  9
$FINGERPRINTGUID
  2
{91C28D50-989E-4A21-8CF9-767FD31C934E}
  9
$VERSIONGUID
  2
{34598D47-E17E-4140-85D9-799D9EF0CDD0}
  9
$EXTNAMES
290
1
  9
$PSVPSCALE
 40
0.0
  9
$OLESTARTUP
290
0
  9
$SORTENTS
280
127
  9
$INDEXCTL
280
0
  9
$HIDETEXT
280
1
  9
$XCLIPFRAME
280
1
  9
$HALOGAP
280
0
  9
$OBSCOLOR
 70
257
  9
$OBSLTYPE
280
0
  9
$INTERSECTIONDISPLAY
280
0
  9
$INTERSECTIONCOLOR
 70
257
  9
$DIMASSOC
280
2
  9
$PROJECTNAME
  1

  9
$CAMERADISPLAY
290
0
  9
$LENSLENGTH
 40
50.0
  9
$CAMERAHEIGHT
 40
0.0
  9
$STEPSPERSEC
 40
24.0
  9
$STEPSIZE
 40
100.0
  9
$3DDWFPREC
 40
2.0
  9
$PSOLWIDTH
 40
0.005
  9
$PSOLHEIGHT
 40
0.08
  9
$LOFTANG1
 40
1.570796326795
  9
$LOFTANG2
 40
1.570796326795
  9
$LOFTMAG1
 40
0.0
  9
$LOFTMAG2
 40
0.0
  9
$LOFTPARAM
 70
7
  9
$LOFTNORMALS
280
1
  9
$LATITUDE
 40
37.795
  9
$LONGITUDE
 40
-122.394
  9
$NORTHDIRECTION
 40
0.0
  9
$TIMEZONE
 70
-8000
  9
$LIGHTGLYPHDISPLAY
280
1
  9
$TILEMODELIGHTSYNCH
280
1
  9
$CMATERIAL
347
20
  9
$SOLIDHIST
280
0
  9
$SHOWHIST
280
1
  9
$DWFFRAME
280
2
  9
$DGNFRAME
280
2
  9
$REALWORLDSCALE
290
1
  9
$INTERFERECOLOR
 62
256
  9
$CSHADOW
280
0
  9
$SHADOWPLANELOCATION
 40
0.0
  0
ENDSEC
  0
SECTION
  2
CLASSES
  0
CLASS
  1
ACDBDICTIONARYWDFLT
  2
AcDbDictionaryWithDefault
  3
ObjectDBX Classes
 90
0
 91
0
280
0
281
0
  0
CLASS
  1
SUN
  2
AcDbSun
  3
SCENEOE
 90
1153
 91
0
280
0
281
0
  0
CLASS
  1
VISUALSTYLE
  2
AcDbVisualStyle
  3
ObjectDBX Classes
 90
4095
 91
0
280
0
281
0
  0
CLASS
  1
MATERIAL
  2
AcDbMaterial
  3
ObjectDBX Classes
 90
1153
 91
0
280
0
281
0
  0
CLASS
  1
SCALE
  2
AcDbScale
  3
ObjectDBX Classes
 90
1153
 91
0
280
0
281
0
  0
CLASS
  1
TABLESTYLE
  2
AcDbTableStyle
  3
ObjectDBX Classes
 90
4095
 91
0
280
0
281
0
  0
CLASS
  1
MLEADERSTYLE
  2
AcDbMLeaderStyle
  3
ACDB_MLEADERSTYLE_CLASS
 90
4095
 91
0
280
0
281
0
  0
CLASS
  1
DICTIONARYVAR
  2
AcDbDictionaryVar
  3
ObjectDBX Classes
 90
0
 91
0
280
0
281
0
  0
CLASS
  1
CELLSTYLEMAP
  2
AcDbCellStyleMap
  3
ObjectDBX Classes
 90
1152
 91
0
280
0
281
0
  0
CLASS
  1
MENTALRAYRENDERSETTINGS
  2
AcDbMentalRayRenderSettings
  3
SCENEOE
 90
1024
 91
0
280
0
281
0
  0
CLASS
  1
ACDBDETAILVIEWSTYLE
  2
AcDbDetailViewStyle
  3
ObjectDBX Classes
 90
1025
 91
0
280
0
281
0
  0
CLASS
  1
ACDBSECTIONVIEWSTYLE
  2
AcDbSectionViewStyle
  3
ObjectDBX Classes
 90
1025
 91
0
280
0
281
0
  0
CLASS
  1
RASTERVARIABLES
  2
AcDbRasterVariables
  3
ISM
 90
0
 91
0
280
0
281
0
  0
CLASS
  1
LAYOUT
  2
AcDbLayout
  3
ObjectDBX Classes
 90
0
 91
0
280
0
281
0
  0
CLASS
  1
ACDBPLACEHOLDER
  2
AcDbPlaceHolder
  3
ObjectDBX Classes
 90
0
 91
0
280
0
281
0
  0
ENDSEC
  0
SECTION
  2
TABLES
  0
TABLE
  2
VPORT
  5
8
330
0
100
AcDbSymbolTable
 70
1
  0
VPORT
  5
23
330
8
100
AcDbSymbolTableRecord
100
AcDbViewportTableRecord
  2
*Active
 70
0
 10
0.0
 20
0.0
 11
1.0
 21
1.0
 12
0.0
 22
0.0
 13
0.0
 23
0.0
 14
0.5
 24
0.5
 15
0.5
 25
0.5
 16
0.0
 26
0.0
 36
1.0
 17
0.0
 27
0.0
 37
0.0
 40
1000.0
 41
1.34
 42
50.0
 43
0.0
 44
0.0
 50
0.0
 51
0.0
 71
0
 72
1000
 73
1
 74
3
 75
0
 76
0
 77
0
 78
0
281
0
 65
0
146
0.0
  0
ENDTAB
  0
TABLE
  2
LTYPE
  5
2
330
0
100
AcDbSymbolTable
 70
3
  0
LTYPE
  5
24
330
2
100
AcDbSymbolTableRecord
100
AcDbLinetypeTableRecord
  2
ByBlock
 70
0
  3

 72
65
 73
0
 40
0.0
  0
LTYPE
  5
25
330
2
100
AcDbSymbolTableRecord
100
AcDbLinetypeTableRecord
  2
ByLayer
 70
0
  3

 72
65
 73
0
 40
0.0
  0
LTYPE
  5
26
330
2
100
AcDbSymbolTableRecord
100
AcDbLinetypeTableRecord
  2
Continuous
 70
0
  3

 72
65
 73
0
 40
0.0
  0
ENDTAB
  0
TABLE
  2
LAYER
  5
1
330
0
100
AcDbSymbolTable
 70
3
  0
LAYER
  5
27
330
1
100
AcDbSymbolTableRecord
100
AcDbLayerTableRecord
  2
0
 70
0
 62
7
  6
Continuous
370
-3
390
13
347
21
  0
LAYER
  5
28
330
1
100
AcDbSymbolTableRecord
100
AcDbLayerTableRecord
  2
Defpoints
 70
0
 62
7
  6
Continuous
290
0
370
-3
390
13
347
21
  0
LAYER
  5
2F
330
1
100
AcDbSymbolTableRecord
100
AcDbLayerTableRecord
  2
K
 70
0
 62
7
  6
Continuous
370
-3
390
13
347
21
  0
ENDTAB
  0
TABLE
  2
STYLE
  5
5
330
0
100
AcDbSymbolTable
 70
1
  0
STYLE
  5
29
330
5
100
AcDbSymbolTableRecord
100
AcDbTextStyleTableRecord
  2
Standard
 70
0
 40
0.0
 41
1.0
 50
0.0
 71
0
 42
2.5
  3
txt
  4

  0
ENDTAB
  0
TABLE
  2
VIEW
  5
7
330
0
100
AcDbSymbolTable
 70
0
  0
ENDTAB
  0
TABLE
  2
UCS
  5
6
330
0
100
AcDbSymbolTable
 70
0
  0
ENDTAB
  0
TABLE
  2
APPID
  5
3
330
0
100
AcDbSymbolTable
 70
3
  0
APPID
  5
2A
330
3
100
AcDbSymbolTableRecord
100
AcDbRegAppTableRecord
  2
ACAD
 70
0
  0
APPID
  5
124
330
3
100
AcDbSymbolTableRecord
100
AcDbRegAppTableRecord
  2
HATCHBACKGROUNDCOLOR
 70
0
  0
APPID
  5
125
330
3
100
AcDbSymbolTableRecord
100
AcDbRegAppTableRecord
  2
EZDXF
 70
0
  0
ENDTAB
  0
TABLE
  2
DIMSTYLE
  5
4
330
0
100
AcDbSymbolTable
 70
1
100
AcDbDimStyleTable
  0
DIMSTYLE
105
2B
330
4
100
AcDbSymbolTableRecord
100
AcDbDimStyleTableRecord
  2
Standard
 70
0
 40
1.0
 41
2.5
 42
0.625
 43
3.75
 44
1.25
 45
0.0
 46
0.0
 47
0.0
 48
0.0
 49
2.5
140
2.5
141
2.5
142
0.0
143
0.03937007874
144
1.0
145
0.0
146
1.0
147
0.625
148
0.0
 69
0
 70
0
 71
0
 72
0
 73
0
 74
0
 75
0
 76
0
 77
1
 78
8
 79
3
170
0
171
3
172
1
173
0
174
0
175
0
176
0
177
0
178
0
179
2
271
2
272
2
273
2
274
3
275
0
276
0
277
2
278
44
279
0
280
0
281
0
282
0
283
0
284
8
285
0
286
0
288
0
289
3
290
0
371
-2
372
-2
  0
ENDTAB
  0
TABLE
  2
BLOCK_RECORD
  5
9
330
0
100
AcDbSymbolTable
 70
2
  0
BLOCK_RECORD
  5
17
330
9
100
AcDbSymbolTableRecord
100
AcDbBlockTableRecord
  2
*Model_Space
340
1A
 70
0
280
1
281
0
  0
BLOCK_RECORD
  5
1B
330
9
100
AcDbSymbolTableRecord
100
AcDbBlockTableRecord
  2
*Paper_Space
340
1E
 70
0
280
1
281
0
  0
ENDTAB
  0
ENDSEC
  0
SECTION
  2
BLOCKS
  0
BLOCK
  5
18
330
17
100
AcDbEntity
  8
0
100
AcDbBlockBegin
  2
*Model_Space
 70
0
 10
0.0
 20
0.0
 30
0.0
  3
*Model_Space
  1

  0
ENDBLK
  5
19
330
17
100
AcDbEntity
  8
0
100
AcDbBlockEnd
  0
BLOCK
  5
1C
330
1B
100
AcDbEntity
  8
0
100
AcDbBlockBegin
  2
*Paper_Space
 70
0
 10
0.0
 20
0.0
 30
0.0
  3
*Paper_Space
  1

  0
ENDBLK
  5
1D
330
1B
100
AcDbEntity
  8
0
100
AcDbBlockEnd
  0
ENDSEC
  0
SECTION
  2
ENTITIES
  0
LWPOLYLINE
  5
30
330
17
100
AcDbEntity
  8
K
100
AcDbPolyline
 90
13
 70
1
 10
500.16753772615283
 20
411.02175787780294
 10
515.3875855632045
 20
407.4545591659938
 10
517.2624134573554
 20
405.6969080152274
 10
521.0307243500189
 20
407.4633037461634
 10
530.6163532491189
 20
407.4633037461634
 10
535.4849246776904
 20
402.8990180318776
 10
532.5211151538808
 20
400.1204466033063
 10
528.7320465963606
 20
400.1204466033063
 10
526.8263679726725
 20
396.5472991838911
 10
495.23871326302725
 20
397.4446757381421
 10
495.23871326302725
 20
408.2779344065818
 10
498.18895802353967
 20
414.7315948202027
 10
500.16753772615283
 20
411.02175787780294
  0
LWPOLYLINE
  5
31
330
17
100
AcDbEntity
  8
K
100
AcDbPolyline
 90
7
 70
1
 10
479.1328696148348
 20
414.76143876260005
 10
485.9149037392178
 20
401.1368166377237
 10
485.9149037392178
 20
397.4418751747347
 10
468.5720465963606
 20
397.4418751747347
 10
468.5720465963606
 20
404.73473231759215
 10
478.1117354663973
 20
411.88949897011975
 10
479.1328696148348
 20
414.76143876260005
  0
LWPOLYLINE
  5
32
330
17
100
AcDbEntity
  8
K
100
AcDbPolyline
 90
33
 70
1
 10
422.86650093860703
 20
445.70464388477484
 10
420.952998977313
 20
447.4985519734881
 10
420.952998977313
 20
451.14523421731667
 10
424.76252278683677
 20
456.5023770744595
 10
424.76252278683677
 20
474.37091266169585
 10
426.66728469159864
 20
476.1566269474099
 10
426.66728469159864
 20
479.79220355028275
 10
439.1739068878412
 20
478.89028368036156
 10
442.9388225925086
 20
477.1254794437988
 10
444.8229780388403
 20
478.89187517473476
 10
448.63250184836414
 20
478.89187517473476
 10
453.34269141479757
 20
483.3076778932662
 10
454.30289294024703
 20
487.80862254381066
 10
465.8476898961249
 20
489.61249706816665
 10
467.7592103919761
 20
487.82044660330615
 10
471.5997668218258
 20
487.82044660330615
 10
472.59322772607635
 20
485.0263378101015
 10
468.85140398732693
 20
479.76439817748474
 10
484.0101418344558
 20
477.98798358602465
 10
484.0101418344558
 20
465.3059698761096
 10
471.5717295060565
 20
464.40896898704244
 10
468.7720465963606
 20
461.7842662592023
 10
468.7720465963606
 20
451.0548189977216
 10
463.9363369427968
 20
448.3347323175918
 10
458.2354008681666
 20
448.3347323175918
 10
455.4387132630272
 20
445.7128376877738
 10
455.4387132630272
 20
440.34470564907934
 10
443.02820254796603
 20
432.28980686766937
 10
439.15293443357405
 20
426.8402110818058
 10
433.3858888735166
 20
434.04901803187755
 10
427.6801208959832
 20
434.04901803187755
 10
424.77126284336896
 20
436.77607245620345
 10
422.86650093860703
 20
445.70464388477484
  0
LWPOLYLINE
  5
33
330
17
100
AcDbEntity
  8
K
100
AcDbPolyline
 90
6
 70
1
 10
451.6291894535034
 20
402.9374728126683
 10
451.6291894535034
 20
397.4418751747347
 10
438.0958561201701
 20
397.4418751747347
 10
438.0958561201701
 20
410.07113545073037
 10
441.0394207493213
 20
414.6704551837791
 10
451.6291894535034
 20
402.9374728126683
  0
LWPOLYLINE
  5
34
330
17
100
AcDbEntity
  8
K
100
AcDbPolyline
 90
18
 70
1
 10
375.23289974131734
 20
408.1666420599318
 10
376.19870082824815
 20
423.55909688289205
 10
383.9590141346331
 20
421.74027345170805
 10
391.5382275761906
 20
414.63476085024797
 10
399.1208720034211
 20
419.96630771314426
 10
418.23927503512914
 20
418.1739574289215
 10
421.15299897731296
 20
415.4423412331244
 10
421.15299897731296
 20
411.8595199316025
 10
424.98313440692914
 20
406.4733919837046
 10
422.04233699773164
 20
401.87839603183363
 10
414.36405768335214
 20
405.4775894604491
 10
410.6093953210115
 20
405.4775894604491
 10
402.08925398996786
 20
399.264986406563
 10
401.12137543323433
 20
396.54282796575023
 10
390.4700660137873
 20
397.4506100185439
 10
391.4173555369238
 20
410.77186893765105
 10
383.92742211479435
 20
407.26096264602785
 10
375.23289974131734
 20
408.1666420599318
  0
LWPOLYLINE
  5
35
330
17
100
AcDbEntity
  8
K
100
AcDbPolyline
 90
31
 70
1
 10
299.04823707255105
 20
467.14140911634536
 10
299.04823707255105
 20
477.9423412331244
 10
300.90678756264987
 20
479.6847323175918
 10
299.04823707255105
 20
481.42712340205964
 10
299.04823707255105
 20
488.58830374616326
 10
297.1191824740125
 20
492.2052811184231
 10
300.96173903384516
 20
495.8076778932662
 10
302.8665009386071
 20
504.7362493218376
 10
305.7632171633654
 20
507.4519207825484
 10
311.53644979296604
 20
509.2560559792988
 10
315.3997855688417
 20
507.44511733435695
 10
324.9074293932677
 20
496.74901803187754
 10
326.7156896898896
 20
496.74901803187754
 10
330.50688119615904
 20
502.08038108756926
 10
336.26364823666637
 20
505.6783604878864
 10
369.7244275487415
 20
504.7820896134555
 10
369.7244275487415
 20
497.48339042629306
 10
360.200618024932
 20
492.1262475691502
 10
360.200618024932
 20
485.0851983759815
 10
362.1149570302268
 20
483.2905055585176
 10
361.1339158816865
 20
478.6918751747348
 10
349.5957479261003
 20
478.6918751747348
 10
343.90329974750125
 20
482.2496552863592
 10
336.2721559258419
 20
478.6725566199564
 10
332.44202565788794
 20
482.26330374616333
 10
328.69960988688905
 20
482.26330374616333
 10
318.30859869179767
 20
476.0641209309099
 10
320.2101951254649
 20
467.15038764809503
 10
315.3751761652157
 20
462.61755737286114
 10
302.91522082952173
 20
463.51611184418516
 10
299.04823707255105
 20
467.14140911634536
  0
LWPOLYLINE
  5
36
330
17
100
AcDbEntity
  8
K
100
AcDbPolyline
 90
37
 70
1
 10
291.42918945350345
 20
406.50237707445945
 10
291.42918945350345
 20
409.998551973488
 10
289.5244275487415
 20
411.7842662592025
 10
289.5244275487415
 20
418.87860680330846
 10
279.18413195377207
 20
419.7598819960614
 10
277.2830199157856
 20
417.97758946044905
 10
271.51105599532593
 20
417.97758946044905
 10
261.9515609884848
 20
421.5624000880144
 10
259.0482370725511
 20
424.28426625920247
 10
259.0482370725511
 20
434.98645041058415
 10
253.3128099437032
 20
438.57109236611404
 10
254.30884040781925
 20
441.3724280464403
 10
257.15786856255215
 20
442.26274934479426
 10
258.1124167497709
 20
446.7371939723822
 10
269.5596789477986
 20
448.5258286908239
 10
271.47198309060377
 20
452.1113989585838
 10
292.510008865724
 20
450.3183853982041
 10
301.15299897731296
 20
445.81682804841813
 10
301.15299897731296
 20
440.4423412331243
 10
303.9669567031546
 20
437.8042558651477
 10
319.15923279359583
 20
430.68287644775336
 10
326.7184123914214
 20
432.4545591659937
 10
334.3689615577819
 20
439.626949009457
 10
346.8449367447829
 20
433.3289807660189
 10
350.6841182174969
 20
424.3308991893454
 10
349.69869973934
 20
421.55940971952907
 10
338.2417567398402
 20
419.7692623758574
 10
334.42587705864275
 20
416.1918751747348
 10
328.6497719690664
 20
416.1918751747348
 10
321.13755791238475
 20
419.7132255138044
 10
319.2381376857411
 20
401.90616088902055
 10
307.7857208446831
 20
401.90616088902055
 10
303.97792123369396
 20
392.98163055076486
 10
289.5244275487415
 20
392.07828719545523
 10
289.5244275487415
 20
399.2842662592023
 10
287.5875574104222
 20
401.1000820138767
 10
291.42918945350345
 20
406.50237707445945
  0
LWPOLYLINE
  5
37
330
17
100
AcDbEntity
  8
K
100
AcDbPolyline
 90
50
 70
1
 10
215.23871326302725
 20
624.2445968317235
 10
215.23871326302725
 20
706.5137698045528
 10
223.8705970864594
 20
714.6061608890205
 10
231.56873420149986
 20
714.6061608890205
 10
233.4734961062618
 20
712.8204466033062
 10
237.2039304197927
 20
712.8204466033062
 10
239.1292987829848
 20
714.6254794437989
 10
242.9388225925086
 20
712.8397651580846
 10
244.82297803884035
 20
714.6061608890205
 10
250.6163532491189
 20
714.6061608890205
 10
252.52111515388083
 20
712.8204466033062
 10
277.2039304197927
 20
712.8204466033062
 10
279.14823707255107
 20
714.6432340902672
 10
281.0925437253094
 20
712.8204466033062
 10
286.7277399436022
 20
712.8204466033062
 10
288.63250184836414
 20
714.6061608890205
 10
292.5211151538808
 20
714.6061608890205
 10
294.42587705864275
 20
712.8204466033062
 10
298.1563113721736
 20
712.8204466033062
 10
300.100618024932
 20
714.6432340902672
 10
302.04492467769035
 20
712.8204466033062
 10
305.77535899122125
 20
712.8204466033062
 10
307.6801208959832
 20
714.6061608890205
 10
315.3782580110237
 20
714.6061608890205
 10
324.0108552673259
 20
706.5131009612372
 10
323.0561333203532
 20
648.3347323175919
 10
311.5891894535035
 20
648.3347323175919
 10
309.68853011284415
 20
644.7709960538558
 10
303.0577608820749
 20
643.8829466033061
 10
303.0577608820749
 20
640.3652632970969
 10
298.24538353714576
 20
634.0490180318777
 10
290.5464185904263
 20
634.0490180318777
 10
283.8371627583627
 20
638.541823276563
 10
280.9843644223857
 20
642.9993206765268
 10
277.221200540495
 20
644.7633037461634
 10
269.5644275487415
 20
644.7633037461634
 10
267.65966564397957
 20
648.3347323175919
 10
260.0719384022908
 20
648.3347323175919
 10
254.31424109801154
 20
651.9332931327665
 10
251.42918945350345
 20
656.4411863273102
 10
251.42918945350345
 20
661.7691047120074
 10
246.77427292983916
 20
664.3874952565684
 10
238.29585612017007
 20
658.2053163328515
 10
238.29585612017007
 20
645.8080934202334
 10
245.92649432852116
 20
640.4428009299867
 10
243.99664845852044
 20
631.3966484143582
 10
227.73829710036668
 20
625.1204466033062
 10
222.04492467769037
 20
625.1204466033062
 10
220.13202297828406
 20
623.3271012601131
 10
215.23871326302725
 20
624.2445968317235
  0
LWPOLYLINE
  5
38
330
17
100
AcDbEntity
  8
K
100
AcDbPolyline
 90
129
 70
1
 10
236.1998342719404
 20
240.45053503612334
 10
240.0145243464467
 20
244.0268069809729
 10
241.91928625120863
 20
249.38394983811574
 10
244.82297803884035
 20
252.1061608890206
 10
250.52521349941338
 20
252.1061608890206
 10
254.3243561919588
 20
257.4487053004123
 10
257.1814990491017
 20
258.34156244326954
 10
260.92089074375565
 20
263.6000820138768
 10
259.0482370725511
 20
265.3556948306309
 10
259.0482370725511
 20
268.88976769767413
 10
246.71908460167973
 20
271.5571324149301
 10
243.8101418344558
 20
274.2842662592023
 10
243.8101418344558
 20
279.7677249463176
 10
248.6064125985683
 20
280.6670257145886
 10
250.5168085011224
 20
284.24901803187765
 10
256.21017731103467
 20
284.24901803187765
 10
259.0618607380735
 20
297.6162840961224
 10
268.54901757754686
 20
301.1739679109248
 10
264.77465010332764
 20
313.5586111857066
 10
261.9864416401276
 20
316.17255661995637
 10
254.45890743488164
 20
312.64402496124734
 10
252.54157040588444
 20
309.04901803187755
 10
246.70728469159863
 20
309.04901803187755
 10
244.79891207986253
 20
312.6272166788827
 10
229.69194824651552
 20
314.39756400310324
 10
227.79024301230194
 20
309.04901803187755
 10
223.9496865824523
 20
309.04901803187755
 10
222.03914825085752
 20
307.2578883460074
 10
215.23871326302725
 20
308.1686608890205
 10
215.23871326302725
 20
386.89518063246464
 10
221.986041901566
 20
389.60616088902054
 10
229.7027971977949
 20
389.60616088902054
 10
232.56725679690638
 20
377.9692937676301
 10
236.36754751856813
 20
376.1879074918514
 10
243.00810817927777
 20
361.06877384469993
 10
246.74501006430455
 20
362.82044660330615
 10
256.34268921711725
 20
362.82044660330615
 10
260.1522130266411
 20
357.4633037461633
 10
267.7641171384369
 20
357.4633037461633
 10
278.2862611249967
 20
345.8052464883273
 10
280.19214607934265
 20
338.65817790953
 10
284.9187557699968
 20
332.45450269054646
 10
299.24823707255103
 20
329.76772494631746
 10
299.24823707255103
 20
320.77793440658166
 10
302.0708003050074
 20
314.6035773355834
 10
324.0101418344558
 20
313.7093106971548
 10
324.0101418344558
 20
202.82549894053858
 10
321.02715568938686
 20
201.89331577020465
 10
318.1045961767023
 20
204.63321531334623
 10
315.25128055008935
 20
218.00813231309456
 10
311.5069148262093
 20
219.7633037461634
 10
303.8705970864594
 20
219.7633037461634
 10
301.96583518169746
 20
221.54901803187767
 10
294.3402054683454
 20
221.54901803187767
 10
286.70275932564243
 20
230.4991502303576
 10
281.92370699637627
 20
233.18736716556987
 10
280.995686179793
 20
235.7974257122103
 10
277.2657497950833
 20
234.0490180318776
 10
252.57370133365546
 20
234.0490180318776
 10
251.63280232081442
 20
222.58181131287736
 10
254.43343974067434
 20
219.95621373175865
 10
259.2416623270081
 20
219.05467199682104
 10
260.1938446090426
 20
207.44995043452562
 10
271.57509007317356
 20
205.67163083075502
 10
273.46327473837175
 20
203.90145770713175
 10
281.0823223574193
 20
205.68717199284603
 10
282.9973056300713
 20
203.89187517473485
 10
286.837862059921
 20
203.89187517473485
 10
290.6473858694448
 20
193.17758946044904
 10
296.23109421540823
 20
193.17758946044904
 10
298.13585612017005
 20
196.7490180318776
 10
303.97014183445583
 20
196.7490180318776
 10
305.8874788634529
 20
193.15401110250806
 10
309.6467021760359
 20
191.39187517473476
 10
315.31251815468624
 20
191.39187517473476
 10
320.0189450916144
 20
194.03924032675678
 10
320.9910054550514
 20
196.7731600989233
 10
324.0101418344558
 20
195.8296799803595
 10
324.0101418344558
 20
145.66221576688378
 10
309.6051407545627
 20
144.76190319939053
 10
305.83384202878386
 20
146.52969947709926
 10
302.04492467769035
 20
142.97758946044914
 10
294.3681988524691
 20
142.97758946044914
 10
284.88558804735504
 20
146.53356851236688
 10
282.9973056300713
 20
144.76330374616342
 10
269.663972296738
 20
144.76330374616342
 10
265.8544484872142
 20
141.19187517473486
 10
261.96583518169746
 20
141.19187517473486
 10
260.13372212615263
 20
142.90948116430812
 10
257.32193836997186
 20
136.75870419766244
 10
251.62918945350344
 20
133.2007361248697
 10
251.62918945350344
 20
129.7280555188386
 10
254.42587705864273
 20
127.10616088902049
 10
267.6801208959832
 20
127.10616088902049
 10
269.5848828007451
 20
128.89187517473476
 10
273.45208481644255
 20
128.89187517473476
 10
282.9346956215566
 20
125.33589612281703
 10
284.81816298846763
 20
127.10164677929615
 10
300.15111906863723
 20
128.898477569941
 10
305.88699495185233
 20
119.93617150241754
 10
311.55786907614464
 20
116.39187517473482
 10
315.3609878903216
 20
116.39187517473482
 10
323.0560376206841
 20
112.78482061362726
 10
324.0115419280037
 20
77.84919437725391
 10
315.3713000829162
 20
71.54901803187764
 10
307.69739101668523
 20
71.54901803187764
 10
303.929080124022
 20
73.31541376281348
 10
298.23540086816655
 20
67.97758946044907
 10
290.61635324911896
 20
67.97758946044907
 10
288.70581491752415
 20
66.18645977457894
 10
275.37248158419084
 20
67.97217406029321
 10
273.4734961062618
 20
66.19187517473479
 10
267.6801208959832
 20
66.19187517473479
 10
265.7753589912213
 20
67.97758946044907
 10
258.23540086816655
 20
67.97758946044907
 10
256.3306389634046
 20
66.19187517473479
 10
252.45929577859
 20
66.19187517473479
 10
244.84024815954243
 20
69.76330374616336
 10
241.13891521735758
 20
69.76330374616336
 10
240.19655051518058
 20
63.579035388126925
 10
235.3956936691493
 20
55.47758946044912
 10
229.58488280074508
 20
55.47758946044912
 10
227.70072735441343
 20
57.24398519138496
 10
223.92742211479472
 20
55.4752483603137
 10
215.23871326302725
 20
56.38032219903955
 10
215.23871326302725
 20
233.32224831982796
 10
225.80356406175105
 20
237.8243154215568
 10
235.26126600958614
 20
236.05099630633762
 10
236.1998342719404
 20
240.45053503612334
  0
LWPOLYLINE
  5
39
330
17
100
AcDbEntity
  8
K
100
AcDbPolyline
 90
10
 70
1
 10
271.56059440685556
 20
178.6842441172557
 10
267.77135221983195
 20
175.13182956692108
 10
259.2482370725511
 20
172.46835608339583
 10
259.2482370725511
 20
165.37401803187768
 10
257.3765651574569
 20
161.86463319107614
 10
267.7062184665206
 20
155.70205593282793
 10
273.3901128018895
 20
161.0307068722362
 10
281.89956640798397
 20
161.91710828953765
 10
280.95806935544385
 20
176.9222175643953
 10
271.56059440685556
 20
178.6842441172557
  0
LWPOLYLINE
  5
3A
330
17
100
AcDbEntity
  8
K
100
AcDbPolyline
 90
10
 70
1
 10
211.42257706694622
 20
451.2027393601638
 10
220.13568887003265
 20
452.11035517298535
 10
225.85444848721414
 20
446.7490180318777
 10
231.50050983086223
 20
446.7490180318777
 10
237.27437140177537
 20
450.35768151369837
 10
245.94393713011465
 20
436.8114850631682
 10
242.98559326805352
 20
434.03803769248583
 10
229.6112666676578
 20
437.6204466033061
 10
212.38842899632277
 20
437.6204466033061
 10
211.42257706694622
 20
451.2027393601638
  0
LWPOLYLINE
  5
3B
330
17
100
AcDbEntity
  8
K
100
AcDbPolyline
 90
70
 70
1
 10
132.43269810570712
 20
405.4863340406186
 10
117.1946028676119
 20
409.05776261204716
 10
114.29132136934939
 20
411.77958901666835
 10
113.34781711442659
 20
419.740406167579
 10
105.78558035911136
 20
417.96800692805215
 10
101.96583518169744
 20
421.5490180318776
 10
88.6173200197234
 20
421.5490180318776
 10
85.71490373921772
 20
426.0840434701677
 10
85.71490373921772
 20
431.4119618548645
 10
81.02680386897195
 20
434.04901803187755
 10
77.28301991578562
 20
434.04901803187755
 10
74.48633231064628
 20
431.4271234020596
 10
74.48633231064628
 20
424.29832918445345
 10
71.58391603014064
 20
419.76330374616333
 10
65.77535899122125
 20
419.76330374616333
 10
63.87059708645934
 20
421.5490180318776
 10
39.18778182054752
 20
421.5490180318776
 10
35.37825801102373
 20
417.97758946044905
 10
29.58488280074506
 20
417.97758946044905
 10
25.775358991221243
 20
421.5490180318776
 10
16.330638963404642
 20
421.5490180318776
 10
14.425877058642733
 20
419.76330374616333
 10
0.9544110864662669
 20
419.76330374616333
 10
0.0
 20
486.8703332633221
 10
11.429189453503463
 20
497.58519837598146
 10
11.429189453503463
 20
504.7280555188386
 10
12.48157040588438
 20
505.71466266169585
 10
15.43871326302726
 20
502.9423412331243
 10
15.43871326302726
 20
499.37091266169574
 10
18.23540086816655
 20
496.74901803187754
 10
20.14016277292846
 20
496.74901803187754
 10
26.850044944650293
 20
490.45850349588846
 10
29.68866687105523
 20
484.2490180318776
 10
52.49863656154441
 20
484.2490180318776
 10
67.70745450152688
 20
478.90216797485255
 10
73.41991864059943
 20
482.47245806177284
 10
84.84849006917086
 20
478.9010294903443
 10
90.54812887848126
 20
482.4633037461633
 10
98.25585612017015
 20
482.4633037461633
 10
100.17319314916736
 20
478.86829681679353
 10
103.93241646174997
 20
477.1061608890205
 10
119.1086923245546
 20
477.1061608890205
 10
121.01345422931651
 20
478.89187517473476
 10
132.42997540417528
 20
478.89187517473476
 10
136.23299137033922
 20
484.2398663771529
 10
140.97804422695825
 20
485.129563787769
 10
141.93480256137158
 20
487.82044660330615
 10
149.71947710031276
 20
487.82044660330615
 10
150.67246341491904
 20
469.05852853449403
 10
157.28849959600726
 20
468.1724522602412
 10
165.9149037392177
 20
460.0851983759814
 10
165.9149037392177
 20
452.9575027803193
 10
170.6030036094635
 20
450.32044660330627
 10
183.93462278049944
 20
450.32044660330627
 10
192.59120463901712
 20
445.81181021866155
 10
191.61921374093393
 20
439.43311994999044
 10
182.059198870903
 20
435.84811437372883
 10
179.27436957472386
 20
433.2373369085608
 10
185.87278862184448
 20
421.7490180318776
 10
191.55957936419966
 20
421.7490180318776
 10
198.2958561201701
 20
417.2381184185044
 10
198.2958561201701
 20
409.97830894319065
 10
194.48633231064628
 20
408.1925946574766
 10
194.48633231064628
 20
406.53401283485016
 10
198.2958561201701
 20
404.74829854913605
 10
198.2958561201701
 20
397.4418751747347
 10
129.52442754874156
 20
397.4418751747347
 10
129.52442754874156
 20
401.15662694740996
 10
133.28773994360222
 20
404.6847323175921
 10
132.43269810570712
 20
405.4863340406186
  0
LWPOLYLINE
  5
3C
330
17
100
AcDbEntity
  8
K
100
AcDbPolyline
 90
110
 70
1
 10
1241.0134542293165
 20
393.1775894604491
 10
1244.891202409478
 20
393.1775894604491
 10
1250.5794948301404
 20
389.622406697535
 10
1255.222112888338
 20
392.23387935527074
 10
1253.3419838291975
 20
399.2843633270474
 10
1249.5244275487419
 20
404.6528018464387
 10
1249.5244275487419
 20
410.0623170513834
 10
1253.3650654171092
 20
419.0638120553692
 10
1262.0404507747946
 20
419.9674980301281
 10
1267.7300709508543
 20
414.6334791150722
 10
1280.9800199012202
 20
423.50621278719234
 10
1283.810141834456
 20
427.92827830787337
 10
1283.810141834456
 20
431.5137698045529
 10
1286.7277399436023
 20
434.24901803187754
 10
1290.5506133927815
 20
434.24901803187754
 10
1295.2387132630272
 20
436.8860742088908
 10
1295.2387132630272
 20
445.79948409026713
 10
1298.153316067617
 20
448.5319242195699
 10
1310.4699742700454
 20
449.42014476301426
 10
1309.53128613918
 20
462.6204466033063
 10
1296.251549467412
 20
462.6204466033063
 10
1295.20660502947
 20
463.6000820138767
 10
1298.993193003243
 20
468.9249713519946
 10
1292.471342574847
 20
471.5453576848324
 10
1283.0126648606258
 20
469.77185561341594
 10
1277.291537652538
 20
462.6204466033063
 10
1273.473496106262
 20
462.6204466033063
 10
1271.54812774307
 20
460.81541376281365
 10
1267.6973910166857
 20
462.6204466033063
 10
1260.061073276936
 20
462.6204466033063
 10
1258.2289602213907
 20
464.3380525928794
 10
1255.4369454794926
 20
458.23052034497624
 10
1254.4742259956374
 20
446.49737663549416
 10
1246.7600243521365
 20
450.1134086558852
 10
1241.1219467588564
 20
448.35150940798496
 10
1235.3935005407486
 20
437.61067274903286
 10
1223.9429279913634
 20
439.3998247098744
 10
1222.0449246776907
 20
437.6204466033061
 10
1216.2515494674117
 20
437.6204466033061
 10
1214.3467875626502
 20
439.4061608890206
 10
1210.6163532491191
 20
439.4061608890206
 10
1208.7115913443572
 20
437.6204466033061
 10
1201.0752736046072
 20
437.6204466033061
 10
1197.3237130843172
 20
435.8619026094205
 10
1196.4072467619826
 20
433.28434107785387
 10
1198.2958561201701
 20
431.5137698045529
 10
1198.2958561201701
 20
427.87401803187754
 10
1196.371549467412
 20
424.26594305795595
 10
1183.8770377332355
 20
412.5523383071651
 10
1180.9733166286155
 20
418.90422822352144
 10
1173.3503939930774
 20
424.26409570163406
 10
1172.4195768836228
 20
426.8820188219747
 10
1169.7244275487417
 20
426.0397846548244
 10
1169.7244275487417
 20
424.28426625920247
 10
1162.9973056300714
 20
417.97758946044905
 10
1159.1877818205476
 20
417.97758946044905
 10
1157.2665404283073
 20
416.17642565522397
 10
1147.673676611896
 20
419.77374958637813
 10
1140.9698630284827
 20
424.2629104681285
 10
1138.1156182036425
 20
432.2904740379917
 10
1130.5496537748763
 20
435.8370198639759
 10
1113.3756867605089
 20
437.6259747613055
 10
1110.4768085011228
 20
442.15547204159645
 10
1110.4768085011228
 20
447.6225540803668
 10
1122.9878859382745
 20
450.329277564366
 10
1128.686938898231
 20
444.98641541440685
 10
1138.2107484220403
 20
450.3435582715499
 10
1142.0449246776907
 20
446.7490180318777
 10
1151.4896447055069
 20
446.7490180318777
 10
1156.1815171148755
 20
451.14764841566034
 10
1154.273589739019
 20
460.0910579899881
 10
1164.8349594963086
 20
466.3918751747348
 10
1168.7115913443572
 20
466.3918751747348
 10
1172.500508695451
 20
462.83976515808456
 10
1180.1195563144984
 20
466.4111937295131
 10
1183.9496865824524
 20
462.8204466033062
 10
1195.2577963586539
 20
462.8204466033062
 10
1196.1815171148755
 20
467.15038764809503
 10
1194.2863323106465
 20
468.92712340205946
 10
1194.2863323106465
 20
474.3860742088909
 10
1203.8168185947695
 20
479.74697274370993
 10
1204.7736747559065
 20
487.82044660330615
 10
1357.2830199157856
 20
487.82044660330615
 10
1362.105379929694
 20
483.29948409026724
 10
1362.105379929694
 20
393.92712340205946
 10
1359.1604920722928
 20
391.16629103574576
 10
1353.4052717356242
 20
394.76330374616344
 10
1345.8371783665123
 20
394.76330374616344
 10
1341.9864416401279
 20
392.9582709056708
 10
1340.0610732769355
 20
394.76330374616344
 10
1336.2310942154081
 20
394.76330374616344
 10
1334.3206983128541
 20
398.3452960634525
 10
1324.8154153568091
 20
400.1275366177109
 10
1322.9771357119744
 20
401.8509237847431
 10
1320.2006180249318
 20
397.512614898739
 10
1320.2006180249318
 20
386.74008946044904
 10
1313.381650883966
 20
385.8268349326409
 10
1308.572046596361
 20
393.94304216797514
 10
1308.572046596361
 20
399.2842662592023
 10
1305.8229543191646
 20
401.86154026907406
 10
1298.2532068715682
 20
392.99074247892196
 10
1295.4281622604599
 20
392.1079160379507
 10
1294.472248550691
 20
385.8347323175918
 10
1280.9720820729399
 20
385.8347323175918
 10
1280.0084142079656
 20
390.3519254346578
 10
1269.6184743320757
 20
401.86350654714954
 10
1266.8642544341294
 20
399.28142539282464
 10
1265.9078545004375
 20
385.83205132528275
 10
1234.1408500502955
 20
386.73452304261656
 10
1241.0134542293165
 20
393.1775894604491
  0
LWPOLYLINE
  5
3D
330
17
100
AcDbEntity
  8
K
100
AcDbPolyline
 90
47
 70
1
 10
1160.0006180249322
 20
481.42712340205964
 10
1149.6054892591756
 20
491.1725566199564
 10
1142.005379929694
 20
487.61000537176216
 10
1138.173581492876
 20
489.40616088902044
 10
1128.6325018483642
 20
489.40616088902044
 10
1123.8101418344559
 20
493.9271234020596
 10
1123.8101418344559
 20
501.15662694741
 10
1125.705326638685
 20
502.9333627013747
 10
1124.7816058824633
 20
507.2633037461632
 10
1111.5514640807978
 20
507.2633037461632
 10
1103.9324164617503
 20
503.69187517473466
 10
1100.0610732769358
 20
503.69187517473466
 10
1097.1434751677896
 20
506.4271234020595
 10
1097.1434751677896
 20
510.0738056458881
 10
1100.9529989773132
 20
515.430948503031
 10
1100.9529989773132
 20
520.7128376877738
 10
1094.374077310905
 20
526.8805767500314
 10
1088.69196307073
 20
523.3292553499222
 10
1079.1796420259034
 20
525.1128155458272
 10
1075.3925322042367
 20
521.5624000880144
 10
1065.8019324737581
 20
517.965925189085
 10
1059.048237072551
 20
522.4884890738223
 10
1059.048237072551
 20
533.3237520610362
 10
1065.79556571109
 20
536.0347323175919
 10
1077.1954126830408
 20
536.0347323175919
 10
1082.9096983973266
 20
543.177589460449
 10
1084.8977230095543
 20
543.177589460449
 10
1098.1908090509646
 20
532.4956453200297
 10
1100.9529989773132
 20
535.0851983759813
 10
1100.9529989773132
 20
551.1717884946052
 10
1105.8064400574845
 20
553.9018491022015
 10
1115.3156480025093
 20
550.335896122817
 10
1117.2039304197926
 20
552.1061608890204
 10
1124.9020675348333
 20
552.1061608890204
 10
1126.8068294395955
 20
550.3204466033061
 10
1132.463436947707
 20
550.3204466033061
 10
1141.9559040371773
 20
553.8801217618577
 10
1153.4398705280662
 20
562.8519705828644
 10
1155.378258011024
 20
561.034732317592
 10
1159.2468959765138
 20
561.034732317592
 10
1160.2000348026893
 20
490.44288800397715
 10
1163.0015994384507
 20
487.81642115795063
 10
1171.805156754227
 20
486.8993839375574
 10
1163.993699199644
 20
481.4069528444912
 10
1163.0197544043365
 20
478.66773310768906
 10
1160.0006180249322
 20
479.6112132262528
 10
1160.0006180249322
 20
481.42712340205964
  0
LWPOLYLINE
  5
3E
330
17
100
AcDbEntity
  8
K
100
AcDbPolyline
 90
25
 70
1
 10
1143.845649924555
 20
126.92669767046094
 10
1138.1530900049133
 20
134.0423975700129
 10
1124.9075472150548
 20
132.26844094637113
 10
1122.9808261425935
 20
130.46213994093824
 10
1113.4158179000883
 20
134.04901803187764
 10
1109.6639722967382
 20
134.04901803187764
 10
1107.7592103919765
 20
132.26330374616336
 10
1096.2515494674121
 20
132.26330374616336
 10
1093.3339513582655
 20
134.99855197348808
 10
1093.3339513582655
 20
138.65662694741
 10
1099.0569771290834
 20
144.0219636075518
 10
1100.0397780626204
 20
148.628842983506
 10
1102.0449246776907
 20
146.74901803187768
 10
1105.7753589912215
 20
146.74901803187768
 10
1109.5848828007454
 20
150.32044660330624
 10
1122.9182161340784
 20
150.32044660330624
 10
1124.8435844972707
 20
152.12547944379895
 10
1132.5038450331788
 20
148.53473231759196
 10
1140.071938402291
 20
148.53473231759196
 10
1145.8271587389595
 20
152.13174502800965
 10
1147.7592103919765
 20
150.32044660330624
 10
1159.2450569752484
 20
150.32044660330624
 10
1160.2039025740942
 20
120.65616088902054
 10
1156.267284691599
 20
120.65616088902054
 10
1143.845649924555
 20
126.92669767046094
  0
LWPOLYLINE
  5
3F
330
17
100
AcDbEntity
  8
K
100
AcDbPolyline
 90
32
 70
1
 10
1145.84630869257
 20
48.32710126011275
 10
1140.969097786085
 20
49.24157830507869
 10
1138.1149392157965
 20
62.620446603306235
 10
1130.6368085011225
 20
62.620446603306235
 10
1128.6888216024615
 20
58.967971168316204
 10
1122.9552738781567
 20
66.13490582369674
 10
1115.384840105328
 20
57.263303746163395
 10
1113.4077562499244
 20
57.263303746163395
 10
1108.5903736630432
 20
59.973081451284216
 10
1107.6671350012873
 20
62.5696901874726
 10
1101.9744836957077
 20
59.01178312148547
 10
1096.2541371473708
 20
67.94982460326216
 10
1084.8435844972707
 20
62.6011280485278
 10
1078.073760383001
 20
68.94783815565575
 10
1082.9011069347262
 20
78.90424041858846
 10
1092.5286778359125
 20
77.09907087461576
 10
1094.4052706002126
 20
75.3397651580846
 10
1098.1792042974123
 20
77.10879657864689
 10
1113.399449292867
 20
75.32517411824202
 10
1115.2991685150312
 20
77.10616088902044
 10
1119.1877818205476
 20
77.10616088902044
 10
1121.0925437253097
 20
75.32044660330617
 10
1126.7277399436023
 20
75.32044660330617
 10
1128.6325018483642
 20
77.10616088902044
 10
1136.2515494674121
 20
77.10616088902044
 10
1141.973974976342
 20
82.47093480364254
 10
1151.5061692121144
 20
80.6836483844352
 10
1159.2437751997652
 20
86.12415259450223
 10
1160.203016484636
 20
45.65616088902047
 10
1154.3559423999502
 20
45.65616088902047
 10
1147.7300709508543
 20
50.093128377254544
 10
1145.84630869257
 20
48.32710126011275
  0
LWPOLYLINE
  5
40
330
17
100
AcDbEntity
  8
K
100
AcDbPolyline
 90
14
 70
1
 10
1060.0044734894057
 20
7.249534388726775
 10
1059.0462048474162
 20
35.09921679653816
 10
1063.883946726115
 20
37.82044660330619
 10
1069.7132755796722
 20
37.82044660330619
 10
1070.6742695800688
 20
29.712059724958827
 10
1073.4981906805792
 20
23.534732317591956
 10
1082.9973056300717
 20
23.534732317591956
 10
1086.8068294395953
 20
19.963303746163398
 10
1098.2709106910183
 20
19.963303746163398
 10
1101.1661585861216
 20
10.01088910674608
 10
1096.3269890966294
 20
5.474167710347033
 10
1075.2956394055625
 20
7.266612286290219
 10
1073.400183037102
 20
9.04360263172177
 10
1060.0044734894057
 20
7.249534388726775
  0
LWPOLYLINE
  5
41
330
17
100
AcDbEntity
  8
K
100
AcDbPolyline
 90
7
 70
1
 10
1059.0410826270604
 20
570.7017005161671
 10
1060.0117699940022
 20
578.8918751747349
 10
1067.7592103919765
 20
578.8918751747349
 10
1069.6694519769596
 20
577.1010236888125
 10
1076.5722159955437
 20
576.1765463648952
 10
1063.9138408342421
 20
567.9607740246277
 10
1059.0410826270604
 20
570.7017005161671
  0
LWPOLYLINE
  5
42
330
17
100
AcDbEntity
  8
K
100
AcDbPolyline
 90
8
 70
1
 10
1067.6801208959832
 20
66.39187517473476
 10
1069.609535246872
 20
68.2007011286927
 10
1074.4994814035404
 20
65.4501064155667
 10
1072.5728303493524
 20
56.41892959906058
 10
1067.7547364890806
 20
51.90196660505575
 10
1059.041624685994
 20
52.809582417877365
 10
1060.0074766153705
 20
66.39187517473476
 10
1067.6801208959832
 20
66.39187517473476
  0
LWPOLYLINE
  5
43
330
17
100
AcDbEntity
  8
K
100
AcDbPolyline
 90
21
 70
1
 10
950.4768085011227
 20
463.54973751461927
 10
950.4768085011227
 20
465.4340961378135
 10
956.1910942154085
 20
472.57695328067064
 10
956.1910942154085
 20
476.0548189977215
 10
951.5029943451626
 20
478.6918751747348
 10
947.6596656439799
 20
478.6918751747348
 10
945.7423286149825
 20
482.2868821041045
 10
941.9831053024001
 20
484.0490180318776
 10
938.1563113721737
 20
484.0490180318776
 10
935.1925018483644
 20
486.82758946044913
 10
936.251549467412
 20
487.82044660330615
 10
1012.5442196229808
 20
487.82044660330615
 10
1017.3586623787263
 20
477.8906584195813
 10
1010.6266612076867
 20
467.9729781229599
 10
989.6509060893083
 20
469.76068452509446
 10
983.0408968309056
 20
465.3343390395569
 10
982.0759572980165
 20
462.6204466033063
 10
970.6163532491191
 20
462.6204466033063
 10
968.7089246754706
 20
460.83223231551085
 10
954.3611111182589
 20
461.72897066283656
 10
950.4768085011227
 20
463.54973751461927
  0
LWPOLYLINE
  5
44
330
17
100
AcDbEntity
  8
K
100
AcDbPolyline
 90
12
 70
1
 10
907.6801208959834
 20
466.19187517473483
 10
905.7753589912215
 20
467.9775894604491
 10
884.8180712923797
 20
467.9775894604491
 10
874.3038733581957
 20
479.6268428534368
 10
870.4114483120956
 20
486.92513981487474
 10
930.6654987995927
 20
487.8217774709387
 10
931.6344404894737
 20
479.6463319625671
 10
929.7170668112175
 20
477.8487941392019
 10
927.8106720728755
 20
467.1253237360292
 10
921.0617034900134
 20
462.60592513143393
 10
913.4116767309713
 20
466.19187517473483
 10
907.6801208959834
 20
466.19187517473483
  0
LWPOLYLINE
  5
45
330
17
100
AcDbEntity
  8
K
100
AcDbPolyline
 90
6
 70
1
 10
861.9658351816977
 20
487.82044660330615
 10
867.8085136749099
 20
487.82044660330615
 10
868.7772976323309
 20
479.6463319625671
 10
858.111007595456
 20
469.6466850529971
 10
857.1403502162422
 20
483.29655444819184
 10
861.9658351816977
 20
487.82044660330615
  0
LWPOLYLINE
  5
46
330
17
100
AcDbEntity
  8
K
100
AcDbPolyline
 90
35
 70
1
 10
1926.7641489631346
 20
521.5245681915886
 10
1919.1798744502764
 20
516.1918751747348
 10
1909.663972296738
 20
516.1918751747348
 10
1907.7510705973318
 20
514.3985298315413
 10
1902.8577608820747
 20
515.316025403152
 10
1902.8577608820747
 20
544.090939232032
 10
1907.694221621519
 20
543.1841028433861
 10
1917.9674406041327
 20
551.0641287675501
 10
1902.8577608820747
 20
554.6054599524074
 10
1902.8577608820747
 20
570.8247502379934
 10
1919.1296056161636
 20
577.1061608890203
 10
1922.9261235043498
 20
577.1061608890203
 10
1930.5858466238094
 20
582.4919037073909
 10
1934.4258770586428
 20
578.8918751747349
 10
1945.843583361859
 20
578.8918751747349
 10
1951.5240438274311
 20
575.3415873837523
 10
1961.02572625004
 20
582.4678492007088
 10
1974.3420080495632
 20
580.6844186025583
 10
1979.0551131453005
 20
586.8703690407134
 10
1980.017776056225
 20
591.382851435674
 10
1995.4367670207755
 20
593.1897644393322
 10
1996.392682555557
 20
538.5233447939953
 10
1987.7635042003553
 20
537.6244720486617
 10
1980.1401627729285
 20
530.477589460449
 10
1972.5211151538806
 20
530.477589460449
 10
1970.616353249119
 20
528.6918751747348
 10
1964.8229780388403
 20
528.6918751747348
 10
1962.9182161340784
 20
530.477589460449
 10
1957.2830199157854
 20
530.477589460449
 10
1955.338713263027
 20
528.6548019734881
 10
1953.3944066102688
 20
530.477589460449
 10
1942.0993020738924
 20
530.477589460449
 10
1941.150319708774
 20
515.3531830163756
 10
1938.2017752899708
 20
512.588922623748
 10
1926.7641489631346
 20
521.5245681915886
  0
LWPOLYLINE
  5
47
330
17
100
AcDbEntity
  8
K
100
AcDbPolyline
 90
45
 70
1
 10
1963.8101418344559
 20
10.071135450730463
 10
1969.5137968917354
 20
18.983096477729777
 10
1968.5945546935338
 20
21.568465160172188
 10
1962.9650212215374
 20
23.327694370170903
 10
1955.3318711760728
 20
19.749655286359193
 10
1949.5957479261
 20
23.33473231759198
 10
1943.8705970864594
 20
23.33473231759198
 10
1939.0545922504984
 20
27.849736851305316
 10
1938.1099398801257
 20
34.04901803187765
 10
1928.6325018483642
 20
34.04901803187765
 10
1924.8229780388403
 20
37.62044660330621
 10
1915.2646485610928
 20
37.62044660330621
 10
1911.4551247515692
 20
50.12044660330628
 10
1907.7592103919758
 20
50.12044660330628
 10
1905.8407470271436
 20
48.32188719877595
 10
1902.8577608820747
 20
49.25407036911012
 10
1902.8577608820747
 20
63.70080374616338
 10
1909.5794031205235
 20
64.6010236888127
 10
1914.2863323106462
 20
69.01376980455287
 10
1914.2863323106462
 20
72.57113545073047
 10
1917.1748406128622
 20
77.0844296729426
 10
1921.071937266879
 20
78.91119372951327
 10
1926.7821769934685
 20
73.55784398583553
 10
1936.3161112402322
 20
78.92068199964031
 10
1942.0407776990357
 20
71.764848926136
 10
1947.7269259834422
 20
73.54177026501296
 10
1955.3197749734609
 20
69.98262230094177
 10
1962.9728999839017
 20
77.15742699822992
 10
1966.7824237934256
 20
71.80028414108708
 10
1968.6369757512598
 20
73.5389266015567
 10
1977.343475167789
 20
72.63199957900146
 10
1977.343475167789
 20
67.2065058351532
 10
1980.1648573472455
 20
61.03473231759193
 10
1983.8705970864594
 20
61.03473231759193
 10
1985.8149037392177
 20
62.857519804552894
 10
1991.5762968835313
 20
57.45621373175869
 10
1996.391094215408
 20
56.55343923203182
 10
1996.391094215408
 20
1.0258037461633451
 10
1989.5745478071021
 20
0.11287342362242825
 10
1983.890767004556
 20
8.99378092760006
 10
1982.04492467769
 20
7.263303746163352
 10
1976.3244275487414
 20
7.263303746163352
 10
1966.760130201971
 20
0.09008073608551825
 10
1963.8101418344559
 20
2.8556948306309726
 10
1963.8101418344559
 20
10.071135450730463
  0
LWPOLYLINE
  5
48
330
17
100
AcDbEntity
  8
K
100
AcDbPolyline
 90
5
 70
1
 10
1907.7941677782273
 20
21.764729810774817
 10
1910.6946653042924
 20
9.98145861113564
 10
1903.8201248537189
 20
7.219366465815891
 10
1902.8516876399215
 20
20.838014784842372
 10
1907.7941677782273
 20
21.764729810774817
  0
LWPOLYLINE
  5
49
330
17
100
AcDbEntity
  8
K
100
AcDbPolyline
 90
6
 70
1
 10
1714.2863323106465
 20
383.2128376877738
 10
1714.2863323106465
 20
394.05794660330616
 10
1721.1451988012495
 20
394.976544794012
 10
1722.1085048812413
 20
381.4300530441349
 10
1719.148237072551
 20
378.654801973488
 10
1714.2863323106465
 20
383.2128376877738
  0
LWPOLYLINE
  5
4A
330
17
100
AcDbEntity
  8
K
100
AcDbPolyline
 90
26
 70
1
 10
2746.6672846915985
 20
1.0149349581236589
 10
2746.6672846915985
 20
22.615394266073842
 10
2752.3365331069867
 20
24.387034395882523
 10
2750.476808501123
 20
27.874018031877725
 10
2750.476808501123
 20
35.08519837598145
 10
2753.4006358325382
 20
37.82628649918352
 10
2778.162540594443
 20
34.254857927754955
 10
2783.89120354489
 20
39.62547944379891
 10
2795.331871176073
 20
34.262666491681856
 10
2801.024319354672
 20
37.82044660330619
 10
2804.888717895178
 20
37.82044660330619
 10
2809.724427548742
 20
35.10035992317662
 10
2809.724427548742
 20
33.22808670874766
 10
2802.1155577326253
 20
20.744784666682172
 10
2803.037998798603
 20
18.150419168620925
 10
2806.7572121158814
 20
16.407037926146394
 10
2814.3546949329216
 20
21.749018031877675
 10
2820.146744867233
 20
21.749018031877675
 10
2827.7708841218464
 20
12.814479842877535
 10
2834.4863323106465
 20
11.915089460449057
 10
2834.4863323106465
 20
2.840533283435809
 10
2829.6506226570827
 20
0.12044660330623458
 10
2810.5252134994134
 20
0.12044660330623458
 10
2806.752145589772
 20
5.426323351239604
 10
2801.091847741503
 20
0.1197941184870599
 10
2746.6672846915985
 20
1.0149349581236589
  0
LWPOLYLINE
  5
4B
330
17
100
AcDbEntity
  8
K
100
AcDbPolyline
 90
16
 70
1
 10
2778.1989249065005
 20
555.4685867224972
 10
2774.3673940210806
 20
553.6725566199566
 10
2771.4291894535036
 20
556.4271234020596
 10
2771.4291894535036
 20
559.9899426435219
 10
2763.805795403354
 20
565.3501415850332
 10
2764.767597607047
 20
577.0721059425377
 10
2772.500508695451
 20
580.6969080152272
 10
2775.4279687887733
 20
577.9524141777375
 10
2777.332730693535
 20
570.8095570348804
 10
2782.0504043579126
 20
566.3867379745268
 10
2795.375033984731
 20
564.6021893637924
 10
2802.125664838217
 20
560.0816776315474
 10
2801.1235763456357
 20
557.2633037461635
 10
2799.1877818205476
 20
557.2633037461635
 10
2791.551069368663
 20
550.1038858225212
 10
2778.1989249065005
 20
555.4685867224972
  0
LWPOLYLINE
  5
4C
330
17
100
AcDbEntity
  8
K
100
AcDbPolyline
 90
4
 70
1
 10
3720.9529989773127
 20
362.95126980455285
 10
3722.1515913443573
 20
361.82758946044913
 10
3720.9529989773127
 20
360.7039091163452
 10
3720.9529989773127
 20
362.95126980455285
  0
LWPOLYLINE
  5
4D
330
17
100
AcDbEntity
  8
K
100
AcDbPolyline
 90
5
 70
1
 10
3708.5605778425397
 20
352.8081556824895
 10
3709.5365105346536
 20
361.04258777219957
 10
3720.2120867787526
 20
360.1327375241231
 10
3719.236154086639
 20
351.8983054344128
 10
3708.5605778425397
 20
352.8081556824895
  0
LWPOLYLINE
  5
4E
330
17
100
AcDbEntity
  8
K
100
AcDbPolyline
 90
34
 70
1
 10
3645.727685532091
 20
1.0218479051389284
 10
3644.7784582049267
 20
7.2511522396575545
 10
3631.574213881722
 20
5.482726660656856
 10
3627.731920643721
 20
1.880576750031393
 10
3621.976700307053
 20
5.477589460449073
 10
3612.503845033179
 20
5.477589460449073
 10
3604.8847974141313
 20
1.906160889020514
 10
3589.5538501804194
 20
1.906160889020514
 10
3588.552820223304
 20
4.721557643407093
 10
3597.2108883479
 20
11.034732317591889
 10
3601.01966564398
 20
11.034732317591889
 10
3610.5839629907505
 20
18.207955327669833
 10
3612.5211151538806
 20
16.39187517473473
 10
3618.1735814928757
 20
16.39187517473473
 10
3622.009543340019
 20
18.189982290583217
 10
3631.5333528638284
 20
12.832839433440268
 10
3639.0819818836344
 20
16.371259286474316
 10
3642.9061658803657
 20
21.749018031877675
 10
3644.9020675348333
 20
21.749018031877675
 10
3649.724427548742
 20
17.22805551883855
 10
3649.724427548742
 20
13.671788494605153
 10
3654.3714400087765
 20
11.057843985835536
 10
3657.1522152243215
 20
13.664820750408978
 10
3658.1149392157968
 20
18.177589460449116
 10
3665.7753589912213
 20
18.177589460449116
 10
3667.6938223560533
 20
19.976148864979336
 10
3670.6806113580174
 20
19.042777301865655
 10
3669.713359177605
 20
0.0
 10
3667.71966564398
 20
1.8690876877738294
 10
3665.8544484872145
 20
0.12044660330623458
 10
3658.1563113721736
 20
0.12044660330623458
 10
3656.2910942154085
 20
1.8690876877738294
 10
3654.421403155747
 20
0.11625231934142555
 10
3645.727685532091
 20
1.0218479051389284
  0
LWPOLYLINE
  5
4F
330
17
100
AcDbEntity
  8
K
100
AcDbPolyline
 90
31
 70
1
 10
3643.8527412980175
 20
302.8080380037342
 10
3631.471788917065
 20
319.7723237180198
 10
3621.947277084625
 20
321.55816968660247
 10
3618.1481776207143
 20
326.9006533077271
 10
3609.5710619500082
 20
326.0072037586951
 10
3600.0062368402923
 20
342.1478461313409
 10
3599.07078981911
 20
346.5327540431319
 10
3589.5469802953003
 20
344.7470397574176
 10
3587.6481297879395
 20
353.64790151067183
 10
3583.93241646175
 20
351.9061608890205
 10
3576.2051779753638
 20
351.9061608890205
 10
3575.223546825302
 20
358.3481153112987
 10
3587.7384901751925
 20
359.2506352644157
 10
3591.5291894535035
 20
357.4737449777073
 10
3595.357651552594
 20
359.2683365866559
 10
3598.285111645916
 20
356.52384274916625
 10
3600.1810002673687
 20
349.4142604187179
 10
3604.8451999605486
 20
348.5397229762467
 10
3609.5427546154237
 20
351.18209746961395
 10
3612.410993037562
 20
359.2490180318776
 10
3627.814209071869
 20
359.2490180318776
 10
3628.769645506466
 20
342.23030654061483
 10
3630.6768085011227
 20
340.44234123312424
 10
3630.6768085011227
 20
336.901108551788
 10
3642.0985117346
 20
333.3318262913262
 10
3643.048532968417
 20
323.53473231759176
 10
3648.6982417047016
 20
323.53473231759176
 10
3653.541105803756
 20
320.81062126187385
 10
3651.6242003948005
 20
304.63673187381113
 10
3648.7034515497126
 20
301.8985298315414
 10
3643.8527412980175
 20
302.8080380037342
  0
LWPOLYLINE
  5
50
330
17
100
AcDbEntity
  8
K
100
AcDbPolyline
 90
10
 70
1
 10
3623.8630344044277
 20
175.12753661771086
 10
3619.029049253479
 20
176.03390883351378
 10
3620.969898242419
 20
185.1316384691686
 10
3627.6746412157618
 20
186.02959511738416
 10
3631.4998660733972
 20
189.6157434214175
 10
3639.2419477814265
 20
187.80119302109821
 10
3640.2082833879
 20
176.0239778172058
 10
3631.573028009879
 20
175.1244720486619
 10
3627.71966564398
 20
171.51194483063094
 10
3623.8630344044277
 20
175.12753661771086
  0
LWPOLYLINE
  5
51
330
17
100
AcDbEntity
  8
K
100
AcDbPolyline
 90
30
 70
1
 10
3588.5720465963605
 20
231.39692751196728
 10
3588.5720465963605
 20
247.62937517473483
 10
3595.2707192023017
 20
248.52651882731612
 10
3598.09585612017
 20
254.70650583515308
 10
3598.09585612017
 20
261.78426625920235
 10
3596.144882800745
 20
263.6133037461633
 10
3598.049644705507
 20
265.3990180318776
 10
3596.1910942154086
 20
267.1414091163452
 10
3596.1910942154086
 20
277.94234123312424
 10
3598.049644705507
 20
279.6847323175921
 10
3596.1910942154086
 20
281.42712340205946
 10
3596.1910942154086
 20
286.87091266169585
 10
3599.112712505767
 20
289.60992980890643
 10
3618.171527393352
 20
287.82316591319545
 10
3623.9223968341976
 20
291.4174593137239
 10
3626.8585446350667
 20
288.66482075040886
 10
3628.7923824756126
 20
279.59995587284914
 10
3622.050404357912
 20
278.6970123749427
 10
3619.248237072551
 20
276.06998054491663
 10
3619.248237072551
 20
268.90688037176216
 10
3611.621953567
 20
265.33205997853526
 10
3609.7296785847116
 20
249.36598981547377
 10
3611.629189453504
 20
247.58519837598146
 10
3611.629189453504
 20
243.9454466033061
 10
3609.707879620653
 20
240.34299066671127
 10
3603.0047319532355
 20
232.26330374616333
 10
3599.108692324555
 20
232.26330374616333
 10
3597.2312201680475
 20
234.02343389288848
 10
3591.5432221711694
 20
230.4684351448395
 10
3588.5720465963605
 20
231.39692751196728
  0
LWPOLYLINE
  5
52
330
17
100
AcDbEntity
  8
K
100
AcDbPolyline
 90
11
 70
1
 10
3483.792329608197
 20
417.14327404676345
 10
3488.6044350280863
 20
432.48186007266196
 10
3496.3399665155857
 20
430.66884488027944
 10
3500.1401627729283
 20
427.10616088902043
 10
3503.949686582452
 20
427.10616088902043
 10
3506.867284691599
 20
424.3709126616958
 10
3506.867284691599
 20
420.72690061302507
 10
3503.964868411093
 20
416.1918751747348
 10
3496.3197738380495
 20
416.1918751747348
 10
3490.5749349168655
 20
412.6013508489946
 10
3483.792329608197
 20
417.14327404676345
  0
LWPOLYLINE
  5
53
330
17
100
AcDbEntity
  8
K
100
AcDbPolyline
 90
9
 70
1
 10
3449.5674471426196
 20
352.7990180318777
 10
3444.8021353987965
 20
360.8404815995793
 10
3436.1798517180146
 20
361.73863614966075
 10
3437.152819091153
 20
369.94804836051964
 10
3446.7986896449506
 20
371.7566490893568
 10
3450.623915931151
 20
368.1704994460443
 10
3455.411152446435
 20
367.27289259942853
 10
3461.2007022734556
 20
352.7990180318777
 10
3449.5674471426196
 20
352.7990180318777
  0
LWPOLYLINE
  5
54
330
17
100
AcDbEntity
  8
K
100
AcDbPolyline
 90
128
 70
1
 10
4489.524427548741
 20
306.5137698045529
 10
4491.429189453504
 20
308.2994840902672
 10
4491.429189453504
 20
311.7842662592024
 10
4488.632501848365
 20
314.4061608890206
 10
4482.918216134079
 20
314.4061608890206
 10
4480.000618024932
 20
317.14140911634524
 10
4480.000618024932
 20
320.79948409026713
 10
4481.88922738312
 20
322.5700553635681
 10
4480.980348992896
 20
325.1262758360712
 10
4470.476808501123
 20
326.0214639461655
 10
4470.476808501123
 20
331.42712340205946
 10
4468.57204659636
 20
333.21283768777374
 10
4468.57204659636
 20
345.66221576688395
 10
4454.423210389757
 20
346.5465180297965
 10
4451.622834275557
 20
343.9211654227338
 10
4450.662724741168
 20
337.6204466033063
 10
4442.871844642031
 20
337.6204466033063
 10
4441.911735107642
 20
343.9211654227338
 10
4439.122393784625
 20
346.5361729130617
 10
4433.408108070339
 20
344.7504586273474
 10
4431.489644705508
 20
346.54901803187767
 10
4420.03004065661
 20
346.54901803187767
 10
4419.032084525977
 20
349.3557696492825
 10
4420.952998977313
 20
351.1566269474099
 10
4420.952998977313
 20
354.64140911634513
 10
4418.156311372174
 20
357.26330374616333
 10
4412.400653501511
 20
357.26330374616333
 10
4411.437929510036
 20
361.77607245620345
 10
4407.573454229317
 20
365.3990180318777
 10
4412.434462975857
 20
369.95621373175857
 10
4417.14347516779
 20
370.8391535177461
 10
4417.14347516779
 20
374.2842662592024
 10
4414.34678756265
 20
376.9061608890206
 10
4400.967082737269
 20
376.9061608890206
 10
4400.0053414471595
 20
383.21758810535954
 10
4396.2314926316485
 20
388.5245630021726
 10
4388.572046596361
 20
390.31974566669305
 10
4388.572046596361
 20
401.1988920882926
 10
4400.000618024932
 20
402.9846063740069
 10
4400.000618024932
 20
406.5137698045528
 10
4401.859168515031
 20
408.25616088902063
 10
4399.9910409244
 20
410.00753050523764
 10
4400.971597336743
 20
414.60388868809684
 10
4432.385336604101
 20
415.4963244627378
 10
4433.3391823652055
 20
439.64054529069097
 10
4439.122393784625
 20
437.83329172212206
 10
4441.013454229317
 20
439.6061608890206
 10
4444.82297803884
 20
439.6061608890206
 10
4448.672046596361
 20
443.21466266169585
 10
4450.616353249119
 20
441.39187517473465
 10
4454.34678756265
 20
441.39187517473465
 10
4458.19585612017
 20
445.0003769474099
 10
4463.057760882076
 20
440.4423412331243
 10
4463.057760882076
 20
433.2311608890204
 10
4461.17729167109
 20
429.7052811184231
 10
4463.929080124022
 20
427.1254794437987
 10
4471.50691482621
 20
430.677589460449
 10
4481.123576345635
 20
430.677589460449
 10
4482.121532476269
 20
427.87083784304434
 10
4480.200618024933
 20
426.06998054491675
 10
4480.200618024933
 20
420.79948409026724
 10
4484.902067534834
 20
416.39187517473476
 10
4490.616353249119
 20
416.39187517473476
 10
4493.558244052043
 20
413.6338525469944
 10
4489.724427548742
 20
406.4454466033059
 10
4489.724427548742
 20
399.3709126616957
 10
4491.675400868167
 20
397.54187517473474
 10
4489.724427548742
 20
395.71283768777374
 10
4489.724427548742
 20
388.56998054491663
 10
4486.806829439596
 20
385.8347323175918
 10
4482.918216134079
 20
385.8347323175918
 10
4479.118913692445
 20
389.39657835662365
 10
4471.613756611189
 20
387.63755716570415
 10
4470.682225337579
 20
383.27100432066317
 10
4472.612374768349
 20
379.65197413797216
 10
4465.845293649914
 20
375.1204466033061
 10
4462.060106506332
 20
375.1204466033061
 10
4459.277270463448
 20
370.7722652863014
 10
4463.0536557022515
 20
367.23190412492335
 10
4464.000913920798
 20
357.4633037461633
 10
4469.663972296738
 20
357.4633037461633
 10
4471.5687342015
 20
355.67758946044904
 10
4475.299168515031
 20
355.67758946044904
 10
4477.2097068466255
 20
357.4687191463192
 10
4484.010141834457
 20
356.55794660330633
 10
4484.010141834457
 20
345.71283768777397
 10
4482.126210879713
 20
343.94665241770184
 10
4484.92676210915
 20
337.8204466033062
 10
4492.421570405884
 20
337.8204466033062
 10
4496.231094215409
 20
344.9633037461634
 10
4503.826351657727
 20
344.9633037461634
 10
4505.734927653216
 20
355.6990437207902
 10
4513.40462797816
 20
353.90145770713167
 10
4517.203930419793
 20
357.4633037461633
 10
4524.776606546792
 20
357.4633037461633
 10
4525.722202607984
 20
363.66877789773866
 10
4535.238713263027
 20
370.80616088902065
 10
4535.238713263027
 20
374.2842662592024
 10
4533.287739943603
 20
376.11330374616335
 10
4536.24398678538
 20
378.88478516032995
 10
4545.84630869257
 20
380.6852205179284
 10
4547.759210391977
 20
378.89187517473465
 10
4551.489644705508
 20
378.89187517473465
 10
4553.394406610269
 20
380.67758946044916
 10
4557.265749795084
 20
380.67758946044916
 10
4561.019871382855
 20
378.91784496618106
 10
4568.641012661612
 20
389.6350748894334
 10
4577.3717895949185
 20
385.0877952366695
 10
4573.547917317679
 20
376.125594586891
 10
4577.34347516779
 20
370.7880913601739
 10
4577.34347516779
 20
367.1414091163453
 10
4573.533951358266
 20
363.56998054491675
 10
4573.533951358266
 20
360.01261489873934
 10
4570.63153507776
 20
355.47758946044905
 10
4562.935486254781
 20
355.47758946044905
 10
4559.18136466701
 20
357.2373339547169
 10
4555.390308264737
 20
351.9061608890205
 10
4553.382356356557
 20
351.9061608890205
 10
4549.5648259649815
 20
357.2745630021726
 10
4542.092805842772
 20
359.02581771831575
 10
4540.190518638123
 20
341.19187517473483
 10
4511.489644705508
 20
341.19187517473483
 10
4509.624427548742
 20
342.9405162592024
 10
4506.867284691599
 20
340.3556948306309
 10
4506.867284691599
 20
284.94187517473466
 10
4491.4691894535035
 20
284.94187517473466
 10
4489.524427548741
 20
288.5883037461631
 10
4489.524427548741
 20
306.5137698045529
  0
LWPOLYLINE
  5
55
330
17
100
AcDbEntity
  8
K
100
AcDbPolyline
 90
9
 70
1
 10
4453.280459507599
 20
368.9988421857476
 10
4446.733126124677
 20
376.8907172455186
 10
4441.038966259647
 20
375.1112922876966
 10
4435.318796788658
 20
378.6863982070648
 10
4430.6871155028275
 20
377.81795796597163
 10
4431.618037484433
 20
369.96330374616326
 10
4441.075273604607
 20
369.96330374616326
 10
4448.667883186035
 20
366.4042680048686
 10
4453.280459507599
 20
368.9988421857476
  0
LWPOLYLINE
  5
56
330
17
100
AcDbEntity
  8
K
100
AcDbPolyline
 90
28
 70
1
 10
4450.537263753126
 20
21.749018031877675
 10
4452.446499560784
 20
23.538926601556764
 10
4469.589356703641
 20
21.753212315842486
 10
4471.483288833833
 20
23.528773687897964
 10
4483.031204984546
 20
25.333135586446787
 10
4484.939350618146
 20
18.177589460449116
 10
4490.616353249119
 20
18.177589460449116
 10
4492.45475198855
 20
16.454090642232465
 10
4494.359513893312
 20
20.025519213661134
 10
4500.119556314498
 20
14.625479443798884
 10
4503.902881494993
 20
16.3989131221558
 10
4506.867284691599
 20
15.472537123216611
 10
4506.867284691599
 20
11.774203359536495
 10
4500.131007935629
 20
7.263303746163352
 10
4496.251549467412
 20
7.263303746163352
 10
4494.34678756265
 20
9.049018031877631
 10
4490.616353249119
 20
9.049018031877631
 10
4488.690984885928
 20
7.243985191384916
 10
4484.840248159543
 20
9.049018031877631
 10
4454.425877058643
 20
9.049018031877631
 10
4452.481570405885
 20
7.2262305449166675
 10
4450.537263753126
 20
9.049018031877631
 10
4444.902067534834
 20
9.049018031877631
 10
4442.978567113731
 20
7.245736387093693
 10
4432.381570405884
 20
11.761502029641658
 10
4432.381570405884
 20
19.028931351748103
 10
4437.217280059449
 20
21.749018031877675
 10
4450.537263753126
 20
21.749018031877675
  0
LWPOLYLINE
  5
57
330
17
100
AcDbEntity
  8
K
100
AcDbPolyline
 90
17
 70
1
 10
4477.243475167789
 20
210.82429108604794
 10
4473.4382668364615
 20
209.04059968073773
 10
4463.820117547026
 20
212.64740566427608
 10
4462.865819734936
 20
218.9099850561177
 10
4457.14347516779
 20
222.486450410584
 10
4457.14347516779
 20
229.7803676315121
 10
4477.281121016704
 20
230.67936967833836
 10
4486.813185311269
 20
221.74305940218352
 10
4498.241756739841
 20
219.95734511646924
 10
4501.1529989773135
 20
217.22805551883852
 10
4501.1529989773135
 20
213.64256402215875
 10
4506.904310268454
 20
204.65614012975163
 10
4500.109322537633
 20
200.10592513143388
 10
4492.47057468484
 20
203.68658818743046
 10
4484.810474130332
 20
201.89125211996773
 10
4480.980423853078
 20
209.0725963898189
 10
4477.243475167789
 20
210.82429108604794
  0
LWPOLYLINE
  5
58
330
17
100
AcDbEntity
  8
K
100
AcDbPolyline
 90
6
 70
1
 10
4463.057760882076
 20
249.29383472566846
 10
4458.240180381253
 20
242.97076031833964
 10
4451.421755601035
 20
243.88394220854758
 10
4452.391591107846
 20
255.70381244780828
 10
4463.057760882076
 20
252.97666676689724
 10
4463.057760882076
 20
249.29383472566846
  0
LWPOLYLINE
  5
59
330
17
100
AcDbEntity
  8
K
100
AcDbPolyline
 90
12
 70
1
 10
4440.194262846985
 20
276.16258492673563
 10
4442.137488163252
 20
274.34081119273554
 10
4438.313206358998
 20
268.9629149055043
 10
4442.129672623471
 20
261.8070406596179
 10
4440.246829439596
 20
260.04187517473474
 10
4442.105379929694
 20
258.29948409026713
 10
4442.105379929694
 20
251.07954901138274
 10
4437.2702858271705
 20
244.7334880018198
 10
4432.381570405884
 20
247.48339042629308
 10
4432.381570405884
 20
279.75232348960765
 10
4439.22808095097
 20
282.50315361932957
 10
4440.194262846985
 20
276.16258492673563
  0
LWPOLYLINE
  5
5A
330
17
100
AcDbEntity
  8
K
100
AcDbPolyline
 90
14
 70
1
 10
4312.381570405884
 20
351.0699805449166
 10
4310.46723140059
 20
352.8646733623807
 10
4311.448272549131
 20
357.4633037461633
 10
4334.331605734009
 20
357.4633037461633
 10
4340.100618024932
 20
366.47738545073025
 10
4345.869630315855
 20
357.4633037461633
 10
4363.0345887133835
 20
357.4633037461633
 10
4364.942905029274
 20
350.30711756157496
 10
4374.433439740675
 20
348.52764230318724
 10
4377.372508558686
 20
345.77226528630143
 10
4374.440535579897
 20
341.191057506942
 10
4314.346161744238
 20
342.0853190223537
 10
4312.381570405884
 20
343.92712340205946
 10
4312.381570405884
 20
351.0699805449166
  0
LWPOLYLINE
  5
5B
330
17
100
AcDbEntity
  8
K
100
AcDbPolyline
 90
7
 70
1
 10
4294.425877058643
 20
348.53473231759193
 10
4300.150145441908
 20
348.53473231759193
 10
4305.052379039362
 20
342.1005507209344
 10
4294.3641436183125
 20
341.18962156573116
 10
4289.495242724741
 20
343.928378318365
 10
4292.448466304664
 20
350.3885548994473
 10
4294.425877058643
 20
348.53473231759193
  0
LWPOLYLINE
  5
5C
330
17
100
AcDbEntity
  8
K
100
AcDbPolyline
 90
12
 70
1
 10
5464.762522786838
 20
222.58519837598135
 10
5464.762522786838
 20
226.18682283750246
 10
5467.755063413323
 20
227.12199178327884
 10
5473.492947640503
 20
219.94963649930332
 10
5479.199923648404
 20
218.16620649683426
 10
5484.044398694913
 20
213.6245111407319
 10
5479.205429057039
 20
207.2733634910212
 10
5466.759697721141
 20
204.58077738469714
 10
5457.05766697879
 20
208.21903891307903
 10
5459.056977129085
 20
210.09339217898037
 10
5460.961739033847
 20
219.02196360755178
 10
5464.762522786838
 20
222.58519837598135
  0
LWPOLYLINE
  5
5D
330
17
100
AcDbEntity
  8
K
100
AcDbPolyline
 90
8
 70
1
 10
5479.177428702989
 20
246.78891638531508
 10
5482.105379929694
 20
242.2139925935879
 10
5482.105379929694
 20
236.77420335953647
 10
5475.360422313913
 20
232.2574906703968
 10
5470.3645277633705
 20
233.19422089862363
 10
5472.381570405885
 20
235.08519837598152
 10
5472.381570405885
 20
242.23811841850463
 10
5479.177428702989
 20
246.78891638531508
  0
LWPOLYLINE
  5
5E
330
17
100
AcDbEntity
  8
K
100
AcDbPolyline
 90
46
 70
1
 10
5390.3645277633705
 20
227.8370780414808
 10
5396.199834271942
 20
233.30767789326623
 10
5398.104596176703
 20
242.23624932183762
 10
5401.922619676643
 20
245.81564635303133
 10
5407.636905390929
 20
258.3156463530313
 10
5411.4291894535045
 20
261.8709126616957
 10
5411.4291894535045
 20
265.4625842634216
 10
5415.2661381387925
 20
267.26115395965064
 10
5420.97254372531
 20
277.96066443437076
 10
5424.77126284337
 20
281.52196360755175
 10
5426.6760247481325
 20
290.45053503612337
 10
5432.3954767274
 20
295.8125212666872
 10
5436.205000536925
 20
306.5268069809729
 10
5440.000618024933
 20
310.08519837598146
 10
5440.000618024933
 20
317.14140911634524
 10
5434.297076784902
 20
322.4884790288748
 10
5432.360247708348
 20
329.7515880659504
 10
5435.345973602491
 20
330.6846274078702
 10
5439.220812196788
 20
328.86829681679365
 10
5441.112998977314
 20
325.32044660330627
 10
5450.516808501124
 20
325.32044660330627
 10
5452.421570405885
 20
328.8918751747348
 10
5454.446332310647
 20
328.8918751747348
 10
5456.35109421541
 20
325.32044660330627
 10
5460.040618024933
 20
325.32044660330627
 10
5461.938460228474
 20
328.87890073494583
 10
5469.712925542244
 20
330.7010410428607
 10
5470.672703321299
 20
320.80333269635184
 10
5472.589515997558
 20
319.00632081236023
 10
5470.671330402859
 20
308.21652684218316
 10
5459.237796807487
 20
292.13812022369154
 10
5455.428272997964
 20
281.4238345094059
 10
5447.81966564398
 20
270.7242304178671
 10
5447.81966564398
 20
267.1293075534412
 10
5442.0879280824975
 20
263.54697157751417
 10
5440.186711703419
 20
258.1998005113538
 10
5436.377187893894
 20
254.62837193992527
 10
5432.571130140821
 20
243.92383450940602
 10
5421.144966506383
 20
227.85579189847616
 10
5419.235743768686
 20
220.69620663211575
 10
5410.595040947361
 20
214.39569415823246
 10
5407.661596080214
 20
215.31239567921568
 10
5401.006027906154
 20
223.33473231759194
 10
5397.183475167791
 20
223.33473231759194
 10
5395.2730792652355
 20
226.916724634881
 10
5390.3645277633705
 20
227.8370780414808
  0
LWPOLYLINE
  5
5F
330
17
100
AcDbEntity
  8
K
100
AcDbPolyline
 90
7
 70
1
 10
5433.518711574037
 20
346.7566044411742
 10
5434.4799771327
 20
340.4482992124499
 10
5436.437305630072
 20
338.6133037461633
 10
5429.57392997479
 20
332.1788890693359
 10
5426.678913937183
 20
342.1305066986119
 10
5422.725601503081
 20
345.8367371055814
 10
5433.518711574037
 20
346.7566044411742
  0
LWPOLYLINE
  5
60
330
17
100
AcDbEntity
  8
K
100
AcDbPolyline
 90
31
 70
1
 10
5277.181131329062
 20
653.7037771467524
 10
5274.270547503085
 20
658.2515643748413
 10
5280.020162772929
 20
669.0320930057994
 10
5285.7256482134735
 20
674.3809856063089
 10
5287.630410118235
 20
681.5238427491662
 10
5293.333951358267
 20
686.8709126616958
 10
5293.333951358267
 20
692.2482985491359
 10
5297.179939968569
 20
694.0511057102153
 10
5302.864896916021
 20
701.1573018945302
 10
5304.773184716852
 20
710.1024009609243
 10
5311.55611829967
 20
714.6445439851329
 10
5318.295856120171
 20
704.715465946001
 10
5318.295856120171
 20
701.1493849480084
 10
5324.920592350604
 20
693.164211813111
 10
5327.81966564398
 20
692.258251408931
 10
5327.81966564398
 20
686.8709126616958
 10
5333.523206884012
 20
681.5238427491662
 10
5335.430680792096
 20
674.3708155938505
 10
5343.057760882077
 20
663.6452342173166
 10
5343.057760882077
 20
660.0851983759813
 10
5346.913496106263
 20
656.4704466033061
 10
5343.963960775665
 20
653.7052572308716
 10
5334.382016832452
 20
650.1120282521663
 10
5322.935486254782
 20
655.477589460449
 10
5317.1954126830415
 20
655.477589460449
 10
5311.481126968756
 20
662.6204466033062
 10
5307.769193060956
 20
662.6204466033062
 10
5303.057760882077
 20
656.4366918685255
 10
5303.057760882077
 20
652.8697577558819
 10
5300.1466982535585
 20
648.3212223988234
 10
5277.181131329062
 20
653.7037771467524
  0
LWPOLYLINE
  5
61
330
17
100
AcDbEntity
  8
K
100
AcDbPolyline
 90
14
 70
1
 10
5293.094844082172
 20
424.2335721770406
 10
5299.048237072552
 20
427.95444279602833
 10
5299.048237072552
 20
431.5137698045529
 10
5301.99497462282
 20
434.2763362579293
 10
5308.755182545192
 20
429.7494113099126
 10
5309.660680149234
 20
427.2026992985433
 10
5317.19734832549
 20
436.03473231759205
 10
5322.98003550937
 20
436.03473231759205
 10
5330.557870211558
 20
432.4826223009416
 10
5332.44202565789
 20
434.24901803187754
 10
5340.157598431056
 20
434.24901803187754
 10
5344.972445738779
 20
426.12396320009293
 10
5343.980272566947
 20
423.3334761543145
 10
5293.094844082172
 20
424.2335721770406
  0
LWPOLYLINE
  5
62
330
17
100
AcDbEntity
  8
K
100
AcDbPolyline
 90
48
 70
1
 10
5194.286332310648
 20
229.65280184643865
 10
5194.286332310648
 20
233.2311608890204
 10
5190.49635324912
 20
240.3373716293845
 10
5186.6672846916
 20
243.92712340205958
 10
5186.6672846916
 20
247.49855197348813
 10
5180.961739033846
 20
252.84750102763198
 10
5179.058623781123
 20
261.76835377477204
 10
5171.4291894535045
 20
267.13279978637894
 10
5171.4291894535045
 20
270.73116088902026
 10
5167.636213572069
 20
277.84299066671116
 10
5160.994929413548
 20
285.84810996493
 10
5158.095856120171
 20
286.75407036911014
 10
5158.095856120171
 20
292.22805551883846
 10
5160.000618024934
 20
294.01376980455296
 10
5160.000618024934
 20
301.06998054491675
 10
5158.091575200914
 20
302.8597081924348
 10
5159.056187960107
 20
312.80727727161604
 10
5170.5309078814535
 20
314.6002022593265
 10
5174.354927357295
 20
318.1852205179284
 10
5179.248237072552
 20
317.2677249463175
 10
5179.248237072552
 20
310.08519837598146
 10
5183.038216134079
 20
306.5320930057994
 10
5186.8672846916
 20
299.3525894604493
 10
5186.8672846916
 20
295.7880913601739
 10
5194.486332310647
 20
285.073805645888
 10
5194.486332310647
 20
281.50731399662743
 10
5202.105379929695
 20
272.57874256805604
 10
5202.105379929695
 20
267.22355613885907
 10
5213.516256867044
 20
254.742909488633
 10
5217.34347516779
 20
247.56687517473497
 10
5217.34347516779
 20
244.0023770744596
 10
5228.772046596361
 20
227.9309485030311
 10
5228.772046596361
 20
224.35258946044934
 10
5232.558587979251
 20
217.25282436753258
 10
5240.174235764317
 20
211.89807201865796
 10
5243.018682807364
 20
207.4536235138976
 10
5247.931946381735
 20
206.5323865937031
 10
5242.997305630072
 20
201.90616088902058
 10
5231.469189453504
 20
201.90616088902058
 10
5229.564427548743
 20
205.47758946044914
 10
5220.152213026642
 20
205.47758946044914
 10
5216.316242471182
 20
200.08325586683208
 10
5209.524427548742
 20
204.63134621667922
 10
5209.524427548742
 20
208.1925946574764
 10
5205.748648550302
 20
209.96249106299524
 10
5201.905379929694
 20
215.3670875607242
 10
5201.905379929694
 20
218.93851613215276
 10
5194.286332310648
 20
229.65280184643865
  0
LWPOLYLINE
  5
63
330
17
100
AcDbEntity
  8
K
100
AcDbPolyline
 90
12
 70
1
 10
5219.064065347568
 20
392.10626689031045
 10
5215.230958531791
 20
408.2771862693714
 10
5219.048237072552
 20
413.64523421731656
 10
5219.048237072552
 20
417.22805551883846
 10
5221.965835181699
 20
419.9633037461633
 10
5229.650622657084
 20
419.9633037461633
 10
5234.499481403542
 20
417.23582070128083
 10
5232.574083997616
 20
408.210520361009
 10
5224.962522786838
 20
399.29072206712766
 10
5224.962522786838
 20
393.92712340205946
 10
5222.031223217622
 20
391.17903005591893
 10
5219.064065347568
 20
392.10626689031045
  0
LWPOLYLINE
  5
64
330
17
100
AcDbEntity
  8
K
100
AcDbPolyline
 90
22
 70
1
 10
5140.952998977314
 20
213.65662694740993
 10
5145.775358991222
 20
218.17758946044907
 10
5149.5957479261015
 20
218.17758946044907
 10
5155.359852389964
 20
221.78015475036318
 10
5162.105379929695
 20
213.64938494800845
 10
5162.105379929695
 20
208.29302828234177
 10
5169.724427548743
 20
199.36445685377046
 10
5169.724427548743
 20
194.01376980455288
 10
5175.560814917525
 20
188.54215664631923
 10
5168.638278275198
 20
187.61503120315038
 10
5166.722924893231
 20
189.41067499874487
 10
5151.484829655135
 20
191.19638928445914
 10
5149.5848828007465
 20
192.97758946044908
 10
5140.119956053061
 20
192.97758946044908
 10
5133.528563862162
 20
190.3292622408913
 10
5132.573273918398
 20
178.68666605126683
 10
5116.191094215409
 20
179.59009507900515
 10
5116.191094215409
 20
190.44694678227515
 10
5129.534052020578
 20
201.1689664471431
 10
5130.49194918222
 20
205.6591093923398
 10
5140.952998977314
 20
208.33380962404001
 10
5140.952998977314
 20
213.65662694740993
  0
LWPOLYLINE
  5
65
330
17
100
AcDbEntity
  8
K
100
AcDbPolyline
 90
7
 70
1
 10
5117.193010202111
 20
357.4633037461633
 10
5123.043677122121
 20
357.4633037461633
 10
5124.018332163094
 20
351.0671300397733
 10
5116.3707765641075
 20
345.6899425092358
 10
5113.455528153347
 20
339.3128366106971
 10
5108.547043080435
 20
345.7552232688944
 10
5117.193010202111
 20
357.4633037461633
  0
LWPOLYLINE
  5
66
330
17
100
AcDbEntity
  8
K
100
AcDbPolyline
 90
11
 70
1
 10
5054.336804893672
 20
342.9775894604491
 10
5049.524427548743
 20
349.29383472566855
 10
5049.524427548743
 20
356.4997068793022
 10
5052.428803437305
 20
361.03779420518134
 10
5068.787492050459
 20
360.135660641956
 10
5066.874071161805
 20
347.57883606016384
 10
5068.772046596361
 20
345.7994840902673
 10
5068.772046596361
 20
340.29901803187755
 10
5060.982421608991
 20
340.29901803187755
 10
5060.030040656611
 20
342.9775894604491
 10
5054.336804893672
 20
342.9775894604491
  0
LWPOLYLINE
  5
67
330
17
100
AcDbEntity
  8
K
100
AcDbPolyline
 90
22
 70
1
 10
4967.619665643981
 20
145.79123899495627
 10
4967.619665643981
 20
149.39115569199336
 10
4971.465654254283
 20
151.19396285307263
 10
4977.143475167791
 20
158.29123899495633
 10
4977.143475167791
 20
161.87091266169574
 10
4980.952998977315
 20
165.4423412331243
 10
4980.952998977315
 20
168.99785103863718
 10
4985.896334527626
 20
177.33972977978897
 10
4986.8648836017055
 20
160.08744939775755
 10
4992.581570405886
 20
154.7280555188386
 10
4992.581570405886
 20
151.15662694741005
 10
4994.486332310647
 20
149.37091266169577
 10
4994.486332310647
 20
135.0168751747347
 10
4990.676808501124
 20
127.8740180318776
 10
4990.676808501124
 20
117.1414091163453
 10
4987.758005541506
 20
114.40503134170288
 10
4956.2503580742905
 20
115.30013496293057
 10
4952.369532524573
 20
118.93840891579022
 10
4954.297076784902
 20
126.16669989202344
 10
4960.011362499188
 20
131.52384274916628
 10
4961.914169425107
 20
138.65936872136376
 10
4967.619665643981
 20
145.79123899495627
  0
LWPOLYLINE
  5
68
330
17
100
AcDbEntity
  8
K
100
AcDbPolyline
 90
19
 70
1
 10
4979.108692324556
 20
468.8704466033061
 10
4977.152215224322
 20
470.70464388477495
 10
4975.2490999716
 20
479.625496631915
 10
4967.6300523525515
 20
484.98263948905804
 10
4965.723643795751
 20
493.91892959906056
 10
4960.0093580814655
 20
499.27607245620345
 10
4958.086279019638
 20
508.2905055585175
 10
4961.014826252825
 20
511.03601858963
 10
4988.7495284439665
 20
510.1394226136234
 10
4990.6835826108845
 20
502.8867194876797
 10
4988.744621720597
 20
499.2511678183903
 10
4977.400868236869
 20
493.93378337289306
 10
4983.050624848131
 20
486.8715876088158
 10
4983.99105873883
 20
482.4633037461633
 10
4989.663972296739
 20
482.4633037461633
 10
4992.627781820548
 20
479.6847323175918
 10
4990.676808501124
 20
477.8556948306311
 10
4990.676808501124
 20
468.8704466033061
 10
4979.108692324556
 20
468.8704466033061
  0
LWPOLYLINE
  5
69
330
17
100
AcDbEntity
  8
K
100
AcDbPolyline
 90
14
 70
1
 10
6392.38753181444
 20
472.44373105273087
 10
6391.422718289698
 20
487.82044660330615
 10
6404.93310015516
 20
487.82044660330615
 10
6405.931056285793
 20
485.0136949859015
 10
6404.010141834457
 20
483.2128376877739
 10
6404.010141834457
 20
479.72805551883846
 10
6408.711591344358
 20
475.3204466033062
 10
6412.433507921136
 20
475.3204466033062
 10
6418.1323209209495
 20
482.44396285307243
 10
6421.985461515044
 20
484.2501225065542
 10
6440.340975482469
 20
483.3444228042142
 10
6438.291750940348
 20
481.4232747959749
 10
6437.334070093268
 20
471.54719106046707
 10
6392.38753181444
 20
472.44373105273087
  0
LWPOLYLINE
  5
6A
330
17
100
AcDbEntity
  8
K
100
AcDbPolyline
 90
19
 70
1
 10
6295.238713263028
 20
388.5803824384716
 10
6295.238713263028
 20
392.1414091163452
 10
6291.4291894535045
 20
395.71283768777374
 10
6291.4291894535045
 20
399.3025894604488
 10
6287.639210391977
 20
406.40880020081295
 10
6281.91928625121
 20
411.7712290827825
 10
6280.014524346448
 20
417.12837193992516
 10
6276.144882800746
 20
420.7561608890206
 10
6277.203930419793
 20
421.7490180318776
 10
6303.949686582453
 20
421.7490180318776
 10
6305.859928167437
 20
419.9581665459554
 10
6312.665400839807
 20
419.0467193130488
 10
6303.092017742532
 20
406.48165399787473
 10
6310.676808501124
 20
399.3709126616957
 10
6310.676808501124
 20
390.3556948306309
 10
6308.772046596362
 20
388.56998054491663
 10
6308.772046596362
 20
379.6262475691502
 10
6303.8821749339795
 20
376.8756947590598
 10
6295.238713263028
 20
388.5803824384716
  0
LWPOLYLINE
  5
6B
330
17
100
AcDbEntity
  8
K
100
AcDbPolyline
 90
236
 70
1
 10
5855.238713263028
 20
154.64786492427064
 10
5847.619665643981
 20
163.57643635284202
 10
5847.619665643981
 20
181.5137698045529
 10
5851.439933927758
 20
185.0952713205949
 10
5853.349330212099
 20
192.25550738687014
 10
5857.158854021623
 20
194.0412216725844
 10
5859.0570265679635
 20
201.15936872136388
 10
5864.773933511657
 20
208.30550240097978
 10
5866.681191013115
 20
213.66966412382993
 10
5872.381570405885
 20
219.0137698045528
 10
5872.381570405885
 20
222.56687517473483
 10
5878.115400868167
 20
233.31780729151376
 10
5881.905379929694
 20
236.8709126616958
 10
5881.905379929694
 20
240.43509923372287
 10
5895.238713263028
 20
256.5065278051514
 10
5895.238713263028
 20
261.8644568537704
 10
5902.857760882076
 20
270.79302828234177
 10
5902.857760882076
 20
274.3709126616957
 10
5908.585952917877
 20
279.7410926952587
 10
5912.392981130704
 20
290.44835954383706
 10
5923.810141834457
 20
304.7198104235279
 10
5923.810141834457
 20
313.5699805449167
 10
5920.016889189092
 20
317.1261548999465
 10
5916.2044759107575
 20
326.06149852104227
 10
5910.368746016375
 20
333.35616088902043
 10
5923.793749403936
 20
333.35616088902043
 10
5921.898593459489
 20
345.7931217744498
 10
5923.810141834457
 20
347.58519837598135
 10
5923.810141834457
 20
351.01935862402655
 10
5909.676929181886
 20
351.9026844148122
 10
5906.8672846916
 20
347.51261489873895
 10
5906.8672846916
 20
343.8704466033061
 10
5904.802522786838
 20
343.8704466033061
 10
5887.639210391977
 20
376.0516573436702
 10
5881.916124403949
 20
381.41705045744624
 10
5880.011362499187
 20
388.55990760030335
 10
5874.297076784901
 20
393.9170504574462
 10
5872.390359901297
 20
401.0672387709627
 10
5866.6672846916
 20
408.2210827830847
 10
5866.6672846916
 20
411.7842662592025
 10
5860.961739033846
 20
417.1332153133461
 10
5859.055723480821
 20
426.06766321815206
 10
5851.333947415542
 20
435.11661954465063
 10
5858.150831691953
 20
436.02959511738413
 10
5862.871667203591
 20
440.4553784095443
 10
5864.746370240264
 20
445.7279807001872
 10
5861.965835181699
 20
448.3347323175918
 10
5858.235400868168
 20
448.3347323175918
 10
5856.324862536572
 20
446.54360263172185
 10
5849.402325894245
 20
447.47072807489053
 10
5851.429189453504
 20
449.3709126616957
 10
5851.429189453504
 20
461.8709126616957
 10
5853.287739943603
 20
463.6133037461633
 10
5850.537263753127
 20
466.19187517473483
 10
5844.809539960282
 20
466.19187517473483
 10
5838.043416226611
 20
476.159825318088
 10
5844.791433158146
 20
478.8710821209364
 10
5846.692796880889
 20
482.4361391010802
 10
5851.394939300297
 20
485.08109421199777
 10
5849.519010712285
 20
488.5984603145207
 10
5850.496006680811
 20
493.17812891698776
 10
5985.0134840052
 20
492.28373079648014
 10
5981.152998977314
 20
483.2357190123718
 10
5981.152998977314
 20
476.0699805449166
 10
5976.330965274715
 20
471.54932394873015
 10
5861.1529989773135
 20
470.65693268093014
 10
5861.1529989773135
 20
465.44234123312424
 10
5866.851013527441
 20
460.10045259237984
 10
5874.470061146489
 20
442.24330973523706
 10
5880.200618024933
 20
436.87091266169574
 10
5880.200618024933
 20
433.2994840902672
 10
5883.992902087509
 20
429.74421778160274
 10
5889.71023598781
 20
417.23754987469397
 10
5895.438713263028
 20
410.07695328067064
 10
5895.438713263028
 20
406.5258713674568
 10
5901.14195238657
 20
402.96134691524367
 10
5903.049020825543
 20
394.0219636075518
 10
5906.847739943603
 20
390.46066443437076
 10
5916.3715494674125
 20
372.603521577228
 10
5920.181073276937
 20
369.0320930057994
 10
5924.0101418344575
 20
361.8525894604493
 10
5924.0101418344575
 20
358.29948409026724
 10
5929.7136830744885
 20
352.9524141777379
 10
5931.620159960672
 20
345.80312585454743
 10
5938.242827191331
 20
337.8204466033062
 10
5941.965835181699
 20
337.8204466033062
 10
5944.77126284337
 20
340.4505350361232
 10
5946.676024748132
 20
349.3791064646948
 10
5952.397841570044
 20
354.7433097352372
 10
5956.207365379568
 20
363.6718811638088
 10
5960.000618024934
 20
367.22805551883863
 10
5960.000618024934
 20
374.2842662592024
 10
5954.300238632162
 20
379.6283719399253
 10
5952.392981130704
 20
384.99253366277543
 10
5946.6672846916
 20
392.14965421165596
 10
5946.6672846916
 20
397.498551973488
 10
5939.0589815468065
 20
404.63133617173185
 10
5937.15194711338
 20
411.78271529708246
 10
5927.6281375895705
 20
424.2827152970824
 10
5925.7028658579065
 20
431.5024842908223
 10
5928.633520510802
 20
434.2499730279127
 10
5965.914903739218
 20
433.3537859310758
 10
5965.914903739218
 20
376.19629637488896
 10
5970.481456269367
 20
375.34006777548603
 10
5971.433603085675
 20
399.44128406328315
 10
5978.162087799007
 20
398.5401477177478
 10
5980.952998977314
 20
401.15662694740996
 10
5980.952998977314
 20
404.64140911634536
 10
5976.259689262057
 20
409.0413869743986
 10
5971.424658672483
 20
408.1348187388535
 10
5972.38518094533
 20
434.24901803187754
 10
5997.2696702761305
 20
434.24901803187754
 10
6006.8358129555545
 20
428.868062774702
 10
6010.6430636900395
 20
423.51411642933135
 10
6014.408606937941
 20
421.7490180318776
 10
6022.044924677691
 20
421.7490180318776
 10
6023.910141834457
 20
420.00037694741
 10
6025.775358991222
 20
421.7490180318776
 10
6033.4116767309715
 20
421.7490180318776
 10
6037.262413457356
 20
423.55405087237017
 10
6041.09254372531
 20
419.9633037461633
 10
6050.61635324912
 20
419.9633037461633
 10
6052.505675816521
 20
418.19206383922483
 10
6067.702599488321
 20
423.5347323175919
 10
6079.0644468958235
 20
423.5347323175919
 10
6080.969208800584
 20
434.24901803187754
 10
6193.473496106263
 20
434.24901803187754
 10
6195.338713263029
 20
432.50037694740996
 10
6197.203930419793
 20
434.24901803187754
 10
6202.9384228539475
 20
434.24901803187754
 10
6209.483760053582
 20
436.8788410138736
 10
6207.616668770189
 20
440.3796371702363
 10
6208.583198565431
 20
448.53473231759176
 10
6218.235400868168
 20
448.53473231759176
 10
6221.133454229317
 20
445.81780729151365
 10
6238.276311372175
 20
413.6749501486564
 10
6243.999397360202
 20
408.3095570348806
 10
6245.904159264965
 20
401.16669989202325
 10
6249.704882800746
 20
397.60352157722787
 10
6255.4708831686885
 20
386.79227088733603
 10
6249.696518761377
 20
383.1832931327662
 10
6246.829628530329
 20
378.70377714675175
 10
6239.19710937273
 20
376.9149054691897
 10
6235.322381966066
 20
373.2823485254434
 10
6224.776976495418
 20
388.561203042575
 10
6220.952998977314
 20
395.73116088902026
 10
6220.952998977314
 20
399.2891346796582
 10
6210.532357006667
 20
410.83473231759194
 10
6183.85541525782
 20
410.83473231759194
 10
6178.141129543535
 20
419.76330374616333
 10
6170.61635324912
 20
419.76330374616333
 10
6168.684301596102
 20
417.9520053214599
 10
6162.9290812594345
 20
421.5490180318776
 10
6157.283019915787
 20
421.5490180318776
 10
6149.63346567143
 20
414.377560927793
 10
6142.022345189485
 20
419.72913001665955
 10
6134.432459152948
 20
410.83473231759194
 10
6088.711591344359
 20
410.83473231759194
 10
6081.065253977055
 20
403.6662910357457
 10
6075.310033640388
 20
407.2633037461634
 10
6067.772648470537
 20
407.2633037461634
 10
6061.152998977314
 20
397.51114154632563
 10
6061.152998977314
 20
394.01376980455285
 10
6063.057760882076
 20
392.2280555188386
 10
6063.057760882076
 20
385.06687517473495
 10
6064.935097911073
 20
381.546868245365
 10
6068.90765455699
 20
379.6847323175919
 10
6064.928777975754
 20
377.8196339201382
 10
6061.152998977314
 20
372.5099447035814
 10
6061.152998977314
 20
367.1509775828113
 10
6046.797916833768
 20
348.30993226940666
 10
6039.1671753621185
 20
351.88684233424215
 10
6037.283019915787
 20
350.1204466033062
 10
6021.934802561373
 20
350.1204466033062
 10
6020.940118496245
 20
352.9179955364775
 10
6032.381570405885
 20
367.2198104235279
 10
6032.381570405885
 20
370.7912389949565
 10
6038.10923781552
 20
377.9508232569989
 10
6041.921651093854
 20
386.8861668780944
 10
6047.628405700512
 20
392.23624932183753
 10
6049.533167605275
 20
401.1648207504089
 10
6051.419612352971
 20
402.93336270137456
 10
6050.49589159675
 20
407.2633037461634
 10
6021.983105302401
 20
407.2633037461634
 10
6018.195856120171
 20
409.0385768003336
 10
6014.443147179346
 20
407.2794944843218
 10
6005.914903739218
 20
399.2842662592023
 10
6005.914903739218
 20
395.73116088902026
 10
6002.089254960198
 20
388.5580694283558
 10
5990.669672467178
 20
374.2835913120822
 10
5988.7633065398295
 20
365.347501027632
 10
5984.946251622679
 20
361.76901204280375
 10
5981.136727813156
 20
352.84044061423236
 10
5976.322499168761
 20
348.32710126011267
 10
5971.4291894535045
 20
349.2445968317236
 10
5971.4291894535045
 20
367.1017396888664
 10
5966.863224086213
 20
367.9578581952333
 10
5965.913424511484
 20
340.35430805462863
 10
5962.141220527264
 20
336.8178668194234
 10
5967.85550624155
 20
329.6750096765663
 10
5962.094635455441
 20
324.27419331458884
 10
5960.192585554001
 20
317.14150618419035
 10
5948.759792095557
 20
301.0641403832531
 10
5944.946251622679
 20
292.1261548999464
 10
5939.248237072552
 20
286.7842662592025
 10
5939.248237072552
 20
283.2210827830847
 10
5933.5225406334475
 20
276.0639622342039
 10
5931.61528313199
 20
270.69980051135377
 10
5925.906163682686
 20
265.34750102763195
 10
5924.001401777924
 20
256.41892959906056
 10
5918.285111645917
 20
251.05990760030318
 10
5916.382304719998
 20
243.9243816281057
 10
5904.962522786838
 20
229.64965421165607
 10
5904.962522786838
 20
226.0883037461633
 10
5901.133454229318
 20
218.90880020081295
 10
5895.438713263028
 20
213.5699805449166
 10
5895.438713263028
 20
210.0050077814134
 10
5887.81966564398
 20
201.076436352842
 10
5887.81966564398
 20
197.50679706879893
 10
5882.096590434284
 20
190.35295305667722
 10
5880.191400851245
 20
183.20849212028335
 10
5872.581570405885
 20
174.2907220671278
 10
5872.581570405885
 20
168.9343654014609
 10
5859.2365191637455
 20
152.84881256495342
 10
5857.354105824796
 20
147.55452504915834
 10
5860.1553446015705
 20
143.17758946044913
 10
5983.99105873883
 20
143.17758946044913
 10
5985.897541612307
 20
134.24095099103107
 10
5994.449556176473
 20
133.350116140597
 10
5996.391094215409
 20
129.70973231759186
 10
5996.391094215409
 20
122.44187517473482
 10
5853.3944066102695
 20
122.44187517473482
 10
5851.429189453504
 20
124.28426625920241
 10
5851.429189453504
 20
133.28116088902053
 10
5855.238713263028
 20
140.42401803187767
 10
5855.238713263028
 20
154.64786492427064
  0
LWPOLYLINE
  5
6C
330
17
100
AcDbEntity
  8
K
100
AcDbPolyline
 90
7
 70
1
 10
6186.882638351357
 20
194.03186889416924
 10
6185.902336452156
 20
189.43670374166587
 10
6178.176917830605
 20
185.8154137628135
 10
6175.238713263028
 20
188.5699805449167
 10
6175.238713263028
 20
192.2280555188386
 10
6180.078738109774
 20
196.76557881266254
 10
6186.882638351357
 20
194.03186889416924
  0
LWPOLYLINE
  5
6D
330
17
100
AcDbEntity
  8
K
100
AcDbPolyline
 90
14
 70
1
 10
6132.451180495189
 20
191.1918751747348
 10
6125.714903739219
 20
195.70277478810794
 10
6125.714903739219
 20
201.06998054491666
 10
6123.803355364252
 20
202.86205714644845
 10
6124.776849103441
 20
209.25060980988152
 10
6173.540300918243
 20
208.35422282799166
 10
6172.575492550083
 20
192.97758946044908
 10
6168.700726219003
 20
192.97758946044908
 10
6162.960447211094
 20
189.38991508050606
 10
6153.463320614246
 20
194.7320487912325
 10
6149.679076830994
 20
189.41045597103258
 10
6139.079860616631
 20
188.5071136800357
 10
6138.125278751849
 20
191.1918751747348
 10
6132.451180495189
 20
191.1918751747348
  0
LWPOLYLINE
  5
6E
330
17
100
AcDbEntity
  8
K
100
AcDbPolyline
 90
6
 70
1
 10
6104.7543324582
 20
579.6385586112019
 10
6105.7323488209495
 20
586.0567909917456
 10
6113.4828236584435
 20
584.2402734517079
 10
6116.415386909185
 20
581.4909954041373
 10
6112.516578393778
 20
574.1807294377487
 10
6104.7543324582
 20
579.6385586112019
  0
LWPOLYLINE
  5
6F
330
17
100
AcDbEntity
  8
K
100
AcDbPolyline
 90
10
 70
1
 10
6113.470908426304
 20
37.84821146049311
 10
6116.391094215409
 20
33.2854211650162
 10
6116.391094215409
 20
27.874018031877725
 10
6112.562025657889
 20
20.694514486527147
 10
6109.658195869906
 20
17.972174060293277
 10
6096.236696258626
 20
19.76969632966119
 10
6091.400204476645
 20
26.117591793511362
 10
6100.055163479478
 20
36.03473231759191
 10
6109.602152921448
 20
36.03473231759191
 10
6113.470908426304
 20
37.84821146049311
  0
LWPOLYLINE
  5
70
330
17
100
AcDbEntity
  8
K
100
AcDbPolyline
 90
40
 70
1
 10
5931.4291894535045
 20
204.72805551883854
 10
5937.159746331949
 20
210.1004525923801
 10
5940.967015418208
 20
219.0237395133
 10
5948.572046596362
 20
227.93588542519905
 10
5948.572046596362
 20
231.51376980455296
 10
5954.286332310648
 20
236.8709126616958
 10
5954.286332310648
 20
242.21981042352792
 10
5965.72369323463
 20
256.51651157850677
 10
5967.630410118235
 20
263.66669989202353
 10
5973.34469583252
 20
269.02384274916636
 10
5975.249457737283
 20
276.1666998920235
 10
5980.952998977314
 20
281.5137698045528
 10
5980.952998977314
 20
285.06687517473483
 10
5986.682493602368
 20
295.8096775967106
 10
5995.375204321967
 20
307.581056696168
 10
6000.182871622663
 20
292.2566171752
 10
6007.81966564398
 20
288.67686997770727
 10
6007.81966564398
 20
281.43851613215276
 10
6004.0101418344575
 20
276.0813732750099
 10
6004.0101418344575
 20
272.5050077814134
 10
5996.381877041721
 20
263.56563497742616
 10
5994.475587836393
 20
256.417050457446
 10
5990.676808501124
 20
252.85569483063097
 10
5990.676808501124
 20
245.79123899495647
 10
5996.391094215409
 20
238.64838185209936
 10
5996.391094215409
 20
235.07874256805616
 10
6004.0101418344575
 20
226.15017113948477
 10
6004.0101418344575
 20
220.688569717005
 10
5997.2981749556875
 20
217.99179731035656
 10
5992.572830349352
 20
213.56178674191762
 10
5991.614048772408
 20
209.06749809998703
 10
5981.134527743656
 20
206.3880751096808
 10
5979.2359385283535
 20
199.26836555230065
 10
5969.71970463532
 20
192.13119013252523
 10
5968.762633574558
 20
182.2613948184163
 10
5925.774483918624
 20
183.15698126958168
 10
5923.810141834457
 20
184.99855197348813
 10
5923.810141834457
 20
188.64523421731693
 10
5931.4291894535045
 20
199.35951993160262
 10
5931.4291894535045
 20
204.72805551883854
  0
LWPOLYLINE
  5
71
330
17
100
AcDbEntity
  8
K
100
AcDbPolyline
 90
8
 70
1
 10
5978.156311372175
 20
207.4633037461634
 10
5980.952998977314
 20
210.08519837598138
 10
5980.952998977314
 20
215.33835087247988
 10
5972.498248834582
 20
219.7418665718195
 10
5967.81966564398
 20
215.35569483063088
 10
5967.81966564398
 20
211.87091266169566
 10
5972.5211151538815
 20
207.4633037461634
 10
5978.156311372175
 20
207.4633037461634
  0
LWPOLYLINE
  5
72
330
17
100
AcDbEntity
  8
K
100
AcDbPolyline
 90
13
 70
1
 10
7286.789164606758
 20
478.9084359555197
 10
7288.711591344358
 20
477.1061608890205
 10
7294.364057683353
 20
477.1061608890205
 10
7298.281713132007
 20
478.9425618805768
 10
7299.250685248175
 20
468.95003693259815
 10
7295.419168515032
 20
461.76594305795584
 10
7289.7136830744885
 20
456.4170504574462
 10
7287.808921169726
 20
449.27419331458907
 10
7282.105379929694
 20
443.9271234020595
 10
7282.105379929694
 20
440.29901803187767
 10
7280.000618024933
 20
440.29901803187767
 10
7280.000618024933
 20
476.1808949181788
 10
7286.789164606758
 20
478.9084359555197
  0
LWPOLYLINE
  5
73
330
17
100
AcDbEntity
  8
K
100
AcDbPolyline
 90
25
 70
1
 10
7255.257065666403
 20
442.24310643361844
 10
7262.831075649794
 20
451.1188993829053
 10
7259.048237072552
 20
456.4385161321528
 10
7259.048237072552
 20
463.65662694740996
 10
7260.814016608296
 20
465.3120452621703
 10
7244.89338429873
 20
466.19002130865397
 10
7235.3720465963615
 20
459.0490180318777
 10
7231.489644705507
 20
459.0490180318777
 10
7226.642991997823
 20
463.59275494533216
 10
7228.563033508701
 20
467.19283277822944
 10
7227.649088275658
 20
469.7633037461634
 10
7216.39109421541
 20
469.7633037461634
 10
7216.39109421541
 20
455.47758946044917
 10
7199.108692324556
 20
455.47758946044917
 10
7198.0496447055075
 20
456.47044660330613
 10
7203.810141834457
 20
461.8709126616957
 10
7203.810141834457
 20
465.3556948306309
 10
7201.901099010437
 20
467.14542247814916
 10
7202.86709944593
 20
477.1073019691673
 10
7274.486332310647
 20
476.21206155835813
 10
7274.486332310647
 20
429.6617683073308
 10
7269.683394582372
 20
419.755709242763
 10
7254.356439301509
 20
421.551836814739
 10
7245.6750222623605
 20
426.07340818929595
 10
7255.257065666403
 20
442.24310643361844
  0
LWPOLYLINE
  5
74
330
17
100
AcDbEntity
  8
K
100
AcDbPolyline
 90
5
 70
1
 10
7175.021447973883
 20
476.19366978772837
 10
7189.712599329782
 20
477.11186674747216
 10
7190.689360235758
 20
468.8704466033061
 10
7186.738605068958
 20
468.8704466033061
 10
7175.021447973883
 20
476.19366978772837
  0
LWPOLYLINE
  5
75
330
17
100
AcDbEntity
  8
K
100
AcDbPolyline
 90
67
 70
1
 10
6977.143475167791
 20
84.98994264352189
 10
6969.524427548742
 20
90.34708550066472
 10
6969.524427548742
 20
93.92712340205955
 10
6965.731174903377
 20
97.48329775708942
 10
6961.921651093854
 20
106.4118691856608
 10
6956.207365379568
 20
111.76901204280377
 10
6948.58542829171
 20
129.63292709247088
 10
6942.857760882076
 20
136.7925113545132
 10
6942.857760882076
 20
140.35569483063094
 10
6937.154219642044
 20
145.70276474316034
 10
6935.249457737283
 20
152.84562188601757
 10
6929.540698712901
 20
158.19758347137514
 10
6921.921651093854
 20
176.05472632851803
 10
6918.112127284329
 20
179.6261548999466
 10
6914.302603474805
 20
188.554726328518
 10
6908.582791070616
 20
193.91705045744612
 10
6906.6580285726495
 20
201.1349098248213
 10
6911.479662036529
 20
207.4633037461634
 10
6921.112998977314
 20
207.4633037461634
 10
6923.017760882076
 20
203.89187517473485
 10
6930.537263753127
 20
203.89187517473485
 10
6936.259689262057
 20
209.2566490893567
 10
6945.783498785867
 20
207.47093480364242
 10
6947.680120895984
 20
209.24901803187768
 10
6964.94089243589
 20
209.24901803187768
 10
6967.807504978236
 20
197.60340457860116
 10
6974.416722221343
 20
193.17758946044904
 10
6978.255856120171
 20
193.17758946044904
 10
6980.127436442268
 20
189.66837635651822
 10
6981.965835181699
 20
191.39187517473476
 10
6989.572832547033
 20
191.39187517473476
 10
6993.40593542233
 20
196.78217609312077
 10
7004.0383587417955
 20
190.43896899912116
 10
7001.117736104167
 20
184.0501069793099
 10
6948.772046596361
 20
183.15785090815416
 10
6948.772046596361
 20
174.3709126616958
 10
6950.676808501124
 20
172.58519837598152
 10
6950.676808501124
 20
169.00180817488263
 10
6964.914774314891
 20
148.53473231759196
 10
6991.580784455214
 20
148.53473231759196
 10
6995.406257709246
 20
143.15516055410825
 10
7004.0101418344575
 20
138.6739709055611
 10
7004.0101418344575
 20
129.64140911634524
 10
6999.148237072552
 20
125.08337340205955
 10
6997.203930419793
 20
126.90616088902051
 10
6985.775358991222
 20
126.90616088902051
 10
6983.87059708646
 20
128.6918751747348
 10
6980.140162772929
 20
128.6918751747348
 10
6977.34347516779
 20
126.06998054491669
 10
6977.34347516779
 20
122.58519837598148
 10
6983.057760882076
 20
117.22805551883863
 10
6983.057760882076
 20
113.6425640221591
 10
6985.842827709329
 20
109.29089710457485
 10
6993.43652593966
 20
114.63021617277592
 10
7004.0101418344575
 20
106.51977216256236
 10
7004.0101418344575
 20
97.51261489873909
 10
6998.3506717827495
 20
88.66969294294658
 10
7004.0101418344575
 20
86.90110855178813
 10
7004.0101418344575
 20
83.21283768777388
 10
6998.295856120171
 20
77.85569483063092
 10
6998.295856120171
 20
74.29383472566842
 10
6993.502431315546
 20
68.00246466959814
 10
6987.733698361646
 20
64.39700657341096
 10
6984.788653107917
 20
65.31733321520173
 10
6980.969270141472
 20
74.26901204280367
 10
6977.143475167791
 20
77.85569483063092
 10
6977.143475167791
 20
84.98994264352189
  0
LWPOLYLINE
  5
76
330
17
100
AcDbEntity
  8
K
100
AcDbPolyline
 90
10
 70
1
 10
6977.34347516779
 20
11.870912661695709
 10
6981.1992103919765
 20
8.256160889020482
 10
6977.334735111258
 20
4.633215313346262
 10
6976.3701391374925
 20
0.11167168632242319
 10
6967.616710256792
 20
1.0234871947286672
 10
6968.587927317591
 20
31.070515013199795
 10
6968.602129856117
 20
31.07272914079107
 10
6971.61528313199
 20
22.59823555240159
 10
6977.34347516779
 20
17.22805551883855
 10
6977.34347516779
 20
11.870912661695709
  0
LWPOLYLINE
  5
77
330
17
100
AcDbEntity
  8
K
100
AcDbPolyline
 90
27
 70
1
 10
6929.524427548742
 20
552.8254989405386
 10
6929.524427548742
 20
554.7215997109133
 10
6937.143475167791
 20
563.6501711394847
 10
6937.143475167791
 20
567.2280555188386
 10
6942.8685053563295
 20
572.5952713205947
 10
6944.77790164067
 20
579.75550738687
 10
6948.584613883423
 20
581.5399037506606
 10
6950.485548557655
 20
590.4505350361233
 10
6956.191094215409
 20
595.7994840902672
 10
6956.191094215409
 20
599.4011085517882
 10
6959.152437985499
 20
600.3265284799412
 10
6972.500908434014
 20
594.9633037461633
 10
6976.330638963405
 20
594.9633037461633
 10
6979.294448487215
 20
592.1847323175921
 10
6977.34347516779
 20
590.3556948306309
 10
6977.34347516779
 20
585.0050077814136
 10
6969.724427548743
 20
576.076436352842
 10
6969.724427548743
 20
572.4418751747347
 10
6967.638748739607
 20
572.4418751747347
 10
6966.689837438158
 20
576.8898969002746
 10
6962.105379929695
 20
576.0303111174377
 10
6962.105379929695
 20
559.9833904262931
 10
6957.247638578116
 20
557.2509109160296
 10
6949.690243995762
 20
560.7934396265076
 10
6947.803015072303
 20
553.7163311635395
 10
6938.198810237229
 20
550.1147543503865
 10
6929.524427548742
 20
552.8254989405386
  0
LWPOLYLINE
  5
78
330
17
100
AcDbEntity
  8
K
100
AcDbPolyline
 90
14
 70
1
 10
6942.857760882076
 20
24.284266259202436
 10
6942.857760882076
 20
27.86393992594183
 10
6937.022453688466
 20
35.15807391795389
 10
6949.666967601295
 20
34.24620993385563
 10
6951.507831498003
 20
32.52040003069223
 10
6959.149444285339
 20
45.0574210099155
 10
6964.03708569601
 20
36.80952612940869
 10
6962.105379929695
 20
34.99855197348811
 10
6962.105379929695
 20
1.0133037461633743
 10
6956.191094215409
 20
1.0133037461633743
 10
6956.191094215409
 20
4.641409116345252
 10
6950.476808501123
 20
9.998551973488091
 10
6950.476808501123
 20
17.14140911634521
 10
6942.857760882076
 20
24.284266259202436
  0
LWPOLYLINE
  5
79
330
17
100
AcDbEntity
  8
K
100
AcDbPolyline
 90
55
 70
1
 10
6910.485597996535
 20
79.63866734239144
 10
6908.589621788778
 20
86.74857812147995
 10
6902.872154276839
 20
88.53528671896093
 10
6900.960135011259
 20
97.49787702636814
 10
6895.238713263028
 20
104.64965421165606
 10
6895.238713263028
 20
108.21283768777378
 10
6889.535172022996
 20
113.55990760030332
 10
6887.631808367343
 20
120.69752130900302
 10
6877.209539623871
 20
128.6918751747348
 10
6873.473496106262
 20
128.6918751747348
 10
6871.568734201501
 20
126.90616088902051
 10
6846.688915042546
 20
126.90616088902051
 10
6843.827681926775
 20
138.52992042184164
 10
6836.181271930591
 20
140.32204776469726
 10
6837.154331772458
 20
148.53224018045353
 10
6868.572046596361
 20
149.4247888970417
 10
6868.572046596361
 20
154.64140911634527
 10
6862.8685053563295
 20
159.9884790288747
 10
6860.963743451568
 20
167.13133617173182
 10
6853.333951358266
 20
174.28426625920247
 10
6853.333951358266
 20
179.62406515819418
 10
6844.833220174523
 20
184.05152931639367
 10
6836.181977907121
 20
184.9527003859147
 10
6837.151426055345
 20
194.95013441447318
 10
6848.68256274636
 20
196.75187452244435
 10
6858.220360018076
 20
193.17520054555092
 10
6871.574213881723
 20
191.386737974527
 10
6874.486332310647
 20
188.65662694741005
 10
6874.486332310647
 20
185.07695328067064
 10
6885.90152204387
 20
170.80796611414172
 10
6889.708156384584
 20
161.88616687809443
 10
6895.429973206496
 20
156.5219636075519
 10
6897.334735111258
 20
147.59339217898048
 10
6901.14225450306
 20
144.02384274916625
 10
6903.048971386664
 20
136.87365443564948
 10
6914.477542815235
 20
122.58794014993524
 10
6916.38187704172
 20
115.44668680061487
 10
6924.0101418344575
 20
106.50731399662749
 10
6924.0101418344575
 20
101.14838185209918
 10
6935.427302538209
 20
86.87693097240835
 10
6937.329568846275
 20
81.52680698097292
 10
6943.0470164078215
 20
76.1666998920234
 10
6944.9471439330055
 20
69.04122167258441
 10
6948.744621720596
 20
67.26115395965093
 10
6950.676808501124
 20
63.6383037461633
 10
6950.676808501124
 20
56.513769804552915
 10
6956.458966181868
 20
51.092996978854835
 10
6951.555384561845
 20
48.334732317591886
 10
6943.949686582453
 20
48.334732317591886
 10
6936.301499522283
 20
41.16455694868304
 10
6929.5375045173005
 20
45.69401788951966
 10
6927.630410118235
 20
52.845621886017604
 10
6923.818881890988
 20
56.41892959906058
 10
6921.91251596364
 20
65.355019883511
 10
6910.485597996535
 20
79.63866734239144
  0
LWPOLYLINE
  5
7A
330
17
100
AcDbEntity
  8
K
100
AcDbPolyline
 90
28
 70
1
 10
6847.619665643981
 20
463.56998054491663
 10
6847.619665643981
 20
467.14140911634536
 10
6845.714903739218
 20
468.92712340205946
 10
6845.714903739218
 20
474.42494675631275
 10
6879.124693622123
 20
475.31985184246207
 10
6882.892101028328
 20
477.0858240641206
 10
6895.246909809125
 20
494.01428801857793
 10
6897.152264663202
 20
501.15936872136393
 10
6902.857760882076
 20
508.2912389949564
 10
6902.857760882076
 20
511.8636706622942
 10
6909.615307148462
 20
520.0089273226719
 10
6914.500133319113
 20
515.429402787687
 10
6910.69060950959
 20
502.929402787687
 10
6913.477025215731
 20
500.31713806317913
 10
6924.142301213451
 20
499.40816567700983
 10
6922.105379929695
 20
497.49855197348813
 10
6922.105379929695
 20
493.9271234020596
 10
6916.3715494674125
 20
488.55165734367023
 10
6910.71105865433
 20
477.9382370691406
 10
6915.36490837137
 20
475.3204466033062
 10
6938.308407854805
 20
475.3204466033062
 10
6937.348726203761
 20
467.2231326726167
 10
6940.147725454961
 20
464.59907087461585
 10
6944.972829788542
 20
463.6943638120693
 10
6943.998887655699
 20
455.4767270662089
 10
6851.429189453504
 20
456.3714084276992
 10
6851.429189453504
 20
459.998551973488
 10
6847.619665643981
 20
463.56998054491663
  0
LWPOLYLINE
  5
7B
330
17
100
AcDbEntity
  8
K
100
AcDbPolyline
 90
13
 70
1
 10
6881.075273604609
 20
409.04901803187767
 10
6873.473496106262
 20
409.04901803187767
 10
6871.529189453504
 20
407.2262305449167
 10
6869.584882800746
 20
409.04901803187767
 10
6863.8821820649255
 20
409.04901803187767
 10
6847.362008904753
 20
419.07044660330627
 10
6924.022693569091
 20
419.07044660330627
 10
6923.046608913006
 20
410.83473231759194
 10
6913.45622598556
 20
410.83473231759194
 10
6905.8371783665125
 20
407.2633037461634
 10
6888.632501848365
 20
407.2633037461634
 10
6884.843584497271
 20
410.8154137628136
 10
6881.075273604609
 20
409.04901803187767
  0
LWPOLYLINE
  5
7C
330
17
100
AcDbEntity
  8
K
100
AcDbPolyline
 90
19
 70
1
 10
6845.714903739218
 20
297.4985519734882
 10
6845.714903739218
 20
304.72159971091327
 10
6853.343168531955
 20
313.66097251490055
 10
6855.249457737283
 20
320.8095570348807
 10
6860.97254372531
 20
326.1749501486565
 10
6868.610311907261
 20
340.49576548981565
 10
6884.8206786958235
 20
341.38971954065534
 10
6886.7672846916
 20
343.21466266169574
 10
6888.711591344359
 20
341.3918751747348
 10
6892.536296982523
 20
341.3918751747348
 10
6895.462897096379
 20
336.81906249683493
 10
6887.802787573479
 20
327.84237164968755
 10
6880.183076977383
 20
313.55541428200837
 10
6869.677070294999
 20
301.91523642368423
 10
6857.354790912498
 20
299.2493586726624
 10
6859.26562236161
 20
284.91812280431037
 10
6849.540526357514
 20
286.74157830507875
 10
6847.628405700512
 20
295.7046438847749
 10
6845.714903739218
 20
297.4985519734882
  0
LWPOLYLINE
  5
7D
330
17
100
AcDbEntity
  8
K
100
AcDbPolyline
 90
5
 70
1
 10
8073.460146466608
 20
409.24901803187765
 10
8078.3769442148505
 20
406.48331929849104
 10
8067.6196656439815
 20
398.2319976674268
 10
8067.6196656439815
 20
409.24901803187765
 10
8073.460146466608
 20
409.24901803187765
  0
LWPOLYLINE
  5
7E
330
17
100
AcDbEntity
  8
K
100
AcDbPolyline
 90
17
 70
1
 10
7967.571614981641
 20
447.50623440197256
 10
7971.397081219947
 20
452.88579629959105
 10
7970.537263753127
 20
453.69187517473483
 10
7959.077659704229
 20
453.69187517473483
 10
7958.079703573597
 20
456.4986267921395
 10
7961.013454229317
 20
459.24901803187765
 10
7964.902067534834
 20
459.24901803187765
 10
7966.806829439595
 20
457.4633037461634
 10
8001.092543725312
 20
457.4633037461634
 10
8004.916341728048
 20
453.87849311859804
 10
8014.3181373238385
 20
450.3528197701764
 10
8016.21606819487
 20
457.47006053654815
 10
8026.854275439366
 20
456.5633951463922
 10
8028.778833066568
 20
443.93348571787703
 10
8022.043906015254
 20
437.61949160727096
 10
7984.836915428057
 20
438.51389041946334
 10
7967.571614981641
 20
447.50623440197256
  0
LWPOLYLINE
  5
7F
330
17
100
AcDbEntity
  8
K
100
AcDbPolyline
 90
9
 70
1
 10
7991.446852859297
 20
148.52807752149266
 10
7993.354007386032
 20
157.46786436557193
 10
8009.823815080321
 20
156.55960291184277
 10
8004.038204319207
 20
149.3275894604491
 10
8009.728658089843
 20
142.21452224715225
 10
8008.7605493448955
 20
134.04610471164847
 10
7980.952998977315
 20
134.94505569335902
 10
7980.952998977315
 20
147.63371497473287
 10
7991.446852859297
 20
148.52807752149266
  0
LWPOLYLINE
  5
80
330
17
100
AcDbEntity
  8
K
100
AcDbPolyline
 90
30
 70
1
 10
7843.84150727953
 20
192.26300110151408
 10
7846.702691743874
 20
196.73360182705247
 10
7849.52951613197
 20
197.61698444833232
 10
7850.483667091561
 20
211.03473231759196
 10
7860.140162772929
 20
211.03473231759196
 10
7862.044924677691
 20
209.24901803187768
 10
7865.775358991222
 20
209.24901803187768
 10
7867.680120895984
 20
211.03473231759196
 10
7884.817068241383
 20
211.03473231759196
 10
7893.341561337771
 20
220.80238065720403
 10
7894.308885057206
 20
225.33671059205196
 10
7903.965045813007
 20
223.52618045033935
 10
7915.3867757477765
 20
209.24901803187768
 10
7919.108692324556
 20
209.24901803187768
 10
7921.013454229316
 20
211.03473231759196
 10
7930.599083128418
 20
211.03473231759196
 10
7934.367394021081
 20
209.268336586656
 10
7936.2515494674135
 20
211.03473231759196
 10
7951.551464080798
 20
211.03473231759196
 10
7959.148237072552
 20
207.47374497770744
 10
7966.816256846335
 20
211.06812924666863
 10
7969.724427548742
 20
204.70650583515305
 10
7969.724427548742
 20
197.58519837598143
 10
7971.675400868167
 20
195.7561608890205
 10
7967.8658770586435
 20
192.1847323175919
 10
7969.740580095317
 20
190.4271982207111
 10
7968.742449273584
 20
187.6199552845892
 10
7840.000618024932
 20
188.51399577937144
 10
7840.000618024932
 20
190.4625842634219
 10
7843.84150727953
 20
192.26300110151408
  0
LWPOLYLINE
  5
81
330
17
100
AcDbEntity
  8
K
100
AcDbPolyline
 90
7
 70
1
 10
7860.952998977314
 20
194.01376980455288
 10
7860.952998977314
 20
197.49855197348808
 10
7858.185450813296
 20
200.09312837725446
 10
7851.641123817001
 20
195.71076654937835
 10
7852.562487310259
 20
191.39187517473476
 10
7858.156311372174
 20
191.39187517473476
 10
7860.952998977314
 20
194.01376980455288
  0
LWPOLYLINE
  5
82
330
17
100
AcDbEntity
  8
K
100
AcDbPolyline
 90
31
 70
1
 10
7932.434462975856
 20
309.05610804628225
 10
7927.537529480738
 20
309.9742830766171
 10
7933.314726364366
 20
317.1957791811534
 10
7931.464440852561
 20
320.66506451578834
 10
7920.030399266296
 20
322.4516335136424
 10
7916.207365379568
 20
331.4118691856608
 10
7912.39231488014
 20
334.98847902887474
 10
7910.485597996534
 20
342.1386673423915
 10
7904.762522786837
 20
349.29251135451324
 10
7904.762522786837
 20
352.9423412331244
 10
7907.667979068129
 20
355.6662064968342
 10
7913.371975239578
 20
357.44870530041237
 10
7917.177219978874
 20
362.79983071504563
 10
7921.045738637852
 20
364.6131988364415
 10
7924.0101418344575
 20
363.6868228375024
 10
7924.0101418344575
 20
356.50552470924225
 10
7935.431577229083
 20
342.2287304659589
 10
7937.334735111258
 20
333.3076778932661
 10
7943.040521135127
 20
327.9585034958884
 10
7945.875986988656
 20
321.75592194129433
 10
7954.321690020424
 20
322.6356826737701
 10
7962.941738664852
 20
339.6961956158687
 10
7971.629189453504
 20
327.93193933956934
 10
7971.629189453504
 20
317.14140911634524
 10
7961.052998977313
 20
307.2262305449166
 10
7959.129298782986
 20
309.02969947709926
 10
7951.529189453503
 20
305.467148228905
 10
7947.719665643981
 20
307.25286251461927
 10
7943.927422114794
 20
305.47524836031346
 10
7935.294874706652
 20
306.37447204866174
 10
7932.434462975856
 20
309.05610804628225
  0
LWPOLYLINE
  5
83
330
17
100
AcDbEntity
  8
K
100
AcDbPolyline
 90
67
 70
1
 10
7860.952998977314
 20
69.01376980455287
 10
7868.57204659636
 20
76.15662694740999
 10
7868.57204659636
 20
81.52587136745693
 10
7874.286332310647
 20
85.0972999388856
 10
7874.286332310647
 20
90.43094850303123
 10
7885.72293621015
 20
106.51367273670797
 10
7887.633208170939
 20
113.67719258966302
 10
7893.347493885224
 20
117.24862116109158
 10
7895.249457737282
 20
124.38098560630917
 10
7899.048237072551
 20
127.94234123312431
 10
7899.048237072551
 20
133.2128376877738
 10
7896.272155925843
 20
135.81541376281348
 10
7892.50384503318
 20
134.04901803187764
 10
7886.7277399436025
 20
134.04901803187764
 10
7884.862522786837
 20
135.79765911634522
 10
7882.997305630073
 20
134.04901803187764
 10
7867.759210391977
 20
134.04901803187764
 10
7861.1529989773135
 20
127.85569483063097
 10
7861.1529989773135
 20
124.28426625920241
 10
7855.438713263027
 20
118.92712340205958
 10
7855.438713263027
 20
113.56998054491673
 10
7849.724427548742
 20
108.21283768777378
 10
7849.724427548742
 20
104.65280184643832
 10
7845.890599248353
 20
99.26148079901608
 10
7842.997305630072
 20
96.54901803187765
 10
7837.162558263416
 20
96.54901803187765
 10
7836.183001990116
 20
101.14068806297027
 10
7843.810141834457
 20
110.07874256805627
 10
7843.810141834457
 20
115.34901803187769
 10
7834.231029672871
 20
122.53335215306672
 10
7836.191094215409
 20
124.37091266169575
 10
7836.191094215409
 20
131.51376980455288
 10
7843.810141834457
 20
138.65662694741
 10
7843.810141834457
 20
143.90977944390838
 10
7835.268863871094
 20
148.35836171649308
 10
7832.303857594382
 20
152.9911840238556
 10
7852.457185926434
 20
153.89088618153644
 10
7860.078343397638
 20
157.46330374616335
 10
7947.759210391976
 20
157.46330374616335
 10
7949.6244275487425
 20
155.71466266169577
 10
7951.489644705508
 20
157.46330374616335
 10
7970.676808501124
 20
157.46330374616335
 10
7970.676808501124
 20
134.04901803187764
 10
7938.173581492877
 20
134.04901803187764
 10
7934.405270600213
 20
135.81541376281348
 10
7932.5211151538815
 20
134.04901803187764
 10
7926.806829439596
 20
134.04901803187764
 10
7924.0101418344575
 20
131.42712340205952
 10
7924.0101418344575
 20
126.06998054491669
 10
7918.295856120172
 20
120.71283768777386
 10
7918.295856120172
 20
117.1528018464385
 10
7906.859252220667
 20
101.07007761276165
 10
7904.951778312584
 20
93.91705045744614
 10
7899.248237072551
 20
88.56998054491672
 10
7899.248237072551
 20
85.00994470358137
 10
7887.811633173048
 20
68.9272204699044
 10
7885.906114243807
 20
61.78152448524865
 10
7874.4863323106465
 20
47.50679706879901
 10
7874.4863323106465
 20
42.14140911634523
 10
7868.761302122107
 20
36.77419331458898
 10
7866.8537421646415
 20
29.62084347409233
 10
7861.1529989773135
 20
26.057878982012618
 10
7861.1529989773135
 20
18.870446603306277
 10
7859.048237072551
 20
18.870446603306277
 10
7859.048237072551
 20
61.870912661695755
 10
7860.952998977314
 20
63.65662694741003
 10
7860.952998977314
 20
69.01376980455287
  0
LWPOLYLINE
  5
84
330
17
100
AcDbEntity
  8
K
100
AcDbPolyline
 90
6
 70
1
 10
7891.4291894535045
 20
510.06364869229594
 10
7894.364755515567
 20
516.4851994530583
 10
7899.248237072551
 20
510.0756299095154
 10
7899.248237072551
 20
504.58473231759194
 10
7891.4291894535045
 20
504.58473231759194
 10
7891.4291894535045
 20
510.06364869229594
  0
LWPOLYLINE
  5
85
330
17
100
AcDbEntity
  8
K
100
AcDbPolyline
 90
16
 70
1
 10
7881.034060687747
 20
521.5296994770994
 10
7873.456225985561
 20
517.9775894604489
 10
7867.666682817424
 20
517.9775894604489
 10
7860.952998977314
 20
527.8682844034685
 10
7860.952998977314
 20
531.4271234020595
 10
7859.047204997884
 20
533.2138052577739
 10
7860.012297723997
 20
573.9286546406263
 10
7860.09583171398
 20
573.9364661394301
 10
7861.145666362415
 20
569.0153662248957
 10
7874.4863323106465
 20
552.9350992337229
 10
7874.4863323106465
 20
545.7912389949563
 10
7885.914903739219
 20
531.5055247092421
 10
7885.914903739219
 20
526.1501711394848
 10
7893.672402212594
 20
517.0593526159994
 10
7884.818684230461
 20
517.9816149058045
 10
7881.034060687747
 20
521.5296994770994
  0
LWPOLYLINE
  5
86
330
17
100
AcDbEntity
  8
K
100
AcDbPolyline
 90
19
 70
1
 10
7819.048237072551
 20
19.013769804552936
 10
7822.005379929695
 20
21.78609123312436
 10
7824.962522786837
 20
19.013769804552936
 10
7824.962522786837
 20
15.472537123216611
 10
7827.693822356055
 20
14.619006007836388
 10
7836.191094215409
 20
22.5851983759815
 10
7836.191094215409
 20
26.148381852099224
 10
7841.9167906545135
 20
33.305502400979734
 10
7843.827593681654
 20
38.67963591481249
 10
7849.524427548742
 20
42.240157081742666
 10
7849.524427548742
 20
49.3709126616958
 10
7852.576466214873
 20
52.23219891119324
 10
7853.534939309531
 20
9.999478177799336
 10
7849.724427548742
 20
6.427123402059531
 10
7849.724427548742
 20
1.0133037461633743
 10
7815.238713263028
 20
1.0133037461633743
 10
7815.238713263028
 20
8.29948409026715
 10
7819.048237072551
 20
11.870912661695709
 10
7819.048237072551
 20
19.013769804552936
  0
LWPOLYLINE
  5
87
330
17
100
AcDbEntity
  8
K
100
AcDbPolyline
 90
10
 70
1
 10
7849.524427548742
 20
552.8629368300325
 10
7836.18318138298
 20
568.9439031905489
 10
7837.162558263416
 20
573.5347323175918
 10
7841.079194085655
 20
573.5347323175918
 10
7850.561916199254
 20
568.2007011286928
 10
7852.481570405886
 20
570.0003769474099
 10
7853.533951358267
 20
569.0137698045529
 10
7853.533951358267
 20
543.8131303717622
 10
7849.524427548742
 20
545.6925946574763
 10
7849.524427548742
 20
552.8629368300325
  0
LWPOLYLINE
  5
88
330
17
100
AcDbEntity
  8
K
100
AcDbPolyline
 90
10
 70
1
 10
7565.719892797922
 20
413.5653033023824
 10
7564.748048174763
 20
421.7652423102803
 10
7571.649525332756
 20
420.84093733376346
 10
7570.705928638452
 20
416.41782782920933
 10
7580.132022978285
 20
418.18522051792803
 10
7583.078591832094
 20
415.42281221748203
 10
7580.17630226407
 20
409.074053787429
 10
7576.304349229227
 20
407.2590758023468
 10
7571.482082023476
 20
408.1632509034253
 10
7565.719892797922
 20
413.5653033023824
  0
LWPOLYLINE
  5
89
330
17
100
AcDbEntity
  8
K
100
AcDbPolyline
 90
44
 70
1
 10
8854.29734711906
 20
143.19601681259752
 10
8856.200322129067
 20
162.82044660330618
 10
8894.346787562652
 20
162.82044660330618
 10
8897.122644217772
 20
165.4228122174819
 10
8891.443381014438
 20
177.84620047477583
 10
8885.71490373922
 20
185.00679706879896
 10
8885.71490373922
 20
188.57822564022752
 10
8874.286332310649
 20
202.86393992594165
 10
8874.286332310649
 20
206.44544660330598
 10
8870.49635324912
 20
213.5516573436701
 10
8864.776429108353
 20
218.91408622563947
 10
8860.964409702132
 20
229.63539080563265
 10
8855.237839441066
 20
236.79360363196477
 10
8856.197739850086
 20
275.4895888704979
 10
8863.057760882077
 20
267.22081351943706
 10
8863.057760882077
 20
261.8709126616957
 10
8868.761302122108
 20
256.5238427491664
 10
8870.667591327436
 20
249.37525822918627
 10
8878.286638946482
 20
240.44668680061488
 10
8880.192146079344
 20
233.3010350523873
 10
8889.710734729064
 20
220.8078874496303
 10
8895.42147351608
 20
208.31564635303124
 10
8899.237492598297
 20
204.73812846345209
 10
8901.14225450306
 20
197.59527132059483
 10
8908.772046596361
 20
190.44234123312432
 10
8908.772046596361
 20
185.08519837598146
 10
8914.475587836394
 20
179.73812846345206
 10
8916.381877041722
 20
172.58954394347214
 10
8924.010141834458
 20
163.65017113948466
 10
8924.010141834458
 20
158.29948409026719
 10
8931.629189453504
 20
151.15662694741005
 10
8931.629189453504
 20
143.91196185486433
 10
8926.771448101927
 20
141.17948234460087
 10
8922.93548625478
 20
142.97758946044914
 10
8909.66397229674
 20
142.97758946044914
 10
8907.758695603623
 20
141.19139256065228
 10
8834.286332310647
 20
142.08594243840756
 10
8834.286332310647
 20
147.506797068799
 10
8828.514653527282
 20
154.72139554800523
 10
8832.405886166749
 20
156.54541084775485
 10
8835.276345087284
 20
162.82453973642697
 10
8849.724427548743
 20
161.92153458258574
 10
8849.724427548743
 20
144.05343923203174
 10
8854.29734711906
 20
143.19601681259752
  0
LWPOLYLINE
  5
8A
330
17
100
AcDbEntity
  8
K
100
AcDbPolyline
 90
28
 70
1
 10
8862.857760882076
 20
354.72805551883846
 10
8868.582791070618
 20
360.09527132059503
 10
8870.487552975379
 20
367.23812846345214
 10
8876.201838689663
 20
372.595271320595
 10
8878.106600594427
 20
379.73812846345214
 10
8882.910653452049
 20
384.241928017473
 10
8892.423467560817
 20
386.02558066286707
 10
8896.239499213701
 20
391.3918751747348
 10
8907.800582548354
 20
391.3918751747348
 10
8908.781623696894
 20
386.79324479095203
 10
8901.152998977315
 20
379.64140911634524
 10
8901.152998977315
 20
376.0782256402274
 10
8895.425331567681
 20
368.9186413781852
 10
8891.612918289347
 20
359.9832977570895
 10
8885.91490373922
 20
354.64140911634513
 10
8885.91490373922
 20
349.2842662592025
 10
8880.189873550678
 20
343.9170504574459
 10
8878.287384174582
 20
336.78271529708223
 10
8868.772046596363
 20
324.29383472566843
 10
8868.772046596363
 20
320.7128376877738
 10
8863.057760882077
 20
315.35569483063097
 10
8863.057760882077
 20
311.7915082586039
 10
8856.200790815163
 20
303.52641041009156
 10
8855.24102354224
 20
329.62008314266734
 10
8851.429189453505
 20
331.40688037176216
 10
8851.429189453505
 20
335.07695328067064
 10
8862.857760882076
 20
349.36266756638514
 10
8862.857760882076
 20
354.72805551883846
  0
LWPOLYLINE
  5
8B
330
17
100
AcDbEntity
  8
K
100
AcDbPolyline
 90
46
 70
1
 10
8788.572046596362
 20
227.9820106606033
 10
8793.38684392824
 20
228.88478516033007
 10
8798.083818238858
 20
233.2881985765366
 10
8796.183455296421
 20
240.41455961068291
 10
8803.810141834458
 20
252.92709221215037
 10
8803.810141834458
 20
256.5258713674569
 10
8809.524427548742
 20
260.09729993888544
 10
8809.524427548742
 20
267.24015708174255
 10
8815.252255789988
 20
270.82004973252003
 10
8817.152692341479
 20
277.9466868006147
 10
8824.771739960526
 20
286.8752582291864
 10
8826.678029165854
 20
294.0238427491665
 10
8832.39231488014
 20
299.3809856063093
 10
8834.297076784902
 20
306.5238427491664
 10
8840.000618024935
 20
311.87091266169574
 10
8840.000618024935
 20
315.4423412331243
 10
8845.71490373922
 20
320.79948409026713
 10
8845.71490373922
 20
324.35684973644476
 10
8848.76803293699
 20
329.1273641079625
 10
8849.725633232392
 20
249.22758946044908
 10
8847.642837812673
 20
249.22758946044908
 10
8845.725648213474
 20
256.417050457446
 10
8840.000618024935
 20
261.78426625920235
 10
8840.000618024935
 20
267.0972323175919
 10
8833.521306972047
 20
267.9649971907464
 10
8832.577511575282
 20
260.0017235305446
 10
8821.152998977315
 20
245.72108278308457
 10
8821.152998977315
 20
238.65662694741007
 10
8824.951778312585
 20
235.09527132059503
 10
8826.856540217346
 20
227.95241417773792
 10
8832.581570405886
 20
222.58519837598135
 10
8832.581570405886
 20
217.22805551883852
 10
8838.29585612017
 20
211.87091266169566
 10
8838.29585612017
 20
208.2994840902671
 10
8844.010141834458
 20
202.94234123312427
 10
8844.010141834458
 20
197.58519837598143
 10
8847.81966564398
 20
194.01376980455288
 10
8847.81966564398
 20
190.29901803187767
 10
8798.12527875185
 20
190.29901803187767
 10
8796.166464857712
 20
195.8081821091432
 10
8799.924607761615
 20
197.5698115953487
 10
8798.102211298119
 20
199.27830827987668
 10
8796.184307745203
 20
211.86455034587814
 10
8799.947033833285
 20
215.3921060534526
 10
8788.572046596362
 20
224.2788148322977
 10
8788.572046596362
 20
227.9820106606033
  0
LWPOLYLINE
  5
8C
330
17
100
AcDbEntity
  8
K
100
AcDbPolyline
 90
7
 70
1
 10
8806.78217699347
 20
209.27212970012133
 10
8811.429189453505
 20
211.8860742088907
 10
8811.429189453505
 20
215.35569483063088
 10
8808.632501848366
 20
217.97758946044908
 10
8804.917249363476
 20
217.97758946044908
 10
8802.134413320593
 20
213.62940814344412
 10
8806.78217699347
 20
209.27212970012133
  0
LWPOLYLINE
  5
8D
330
17
100
AcDbEntity
  8
K
100
AcDbPolyline
 90
49
 70
1
 10
8792.34946217233
 20
343.9836683355927
 10
8796.196684448358
 20
347.5904392193708
 10
8798.091088645491
 20
361.7984706978642
 10
8792.356343647452
 20
368.96690194541236
 10
8799.945573955625
 20
379.63925706628044
 10
8793.412815597669
 20
382.2640260493876
 10
8769.559100465132
 20
383.1585403668577
 10
8763.827381581406
 20
395.69667542500963
 10
8758.095856120171
 20
401.06998054491663
 10
8758.095856120171
 20
406.43357920998477
 10
8750.475844891213
 20
415.3632798689201
 10
8751.435018599112
 20
452.2315192662606
 10
8758.289500942225
 20
445.8054420695928
 10
8759.23904882127
 20
439.57403411335326
 10
8762.98003550937
 20
437.8204466033061
 10
8785.775358991223
 20
437.8204466033061
 10
8787.746484061316
 20
439.6683763565185
 10
8789.684427548742
 20
436.03473231759205
 10
8799.18778182055
 20
436.03473231759205
 10
8800.232726258491
 20
435.0550969070214
 10
8796.435388991093
 20
429.71509137474374
 10
8806.803221397848
 20
423.52973681389625
 10
8812.031401627159
 20
422.5494530209001
 10
8812.023778365488
 20
422.45437489323245
 10
8776.331702242833
 20
421.55001485634057
 10
8773.533951358268
 20
418.92712340205964
 10
8773.533951358268
 20
413.6687285103139
 10
8779.234694545596
 20
410.1057640182343
 10
8781.14225450306
 20
402.9524141777375
 10
8784.948616465323
 20
399.38394983811565
 10
8787.790243012303
 20
391.3918751747348
 10
8846.806829439596
 20
391.3918751747348
 10
8849.745258498762
 20
388.6370979317676
 10
8843.995950273524
 20
376.0604861890612
 10
8838.29585612017
 20
368.9353684973703
 10
8838.29585612017
 20
365.355694830631
 10
8832.581570405886
 20
359.9985519734882
 10
8832.581570405886
 20
356.433579209985
 10
8824.962522786838
 20
347.5050077814134
 10
8824.962522786838
 20
343.92712340205946
 10
8821.135759230365
 20
340.33953256786674
 10
8815.42147351608
 20
327.8395325678668
 10
8809.724427548743
 20
322.4985519734881
 10
8809.724427548743
 20
317.14865111574676
 10
8802.914386045211
 20
308.9401189463109
 10
8800.010139404887
 20
318.92346677243
 10
8794.28087267145
 20
326.085050189224
 10
8796.186136625269
 20
338.5883448861474
 10
8792.34946217233
 20
343.9836683355927
  0
LWPOLYLINE
  5
8E
330
17
100
AcDbEntity
  8
K
100
AcDbPolyline
 90
8
 70
1
 10
8809.524427548742
 20
365.44234123312435
 10
8811.419612352973
 20
367.219076987089
 10
8810.49776357904
 20
371.54024311489366
 10
8802.105379929695
 20
370.6660364847537
 10
8802.105379929695
 20
365.42827830787337
 10
8804.91039001385
 20
361.0454500513821
 10
8809.524427548742
 20
361.9105820891747
 10
8809.524427548742
 20
365.44234123312435
  0
LWPOLYLINE
  5
8F
330
17
100
AcDbEntity
  8
K
100
AcDbPolyline
 90
9
 70
1
 10
8809.724427548743
 20
142.0847323175919
 10
8800.011769994004
 20
142.0847323175919
 10
8798.092859246379
 20
158.2755417506616
 10
8800.039063041297
 20
161.9246738661311
 10
8818.281112794204
 20
162.82477500525482
 10
8819.262434987797
 20
156.3848481098121
 10
8812.526594834104
 20
155.48272666065688
 10
8809.724427548743
 20
152.855694830631
 10
8809.724427548743
 20
142.0847323175919
  0
LWPOLYLINE
  5
90
330
17
100
AcDbEntity
  8
K
100
AcDbPolyline
 90
8
 70
1
 10
8794.486332310647
 20
295.7242304178672
 10
8794.486332310647
 20
292.0847323175918
 10
8792.404742574578
 20
292.0847323175918
 10
8790.466472289909
 20
299.3532458850986
 10
8799.1027825271
 20
309.24901803187754
 10
8801.123576345637
 20
309.24901803187754
 10
8802.117037249887
 20
306.45490923867294
 10
8794.486332310647
 20
295.7242304178672
  0
LWPOLYLINE
  5
91
330
17
100
AcDbEntity
  8
K
100
AcDbPolyline
 90
19
 70
1
 10
8739.071236728498
 20
438.5389564258954
 10
8735.238713263028
 20
440.3354518003336
 10
8735.238713263028
 20
447.4985519734881
 10
8727.61966564398
 20
454.6414091163452
 10
8727.61966564398
 20
458.21283768777374
 10
8723.827908110341
 20
461.767610375562
 10
8716.208860491293
 20
477.83903894699074
 10
8712.335358991222
 20
481.4704466033063
 10
8713.40116520136
 20
482.46963992530954
 10
8724.829736629932
 20
480.68392563959526
 10
8726.727739943604
 20
482.4633037461633
 10
8734.436797276327
 20
482.4633037461633
 10
8743.057760882077
 20
470.78908219671234
 10
8743.057760882077
 20
467.22805551883874
 10
8746.913496106263
 20
463.6133037461633
 10
8744.962522786838
 20
461.7842662592023
 10
8744.962522786838
 20
429.584732317592
 10
8742.891705681373
 20
429.584732317592
 10
8739.071236728498
 20
438.5389564258954
  0
LWPOLYLINE
  5
92
330
17
100
AcDbEntity
  8
K
100
AcDbPolyline
 90
4
 70
1
 10
8684.056353249121
 20
13.613303746163318
 10
8682.857760882076
 20
12.489623402059502
 10
8682.857760882076
 20
14.736984090267136
 10
8684.056353249121
 20
13.613303746163318
  0
LWPOLYLINE
  5
93
330
17
100
AcDbEntity
  8
K
100
AcDbPolyline
 90
15
 70
1
 10
8657.34347516779
 20
15.442341233124267
 10
8660.10965614762
 20
12.849046564533563
 10
8667.728703766668
 20
18.206189421676513
 10
8675.364556550954
 20
11.04757743640783
 10
8681.127904756897
 20
12.848623750764677
 10
8682.113292762124
 20
8.229617476263162
 10
8675.332610294952
 20
0.05647343101100599
 10
8671.477594451795
 20
5.477589460449073
 10
8658.148885049011
 20
5.477589460449073
 10
8651.429189453505
 20
13.577222544318147
 10
8651.429189453505
 20
18.933579209984842
 10
8643.735776202686
 20
27.949297863288148
 10
8646.780127100536
 20
28.90065751886639
 10
8657.34347516779
 20
22.598660092379653
 10
8657.34347516779
 20
15.442341233124267
  0
LWPOLYLINE
  5
94
330
17
100
AcDbEntity
  8
K
100
AcDbPolyline
 90
8
 70
1
 10
8535.249330763623
 20
424.39613264539724
 10
8537.150835905315
 20
435.09209906741063
 10
8540.061073276936
 20
437.8204466033061
 10
8545.889958310067
 20
437.8204466033061
 10
8548.763342407383
 20
427.94318876878225
 10
8552.675387629817
 20
422.44187517473483
 10
8531.080248159544
 20
422.44187517473483
 10
8535.249330763623
 20
424.39613264539724
  0
LWPOLYLINE
  5
95
330
17
100
AcDbEntity
  8
K
100
AcDbPolyline
 90
11
 70
1
 10
9548.572046596362
 20
463.56998054491663
 10
9544.771262843371
 20
467.1332153133464
 10
9543.786558263417
 20
471.74901803187765
 10
9547.69098602134
 20
471.74901803187765
 10
9553.471781452607
 20
475.36201517641916
 10
9555.39871326303
 20
471.74901803187765
 10
9559.174432180895
 20
471.74901803187765
 10
9564.02832554339
 20
469.01870301547297
 10
9561.126437335884
 20
459.0434623021743
 10
9548.572046596362
 20
459.94882701896677
 10
9548.572046596362
 20
463.56998054491663
  0
LWPOLYLINE
  5
96
330
17
100
AcDbEntity
  8
K
100
AcDbPolyline
 90
13
 70
1
 10
9548.753331873664
 20
404.7456005713684
 10
9554.486332310647
 20
399.3709126616957
 10
9554.486332310647
 20
395.79123899495636
 10
9560.277654131793
 20
388.55208671852404
 10
9552.581570405886
 20
386.7483170952645
 10
9552.581570405886
 20
381.51376980455285
 10
9554.502484857223
 20
379.71291250642525
 10
9553.506601342682
 20
376.91199012178555
 10
9542.857760882078
 20
376.0044184916199
 10
9542.857760882078
 20
381.4271234020595
 10
9539.047103769843
 20
384.999614444779
 10
9540.010969235791
 20
422.0481932921593
 10
9548.753331873664
 20
404.7456005713684
  0
LWPOLYLINE
  5
97
330
17
100
AcDbEntity
  8
K
100
AcDbPolyline
 90
18
 70
1
 10
9468.572046596362
 20
417.22805551883846
 10
9471.489644705509
 20
419.9633037461633
 10
9475.308323352332
 20
419.9633037461633
 10
9481.918456898253
 20
424.38973245995004
 10
9483.819359008145
 20
431.51811537204344
 10
9491.429189453505
 20
440.43588542519893
 10
9491.429189453505
 20
444.00731399662754
 10
9499.062253513446
 20
452.9523109418715
 10
9502.871498955974
 20
461.8802299477963
 10
9509.590268981821
 20
469.9787473896654
 10
9512.548273443672
 20
469.05437099533685
 10
9533.533951358268
 20
433.28332909546
 10
9533.533951358268
 20
400.9423189977214
 10
9528.645851488021
 20
403.69187517473483
 10
9475.252797022984
 20
403.69187517473483
 10
9474.294391163507
 20
409.98141362754626
 10
9468.572046596362
 20
413.5578789820126
 10
9468.572046596362
 20
417.22805551883846
  0
LWPOLYLINE
  5
98
330
17
100
AcDbEntity
  8
K
100
AcDbPolyline
 90
8
 70
1
 10
9511.489792529213
 20
434.03988847984743
 10
9506.842239441956
 20
433.1684722759864
 10
9504.948616465324
 20
427.84265765421105
 10
9499.294448487217
 20
422.54187517473486
 10
9502.042574677263
 20
419.9655068715645
 10
9518.095856120171
 20
420.8507981276074
 10
9518.095856120171
 20
426.07722254431826
 10
9511.489792529213
 20
434.03988847984743
  0
LWPOLYLINE
  5
99
330
17
100
AcDbEntity
  8
K
100
AcDbPolyline
 90
8
 70
1
 10
9514.498370191961
 20
20.788198576536576
 10
9512.57082593163
 20
13.559907600303234
 10
9509.634832855618
 20
10.80741409154018
 10
9502.881310832463
 20
15.329861874902594
 10
9499.023944378776
 20
22.56242397556596
 10
9500.061073276936
 20
23.534732317591956
 10
9511.568734201503
 20
23.534732317591956
 10
9514.498370191961
 20
20.788198576536576
  0
LWPOLYLINE
  5
9A
330
17
100
AcDbEntity
  8
K
100
AcDbPolyline
 90
20
 70
1
 10
9445.651705041366
 20
454.6688067396002
 10
9451.429189453505
 20
460.0851983759814
 10
9451.429189453505
 20
463.64838185209925
 10
9457.14347516779
 20
470.7912389949566
 10
9457.14347516779
 20
474.3613441952298
 10
9461.965108498845
 20
480.6897379422391
 10
9469.613431827698
 20
478.89716216203914
 10
9477.262413457356
 20
482.4826223009416
 10
9482.151591344358
 20
477.89901803187774
 10
9478.276311372176
 20
474.265943057956
 10
9472.581570405886
 20
463.5883037461631
 10
9472.581570405886
 20
459.9783089431907
 10
9468.75666774253
 20
458.18538581974235
 10
9466.856540217346
 20
451.05990760030335
 10
9461.152998977313
 20
445.7128376877738
 10
9461.152998977313
 20
442.14140911634524
 10
9458.231751001393
 20
439.4027391389187
 10
9447.582019365314
 20
440.31038672153863
 10
9451.408048038942
 20
451.071092366114
 10
9445.651705041366
 20
454.6688067396002
  0
LWPOLYLINE
  5
9B
330
17
100
AcDbEntity
  8
K
100
AcDbPolyline
 90
45
 70
1
 10
10668.613781998607
 20
327.804546189877
 10
10660.15718674699
 20
328.68544152858726
 10
10658.255856120173
 20
325.1204466033063
 10
10654.32633231065
 20
325.1204466033063
 10
10652.421570405888
 20
328.69187517473483
 10
10639.06732016818
 20
328.69187517473483
 10
10638.08627901964
 20
333.29050555851745
 10
10640.000618024935
 20
335.0851983759814
 10
10640.000618024935
 20
342.22805551883874
 10
10643.81014183446
 20
345.7994840902673
 10
10643.81014183446
 20
349.3795219916621
 10
10651.455571714123
 20
354.75521487580073
 10
10654.33160573401
 20
359.2490180318776
 10
10665.775358991224
 20
359.2490180318776
 10
10668.591591344359
 20
361.8892358629423
 10
10670.478835586486
 20
365.42781881693054
 10
10671.437058525735
 20
377.1061608890206
 10
10686.857185304792
 20
377.1061608890206
 10
10688.763955889599
 20
359.2301866564603
 10
10696.358013916632
 20
357.4503293063741
 10
10698.268431244407
 20
353.86829681679353
 10
10701.976500293687
 20
352.1301394499442
 10
10707.671603159233
 20
359.2490180318776
 10
10711.568734201503
 20
359.2490180318776
 10
10713.452889647835
 20
357.4826223009416
 10
10717.262413457358
 20
359.2683365866559
 10
10719.18778182055
 20
357.4633037461633
 10
10724.92252278684
 20
357.4633037461633
 10
10726.832918689395
 20
353.88131142887426
 10
10731.60414420386
 20
352.9867066449118
 10
10733.549259253692
 20
347.5160705672607
 10
10707.761289839244
 20
321.5490180318777
 10
10705.854448487218
 20
321.5490180318777
 10
10697.317959257216
 20
313.5460593787517
 10
10692.531097822863
 20
307.2633037461633
 10
10690.616353249123
 20
307.2633037461633
 10
10680.18671170342
 20
297.4855147970682
 10
10679.213822479114
 20
294.7492638537076
 10
10674.286332310649
 20
295.673168260295
 10
10674.286332310649
 20
299.29832918445345
 10
10668.572046596364
 20
308.22690061302484
 10
10668.572046596364
 20
313.668728510314
 10
10674.286332310649
 20
317.24015708174255
 10
10674.286332310649
 20
318.9411863273105
 10
10668.613781998607
 20
327.804546189877
  0
LWPOLYLINE
  5
9C
330
17
100
AcDbEntity
  8
K
100
AcDbPolyline
 90
170
 70
1
 10
10035.251495055905
 20
542.9861336194245
 10
10034.282471531355
 20
549.3453504992729
 10
10036.214076642047
 20
552.9671100818184
 10
10043.81014183446
 20
558.3080934202335
 10
10043.81014183446
 20
560.0851983759815
 10
10053.344695832524
 20
569.0238427491662
 10
10055.249457737284
 20
576.1666998920233
 10
10066.6672846916
 20
586.8709126616957
 10
10066.6672846916
 20
588.6868228375025
 10
10069.572740972893
 20
589.5947779254058
 10
10081.905379929698
 20
601.1566269474099
 10
10081.905379929698
 20
602.9423412331244
 10
10088.608779737553
 20
609.2267785529896
 10
10111.4621674659
 20
625.2955667994827
 10
10120.999317498523
 20
636.0248605861841
 10
10128.623174296186
 20
637.8117020231367
 10
10134.334645734796
 20
643.1662064968341
 10
10140.031670243392
 20
644.9465266557702
 10
10141.928362356331
 20
648.5028243675328
 10
10149.574064670156
 20
653.8787088069412
 10
10157.221200540498
 20
657.4633037461633
 10
10161.001403975608
 20
657.4633037461633
 10
10164.800546668152
 20
662.8058481575553
 10
10176.246355809333
 20
666.3826635141744
 10
10183.871683888705
 20
671.7442223199831
 10
10195.273964662087
 20
673.525828690824
 10
10197.168987357081
 20
677.0789962439374
 10
10206.741089583262
 20
682.4633037461634
 10
10218.17358149288
 20
682.4633037461634
 10
10221.95605435773
 20
684.2363379015618
 10
10228.588910647533
 20
688.677982738484
 10
10229.551577762388
 20
691.3854839990138
 10
10248.647598054687
 20
693.1757359014169
 10
10265.79490373922
 20
700.3204466033063
 10
10288.632501848368
 20
700.3204466033063
 10
10290.537263753129
 20
702.1061608890203
 10
10294.32633231065
 20
702.1061608890203
 10
10296.23109421541
 20
705.6775894604489
 10
10307.680120895986
 20
705.6775894604489
 10
10309.584882800747
 20
707.4633037461634
 10
10317.203930419795
 20
707.4633037461634
 10
10319.108692324557
 20
709.2490180318774
 10
10389.642561006922
 20
709.2490180318774
 10
10399.166370530731
 20
705.6775894604489
 10
10410.636808501125
 20
705.6775894604489
 10
10412.541570405887
 20
702.1061608890203
 10
10418.23540086817
 20
702.1061608890203
 10
10420.140162772932
 20
700.3204466033063
 10
10441.07527360461
 20
700.3204466033063
 10
10452.509323443817
 20
694.9607357411777
 10
10467.764025442351
 20
693.1730753507247
 10
10469.663972296741
 20
691.3918751747347
 10
10477.303475167791
 20
691.3918751747347
 10
10479.219326701246
 20
687.7996535495078
 10
10492.500908434016
 20
682.4633037461634
 10
10500.126813133276
 20
682.4633037461634
 10
10509.698915359457
 20
677.0789962439374
 10
10511.59393805445
 20
673.525828690824
 10
10522.993411915722
 20
671.7446608999999
 10
10534.415011933292
 20
664.6061608890204
 10
10538.24745112188
 20
664.6061608890204
 10
10542.068484546755
 20
659.2328326352922
 10
10557.290512261274
 20
653.881338516907
 10
10565.889002603013
 20
647.6116059760558
 10
10568.74068115129
 20
643.155858244371
 10
10583.97367703368
 20
636.0153914245009
 10
10589.689713095313
 20
628.8703463474613
 10
10603.020038703558
 20
621.729100485901
 10
10614.441922364957
 20
609.2364152312451
 10
10620.156208079243
 20
607.4507009455309
 10
10631.573256947237
 20
594.9633037461633
 10
10633.473496106264
 20
594.9633037461633
 10
10640.200618024934
 20
588.6566269474101
 10
10640.200618024934
 20
586.8709126616957
 10
10653.523206884014
 20
574.380985606309
 10
10655.42596966055
 20
567.2456251942987
 10
10663.057760882077
 20
561.879521991662
 10
10663.057760882077
 20
554.6017396888664
 10
10658.159597628433
 20
553.6833340788082
 10
10646.704293495695
 20
566.2125729739903
 10
10637.168987357081
 20
571.5761826769609
 10
10635.278713263031
 20
575.1204466033063
 10
10631.48964470551
 20
575.1204466033063
 10
10625.76108479801
 20
580.4909715165857
 10
10616.23020500499
 20
584.0650514389692
 10
10610.521904522575
 20
591.2004270419874
 10
10601.005891547287
 20
592.9846794748538
 10
10595.29281264336
 20
598.340690947286
 10
10583.845393233516
 20
600.1293502300741
 10
10581.929719741018
 20
603.7212380285088
 10
10576.254106477298
 20
607.2684963183342
 10
10557.212546802215
 20
610.838788757412
 10
10545.742328614984
 20
616.2154535326762
 10
10543.850141834459
 20
619.7633037461635
 10
10524.845945738862
 20
619.7633037461635
 10
10503.89356478648
 20
626.9061608890206
 10
10481.01345422932
 20
626.9061608890206
 10
10479.108692324557
 20
628.6918751747347
 10
10431.568734201504
 20
628.6918751747347
 10
10429.663972296741
 20
626.9061608890206
 10
10410.616353249121
 20
626.9061608890206
 10
10408.711591344361
 20
625.1204466033062
 10
10401.030724350023
 20
625.1204466033062
 10
10389.551852424509
 20
630.5011678183904
 10
10387.647090519748
 20
634.072596389819
 10
10383.914305244783
 20
635.822339487458
 10
10379.229910005872
 20
633.1873671655698
 10
10378.266433488496
 20
630.4775894604492
 10
10368.583198565433
 20
630.4775894604492
 10
10367.626901530486
 20
638.546345692821
 10
10363.822709121521
 20
640.3295608845231
 10
10362.876843977703
 20
644.7633037461634
 10
10351.469189453506
 20
644.7633037461634
 10
10349.564427548745
 20
648.3347323175919
 10
10340.078343397641
 20
648.3347323175919
 10
10332.483903975086
 20
651.8946257969142
 10
10324.0052928507
 20
647.4786825029627
 10
10323.04989180985
 20
635.8347323175918
 10
10317.221200540498
 20
635.8347323175918
 10
10309.6312696357
 20
639.3925124292163
 10
10303.9388214571
 20
635.8347323175918
 10
10292.538550812009
 20
635.8347323175918
 10
10287.819665643983
 20
627.8716135965467
 10
10287.819665643983
 20
620.6631127332525
 10
10275.392902530059
 20
619.7669519317678
 10
10271.580784455216
 20
614.4061608890205
 10
10261.957317444947
 20
614.4061608890205
 10
10256.243031730663
 20
621.5490180318776
 10
10244.933100155162
 20
621.5490180318776
 10
10243.03370327557
 20
616.2069643080251
 10
10235.379241230241
 20
614.4129497661509
 10
10228.772046596363
 20
609.9884890738222
 10
10228.772046596363
 20
604.6509775828112
 10
10223.959669251433
 20
598.3347323175919
 10
10212.43350792114
 20
598.3347323175919
 10
10206.70374949238
 20
605.4969303535399
 10
10202.966465394778
 20
607.248782274291
 10
10196.374230164241
 20
602.8343390395571
 10
10195.40070678529
 20
600.0963045362605
 10
10192.40407850306
 20
601.0327508744576
 10
10191.454917262907
 20
603.7022668623863
 10
10180.14966351373
 20
605.4687127606953
 10
10177.357084179408
 20
601.1053075508163
 10
10183.06246219216
 20
588.6247931479209
 10
10182.076915785738
 20
584.0050443678145
 10
10178.17358149288
 20
585.8347323175919
 10
10170.516808501125
 20
585.8347323175919
 10
10168.612046596363
 20
589.4061608890205
 10
10161.112998977316
 20
589.4061608890205
 10
10159.208237072555
 20
585.8347323175919
 10
10153.473496106266
 20
585.8347323175919
 10
10151.529189453508
 20
584.0119448306308
 10
10149.58488280075
 20
585.8347323175919
 10
10142.044924677693
 20
585.8347323175919
 10
10138.195856120174
 20
582.2262305449167
 10
10136.251549467415
 20
584.0490180318775
 10
10111.596252217138
 20
584.0490180318775
 10
10106.851546215006
 20
572.4837971516804
 10
10103.929080124026
 20
569.7439851913849
 10
10100.078343397641
 20
571.5490180318777
 10
10092.521115153884
 20
571.5490180318777
 10
10090.621168299494
 20
569.7678178558878
 10
10075.421555231736
 20
567.9866131995101
 10
10074.495909411182
 20
563.6476484156603
 10
10076.39109421541
 20
561.8709126616958
 10
10076.39109421541
 20
556.4271234020596
 10
10073.473496106266
 20
553.691875174735
 10
10060.156777525292
 20
553.691875174735
 10
10052.534066993927
 20
541.1858657092138
 10
10035.251495055905
 20
542.9861336194245
  0
LWPOLYLINE
  5
9D
330
17
100
AcDbEntity
  8
K
100
AcDbPolyline
 90
14
 70
1
 10
10549.57538205995
 20
376.89728418926694
 10
10546.6672846916
 20
381.4411863273103
 10
10546.6672846916
 20
386.8709126616957
 10
10549.584882800747
 20
389.60616088902054
 10
10559.18778182055
 20
389.60616088902054
 10
10561.026180559982
 20
387.88266207080414
 10
10562.897760882077
 20
391.3918751747348
 10
10576.313368842704
 20
391.3918751747348
 10
10580.196203116644
 20
389.5717966088262
 10
10581.157240742814
 20
376.05720499081383
 10
10576.313282907746
 20
373.33247870858844
 10
10565.771829881756
 20
374.2308980005761
 10
10561.02021282041
 20
378.68553899558844
 10
10549.57538205995
 20
376.89728418926694
  0
LWPOLYLINE
  5
9E
330
17
100
AcDbEntity
  8
K
100
AcDbPolyline
 90
12
 70
1
 10
10505.006485730974
 20
183.28010751841506
 10
10500.158398773547
 20
176.91699338679146
 10
10492.523245426748
 20
175.12750432113566
 10
10484.88554302823
 20
169.75724482217726
 10
10480.034984027143
 20
170.66672463488098
 10
10478.0944438124
 20
174.30523753752303
 10
10479.06039805346
 20
191.51129745638295
 10
10481.092543725312
 20
189.6061608890205
 10
10492.521115153884
 20
189.6061608890205
 10
10494.425877058646
 20
187.8204466033062
 10
10498.226246030868
 20
187.8204466033062
 10
10505.006485730974
 20
183.28010751841506
  0
LWPOLYLINE
  5
9F
330
17
100
AcDbEntity
  8
K
100
AcDbPolyline
 90
10
 70
1
 10
10430.80896788012
 20
367.2653085341527
 10
10428.772046596363
 20
365.355694830631
 10
10428.772046596363
 20
360.0851983759815
 10
10430.72301991579
 20
358.2561608890206
 10
10428.772046596363
 20
356.42712340205964
 10
10428.772046596363
 20
352.71859326772693
 10
10417.167814979113
 20
359.9712380285088
 10
10415.214420569253
 20
363.63385254699455
 10
10420.064723143714
 20
368.18101121055093
 10
10430.80896788012
 20
367.2653085341527
  0
LWPOLYLINE
  5
A0
330
17
100
AcDbEntity
  8
K
100
AcDbPolyline
 90
24
 70
1
 10
10118.095856120173
 20
179.6414091163453
 10
10118.095856120173
 20
188.6717884946052
 10
10122.972653183948
 20
191.4149868429784
 10
10124.902067534837
 20
189.6061608890205
 10
10134.41252741899
 20
189.6061608890205
 10
10139.248237072554
 20
186.88607420889093
 10
10139.248237072554
 20
177.8383508724799
 10
10130.60128944717
 20
173.3347323175919
 10
10126.806829439598
 20
173.3347323175919
 10
10124.006036654635
 20
170.70898908168908
 10
10123.049718750934
 20
160.84696069977954
 10
10098.241286382528
 20
157.26882141587484
 10
10093.533951358268
 20
152.855694830631
 10
10093.533951358268
 20
149.28426625920244
 10
10090.606933557325
 20
146.54018707081784
 10
10078.095856120173
 20
149.246910554817
 10
10078.095856120173
 20
158.3160350331224
 10
10091.437867183442
 20
165.4635409598737
 10
10092.395654165843
 20
171.7490180318776
 10
10105.837178366515
 20
171.7490180318776
 10
10109.62874302694
 20
169.97172209730326
 10
10119.061860738077
 20
173.5091412389792
 10
10119.991040924402
 20
177.86467336238064
 10
10118.095856120173
 20
179.6414091163453
  0
LWPOLYLINE
  5
A1
330
17
100
AcDbEntity
  8
K
100
AcDbPolyline
 90
5
 70
1
 10
10093.327682212663
 20
345.6715521008923
 10
10094.293684485287
 20
359.255959059667
 10
10106.880449500672
 20
358.3482596595192
 10
10104.948129181013
 20
343.855857262087
 10
10093.327682212663
 20
345.6715521008923
  0
LWPOLYLINE
  5
A2
330
17
100
AcDbEntity
  8
K
100
AcDbPolyline
 90
8
 70
1
 10
10106.867284691602
 20
308.15616088902055
 10
10097.228214075507
 20
308.15616088902055
 10
10091.429189453507
 20
309.9683560833958
 10
10091.429189453507
 20
324.41942926044686
 10
10101.94272534176
 20
325.3154692509231
 10
10103.902290278384
 20
328.9896535070961
 10
10106.867284691602
 20
324.35684973644476
 10
10106.867284691602
 20
308.15616088902055
  0
LWPOLYLINE
  5
A3
330
17
100
AcDbEntity
  8
K
100
AcDbPolyline
 90
14
 70
1
 10
10079.119557449912
 20
348.53473231759193
 10
10082.988150792775
 20
348.53473231759193
 10
10089.724427548745
 20
344.02383270421876
 10
10089.724427548745
 20
340.37401803187737
 10
10085.914903739222
 20
333.23116088902026
 10
10085.914903739222
 20
329.6017396888663
 10
10081.118632975109
 20
328.70243892059534
 10
10079.148237072553
 20
325.0079466033061
 10
10077.17846383398
 20
328.70127142563246
 10
10060.899179644384
 20
331.39453535405806
 10
10064.766240050778
 20
338.64527361604644
 10
10065.728987499177
 20
344.9633037461634
 10
10073.405271735626
 20
344.9633037461634
 10
10079.119557449912
 20
348.53473231759193
  0
LWPOLYLINE
  5
A4
330
17
100
AcDbEntity
  8
K
100
AcDbPolyline
 90
7
 70
1
 10
10020.025563454088
 20
203.89187517473485
 10
10031.586169859629
 20
203.89187517473485
 10
10036.39109421541
 20
195.78356532435149
 10
10036.39109421541
 20
190.35569483063097
 10
10029.629876052259
 20
184.0170528026759
 10
10017.128686778304
 20
193.93386160172753
 10
10020.025563454088
 20
203.89187517473485
  0
LWPOLYLINE
  5
A5
330
17
100
AcDbEntity
  8
K
100
AcDbPolyline
 90
12
 70
1
 10
10030.66290217961
 20
106.41408622563941
 10
10023.966956703158
 20
100.13663734146438
 10
10020.107878364397
 20
98.32769437017086
 10
10017.143475167792
 20
99.25407036911005
 10
10017.143475167792
 20
102.85569483063095
 10
10013.344695832522
 20
106.4170504574461
 10
10011.40328671983
 20
113.69733463004594
 10
10018.150831691955
 20
114.60102368881276
 10
10020.061073276938
 20
116.39187517473482
 10
10027.75921039198
 20
116.39187517473482
 10
10032.597722952461
 20
111.85576964928245
 10
10030.66290217961
 20
106.41408622563941
  0
LWPOLYLINE
  5
A6
330
17
100
AcDbEntity
  8
K
100
AcDbPolyline
 90
12
 70
1
 10
10010.631535077764
 20
160.83473231759194
 10
9997.265749795088
 20
160.83473231759194
 10
9989.577504969498
 20
157.23086755559746
 10
9984.78510418085
 20
167.11519418218478
 10
9978.985038374698
 20
170.74023531102878
 10
9980.055593596717
 20
171.7438808316698
 10
9993.449794586904
 20
173.53774703571278
 10
9997.224536878226
 20
171.76833658665592
 10
10002.918216134081
 20
177.10616088902043
 10
10016.330638963409
 20
177.10616088902043
 10
10019.277270463452
 20
174.34369385772985
 10
10010.631535077764
 20
160.83473231759194
  0
LWPOLYLINE
  5
A7
330
17
100
AcDbEntity
  8
K
100
AcDbPolyline
 90
16
 70
1
 10
9983.824225594415
 20
382.2633037461632
 10
9978.135856120174
 20
382.2633037461632
 10
9976.23109421541
 20
385.8347323175918
 10
9972.44202565789
 20
385.8347323175918
 10
9965.734448487217
 20
392.1230859150987
 10
9963.791708976489
 20
395.7657224977148
 10
9968.622519179387
 20
402.1061608890205
 10
9983.949686582455
 20
402.1061608890205
 10
9986.867284691602
 20
399.3709126616957
 10
9986.867284691602
 20
393.9997068793021
 10
9989.679154125382
 20
389.60616088902054
 10
9997.283019915789
 20
389.60616088902054
 10
10002.109660848955
 20
385.08118501417766
 10
10001.143273577774
 20
375.1153162801352
 10
9984.775901792726
 20
376.0179286947519
 10
9983.824225594415
 20
382.2633037461632
  0
LWPOLYLINE
  5
A8
330
17
100
AcDbEntity
  8
K
100
AcDbPolyline
 90
153
 70
1
 10
11393.481058788297
 20
212.62753661771094
 10
11383.949904069585
 20
210.84044510795275
 10
11376.203894652863
 20
205.3940322368196
 10
11375.244438780635
 20
218.8863804400295
 10
11370.66953045737
 20
219.74417575064186
 10
11369.721012653006
 20
204.6271732436048
 10
11363.978621791739
 20
201.0381789553124
 10
11359.206017821165
 20
194.77413624393435
 10
11351.572418805876
 20
192.98501147472592
 10
11342.03871326303
 20
185.83473231759194
 10
11334.364057683353
 20
185.83473231759194
 10
11322.935486254783
 20
191.1918751747348
 10
11313.340809948708
 20
191.1918751747348
 10
11312.379778966077
 20
204.70637336794962
 10
11314.320698312857
 20
208.34559714315992
 10
11319.179642025907
 20
209.25664908935693
 10
11322.980826142595
 20
205.69303897995994
 10
11332.389433325063
 20
209.2212666733847
 10
11333.340781318619
 20
217.24826536902452
 10
11346.667284691603
 20
224.3874636045512
 10
11346.667284691603
 20
229.7280555188387
 10
11349.575555248566
 20
232.45455916599377
 10
11357.194602867616
 20
234.24027345170805
 10
11360.006208257884
 20
236.87615350508528
 10
11361.899458685399
 20
251.07553171144647
 10
11360.000618024935
 20
252.85569483063097
 10
11360.000618024935
 20
261.8709126616957
 10
11363.802196242787
 20
265.4348922409316
 10
11361.899584343528
 20
276.13708417426574
 10
11365.696283129628
 20
281.47619184221986
 10
11359.086084005265
 20
292.98502067481826
 10
11352.398469670992
 20
293.8806833088726
 10
11349.54351064437
 20
307.2633037461633
 10
11345.837178366513
 20
307.2633037461633
 10
11338.189014033218
 20
303.6782267149306
 10
11332.452890783246
 20
307.2633037461633
 10
11320.978934275381
 20
307.2633037461633
 10
11317.169410465858
 20
319.7633037461632
 10
11298.148885049013
 20
319.7633037461632
 10
11291.434510550464
 20
327.856523007808
 10
11290.48943631845
 20
334.05857265538805
 10
11275.355365085788
 20
335.83209662796565
 10
11271.50339821627
 20
334.02648715787853
 10
11262.857760882078
 20
343.9329466033062
 10
11262.857760882078
 20
347.58519837598135
 10
11264.716311372176
 20
349.3275894604492
 10
11262.857760882078
 20
351.0699805449166
 10
11262.857760882078
 20
356.57044660330627
 10
11264.943439691213
 20
356.57044660330627
 10
11265.895820643595
 20
352.1061608890205
 10
11269.54351064437
 20
352.1061608890205
 10
11271.448272549133
 20
361.0347323175919
 10
11281.024319354674
 20
361.0347323175919
 10
11286.735765328021
 20
364.6043860509335
 10
11315.37559134214
 20
366.39437517681586
 10
11318.295856120172
 20
363.6566269474101
 10
11318.295856120172
 20
351.0699805449166
 10
11316.437305630076
 20
349.3275894604492
 10
11318.295856120172
 20
347.58519837598135
 10
11318.295856120172
 20
336.91058208917457
 10
11332.569740240644
 20
334.2342288165866
 10
11333.527596180322
 20
327.94829921244997
 10
11336.342780791263
 20
325.3090636396915
 10
11341.974496566194
 20
323.54915246002594
 10
11353.394713563486
 20
336.040014800815
 10
11368.77033612083
 20
334.2381840323761
 10
11369.722830993554
 20
285.1251671575586
 10
11374.288561812526
 20
284.26909262900136
 10
11375.23952064609
 20
335.08595529759987
 10
11377.143475167792
 20
336.8709126616957
 10
11377.143475167792
 20
351.1835482512672
 10
11389.55430328545
 20
355.6586064667683
 10
11393.373951358268
 20
362.82044660330615
 10
11401.026803868976
 20
362.82044660330615
 10
11405.71490373922
 20
365.45750278031943
 10
11405.71490373922
 20
377.84053328343595
 10
11401.026803868976
 20
380.47758946044917
 10
11389.684427548744
 20
380.47758946044917
 10
11387.746484061317
 20
376.8439454215228
 10
11385.775358991224
 20
378.69187517473466
 10
11376.319773838051
 20
378.69187517473466
 10
11370.572498500866
 20
375.0998280889931
 10
11361.891102960712
 20
381.4300123370214
 10
11363.820886308713
 20
388.66669989202353
 10
11369.53178828627
 20
394.020670495982
 10
11371.43548787298
 20
404.7289806712345
 10
11379.055723480822
 20
413.6589442741748
 10
11380.959875050065
 20
422.5846547549993
 10
11385.765376322246
 20
428.8918751747347
 10
11389.669334155176
 20
428.8918751747347
 10
11399.211855177075
 20
418.15653902509774
 10
11403.98251488947
 20
415.47304293687483
 10
11408.737294837398
 20
407.4493517747478
 10
11421.995990941812
 20
403.8979153182084
 10
11429.655059690913
 20
407.48810379434866
 10
11439.197764489529
 20
394.9633037461634
 10
11442.897760882077
 20
394.9633037461634
 10
11444.802522786838
 20
398.53473231759193
 10
11446.845654340654
 20
398.53473231759193
 10
11449.714444668114
 20
386.88027161228575
 10
11462.062194798396
 20
375.3042558651477
 10
11465.837178366515
 20
373.53473231759205
 10
11475.367392885672
 20
373.53473231759205
 10
11481.081678599956
 20
369.96330374616326
 10
11486.822011268237
 20
369.96330374616326
 10
11489.724427548745
 20
365.4282783078736
 10
11489.724427548745
 20
356.44544660330615
 10
11487.800120895987
 20
352.83737162938456
 10
11484.902067534837
 20
350.1204466033062
 10
11475.37264880695
 20
350.1204466033062
 10
11464.96252278684
 20
342.1354067583359
 10
11464.96252278684
 20
336.7842662592023
 10
11461.152998977315
 20
333.21283768777374
 10
11461.152998977315
 20
327.8556948306309
 10
11459.257814173086
 20
326.0789590766663
 10
11460.181534929308
 20
321.7490180318777
 10
11473.473496106264
 20
321.7490180318777
 10
11475.378258011027
 20
319.9633037461632
 10
11479.108692324557
 20
319.9633037461632
 10
11481.01345422932
 20
321.7490180318777
 10
11486.814255762763
 20
321.7490180318777
 10
11493.533951358268
 20
313.64938494800856
 10
11493.533951358268
 20
309.98645041058415
 10
11487.819665643983
 20
306.4150218391556
 10
11487.819665643983
 20
302.92401803187784
 10
11493.608757087792
 20
292.06947157473684
 10
11482.914687024613
 20
292.980898000576
 10
11481.02715568939
 20
294.75045862734737
 10
11478.295856120174
 20
293.89692751196725
 10
11478.295856120174
 20
277.9846063740069
 10
11489.724427548745
 20
276.1988920882926
 10
11489.724427548745
 20
269.01376980455285
 10
11491.629189453506
 20
267.2280555188386
 10
11491.629189453506
 20
243.99088847995498
 10
11495.441859054125
 20
235.05494410350425
 10
11491.620704549649
 20
209.97861766787273
 10
11486.764598362584
 20
207.24705793764898
 10
11481.03055693514
 20
210.83083382980072
 10
11474.498663746115
 20
209.95602670627022
 10
11476.380343434868
 20
195.8434290406097
 10
11487.844930977622
 20
194.05208723705414
 10
11485.904159264965
 20
186.774193314589
 10
11482.985593268057
 20
184.03803769248594
 10
11469.574329253983
 20
187.63034055339855
 10
11463.86303440443
 20
192.98467947485375
 10
11454.333189692647
 20
194.7715253583131
 10
11446.714142073599
 20
203.70009678688461
 10
11437.20212872997
 20
205.483599288815
 10
11427.68633231065
 20
212.62044660330625
 10
11420.061073276938
 20
212.62044660330625
 10
11412.44202565789
 20
219.7633037461634
 10
11401.092543725312
 20
219.7633037461634
 10
11393.481058788297
 20
212.62753661771094
  0
LWPOLYLINE
  5
A9
330
17
100
AcDbEntity
  8
K
100
AcDbPolyline
 90
5
 70
1
 10
11426.665869685206
 20
244.05317391833282
 10
11425.716923083162
 20
300.10033260156956
 10
11421.154413983711
 20
299.2448621454226
 10
11422.103360585756
 20
243.19770346218561
 10
11426.665869685206
 20
244.05317391833282
  0
LWPOLYLINE
  5
AA
330
17
100
AcDbEntity
  8
K
100
AcDbPolyline
 90
5
 70
1
 10
11422.100369971373
 20
352.1257141505604
 10
11426.663681517335
 20
352.98133506542837
 10
11425.719913697545
 20
375.1008933417662
 10
11421.156602151581
 20
374.2452724268984
 10
11422.100369971373
 20
352.1257141505604
  0
LWPOLYLINE
  5
AB
330
17
100
AcDbEntity
  8
K
100
AcDbPolyline
 90
5
 70
1
 10
11425.723110164256
 20
334.03006410784633
 10
11421.159072219469
 20
333.1743069931986
 10
11422.09717350466
 20
319.9822576701946
 10
11426.661211449447
 20
320.8380147848423
 10
11425.723110164256
 20
334.03006410784633
  0
LWPOLYLINE
  5
AC
330
17
100
AcDbEntity
  8
K
100
AcDbPolyline
 90
43
 70
1
 10
11399.122041964214
 20
28.891875174734793
 10
11403.839366306904
 20
31.545370117498916
 10
11406.703958315884
 20
36.0212951315293
 10
11420.056077773685
 20
39.59775570058311
 10
11429.591094215411
 20
46.74901803187759
 10
11435.299168515034
 20
46.74901803187759
 10
11442.9088885819
 20
53.88313059456551
 10
11450.520322848693
 20
55.667060500845025
 10
11456.232097933174
 20
62.8067793564463
 10
11461.953693353846
 20
64.59477792540558
 10
11473.372676359562
 20
75.30007449326514
 10
11479.134204354888
 20
78.90102949034438
 10
11482.105379929697
 20
77.97253712321661
 10
11482.105379929697
 20
70.71283768777381
 10
11476.377187893897
 20
65.34265765421088
 10
11474.472916777599
 20
59.98689513962441
 10
11441.106084523813
 20
26.91798103096199
 10
11435.336859929934
 20
25.115098345374175
 10
11420.181297871977
 20
30.443225631373917
 10
11419.252097851848
 20
24.34535049927289
 10
11421.195602970996
 20
20.701278400868773
 10
11408.674324353957
 20
16.1863942841477
 10
11402.913022476
 20
17.986801121009254
 10
11395.430169153617
 20
23.248182363309834
 10
11394.484344160046
 20
2.8538309394412487
 10
11391.544081755375
 20
0.09733493506258739
 10
11386.700258043149
 20
2.821985773189928
 10
11381.982851609906
 20
9.013581716820429
 10
11375.421849211862
 20
4.620053325271267
 10
11374.461287061005
 20
1.9184722759864048
 10
11369.611172534926
 20
1.0090758023466595
 10
11365.742328614984
 20
2.8225963898186324
 10
11363.810141834458
 20
6.44544660330626
 10
11363.810141834458
 20
15.428278307873299
 10
11366.724222726452
 20
19.981529701611823
 10
11369.724427548745
 20
19.04396569464528
 10
11369.724427548745
 20
8.339153517746055
 10
11374.28633231065
 20
7.48379637488894
 10
11374.28633231065
 20
21.749018031877675
 10
11378.156311372177
 20
21.749018031877675
 10
11381.951560988487
 20
25.307064547169244
 10
11391.511055995328
 20
28.891875174734793
 10
11399.122041964214
 20
28.891875174734793
  0
LWPOLYLINE
  5
AD
330
17
100
AcDbEntity
  8
K
100
AcDbPolyline
 90
22
 70
1
 10
11080.257118679385
 20
99.31794329814947
 10
11071.561776273395
 20
92.9775894604491
 10
11065.854448487216
 20
92.9775894604491
 10
11063.949686582457
 20
91.19187517473482
 10
11054.364057683355
 20
91.19187517473482
 10
11050.630304756725
 20
92.94207185909231
 10
11044.916019042439
 20
78.65635757337807
 10
11041.030724350021
 20
80.47758946044914
 10
11033.473496106264
 20
80.47758946044914
 10
11031.564260298606
 20
78.68768089077017
 10
11022.857760882078
 20
79.59460791332518
 10
11022.857760882078
 20
92.22805551883862
 10
11025.758088870522
 20
94.94711300800518
 10
11029.611172534926
 20
96.75324597569434
 10
11039.116832119202
 20
94.97093480364249
 10
11041.013454229318
 20
96.74901803187763
 10
11044.78569495553
 20
96.74901803187763
 10
11046.68785829864
 20
103.88213056853446
 10
11060.036515460832
 20
105.66989715275665
 10
11063.850141834459
 20
112.82044660330615
 10
11065.854448487216
 20
112.82044660330615
 10
11080.257118679385
 20
99.31794329814947
  0
LWPOLYLINE
  5
AE
330
17
100
AcDbEntity
  8
K
100
AcDbPolyline
 90
7
 70
1
 10
11030.723019915788
 20
165.39901803187763
 10
11020.100618024935
 20
155.4405162592024
 10
11007.603513097407
 20
167.15655212875845
 10
11010.506231132804
 20
175.32044660330615
 10
11023.991058738833
 20
175.32044660330615
 10
11024.953782730307
 20
170.80767789326623
 10
11030.723019915788
 20
165.39901803187763
  0
LWPOLYLINE
  5
AF
330
17
100
AcDbEntity
  8
K
100
AcDbPolyline
 90
30
 70
1
 10
10986.683383500374
 20
52.985029187248124
 10
10988.578034528122
 20
61.86620587981717
 10
10991.47446287687
 20
66.39187517473476
 10
11002.918216134081
 20
66.39187517473476
 10
11016.251549467413
 20
78.89187517473484
 10
11020.196087826445
 20
78.89187517473484
 10
11021.158440465086
 20
58.14114640405133
 10
11014.322229746547
 20
59.05671033957005
 10
11012.421570405888
 20
62.620446603306235
 10
11006.82201126824
 20
62.620446603306235
 10
11004.010141834458
 20
58.226900613024824
 10
11004.010141834458
 20
51.06998054491674
 10
11001.100106407344
 20
48.341822331996575
 10
10996.34817594024
 20
47.45083536941452
 10
10987.770130609662
 20
35.834732317591936
 10
10983.961736836169
 20
35.834732317591936
 10
10980.140057373192
 20
30.46049557278019
 10
10977.165983264966
 20
31.389893731600726
 10
10976.22051684709
 20
34.04901803187765
 10
10970.537263753127
 20
34.04901803187765
 10
10968.624939166337
 20
35.84182233199662
 10
10949.540526357516
 20
39.42014973365004
 10
10948.56246949583
 20
44.00479127280321
 10
10950.476808501126
 20
45.79948409026713
 10
10950.476808501126
 20
49.42063761621696
 10
10962.994223784266
 20
50.323335833751145
 10
10966.813185311272
 20
46.7430594021836
 10
10978.141068842453
 20
44.97307760043656
 10
10981.939745931906
 20
52.09559714316014
 10
10986.683383500374
 20
52.985029187248124
  0
LWPOLYLINE
  5
B0
330
17
100
AcDbEntity
  8
K
100
AcDbPolyline
 90
7
 70
1
 10
11012.396721881172
 20
421.8656367250438
 10
11015.43871326303
 20
419.01376980455296
 10
11015.43871326303
 20
413.5699805449166
 10
11013.533951358268
 20
411.7842662592025
 10
11013.533951358268
 20
408.1561608890206
 10
11011.421825821722
 20
408.1561608890206
 10
11012.396721881172
 20
421.8656367250438
  0
LWPOLYLINE
  5
B1
330
17
100
AcDbEntity
  8
K
100
AcDbPolyline
 90
25
 70
1
 10
10960.000618024935
 20
404.6528018464387
 10
10960.000618024935
 20
408.2994840902673
 10
10961.859168515033
 20
410.0418751747347
 10
10960.000618024935
 20
411.7842662592025
 10
10960.000618024935
 20
442.21848705237255
 10
10964.82034804947
 20
448.5443827095742
 10
10974.354927357297
 20
446.75664908935676
 10
10980.100618024935
 20
452.14323409026724
 10
10987.759210391978
 20
444.9633037461632
 10
10991.477594451797
 20
444.9633037461632
 10
10995.28711826132
 20
450.32044660330627
 10
11004.943439691213
 20
450.32044660330627
 10
11005.924480839754
 20
445.7218162195235
 10
11004.001401777927
 20
443.91892959906056
 10
11002.110796766154
 20
435.0567186063775
 10
11005.914903739222
 20
427.92401803187784
 10
11005.914903739222
 20
411.7345413046812
 10
10993.500257892934
 20
410.8392543446123
 10
10990.688321982372
 20
404.68814454025625
 10
10992.608583262
 20
401.08765464095353
 10
10978.222960542247
 20
389.39933618115595
 10
10973.399305705692
 20
390.3037714630101
 10
10963.81014183446
 20
395.6976761405787
 10
10963.81014183446
 20
399.29565898929565
 10
10960.000618024935
 20
404.6528018464387
  0
LWPOLYLINE
  5
B2
330
17
100
AcDbEntity
  8
K
100
AcDbPolyline
 90
11
 70
1
 10
10982.918216134081
 20
147.44187517473483
 10
10976.251549467415
 20
153.6918751747348
 10
10968.615066190241
 20
153.6918751747348
 10
10963.751263400296
 20
161.89954238276906
 10
10978.148748690146
 20
164.5990708746158
 10
10980.08167973537
 20
166.41119372951317
 10
10987.741940271277
 20
162.82044660330618
 10
10993.473496106266
 20
162.82044660330618
 10
10994.510625004425
 20
161.84813826128018
 10
10986.827284691602
 20
147.44187517473483
 10
10982.918216134081
 20
147.44187517473483
  0
LWPOLYLINE
  5
B3
330
17
100
AcDbEntity
  8
K
100
AcDbPolyline
 90
23
 70
1
 10
10918.260449067897
 20
397.4572913795599
 10
10915.393439839667
 20
392.97758946044917
 10
10911.448272549134
 20
392.97758946044917
 10
10910.485548557657
 20
397.49035817048906
 10
10906.681191013115
 20
401.0569433684966
 10
10904.73612811382
 20
406.5274327727689
 10
10918.102188058498
 20
411.89772471482775
 10
10919.056930534187
 20
421.74350649536643
 10
10933.351983170784
 20
422.6369472851538
 10
10936.210177311037
 20
436.03473231759205
 10
10940.14016277293
 20
436.03473231759205
 10
10942.044924677693
 20
434.24901803187754
 10
10951.489644705509
 20
434.24901803187754
 10
10953.53395135827
 20
436.16555551883874
 10
10953.53395135827
 20
419.7676684322432
 10
10933.533951358268
 20
418.8748112893862
 10
10933.533951358268
 20
410.06687517473483
 10
10937.343475167792
 20
402.9240180318777
 10
10937.343475167792
 20
393.92712340205946
 10
10934.412175598576
 20
391.17903005591893
 10
10922.888813100535
 20
394.7800808365566
 10
10921.003750561928
 20
398.31457309644424
 10
10918.260449067897
 20
397.4572913795599
  0
LWPOLYLINE
  5
B4
330
17
100
AcDbEntity
  8
K
100
AcDbPolyline
 90
12
 70
1
 10
10935.224194114891
 20
61.75473899626749
 10
10921.905379929698
 20
65.32227851015881
 10
10921.905379929698
 20
74.37091266169571
 10
10924.831117833488
 20
77.11379194649959
 10
10934.439474928651
 20
75.31222499115641
 10
10942.06548354461
 20
66.37549614433014
 10
10948.772046596365
 20
63.68089491817908
 10
10948.772046596365
 20
56.513769804552915
 10
10950.686385601659
 20
54.719076987089
 10
10949.704371520978
 20
50.11588598389771
 10
10933.315737572319
 20
51.01967094430171
 10
10935.224194114891
 20
61.75473899626749
  0
LWPOLYLINE
  5
B5
330
17
100
AcDbEntity
  8
K
100
AcDbPolyline
 90
6
 70
1
 10
10921.874467012718
 20
351.0212906813378
 10
10924.78746821599
 20
361.0347323175919
 10
10930.623779572286
 20
361.0347323175919
 10
10937.356748424743
 20
352.9191002186475
 10
10936.360069424549
 20
350.1159405305984
 10
10921.874467012718
 20
351.0212906813378
  0
LWPOLYLINE
  5
B6
330
17
100
AcDbEntity
  8
K
100
AcDbPolyline
 90
8
 70
1
 10
10902.83532948743
 20
479.6789435394503
 10
10905.781597608608
 20
484.28248747878956
 10
10910.658481434442
 20
481.5392403267568
 10
10911.610243281437
 20
478.86241013208496
 10
10920.200618024935
 20
474.38825661984686
 10
10920.200618024935
 20
472.498551973488
 10
10913.422564165117
 20
466.1441264799083
 10
10902.83532948743
 20
479.6789435394503
  0
LWPOLYLINE
  5
B7
330
17
100
AcDbEntity
  8
K
100
AcDbPolyline
 90
16
 70
1
 10
10918.295856120172
 20
79.6414091163452
 10
10915.378258011026
 20
76.90616088902047
 10
10907.759210391978
 20
76.90616088902047
 10
10903.904188617793
 20
73.29207797572079
 10
10893.333951358269
 20
85.00342039394404
 10
10893.333951358269
 20
88.56998054491672
 10
10885.728810060735
 20
95.69980051135374
 10
10883.824048155973
 20
101.05694336849658
 10
10879.94626408544
 20
104.69236593462183
 10
10890.55711408874
 20
112.83137019851586
 10
10896.342780791263
 20
111.02334935397695
 10
10904.956167608892
 20
102.94829921244997
 10
10905.903073573976
 20
96.73422881658655
 10
10915.385820693058
 20
94.95621373175867
 10
10918.295856120172
 20
92.22805551883862
 10
10918.295856120172
 20
79.6414091163452
  0
LWPOLYLINE
  5
B8
330
17
100
AcDbEntity
  8
K
100
AcDbPolyline
 90
22
 70
1
 10
10873.402313980543
 20
361.0347323175919
 10
10881.062037100002
 20
366.4204751359622
 10
10882.997305630073
 20
364.60616088902043
 10
10888.71159134436
 20
364.60616088902043
 10
10891.61844497925
 20
361.8809856063091
 10
10893.545989239581
 20
354.65269463007576
 10
10888.71159134436
 20
350.1204466033062
 10
10879.119557449912
 20
350.1204466033062
 10
10873.432739204849
 20
353.6747080064707
 10
10863.079477453453
 20
347.49804616614887
 10
10866.877915348608
 20
336.8149395860255
 10
10863.971945138157
 20
332.2743611321969
 10
10851.621677507235
 20
329.6024282312763
 10
10850.667014960716
 20
319.757470720302
 10
10836.213017131948
 20
320.66084558460017
 10
10834.269303991297
 20
327.94976986204097
 10
10847.631546352246
 20
335.1081139839788
 10
10849.534213568302
 20
344.02686655923776
 10
10860.979071131782
 20
352.96816153070597
 10
10867.702665763085
 20
362.8734571928937
 10
10869.66397229674
 20
361.0347323175919
 10
10873.402313980543
 20
361.0347323175919
  0
LWPOLYLINE
  5
B9
330
17
100
AcDbEntity
  8
K
100
AcDbPolyline
 90
18
 70
1
 10
10841.109979383438
 20
237.82044660330615
 10
10844.88871789518
 20
237.82044660330615
 10
10849.714617177517
 20
235.10587825699224
 10
10851.621828715983
 20
224.37781335312502
 10
10856.330638963409
 20
219.96330374616335
 10
10860.14016277293
 20
219.96330374616335
 10
10863.062041801335
 20
217.22404215703472
 10
10862.095586389287
 20
207.2574707203022
 10
10847.6376974565
 20
208.1610887786015
 10
10845.7282138152
 20
217.11179334719188
 10
10839.128899044425
 20
219.7633037461634
 10
10833.376970952146
 20
219.7633037461634
 10
10828.572046596364
 20
227.87161359654672
 10
10828.572046596364
 20
231.4271234020596
 10
10826.66506111595
 20
233.21492228994677
 10
10827.629174534248
 20
252.1959052127035
 10
10836.366634958884
 20
245.8248403197404
 10
10841.109979383438
 20
237.82044660330615
  0
LWPOLYLINE
  5
BA
330
17
100
AcDbEntity
  8
K
100
AcDbPolyline
 90
8
 70
1
 10
10827.751070597335
 20
309.2566490893566
 10
10829.663972296741
 20
307.46330374616326
 10
10833.504528726591
 20
307.46330374616326
 10
10834.496962967656
 20
304.6720824431687
 10
10828.742822123917
 20
295.6812373748278
 10
10823.820314596598
 20
292.91232689071
 10
10822.852419685061
 20
308.3381520433056
 10
10827.751070597335
 20
309.2566490893566
  0
LWPOLYLINE
  5
BB
330
17
100
AcDbEntity
  8
K
100
AcDbPolyline
 90
20
 70
1
 10
12370.616353249123
 20
350.3204466033062
 10
12372.521115153884
 20
348.53473231759193
 10
12376.377010455455
 20
348.53473231759193
 10
12377.351238389248
 20
342.14136150206775
 10
12366.786979103988
 20
334.03809443666796
 10
12363.83264993163
 20
334.96132230302914
 10
12362.882806131722
 20
337.6327579902721
 10
12353.38684392824
 20
339.41325090342525
 10
12351.51025116394
 20
341.1725566199565
 10
12347.700727354417
 20
339.3868423342422
 10
12345.775358991224
 20
341.19187517473483
 10
12342.056974931405
 20
341.19187517473483
 10
12338.22898371463
 20
335.80876252614553
 10
12326.671191410527
 20
341.2264776686943
 10
12325.708895954109
 20
356.56306150534044
 10
12338.214680651385
 20
357.4649209787014
 10
12345.837178366513
 20
353.89187517473476
 10
12355.367392885672
 20
353.89187517473476
 10
12361.081678599958
 20
350.3204466033062
 10
12370.616353249123
 20
350.3204466033062
  0
LWPOLYLINE
  5
BC
330
17
100
AcDbEntity
  8
K
100
AcDbPolyline
 90
9
 70
1
 10
12312.581570405888
 20
281.42712340205946
 10
12312.581570405888
 20
277.8697577558816
 10
12309.676103423833
 20
273.32996559642174
 10
12299.04230961891
 20
274.23625484115934
 10
12300.010015788492
 20
289.65907191889664
 10
12303.932416461752
 20
287.8204466033062
 10
12311.555384561847
 20
287.8204466033062
 10
12316.45896618187
 20
285.06218194204325
 10
12312.581570405888
 20
281.42712340205946
  0
LWPOLYLINE
  5
BD
330
17
100
AcDbEntity
  8
K
100
AcDbPolyline
 90
12
 70
1
 10
12296.20224618448
 20
211.03473231759196
 10
12302.032943220223
 20
211.03473231759196
 10
12312.581570405888
 20
204.74151723523659
 10
12312.581570405888
 20
201.15662694741
 10
12314.48633231065
 20
199.3709126616957
 10
12314.48633231065
 20
179.51374756915018
 10
12304.740083202589
 20
184.99601269243436
 10
12308.537406700603
 20
195.67598503060347
 10
12297.143475167792
 20
197.4562868326053
 10
12297.143475167792
 20
201.06998054491666
 10
12295.23346222706
 20
202.86061767685294
 10
12296.20224618448
 20
211.03473231759196
  0
LWPOLYLINE
  5
BE
330
17
100
AcDbEntity
  8
K
100
AcDbPolyline
 90
19
 70
1
 10
12255.431327704817
 20
411.86838967115136
 10
12261.152998977315
 20
402.92827830787326
 10
12261.152998977315
 20
390.4820106606032
 10
12265.862011169249
 20
389.59907087461585
 10
12268.818258011028
 20
386.827589460449
 10
12265.846308692571
 20
384.04138697439873
 10
12260.99364486645
 20
384.95126144179636
 10
12254.347778875199
 20
394.74204616105277
 10
12244.858207308644
 20
391.1834568235949
 10
12237.221200540498
 20
394.76330374616344
 10
12233.363373989945
 20
394.76330374616344
 10
12230.49189795637
 20
402.8393300905949
 10
12215.23871326303
 20
415.3517081593506
 10
12215.23871326303
 20
420.8344881899583
 10
12233.448454870631
 20
425.32702312604385
 10
12242.942868580209
 20
419.98641541440696
 10
12248.684460611268
 20
425.36915794352535
 10
12253.525479412678
 20
419.015320766673
 10
12255.431327704817
 20
411.86838967115136
  0
LWPOLYLINE
  5
BF
330
17
100
AcDbEntity
  8
K
100
AcDbPolyline
 90
28
 70
1
 10
12219.248237072554
 20
351.0840434701675
 10
12216.353438054139
 20
346.5609200038949
 10
12208.72091889654
 20
344.7720483263329
 10
12205.911873481751
 20
342.1385682499677
 10
12204.956397826772
 20
328.70219185183015
 10
12189.589925483346
 20
326.90143337408483
 10
12187.680120895986
 20
328.69187517473483
 10
12182.054907346672
 20
328.69187517473483
 10
12172.510072719731
 20
316.16427972687586
 10
12163.818929448378
 20
320.69091684737225
 10
12162.869280234132
 20
326.92298981587686
 10
12150.476808501126
 20
329.60405341195985
 10
12150.476808501126
 20
338.56998054491663
 10
12148.525835181701
 20
340.3990180318776
 10
12150.47405547153
 20
342.22547455359364
 10
12149.517956384938
 20
357.4633037461633
 10
12155.316438635737
 20
357.4633037461633
 10
12162.935486254783
 20
361.0347323175919
 10
12172.452890783246
 20
361.0347323175919
 10
12178.16717649753
 20
364.60616088902043
 10
12183.878504456734
 20
364.60616088902043
 10
12191.538227576193
 20
369.99190370739075
 10
12195.393413050928
 20
366.37766732482726
 10
12202.079722043201
 20
363.6912038904313
 10
12204.920956845295
 20
357.47600276084955
 10
12214.417737264
 20
359.2566490893568
 10
12219.248237072554
 20
354.72805551883846
 10
12219.248237072554
 20
351.0840434701675
  0
LWPOLYLINE
  5
C0
330
17
100
AcDbEntity
  8
K
100
AcDbPolyline
 90
5
 70
1
 10
12215.205299437319
 20
352.8222904954729
 10
12210.676808501124
 20
353.67138254600906
 10
12210.676808501124
 20
350.3204466033062
 10
12214.315754942327
 20
350.3204466033062
 10
12215.205299437319
 20
352.8222904954729
  0
LWPOLYLINE
  5
C1
330
17
100
AcDbEntity
  8
K
100
AcDbPolyline
 90
5
 70
1
 10
12158.300159550376
 20
349.24540372488656
 10
12159.24230225081
 20
330.69696931009776
 10
12163.805838404256
 20
331.55263233886876
 10
12162.863695703822
 20
350.1010667536576
 10
12158.300159550376
 20
349.24540372488656
  0
LWPOLYLINE
  5
C2
330
17
100
AcDbEntity
  8
K
100
AcDbPolyline
 90
45
 70
1
 10
12170.576808501124
 20
298.5451735491359
 10
12178.267391976213
 20
302.1501345530834
 10
12181.13609971221
 20
288.7030670405969
 10
12187.777280086528
 20
287.81362324046523
 10
12194.50809472662
 20
277.89769095818485
 10
12190.682604087295
 20
272.51809474663224
 10
12192.589515997559
 20
261.791715251395
 10
12188.77796784066
 20
258.2183888543036
 10
12190.682729745424
 20
243.93267456858936
 10
12188.772046596363
 20
242.1414091163453
 10
12188.772046596363
 20
234.9985519734882
 10
12185.854448487216
 20
232.26330374616333
 10
12182.044924677693
 20
232.26330374616333
 10
12177.343475167792
 20
227.85569483063105
 10
12177.343475167792
 20
224.2842662592025
 10
12174.441815595063
 20
221.56396040976955
 10
12164.002629733826
 20
217.11544370753788
 10
12163.049897962903
 20
209.07676939037069
 10
12153.410886097749
 20
205.46213994093833
 10
12148.572046596364
 20
209.99855197348805
 10
12148.572046596364
 20
213.65662694740993
 10
12150.476808501126
 20
215.4423412331242
 10
12150.476808501126
 20
247.56687517473497
 10
12156.194811479349
 20
258.28813075890343
 10
12157.218876965148
 20
265.0085605094602
 10
12157.32841216196
 20
265.001939223776
 10
12158.292854930256
 20
233.35616088902057
 10
12163.81014183446
 20
233.35616088902057
 10
12163.81014183446
 20
288.5133037461632
 10
12158.287987047943
 20
288.5133037461632
 10
12157.32620069015
 20
276.7915325105622
 10
12150.476808501126
 20
283.21283768777397
 10
12150.476808501126
 20
284.96835608339563
 10
12147.66797906813
 20
285.8461152812067
 10
12123.810141834458
 20
308.21283768777386
 10
12123.810141834458
 20
309.99855197348813
 10
12106.62107327694
 20
326.1133037461633
 10
12109.59065922758
 20
328.8972905748907
 10
12123.0453281549
 20
327.09532598641033
 10
12124.004820737502
 20
320.7986559130901
 10
12130.623779572286
 20
312.8204466033061
 10
12149.708217725474
 20
312.8204466033061
 10
12151.612979630234
 20
302.10616088902043
 10
12162.980035509372
 20
302.10616088902043
 10
12170.576808501124
 20
298.5451735491359
  0
LWPOLYLINE
  5
C3
330
17
100
AcDbEntity
  8
K
100
AcDbPolyline
 90
32
 70
1
 10
12074.33641713797
 20
1.0138126755224741
 10
12069.574900131769
 20
7.263303746163352
 10
12065.775358991224
 20
7.263303746163352
 10
12063.910141834458
 20
9.011944830630947
 10
12062.005379929697
 20
7.2262305449166675
 10
12059.048237072555
 20
9.998551973488091
 10
12059.048237072555
 20
20.698852837744308
 10
12043.797274318624
 20
29.634963826374317
 10
12044.781605882466
 20
34.24901803187763
 10
12060.140162772932
 20
34.24901803187763
 10
12062.044924677693
 20
32.463303746163355
 10
12069.684427548744
 20
32.463303746163355
 10
12071.589189453507
 20
28.891875174734793
 10
12075.378258011027
 20
28.891875174734793
 10
12077.283019915787
 20
27.106160889020515
 10
12107.75921039198
 20
27.106160889020515
 10
12109.663972296741
 20
25.320446603306234
 10
12140.061073276938
 20
25.320446603306234
 10
12141.9658351817
 20
27.106160889020515
 10
12172.459295778594
 20
27.106160889020515
 10
12176.340066370147
 20
28.925272103811462
 10
12179.248237072554
 20
22.563648692296102
 10
12179.248237072554
 20
11.784266259202369
 10
12176.330638963407
 20
9.049018031877631
 10
12166.806829439598
 20
9.049018031877631
 10
12164.786514033802
 20
7.154972338944021
 10
12163.821293803529
 20
15.299018031877608
 10
12158.295856120172
 20
15.299018031877608
 10
12158.295856120172
 20
2.9625842634218857
 10
12162.181390193015
 20
1.141240166777302
 10
12161.092108292223
 20
0.12003838478502615
 10
12074.33641713797
 20
1.0138126755224741
  0
LWPOLYLINE
  5
C4
330
17
100
AcDbEntity
  8
K
100
AcDbPolyline
 90
11
 70
1
 10
12041.895802829164
 20
576.1476484156603
 10
12044.822978038843
 20
578.8918751747349
 10
12054.357652688008
 20
578.8918751747349
 10
12060.093775937981
 20
582.4769522059676
 10
12067.77648051268
 20
578.8756844365764
 10
12074.566566774156
 20
572.5099785664441
 10
12063.930560338755
 20
567.9775894604492
 10
12050.616353249123
 20
567.9775894604492
 10
12048.703451549714
 20
566.1842441172554
 10
12043.826240643231
 20
567.0987211622215
 10
12041.895802829164
 20
576.1476484156603
  0
LWPOLYLINE
  5
C5
330
17
100
AcDbEntity
  8
K
100
AcDbPolyline
 90
4
 70
1
 10
12052.381570405887
 20
20.094126947410086
 10
12053.58016277293
 20
18.970446603306268
 10
12052.381570405887
 20
17.84676625920245
 10
12052.381570405887
 20
20.094126947410086
  0
LWPOLYLINE
  5
C6
330
17
100
AcDbEntity
  8
K
100
AcDbPolyline
 90
7
 70
1
 10
12040.300066364303
 20
36.82504440290224
 10
12035.361522439365
 20
34.047113445124126
 10
12022.932091066787
 20
34.94346666910808
 10
12019.016109167009
 20
36.7790831846293
 10
12021.941140607383
 20
43.17758946044903
 10
12029.651990839273
 20
43.17758946044903
 10
12040.300066364303
 20
36.82504440290224
  0
LWPOLYLINE
  5
C7
330
17
100
AcDbEntity
  8
K
100
AcDbPolyline
 90
7
 70
1
 10
12029.643765576871
 20
559.0490180318776
 10
12023.938821457099
 20
559.0490180318776
 10
12018.064192947215
 20
555.3773752131989
 10
12020.017346514333
 20
568.1949454974127
 10
12029.663021416984
 20
566.3863814531654
 10
12036.50400633681
 20
561.8053647657816
 10
12029.643765576871
 20
559.0490180318776
  0
LWPOLYLINE
  5
C8
330
17
100
AcDbEntity
  8
K
100
AcDbPolyline
 90
14
 70
1
 10
11977.109225014585
 20
31.509665640569118
 10
11981.979184821355
 20
34.24901803187763
 10
11989.584882800747
 20
34.24901803187763
 10
11991.611914975865
 20
36.14936069605024
 10
11992.578083515307
 20
24.37418162161553
 10
11994.48633231065
 20
22.5851983759815
 10
11994.48633231065
 20
11.793834725668418
 10
11989.668751809826
 20
5.470760318339818
 10
11982.912736453858
 20
6.375583803513996
 10
11977.143475167792
 20
11.784266259202369
 10
11977.143475167792
 20
17.22805551883855
 10
11980.952998977315
 20
20.799484090267217
 10
11980.952998977315
 20
24.302589460449163
 10
11977.109225014585
 20
31.509665640569118
  0
LWPOLYLINE
  5
C9
330
17
100
AcDbEntity
  8
K
100
AcDbPolyline
 90
9
 70
1
 10
11975.23871326303
 20
576.1383037461635
 10
11977.16301991579
 20
579.7463787200851
 10
11980.061073276938
 20
582.4633037461634
 10
11989.717568958305
 20
582.4633037461634
 10
11990.681050266623
 20
568.9143478479567
 10
11985.836194255484
 20
566.1891163416905
 10
11977.199636611416
 20
567.0887577629475
 10
11975.23871326303
 20
568.9271234020596
 10
11975.23871326303
 20
576.1383037461635
  0
LWPOLYLINE
  5
CA
330
17
100
AcDbEntity
  8
K
100
AcDbPolyline
 90
9
 70
1
 10
11953.46639540992
 20
1.891253031539919
 10
11950.512215553399
 20
2.814434236702801
 10
11947.649816252047
 20
7.286933145064456
 10
11939.067183244622
 20
11.757054503098608
 10
11937.116638398036
 20
17.242961884122444
 10
11953.440080403278
 20
23.5442905993809
 10
11962.105379929695
 20
19.031113762704056
 10
11962.105379929695
 20
11.790089460449016
 10
11953.46639540992
 20
1.891253031539919
  0
LWPOLYLINE
  5
CB
330
17
100
AcDbEntity
  8
K
100
AcDbPolyline
 90
7
 70
1
 10
11936.343278984483
 20
566.418244509953
 10
11939.248237072554
 20
560.0636486922959
 10
11939.248237072554
 20
550.9928111174377
 10
11924.774352952085
 20
553.706664390026
 10
11923.803355364253
 20
560.078836060164
 10
11926.713465750392
 20
562.8070645471694
 10
11936.343278984483
 20
566.418244509953
  0
LWPOLYLINE
  5
CC
330
17
100
AcDbEntity
  8
K
100
AcDbPolyline
 90
49
 70
1
 10
11890.543040179962
 20
75.32586200346203
 10
11892.44202565789
 20
77.10616088902044
 10
11896.369463864465
 20
77.10616088902044
 10
11899.22994909076
 20
65.48543965718933
 10
11908.791234415436
 20
63.69269865881299
 10
11906.874255515873
 20
54.70686006711367
 10
11910.645336765081
 20
49.40377706041643
 10
11915.342876673356
 20
46.76141086201169
 10
11922.976699171644
 20
50.339765158084695
 10
11925.914903739222
 20
47.58519837598152
 10
11925.914903739222
 20
42.22805551883857
 10
11930.631508289023
 20
37.80623875339862
 10
11937.343475167792
 20
35.109466346750494
 10
11937.343475167792
 20
27.869757755881963
 10
11934.441058887285
 20
23.33473231759198
 10
11926.727739943604
 20
23.33473231759198
 10
11924.822978038843
 20
25.120446603306256
 10
11917.283019915787
 20
25.120446603306256
 10
11915.353605564898
 20
23.31162064934833
 10
11910.488429533656
 20
26.04828216692279
 10
11908.588145405134
 20
34.95586401936435
 10
11903.86303440443
 20
35.84182233199662
 10
11900.969270141473
 20
38.55472632851797
 10
11897.15974633195
 20
47.48329775708948
 10
11893.333951358269
 20
51.06998054491674
 10
11893.333951358269
 20
61.78426625920241
 10
11890.537263753127
 20
64.40616088902051
 10
11884.902067534837
 20
64.40616088902051
 10
11882.974439310774
 20
62.59900942896235
 10
11874.31267113605
 20
67.11034701996421
 10
11872.381570405887
 20
70.73116088902054
 10
11872.381570405887
 20
86.74008946044908
 10
11865.848672060383
 20
87.6150312031504
 10
11856.271719385511
 20
78.63663807045728
 10
11847.645566780191
 20
92.11500151627128
 10
11830.476808501126
 20
104.63388776142291
 10
11830.476808501126
 20
108.29948409026713
 10
11833.400183037105
 20
111.04014771774773
 10
11846.826516884797
 20
109.241978006003
 10
11852.509494375998
 20
100.36232567600345
 10
11860.09736511797
 20
105.69754729145254
 10
11865.843583361862
 20
102.10616088902047
 10
11869.66397229674
 20
102.10616088902047
 10
11874.48633231065
 20
97.58519837598145
 10
11874.48633231065
 20
88.69629637488896
 10
11879.195344502583
 20
87.81335658890154
 10
11882.096639873165
 20
85.09339217898048
 10
11883.993242569353
 20
76.20306704059709
 10
11890.543040179962
 20
75.32586200346203
  0
LWPOLYLINE
  5
CD
330
17
100
AcDbEntity
  8
K
100
AcDbPolyline
 90
10
 70
1
 10
11861.152998977315
 20
463.56998054491663
 10
11856.322499168764
 20
459.0413869743987
 10
11851.426090600991
 20
459.9594635808556
 10
11852.386866297107
 20
486.0805528190276
 10
11859.248237072554
 20
483.32375206103615
 10
11859.248237072554
 20
479.72805551883846
 10
11861.185107210873
 20
477.9122397641643
 10
11857.366181280613
 20
472.5418751747347
 10
11861.152998977315
 20
467.2166627887454
 10
11861.152998977315
 20
463.56998054491663
  0
LWPOLYLINE
  5
CE
330
17
100
AcDbEntity
  8
K
100
AcDbPolyline
 90
18
 70
1
 10
11832.381570405887
 20
467.14140911634536
 10
11830.430597086463
 20
468.97044660330613
 10
11833.37713648957
 20
471.73282729371925
 10
11837.221200540498
 20
473.53473231759193
 10
11844.958912247395
 20
473.53473231759193
 10
11845.918338608712
 20
447.45032811929576
 10
11835.428424501895
 20
446.55630134882864
 10
11834.481343251946
 20
438.5653033023825
 10
11827.74154555914
 20
432.24674296537836
 10
11820.952998977315
 20
434.97428400271923
 10
11820.952998977315
 20
444.01376980455285
 10
11822.79970024515
 20
445.7450522431473
 10
11815.23871326303
 20
451.0613712149504
 10
11815.23871326303
 20
454.7280555188386
 10
11820.061073276938
 20
459.24901803187765
 10
11823.885660888414
 20
459.24901803187765
 10
11832.381570405887
 20
463.67397090556096
 10
11832.381570405887
 20
467.14140911634536
  0
LWPOLYLINE
  5
CF
330
17
100
AcDbEntity
  8
K
100
AcDbPolyline
 90
8
 70
1
 10
11832.585851325144
 20
195.7168510495776
 10
11829.659498393845
 20
192.97339517648427
 10
11820.989775111491
 20
193.8764913517297
 10
11819.048237072555
 20
197.51687517473482
 10
11819.048237072555
 20
204.72805551883854
 10
11821.973974976345
 20
207.47093480364265
 10
11831.62147039293
 20
205.66202941303257
 10
11832.585851325144
 20
195.7168510495776
  0
LWPOLYLINE
  5
D0
330
17
100
AcDbEntity
  8
K
100
AcDbPolyline
 90
7
 70
1
 10
11818.250932754763
 20
166.4074936261517
 10
11823.075829362286
 20
156.45614437313958
 10
11816.318676491004
 20
148.31136189436344
 10
11804.78228487031
 20
153.71904546656302
 10
11803.796868577507
 20
156.49052879007596
 10
11810.521290434863
 20
164.59585870742498
 10
11818.250932754763
 20
166.4074936261517
  0
LWPOLYLINE
  5
D1
330
17
100
AcDbEntity
  8
K
100
AcDbPolyline
 90
9
 70
1
 10
11794.28633231065
 20
429.7097323175921
 10
11794.28633231065
 20
433.2994840902672
 10
11799.091422203855
 20
437.8042558651477
 10
11802.961924292402
 20
439.6185537191547
 10
11817.365914752043
 20
431.51630908560657
 10
11814.466570227178
 20
423.3619026094203
 10
11806.78160518553
 20
419.7595752461479
 10
11790.422989168192
 20
422.46596392548673
 10
11794.28633231065
 20
429.7097323175921
  0
LWPOLYLINE
  5
D2
330
17
100
AcDbEntity
  8
K
100
AcDbPolyline
 90
6
 70
1
 10
11790.467969390249
 20
397.45555898422714
 10
11791.439072736468
 20
407.4700622421025
 10
11804.04837812924
 20
406.5607373339698
 10
11801.133236893844
 20
398.3619026094204
 10
11797.259318396427
 20
396.5460033137568
 10
11790.467969390249
 20
397.45555898422714
  0
LWPOLYLINE
  5
D3
330
17
100
AcDbEntity
  8
K
100
AcDbPolyline
 90
9
 70
1
 10
11785.854448487218
 20
314.6061608890206
 10
11791.568734201503
 20
314.6061608890206
 10
11794.510625004426
 20
311.8481382612802
 10
11790.65726375313
 20
304.6230859150988
 10
11787.764690072201
 20
301.91129808922835
 10
11780.96710029039
 20
301.0009066005929
 10
11779.036577895155
 20
315.47982456484124
 10
11783.94154678781
 20
316.3995062322137
 10
11785.854448487218
 20
314.6061608890206
  0
LWPOLYLINE
  5
D4
330
17
100
AcDbEntity
  8
K
100
AcDbPolyline
 90
8
 70
1
 10
11777.127322621216
 20
260.01369498590145
 10
11778.132788715568
 20
262.8415683762565
 10
11794.48633231065
 20
258.33231922320044
 10
11794.48633231065
 20
251.0699805449167
 10
11791.565084334728
 20
248.3313105674899
 10
11780.970662383108
 20
249.23424425654838
 10
11779.056977129087
 20
258.20464388477484
 10
11777.127322621216
 20
260.01369498590145
  0
LWPOLYLINE
  5
D5
330
17
100
AcDbEntity
  8
K
100
AcDbPolyline
 90
20
 70
1
 10
11747.652121197763
 20
282.28573265250424
 10
11739.048237072553
 20
286.7669223010515
 10
11739.048237072553
 20
295.8296799803596
 10
11747.657689525295
 20
298.5201338718409
 10
11751.477594451797
 20
303.8918751747347
 10
11755.378258011026
 20
303.8918751747347
 10
11762.972653183948
 20
296.77212970012124
 10
11772.486128025283
 20
302.1234592983729
 10
11779.248237072554
 20
297.5952612756475
 10
11779.248237072554
 20
292.14140911634513
 10
11775.43871326303
 20
288.5699805449166
 10
11775.43871326303
 20
281.50731399662743
 10
11783.095777163946
 20
272.53419223774057
 10
11779.248237072554
 20
268.92712340205946
 10
11779.248237072554
 20
265.3556948306309
 10
11776.326989096631
 20
262.6170248532044
 10
11765.722153957404
 20
263.5208460298429
 10
11764.769442256167
 20
275.1320198886641
 10
11751.472865153371
 20
276.9128114649314
 10
11747.652121197763
 20
282.28573265250424
  0
LWPOLYLINE
  5
D6
330
17
100
AcDbEntity
  8
K
100
AcDbPolyline
 90
19
 70
1
 10
11757.289056283384
 20
353.7013501820184
 10
11751.503346165578
 20
351.89331577020454
 10
11747.670793343805
 20
355.4863340406186
 10
11740.12994140504
 20
357.2537212137664
 10
11734.417737264
 20
351.89852983154145
 10
11729.577320118717
 20
352.8061080462824
 10
11725.70965270325
 20
356.4320462482816
 10
11726.678436660672
 20
364.60616088902043
 10
11734.346787562652
 20
364.60616088902043
 10
11738.156311372177
 20
368.177589460449
 10
11749.58488280075
 20
368.177589460449
 10
11753.415013068701
 20
371.7683365866559
 10
11761.009453902774
 20
368.2084424456843
 10
11768.616491040808
 20
382.4716370794966
 10
11775.43871326303
 20
381.5579466033062
 10
11775.43871326303
 20
370.6925946574765
 10
11764.034771192159
 20
365.3469968117552
 10
11765.934130112279
 20
360.00504984891944
 10
11757.289056283384
 20
353.7013501820184
  0
LWPOLYLINE
  5
D7
330
17
100
AcDbEntity
  8
K
100
AcDbPolyline
 90
25
 70
1
 10
11753.533951358268
 20
423.5347323175919
 10
11753.533951358268
 20
411.03473231759193
 10
11762.997305630075
 20
411.03473231759193
 10
11768.717071024581
 20
405.6724522602412
 10
11775.452911178274
 20
404.77033081108624
 10
11774.477144059367
 20
398.3668590932593
 10
11762.950918795124
 20
392.96394100064504
 10
11757.236633080836
 20
396.5353695720736
 10
11749.646702176038
 20
392.97758946044917
 10
11740.061073276938
 20
392.97758946044917
 10
11736.268028954893
 20
396.53356851236686
 10
11726.77838818389
 20
392.97495322324085
 10
11701.95994966734
 20
396.55453570158903
 10
11699.048237072553
 20
399.2842662592023
 10
11699.048237072553
 20
402.9340961378135
 10
11704.76252278684
 20
410.07695328067064
 10
11704.76252278684
 20
413.6566269474099
 10
11707.680120895986
 20
416.39187517473476
 10
11711.489644705509
 20
416.39187517473476
 10
11719.129298782987
 20
423.55405087237017
 10
11722.98003550937
 20
421.7490180318776
 10
11730.605488123767
 20
421.7490180318776
 10
11736.278839215669
 20
418.2031735994382
 10
11741.9658351817
 20
423.5347323175919
 10
11753.533951358268
 20
423.5347323175919
  0
LWPOLYLINE
  5
D8
330
17
100
AcDbEntity
  8
K
100
AcDbPolyline
 90
5
 70
1
 10
11741.166416451986
 20
402.8185411796524
 10
11742.0886514403
 20
396.7663740688413
 10
11746.653867216932
 20
397.62235202695985
 10
11745.731632228617
 20
403.6745191377712
 10
11741.166416451986
 20
402.8185411796524
  0
LWPOLYLINE
  5
D9
330
17
100
AcDbEntity
  8
K
100
AcDbPolyline
 90
13
 70
1
 10
11768.755485966762
 20
502.0943368295251
 10
11769.732519774037
 20
497.51449085792797
 10
11762.121681233153
 20
488.5955394428322
 10
11765.946967808977
 20
479.6300240307466
 10
11759.16757510068
 20
476.9061608890205
 10
11751.568734201503
 20
476.9061608890205
 10
11749.650270836672
 20
475.10760148449026
 10
11746.6672846916
 20
476.0397846548242
 10
11746.6672846916
 20
486.87952199166205
 10
11754.286332310649
 20
492.2366648488049
 10
11754.286332310649
 20
501.15662694741
 10
11757.210689010884
 20
503.8982113538809
 10
11768.755485966762
 20
502.0943368295251
  0
LWPOLYLINE
  5
DA
330
17
100
AcDbEntity
  8
K
100
AcDbPolyline
 90
36
 70
1
 10
11742.05977788648
 20
219.95691116266548
 10
11748.731278789559
 20
219.0634065774314
 10
11754.505058887285
 20
210.04187517473449
 10
11751.583916030144
 20
205.47758946044914
 10
11742.091296169741
 20
205.47758946044914
 10
11741.146643799368
 20
199.27830827987668
 10
11736.34790908411
 20
194.77949448432153
 10
11732.498850686225
 20
192.97524836031366
 10
11723.866303278082
 20
193.87447204866191
 10
11721.905379929696
 20
195.7128376877738
 10
11721.905379929696
 20
199.3709126616957
 10
11723.81014183446
 20
201.15662694741
 10
11723.81014183446
 20
208.36182753937206
 10
11740.026792030358
 20
207.46752697709815
 10
11742.82620404891
 20
217.09050579086687
 10
11722.933376402627
 20
217.97857845364732
 10
11719.091422203855
 20
219.77949448432176
 10
11714.29507236718
 20
224.2760724562035
 10
11712.393191438417
 20
233.19113930977997
 10
11707.693470535642
 20
235.8347323175919
 10
11703.870597086463
 20
235.8347323175919
 10
11700.96690529883
 20
238.55694336849675
 10
11699.062143394069
 20
243.91408622563958
 10
11691.429189453507
 20
251.0699805449167
 10
11691.429189453507
 20
267.2280555188386
 10
11696.367102968448
 20
271.8573494390971
 10
11697.333186406657
 20
263.7060204292124
 10
11707.762739501448
 20
262.8171380631793
 10
11712.572830349356
 20
258.30767789326615
 10
11714.477592254116
 20
249.37910646469476
 10
11717.29058259782
 20
246.74192801747284
 10
11722.097660869122
 20
245.840600841604
 10
11723.049006177165
 20
236.02985235240547
 10
11739.27041566323
 20
235.13528932927719
 10
11737.350858955131
 20
226.13736726006206
 10
11742.05977788648
 20
219.95691116266548
  0
LWPOLYLINE
  5
DB
330
17
100
AcDbEntity
  8
K
100
AcDbPolyline
 90
5
 70
1
 10
11740.840718239562
 20
488.67524373656033
 10
11745.846308692573
 20
489.6137919464995
 10
11746.979565429354
 20
488.5513637557665
 10
11741.973974976345
 20
487.6128155458271
 10
11740.840718239562
 20
488.67524373656033
  0
LWPOLYLINE
  5
DC
330
17
100
AcDbEntity
  8
K
100
AcDbPolyline
 90
5
 70
1
 10
11740.170612417023
 20
486.249002289573
 10
11741.163165003052
 20
476.0133037461632
 10
11737.203930419795
 20
476.0133037461632
 10
11735.211769401478
 20
477.8809547008375
 10
11740.170612417023
 20
486.249002289573
  0
LWPOLYLINE
  5
DD
330
17
100
AcDbEntity
  8
K
100
AcDbPolyline
 90
11
 70
1
 10
11725.732265866134
 20
301.02137078700986
 10
11723.82176286699
 20
309.9768535954942
 10
11714.279177865159
 20
315.34455765902425
 10
11715.2498652321
 20
323.53473231759176
 10
11721.013454229318
 20
323.53473231759176
 10
11722.977135711977
 20
325.37568370758373
 10
11728.726773173
 20
316.39187517473465
 10
11738.235400868169
 20
316.39187517473465
 10
11741.175682742147
 20
313.63536091788046
 10
11734.444949960975
 20
300.1137995271305
 10
11725.732265866134
 20
301.02137078700986
  0
LWPOLYLINE
  5
DE
330
17
100
AcDbEntity
  8
K
100
AcDbPolyline
 90
6
 70
1
 10
11723.773778198094
 20
338.65648556434513
 10
11736.308464968275
 20
344.9840918665997
 10
11739.256182664227
 20
342.2206065266461
 10
11737.32726534452
 20
331.37044660330616
 10
11727.659665643981
 20
331.37044660330616
 10
11723.773778198094
 20
338.65648556434513
  0
LWPOLYLINE
  5
DF
330
17
100
AcDbEntity
  8
K
100
AcDbPolyline
 90
8
 70
1
 10
11721.090067065586
 20
153.67552230581094
 10
11718.133880001486
 20
154.59933076334286
 10
11714.28633231065
 20
160.0099447035812
 10
11714.28633231065
 20
163.65662694741002
 10
11717.194602867614
 20
166.38313059456544
 10
11724.948657030678
 20
168.20048703903333
 10
11725.918971431092
 20
160.01345928553644
 10
11721.090067065586
 20
153.67552230581094
  0
LWPOLYLINE
  5
E0
330
17
100
AcDbEntity
  8
K
100
AcDbPolyline
 90
12
 70
1
 10
11708.791271590262
 20
342.1736854540306
 10
11712.581570405886
 20
335.0668751747349
 10
11712.581570405886
 20
331.4411863273102
 10
11709.693062103672
 20
326.9278921050985
 10
11698.103535037877
 20
321.4953012930076
 10
11697.145650376042
 20
340.35365557289646
 10
11695.23871326303
 20
342.14140911634536
 10
11695.23871326303
 20
347.603413636273
 10
11707.695856120174
 20
353.89187517473476
 10
11711.583916030144
 20
353.89187517473476
 10
11714.509208179781
 20
349.3211061909275
 10
11708.791271590262
 20
342.1736854540306
  0
LWPOLYLINE
  5
E1
330
17
100
AcDbEntity
  8
K
100
AcDbPolyline
 90
8
 70
1
 10
11707.783904966296
 20
218.17758946044907
 10
11710.676808501124
 20
211.84936297801016
 10
11710.676808501124
 20
206.37044660330616
 10
11697.143475167792
 20
206.37044660330616
 10
11697.143475167792
 20
219.05343923203168
 10
11702.036784883048
 20
219.9709348036424
 10
11703.949686582455
 20
218.17758946044907
 10
11707.783904966296
 20
218.17758946044907
  0
LWPOLYLINE
  5
E2
330
17
100
AcDbEntity
  8
K
100
AcDbPolyline
 90
8
 70
1
 10
13137.34347516779
 20
222.57113545073037
 10
13137.34347516779
 20
206.51376980455282
 10
13139.248237072554
 20
204.72805551883854
 10
13139.248237072554
 20
197.44187517473478
 10
13137.191880166081
 20
197.44187517473478
 10
13129.51611307461
 20
208.2359226471179
 10
13134.346197815375
 20
227.25438131388088
 10
13137.34347516779
 20
222.57113545073037
  0
LWPOLYLINE
  5
E3
330
17
100
AcDbEntity
  8
K
100
AcDbPolyline
 90
39
 70
1
 10
13068.56818581707
 20
51.095542707339625
 10
13069.545724033189
 20
57.51063725062422
 10
13077.265749795086
 20
53.891875174734814
 10
13081.092543725312
 20
53.891875174734814
 10
13084.056353249121
 20
51.11330374616341
 10
13071.568734201503
 20
39.40616088902049
 10
13067.759210391978
 20
39.40616088902049
 10
13052.53325698174
 20
25.13182956692117
 10
13046.818971267454
 20
23.34611528120689
 10
13041.092543725314
 20
17.97758946044914
 10
13035.378258011026
 20
17.97758946044914
 10
13027.75921039198
 20
10.83473231759191
 10
13022.039811453731
 20
10.83473231759191
 10
13010.61124002516
 20
1.906160889020514
 10
13004.902067534837
 20
1.906160889020514
 10
13002.996022614474
 20
0.11924377618133253
 10
12973.333951358267
 20
1.0162822214294653
 10
12973.333951358267
 20
8.29948409026715
 10
12976.272155925844
 20
11.054050872370325
 10
12980.122892652229
 20
9.24901803187761
 10
12987.697391016689
 20
9.24901803187761
 10
12991.548127743074
 20
11.054050872370325
 10
12993.473496106264
 20
9.24901803187761
 10
13006.67515376383
 20
9.24901803187761
 10
13007.625511825803
 20
20.83150691217872
 10
13010.602651789051
 20
21.761863150693618
 10
13012.521115153884
 20
19.963303746163398
 10
13016.234934715054
 20
19.963303746163398
 10
13023.888783878958
 20
32.52040003069223
 10
13025.833842028787
 20
30.696908015227507
 10
13029.567612680046
 20
32.44711300800518
 10
13035.331558773401
 20
37.850812470526904
 10
13044.85536829721
 20
30.70795532766979
 10
13047.622066733877
 20
33.301735112043374
 10
13048.584207577269
 20
50.43986888495444
 10
13054.4380188865
 20
44.95192078254839
 10
13060.095294734576
 20
43.1840220800247
 10
13070.43722482749
 20
47.591094562800194
 10
13068.56818581707
 20
51.095542707339625
  0
LWPOLYLINE
  5
E4
330
17
100
AcDbEntity
  8
K
100
AcDbPolyline
 90
18
 70
1
 10
13064.951778312585
 20
424.3809856063093
 10
13070.676808501124
 20
419.01376980455296
 10
13070.676808501124
 20
415.4423412331244
 10
13072.581570405888
 20
413.6566269474099
 10
13072.581570405888
 20
409.998551973488
 10
13067.734557945852
 20
405.45447779220547
 10
13058.210748422043
 20
410.8116206493483
 10
13056.330638963407
 20
409.04901803187767
 10
13048.71159134436
 20
409.04901803187767
 10
13046.798689644953
 20
407.2556726886841
 10
13041.819891025696
 20
408.189197429795
 10
13048.620037474642
 20
416.3858025245041
 10
13055.23871326303
 20
417.27223231759183
 10
13055.23871326303
 20
427.855694830631
 10
13053.287739943604
 20
429.68473231759197
 10
13058.180963818304
 20
434.2721297001212
 10
13063.04352389979
 20
431.53693965428374
 10
13064.951778312585
 20
424.3809856063093
  0
LWPOLYLINE
  5
E5
330
17
100
AcDbEntity
  8
K
100
AcDbPolyline
 90
81
 70
1
 10
12746.842467843262
 20
60.120481539678416
 10
12750.656454821124
 20
51.181449560314896
 10
12756.373642368213
 20
47.608207343384
 10
12758.281949798658
 20
42.241092695258665
 10
12762.98916583543
 20
37.82807766078533
 10
12772.51297535924
 20
39.61379194649961
 10
12774.425877058646
 20
37.82044660330619
 10
12780.043637618812
 20
37.82044660330619
 10
12784.73166544467
 20
45.731493559439286
 10
12773.333951358269
 20
54.6359576894404
 10
12773.333951358269
 20
59.954375174734786
 10
12766.783127920238
 20
60.831717599471034
 10
12762.957760882078
 20
59.038576800333416
 10
12759.091422203855
 20
60.85092305575013
 10
12754.276755210116
 20
65.36467336238061
 10
12756.172845000541
 20
74.25259425499942
 10
12748.59234623434
 20
76.0292736533279
 10
12745.744212026511
 20
85.81973499273366
 10
12736.239740614972
 20
84.03764660306967
 10
12729.51478162103
 20
95.74628056573343
 10
12730.496570584597
 20
98.50756202576372
 10
12734.37307729683
 20
100.32467454712291
 10
12743.856441290809
 20
98.54654379825156
 10
12749.580882474202
 20
109.27987101711301
 10
12753.456225985563
 20
107.4633037461633
 10
12761.030724350021
 20
107.4633037461633
 10
12776.317677780684
 20
114.62906316678678
 10
12783.977251252232
 20
105.6530005048164
 10
12790.676808501124
 20
101.16668984707589
 10
12790.676808501124
 20
97.60254233413256
 10
12799.21314351352
 20
93.15653451517692
 10
12804.91742676539
 20
86.02618045033927
 10
12814.444435155718
 20
84.23986637715286
 10
12818.25783223886
 20
78.87727672898393
 10
12823.961828410309
 20
77.09477792540554
 10
12829.679910833158
 20
71.73407565398571
 10
12840.172259641318
 20
67.2629042868721
 10
12842.104523650934
 20
63.63990926884044
 10
12843.05370027669
 20
36.054463582807614
 10
12847.619665643982
 20
36.91058208917464
 10
12847.619665643982
 20
60.129375174734825
 10
12854.41282807228
 20
61.039173714238835
 10
12863.076987255134
 20
54.72155764340714
 10
12861.175438561568
 20
49.373451942749554
 10
12865.836688511323
 20
46.751498846012154
 10
12884.898047353625
 20
48.53850123747794
 10
12885.947011972778
 20
47.55509690702142
 10
12882.151305120602
 20
42.217384146149286
 10
12886.793479799942
 20
39.60616088902047
 10
12890.616353249123
 20
39.60616088902047
 10
12893.58016277293
 20
36.82758946044906
 10
12889.764407895518
 20
33.25031926287436
 10
12900.152231227177
 20
21.741083185182642
 10
12909.682530393813
 20
19.95415209143858
 10
12917.2950701695
 20
9.24901803187761
 10
12928.71159134436
 20
9.24901803187761
 10
12937.495126795608
 20
1.0144535463332272
 10
12741.990342247263
 20
0.12037678772791605
 10
12730.514832382438
 20
3.7064736204857063
 10
12726.701029502685
 20
9.069633920138042
 10
12722.935486254784
 20
10.83473231759191
 10
12717.195412683044
 20
10.83473231759191
 10
12711.481126968756
 20
17.97758946044914
 10
12705.775358991223
 20
17.97758946044914
 10
12699.048237072553
 20
24.284266259202436
 10
12699.048237072553
 20
31.495446603306164
 10
12700.933773983415
 20
35.03082831117332
 10
12695.210650778281
 20
42.1847323175919
 10
12700.927772218884
 20
49.33113411834289
 10
12693.305956320206
 20
60.04931272585523
 10
12703.846863441819
 20
71.72815868445947
 10
12708.572046596362
 20
74.38607420889088
 10
12708.572046596362
 20
81.51376980455282
 10
12711.489644705509
 20
84.24901803187768
 10
12715.356846721206
 20
84.24901803187768
 10
12724.92628562256
 20
80.66047844387026
 10
12728.738301785279
 20
75.29983071504576
 10
12732.494825419704
 20
73.5389602614086
 10
12737.343475167792
 20
74.44808208917463
 10
12737.343475167792
 20
63.682603792979855
 10
12746.842467843262
 20
60.120481539678416
  0
LWPOLYLINE
  5
E6
330
17
100
AcDbEntity
  8
K
100
AcDbPolyline
 90
13
 70
1
 10
12824.962522786838
 20
34.99855197348811
 10
12821.152998977315
 20
31.427123402059554
 10
12821.152998977315
 20
26.156626947410054
 10
12827.759210391978
 20
19.963303746163398
 10
12833.384423941292
 20
19.963303746163398
 10
12838.095856120173
 20
26.147058480944008
 10
12838.095856120173
 20
36.78426625920239
 10
12836.195199395235
 20
38.56613193883185
 10
12835.249728071441
 20
48.31630496544348
 10
12825.849549391796
 20
46.553771463010094
 10
12821.198924168222
 20
43.937794774748795
 10
12824.962522786838
 20
38.64523421731691
 10
12824.962522786838
 20
34.99855197348811
  0
LWPOLYLINE
  5
E7
330
17
100
AcDbEntity
  8
K
100
AcDbPolyline
 90
11
 70
1
 10
12801.91411998623
 20
22.593392178980487
 10
12805.714903739221
 20
26.156626947410054
 10
12805.714903739221
 20
33.20277478810796
 10
12799.12872360686
 20
37.61316326959951
 10
12791.569717420718
 20
35.84152119472228
 10
12784.982807695362
 20
31.43064414649355
 10
12786.85084205679
 20
26.176797504978477
 10
12794.469889675836
 20
20.81965464783564
 10
12795.40929063135
 20
18.177589460449116
 10
12800.972082072942
 20
18.177589460449116
 10
12801.91411998623
 20
22.593392178980487
  0
LWPOLYLINE
  5
E8
330
17
100
AcDbEntity
  8
K
100
AcDbPolyline
 90
16
 70
1
 10
12849.524427548744
 20
565.4524041327903
 10
12856.289220631154
 20
569.9823995004748
 10
12862.03829526598
 20
566.389227853708
 10
12881.11092019212
 20
564.6011692668825
 10
12884.010141834458
 20
560.0711354507303
 10
12884.010141834458
 20
554.6414091163452
 10
12880.208563616607
 20
551.0774295371093
 10
12882.123007869759
 20
540.308680613135
 10
12871.515201756714
 20
539.4046062285006
 10
12862.057564698767
 20
542.9512201252307
 10
12859.248237072554
 20
536.805815942888
 10
12859.248237072554
 20
531.4043591724987
 10
12848.576819606806
 20
526.8568801387988
 10
12847.618255794854
 20
556.5124480709957
 10
12849.524427548744
 20
558.2994840902672
 10
12849.524427548744
 20
565.4524041327903
  0
LWPOLYLINE
  5
E9
330
17
100
AcDbEntity
  8
K
100
AcDbPolyline
 90
17
 70
1
 10
12808.60553930942
 20
528.6624938863188
 10
12805.701744130412
 20
538.644289814152
 10
12810.541737656024
 20
543.1817837444138
 10
12827.684594798882
 20
541.3960694586996
 10
12829.584882800747
 20
543.177589460449
 10
12833.345103327338
 20
543.177589460449
 10
12834.281081274677
 20
551.0749033911387
 10
12832.381570405887
 20
552.855694830631
 10
12832.381570405887
 20
556.5137698045529
 10
12837.228582865922
 20
561.0578439858357
 10
12842.105379929697
 20
558.3146456374623
 10
12842.105379929697
 20
522.4833904262932
 10
12837.254864490194
 20
519.7549754915734
 10
12834.317384529106
 20
520.6729379794136
 10
12828.597558785652
 20
531.3976112483892
 10
12823.90058567381
 20
534.0396586238004
 10
12808.60553930942
 20
528.6624938863188
  0
LWPOLYLINE
  5
EA
330
17
100
AcDbEntity
  8
K
100
AcDbPolyline
 90
4
 70
1
 10
12832.71078296527
 20
519.0035867698379
 10
12825.754321020337
 20
514.3452417174269
 10
12823.766760464641
 20
521.7985938012845
 10
12832.71078296527
 20
519.0035867698379
  0
LWPOLYLINE
  5
EB
330
17
100
AcDbEntity
  8
K
100
AcDbPolyline
 90
7
 70
1
 10
12784.749797960301
 20
544.0592455048089
 10
12793.469022203368
 20
544.9674980301281
 10
12798.32014881395
 20
540.4195668327088
 10
12794.466787562653
 20
533.1945144865274
 10
12789.65027083667
 20
528.6790300559189
 10
12786.676589984654
 20
529.6083053221739
 10
12784.749797960301
 20
544.0592455048089
  0
LWPOLYLINE
  5
EC
330
17
100
AcDbEntity
  8
K
100
AcDbPolyline
 90
6
 70
1
 10
12784.76252278684
 20
492.1262475691502
 10
12784.76252278684
 20
495.7994840902672
 10
12787.683770762762
 20
498.538154067694
 10
12798.428015499168
 20
497.62245139129556
 10
12789.639319850614
 20
489.3830492207768
 10
12784.76252278684
 20
492.1262475691502
  0
LWPOLYLINE
  5
ED
330
17
100
AcDbEntity
  8
K
100
AcDbPolyline
 90
54
 70
1
 10
12702.857760882078
 20
176.08830374616346
 10
12699.048237072553
 20
183.23116088902057
 10
12699.048237072553
 20
192.12116608604768
 10
12691.429189453507
 20
195.69259465747623
 10
12691.429189453507
 20
233.32224831982796
 10
12701.984961425402
 20
237.82044660330615
 10
12705.869630315858
 20
237.82044660330615
 10
12708.772046596363
 20
233.2854211650165
 10
12708.772046596363
 20
229.7280555188387
 10
12710.676808501124
 20
227.9423412331244
 10
12710.676808501124
 20
217.21981042352778
 10
12716.39109421541
 20
210.07695328067066
 10
12716.39109421541
 20
204.72805551883854
 10
12718.303801711843
 20
202.93489224093165
 10
12716.380476714816
 20
192.11618913264383
 10
12712.581570405886
 20
190.3354518003334
 10
12712.581570405886
 20
186.85951993160265
 10
12716.408444454239
 20
181.47797830110824
 10
12712.605863099663
 20
174.34813826128027
 10
12722.957760882078
 20
164.64323409026716
 10
12730.576808501124
 20
171.78609123312427
 10
12733.509646867402
 20
169.03655526473915
 10
12741.152998977315
 20
158.28809136017406
 10
12741.152998977315
 20
154.7280555188386
 10
12750.66606402687
 20
145.80955703488053
 10
12752.572078762143
 20
138.66200177761044
 10
12762.134825946934
 20
127.90391119472078
 10
12757.298646101975
 20
121.55642514821463
 10
12745.894734285384
 20
119.77456392687213
 10
12743.99132071509
 20
112.63676303826963
 10
12736.261770835305
 20
110.82514978519487
 10
12734.346787562652
 20
112.62044660330616
 10
12730.616353249123
 20
112.62044660330616
 10
12724.86252278684
 20
107.22623054491665
 10
12721.013454229318
 20
110.83473231759189
 10
12717.203930419795
 20
110.83473231759189
 10
12712.335358991224
 20
115.39901803187769
 10
12714.28633231065
 20
117.22805551883863
 10
12714.28633231065
 20
120.7994840902672
 10
12717.199115369423
 20
123.53021820786758
 10
12732.437210607519
 20
125.31593249358185
 10
12735.23871326303
 20
127.94234123312431
 10
12735.23871326303
 20
138.5397846548243
 10
12732.48883074535
 20
139.3991229415995
 10
12724.858359376514
 20
135.8223394874578
 10
12720.007294785248
 20
138.5510633200452
 10
12719.055472959057
 20
146.58205997853514
 10
12715.316438635735
 20
148.33473231759197
 10
12696.236367638774
 20
148.33473231759197
 10
12693.333951358267
 20
152.86975775588195
 10
12693.333951358267
 20
158.28116088902044
 10
12699.075661948318
 20
169.0468682453652
 10
12702.857760882078
 20
170.8197271205648
 10
12702.857760882078
 20
176.08830374616346
  0
LWPOLYLINE
  5
EE
330
17
100
AcDbEntity
  8
K
100
AcDbPolyline
 90
5
 70
1
 10
12741.913586354733
 20
148.31577839356058
 10
12737.349548409946
 20
147.460021278913
 10
12738.287649695136
 20
134.267971955909
 10
12742.851687639924
 20
135.12372907055658
 10
12741.913586354733
 20
148.31577839356058
  0
LWPOLYLINE
  5
EF
330
17
100
AcDbEntity
  8
K
100
AcDbPolyline
 90
8
 70
1
 10
12758.295856120172
 20
527.9423412331242
 10
12758.295856120172
 20
522.4884890738223
 10
12751.53557336438
 20
517.9615140141384
 10
12742.857760882078
 20
522.4812080153373
 10
12742.857760882078
 20
527.9423412331242
 10
12749.584882800747
 20
534.2490180318777
 10
12751.568734201503
 20
534.2490180318777
 10
12758.295856120172
 20
527.9423412331242
  0
LWPOLYLINE
  5
F0
330
17
100
AcDbEntity
  8
K
100
AcDbPolyline
 90
4
 70
1
 10
12746.913496106265
 20
442.1847323175919
 10
12743.81014183446
 20
439.2753376877739
 10
12743.81014183446
 20
445.0941269474099
 10
12746.913496106265
 20
442.1847323175919
  0
LWPOLYLINE
  5
F1
330
17
100
AcDbEntity
  8
K
100
AcDbPolyline
 90
13
 70
1
 10
12741.229009240633
 20
431.4983830239202
 10
12735.42244209887
 20
426.05472632851803
 10
12731.612918289347
 20
417.1261548999464
 10
12728.615785896756
 20
414.3163432818927
 10
12725.721757169908
 20
426.0733349847198
 10
12722.893167934351
 20
430.49300566527415
 10
12720.000618024935
 20
431.39692751196725
 10
12720.000618024935
 20
436.87091266169574
 10
12722.910653452049
 20
439.5990708746159
 10
12732.423467560817
 20
441.38272352000996
 10
12736.371077769401
 20
446.93405037583176
 10
12737.339060259501
 20
433.3217966088262
 10
12741.229009240633
 20
431.4983830239202
  0
LWPOLYLINE
  5
F2
330
17
100
AcDbEntity
  8
K
100
AcDbPolyline
 90
9
 70
1
 10
12729.756535782302
 20
411.84081119273577
 10
12725.91490373922
 20
406.43851613215276
 10
12725.91490373922
 20
402.86151803187767
 10
12717.250680031195
 20
392.93376169976335
 10
12708.572046596362
 20
401.06998054491663
 10
12708.572046596362
 20
404.74673943105256
 10
12724.839071417497
 20
412.8204466033062
 10
12728.71159134436
 20
412.8204466033062
 10
12729.756535782302
 20
411.84081119273577
  0
LWPOLYLINE
  5
F3
330
17
100
AcDbEntity
  8
K
100
AcDbPolyline
 90
16
 70
1
 10
12710.65726375313
 20
436.88923586294226
 10
12714.48633231065
 20
429.7097323175921
 10
12714.48633231065
 20
424.29832918445345
 10
12711.583916030144
 20
419.76330374616333
 10
12702.056974931405
 20
419.76330374616333
 10
12698.240287707578
 20
414.3960873376563
 10
12693.375848513198
 20
415.30816968660247
 10
12689.492319315188
 20
420.76938262130716
 10
12691.429189453507
 20
422.5851983759815
 10
12691.429189453507
 20
427.855694830631
 10
12689.396317847451
 20
429.7615119613075
 10
12698.152017563796
 20
430.6735640150933
 10
12700.96374345157
 20
433.3095570348807
 10
12702.875336074496
 20
440.4780293708469
 10
12705.840747027147
 20
441.4047202935506
 10
12710.65726375313
 20
436.88923586294226
  0
LWPOLYLINE
  5
F4
330
17
100
AcDbEntity
  8
K
100
AcDbPolyline
 90
13
 70
1
 10
12698.141156332274
 20
357.2775115960708
 10
12691.429189453507
 20
359.97428400271923
 10
12691.429189453507
 20
370.8080934202335
 10
12699.018396575599
 20
376.1442546779546
 10
12697.131961686546
 20
379.68132009492774
 10
12700.03637870262
 20
386.03473231759176
 10
12709.66397229674
 20
386.03473231759176
 10
12714.48633231065
 20
381.51376980455285
 10
12714.48633231065
 20
377.85569483063097
 10
12712.572830349356
 20
376.06178674191773
 10
12708.765170523615
 20
358.21338130875614
 10
12703.922555849362
 20
351.8574495488013
 10
12698.141156332274
 20
357.2775115960708
  0
LWPOLYLINE
  5
F5
330
17
100
AcDbEntity
  8
K
100
AcDbPolyline
 90
8
 70
1
 10
12708.865863820294
 20
86.72758946044911
 10
12697.203930419795
 20
86.72758946044911
 10
12695.23871326303
 20
88.56998054491672
 10
12695.23871326303
 20
101.17178849460518
 10
12700.127428684315
 20
103.92169091907822
 10
12704.96252278684
 20
97.5756299095154
 10
12704.96252278684
 20
92.21666278874552
 10
12708.865863820294
 20
86.72758946044911
  0
LWPOLYLINE
  5
F6
330
17
100
AcDbEntity
  8
K
100
AcDbPolyline
 90
13
 70
1
 10
12686.820985235248
 20
302.11797236968016
 10
12691.429189453507
 20
302.98201066060324
 10
12691.429189453507
 20
320.83915351774607
 10
12696.322499168764
 20
321.756649089357
 10
12703.063682126374
 20
315.43679006659454
 10
12701.148616361193
 20
301.0737968277216
 10
12696.340621632386
 20
294.76330374616333
 10
12690.616353249121
 20
294.76330374616333
 10
12688.703451549714
 20
292.9699584029698
 10
12683.826240643231
 20
293.88443544793586
 10
12681.895802829164
 20
302.93336270137473
 10
12684.889341204174
 20
305.7398049279468
 10
12686.820985235248
 20
302.11797236968016
  0
LWPOLYLINE
  5
F7
330
17
100
AcDbEntity
  8
K
100
AcDbPolyline
 90
5
 70
1
 10
12679.968509791377
 20
318.98366833559277
 10
12684.942435136985
 20
323.6467233471011
 10
12685.925069764955
 20
313.5133037461634
 10
12683.85854683275
 20
313.5133037461634
 10
12679.968509791377
 20
318.98366833559277
  0
LWPOLYLINE
  5
F8
330
17
100
AcDbEntity
  8
K
100
AcDbPolyline
 90
5
 70
1
 10
12680.000618024935
 20
220.78356532435163
 10
12684.939579716149
 20
229.11806317827597
 10
12685.925054296551
 20
215.25982689137268
 10
12680.000618024935
 20
217.11121322625283
 10
12680.000618024935
 20
220.78356532435163
  0
LWPOLYLINE
  5
F9
330
17
100
AcDbEntity
  8
K
100
AcDbPolyline
 90
33
 70
1
 10
12635.30983362702
 20
437.84442516422985
 10
12642.98003550937
 20
434.24901803187754
 10
12646.712558114965
 20
434.24901803187754
 10
12649.524427548744
 20
438.6425640221591
 10
12649.524427548744
 20
442.2280555188386
 10
12652.481570405887
 20
445.0003769474099
 10
12654.425877058646
 20
443.17758946044916
 10
12658.156311372177
 20
443.17758946044916
 10
12663.920658362316
 20
448.5816647637052
 10
12669.68342383098
 20
441.37820792787466
 10
12672.602893103423
 20
440.46587378023617
 10
12670.688846382438
 20
433.28819857653656
 10
12673.481058788297
 20
430.6704994460443
 10
12678.408136857925
 20
429.7466723079889
 10
12676.39109421541
 20
427.855694830631
 10
12676.39109421541
 20
418.92712340205964
 10
12673.473496106264
 20
416.1918751747348
 10
12669.591094215411
 20
416.1918751747348
 10
12660.099780541781
 20
423.31036042995675
 10
12651.629189453504
 20
417.13388776142267
 10
12651.629189453504
 20
413.58404347016733
 10
12648.7230281194
 20
409.04316638562767
 10
12640.000618024935
 20
409.95175077046787
 10
12640.000618024935
 20
433.15616088902055
 10
12634.48633231065
 20
433.15616088902055
 10
12634.48633231065
 20
422.4985519734882
 10
12631.568734201503
 20
419.76330374616333
 10
12625.775358991223
 20
419.76330374616333
 10
12622.811549467415
 20
422.54187517473486
 10
12624.76252278684
 20
424.3709126616958
 10
12624.76252278684
 20
429.7677249463175
 10
12629.569523570193
 20
430.66903759319644
 10
12635.30983362702
 20
437.84442516422985
  0
LWPOLYLINE
  5
FA
330
17
100
AcDbEntity
  8
K
100
AcDbPolyline
 90
8
 70
1
 10
12658.21773603533
 20
271.7655788126626
 10
12663.038216134082
 20
267.24637872008503
 10
12666.891577385379
 20
260.0213263739036
 10
12663.946036715679
 20
257.2598819960613
 10
12653.37129677033
 20
258.16113824140365
 10
12651.429189453505
 20
261.80258946044887
 10
12651.429189453505
 20
269.03803777532175
 10
12658.21773603533
 20
271.7655788126626
  0
LWPOLYLINE
  5
FB
330
17
100
AcDbEntity
  8
K
100
AcDbPolyline
 90
17
 70
1
 10
12640.007192770478
 20
490.48324342539263
 10
12644.922996563797
 20
491.4049566366397
 10
12648.738101797067
 20
482.4633037461633
 10
12652.507765514229
 20
482.4633037461633
 10
12657.333664796564
 20
479.7487353998492
 10
12659.26210466589
 20
468.901261134885
 10
12650.550965213199
 20
466.1790300559189
 10
12646.727739943606
 20
469.7633037461634
 10
12637.283019915789
 20
469.7633037461634
 10
12633.418812256441
 20
466.14060906552544
 10
12629.562451430056
 20
471.56361647762856
 10
12626.645961994065
 20
472.47501942637615
 10
12628.57897996263
 20
479.7238368084976
 10
12633.49849464969
 20
488.02551784291103
 10
12634.476988387285
 20
479.76947693194813
 10
12639.057642886413
 20
478.91060421336164
 10
12640.007192770478
 20
490.48324342539263
  0
LWPOLYLINE
  5
FC
330
17
100
AcDbEntity
  8
K
100
AcDbPolyline
 90
7
 70
1
 10
12645.91490373922
 20
277.9309485030309
 10
12645.91490373922
 20
270.65616088902044
 10
12640.054491182633
 20
270.65616088902044
 10
12632.353143888915
 20
279.6811772488471
 10
12637.21666450841
 20
286.0645480619354
 10
12642.073908193652
 20
283.3323484889879
 10
12645.91490373922
 20
277.9309485030309
  0
LWPOLYLINE
  5
FD
330
17
100
AcDbEntity
  8
K
100
AcDbPolyline
 90
11
 70
1
 10
12626.867284691602
 20
306.5137698045529
 10
12626.867284691602
 20
302.94234123312435
 10
12630.676808501124
 20
299.3709126616958
 10
12630.676808501124
 20
295.7027747881079
 10
12623.926006426025
 20
291.1821483985314
 10
12620.992763333874
 20
292.09878686482824
 10
12616.23085857197
 20
298.34878686482836
 10
12613.333951358267
 20
299.25407036911014
 10
12613.333951358267
 20
302.9558029495224
 10
12623.923589011918
 20
309.2734845042565
 10
12626.867284691602
 20
306.5137698045529
  0
LWPOLYLINE
  5
FE
330
17
100
AcDbEntity
  8
K
100
AcDbPolyline
 90
8
 70
1
 10
12610.598688416283
 20
467.96102867966414
 10
12603.769474339299
 20
470.704909335596
 10
12607.639210391979
 20
477.9606644343709
 10
12614.386332310649
 20
484.2860912331243
 10
12617.389686582454
 20
481.4704466033063
 10
12615.43871326303
 20
479.64140911634513
 10
12615.43871326303
 20
472.498551973488
 10
12610.598688416283
 20
467.96102867966414
  0
LWPOLYLINE
  5
FF
330
17
100
AcDbEntity
  8
K
100
AcDbPolyline
 90
18
 70
1
 10
12597.255730167532
 20
403.6662910357457
 10
12591.500509830865
 20
407.2633037461634
 10
12583.870597086461
 20
407.2633037461634
 10
12582.005379929697
 20
409.01194483063097
 10
12574.417737264
 20
401.8985298315415
 10
12569.524427548744
 20
402.81602540315197
 10
12569.524427548744
 20
408.29530181201267
 10
12581.96164076533
 20
421.7490180318776
 10
12583.949686582455
 20
421.7490180318776
 10
12591.514050351678
 20
414.6574269982298
 10
12595.287118261322
 20
419.9633037461633
 10
12599.18778182055
 20
419.9633037461633
 10
12602.976699171642
 20
416.41119372951306
 10
12610.569548161662
 20
419.9703416935844
 10
12613.541326062432
 20
419.0416610995941
 10
12612.572342492229
 20
409.04901803187767
 10
12602.997305630075
 20
409.04901803187767
 10
12597.255730167532
 20
403.6662910357457
  0
LWPOLYLINE
  5
100
330
17
100
AcDbEntity
  8
K
100
AcDbPolyline
 90
9
 70
1
 10
12596.166801521633
 20
254.70528111842304
 10
12601.01345422932
 20
259.2490180318777
 10
12604.822978038843
 20
259.2490180318777
 10
12606.767284691601
 20
261.07180551883846
 10
12609.715687492211
 20
258.30767789326615
 10
12611.644543113263
 20
249.26616716958605
 10
12604.872750617877
 20
246.5453576848323
 10
12600.034984027141
 20
247.4524389205953
 10
12596.166801521633
 20
254.70528111842304
  0
LWPOLYLINE
  5
101
330
17
100
AcDbEntity
  8
K
100
AcDbPolyline
 90
14
 70
1
 10
12599.108692324558
 20
309.04901803187755
 10
12591.489644705509
 20
309.04901803187755
 10
12588.572046596364
 20
311.7842662592024
 10
12588.572046596364
 20
315.35569483063097
 10
12586.638251300703
 20
317.1686279203111
 10
12589.569700972106
 20
321.7490180318777
 10
12599.18778182055
 20
321.7490180318777
 10
12601.092543725312
 20
319.9633037461632
 10
12604.822978038843
 20
319.9633037461632
 10
12606.741441403676
 20
321.76186315069367
 10
12609.724427548745
 20
320.8296799803595
 10
12609.724427548745
 20
306.3704466033063
 10
12601.9658351817
 20
306.3704466033063
 10
12599.108692324558
 20
309.04901803187755
  0
LWPOLYLINE
  5
102
330
17
100
AcDbEntity
  8
K
100
AcDbPolyline
 90
6
 70
1
 10
12587.69129085324
 20
244.9737755810887
 10
12598.308355649018
 20
242.25918515034982
 10
12597.328418393345
 20
235.82834690998124
 10
12584.76252278684
 20
236.7345413046812
 10
12584.76252278684
 20
242.22805551883863
 10
12587.69129085324
 20
244.9737755810887
  0
LWPOLYLINE
  5
103
330
17
100
AcDbEntity
  8
K
100
AcDbPolyline
 90
9
 70
1
 10
12589.69359467422
 20
344.96727005416983
 10
12590.689688982193
 20
342.16575481299225
 10
12584.936138481846
 20
334.9738166875559
 10
12576.316937503338
 20
326.89331577020465
 10
12573.351526550685
 20
327.82000669290835
 10
12571.417151572194
 20
335.0739128622507
 10
12577.097263753129
 20
340.3990180318776
 10
12573.19496898925
 20
344.0574193730134
 10
12589.69359467422
 20
344.96727005416983
  0
LWPOLYLINE
  5
104
330
17
100
AcDbEntity
  8
K
100
AcDbPolyline
 90
7
 70
1
 10
13960.200618024935
 20
195.79948409026716
 10
13960.200618024935
 20
190.44234123312432
 10
13962.11495703023
 20
188.6476484156604
 10
13961.126001018596
 20
184.01191711113285
 10
13954.281413834522
 20
186.76197446187714
 10
13955.253864738315
 20
200.43706529647244
 10
13960.200618024935
 20
195.79948409026716
  0
LWPOLYLINE
  5
105
330
17
100
AcDbEntity
  8
K
100
AcDbPolyline
 90
18
 70
1
 10
13820.920890743757
 20
27.885796299591092
 10
13824.76252278684
 20
33.288091360173965
 10
13824.76252278684
 20
36.87091266169573
 10
13827.680120895986
 20
39.60616088902047
 10
13833.384423941292
 20
39.60616088902047
 10
13838.081033115337
 20
45.770460429954696
 10
13834.266899144053
 20
54.7098369251543
 10
13839.101129642526
 20
59.241928017472965
 10
13848.76611177462
 20
61.05411216724055
 10
13849.72570467554
 20
42.16212693033605
 10
13847.800120895987
 20
38.551657343669945
 10
13844.902067534837
 20
35.834732317591936
 10
13841.01345422932
 20
35.834732317591936
 10
13839.122393784628
 20
37.607601484490274
 10
13836.38524803359
 20
36.752243437290886
 10
13835.430281061266
 20
25.113583462088695
 10
13822.915220829524
 20
26.016111844185396
 10
13820.920890743757
 20
27.885796299591092
  0
LWPOLYLINE
  5
106
330
17
100
AcDbEntity
  8
K
100
AcDbPolyline
 90
19
 70
1
 10
13769.524427548744
 20
8.29948409026715
 10
13775.238713263028
 20
13.65662694740999
 10
13775.238713263028
 20
17.12930755344111
 10
13769.46122885089
 20
20.740235311028755
 10
13770.537263753129
 20
21.749018031877675
 10
13774.32633231065
 20
21.749018031877675
 10
13776.218519091175
 20
25.296868245365257
 10
13780.100618024935
 20
27.11660212056477
 10
13787.741940271277
 20
23.534732317591956
 10
13791.489644705509
 20
23.534732317591956
 10
13797.217631879865
 20
28.904720293550735
 10
13805.911553080572
 20
26.187869918329774
 10
13806.87202985543
 20
5.477589460449073
 10
13799.176916695196
 20
5.477589460449073
 10
13793.462630980908
 20
1.906160889020514
 10
13787.75921039198
 20
1.906160889020514
 10
13785.852098486788
 20
0.1182434779049002
 10
13769.524427548744
 20
1.0186665075765378
 10
13769.524427548744
 20
8.29948409026715
  0
LWPOLYLINE
  5
107
330
17
100
AcDbEntity
  8
K
100
AcDbPolyline
 90
24
 70
1
 10
13732.44202565789
 20
1.906160889020514
 10
13730.537263753127
 20
3.6918751747347933
 10
13721.092543725312
 20
3.6918751747347933
 10
13719.182516106142
 20
1.901224281763425
 10
13697.019072467747
 20
4.611427987545658
 10
13699.048237072553
 20
6.513769804552871
 10
13699.048237072553
 20
10.085198375981431
 10
13703.884298546533
 20
14.619006007836388
 10
13709.610394831077
 20
12.829600918915718
 10
13715.31003364039
 20
16.39187517473473
 10
13721.079194085656
 20
16.39187517473473
 10
13730.588197823527
 20
11.04306057218185
 10
13736.316937503338
 20
12.833291722122109
 10
13738.235400868169
 20
11.034732317591889
 10
13743.85854683275
 20
11.034732317591889
 10
13747.692770526688
 20
16.42660938719398
 10
13753.46263098091
 20
12.820446603306168
 10
13759.119557449912
 20
12.820446603306168
 10
13764.848490069173
 20
16.40102949034428
 10
13767.8364790601
 20
15.467282930679671
 10
13766.848201595974
 20
10.83473231759191
 10
13761.07747992336
 20
10.83473231759191
 10
13743.934622780502
 20
1.906160889020514
 10
13732.44202565789
 20
1.906160889020514
  0
LWPOLYLINE
  5
108
330
17
100
AcDbEntity
  8
K
100
AcDbPolyline
 90
27
 70
1
 10
13667.680120895986
 20
3.6918751747347933
 10
13663.870597086461
 20
7.263303746163352
 10
13658.156311372177
 20
7.263303746163352
 10
13656.29109421541
 20
9.011944830630947
 10
13652.528677835915
 20
5.48467947485376
 10
13643.004868312106
 20
3.6989651891394804
 10
13639.177560452661
 20
0.11086407090921124
 10
13631.48031715333
 20
1.9149054691898204
 10
13628.5258351817
 20
4.684732317591922
 10
13630.476808501126
 20
6.513769804552871
 10
13630.476808501126
 20
13.680894918179032
 10
13637.289474339297
 20
16.418126728159454
 10
13639.220812196789
 20
12.79686824536519
 10
13642.950918795123
 20
11.048380777396115
 10
13648.643366973722
 20
14.606160889020448
 10
13652.541570405887
 20
14.606160889020448
 10
13654.422545492045
 20
11.079332602474846
 10
13660.969863028486
 20
15.463697024198254
 10
13661.938925864424
 20
18.189186250277324
 10
13673.40116520136
 20
16.398211353880864
 10
13675.299168515034
 20
18.177589460449116
 10
13681.085585797204
 20
18.177589460449116
 10
13689.724427548743
 20
11.878434016618034
 10
13689.724427548743
 20
6.409779443908414
 10
13681.055332546515
 20
1.894625796914018
 10
13677.221200540498
 20
3.6918751747347933
 10
13667.680120895986
 20
3.6918751747347933
  0
LWPOLYLINE
  5
109
330
17
100
AcDbEntity
  8
K
100
AcDbPolyline
 90
27
 70
1
 10
13587.76677307401
 20
437.6275366177108
 10
13583.929080124024
 20
434.02969947709926
 10
13580.043803156237
 20
435.85092305575046
 10
13578.972226809236
 20
436.85552588106304
 10
13582.857760882078
 20
438.6768699777074
 10
13582.857760882078
 20
451.03031111743775
 10
13578.24955666382
 20
451.8943494083608
 10
13576.305994690774
 20
448.25017070889714
 10
13571.429189453505
 20
454.65097758281127
 10
13571.429189453505
 20
458.321562446499
 10
13585.800451013632
 20
464.6089893790545
 10
13599.081170796731
 20
462.8303215509612
 10
13600.975507074489
 20
468.1581423321547
 10
13606.715598115748
 20
469.95192078254854
 10
13610.54748512102
 20
473.54431484998884
 10
13618.24472842035
 20
471.7402734517081
 10
13622.005379929697
 20
468.21466266169574
 10
13623.870597086463
 20
469.9633037461634
 10
13633.50452872659
 20
469.9633037461634
 10
13634.502484857223
 20
467.15655212875873
 10
13623.043854560561
 20
456.4140862256395
 10
13622.088515878528
 20
453.7271961824142
 10
13615.409585620204
 20
449.2546982415736
 10
13603.961736836167
 20
433.15616088902055
 10
13601.95585251272
 20
433.15616088902055
 10
13597.201300430423
 20
439.3965104970382
 10
13587.76677307401
 20
437.6275366177108
  0
LWPOLYLINE
  5
10A
330
17
100
AcDbEntity
  8
K
100
AcDbPolyline
 90
6
 70
1
 10
13618.25020780753
 20
16.408988829817783
 10
13623.117379796144
 20
6.370446603306212
 10
13617.218994221748
 20
6.370446603306212
 10
13608.590992768432
 20
10.864197360241468
 10
13607.588736061234
 20
13.683044349230734
 10
13618.25020780753
 20
16.408988829817783
  0
LWPOLYLINE
  5
10B
330
17
100
AcDbEntity
  8
K
100
AcDbPolyline
 90
34
 70
1
 10
13556.202924380654
 20
118.88523581859734
 10
13555.252797022986
 20
125.12044660330623
 10
13549.584882800747
 20
125.12044660330623
 10
13547.685897322819
 20
126.90074548886466
 10
13541.152998977315
 20
126.02580374616335
 10
13541.152998977315
 20
122.59064980288636
 10
13552.635154597538
 20
113.62021572458846
 10
13548.772046596363
 20
109.99855197348818
 10
13548.772046596363
 20
99.37091266169573
 10
13550.676808501124
 20
97.58519837598145
 10
13550.676808501124
 20
93.92712340205955
 10
13548.765691418415
 20
92.1354511370196
 10
13547.805581884028
 20
85.83473231759197
 10
13543.961736836167
 20
85.83473231759197
 10
13540.14005737319
 20
80.46049557278023
 10
13531.429189453507
 20
83.18264179768153
 10
13531.429189453507
 20
165.48914243614433
 10
13540.128482207218
 20
166.39531876465597
 10
13548.772046596363
 20
160.09271973090378
 10
13548.772046596363
 20
156.5137698045529
 10
13551.568734201503
 20
153.8918751747348
 10
13559.12596244526
 20
153.8918751747348
 10
13562.960094451277
 20
155.68912455255557
 10
13571.629189453504
 20
151.17397090556116
 10
13571.629189453504
 20
145.81464563746226
 10
13576.308417041699
 20
143.1825801191038
 10
13585.903888930809
 20
144.9817310983118
 10
13586.872586320078
 20
134.9920392714632
 10
13580.09021271806
 20
130.45027123439735
 10
13578.195856120174
 20
132.22623054491666
 10
13576.330638963407
 20
130.47758946044908
 10
13568.72820609672
 20
130.47758946044908
 10
13561.102445296112
 20
117.96657564694945
 10
13556.202924380654
 20
118.88523581859734
  0
LWPOLYLINE
  5
10C
330
17
100
AcDbEntity
  8
K
100
AcDbPolyline
 90
7
 70
1
 10
13570.631566501412
 20
200.4430664662117
 10
13571.622672887592
 20
195.79725528098945
 10
13579.342054296485
 20
184.9418751747348
 10
13567.680120895986
 20
184.9418751747348
 10
13563.81014183446
 20
188.5699805449167
 10
13563.81014183446
 20
192.2208135194371
 10
13570.631566501412
 20
200.4430664662117
  0
LWPOLYLINE
  5
10D
330
17
100
AcDbEntity
  8
K
100
AcDbPolyline
 90
10
 70
1
 10
13570.5726450908
 20
414.61855371915436
 10
13574.456661093243
 20
412.79792121800915
 10
13579.248237072554
 20
404.7121367529231
 10
13579.248237072554
 20
399.2599982884334
 10
13572.536270193785
 20
396.5632258817852
 10
13566.801053012763
 20
391.186459774579
 10
13559.878516370438
 20
392.11358521774764
 10
13561.914119986228
 20
394.0219636075518
 10
13565.726524771751
 20
411.89261103968977
 10
13570.5726450908
 20
414.61855371915436
  0
LWPOLYLINE
  5
10E
330
17
100
AcDbEntity
  8
K
100
AcDbPolyline
 90
207
 70
1
 10
13480.013361627414
 20
129.62383944088518
 10
13472.381570405887
 20
134.98994264352183
 10
13472.381570405887
 20
140.35569483063094
 10
13469.584882800747
 20
142.97758946044914
 10
13463.932416461752
 20
142.97758946044914
 10
13456.272155925844
 20
139.38684233424226
 10
13453.333951358267
 20
142.14140911634522
 10
13453.333951358267
 20
145.71283768777377
 10
13449.524427548744
 20
149.28426625920244
 10
13449.524427548744
 20
152.87401803187763
 10
13443.777971928797
 20
163.64862231927634
 10
13449.53076604515
 20
167.24411864199683
 10
13450.48663496432
 20
175.30926264748393
 10
13457.143475167792
 20
176.20080374616342
 10
13457.143475167792
 20
179.72805551883863
 10
13460.952998977316
 20
183.29948409026719
 10
13460.952998977316
 20
186.73574966045103
 10
13450.612703382345
 20
187.61702485320419
 10
13446.798689644955
 20
184.04138697439853
 10
13437.274880121144
 20
185.8271012601128
 10
13435.26270450999
 20
183.94068662465835
 10
13434.290033673875
 20
192.1475968044024
 10
13426.6672846916
 20
202.86708756072426
 10
13426.6672846916
 20
206.56057100757297
 10
13435.294874706655
 20
207.4592783008079
 10
13437.203930419795
 20
209.24901803187768
 10
13448.752963500736
 20
209.24901803187768
 10
13449.734004649277
 20
204.65038764809483
 10
13447.819665643981
 20
202.85569483063094
 10
13447.819665643981
 20
199.3709126616957
 10
13450.616353249121
 20
196.7490180318776
 10
13456.26241459277
 20
196.7490180318776
 10
13462.017634929438
 20
200.34603074229528
 10
13469.65027083667
 20
193.190434579265
 10
13472.40407850306
 20
194.0509994750117
 10
13473.390904519025
 20
196.8264476449142
 10
13474.485577662628
 20
195.80019157278605
 10
13475.436628411115
 20
141.41197689372643
 10
13480.000618024935
 20
142.26772494631746
 10
13480.000618024935
 20
195.69259465747623
 10
13476.19109421541
 20
197.4783089431905
 10
13476.19109421541
 20
201.08137327500975
 10
13472.369913085695
 20
206.45490923867283
 10
13474.277319222989
 20
211.81948899981163
 10
13470.512705937022
 20
218.8781389109985
 10
13463.855743877675
 20
219.76969632966126
 10
13459.013980212098
 20
226.12451114073207
 10
13460.952998977316
 20
227.9423412331244
 10
13460.952998977316
 20
233.2128376877739
 10
13459.048237072553
 20
234.9985519734882
 10
13459.048237072553
 20
240.31151803187768
 10
13452.436545977669
 20
241.19701237494263
 10
13450.576808501126
 20
242.94051625920233
 10
13448.672046596363
 20
241.15480197348805
 10
13446.727739943604
 20
242.977589460449
 10
13442.908233465101
 20
242.977589460449
 10
13438.095856120173
 20
249.29383472566846
 10
13438.095856120173
 20
252.85569483063097
 10
13433.38892693005
 20
257.26844094637113
 10
13426.679717418778
 20
258.1669957916307
 10
13425.7389523568
 20
264.34076651085735
 10
13420.057027357056
 20
260.78956338601654
 10
13417.143475167792
 20
267.1629588000307
 10
13417.143475167792
 20
277.9625842634218
 10
13420.984364422387
 20
279.7630011015141
 10
13426.61641484757
 20
288.56307989085883
 10
13417.143475167792
 20
292.1154322707752
 10
13417.143475167792
 20
308.2994840902672
 10
13419.048237072553
 20
310.08519837598146
 10
13419.048237072553
 20
347.58519837598135
 10
13422.015896457553
 20
350.36737904941964
 10
13427.76772812873
 20
343.1775894604491
 10
13431.555384561847
 20
343.1775894604491
 10
13436.39109421541
 20
340.45750278031926
 10
13436.39109421541
 20
334.998551973488
 10
13433.482823658444
 20
332.27204832633294
 10
13425.863776039398
 20
330.48633404061866
 10
13423.089869115636
 20
327.88579629959105
 10
13426.867284691602
 20
322.5738056458881
 10
13426.867284691602
 20
301.2084911938012
 10
13444.890999578149
 20
300.31916315663585
 10
13449.71775078843
 20
297.604115600853
 10
13450.665656532054
 20
289.6061608890205
 10
13456.239499213701
 20
289.6061608890205
 10
13463.853817534324
 20
300.31379602739526
 10
13470.476808501126
 20
301.20080374616344
 10
13470.476808501126
 20
311.7445968317235
 10
13465.82815875304
 20
312.6162186594895
 10
13461.98644164013
 20
310.81541376281376
 10
13459.03865997202
 20
313.5789590766663
 10
13460.970361104228
 20
322.6338081338883
 10
13469.580588992369
 20
323.53070687223607
 10
13472.381570405887
 20
326.15662694740996
 10
13472.381570405887
 20
331.5192212314576
 10
13483.7823678568
 20
340.4260942399845
 10
13481.873210024036
 20
344.0057651764191
 10
13493.301781452608
 20
351.1486223192762
 10
13491.425328674211
 20
354.6669712787679
 10
13492.39565416584
 20
361.0347323175919
 10
13500.129297647576
 20
361.0347323175919
 10
13505.80264873948
 20
357.48888788515245
 10
13508.564101004691
 20
360.0777493837889
 10
13506.650559402702
 20
370.84142089497163
 10
13513.374719165071
 20
371.74197800600285
 10
13519.119045442116
 20
380.7174878138867
 10
13525.91490373922
 20
376.16668984707604
 10
13525.91490373922
 20
367.2097323175921
 10
13527.843958337759
 20
363.5927549453323
 10
13525.91490373922
 20
361.78426625920247
 10
13525.91490373922
 20
324.2483170952645
 10
13518.295856120172
 20
322.4626028095502
 10
13518.295856120172
 20
313.7008037461634
 10
13524.926625350941
 20
312.81275429561373
 10
13526.820985235248
 20
309.2608295125373
 10
13531.430786008697
 20
310.1251671575588
 10
13532.383490995351
 20
359.2490180318776
 10
13534.425877058646
 20
359.2490180318776
 10
13541.139092655802
 20
352.9553784095444
 10
13542.075957298019
 20
350.3204466033062
 10
13545.849750797366
 20
350.3204466033062
 10
13558.323333173495
 20
340.42553750685755
 10
13556.39109421541
 20
336.8025894604488
 10
13556.39109421541
 20
309.9683560833958
 10
13553.394512010012
 20
309.03192414420863
 10
13549.572832547035
 20
314.4061608890206
 10
13541.9658351817
 20
314.4061608890206
 10
13540.113032039839
 20
316.14316383451546
 10
13535.493349595
 20
310.0798306256672
 10
13539.220812196789
 20
308.3325825310793
 10
13541.152998977315
 20
304.7097323175921
 10
13541.152998977315
 20
301.06998054491675
 10
13537.353052268325
 20
297.5075305052378
 10
13539.23384367779
 20
288.6913207733656
 10
13541.979536641771
 20
287.8332917221221
 10
13543.870597086463
 20
289.6061608890205
 10
13551.59342877582
 20
289.6061608890205
 10
13554.48633231065
 20
283.2779344065818
 10
13554.48633231065
 20
277.94234123312424
 10
13556.39109421541
 20
276.15662694740996
 10
13556.39109421541
 20
242.20973231759214
 10
13558.328946109841
 20
238.57626001553623
 10
13547.725300250668
 20
232.25022129273498
 10
13543.929080124026
 20
234.02969947709929
 10
13541.152998977315
 20
231.4271234020596
 10
13541.152998977315
 20
227.86215063855641
 10
13533.571967640137
 20
218.97812954030027
 10
13536.330638963407
 20
216.3918751747348
 10
13540.15014544191
 20
216.3918751747348
 10
13544.996779647296
 20
210.0306677801661
 10
13542.036784883048
 20
207.25567268868417
 10
13532.383436115813
 20
209.06567558254073
 10
13531.431433207135
 20
251.0133037461634
 10
13525.91490373922
 20
251.0133037461634
 10
13525.91490373922
 20
184.9543751747348
 10
13519.222009975958
 20
184.05800547429806
 10
13517.323009476118
 20
178.7170665684986
 10
13506.867284691602
 20
174.26150202964175
 10
13506.867284691602
 20
167.27657211758995
 10
13517.279811965609
 20
166.38914081582777
 10
13525.91490373922
 20
160.09271973090378
 10
13525.91490373922
 20
84.94187517473483
 10
13518.095856120173
 20
84.94187517473483
 10
13518.095856120173
 20
93.90688037176199
 10
13510.501124261988
 20
97.46691093028615
 10
13507.650275199565
 20
103.70314325433749
 10
13498.227261073524
 20
105.46995840296991
 10
13495.438713263029
 20
102.85569483063095
 10
13495.438713263029
 20
95.84366088902053
 10
13502.03767767606
 20
94.95987101227522
 10
13506.935156658059
 20
92.20503908490052
 10
13504.969309257043
 20
90.36205714644841
 10
13505.900819979266
 20
84.24901803187768
 10
13517.332323198723
 20
84.24901803187768
 10
13518.29086706147
 20
76.16130418994416
 10
13521.100106407344
 20
73.5276423031872
 10
13525.898804930448
 20
72.6278863301052
 10
13526.844731945042
 20
68.19385344919493
 10
13531.445288262277
 20
69.05645775867664
 10
13532.407990565407
 20
73.56912480458865
 10
13541.982314669178
 20
69.97875326567416
 10
13545.789060451294
 20
73.54757743640783
 10
13548.772046596363
 20
72.61539426607378
 10
13548.772046596363
 20
69.00552470924204
 10
13554.514394795397
 20
61.82758946044908
 10
13548.800109081112
 20
54.684732317591966
 10
13554.522172908219
 20
47.53215253370924
 10
13552.581570405886
 20
45.712837687773785
 10
13552.581570405886
 20
40.29901803187763
 10
13548.60146922804
 20
40.29901803187763
 10
13547.642173741155
 20
42.99703658874354
 10
13541.936432148153
 20
44.78008083655649
 10
13540.023600451568
 20
48.36664026765125
 10
13532.43683199981
 20
53.70108683529495
 10
13526.689792788775
 20
55.49703658874361
 10
13525.729581143076
 20
58.19763184227122
 10
13502.884598770144
 20
77.83003856900838
 10
13498.13562047673
 20
84.06307257911428
 10
13495.23871326303
 20
84.96835608339582
 10
13495.23871326303
 20
86.78817314238707
 10
13481.879306104156
 20
101.10182366975184
 10
13484.807796210202
 20
105.67758946044903
 10
13490.537263753127
 20
105.67758946044903
 10
13493.333951358269
 20
108.29948409026713
 10
13493.333951358269
 20
117.13134621667942
 10
13486.728690823362
 20
121.55451175344689
 10
13481.92499768726
 20
122.45520421646606
 10
13480.013361627414
 20
129.62383944088518
  0
LWPOLYLINE
  5
10F
330
17
100
AcDbEntity
  8
K
100
AcDbPolyline
 90
5
 70
1
 10
13530.490093993038
 20
280.4595878614572
 10
13525.925210740925
 20
279.603672251686
 10
13526.853999199688
 20
271.7670196308696
 10
13531.4188824518
 20
272.62293524064074
 10
13530.490093993038
 20
280.4595878614572
  0
LWPOLYLINE
  5
110
330
17
100
AcDbEntity
  8
K
100
AcDbPolyline
 90
6
 70
1
 10
13518.300764389243
 20
288.66902759325274
 10
13522.975083708365
 20
286.0397229762467
 10
13527.619665643982
 20
286.91058208917474
 10
13527.619665643982
 20
299.2374650561823
 10
13519.23954321042
 20
300.11039447634494
 10
13518.300764389243
 20
288.66902759325274
  0
LWPOLYLINE
  5
111
330
17
100
AcDbEntity
  8
K
100
AcDbPolyline
 90
7
 70
1
 10
13508.772046596363
 20
258.29948409026713
 10
13511.564260298606
 20
255.68178374441396
 10
13519.979608134114
 20
256.5583824772791
 10
13518.104596176705
 20
265.34750102763195
 10
13515.316833347872
 20
267.9610286796642
 10
13508.772046596363
 20
265.331426859862
 10
13508.772046596363
 20
258.29948409026713
  0
LWPOLYLINE
  5
112
330
17
100
AcDbEntity
  8
K
100
AcDbPolyline
 90
14
 70
1
 10
13509.61758546179
 20
316.1782267149306
 10
13502.02765455699
 20
312.6204466033061
 10
13498.25058269681
 20
312.6204466033061
 10
13495.438713263029
 20
308.2269006130246
 10
13495.438713263029
 20
295.7779344065817
 10
13498.260095442485
 20
289.6061608890205
 10
13501.9658351817
 20
289.6061608890205
 10
13504.776429108353
 20
292.24109269525843
 10
13506.684736538798
 20
297.608207343384
 10
13512.381570405887
 20
301.16872851031405
 10
13512.381570405887
 20
304.71666278874534
 10
13516.179436895218
 20
310.05741253936816
 10
13515.256165110226
 20
312.65411443465695
 10
13509.61758546179
 20
316.1782267149306
  0
LWPOLYLINE
  5
113
330
17
100
AcDbEntity
  8
K
100
AcDbPolyline
 90
26
 70
1
 10
13487.61966564398
 20
295.72240615423993
 10
13482.923269215134
 20
301.8864264671007
 10
13473.526088439094
 20
298.3624836760849
 10
13472.574334519384
 20
290.33205997853537
 10
13461.152998977315
 20
284.97830894319065
 10
13461.152998977315
 20
277.94234123312424
 10
13465.854448487218
 20
273.53473231759193
 10
13469.676022550453
 20
273.53473231759193
 10
13473.485546359976
 20
268.1775894604491
 10
13483.04853296842
 20
268.1775894604491
 10
13484.002190946903
 20
258.34299155733044
 10
13495.438713263029
 20
256.55603494543556
 10
13495.438713263029
 20
249.3568497364448
 10
13498.25058269681
 20
244.96330374616326
 10
13505.775358991224
 20
244.96330374616326
 10
13508.565260126157
 20
247.57883606016395
 10
13507.633749403938
 20
253.6918751747347
 10
13503.885660888414
 20
253.6918751747347
 10
13495.23871326303
 20
258.1954937296228
 10
13495.23871326303
 20
261.879521991662
 10
13502.857760882078
 20
267.2366648488048
 10
13502.857760882078
 20
276.0613712149503
 10
13495.244664263626
 20
281.41432977479855
 10
13494.296158773843
 20
289.4173448448426
 10
13487.61966564398
 20
290.3115180318777
 10
13487.61966564398
 20
295.72240615423993
  0
LWPOLYLINE
  5
114
330
17
100
AcDbEntity
  8
K
100
AcDbPolyline
 90
7
 70
1
 10
13507.649088275659
 20
323.53473231759176
 10
13508.555894049789
 20
326.08512355733
 10
13501.9658351817
 20
332.26330374616344
 10
13498.25058269681
 20
332.26330374616344
 10
13495.44508258547
 20
327.8797098221936
 10
13496.372011119784
 20
323.53473231759176
 10
13507.649088275659
 20
323.53473231759176
  0
LWPOLYLINE
  5
115
330
17
100
AcDbEntity
  8
K
100
AcDbPolyline
 90
7
 70
1
 10
13472.28018440216
 20
247.59360135198293
 10
13470.481797559827
 20
249.27958901666824
 10
13469.535579517813
 20
257.2633037461632
 10
13462.054907346672
 20
257.2633037461632
 10
13457.369193060957
 20
251.11330374616335
 10
13462.04478085708
 20
244.97659476375244
 10
13472.28018440216
 20
247.59360135198293
  0
LWPOLYLINE
  5
116
330
17
100
AcDbEntity
  8
K
100
AcDbPolyline
 90
8
 70
1
 10
13543.86126953428
 20
186.02598773742264
 10
13551.558512833612
 20
187.83002913570323
 10
13554.477592254116
 20
185.09339217898045
 10
13556.414677786452
 20
176.01330374616342
 10
13542.918216134081
 20
176.01330374616342
 10
13540.952998977316
 20
177.85569483063102
 10
13540.952998977316
 20
183.29948409026719
 10
13543.86126953428
 20
186.02598773742264
  0
LWPOLYLINE
  5
117
330
17
100
AcDbEntity
  8
K
100
AcDbPolyline
 90
66
 70
1
 10
13471.449277103358
 20
403.5798841452255
 10
13469.66397229674
 20
401.90616088902055
 10
13461.9831053024
 20
401.90616088902055
 10
13458.202698207127
 20
403.6782267149307
 10
13452.469315406144
 20
400.09486246431715
 10
13446.75502969186
 20
405.45200532146
 10
13441.040743977574
 20
401.8805767500314
 10
13439.9910409244
 20
402.86467336238053
 10
13441.91251596364
 20
411.8715876088158
 10
13447.626801677927
 20
419.0144447516732
 10
13449.533167605276
 20
427.95053503612337
 10
13453.347857679782
 20
431.5268069809729
 10
13455.252619584546
 20
436.8839498381157
 10
13458.195856120172
 20
439.6432340902673
 10
13460.14016277293
 20
437.8204466033061
 10
13471.489644705509
 20
437.8204466033061
 10
13473.38684392824
 20
439.5990708746159
 10
13482.844343407407
 20
441.3723520269598
 10
13481.911735107644
 20
447.4925939941624
 10
13479.954406610272
 20
449.327589460449
 10
13484.86252278684
 20
453.9289483759815
 10
13492.481570405887
 20
446.7860912331244
 10
13496.251549467415
 20
450.32044660330627
 10
13503.949686582455
 20
450.32044660330627
 10
13507.738603933549
 20
446.76833658665606
 10
13511.506914826212
 20
448.53473231759176
 10
13526.785418149779
 20
448.53473231759176
 10
13536.309227673588
 20
444.9633037461632
 10
13551.489644705509
 20
444.9633037461632
 10
13553.509960111305
 20
446.85734943909716
 10
13554.49158334662
 20
438.5749033911387
 10
13551.576296883533
 20
435.84182233199675
 10
13542.093549764451
 20
434.06380724716865
 10
13541.144211363395
 20
427.8337739902295
 10
13532.506051351931
 20
423.3347323175919
 10
13526.727739943604
 20
423.3347323175919
 10
13519.16337617438
 20
430.42632335123966
 10
13515.390308264738
 20
425.12044660330616
 10
13511.489644705509
 20
425.12044660330616
 10
13509.643802378643
 20
426.850923784743
 10
13503.964868411096
 20
417.97758946044905
 10
13500.065417802218
 20
417.97758946044905
 10
13486.713988635292
 20
428.70641646958563
 10
13482.976699171644
 20
430.4582709056707
 10
13480.238634306805
 20
427.8913350948835
 10
13487.819665643983
 20
419.0073139966276
 10
13487.819665643983
 20
415.3556948306311
 10
13484.010141834458
 20
411.7842662592025
 10
13484.010141834458
 20
408.21283768777397
 10
13482.15159134436
 20
406.47044660330613
 10
13484.895308943747
 20
403.89821135388104
 10
13496.380395593154
 20
405.6927561428513
 10
13497.347756087049
 20
395.71685104957754
 10
13495.566822964323
 20
394.0472262470217
 10
13503.953980390834
 20
393.1735640150934
 10
13506.867284691602
 20
390.4423412331243
 10
13506.867284691602
 20
386.79832918445334
 10
13503.964868411096
 20
382.2633037461632
 10
13494.446332310648
 20
382.2633037461632
 10
13492.537125961442
 20
378.6835418414013
 10
13485.78022058313
 20
379.5884845259968
 10
13480.000618024935
 20
383.2007361248698
 10
13480.000618024935
 20
390.316025403152
 10
13475.291605833001
 20
391.1989651891395
 10
13472.38567558571
 20
393.92327479597475
 10
13471.449277103358
 20
403.5798841452255
  0
LWPOLYLINE
  5
118
330
17
100
AcDbEntity
  8
K
100
AcDbPolyline
 90
5
 70
1
 10
13531.415771978838
 20
435.1223520269599
 10
13530.493536990523
 20
441.1745191377711
 10
13525.928321213889
 20
440.3185411796525
 10
13526.850556202204
 20
434.2663740688412
 10
13531.415771978838
 20
435.1223520269599
  0
LWPOLYLINE
  5
119
330
17
100
AcDbEntity
  8
K
100
AcDbPolyline
 90
6
 70
1
 10
13531.429189453507
 20
195.83915351774607
 10
13536.361785928118
 20
196.76401535673594
 10
13539.266420781485
 20
186.7793330482821
 10
13534.397721633051
 20
184.04068977728772
 10
13531.429189453507
 20
184.9683560833958
 10
13531.429189453507
 20
195.83915351774607
  0
LWPOLYLINE
  5
11A
330
17
100
AcDbEntity
  8
K
100
AcDbPolyline
 90
22
 70
1
 10
13427.628204053579
 20
371.7571755810575
 10
13448.715120453828
 20
369.9599952060363
 10
13450.595746790692
 20
368.19690801522734
 10
13458.214794409738
 20
371.7683365866559
 10
13462.044924677693
 20
368.177589460449
 10
13471.500509830865
 20
368.177589460449
 10
13477.261551505264
 20
371.7782405069477
 10
13487.840938103827
 20
360.05676103694617
 10
13483.990597086462
 20
352.83737162938456
 10
13479.187781820548
 20
348.33473231759194
 10
13475.299168515032
 20
348.33473231759194
 10
13473.460769775602
 20
350.05823113580834
 10
13471.589189453505
 20
346.54901803187767
 10
13460.14016277293
 20
346.54901803187767
 10
13456.324862536574
 20
342.97217406029324
 10
13449.579403120526
 20
343.875583803514
 10
13446.727739943604
 20
346.54901803187767
 10
13440.998272400679
 20
346.54901803187767
 10
13435.28107478697
 20
355.48213930329706
 10
13424.702917555536
 20
356.38368679461274
 10
13426.669311776963
 20
360.0706759597877
 10
13427.628204053579
 20
371.7571755810575
  0
LWPOLYLINE
  5
11B
330
17
100
AcDbEntity
  8
K
100
AcDbPolyline
 90
5
 70
1
 10
13472.381570405887
 20
383.1561608890205
 10
13472.381570405887
 20
386.8709126616957
 10
13473.49479132058
 20
387.9145572692203
 10
13474.509915881688
 20
383.1561608890205
 10
13472.381570405887
 20
383.1561608890205
  0
LWPOLYLINE
  5
11C
330
17
100
AcDbEntity
  8
K
100
AcDbPolyline
 90
6
 70
1
 10
13462.090323155247
 20
209.04263262426704
 10
13449.51279912463
 20
209.94966560724427
 10
13450.488636720085
 20
218.1832953189008
 10
13465.099791110222
 20
217.27009816951715
 10
13463.05140570413
 20
215.3497368513052
 10
13462.090323155247
 20
209.04263262426704
  0
LWPOLYLINE
  5
11D
330
17
100
AcDbEntity
  8
K
100
AcDbPolyline
 90
27
 70
1
 10
14485.6825720363
 20
20.829844955078556
 10
14498.147656030254
 20
23.526617934539807
 10
14500.061073276936
 20
25.320446603306234
 10
14507.759210391978
 20
25.320446603306234
 10
14511.568734201503
 20
21.749018031877675
 10
14526.745010064307
 20
21.749018031877675
 10
14530.595746790692
 20
23.55405087237039
 10
14532.521115153884
 20
21.749018031877675
 10
14549.66397229674
 20
21.749018031877675
 10
14551.568734201503
 20
19.963303746163398
 10
14557.203930419795
 20
19.963303746163398
 10
14559.108692324557
 20
21.749018031877675
 10
14585.781570405887
 20
21.749018031877675
 10
14595.305379929696
 20
28.891875174734793
 10
14603.012487458715
 20
28.891875174734793
 10
14605.918420292917
 20
24.351355121293384
 10
14604.95137081777
 20
16.191875174734747
 10
14599.176916695194
 20
16.191875174734747
 10
14593.462630980908
 20
12.62044660330619
 10
14580.140162772932
 20
12.62044660330619
 10
14578.234265207237
 20
10.83366763546767
 10
14511.499285625921
 20
12.621211731395743
 10
14505.786224116579
 20
16.191875174734747
 10
14500.061073276936
 20
16.191875174734747
 10
14498.156311372175
 20
17.97758946044914
 10
14486.696707323279
 20
17.97758946044914
 10
14485.6825720363
 20
20.829844955078556
  0
LWPOLYLINE
  5
11E
330
17
100
AcDbEntity
  8
K
100
AcDbPolyline
 90
44
 70
1
 10
14436.03821613408
 20
470.8561608890206
 10
14434.286332310649
 20
472.498551973488
 10
14434.286332310649
 20
479.64140911634513
 10
14432.335358991222
 20
481.4704466033063
 10
14435.322034834333
 20
484.27045520622124
 10
14444.010141834458
 20
479.74539947698946
 10
14444.010141834458
 20
474.3860742088909
 10
14448.679269564507
 20
471.7596898607376
 10
14455.25202333901
 20
474.40052843084914
 10
14456.210177311037
 20
478.89187517473476
 10
14463.850141834459
 20
478.89187517473476
 10
14465.764048849354
 20
482.4804508276673
 10
14479.130290245223
 20
478.90020759663145
 10
14485.740429586107
 20
483.3266401909736
 10
14490.519828095003
 20
491.3918751747347
 10
14494.472248550694
 20
491.3918751747347
 10
14495.43437627289
 20
485.07791199782514
 10
14498.236480754587
 20
480.69962374517115
 10
14507.701532185803
 20
484.2490180318776
 10
14515.424629503075
 20
484.2490180318776
 10
14516.381905964128
 20
477.9668912562104
 10
14520.225247382634
 20
476.1653249662857
 10
14519.218814440876
 20
473.33473231759194
 10
14513.39440661027
 20
473.33473231759194
 10
14511.67157141378
 20
474.9498903143029
 10
14512.591204639019
 20
468.91479727366504
 10
14503.965088093153
 20
464.4220282393595
 10
14490.57176143192
 20
453.65953360086854
 10
14488.632501848366
 20
455.47758946044917
 10
14481.092543725312
 20
455.47758946044917
 10
14478.28711606364
 20
452.84750102763195
 10
14477.324392072165
 20
448.3347323175918
 10
14471.568734201503
 20
448.3347323175918
 10
14469.624427548744
 20
446.5119448306311
 10
14465.763217163367
 20
450.1318295669211
 10
14460.12646131286
 20
451.89331577020465
 10
14456.345794003308
 20
448.3489401674993
 10
14449.711117472765
 20
445.6832219186205
 10
14448.750530623762
 20
441.1804710639221
 10
14435.361155305205
 20
442.97369097265795
 10
14429.646869590919
 20
439.4022624012294
 10
14422.857760882078
 20
440.3115180318776
 10
14422.857760882078
 20
470.8561608890206
 10
14436.03821613408
 20
470.8561608890206
  0
LWPOLYLINE
  5
11F
330
17
100
AcDbEntity
  8
K
100
AcDbPolyline
 90
5
 70
1
 10
14476.177676740741
 20
470.83663774124574
 10
14475.255441752428
 20
476.88880485205686
 10
14470.690225975794
 20
476.03282689393814
 10
14471.612460964108
 20
469.98065978312695
 10
14476.177676740741
 20
470.83663774124574
  0
LWPOLYLINE
  5
120
330
17
100
AcDbEntity
  8
K
100
AcDbPolyline
 90
14
 70
1
 10
14442.929081259435
 20
421.7490180318776
 10
14446.816812108576
 20
421.7490180318776
 10
14451.649575843543
 20
415.40601562973444
 10
14446.810608031488
 20
407.24025744688953
 10
14437.266540428309
 20
410.81928279808113
 10
14433.473496106264
 20
407.2633037461634
 10
14429.653107171385
 20
407.2633037461634
 10
14423.810141834458
 20
403.611450410584
 10
14423.810141834458
 20
434.4452727666582
 10
14428.772046596363
 20
427.93277276665833
 10
14428.772046596363
 20
422.5711354507303
 10
14431.583916030142
 20
418.17758946044904
 10
14437.214795545151
 20
418.17758946044904
 10
14442.929081259435
 20
421.7490180318776
  0
LWPOLYLINE
  5
121
330
17
100
AcDbEntity
  8
K
100
AcDbPolyline
 90
16
 70
1
 10
14361.905379929696
 20
458.34800068901825
 10
14372.43849654842
 20
459.2457094917507
 10
14374.357008930541
 20
461.0443148499889
 10
14381.953331273191
 20
459.2639268009305
 10
14387.659665643981
 20
469.9633037461634
 10
14402.997305630073
 20
469.9633037461634
 10
14404.86252278684
 20
468.21466266169574
 10
14408.632501848366
 20
471.74901803187765
 10
14412.521115153882
 20
471.74901803187765
 10
14414.386332310649
 20
470.00037694741
 10
14416.386193204322
 20
471.8752465352286
 10
14417.345720559191
 20
427.7969586708542
 10
14372.390624337288
 20
428.6936693667699
 10
14371.435676286856
 20
438.54157113684045
 10
14361.905379929696
 20
442.11543227077533
 10
14361.905379929696
 20
458.34800068901825
  0
LWPOLYLINE
  5
122
330
17
100
AcDbEntity
  8
K
100
AcDbPolyline
 90
5
 70
1
 10
14413.28891405937
 20
406.52989153873955
 10
14416.365999994992
 20
407.49148089362177
 10
14417.367058738831
 20
402.79901803187755
 10
14415.27871326303
 20
402.79901803187755
 10
14413.28891405937
 20
406.52989153873955
  0
LWPOLYLINE
  5
123
330
17
100
AcDbEntity
  8
K
100
AcDbPolyline
 90
5
 70
1
 10
14415.23871326303
 20
417.0847323175918
 10
14415.23871326303
 20
419.01376980455296
 10
14416.334141054653
 20
420.0407333591999
 10
14417.385163647225
 20
417.0847323175918
 10
14415.23871326303
 20
417.0847323175918
  0
ENDSEC
  0
SECTION
  2
OBJECTS
  0
DICTIONARY
  5
A
330
0
100
AcDbDictionary
281
1
  3
ACAD_COLOR
350
B
  3
ACAD_GROUP
350
C
  3
ACAD_LAYOUT
350
D
  3
ACAD_MATERIAL
350
E
  3
ACAD_MLEADERSTYLE
350
F
  3
ACAD_MLINESTYLE
350
10
  3
ACAD_PLOTSETTINGS
350
11
  3
ACAD_PLOTSTYLENAME
350
12
  3
ACAD_SCALELIST
350
14
  3
ACAD_TABLESTYLE
350
15
  3
ACAD_VISUALSTYLE
350
16
  3
EZDXF_META
350
2D
  0
DICTIONARY
  5
B
330
A
100
AcDbDictionary
281
1
  0
DICTIONARY
  5
C
330
A
100
AcDbDictionary
281
1
  0
DICTIONARY
  5
D
330
A
100
AcDbDictionary
281
1
  3
Model
350
1A
  3
Layout1
350
1E
  0
DICTIONARY
  5
E
330
A
100
AcDbDictionary
281
1
  3
ByBlock
350
1F
  3
ByLayer
350
20
  3
Global
350
21
  0
DICTIONARY
  5
F
330
A
100
AcDbDictionary
281
1
  3
Standard
350
2C
  0
DICTIONARY
  5
10
330
A
100
AcDbDictionary
281
1
  3
Standard
350
22
  0
DICTIONARY
  5
11
330
A
100
AcDbDictionary
281
1
  0
ACDBDICTIONARYWDFLT
  5
12
330
A
100
AcDbDictionary
281
1
  3
Normal
350
13
100
AcDbDictionaryWithDefault
340
13
  0
ACDBPLACEHOLDER
  5
13
330
12
  0
DICTIONARY
  5
14
330
A
100
AcDbDictionary
281
1
  0
DICTIONARY
  5
15
330
A
100
AcDbDictionary
281
1
  0
DICTIONARY
  5
16
330
A
100
AcDbDictionary
281
1
  0
LAYOUT
  5
1A
330
D
100
AcDbPlotSettings
  1

  4
A3
  6

 40
7.5
 41
20.0
 42
7.5
 43
20.0
 44
420.0
 45
297.0
 46
0.0
 47
0.0
 48
0.0
 49
0.0
140
0.0
141
0.0
142
1.0
143
1.0
 70
1024
 72
1
 73
0
 74
5
  7

 75
16
 76
0
 77
2
 78
300
147
1.0
148
0.0
149
0.0
100
AcDbLayout
  1
Model
 70
1
 71
0
 10
0.0
 20
0.0
 11
420.0
 21
297.0
 12
0.0
 22
0.0
 32
0.0
 14
1e+20
 24
1e+20
 34
1e+20
 15
-1e+20
 25
-1e+20
 35
-1e+20
146
0.0
 13
0.0
 23
0.0
 33
0.0
 16
1.0
 26
0.0
 36
0.0
 17
0.0
 27
1.0
 37
0.0
 76
1
330
17
  0
LAYOUT
  5
1E
330
D
100
AcDbPlotSettings
  1

  4
A3
  6

 40
7.5
 41
20.0
 42
7.5
 43
20.0
 44
420.0
 45
297.0
 46
0.0
 47
0.0
 48
0.0
 49
0.0
140
0.0
141
0.0
142
1.0
143
1.0
 70
0
 72
1
 73
0
 74
5
  7

 75
16
 76
0
 77
2
 78
300
147
1.0
148
0.0
149
0.0
100
AcDbLayout
  1
Layout1
 70
1
 71
1
 10
0.0
 20
0.0
 11
420.0
 21
297.0
 12
0.0
 22
0.0
 32
0.0
 14
1e+20
 24
1e+20
 34
1e+20
 15
-1e+20
 25
-1e+20
 35
-1e+20
146
0.0
 13
0.0
 23
0.0
 33
0.0
 16
1.0
 26
0.0
 36
0.0
 17
0.0
 27
1.0
 37
0.0
 76
1
330
1B
  0
MATERIAL
  5
1F
102
{ACAD_REACTORS
330
E
102
}
330
E
100
AcDbMaterial
  1
ByBlock
  2

 70
0
 40
1.0
 71
1
 41
1.0
 91
-1023410177
 42
1.0
 72
1
  3

 73
1
 74
1
 75
1
 44
0.5
 73
0
 45
1.0
 46
1.0
 77
1
  4

 78
1
 79
1
170
1
 48
1.0
171
1
  6

172
1
173
1
174
1
140
1.0
141
1.0
175
1
  7

176
1
177
1
178
1
143
1.0
179
1
  8

270
1
271
1
272
1
145
1.0
146
1.0
273
1
  9

274
1
275
1
276
1
 42
1.0
 72
1
  3

 73
1
 74
1
 75
1
 94
63
  0
MATERIAL
  5
20
102
{ACAD_REACTORS
330
E
102
}
330
E
100
AcDbMaterial
  1
ByLayer
  2

 70
0
 40
1.0
 71
1
 41
1.0
 91
-1023410177
 42
1.0
 72
1
  3

 73
1
 74
1
 75
1
 44
0.5
 73
0
 45
1.0
 46
1.0
 77
1
  4

 78
1
 79
1
170
1
 48
1.0
171
1
  6

172
1
173
1
174
1
140
1.0
141
1.0
175
1
  7

176
1
177
1
178
1
143
1.0
179
1
  8

270
1
271
1
272
1
145
1.0
146
1.0
273
1
  9

274
1
275
1
276
1
 42
1.0
 72
1
  3

 73
1
 74
1
 75
1
 94
63
  0
MATERIAL
  5
21
102
{ACAD_REACTORS
330
E
102
}
330
E
100
AcDbMaterial
  1
Global
  2

 70
0
 40
1.0
 71
1
 41
1.0
 91
-1023410177
 42
1.0
 72
1
  3

 73
1
 74
1
 75
1
 44
0.5
 73
0
 45
1.0
 46
1.0
 77
1
  4

 78
1
 79
1
170
1
 48
1.0
171
1
  6

172
1
173
1
174
1
140
1.0
141
1.0
175
1
  7

176
1
177
1
178
1
143
1.0
179
1
  8

270
1
271
1
272
1
145
1.0
146
1.0
273
1
  9

274
1
275
1
276
1
 42
1.0
 72
1
  3

 73
1
 74
1
 75
1
 94
63
  0
MLINESTYLE
  5
22
102
{ACAD_REACTORS
330
10
102
}
330
10
100
AcDbMlineStyle
  2
Standard
 70
0
  3

 62
256
 51
90.0
 52
90.0
 71
2
 49
0.5
 62
256
  6
BYLAYER
 49
-0.5
 62
256
  6
BYLAYER
  0
MLEADERSTYLE
  5
2C
102
{ACAD_REACTORS
330
F
102
}
330
F
100
AcDbMLeaderStyle
179
2
170
2
171
1
172
0
 90
2
 40
0.0
 41
0.0
173
1
 91
-1056964608
 92
-2
290
1
 42
2.0
291
1
 43
8.0
  3
Standard
 44
4.0
300

342
29
174
1
175
1
176
0
178
1
 93
-1056964608
 45
4.0
292
0
297
0
 46
4.0
 94
-1056964608
 47
1.0
 49
1.0
140
1.0
294
1
141
0.0
177
0
142
1.0
295
0
296
0
143
3.75
271
0
272
9
273
9
  0
DICTIONARY
  5
2D
330
A
100
AcDbDictionary
280
1
281
1
  3
CREATED_BY_EZDXF
350
2E
  3
WRITTEN_BY_EZDXF
350
126
  0
DICTIONARYVAR
  5
2E
330
2D
100
DictionaryVariables
280
0
  1
1.4.4 @ 2026-07-24T08:28:33.947476+00:00
  0
DICTIONARYVAR
  5
126
330
2D
100
DictionaryVariables
280
0
  1
1.4.4 @ 2026-07-24T08:28:34.074119+00:00
  0
ENDSEC
  0
EOF
