  0
SECTION
  2
HEADER
  9
$ACADVER
  1
AC1027
  9
$ACADMAINTVER
 70
105
  9
$DWGCODEPAGE
  3
ANSI_1252
  9
$LASTSAVEDBY
  1
ezdxf
  9
$REQUIREDVERSIONS
160
0
  9
$INSBASE
 10
0.0
 20
0.0
 30
0.0
  9
$EXTMIN
 10
1e+20
 20
1e+20
 30
1e+20
  9
$EXTMAX
 10
-1e+20
 20
-1e+20
 30
-1e+20
  9
$LIMMIN
 10
0.0
 20
0.0
  9
$LIMMAX
 10
420.0
 20
297.0
  9
$ORTHOMODE
 70
0
  9
$REGENMODE
 70
1
  9
$FILLMODE
 70
1
  9
$QTEXTMODE
 70
0
  9
$MIRRTEXT
 70
1
  9
$LTSCALE
 40
1.0
  9
$ATTMODE
 70
1
  9
$TEXTSIZE
 40
2.5
  9
$TRACEWID
 40
1.0
  9
$TEXTSTYLE
  7
Standard
  9
$CLAYER
  8
0
  9
$CELTYPE
  6
ByLayer
  9
$CECOLOR
 62
256
  9
$CELTSCALE
 40
1.0
  9
$DISPSILH
 70
0
  9
$DIMSCALE
 40
1.0
  9
$DIMASZ
 40
2.5
  9
$DIMEXO
 40
0.625
  9
$DIMDLI
 40
3.75
  9
$DIMRND
 40
0.0
  9
$DIMDLE
 40
0.0
  9
$DIMEXE
 40
1.25
  9
$DIMTP
 40
0.0
  9
$DIMTM
 40
0.0
  9
$DIMTXT
 40
2.5
  9
$DIMCEN
 40
2.5
  9
$DIMTSZ
 40
0.0
  9
$DIMTOL
 70
0
  9
$DIMLIM
 70
0
  9
$DIMTIH
 70
0
  9
$DIMTOH
 70
0
  9
$DIMSE1
 70
0
  9
$DIMSE2
 70
0
  9
$DIMTAD
 70
1
  9
$DIMZIN
 70
8
  9
$DIMBLK
  1

  9
$DIMASO
 70
1
  9
$DIMSHO
 70
1
  9
$DIMPOST
  1

  9
$DIMAPOST
  1

  9
$DIMALT
 70
0
  9
$DIMALTD
 70
3
  9
$DIMALTF
 40
0.03937007874
  9
$DIMLFAC
 40
1.0
  9
$DIMTOFL
 70
1
  9
$DIMTVP
 40
0.0
  9
$DIMTIX
 70
0
  9
$DIMSOXD
 70
0
  9
$DIMSAH
 70
0
  9
$DIMBLK1
  1

  9
$DIMBLK2
  1

  9
$DIMSTYLE
  2
ISO-25
  9
$DIMCLRD
 70
0
  9
$DIMCLRE
 70
0
  9
$DIMCLRT
 70
0
  9
$DIMTFAC
 40
1.0
  9
$DIMGAP
 40
0.625
  9
$DIMJUST
 70
0
  9
$DIMSD1
 70
0
  9
$DIMSD2
 70
0
  9
$DIMTOLJ
 70
0
  9
$DIMTZIN
 70
8
  9
$DIMALTZ
 70
0
  9
$DIMALTTZ
 70
0
  9
$DIMUPT
 70
0
  9
$DIMDEC
 70
2
  9
$DIMTDEC
 70
2
  9
$DIMALTU
 70
2
  9
$DIMALTTD
 70
3
  9
$DIMTXSTY
  7
Standard
  9
$DIMAUNIT
 70
0
  9
$DIMADEC
 70
0
  9
$DIMALTRND
 40
0.0
  9
$DIMAZIN
 70
0
  9
$DIMDSEP
 70
44
  9
$DIMATFIT
 70
3
  9
$DIMFRAC
 70
0
  9
$DIMLDRBLK
  1

  9
$DIMLUNIT
 70
2
  9
$DIMLWD
 70
-2
  9
$DIMLWE
 70
-2
  9
$DIMTMOVE
 70
0
  9
$DIMFXL
 40
1.0
  9
$DIMFXLON
 70
0
  9
$DIMJOGANG
 40
0.785398163397
  9
$DIMTFILL
 70
0
  9
$DIMTFILLCLR
 70
0
  9
$DIMARCSYM
 70
0
  9
$DIMLTYPE
  6

  9
$DIMLTEX1
  6

  9
$DIMLTEX2
  6

  9
$DIMTXTDIRECTION
 70
0
  9
$LUNITS
 70
2
  9
$LUPREC
 70
4
  9
$SKETCHINC
 40
1.0
  9
$FILLETRAD
 40
10.0
  9
$AUNITS
 70
0
  9
$AUPREC
 70
2
  9
$MENU
  1
.
  9
$ELEVATION
 40
0.0
  9
$PELEVATION
 40
0.0
  9
$THICKNESS
 40
0.0
  9
$LIMCHECK
 70
0
  9
$CHAMFERA
 40
0.0
  9
$CHAMFERB
 40
0.0
  9
$CHAMFERC
 40
0.0
  9
$CHAMFERD
 40
0.0
  9
$SKPOLY
 70
0
  9
$TDCREATE
 40
2461256.642905093
  9
$TDUCREATE
 40
2458532.153996898
  9
$TDUPDATE
 40
2461256.642916667
  9
$TDUUPDATE
 40
2458532.1544311
  9
$TDINDWG
 40
0.0
  9
$TDUSRTIMER
 40
0.0
  9
$USRTIMER
 70
1
  9
$ANGBASE
 50
0.0
  9
$ANGDIR
 70
0
  9
$PDMODE
 70
0
  9
$PDSIZE
 40
0.0
  9
$PLINEWID
 40
0.0
  9
$SPLFRAME
 70
0
  9
$SPLINETYPE
 70
6
  9
$SPLINESEGS
 70
8
  9
$HANDSEED
  5
2A3
  9
$SURFTAB1
 70
6
  9
$SURFTAB2
 70
6
  9
$SURFTYPE
 70
6
  9
$SURFU
 70
6
  9
$SURFV
 70
6
  9
$UCSBASE
  2

  9
$UCSNAME
  2

  9
$UCSORG
 10
0.0
 20
0.0
 30
0.0
  9
$UCSXDIR
 10
1.0
 20
0.0
 30
0.0
  9
$UCSYDIR
 10
0.0
 20
1.0
 30
0.0
  9
$UCSORTHOREF
  2

  9
$UCSORTHOVIEW
 70
0
  9
$UCSORGTOP
 10
0.0
 20
0.0
 30
0.0
  9
$UCSORGBOTTOM
 10
0.0
 20
0.0
 30
0.0
  9
$UCSORGLEFT
 10
0.0
 20
0.0
 30
0.0
  9
$UCSORGRIGHT
 10
0.0
 20
0.0
 30
0.0
  9
$UCSORGFRONT
 10
0.0
 20
0.0
 30
0.0
  9
$UCSORGBACK
 10
0.0
 20
0.0
 30
0.0
  9
$PUCSBASE
  2

  9
$PUCSNAME
  2

  9
$PUCSORG
 10
0.0
 20
0.0
 30
0.0
  9
$PUCSXDIR
 10
1.0
 20
0.0
 30
0.0
  9
$PUCSYDIR
 10
0.0
 20
1.0
 30
0.0
  9
$PUCSORTHOREF
  2

  9
$PUCSORTHOVIEW
 70
0
  9
$PUCSORGTOP
 10
0.0
 20
0.0
 30
0.0
  9
$PUCSORGBOTTOM
 10
0.0
 20
0.0
 30
0.0
  9
$PUCSORGLEFT
 10
0.0
 20
0.0
 30
0.0
  9
$PUCSORGRIGHT
 10
0.0
 20
0.0
 30
0.0
  9
$PUCSORGFRONT
 10
0.0
 20
0.0
 30
0.0
  9
$PUCSORGBACK
 10
0.0
 20
0.0
 30
0.0
  9
$USERI1
 70
0
  9
$USERI2
 70
0
  9
$USERI3
 70
0
  9
$USERI4
 70
0
  9
$USERI5
 70
0
  9
$USERR1
 40
0.0
  9
$USERR2
 40
0.0
  9
$USERR3
 40
0.0
  9
$USERR4
 40
0.0
  9
$USERR5
 40
0.0
  9
$WORLDVIEW
 70
1
  9
$SHADEDGE
 70
3
  9
$SHADEDIF
 70
70
  9
$TILEMODE
 70
1
  9
$MAXACTVP
 70
64
  9
$PINSBASE
 10
0.0
 20
0.0
 30
0.0
  9
$PLIMCHECK
 70
0
  9
$PEXTMIN
 10
1e+20
 20
1e+20
 30
1e+20
  9
$PEXTMAX
 10
-1e+20
 20
-1e+20
 30
-1e+20
  9
$PLIMMIN
 10
0.0
 20
0.0
  9
$PLIMMAX
 10
420.0
 20
297.0
  9
$UNITMODE
 70
0
  9
$VISRETAIN
 70
1
  9
$PLINEGEN
 70
0
  9
$PSLTSCALE
 70
1
  9
$TREEDEPTH
 70
3020
  9
$CMLSTYLE
  2
Standard
  9
$CMLJUST
 70
0
  9
$CMLSCALE
 40
20.0
  9
$PROXYGRAPHICS
 70
1
  9
$MEASUREMENT
 70
1
  9
$CELWEIGHT
370
-1
  9
$ENDCAPS
280
0
  9
$JOINSTYLE
280
0
  9
$LWDISPLAY
290
0
  9
$INSUNITS
 70
4
  9
$HYPERLINKBASE
  1

  9
$STYLESHEET
  1

  9
$XEDIT
290
1
  9
$CEPSNTYPE
380
0
  9
$PSTYLEMODE
290
1
  9
$FINGERPRINTGUID
  2
{C3C03F6D-814C-4A60-A5EE-5D718259E839}
  9
$VERSIONGUID
  2
{7974F4B9-63A2-4B4C-94CD-B37897FE26CE}
  9
$EXTNAMES
290
1
  9
$PSVPSCALE
 40
0.0
  9
$OLESTARTUP
290
0
  9
$SORTENTS
280
127
  9
$INDEXCTL
280
0
  9
$HIDETEXT
280
1
  9
$XCLIPFRAME
280
1
  9
$HALOGAP
280
0
  9
$OBSCOLOR
 70
257
  9
$OBSLTYPE
280
0
  9
$INTERSECTIONDISPLAY
280
0
  9
$INTERSECTIONCOLOR
 70
257
  9
$DIMASSOC
280
2
  9
$PROJECTNAME
  1

  9
$CAMERADISPLAY
290
0
  9
$LENSLENGTH
 40
50.0
  9
$CAMERAHEIGHT
 40
0.0
  9
$STEPSPERSEC
 40
24.0
  9
$STEPSIZE
 40
100.0
  9
$3DDWFPREC
 40
2.0
  9
$PSOLWIDTH
 40
0.005
  9
$PSOLHEIGHT
 40
0.08
  9
$LOFTANG1
 40
1.570796326795
  9
$LOFTANG2
 40
1.570796326795
  9
$LOFTMAG1
 40
0.0
  9
$LOFTMAG2
 40
0.0
  9
$LOFTPARAM
 70
7
  9
$LOFTNORMALS
280
1
  9
$LATITUDE
 40
37.795
  9
$LONGITUDE
 40
-122.394
  9
$NORTHDIRECTION
 40
0.0
  9
$TIMEZONE
 70
-8000
  9
$LIGHTGLYPHDISPLAY
280
1
  9
$TILEMODELIGHTSYNCH
280
1
  9
$CMATERIAL
347
20
  9
$SOLIDHIST
280
0
  9
$SHOWHIST
280
1
  9
$DWFFRAME
280
2
  9
$DGNFRAME
280
2
  9
$REALWORLDSCALE
290
1
  9
$INTERFERECOLOR
 62
256
  9
$CSHADOW
280
0
  9
$SHADOWPLANELOCATION
 40
0.0
  0
ENDSEC
  0
SECTION
  2
CLASSES
  0
CLASS
  1
ACDBDICTIONARYWDFLT
  2
AcDbDictionaryWithDefault
  3
ObjectDBX Classes
 90
0
 91
0
280
0
281
0
  0
CLASS
  1
SUN
  2
AcDbSun
  3
SCENEOE
 90
1153
 91
0
280
0
281
0
  0
CLASS
  1
VISUALSTYLE
  2
AcDbVisualStyle
  3
ObjectDBX Classes
 90
4095
 91
0
280
0
281
0
  0
CLASS
  1
MATERIAL
  2
AcDbMaterial
  3
ObjectDBX Classes
 90
1153
 91
0
280
0
281
0
  0
CLASS
  1
SCALE
  2
AcDbScale
  3
ObjectDBX Classes
 90
1153
 91
0
280
0
281
0
  0
CLASS
  1
TABLESTYLE
  2
AcDbTableStyle
  3
ObjectDBX Classes
 90
4095
 91
0
280
0
281
0
  0
CLASS
  1
MLEADERSTYLE
  2
AcDbMLeaderStyle
  3
ACDB_MLEADERSTYLE_CLASS
 90
4095
 91
0
280
0
281
0
  0
CLASS
  1
DICTIONARYVAR
  2
AcDbDictionaryVar
  3
ObjectDBX Classes
 90
0
 91
0
280
0
281
0
  0
CLASS
  1
CELLSTYLEMAP
  2
AcDbCellStyleMap
  3
ObjectDBX Classes
 90
1152
 91
0
280
0
281
0
  0
CLASS
  1
MENTALRAYRENDERSETTINGS
  2
AcDbMentalRayRenderSettings
  3
SCENEOE
 90
1024
 91
0
280
0
281
0
  0
CLASS
  1
ACDBDETAILVIEWSTYLE
  2
AcDbDetailViewStyle
  3
ObjectDBX Classes
 90
1025
 91
0
280
0
281
0
  0
CLASS
  1
ACDBSECTIONVIEWSTYLE
  2
AcDbSectionViewStyle
  3
ObjectDBX Classes
 90
1025
 91
0
280
0
281
0
  0
CLASS
  1
RASTERVARIABLES
  2
AcDbRasterVariables
  3
ISM
 90
0
 91
0
280
0
281
0
  0
CLASS
  1
LAYOUT
  2
AcDbLayout
  3
ObjectDBX Classes
 90
0
 91
0
280
0
281
0
  0
CLASS
  1
ACDBPLACEHOLDER
  2
AcDbPlaceHolder
  3
ObjectDBX Classes
 90
0
 91
0
280
0
281
0
  0
ENDSEC
  0
SECTION
  2
TABLES
  0
TABLE
  2
VPORT
  5
8
330
0
100
AcDbSymbolTable
 70
1
  0
VPORT
  5
23
330
8
100
AcDbSymbolTableRecord
100
AcDbViewportTableRecord
  2
*Active
 70
0
 10
0.0
 20
0.0
 11
1.0
 21
1.0
 12
0.0
 22
0.0
 13
0.0
 23
0.0
 14
0.5
 24
0.5
 15
0.5
 25
0.5
 16
0.0
 26
0.0
 36
1.0
 17
0.0
 27
0.0
 37
0.0
 40
1000.0
 41
1.34
 42
50.0
 43
0.0
 44
0.0
 50
0.0
 51
0.0
 71
0
 72
1000
 73
1
 74
3
 75
0
 76
0
 77
0
 78
0
281
0
 65
0
146
0.0
  0
ENDTAB
  0
TABLE
  2
LTYPE
  5
2
330
0
100
AcDbSymbolTable
 70
3
  0
LTYPE
  5
24
330
2
100
AcDbSymbolTableRecord
100
AcDbLinetypeTableRecord
  2
ByBlock
 70
0
  3

 72
65
 73
0
 40
0.0
  0
LTYPE
  5
25
330
2
100
AcDbSymbolTableRecord
100
AcDbLinetypeTableRecord
  2
ByLayer
 70
0
  3

 72
65
 73
0
 40
0.0
  0
LTYPE
  5
26
330
2
100
AcDbSymbolTableRecord
100
AcDbLinetypeTableRecord
  2
Continuous
 70
0
  3

 72
65
 73
0
 40
0.0
  0
ENDTAB
  0
TABLE
  2
LAYER
  5
1
330
0
100
AcDbSymbolTable
 70
7
  0
LAYER
  5
27
330
1
100
AcDbSymbolTableRecord
100
AcDbLayerTableRecord
  2
0
 70
0
 62
7
  6
Continuous
370
-3
390
13
347
21
  0
LAYER
  5
28
330
1
100
AcDbSymbolTableRecord
100
AcDbLayerTableRecord
  2
Defpoints
 70
0
 62
7
  6
Continuous
290
0
370
-3
390
13
347
21
  0
LAYER
  5
2F
330
1
100
AcDbSymbolTableRecord
100
AcDbLayerTableRecord
  2
ENG_L
 70
0
 62
4
  6
Continuous
370
-3
390
13
347
21
  0
LAYER
  5
30
330
1
100
AcDbSymbolTableRecord
100
AcDbLayerTableRecord
  2
ENG_D
 70
0
 62
3
  6
Continuous
370
-3
390
13
347
21
  0
LAYER
  5
31
330
1
100
AcDbSymbolTableRecord
100
AcDbLayerTableRecord
  2
ENG_K
 70
0
 62
2
  6
Continuous
370
-3
390
13
347
21
  0
LAYER
  5
32
330
1
100
AcDbSymbolTableRecord
100
AcDbLayerTableRecord
  2
CUT_OUTLINE
 70
0
 62
5
  6
Continuous
370
-3
390
13
347
21
  0
LAYER
  5
33
330
1
100
AcDbSymbolTableRecord
100
AcDbLayerTableRecord
  2
CUT_SLOT
 70
0
 62
1
  6
Continuous
370
-3
390
13
347
21
  0
ENDTAB
  0
TABLE
  2
STYLE
  5
5
330
0
100
AcDbSymbolTable
 70
1
  0
STYLE
  5
29
330
5
100
AcDbSymbolTableRecord
100
AcDbTextStyleTableRecord
  2
Standard
 70
0
 40
0.0
 41
1.0
 50
0.0
 71
0
 42
2.5
  3
txt
  4

  0
ENDTAB
  0
TABLE
  2
VIEW
  5
7
330
0
100
AcDbSymbolTable
 70
0
  0
ENDTAB
  0
TABLE
  2
UCS
  5
6
330
0
100
AcDbSymbolTable
 70
0
  0
ENDTAB
  0
TABLE
  2
APPID
  5
3
330
0
100
AcDbSymbolTable
 70
3
  0
APPID
  5
2A
330
3
100
AcDbSymbolTableRecord
100
AcDbRegAppTableRecord
  2
ACAD
 70
0
  0
APPID
  5
2A0
330
3
100
AcDbSymbolTableRecord
100
AcDbRegAppTableRecord
  2
HATCHBACKGROUNDCOLOR
 70
0
  0
APPID
  5
2A1
330
3
100
AcDbSymbolTableRecord
100
AcDbRegAppTableRecord
  2
EZDXF
 70
0
  0
ENDTAB
  0
TABLE
  2
DIMSTYLE
  5
4
330
0
100
AcDbSymbolTable
 70
1
100
AcDbDimStyleTable
  0
DIMSTYLE
105
2B
330
4
100
AcDbSymbolTableRecord
100
AcDbDimStyleTableRecord
  2
Standard
 70
0
 40
1.0
 41
2.5
 42
0.625
 43
3.75
 44
1.25
 45
0.0
 46
0.0
 47
0.0
 48
0.0
 49
2.5
140
2.5
141
2.5
142
0.0
143
0.03937007874
144
1.0
145
0.0
146
1.0
147
0.625
148
0.0
 69
0
 70
0
 71
0
 72
0
 73
0
 74
0
 75
0
 76
0
 77
1
 78
8
 79
3
170
0
171
3
172
1
173
0
174
0
175
0
176
0
177
0
178
0
179
2
271
2
272
2
273
2
274
3
275
0
276
0
277
2
278
44
279
0
280
0
281
0
282
0
283
0
284
8
285
0
286
0
288
0
289
3
290
0
371
-2
372
-2
  0
ENDTAB
  0
TABLE
  2
BLOCK_RECORD
  5
9
330
0
100
AcDbSymbolTable
 70
2
  0
BLOCK_RECORD
  5
17
330
9
100
AcDbSymbolTableRecord
100
AcDbBlockTableRecord
  2
*Model_Space
340
1A
 70
0
280
1
281
0
  0
BLOCK_RECORD
  5
1B
330
9
100
AcDbSymbolTableRecord
100
AcDbBlockTableRecord
  2
*Paper_Space
340
1E
 70
0
280
1
281
0
  0
ENDTAB
  0
ENDSEC
  0
SECTION
  2
BLOCKS
  0
BLOCK
  5
18
330
17
100
AcDbEntity
  8
0
100
AcDbBlockBegin
  2
*Model_Space
 70
0
 10
0.0
 20
0.0
 30
0.0
  3
*Model_Space
  1

  0
ENDBLK
  5
19
330
17
100
AcDbEntity
  8
0
100
AcDbBlockEnd
  0
BLOCK
  5
1C
330
1B
100
AcDbEntity
  8
0
100
AcDbBlockBegin
  2
*Paper_Space
 70
0
 10
0.0
 20
0.0
 30
0.0
  3
*Paper_Space
  1

  0
ENDBLK
  5
1D
330
1B
100
AcDbEntity
  8
0
100
AcDbBlockEnd
  0
ENDSEC
  0
SECTION
  2
ENTITIES
  0
LWPOLYLINE
  5
34
330
17
100
AcDbEntity
  8
ENG_L
100
AcDbPolyline
 90
11
 70
1
 10
251.63238302947306
 20
26.39865316429779
 10
254.50279947125327
 20
26.39865316429779
 10
255.57598414435628
 20
26.93524550084925
 10
256.9032840437212
 20
25.077025641738302
 10
257.3712436004092
 20
22.269268301610357
 10
257.9193666800329
 20
21.72114522198676
 10
257.00527908139384
 20
20.197665890921645
 10
248.2374493152127
 20
24.58158077401229
 10
247.8754099617716
 20
25.667698834335507
 10
251.15359692765577
 20
25.919867062480506
 10
251.63238302947306
 20
26.39865316429779
  0
LWPOLYLINE
  5
35
330
17
100
AcDbEntity
  8
ENG_L
100
AcDbPolyline
 90
5
 70
1
 10
254.54745489604235
 20
28.22411777355638
 10
254.91059939827653
 20
30.766129289195977
 10
256.4612332503465
 20
27.35473481464212
 10
256.0498908100938
 20
26.12070749388429
 10
254.54745489604235
 20
28.22411777355638
  0
LWPOLYLINE
  5
36
330
17
100
AcDbEntity
  8
ENG_L
100
AcDbPolyline
 90
7
 70
1
 10
253.56146232448867
 20
34.28826964579956
 10
255.02984574794817
 20
31.645179483572484
 10
255.02984574794817
 20
29.934187070230543
 10
254.12950933380978
 20
29.934187070230543
 10
253.63420517301526
 20
32.41070787420319
 10
253.11025759372126
 20
32.934655453497165
 10
253.56146232448867
 20
34.28826964579956
  0
LWPOLYLINE
  5
37
330
17
100
AcDbEntity
  8
ENG_L
100
AcDbPolyline
 90
15
 70
1
 10
231.52138063831777
 20
112.19216105823926
 10
222.98119980951438
 20
112.46765076239429
 10
222.9692880520572
 20
112.77132637591592
 10
226.1659668229216
 20
113.12651290601194
 10
227.59075246913045
 20
114.55129855222069
 10
229.94777507308564
 20
114.55129855222069
 10
230.4191795938767
 20
115.02270307301177
 10
229.94777507308567
 20
115.49410759380285
 10
230.45314966493953
 20
115.9994821856567
 10
231.41025644612603
 20
115.68044659192789
 10
231.53082808610782
 20
115.31873167198259
 10
232.36579476619218
 20
116.57118169210901
 10
232.87383327076967
 20
116.06314318753164
 10
232.87383327076967
 20
113.00363263771051
 10
231.52138063831777
 20
112.19216105823926
  0
LWPOLYLINE
  5
38
330
17
100
AcDbEntity
  8
ENG_L
100
AcDbPolyline
 90
16
 70
1
 10
228.1547057576346
 20
131.96057947671758
 10
228.4740439681641
 20
134.83462337148322
 10
229.56251488947495
 20
133.02050516929853
 10
230.49983781939753
 20
127.86522905472441
 10
230.98821518760553
 20
127.37685168651647
 10
230.98821518760553
 20
125.49123360335234
 10
231.45275633570975
 20
125.02669245524811
 10
231.92416085650078
 20
118.42702916417369
 10
232.40242874997864
 20
117.94876127069575
 10
232.40242874997864
 20
116.6726188957804
 10
231.53574376942146
 20
116.6726188957804
 10
230.5168106668145
 20
119.21995165229782
 10
230.5168106668145
 20
122.99118781862606
 10
229.57897665686045
 20
125.33577284351138
 10
229.1075721360694
 20
129.5784135306306
 10
228.1547057576346
 20
131.96057947671758
  0
LWPOLYLINE
  5
39
330
17
100
AcDbEntity
  8
ENG_L
100
AcDbPolyline
 90
4
 70
1
 10
231.08584626054335
 20
117.85113019775795
 10
230.28110840641898
 20
117.04639234363367
 10
230.28110840641898
 20
118.65586805188222
 10
231.08584626054335
 20
117.85113019775795
  0
LWPOLYLINE
  5
3A
330
17
100
AcDbEntity
  8
ENG_L
100
AcDbPolyline
 90
4
 70
1
 10
228.39549032325485
 20
122.23184207233506
 10
228.39549032325485
 20
124.78412682216577
 10
229.67163269817024
 20
123.50798444725031
 10
228.39549032325485
 20
122.23184207233506
  0
LWPOLYLINE
  5
3B
330
17
100
AcDbEntity
  8
ENG_L
100
AcDbPolyline
 90
5
 70
1
 10
226.74557450048624
 20
128.31966072809843
 10
227.3199846860689
 20
128.89407091368133
 10
227.77970069930458
 20
127.51492287397414
 10
226.74557450048624
 20
127.51492287397414
 10
226.74557450048624
 20
128.31966072809843
  0
LWPOLYLINE
  5
3C
330
17
100
AcDbEntity
  8
ENG_L
100
AcDbPolyline
 90
42
 70
1
 10
225.0298409946903
 20
71.18208263944581
 10
223.9824331223717
 20
71.18208263944581
 10
223.11876547482987
 20
70.66388205092078
 10
223.42716986750884
 20
70.35547765824168
 10
223.8985743882999
 20
67.99845505428648
 10
224.87102496484104
 20
67.02600447774543
 10
224.39479700181792
 20
62.739952810537346
 10
225.3271255149058
 20
60.87529578436168
 10
225.79327151936528
 20
54.81539772638821
 10
227.21697902127727
 20
53.86625939178025
 10
227.21697902127727
 20
52.67116230699298
 10
225.8027654589042
 20
51.72835326541092
 10
225.8027654589042
 20
50.76601623728183
 10
223.8942083407069
 20
49.81173767818314
 10
223.46247691043547
 20
47.22134909655462
 10
224.25048070907332
 20
46.43334529791665
 10
222.0973469756033
 20
46.43334529791665
 10
221.5261547007221
 20
48.14692212256033
 10
222.03152929257595
 20
48.652296714414064
 10
222.03152929257595
 20
52.69967525565777
 10
221.46249369884708
 20
53.26871084938656
 10
222.03152929257595
 20
53.83774644311545
 10
222.03152929257595
 20
55.99950690119504
 10
221.57869775922507
 20
56.452338434545894
 10
220.635888717643
 20
61.16638364245619
 10
220.09482026646464
 20
61.70745209363459
 10
220.61731573020282
 20
62.75244302111105
 10
220.61731573020282
 20
66.8838001964227
 10
219.67999243352912
 20
68.75844678977016
 10
219.2126438651965
 20
73.43193247309642
 10
218.73169764703871
 20
73.91287869125418
 10
218.73169764703871
 20
76.42317412405086
 10
219.67450668862077
 20
78.30879220721509
 10
219.67450668862077
 20
81.14686332268917
 10
220.60016181326662
 20
82.68962186376561
 10
222.03152929257593
 20
80.68570739273251
 10
222.03152929257593
 20
79.72300576958813
 10
224.4073300899745
 20
74.97140417479098
 10
223.93933343815686
 20
73.5674142193381
 10
224.54580503387425
 20
72.55662822647568
 10
225.39380107471763
 20
72.27396287952791
 10
225.0298409946903
 20
71.18208263944581
  0
LWPOLYLINE
  5
3D
330
17
100
AcDbEntity
  8
ENG_L
100
AcDbPolyline
 90
4
 70
1
 10
226.84320557342406
 20
131.99326582148896
 10
226.0384677192997
 20
131.18852796736468
 10
226.0384677192997
 20
132.79800367561322
 10
226.84320557342406
 20
131.99326582148896
  0
LWPOLYLINE
  5
3E
330
17
100
AcDbEntity
  8
ENG_L
100
AcDbPolyline
 90
4
 70
1
 10
226.0384677192997
 20
123.84131778058361
 10
226.84320557342406
 20
123.03657992645934
 10
226.0384677192997
 20
122.23184207233506
 10
226.0384677192997
 20
123.84131778058361
  0
LWPOLYLINE
  5
3F
330
17
100
AcDbEntity
  8
ENG_L
100
AcDbPolyline
 90
6
 70
1
 10
226.3306571727668
 20
124.58200585673373
 10
225.96057355498823
 20
123.47175500339824
 10
223.26539074513866
 20
124.0107915653681
 10
222.90200119532514
 20
125.10096021480865
 10
224.4141119739163
 20
125.40338237052684
 10
226.3306571727668
 20
124.58200585673373
  0
LWPOLYLINE
  5
40
330
17
100
AcDbEntity
  8
ENG_L
100
AcDbPolyline
 90
4
 70
1
 10
225.56706319850866
 20
132.32659915482247
 10
226.371801052633
 20
131.52186130069788
 10
225.56706319850866
 20
130.7171234465736
 10
225.56706319850866
 20
132.32659915482247
  0
LWPOLYLINE
  5
41
330
17
100
AcDbEntity
  8
ENG_L
100
AcDbPolyline
 90
5
 70
1
 10
225.42267809534943
 20
129.40054095713828
 10
224.38855189653108
 20
129.40054095713828
 10
224.38855189653108
 20
130.20527881126253
 10
224.96296208211376
 20
130.77968899684544
 10
225.42267809534943
 20
129.40054095713828
  0
LWPOLYLINE
  5
42
330
17
100
AcDbEntity
  8
ENG_L
100
AcDbPolyline
 90
5
 70
1
 10
224.9236174191971
 20
131.55583137176075
 10
225.5319976758426
 20
130.9474511151152
 10
224.32489089465608
 20
130.54508218805293
 10
223.7165106380106
 20
131.15346244469862
 10
224.9236174191971
 20
131.55583137176075
  0
LWPOLYLINE
  5
43
330
17
100
AcDbEntity
  8
ENG_L
100
AcDbPolyline
 90
4
 70
1
 10
223.2100405945535
 20
113.94182284397192
 10
224.01477844867787
 20
113.13708498984765
 10
223.2100405945535
 20
112.33234713572338
 10
223.2100405945535
 20
113.94182284397192
  0
LWPOLYLINE
  5
44
330
17
100
AcDbEntity
  8
ENG_L
100
AcDbPolyline
 90
4
 70
1
 10
222.73863607376248
 20
112.80375165651435
 10
222.73863607376248
 20
114.41322736476323
 10
223.54337392788682
 20
113.60848951063862
 10
222.73863607376248
 20
112.80375165651435
  0
LWPOLYLINE
  5
45
330
17
100
AcDbEntity
  8
ENG_L
100
AcDbPolyline
 90
4
 70
1
 10
223.07196940709582
 20
114.0798940314297
 10
222.26723155297145
 20
113.27515617730543
 10
222.26723155297145
 20
114.88463188555397
 10
223.07196940709582
 20
114.0798940314297
  0
LWPOLYLINE
  5
46
330
17
100
AcDbEntity
  8
ENG_L
100
AcDbPolyline
 90
4
 70
1
 10
216.61037730347905
 20
38.98850403819787
 10
217.41511515760342
 20
38.1837661840736
 10
216.61037730347905
 20
37.37902832994933
 10
216.61037730347905
 20
38.98850403819787
  0
LWPOLYLINE
  5
47
330
17
100
AcDbEntity
  8
ENG_L
100
AcDbPolyline
 90
4
 70
1
 10
216.61037730347905
 20
35.493410246784876
 10
216.61037730347905
 20
37.10288595503375
 10
217.4151151576034
 20
36.29814810090948
 10
216.61037730347905
 20
35.493410246784876
  0
LWPOLYLINE
  5
48
330
17
100
AcDbEntity
  8
ENG_L
100
AcDbPolyline
 90
21
 70
1
 10
215.51519933483485
 20
54.66862667215522
 10
214.94188849327028
 20
54.095315830590685
 10
214.65458851648734
 20
52.65881594667587
 10
213.07484339754632
 20
53.606663018040514
 10
213.07484339754632
 20
55.57009169743799
 10
212.64542819378937
 20
56.42892210495199
 10
212.13203435596427
 20
56.9423159427771
 10
211.68610865377605
 20
56.49639024058884
 10
209.82607663165308
 20
57.82498454210527
 10
209.30360723121808
 20
58.86992334297525
 10
209.30360723121808
 20
60.94463553418028
 10
210.6525350469595
 20
61.7539922236251
 10
212.03440328302642
 20
61.7539922236251
 10
212.9586393371683
 20
62.67822827776692
 10
215.3156619411235
 20
63.14963279855801
 10
215.95006659002664
 20
63.78403744746108
 10
216.84607956387458
 20
62.29068249104785
 10
216.84607956387458
 20
57.13757808865261
 10
217.3174840846656
 20
56.666173567861634
 10
217.3174840846656
 20
54.41115742217939
 10
215.51519933483485
 20
54.66862667215522
  0
LWPOLYLINE
  5
49
330
17
100
AcDbEntity
  8
ENG_L
100
AcDbPolyline
 90
5
 70
1
 10
215.96693152416748
 20
50.40631365357762
 10
214.8786123750795
 20
50.76908670327362
 10
215.86821332280596
 20
53.07815558130202
 10
216.90717337121316
 20
51.34655550062317
 10
215.96693152416748
 20
50.40631365357762
  0
LWPOLYLINE
  5
4A
330
17
100
AcDbEntity
  8
ENG_L
100
AcDbPolyline
 90
4
 70
1
 10
216.13897278268803
 20
49.830808016391615
 10
216.94371063681237
 20
49.026070162267345
 10
216.13897278268803
 20
48.22133230814274
 10
216.13897278268803
 20
49.830808016391615
  0
LWPOLYLINE
  5
4B
330
17
100
AcDbEntity
  8
ENG_L
100
AcDbPolyline
 90
4
 70
1
 10
216.47230611602137
 20
40.069384267237716
 10
215.667568261897
 20
39.26464641311345
 10
215.667568261897
 20
40.87412212136199
 10
216.47230611602137
 20
40.069384267237716
  0
LWPOLYLINE
  5
4C
330
17
100
AcDbEntity
  8
ENG_L
100
AcDbPolyline
 90
8
 70
1
 10
212.13203435596427
 20
125.44465780723225
 10
213.45018839688072
 20
128.34459669724828
 10
215.3808011218575
 20
126.96558760797927
 10
215.910302127083
 20
125.9065855975282
 10
215.39705295882882
 20
121.80059225149465
 10
213.1649760868638
 20
122.35861146948591
 10
212.13203435596427
 20
123.90802406583524
 10
212.13203435596427
 20
125.44465780723225
  0
LWPOLYLINE
  5
4D
330
17
100
AcDbEntity
  8
ENG_L
100
AcDbPolyline
 90
4
 70
1
 10
214.72475922031495
 20
37.10288595503375
 10
215.52949707443926
 20
36.29814810090948
 10
214.72475922031495
 20
35.493410246784876
 10
214.72475922031495
 20
37.10288595503375
  0
LWPOLYLINE
  5
4E
330
17
100
AcDbEntity
  8
ENG_L
100
AcDbPolyline
 90
5
 70
1
 10
215.0634671455021
 20
39.32721196338529
 10
215.5231831587378
 20
37.94806392367811
 10
214.48905695991942
 20
37.94806392367811
 10
214.48905695991942
 20
38.75280177780238
 10
215.0634671455021
 20
39.32721196338529
  0
LWPOLYLINE
  5
4F
330
17
100
AcDbEntity
  8
ENG_L
100
AcDbPolyline
 90
5
 70
1
 10
212.13203435596427
 20
199.16841003421092
 10
212.13203435596427
 20
200.91595692991737
 10
212.77010554342195
 20
201.554028117375
 10
213.11090812673112
 20
199.16841003421092
 10
212.13203435596427
 20
199.16841003421092
  0
LWPOLYLINE
  5
50
330
17
100
AcDbEntity
  8
ENG_L
100
AcDbPolyline
 90
5
 70
1
 10
211.59953602783466
 20
32.49037466898197
 10
212.66498883644294
 20
34.26612934999574
 10
213.1088134686091
 20
32.934655453497165
 10
212.13203435596424
 20
31.95787634085223
 10
211.59953602783466
 20
32.49037466898197
  0
LWPOLYLINE
  5
51
330
17
100
AcDbEntity
  8
ENG_L
100
AcDbPolyline
 90
11
 70
1
 10
212.13203435596427
 20
205.1585976170367
 10
212.6034388767553
 20
204.6871930962456
 10
212.6034388767553
 20
201.05402811737505
 10
211.68536848607815
 20
201.05402811737505
 10
211.19530922204683
 20
205.46456149365687
 10
210.2413136997087
 20
207.37255253833308
 10
210.56744092508632
 20
210.95995201748664
 10
211.66062983517324
 20
208.4091778939504
 10
211.66062983517324
 20
207.04421570020082
 10
212.13203435596427
 20
206.57281117940974
 10
212.13203435596427
 20
205.1585976170367
  0
LWPOLYLINE
  5
52
330
17
100
AcDbEntity
  8
ENG_L
100
AcDbPolyline
 90
13
 70
1
 10
209.33757730228086
 20
32.1191684156652
 10
208.98127390892702
 20
31.05025823560359
 10
206.4751801064719
 20
31.885622836421934
 10
206.4751801064719
 20
32.624543007519044
 10
207.41798914805395
 20
33.5673520491011
 10
207.41798914805395
 20
34.55121801712857
 10
209.81596151655006
 20
35.88342488851526
 10
210.699247806151
 20
35.00013859891426
 10
211.21722379211687
 20
32.41025866908487
 10
209.64432222864096
 20
31.46651773099929
 10
209.20060156642643
 20
32.7976797176428
 10
208.92983378336484
 20
32.526911934581236
 10
209.33757730228086
 20
32.1191684156652
  0
LWPOLYLINE
  5
53
330
17
100
AcDbEntity
  8
ENG_L
100
AcDbPolyline
 90
8
 70
1
 10
206.94658462726292
 20
39.97175319429991
 10
206.94658462726292
 20
41.07747905545145
 10
207.75594131670775
 20
42.42640687119281
 10
208.48209479079628
 20
42.42640687119281
 10
209.7750117520091
 20
40.61632312549479
 10
209.7750117520091
 20
39.36227748605114
 10
207.55606033551163
 20
39.36227748605114
 10
206.94658462726292
 20
39.97175319429991
  0
LWPOLYLINE
  5
54
330
17
100
AcDbEntity
  8
ENG_L
100
AcDbPolyline
 90
25
 70
1
 10
203.64675298172568
 20
112.2919070212034
 10
204.13489155800315
 20
111.8037684449259
 10
203.66348703721212
 20
108.97534132017972
 10
204.15469476811595
 20
108.48413358927588
 10
206.31758932844951
 20
109.78187032547592
 10
208.24751382668117
 20
112.19427594826558
 10
209.56694912079658
 20
112.19427594826558
 10
209.29752332355343
 20
109.7694437730774
 10
208.36079818963603
 20
107.89599350524259
 10
208.36079818963603
 20
106.48177994286945
 10
207.41798914805395
 20
104.59616185970533
 10
207.41798914805395
 20
103.18194829733218
 10
206.4277509617124
 20
101.20147192464913
 10
203.7308900568394
 20
98.99494936611674
 10
202.33017049229042
 20
98.99494936611674
 10
201.82479590043656
 20
98.48957477426279
 10
200.87907829350644
 20
98.80481397657282
 10
199.40411229460642
 20
102.24640130733953
 10
199.40411229460642
 20
103.28596975755033
 10
200.21570896828703
 20
105.1796953294718
 10
201.6562994736661
 20
104.69949849434535
 10
202.2325394193526
 20
105.65989840382284
 10
202.2325394193526
 20
113.37278725024314
 10
203.64675298172568
 20
113.37278725024314
 10
203.64675298172568
 20
112.2919070212034
  0
LWPOLYLINE
  5
55
330
17
100
AcDbEntity
  8
ENG_L
100
AcDbPolyline
 90
5
 70
1
 10
208.05079481797375
 20
208.80675242570902
 10
205.92656154543246
 20
209.11021432178634
 10
206.31377895734315
 20
210.27186655751828
 10
208.43801222988444
 20
209.96840466144096
 10
208.05079481797375
 20
208.80675242570902
  0
LWPOLYLINE
  5
56
330
17
100
AcDbEntity
  8
ENG_L
100
AcDbPolyline
 90
4
 70
1
 10
202.4682416797481
 20
207.55606033551177
 10
202.4682416797481
 20
209.16553604376065
 10
203.27297953387244
 20
208.36079818963606
 10
202.4682416797481
 20
207.55606033551177
  0
LWPOLYLINE
  5
57
330
17
100
AcDbEntity
  8
ENG_L
100
AcDbPolyline
 90
11
 70
1
 10
198.41021231007718
 20
206.9931247572536
 10
199.7778857424596
 20
208.36079818963606
 10
202.3301704922904
 20
208.36079818963606
 10
202.80157501308145
 20
207.88939366884506
 10
202.3947414734109
 20
207.48256012917454
 10
203.22789738078126
 20
207.06598217548944
 10
202.87382851751178
 20
206.00377558568096
 10
200.91595692991734
 20
206.00377558568096
 10
200.42439070977383
 20
205.5122093655374
 10
199.00914548328655
 20
205.7952584108349
 10
198.41021231007718
 20
206.9931247572536
  0
LWPOLYLINE
  5
58
330
17
100
AcDbEntity
  8
ENG_L
100
AcDbPolyline
 90
9
 70
1
 10
197.96973703288083
 20
31.506633519413853
 10
198.26807362007247
 20
32.99831645537221
 10
199.50174336754426
 20
32.99831645537221
 10
199.9731478883353
 20
32.52691193458113
 10
202.36599177148983
 20
32.52691193458113
 10
203.19753452335146
 20
31.141007348145067
 10
202.866446162737
 20
30.14774226630168
 10
198.82322573217232
 20
30.653144820122378
 10
197.96973703288083
 20
31.506633519413853
  0
LWPOLYLINE
  5
59
330
17
100
AcDbEntity
  8
ENG_L
100
AcDbPolyline
 90
6
 70
1
 10
200.68803285192297
 20
106.69259845354739
 10
199.40411229460642
 20
107.33455873220576
 10
199.40411229460642
 20
109.55907845647117
 10
200.89579523056486
 20
109.85741504366287
 10
201.81222584150873
 20
108.94098443271893
 10
200.68803285192297
 20
106.69259845354739
  0
LWPOLYLINE
  5
5A
330
17
100
AcDbEntity
  8
ENG_L
100
AcDbPolyline
 90
6
 70
1
 10
198.4686476419821
 20
143.72533374289608
 10
197.59933941978775
 20
142.2764867059053
 10
196.10428064906918
 20
143.17352196833656
 10
196.10428064906918
 20
145.86842041103898
 10
198.19730430338973
 20
146.16742379022762
 10
198.4686476419821
 20
143.72533374289608
  0
LWPOLYLINE
  5
5B
330
17
100
AcDbEntity
  8
ENG_L
100
AcDbPolyline
 90
32
 70
1
 10
190.39633545662963
 20
201.80767502855224
 10
190.91883092036784
 20
202.3301704922905
 10
190.91883092036784
 20
203.34523303830298
 10
191.92530096382487
 20
203.6807230527886
 10
192.33304448274095
 20
203.2729795338726
 10
192.7704789324692
 20
203.7104139836008
 10
192.6240968937216
 20
204.14956009984354
 10
191.14785151958418
 20
204.4448091746709
 10
192.29907441167816
 20
205.5960320667649
 10
191.8276698908871
 20
207.01024562913807
 10
192.7704789324692
 20
207.95305467072012
 10
192.61811000540698
 20
208.41016145190662
 10
191.07559302759532
 20
208.9243337778438
 10
193.95466361627044
 20
209.33562957622587
 10
194.22973111342398
 20
206.86002210184418
 10
193.74725804511402
 20
206.3775490335341
 10
193.74725804511402
 20
205.74333467438055
 10
195.74107928505174
 20
205.52179898105416
 10
196.5756851698602
 20
204.6871930962456
 10
196.5756851698602
 20
203.54912190878792
 10
195.74398723938924
 20
202.71742397831704
 10
194.1385493262939
 20
202.4880757050177
 10
193.74725804511402
 20
201.70549314265784
 10
193.74725804511402
 20
200.91595692991737
 10
194.23882426525753
 20
200.42439070977392
 10
193.94048767806586
 20
198.93270777381545
 10
192.70681793059413
 20
198.93270777381545
 10
191.92621094307037
 20
199.71331476133923
 10
191.525079259172
 20
198.91105139354238
 10
189.2403196183903
 20
199.23744562793976
 10
190.86773997742068
 20
200.8648659869702
 10
190.39633545662963
 20
201.80767502855224
  0
LWPOLYLINE
  5
5C
330
17
100
AcDbEntity
  8
ENG_L
100
AcDbPolyline
 90
50
 70
1
 10
186.97613026974096
 20
165.06541568822198
 10
189.94118110909568
 20
166.41316606974675
 10
193.19252019098965
 20
165.9486890580476
 10
193.7277217482036
 20
166.4838906152616
 10
196.05548722874818
 20
164.67340635261584
 10
196.6267761128074
 20
163.5308285844974
 10
196.10428064906918
 20
163.00833312075923
 10
196.10428064906918
 20
162.04185855095466
 10
194.24018321786596
 20
160.71036038580954
 10
192.42285973302256
 20
161.6190221282312
 10
191.86163996194992
 20
160.68365584311016
 10
191.86163996194992
 20
159.70850147522196
 10
191.3902354411589
 20
159.23709695443088
 10
191.3902354411589
 20
156.60393197556044
 10
191.91273090489707
 20
156.08143651182215
 10
191.41805631911075
 20
155.0920873402495
 10
191.91273090489707
 20
154.1027381686768
 10
191.48786651409668
 20
153.67787377787633
 10
191.84601521045582
 20
153.31972508151725
 10
192.37557941205142
 20
150.1423398719437
 10
190.16334443486704
 20
150.1423398719437
 10
188.42723871700716
 20
150.88638517959785
 10
187.18958407107365
 20
152.12403982553147
 10
186.67619023324855
 20
153.1508275011817
 10
186.67619023324855
 20
155.4982061144088
 10
186.07133336032027
 20
156.50630090262263
 10
184.98380178303628
 20
156.50630090262263
 10
184.77199916264425
 20
155.44728780066242
 10
183.37635858771128
 20
154.0516472257295
 10
182.9049540669203
 20
154.5230517465207
 10
182.9049540669203
 20
156.65197291077226
 10
183.73924465332445
 20
157.06911820397428
 10
182.9049540669203
 20
158.3205540835806
 10
182.9049540669203
 20
159.40609292957487
 10
183.80018650703158
 20
160.74894158974183
 10
182.9049540669203
 20
162.09179024990883
 10
182.9049540669203
 20
164.14640430821692
 10
183.44092956883185
 20
164.68237981012834
 10
183.993435116652
 20
163.57736871448802
 10
184.9118687512447
 20
163.57736871448802
 10
186.20478571245752
 20
161.76728496879
 10
186.20478571245752
 20
160.6775766875357
 10
185.32957506093302
 20
159.36476071024896
 10
185.8310122646043
 20
158.86332350657773
 10
187.04996368110176
 20
158.86332350657773
 10
187.6189992748306
 20
159.4323591003065
 10
187.6189992748306
 20
162.2607862250528
 10
188.09040379562165
 20
162.73219074584378
 10
188.09040379562165
 20
163.9511421623413
 10
186.97613026974096
 20
165.06541568822198
  0
LWPOLYLINE
  5
5D
330
17
100
AcDbEntity
  8
ENG_L
100
AcDbPolyline
 90
7
 70
1
 10
188.56180831641268
 20
154.5230517465207
 10
188.23515664425855
 20
154.84970341867478
 10
188.10440011048368
 20
154.19592074980048
 10
189.43760765606552
 20
152.10088032102897
 10
189.4802586661015
 20
152.228833351137
 10
188.56180831641268
 20
153.6065088756702
 10
188.56180831641268
 20
154.5230517465207
  0
LWPOLYLINE
  5
5E
330
17
100
AcDbEntity
  8
ENG_L
100
AcDbPolyline
 90
6
 70
1
 10
188.56180831641268
 20
156.67618547999083
 10
188.56180831641268
 20
157.2558803112528
 10
187.77680737091467
 20
157.4128805003524
 10
187.6529693458934
 20
157.04136642528866
 10
188.1540647974966
 20
156.54027097368538
 10
188.56180831641268
 20
156.67618547999083
  0
LWPOLYLINE
  5
5F
330
17
100
AcDbEntity
  8
ENG_L
100
AcDbPolyline
 90
15
 70
1
 10
192.33304448274095
 20
107.85400418820845
 10
192.33304448274095
 20
109.73962227137257
 10
191.850571414431
 20
110.22209533968264
 10
192.1975130326903
 20
113.34456990401642
 10
193.275853524323
 20
110.8284420902068
 10
193.275853524323
 20
108.47868153784113
 10
194.21866256590505
 20
106.59306345467701
 10
194.21866256590505
 20
103.75173554483874
 10
195.64363971503374
 20
99.95179648049569
 10
195.1098001109446
 20
97.8164380641392
 10
194.21866256590505
 20
97.8164380641392
 10
194.21866256590505
 20
100.36377082065651
 10
193.28033836581585
 20
102.7095813208796
 10
192.81399070089876
 20
107.3730579700507
 10
192.33304448274095
 20
107.85400418820845
  0
LWPOLYLINE
  5
60
330
17
100
AcDbEntity
  8
ENG_L
100
AcDbPolyline
 90
6
 70
1
 10
190.44742639957678
 20
206.23947784607643
 10
190.44742639957678
 20
208.0228460209822
 10
191.89817722754924
 20
208.89329651776578
 10
192.3841354256881
 20
208.40733831962666
 10
191.300205188913
 20
206.23947784607643
 10
190.44742639957678
 20
206.23947784607643
  0
LWPOLYLINE
  5
61
330
17
100
AcDbEntity
  8
ENG_L
100
AcDbPolyline
 90
5
 70
1
 10
192.349281168877
 20
112.90138272945217
 10
191.3902354411589
 20
112.90138272945217
 10
191.3902354411589
 20
116.53454770832272
 10
192.0622679997152
 20
117.20658026687892
 10
192.349281168877
 20
112.90138272945217
  0
LWPOLYLINE
  5
62
330
17
100
AcDbEntity
  8
ENG_L
100
AcDbPolyline
 90
7
 70
1
 10
190.9331286599723
 20
204.50622868997448
 10
189.56827835986974
 20
203.1413783898719
 10
188.4993681798082
 20
203.4976817832257
 10
188.8468738390787
 20
204.54019876103735
 10
189.56536979452164
 20
204.77969741285162
 10
190.56188872330137
 20
207.10490824667104
 10
190.9331286599723
 20
204.50622868997448
  0
LWPOLYLINE
  5
63
330
17
100
AcDbEntity
  8
ENG_L
100
AcDbPolyline
 90
5
 70
1
 10
189.50461735799473
 20
198.1597833096016
 10
190.75820549014566
 20
198.57764602031847
 10
190.40495377213313
 20
196.81138743025585
 10
189.50461735799473
 20
196.81138743025585
 10
189.50461735799473
 20
198.1597833096016
  0
LWPOLYLINE
  5
64
330
17
100
AcDbEntity
  8
ENG_L
100
AcDbPolyline
 90
4
 70
1
 10
188.32610605601715
 20
203.98008631505903
 10
189.13084391014152
 20
203.17534846093477
 10
188.32610605601715
 20
202.3706106068105
 10
188.32610605601715
 20
203.98008631505903
  0
LWPOLYLINE
  5
65
330
17
100
AcDbEntity
  8
ENG_L
100
AcDbPolyline
 90
4
 70
1
 10
188.65943938935044
 20
202.23253941935272
 10
187.85470153522613
 20
201.4278015652281
 10
187.85470153522613
 20
203.03727727347697
 10
188.65943938935044
 20
202.23253941935272
  0
LWPOLYLINE
  5
66
330
17
100
AcDbEntity
  8
ENG_L
100
AcDbPolyline
 90
4
 70
1
 10
187.71663034776842
 20
200.81832585697956
 10
186.91189249364407
 20
200.0135880028553
 10
186.91189249364407
 20
201.62306371110384
 10
187.71663034776842
 20
200.81832585697956
  0
LWPOLYLINE
  5
67
330
17
100
AcDbEntity
  8
ENG_L
100
AcDbPolyline
 90
7
 70
1
 10
185.33052236375414
 20
146.41407282434983
 10
184.72538433432402
 20
147.6243488832102
 10
186.70166905185138
 20
149.03598082430102
 10
187.67009021777778
 20
148.0675596583746
 10
187.10560543700552
 20
146.93859009683007
 10
186.2684467143325
 20
146.1014313741571
 10
185.33052236375414
 20
146.41407282434983
  0
LWPOLYLINE
  5
68
330
17
100
AcDbEntity
  8
ENG_L
100
AcDbPolyline
 90
7
 70
1
 10
186.82632703856365
 20
201.19833262604502
 10
187.16189249364407
 20
198.8493744404821
 10
186.67619023324855
 20
198.36367218008667
 10
186.67619023324855
 20
193.51155578471858
 10
185.75383669767655
 20
193.51155578471858
 10
185.25502295863748
 20
198.99850691414844
 10
186.82632703856365
 20
201.19833262604502
  0
LWPOLYLINE
  5
69
330
17
100
AcDbEntity
  8
ENG_L
100
AcDbPolyline
 90
5
 70
1
 10
186.3077913772492
 20
190.17665861651523
 10
186.76750739048484
 20
188.79751057680826
 10
185.7333811916665
 20
188.79751057680826
 10
185.7333811916665
 20
189.60224843093266
 10
186.3077913772492
 20
190.17665861651523
  0
LWPOLYLINE
  5
6A
330
17
100
AcDbEntity
  8
ENG_L
100
AcDbPolyline
 90
8
 70
1
 10
186.2387557835203
 20
192.74078800165694
 10
185.7333811916665
 20
192.23541340980321
 10
185.7333811916665
 20
190.6831286599724
 10
184.45723881675107
 20
190.6831286599724
 10
183.84776310850236
 20
191.29260436822116
 10
183.84776310850236
 20
192.95987016846405
 10
185.87598273382434
 20
193.82910715074496
 10
186.2387557835203
 20
192.74078800165694
  0
LWPOLYLINE
  5
6B
330
17
100
AcDbEntity
  8
ENG_L
100
AcDbPolyline
 90
5
 70
1
 10
185.26197667087547
 20
189.74031961839032
 10
185.26197667087547
 20
190.5450574725147
 10
185.83638685645818
 20
191.11946765809728
 10
186.2961028696938
 20
189.74031961839032
 10
185.26197667087547
 20
189.74031961839032
  0
LWPOLYLINE
  5
6C
330
17
100
AcDbEntity
  8
ENG_L
100
AcDbPolyline
 90
4
 70
1
 10
182.52628616429905
 20
99.98142035085988
 10
183.99683430700236
 20
100.47160306509429
 10
184.4870170212368
 20
99.00105492239098
 10
182.52628616429905
 20
99.98142035085988
  0
LWPOLYLINE
  5
6D
330
17
100
AcDbEntity
  8
ENG_L
100
AcDbPolyline
 90
4
 70
1
 10
183.0025851398581
 20
100.40916292848978
 10
182.19784728573373
 20
99.60442507436551
 10
182.19784728573373
 20
101.21390078261405
 10
183.0025851398581
 20
100.40916292848978
  0
LWPOLYLINE
  5
6E
330
17
100
AcDbEntity
  8
ENG_L
100
AcDbPolyline
 90
5
 70
1
 10
182.20452894691283
 20
100.73581460064385
 10
180.4704620893798
 20
100.38900122913729
 10
179.83414302059944
 20
101.02532029791756
 10
181.56820987813256
 20
101.37213366942433
 10
182.20452894691283
 20
100.73581460064385
  0
LWPOLYLINE
  5
6F
330
17
100
AcDbEntity
  8
ENG_L
100
AcDbPolyline
 90
5
 70
1
 10
180.9163303189645
 20
146.80744270374046
 10
181.996115096401
 20
145.72765792630392
 10
181.59374616933886
 20
144.5205511451173
 10
180.51396139190234
 20
145.60033592255382
 10
180.9163303189645
 20
146.80744270374046
  0
LWPOLYLINE
  5
70
330
17
100
AcDbEntity
  8
ENG_L
100
AcDbPolyline
 90
4
 70
1
 10
180.31222920256963
 20
146.27347263267765
 10
180.31222920256963
 20
147.8829483409262
 10
181.11696705669397
 20
147.0782104868019
 10
180.31222920256963
 20
146.27347263267765
  0
LWPOLYLINE
  5
71
330
17
100
AcDbEntity
  8
ENG_L
100
AcDbPolyline
 90
5
 70
1
 10
180.15399631575943
 20
101.8435381902153
 10
180.79031538453984
 20
101.20721912143493
 10
179.05624852700672
 20
100.86040574992839
 10
178.41992945822633
 20
101.49672481870876
 10
180.15399631575943
 20
101.8435381902153
  0
LWPOLYLINE
  5
72
330
17
100
AcDbEntity
  8
ENG_L
100
AcDbPolyline
 90
7
 70
1
 10
180.08006782280017
 20
173.4005449396371
 10
178.08754658018563
 20
170.83873191341837
 10
177.21426979662226
 20
174.04074678648428
 10
179.14143741627993
 20
175.4861225012274
 10
179.44759102294523
 20
180.0784266012071
 10
179.78989717524533
 20
180.07446983339858
 10
180.08006782280017
 20
173.4005449396371
  0
LWPOLYLINE
  5
73
330
17
100
AcDbEntity
  8
ENG_L
100
AcDbPolyline
 90
14
 70
1
 10
178.75994445273886
 20
82.49579113843065
 10
177.71950433821894
 20
81.45535102391077
 10
176.69579827918548
 20
82.47905708294422
 10
174.0615239963226
 20
82.04001136913364
 10
173.560196984433
 20
81.5386843572441
 10
171.51403152768714
 20
81.83099370820779
 10
171.86991694706555
 20
82.898649966343
 10
172.93884588458812
 20
83.43311443510426
 10
177.6123315679144
 20
83.90046300343701
 10
178.59865237792604
 20
84.8867838134486
 10
179.5365767285044
 20
84.57414236325577
 10
180.09530513561754
 20
83.45668554902963
 10
179.77500699875122
 20
82.49579113843065
 10
178.75994445273886
 20
82.49579113843065
  0
LWPOLYLINE
  5
74
330
17
100
AcDbEntity
  8
ENG_L
100
AcDbPolyline
 90
19
 70
1
 10
174.32204161974389
 20
88.62404990871397
 10
173.04209311409508
 20
89.9039984143628
 10
172.18879411032918
 20
88.62404990871397
 10
171.41121716173132
 20
88.62404990871397
 10
170.6097606324868
 20
91.56272384927733
 10
172.09918735432584
 20
92.45637988238076
 10
173.00545913030862
 20
91.55010810639797
 10
174.32204161974389
 20
92.86669059583319
 10
175.4410491543956
 20
92.86669059583319
 10
177.32666723755975
 20
91.45247703346016
 10
178.04523685086036
 20
91.45247703346016
 10
178.75871397243813
 20
92.87943127661569
 10
179.15387959994453
 20
90.90360313908386
 10
178.75994445273884
 20
90.50966799187809
 10
180.14867919650908
 20
89.12093324810787
 10
178.75292809394708
 20
87.16688170452103
 10
176.35465403811645
 20
87.96630638979796
 10
176.13540619847777
 20
88.62404990871397
 10
174.32204161974389
 20
88.62404990871397
  0
LWPOLYLINE
  5
75
330
17
100
AcDbEntity
  8
ENG_L
100
AcDbPolyline
 90
23
 70
1
 10
179.60512242138307
 20
151.22322010098344
 10
179.13371790059207
 20
150.75181558019224
 10
177.25451289180594
 20
152.6310205889786
 10
177.04747177966263
 20
155.73663727112842
 10
176.35638171879305
 20
155.04554721025886
 10
176.82778623958407
 20
154.1027381686768
 10
176.30529077584586
 20
153.58024270493854
 10
176.30529077584586
 20
152.8326958092322
 10
176.7766952966369
 20
152.36129128844112
 10
176.7766952966369
 20
151.22322010098344
 10
175.83388625505484
 20
150.2804110594014
 10
174.41967269268173
 20
151.6946246217744
 10
174.41967269268173
 20
152.63743366335657
 10
173.8506370989529
 20
153.20646925708536
 10
172.43642353657975
 20
153.20646925708536
 10
171.59124556793554
 20
154.05164722572962
 10
171.59124556793554
 20
155.62877760767213
 10
173.82515023678636
 20
159.35195205575693
 10
177.85125410694383
 20
158.84868907198722
 10
179.15587006477517
 20
157.0222267310233
 10
178.21994049011423
 20
153.7464732197099
 10
179.60512242138307
 20
152.36129128844112
 10
179.60512242138307
 20
151.22322010098344
  0
LWPOLYLINE
  5
76
330
17
100
AcDbEntity
  8
ENG_L
100
AcDbPolyline
 90
7
 70
1
 10
177.5982077370587
 20
98.05214032453458
 10
179.35198553331273
 20
98.05214032453458
 10
179.61274264806596
 20
94.6622978327425
 10
178.725974381676
 20
93.77552956635249
 10
177.8108214954553
 20
94.08058052842605
 10
176.24891208404173
 20
96.16312641031077
 10
177.5982077370587
 20
98.05214032453458
  0
LWPOLYLINE
  5
77
330
17
100
AcDbEntity
  8
ENG_L
100
AcDbPolyline
 90
11
 70
1
 10
174.3220416197439
 20
78.2531504513112
 10
176.17914675424322
 20
78.2531504513112
 10
177.1219557958253
 20
79.66736401368435
 10
177.81713541115678
 20
79.66736401368435
 10
178.66231337980102
 20
78.8221860450401
 10
178.66231337980102
 20
76.25225420962889
 10
176.24983490336967
 20
74.37588206129342
 10
175.22482264132387
 20
75.91340045436212
 10
173.47686365109965
 20
76.1631088815371
 10
173.47686365109965
 20
77.40797248266706
 10
174.3220416197439
 20
78.2531504513112
  0
LWPOLYLINE
  5
78
330
17
100
AcDbEntity
  8
ENG_L
100
AcDbPolyline
 90
6
 70
1
 10
174.3220416197439
 20
98.05214032453469
 10
174.90455725164603
 20
98.63465595643672
 10
175.2902135858086
 20
101.33425029557431
 10
176.37818179096118
 20
97.34503354334811
 10
175.0291484009304
 20
97.34503354334811
 10
174.3220416197439
 20
98.05214032453469
  0
LWPOLYLINE
  5
79
330
17
100
AcDbEntity
  8
ENG_L
100
AcDbPolyline
 90
13
 70
1
 10
171.85648026741643
 20
77.40497384468381
 10
173.52365971883373
 20
74.62634142565494
 10
173.94826817189065
 20
75.05094987871186
 10
174.48727108273928
 20
74.51194696786334
 10
173.5012223429929
 20
73.03287385824365
 10
173.89890490962014
 20
71.83982615836182
 10
175.398711178116
 20
71.33989073552993
 10
175.05317807758246
 20
69.61222523286226
 10
173.63896451520938
 20
70.55503427444432
 10
173.45829066365948
 20
69.65166501669474
 10
172.4872585417835
 20
68.68063289481884
 10
171.58881594790762
 20
70.17803721794525
 10
171.85648026741643
 20
77.40497384468381
  0
LWPOLYLINE
  5
7A
330
17
100
AcDbEntity
  8
ENG_L
100
AcDbPolyline
 90
9
 70
1
 10
171.59124556793554
 20
176.9101476487741
 10
173.0419963959079
 20
177.78059814555758
 10
173.5744947240375
 20
177.24809981742794
 10
174.55312504481896
 20
177.24809981742794
 10
175.4084013269044
 20
175.8226393472856
 10
174.08589101938145
 20
173.9711249167535
 10
172.73668107946094
 20
173.70128292876942
 10
171.59124556793554
 20
174.27400068453213
 10
171.59124556793554
 20
176.9101476487741
  0
LWPOLYLINE
  5
7B
330
17
100
AcDbEntity
  8
ENG_L
100
AcDbPolyline
 90
5
 70
1
 10
173.47686365109965
 20
181.58837157748508
 10
173.9950642396248
 20
182.10657216601012
 10
175.07167001768906
 20
180.31222920256974
 10
173.47686365109965
 20
180.31222920256974
 10
173.47686365109965
 20
181.58837157748508
  0
LWPOLYLINE
  5
7C
330
17
100
AcDbEntity
  8
ENG_L
100
AcDbPolyline
 90
4
 70
1
 10
173.24116139070415
 20
181.62881169200506
 10
173.24116139070415
 20
183.2382874002536
 10
174.0458992448285
 20
182.43354954612934
 10
173.24116139070415
 20
181.62881169200506
  0
LWPOLYLINE
  5
7D
330
17
100
AcDbEntity
  8
ENG_L
100
AcDbPolyline
 90
5
 70
1
 10
172.6253717667539
 20
150.1423398719437
 10
171.59124556793554
 20
150.1423398719437
 10
171.59124556793554
 20
150.94707772606796
 10
172.1656557535182
 20
151.52148791165055
 10
172.6253717667539
 20
150.1423398719437
  0
LWPOLYLINE
  5
7E
330
17
100
AcDbEntity
  8
ENG_L
100
AcDbPolyline
 90
4
 70
1
 10
171.82694782833104
 20
78.39122163876911
 10
171.82694782833104
 20
80.00069734701765
 10
172.6316856824554
 20
79.19595949289338
 10
171.82694782833104
 20
78.39122163876911
  0
LWPOLYLINE
  5
7F
330
17
100
AcDbEntity
  8
ENG_L
100
AcDbPolyline
 90
12
 70
1
 10
164.07174329529954
 20
95.98898097732878
 10
163.78287274974787
 20
98.01107479619053
 10
166.72005883435898
 20
98.50060581029251
 10
167.24319562547726
 20
99.54687939252904
 10
168.32448971285032
 20
99.00623234884243
 10
169.9461704055044
 20
99.3305684873732
 10
168.8962707953266
 20
97.58073580374361
 10
167.9176404745451
 20
97.58073580374361
 10
166.40579583923417
 20
96.06889116843276
 10
165.93439131844318
 20
96.54029568922373
 10
165.05524327873607
 20
95.66114764951661
 10
164.07174329529954
 20
95.98898097732878
  0
LWPOLYLINE
  5
80
330
17
100
AcDbEntity
  8
ENG_L
100
AcDbPolyline
 90
8
 70
1
 10
168.76281844318936
 20
178.2885399319478
 10
168.76281844318936
 20
176.5409930362415
 10
167.41442256384366
 20
176.5409930362415
 10
167.15846949127248
 20
177.308852253955
 10
164.83325865745314
 20
178.3053711827346
 10
167.23749376970508
 20
178.64883334162772
 10
167.8200094016073
 20
179.2313489735299
 10
168.76281844318936
 20
178.2885399319478
  0
LWPOLYLINE
  5
81
330
17
100
AcDbEntity
  8
ENG_L
100
AcDbPolyline
 90
7
 70
1
 10
168.76281844318936
 20
84.14570696119917
 10
167.9453146285216
 20
84.14570696119917
 10
165.43356175017314
 20
87.15981041521736
 10
165.83138565365152
 20
88.3532821256523
 10
166.51399899600773
 20
87.67066878329621
 10
168.76281844318936
 20
87.42079995583163
 10
168.76281844318936
 20
84.14570696119917
  0
LWPOLYLINE
  5
82
330
17
100
AcDbEntity
  8
ENG_L
100
AcDbPolyline
 90
20
 70
1
 10
165.9768639458868
 20
73.30340298300541
 10
166.42436882667437
 20
75.54092738694307
 10
166.8772003600252
 20
75.99375892029391
 10
166.8772003600252
 20
78.32868478877741
 10
168.49453172360754
 20
80.59294869779265
 10
168.7675111638138
 20
74.86038045346066
 10
168.3425048653455
 20
74.43537415499246
 10
168.84334394881066
 20
73.43369598806215
 10
167.8200094016073
 20
72.92202871446041
 10
167.8200094016073
 20
71.55585608729898
 10
167.44623595375404
 20
71.18208263944581
 10
167.8014364141671
 20
70.82688217903276
 10
168.34322219911286
 20
68.11795325430414
 10
166.98675859881808
 20
68.11795325430414
 10
165.86679292838556
 20
69.79790175995282
 10
166.40579583923417
 20
70.33690467080156
 10
166.40579583923417
 20
71.06423150924812
 10
164.52017775607007
 20
72.47844507162127
 10
164.52017775607007
 20
73.30340298300541
 10
165.9768639458868
 20
73.30340298300541
  0
LWPOLYLINE
  5
83
330
17
100
AcDbEntity
  8
ENG_L
100
AcDbPolyline
 90
4
 70
1
 10
167.58430714121178
 20
202.84201512760148
 10
167.58430714121178
 20
204.45149083585002
 10
168.38904499533612
 20
203.64675298172574
 10
167.58430714121178
 20
202.84201512760148
  0
LWPOLYLINE
  5
84
330
17
100
AcDbEntity
  8
ENG_L
100
AcDbPolyline
 90
43
 70
1
 10
156.76298649664142
 20
208.53800967156877
 10
158.26417554270714
 20
209.73896090842138
 10
161.16470435462898
 20
211.1892253143822
 10
165.56061787058997
 20
211.1892253143822
 10
166.50342691217202
 20
210.24641627280016
 10
167.44623595375407
 20
210.24641627280016
 10
168.56914913658395
 20
209.12350308997028
 10
165.8478287930243
 20
208.82113416290815
 10
164.90824894352772
 20
209.7607140124047
 10
161.80286174243503
 20
209.31708726939146
 10
160.70695227270772
 20
208.2211777996642
 10
159.8572234911069
 20
206.52172023646253
 10
160.37516814188862
 20
206.00377558568084
 10
161.31797718347065
 20
206.00377558568084
 10
162.1631551521149
 20
205.1585976170367
 10
162.53692859996812
 20
205.53237106488987
 10
163.47973764155017
 20
205.53237106488987
 10
164.47363762607938
 20
206.5262710494191
 10
165.51862855355577
 20
206.00377558568084
 10
167.446235953754
 20
206.00377558568084
 10
167.9431420891133
 20
205.50686945032172
 10
165.95175931510067
 20
204.01333236981222
 10
166.19392182792902
 20
202.31819478001367
 10
163.5206014074848
 20
201.24886661183606
 10
163.0250671762456
 20
201.7444008430751
 10
157.54841419414868
 20
200.83162534605904
 10
155.21983078332894
 20
198.96875861740327
 10
153.15992912709467
 20
197.93880778928607
 10
152.6595510964073
 20
198.43918581997366
 10
156.9297543678257
 20
204.1327901818648
 10
156.3728485504853
 20
205.06096654409887
 10
155.46586078810262
 20
205.06096654409887
 10
154.6503737502706
 20
205.87645358193097
 10
154.46287472337434
 20
206.43895066261976
 10
152.10585211941918
 20
205.96754614182865
 10
151.74742117664425
 20
207.04283897015353
 10
153.23019346441427
 20
208.03135382866688
 10
153.4846441449245
 20
209.3036072312181
 10
154.05164722572954
 20
209.3036072312181
 10
156.38579823011395
 20
211.6377582356026
 10
158.54650349764754
 20
212.1779345524859
 10
158.8923097323104
 20
211.14051584849759
 10
156.76298649664142
 20
208.53800967156877
  0
LWPOLYLINE
  5
85
330
17
100
AcDbEntity
  8
ENG_L
100
AcDbPolyline
 90
4
 70
1
 10
156.53927359443244
 20
208.3590393498016
 10
156.09733651843595
 20
208.211726991136
 10
156.15160949268113
 20
208.0489080684005
 10
156.53927359443244
 20
208.3590393498016
  0
LWPOLYLINE
  5
86
330
17
100
AcDbEntity
  8
ENG_L
100
AcDbPolyline
 90
5
 70
1
 10
165.64004975998398
 20
172.0968051954722
 10
168.29141392239833
 20
171.80220917742628
 10
168.29141392239833
 20
169.32425321622634
 10
165.9615764039926
 20
170.48917197542912
 10
165.64004975998398
 20
172.0968051954722
  0
LWPOLYLINE
  5
87
330
17
100
AcDbEntity
  8
ENG_L
100
AcDbPolyline
 90
16
 70
1
 10
163.50503157565512
 20
151.61349348952703
 10
163.86842112546864
 20
152.7036621389676
 10
166.45970160718468
 20
153.22191823531085
 10
168.29141392239833
 20
151.91355229587256
 10
168.29141392239833
 20
149.80900653861028
 10
167.48822527078804
 20
149.00581788699995
 10
166.46143759513805
 20
148.49242404917507
 10
164.14640430821683
 20
148.49242404917507
 10
163.64102971636297
 20
147.9870494573212
 10
161.20074550557362
 20
148.8004775275843
 10
161.5289452548466
 20
151.75427527104102
 10
162.76070369450858
 20
149.9066376115481
 10
164.89395120392325
 20
149.9066376115481
 10
165.40189299031354
 20
150.41457939793844
 10
164.8431144844111
 20
151.3458769077758
 10
163.50503157565512
 20
151.61349348952703
  0
LWPOLYLINE
  5
88
330
17
100
AcDbEntity
  8
ENG_L
100
AcDbPolyline
 90
4
 70
1
 10
167.11290262042073
 20
208.22272700217815
 10
167.9176404745451
 20
207.41798914805398
 10
167.11290262042073
 20
206.61325129392984
 10
167.11290262042073
 20
208.22272700217815
  0
LWPOLYLINE
  5
89
330
17
100
AcDbEntity
  8
ENG_L
100
AcDbPolyline
 90
5
 70
1
 10
167.45161054560785
 20
203.3759851986643
 10
167.91132655884357
 20
201.99683715895722
 10
166.8772003600252
 20
201.99683715895722
 10
166.8772003600252
 20
202.8015750130815
 10
167.45161054560785
 20
203.3759851986643
  0
LWPOLYLINE
  5
8A
330
17
100
AcDbEntity
  8
ENG_L
100
AcDbPolyline
 90
5
 70
1
 10
166.12778422787497
 20
145.74121096467718
 10
166.41526159967992
 20
143.72886936204264
 10
165.29362150465124
 20
141.85946920366132
 10
164.97564907642112
 20
145.35716591419268
 10
166.12778422787497
 20
145.74121096467718
  0
LWPOLYLINE
  5
8B
330
17
100
AcDbEntity
  8
ENG_L
100
AcDbPolyline
 90
7
 70
1
 10
161.7893817042617
 20
167.82000940160736
 10
162.7710039092771
 20
166.83838719659195
 10
166.13585417176904
 20
165.30890980455004
 10
162.5632705715566
 20
164.98412947725805
 10
160.23689747105416
 20
166.7935307776488
 10
160.57905701237365
 20
167.82000940160736
 10
161.7893817042617
 20
167.82000940160736
  0
LWPOLYLINE
  5
8C
330
17
100
AcDbEntity
  8
ENG_L
100
AcDbPolyline
 90
4
 70
1
 10
165.08921334979888
 20
91.45247703346016
 10
164.28447549567454
 20
90.64773917933589
 10
164.28447549567454
 20
92.25721488758477
 10
165.08921334979888
 20
91.45247703346016
  0
LWPOLYLINE
  5
8D
330
17
100
AcDbEntity
  8
ENG_L
100
AcDbPolyline
 90
78
 70
1
 10
157.92051446499562
 20
183.04655952061387
 10
159.8256767173845
 20
180.6651067051277
 10
160.27753706895078
 20
181.116967056694
 10
160.27753706895078
 20
182.33591847319153
 10
159.70850147522194
 20
182.9049540669203
 10
160.7957376574759
 20
183.99219024917434
 10
161.69175063132388
 20
182.49883529276102
 10
161.69175063132388
 20
180.64556253590303
 10
162.6856506158531
 20
179.65166255137376
 10
162.23588365520754
 20
178.75212863008272
 10
163.06942692809773
 20
178.25200266634855
 10
163.51370771261304
 20
178.69628345086386
 10
164.72081449379954
 20
178.29391452380173
 10
163.6749997874258
 20
177.24809981742806
 10
160.2061721667447
 20
177.24809981742806
 10
158.79195860437156
 20
178.19090885901002
 10
157.73662048131462
 20
178.19090885901002
 10
157.9485129427303
 20
177.1314465519316
 10
156.5715866492542
 20
176.3052907758459
 10
153.10883818414746
 20
176.3052907758459
 10
152.73506473629428
 20
176.67906422369916
 10
152.35790149851786
 20
176.30190098592269
 10
145.03516858705012
 20
176.55440901735264
 10
146.44898882299265
 20
179.0992854420491
 10
148.963828569966
 20
179.7851508275874
 10
148.963828569966
 20
180.40225945481558
 10
147.07821048680188
 20
181.34506849639763
 10
147.07821048680188
 20
182.33591847319153
 10
146.037770372282
 20
183.3763585877114
 10
146.50917489307307
 20
183.84776310850248
 10
146.02429033410874
 20
184.33264766746672
 10
144.05807984458536
 20
184.61353488025577
 10
145.6639969244288
 20
186.75475765338035
 10
145.6639969244288
 20
188.97757108130008
 10
145.23458172067186
 20
189.83640148881386
 10
144.2497833620557
 20
190.82119984743008
 10
143.77837884126464
 20
190.34979532663908
 10
143.77837884126464
 20
187.9927727226839
 10
142.93320087262043
 20
187.14759475403963
 10
140.85232064358064
 20
187.14759475403963
 10
139.99284493533193
 20
188.00707046228837
 10
140.50982596951278
 20
191.62593770155445
 10
141.4213562373095
 20
191.62593770155445
 10
141.4213562373095
 20
190.5450574725147
 10
141.99039183103838
 20
189.97602187878582
 10
142.62032304529714
 20
189.97602187878582
 10
142.8442637375479
 20
192.43936949354412
 10
143.66217478088666
 20
193.25728053688275
 10
146.0191973848418
 20
193.72868505767383
 10
146.5293365924255
 20
194.23882426525762
 10
148.02101952838396
 20
193.9404876780658
 10
148.02101952838396
 20
192.43067555567882
 10
148.59005512211283
 20
191.86163996194995
 10
150.71075865374686
 20
191.86163996194995
 10
151.79225569471222
 20
193.8083346356875
 10
151.79225569471222
 20
195.30714361563685
 10
152.77803385502878
 20
195.80003269579504
 10
153.01373611542428
 20
196.50713947698162
 10
156.9220636675097
 20
198.46130325302437
 10
158.62762124618214
 20
198.46130325302437
 10
158.62762124618214
 20
197.60852446368827
 10
156.64592129259432
 20
196.61767448689437
 10
153.6869006751449
 20
193.6586538694448
 10
154.14252385666933
 20
188.64679887267621
 10
155.1827020543955
 20
187.19054939585956
 10
156.6553721011225
 20
187.68143941143512
 10
157.01167549447635
 20
186.61252923137351
 10
156.15110044220947
 20
185.75195417910672
 10
155.09208734024944
 20
185.54015155871483
 10
155.09208734024944
 20
183.75013203556466
 10
154.2469093716052
 20
182.90495406692042
 10
152.83269580923212
 20
182.90495406692042
 10
152.26366021550325
 20
182.33591847319153
 10
152.26366021550325
 20
181.58837157748508
 10
152.83269580923212
 20
181.01933598375618
 10
155.14772909615306
 20
181.01933598375618
 10
155.9698766242648
 20
180.60826221970026
 10
157.92051446499562
 20
183.04655952061387
  0
LWPOLYLINE
  5
8E
330
17
100
AcDbEntity
  8
ENG_L
100
AcDbPolyline
 90
9
 70
1
 10
155.81050089002395
 20
178.25016052745312
 10
154.0484920517145
 20
179.6206118461383
 10
151.9089089602086
 20
180.0485284644394
 10
151.36677076656176
 20
179.1449648083614
 10
152.293736952456
 20
177.8472121481096
 10
152.73506473629428
 20
178.2885399319478
 10
153.30410033002312
 20
177.71950433821902
 10
154.57230311514417
 20
177.71950433821902
 10
155.81050089002395
 20
178.25016052745312
  0
LWPOLYLINE
  5
8F
330
17
100
AcDbEntity
  8
ENG_L
100
AcDbPolyline
 90
19
 70
1
 10
151.28243254579132
 20
189.32192657125003
 10
150.82657505355934
 20
187.4984966023221
 10
149.53286416369488
 20
186.20478571245758
 10
148.39479297623714
 20
186.20478571245758
 10
147.48595400571793
 20
187.11362468297676
 10
147.10811446988117
 20
186.98767817103123
 10
147.51804395398318
 20
184.52810126641927
 10
149.07493968107715
 20
184.3056875911202
 10
149.4817732207477
 20
183.89885405144958
 10
150.32240037643547
 20
184.31916762929345
 10
152.3612912884411
 20
184.31916762929345
 10
152.73506473629428
 20
183.94539418144018
 10
153.2064692570853
 20
184.41679870223126
 10
153.67787377787633
 20
183.94539418144018
 10
154.0981873557202
 20
184.36570775928408
 10
153.2064692570853
 20
186.1491439565539
 10
153.2064692570853
 20
187.5381280025631
 10
151.70858611233578
 20
189.46397776009815
 10
151.28243254579132
 20
189.32192657125003
  0
LWPOLYLINE
  5
90
330
17
100
AcDbEntity
  8
ENG_L
100
AcDbPolyline
 90
5
 70
1
 10
163.6803743792796
 20
153.87851051560574
 10
164.1400903925153
 20
152.4993624758989
 10
163.10596419369696
 20
152.4993624758989
 10
163.10596419369696
 20
153.30410033002318
 10
163.6803743792796
 20
153.87851051560574
  0
LWPOLYLINE
  5
91
330
17
100
AcDbEntity
  8
ENG_L
100
AcDbPolyline
 90
12
 70
1
 10
164.04877323527901
 20
192.43067555567882
 10
164.04877323527901
 20
190.39178464367313
 10
163.48733846224212
 20
189.26891509759935
 10
159.85780404470225
 20
189.26891509759935
 10
159.30939855793605
 20
191.4625370446641
 10
160.23099693896012
 20
192.3841354256882
 10
161.17380598054217
 20
191.91273090489713
 10
163.00833312075912
 20
193.74725804511405
 10
163.6749997874258
 20
193.74725804511405
 10
164.14640430821683
 20
193.27585352432308
 10
163.6749997874258
 20
192.804449003532
 10
164.04877323527901
 20
192.43067555567882
  0
LWPOLYLINE
  5
92
330
17
100
AcDbEntity
  8
ENG_L
100
AcDbPolyline
 90
5
 70
1
 10
162.6982206747809
 20
201.32370044883342
 10
163.30660093142646
 20
200.71532019218785
 10
162.09949415023993
 20
200.31295126512572
 10
161.4911138935944
 20
200.92133152177126
 10
162.6982206747809
 20
201.32370044883342
  0
LWPOLYLINE
  5
93
330
17
100
AcDbEntity
  8
ENG_L
100
AcDbPolyline
 90
5
 70
1
 10
160.67678933540685
 20
90.0127846524843
 10
162.07254043796888
 20
91.96683619607116
 10
163.30660093142643
 20
91.55548269825186
 10
161.2203461105328
 20
89.46922787735812
 10
160.67678933540685
 20
90.0127846524843
  0
LWPOLYLINE
  5
94
330
17
100
AcDbEntity
  8
ENG_L
100
AcDbPolyline
 90
10
 70
1
 10
159.4046742714568
 20
88.65173473756371
 10
159.91114520212386
 20
88.1452638068967
 10
163.10596419369696
 20
87.89950849985262
 10
163.10596419369696
 20
86.64080075261205
 10
162.24062452570027
 20
85.77546108461532
 10
159.68992848778174
 20
86.28560029219912
 10
158.7551203498041
 20
87.22040843017665
 10
155.56823685512833
 20
87.57450659625177
 10
155.56587613621957
 20
87.60478979158992
 10
159.4046742714568
 20
88.65173473756371
  0
LWPOLYLINE
  5
95
330
17
100
AcDbEntity
  8
ENG_L
100
AcDbPolyline
 90
4
 70
1
 10
161.45604837092836
 20
201.15165919031287
 10
162.2607862250527
 20
200.3469213361886
 10
161.45604837092836
 20
199.542183482064
 10
161.45604837092836
 20
201.15165919031287
  0
LWPOLYLINE
  5
96
330
17
100
AcDbEntity
  8
ENG_L
100
AcDbPolyline
 90
5
 70
1
 10
160.80061308628433
 20
151.55655343431673
 10
160.23163687242916
 20
153.83245828973736
 10
161.4224092621376
 20
154.22938241964025
 10
161.71939026050686
 20
151.55655343431673
 10
160.80061308628433
 20
151.55655343431673
  0
LWPOLYLINE
  5
97
330
17
100
AcDbEntity
  8
ENG_L
100
AcDbPolyline
 90
4
 70
1
 10
161.7893817042617
 20
199.8755168153975
 10
160.98464385013733
 20
199.07077896127322
 10
160.98464385013733
 20
200.6802546695218
 10
161.7893817042617
 20
199.8755168153975
  0
LWPOLYLINE
  5
98
330
17
100
AcDbEntity
  8
ENG_L
100
AcDbPolyline
 90
4
 70
1
 10
160.8465726626796
 20
199.40411229460642
 10
160.04183480855528
 20
198.59937444048214
 10
160.04183480855528
 20
200.20885014873102
 10
160.8465726626796
 20
199.40411229460642
  0
LWPOLYLINE
  5
99
330
17
100
AcDbEntity
  8
ENG_L
100
AcDbPolyline
 90
5
 70
1
 10
159.984894753345
 20
92.46762321387514
 10
160.3293453456653
 20
90.74537025227369
 10
158.86332350657767
 20
90.74537025227369
 10
158.86332350657767
 20
92.09376613161946
 10
159.984894753345
 20
92.46762321387514
  0
LWPOLYLINE
  5
9A
330
17
100
AcDbEntity
  8
ENG_L
100
AcDbPolyline
 90
5
 70
1
 10
158.79966250470264
 20
197.9559286611705
 10
158.19128224805718
 20
198.5643089178162
 10
159.39838902924367
 20
198.96667784487832
 10
160.0067692858892
 20
198.35829758823274
 10
158.79966250470264
 20
197.9559286611705
  0
LWPOLYLINE
  5
9B
330
17
100
AcDbEntity
  8
ENG_L
100
AcDbPolyline
 90
5
 70
1
 10
158.32825798391167
 20
90.00429340002425
 10
157.71987772726612
 20
90.61267365666981
 10
158.92698450845265
 20
91.01504258373194
 10
159.5353647650982
 20
90.40666232708638
 10
158.32825798391167
 20
90.00429340002425
  0
LWPOLYLINE
  5
9C
330
17
100
AcDbEntity
  8
ENG_L
100
AcDbPolyline
 90
5
 70
1
 10
157.9858002116273
 20
101.35197197007184
 10
159.81906297340782
 20
100.25201431300346
 10
156.74200316301804
 20
99.91011877851574
 10
156.74200316301804
 20
101.35197197007184
 10
157.9858002116273
 20
101.35197197007184
  0
LWPOLYLINE
  5
9D
330
17
100
AcDbEntity
  8
ENG_L
100
AcDbPolyline
 90
80
 70
1
 10
138.0941301233109
 20
45.13440137924152
 10
137.62042914016905
 20
43.71329842981597
 10
136.741281100462
 20
42.834150390108846
 10
136.90004417106022
 20
42.357861178314195
 10
137.70576182688512
 20
41.95500235040184
 10
139.40959413254276
 20
41.95500235040184
 10
140.3728015322145
 20
43.399813449909395
 10
144.72142658388123
 20
42.396284591832426
 10
144.71697609986464
 20
42.31973184599103
 10
141.5487343427751
 20
41.9677049840923
 10
140.15152777809558
 20
40.10476289785292
 10
139.6323922969762
 20
39.93171773747983
 10
140.02592086837984
 20
39.14466059467259
 10
139.67340468390327
 20
38.08711204124282
 10
138.57484374354658
 20
38.636392511421256
 10
138.1674247882939
 20
38.50058619300356
 10
138.61825858199597
 20
36.69725101819532
 10
137.5706145774101
 20
35.64960701360942
 10
136.7442495558668
 20
37.577792063877126
 10
134.77060200328788
 20
39.55143961645602
 10
135.14742545887648
 20
40.30508652763321
 10
133.54555057131975
 20
40.30508652763321
 10
134.31631835438122
 20
41.07585431069482
 10
134.234837059322
 20
41.32029819587246
 10
132.0096948619504
 20
39.499727307113815
 10
132.15993248815556
 20
38.448063923678056
 10
132.93607486307098
 20
39.22420629859358
 10
133.44144945492476
 20
38.71883170673962
 10
132.90638393225868
 20
37.113635138741444
 10
131.12792615349218
 20
35.335177359974935
 10
129.68687169194206
 20
35.62338825228495
 10
128.28236220933752
 20
40.30508652763321
 10
127.36925086582443
 20
40.30508652763321
 10
126.33641157199649
 20
42.37076511528903
 10
126.33641157199649
 20
45.78188027263374
 10
128.2220296551606
 20
49.553116438961986
 10
128.2220296551606
 20
51.31780701959077
 10
126.80781609278752
 20
53.674829623545975
 10
126.80781609278752
 20
54.794618793288286
 10
129.55210614242003
 20
57.0399470157148
 10
130.95282570696898
 20
57.0399470157148
 10
131.4385279673645
 20
57.52564927611037
 10
133.45176655798727
 20
57.238043763164214
 10
133.40086592534357
 20
56.983540599945705
 10
133.79818632742692
 20
57.57952120307075
 10
134.87733470213868
 20
57.0399470157148
 10
137.0810844772524
 20
57.0399470157148
 10
137.55248899804343
 20
57.511351536505884
 10
138.9430370321941
 20
57.511351536505884
 10
140.0071426749364
 20
59.00109943634513
 10
140.0071426749364
 20
66.09426398368224
 10
140.47854719572743
 20
66.56566850447332
 10
140.47854719572743
 20
67.31321540017976
 10
140.0071426749364
 20
67.78461992097074
 10
140.0071426749364
 20
72.22252275396568
 10
141.28889918763534
 20
73.50427926666458
 10
143.7493401417817
 20
74.48845564832307
 10
145.83186811762133
 20
74.19095165177458
 10
144.8527785080691
 20
72.72231723744638
 10
145.0731948554115
 20
72.64884512166547
 10
145.51832491627917
 20
73.53910524340091
 10
146.03777037228198
 20
73.53910524340091
 10
148.847624509588
 20
76.34895938070684
 10
151.39832054750653
 20
76.85909858829065
 10
152.86238674004423
 20
75.39503239575296
 10
154.26369438532004
 20
74.92792984732766
 10
156.62855792692548
 20
73.03603901404333
 10
158.56905555229557
 20
72.20439717459904
 10
157.44910994420457
 20
71.084451566508
 10
157.44910994420457
 20
69.21559328401405
 10
155.71221924666074
 20
66.9824481014577
 10
154.09616082282653
 20
66.28985163410017
 10
153.17164328034895
 20
63.978557777906175
 10
152.26366021550325
 20
63.07057471306044
 10
152.26366021550325
 20
62.1121123814613
 10
149.8725307244383
 20
60.199208788609404
 10
149.4055421599448
 20
58.79824309512893
 10
147.0362211697678
 20
56.42892210495199
 10
145.62517168582906
 20
53.606823137074436
 10
138.0941301233109
 20
45.13440137924152
  0
LWPOLYLINE
  5
9E
330
17
100
AcDbEntity
  8
ENG_L
100
AcDbPolyline
 90
7
 70
1
 10
142.35654505220867
 20
54.59291356550477
 10
141.93955682583461
 20
55.00990179187881
 10
141.48245004464806
 20
54.24805715656789
 10
141.89276075810054
 20
53.83774644311545
 10
141.89276075810054
 20
52.42353288074231
 10
142.1684618394322
 20
52.147831799410625
 10
142.35654505220867
 20
54.59291356550477
  0
LWPOLYLINE
  5
9F
330
17
100
AcDbEntity
  8
ENG_L
100
AcDbPolyline
 90
4
 70
1
 10
141.66573146666371
 20
68.6956618169916
 10
141.85879068703775
 20
68.88872103736566
 10
141.83121079841288
 20
68.97146070324023
 10
141.66573146666371
 20
68.6956618169916
  0
LWPOLYLINE
  5
A0
330
17
100
AcDbEntity
  8
ENG_L
100
AcDbPolyline
 90
5
 70
1
 10
141.74800790946364
 20
60.09739473967735
 10
141.4553263083723
 20
59.80471313858604
 10
141.5704274358095
 20
59.4594097562745
 10
141.85653131424831
 20
59.55477771575413
 10
141.74800790946364
 20
60.09739473967735
  0
LWPOLYLINE
  5
A1
330
17
100
AcDbEntity
  8
ENG_L
100
AcDbPolyline
 90
8
 70
1
 10
132.56230141521775
 20
43.84062043356596
 10
131.61949237363567
 20
42.8978113919839
 10
132.09089689442672
 20
42.42640687119281
 10
133.2861827827017
 20
42.42640687119281
 10
134.27813617110905
 20
43.81514161496314
 10
133.878883904653
 20
44.214393881419234
 10
133.5051104567998
 20
43.84062043356596
 10
132.56230141521775
 20
43.84062043356596
  0
LWPOLYLINE
  5
A2
330
17
100
AcDbEntity
  8
ENG_L
100
AcDbPolyline
 90
6
 70
1
 10
155.2166784895338
 20
29.9476671084038
 10
154.55958901211983
 20
30.60475658581785
 10
155.47867174458088
 20
32.136561139919586
 10
158.07243386863058
 20
30.69558218211432
 10
157.0610387567469
 20
29.68418707023057
 10
155.2166784895338
 20
29.9476671084038
  0
LWPOLYLINE
  5
A3
330
17
100
AcDbEntity
  8
ENG_L
100
AcDbPolyline
 90
4
 70
1
 10
157.5981811427045
 20
189.56705749459923
 10
158.08836385693903
 20
188.09650935189592
 10
156.12763300000105
 20
189.07687478036485
 10
157.5981811427045
 20
189.56705749459923
  0
LWPOLYLINE
  5
A4
330
17
100
AcDbEntity
  8
ENG_L
100
AcDbPolyline
 90
4
 70
1
 10
157.21340768380907
 20
90.84300132521139
 10
158.01814553793338
 20
90.03826347108712
 10
157.21340768380907
 20
89.23352561696251
 10
157.21340768380907
 20
90.84300132521139
  0
LWPOLYLINE
  5
A5
330
17
100
AcDbEntity
  8
ENG_L
100
AcDbPolyline
 90
4
 70
1
 10
156.27059864222701
 20
99.32828269944993
 10
157.07533649635135
 20
98.52354484532566
 10
156.27059864222701
 20
97.71880699120139
 10
156.27059864222701
 20
99.32828269944993
  0
LWPOLYLINE
  5
A6
330
17
100
AcDbEntity
  8
ENG_L
100
AcDbPolyline
 90
5
 70
1
 10
157.17834216114304
 20
89.46385328550433
 10
155.9712353799565
 20
89.06148435844219
 10
155.36285512331096
 20
89.66986461508775
 10
156.5699619044975
 20
90.07223354214989
 10
157.17834216114304
 20
89.46385328550433
  0
LWPOLYLINE
  5
A7
330
17
100
AcDbEntity
  8
ENG_L
100
AcDbPolyline
 90
4
 70
1
 10
156.6039319755603
 20
88.152645387923
 10
155.799194121436
 20
87.34790753379839
 10
155.799194121436
 20
88.95738324204727
 10
156.6039319755603
 20
88.152645387923
  0
LWPOLYLINE
  5
A8
330
17
100
AcDbEntity
  8
ENG_L
100
AcDbPolyline
 90
31
 70
1
 10
153.67787377787633
 20
103.61136350108924
 10
153.2064692570853
 20
103.13995898029815
 10
153.2064692570853
 20
99.56398495984553
 10
154.6206828194584
 20
98.14977139747239
 10
155.01461796666408
 20
98.54370654467814
 10
156.81281489852915
 20
98.18406715830518
 10
154.14927829866738
 20
96.05323787841557
 10
154.14927829866738
 20
92.2976550021044
 10
153.34608964705728
 20
91.4944663504944
 10
152.2171200855126
 20
90.92998156972199
 10
151.69462462177435
 20
91.45247703346027
 10
150.94707772606796
 20
91.45247703346027
 10
150.4318699721013
 20
90.93726927949352
 10
148.49242404917499
 20
91.76846038931919
 10
148.49242404917499
 20
93.52212588047726
 10
150.3279134174971
 20
93.9809982225579
 10
149.88130814211542
 20
95.76741932408461
 10
150.3780421323391
 20
96.26415331430826
 10
150.3780421323391
 20
97.01170021001471
 10
148.9935195007782
 20
98.39622284157568
 10
148.42998391257052
 20
100.08682960619886
 10
149.4533184597738
 20
100.4279411219332
 10
150.35652148037812
 20
99.97633961163099
 10
151.8433205743562
 20
101.03833896447244
 10
152.26366021550325
 20
101.87901824676659
 10
152.26366021550325
 20
106.9111951466264
 10
151.54987177313757
 20
107.6249835889922
 10
153.28393863067066
 20
107.97179696049875
 10
154.24690937160517
 20
107.0088262195642
 10
153.67787377787633
 20
106.43979062583541
 10
153.67787377787633
 20
103.61136350108924
  0
LWPOLYLINE
  5
A9
330
17
100
AcDbEntity
  8
ENG_L
100
AcDbPolyline
 90
8
 70
1
 10
151.49073575128926
 20
95.69511772057947
 10
152.1660291425654
 20
95.69511772057947
 10
153.13431700275032
 20
96.66340558076436
 10
152.16044307988517
 20
98.0268290727756
 10
151.43397453249185
 20
97.88153536329702
 10
151.82007657266405
 20
97.10933128295251
 10
151.33962936736455
 20
96.14843687235353
 10
151.49073575128926
 20
95.69511772057947
  0
LWPOLYLINE
  5
AA
330
17
100
AcDbEntity
  8
ENG_L
100
AcDbPolyline
 90
5
 70
1
 10
154.4200460817289
 20
188.6648139812045
 10
155.62715286291544
 20
189.06718290826663
 10
156.23553311956098
 20
188.45880265162108
 10
155.02842633837446
 20
188.05643372455893
 10
154.4200460817289
 20
188.6648139812045
  0
LWPOLYLINE
  5
AB
330
17
100
AcDbEntity
  8
ENG_L
100
AcDbPolyline
 90
4
 70
1
 10
154.8563850798539
 20
88.29071657538046
 10
154.8563850798539
 20
89.90019228362934
 10
155.66112293397825
 20
89.09545442950505
 10
154.8563850798539
 20
88.29071657538046
  0
LWPOLYLINE
  5
AC
330
17
100
AcDbEntity
  8
ENG_L
100
AcDbPolyline
 90
4
 70
1
 10
154.38498055906288
 20
89.42878776283824
 10
155.18971841318725
 20
88.62404990871397
 10
154.38498055906288
 20
87.8193120545897
 10
154.38498055906288
 20
89.42878776283824
  0
LWPOLYLINE
  5
AD
330
17
100
AcDbEntity
  8
ENG_L
100
AcDbPolyline
 90
5
 70
1
 10
155.27268014446574
 20
99.23065162651224
 10
153.76790403012222
 20
99.23065162651224
 10
153.10981511425447
 20
100.54682945824767
 10
154.25411372356282
 20
100.9282623280171
 10
155.27268014446574
 20
99.23065162651224
  0
LWPOLYLINE
  5
AE
330
17
100
AcDbEntity
  8
ENG_L
100
AcDbPolyline
 90
5
 70
1
 10
151.79225569471222
 20
24.646487433270803
 10
153.29416381996484
 20
25.547632308422497
 10
154.83854977426054
 20
22.76773759069006
 10
151.79225569471222
 20
23.376996406599847
 10
151.79225569471222
 20
24.646487433270803
  0
LWPOLYLINE
  5
AF
330
17
100
AcDbEntity
  8
ENG_L
100
AcDbPolyline
 90
17
 70
1
 10
148.97730860813928
 20
134.46139953655512
 10
149.23080960414686
 20
136.23590650860817
 10
150.51149448447634
 20
136.23590650860817
 10
151.36002262190019
 20
134.82169294623515
 10
150.54983820007322
 20
133.4713855765236
 10
149.53276511663483
 20
132.86114172646046
 10
150.44564052239667
 20
131.49182861781762
 10
150.05106475221993
 20
131.09725284764096
 10
150.9147323997618
 20
130.57905225911583
 10
152.33919455296947
 20
130.57905225911583
 10
154.2769861085579
 20
129.19491543369554
 10
152.73506473629428
 20
127.65299406143183
 10
151.69462462177435
 20
128.6934341759517
 10
149.3376020178192
 20
128.6934341759517
 10
148.49242404917499
 20
129.53861214459593
 10
148.49242404917499
 20
133.97651497759088
 10
148.97730860813928
 20
134.46139953655512
  0
LWPOLYLINE
  5
B0
330
17
100
AcDbEntity
  8
ENG_L
100
AcDbPolyline
 90
10
 70
1
 10
149.90663761154806
 20
140.3809161227897
 10
149.90663761154806
 20
141.3499913351034
 10
148.89623017990843
 20
142.86560248256274
 10
149.35776371717162
 20
143.32713601982616
 10
151.89304194166505
 20
142.82008037492744
 10
154.2231453507742
 20
141.0077777233981
 10
153.3732690076083
 20
139.591317151455
 10
152.2967360059554
 20
139.05305065062856
 10
150.96894485314763
 20
139.3186088811902
 10
149.90663761154806
 20
140.3809161227897
  0
LWPOLYLINE
  5
B1
330
17
100
AcDbEntity
  8
ENG_L
100
AcDbPolyline
 90
58
 70
1
 10
142.3498675392871
 20
110.3919911984348
 10
142.15974179228138
 20
111.72287142747462
 10
140.10477374787425
 20
111.72287142747462
 10
139.62434232981465
 20
111.24244000941496
 10
136.28934589428596
 20
111.54562150355385
 10
138.51739477509707
 20
113.13708498984765
 10
139.47045240751373
 20
113.13708498984765
 10
140.34923346134153
 20
113.66435362214422
 10
136.69421999142057
 20
117.77624377580543
 10
136.9703822168569
 20
119.70937935385983
 10
138.59292911256333
 20
119.94117176753217
 10
138.59292911256333
 20
120.58192624956632
 10
138.02389351883448
 20
121.1509618432952
 10
139.06433363335435
 20
122.19140195781509
 10
139.06433363335435
 20
122.93894885352152
 10
138.15815857555873
 20
123.84512391131707
 10
137.21534953397668
 20
122.43091034894415
 10
136.70071858536275
 20
122.94554129755797
 10
136.95820357171138
 20
126.80781609278758
 10
138.21915566471014
 20
126.80781609278758
 10
139.06433363335435
 20
125.96263812414333
 10
139.06433363335435
 20
124.56119052231351
 10
142.00623063432906
 20
122.10960968816798
 10
141.04758278945627
 20
121.1509618432952
 10
141.51898731024735
 20
120.67955732250412
 10
145.942171812268
 20
120.67955732250412
 10
146.16042717907442
 20
121.77083415653611
 10
147.5861522731922
 20
122.6262692130068
 10
148.62488109884913
 20
121.58754038734986
 10
151.01070750346858
 20
120.63320982550208
 10
151.78315540044963
 20
119.34579666386702
 10
152.25018017732998
 20
116.07662322570489
 10
152.73506473629428
 20
115.59173866674067
 10
152.73506473629428
 20
113.67985441284478
 10
153.85311216444677
 20
112.00278327061608
 10
151.28816482914982
 20
111.71778912224983
 10
148.7930865867373
 20
112.7158204192148
 10
148.34675204102535
 20
113.60848951063873
 10
147.0068455845958
 20
113.60848951063873
 10
145.5926320222227
 20
114.5512985522208
 10
144.51676439623657
 20
114.5512985522208
 10
144.26801797271807
 20
116.29252351685027
 10
143.6103400040738
 20
116.68713029803679
 10
143.76844901248137
 20
115.58036723918397
 10
144.81871990872452
 20
114.00496089481915
 10
143.38742722420955
 20
113.14618528411025
 10
142.30110885648094
 20
112.99099694586323
 10
143.3069743204736
 20
112.3204199698682
 10
143.3069743204736
 20
110.47854244246969
 10
144.92182462057625
 20
109.94025900910209
 10
143.40460539341146
 20
108.42303978193735
 10
142.43553018109768
 20
108.42303978193735
 10
140.98477858088467
 20
107.45587204846197
 10
139.34939915602044
 20
108.00099852341683
 10
139.03036356229157
 20
108.95810530460336
 10
139.9095116019986
 20
109.83725334431038
 10
141.7951296851627
 20
109.83725334431038
 10
142.3498675392871
 20
110.3919911984348
  0
LWPOLYLINE
  5
B2
330
17
100
AcDbEntity
  8
ENG_L
100
AcDbPolyline
 90
5
 70
1
 10
151.75602625085997
 20
53.42651894547068
 10
152.88413593479424
 20
53.80255550678215
 10
153.24043932814808
 20
52.733645326720534
 10
152.11890736686638
 20
51.6121133654388
 10
151.75602625085997
 20
53.42651894547068
  0
LWPOLYLINE
  5
B3
330
17
100
AcDbEntity
  8
ENG_L
100
AcDbPolyline
 90
21
 70
1
 10
151.44817317767112
 20
169.20453203316822
 10
152.86932979301852
 20
167.78337541782096
 10
151.4551162306454
 20
166.84056637623888
 10
152.36129128844107
 20
165.93439131844323
 10
151.43705523429918
 20
165.0101552643014
 10
150.4196899700562
 20
164.8066822114528
 10
150.8696083524826
 20
162.55709029932063
 10
150.3780421323391
 20
162.06552407917718
 10
150.3780421323391
 20
161.12271503759513
 10
149.52179561617592
 20
160.2664685214319
 10
147.2239517587386
 20
160.52178450559163
 10
145.19259240363778
 20
162.0453040219173
 10
145.19259240363778
 20
163.00833312075923
 10
144.62355680990893
 20
163.57736871448802
 10
146.60680596601085
 20
165.56061787058997
 10
146.60680596601085
 20
166.47716074144037
 10
147.5374987119031
 20
167.87319986027882
 10
147.04175663530089
 20
170.84765231989206
 10
149.0775469510903
 20
171.13847950786197
 10
150.05789443609044
 20
169.66795828036186
 10
151.44817317767112
 20
169.20453203316822
  0
LWPOLYLINE
  5
B4
330
17
100
AcDbEntity
  8
ENG_L
100
AcDbPolyline
 90
17
 70
1
 10
148.779797806113
 20
90.038263471087
 10
149.83527270934198
 20
90.038263471087
 10
151.3508838568014
 20
91.04867090272661
 10
151.7922556947122
 20
90.6072990648159
 10
151.7922556947122
 20
88.99782335656725
 10
151.45511623064536
 20
88.66068389250037
 10
152.73506473629428
 20
87.80738488873452
 10
152.73506473629428
 20
87.11220527340313
 10
151.32085117392117
 20
85.69799171102999
 10
150.7518155801923
 20
86.26702730475888
 10
149.53286416369488
 20
86.26702730475888
 10
149.0524327456353
 20
85.78659588669923
 10
146.29015882321113
 20
86.0377116978287
 10
144.58692282612253
 20
87.17320236255455
 10
145.56636585149099
 20
88.15264538792289
 10
148.30839328532198
 20
88.15264538792289
 10
148.779797806113
 20
90.038263471087
  0
LWPOLYLINE
  5
B5
330
17
100
AcDbEntity
  8
ENG_L
100
AcDbPolyline
 90
5
 70
1
 10
151.41216833115746
 20
173.71256591149532
 10
150.3780421323391
 20
173.71256591149532
 10
150.3780421323391
 20
174.51730376561957
 10
150.95245231792177
 20
175.09171395120217
 10
151.41216833115746
 20
173.71256591149532
  0
LWPOLYLINE
  5
B6
330
17
100
AcDbEntity
  8
ENG_L
100
AcDbPolyline
 90
5
 70
1
 10
150.46137546567243
 20
175.3767794738683
 10
151.1137443927346
 20
174.7244105468062
 10
148.88049523663264
 20
174.40537495307728
 10
148.2281263095706
 20
175.0577438801395
 10
150.46137546567243
 20
175.3767794738683
  0
LWPOLYLINE
  5
B7
330
17
100
AcDbEntity
  8
ENG_L
100
AcDbPolyline
 90
4
 70
1
 10
150.94707772606793
 20
173.4768636510997
 10
150.1423398719436
 20
172.67212579697545
 10
150.1423398719436
 20
174.281601505224
 10
150.94707772606793
 20
173.4768636510997
  0
LWPOLYLINE
  5
B8
330
17
100
AcDbEntity
  8
ENG_L
100
AcDbPolyline
 90
4
 70
1
 10
149.19953083036154
 20
172.67212579697545
 10
149.19953083036154
 20
174.281601505224
 10
150.00426868448588
 20
173.4768636510997
 10
149.19953083036154
 20
172.67212579697545
  0
LWPOLYLINE
  5
B9
330
17
100
AcDbEntity
  8
ENG_L
100
AcDbPolyline
 90
4
 70
1
 10
148.72812630957048
 20
174.75300602601507
 10
149.53286416369482
 20
173.9482681718908
 10
148.72812630957048
 20
173.1435303177662
 10
148.72812630957048
 20
174.75300602601507
  0
LWPOLYLINE
  5
BA
330
17
100
AcDbEntity
  8
ENG_L
100
AcDbPolyline
 90
4
 70
1
 10
148.72812630957048
 20
144.11171217459795
 10
149.53286416369485
 20
143.30697432047367
 10
148.72812630957048
 20
142.50223646634942
 10
148.72812630957048
 20
144.11171217459795
  0
LWPOLYLINE
  5
BB
330
17
100
AcDbEntity
  8
ENG_L
100
AcDbPolyline
 90
11
 70
1
 10
143.75980585382447
 20
157.09390948379166
 10
144.29632349204633
 20
156.55739184556973
 10
146.0958469337164
 20
157.45715356640477
 10
148.2853172679884
 20
157.14437209008025
 10
147.19871315931047
 20
156.05776798140226
 10
145.28936648263215
 20
155.58043131223275
 10
143.82788896838233
 20
154.60611296939953
 10
142.4406029883627
 20
154.88357016540343
 10
141.86204540376443
 20
156.04068533460003
 10
143.4123434036897
 20
158.8312217344654
 10
143.75980585382447
 20
157.09390948379166
  0
LWPOLYLINE
  5
BC
330
17
100
AcDbEntity
  8
ENG_L
100
AcDbPolyline
 90
49
 70
1
 10
138.21915566471012
 20
136.70731102939925
 10
138.59292911256333
 20
136.33353758154598
 10
138.59292911256333
 20
135.1954663940883
 10
138.1215245917723
 20
134.72406187329733
 10
138.1215245917723
 20
132.70037260267554
 10
137.17871555019025
 20
132.70037260267554
 10
137.17871555019025
 20
133.78125283171528
 10
136.7073110293992
 20
134.25265735250625
 10
136.7073110293992
 20
138.64857086846706
 10
137.12762460724306
 20
139.48919802415483
 10
136.6096799564614
 20
140.00714267493652
 10
137.17871555019025
 20
140.5761782686653
 10
137.17871555019025
 20
143.4046053934115
 10
137.55248899804346
 20
143.77837884126475
 10
136.7073110293992
 20
144.6235568099089
 10
136.7073110293992
 20
147.6472460805308
 10
137.55248899804346
 20
148.49242404917507
 10
136.7073110293992
 20
149.3376020178193
 10
136.7073110293992
 20
153.44217151748086
 10
137.6296645649712
 20
153.44217151748086
 10
137.8293562432496
 20
151.24556305641835
 10
138.94648250315657
 20
152.73506473629428
 10
140.38091612278956
 20
152.73506473629428
 10
139.8065059372069
 20
153.30947492187707
 10
141.01361271839343
 20
153.71184384893922
 10
141.89276075810054
 20
152.8326958092322
 10
141.89276075810054
 20
149.3376020178193
 10
141.4213562373095
 20
148.86619749702822
 10
141.4213562373095
 20
147.92338845544617
 10
140.57617826866527
 20
147.0782104868019
 10
138.9667025604165
 20
147.0782104868019
 10
138.6397251802974
 20
147.40518786692104
 10
138.28415079463616
 20
146.81256389081898
 10
141.08242503114704
 20
146.59731202647208
 10
142.01890477970318
 20
145.1925924036378
 10
142.93320087262043
 20
145.1925924036378
 10
144.24978336205572
 20
143.87600991420246
 10
144.6235568099089
 20
144.24978336205575
 10
146.19104320112348
 20
144.24978336205575
 10
147.29831067591525
 20
143.69614962465982
 10
147.5627399285807
 20
141.31628635067074
 10
145.22004553444708
 20
139.49419071078896
 10
144.19414160615207
 20
140.00714267493652
 10
140.42290543982358
 20
140.00714267493652
 10
139.61643573137138
 20
140.41037752916253
 10
138.74418593710567
 20
139.10200283776408
 10
138.25311521699464
 20
138.93831259772693
 10
139.13193202341196
 20
137.62008738810104
 10
138.21915566471012
 20
136.70731102939925
  0
LWPOLYLINE
  5
BD
330
17
100
AcDbEntity
  8
ENG_L
100
AcDbPolyline
 90
5
 70
1
 10
144.99195566590828
 20
170.75144219114523
 10
146.1990624470948
 20
171.1538111182074
 10
146.80744270374035
 20
170.5454308615618
 10
145.60033592255382
 20
170.14306193449968
 10
144.99195566590828
 20
170.75144219114523
  0
LWPOLYLINE
  5
BE
330
17
100
AcDbEntity
  8
ENG_L
100
AcDbPolyline
 90
4
 70
1
 10
146.70443703894867
 20
74.95331880577405
 10
145.89969918482433
 20
74.14858095164978
 10
145.89969918482433
 20
75.75805665989832
 10
146.70443703894867
 20
74.95331880577405
  0
LWPOLYLINE
  5
BF
330
17
100
AcDbEntity
  8
ENG_L
100
AcDbPolyline
 90
4
 70
1
 10
145.42829466403327
 20
73.67717643085847
 10
145.42829466403327
 20
75.28665213910735
 10
146.23303251815761
 20
74.48191428498308
 10
145.42829466403327
 20
73.67717643085847
  0
LWPOLYLINE
  5
C0
330
17
100
AcDbEntity
  8
ENG_L
100
AcDbPolyline
 90
4
 70
1
 10
145.76162799736662
 20
43.84062043356596
 10
144.95689014324225
 20
43.03588257944169
 10
144.95689014324225
 20
44.64535828769023
 10
145.76162799736662
 20
43.84062043356596
  0
LWPOLYLINE
  5
C1
330
17
100
AcDbEntity
  8
ENG_L
100
AcDbPolyline
 90
6
 70
1
 10
145.41435239988033
 20
106.12871124559919
 10
145.6775007050331
 20
100.6025968373907
 10
140.7510241667899
 20
101.38046155395541
 10
140.45838549637497
 20
102.84365490603031
 10
143.18647164796505
 20
105.57174105762034
 10
145.41435239988033
 20
106.12871124559919
  0
LWPOLYLINE
  5
C2
330
17
100
AcDbEntity
  8
ENG_L
100
AcDbPolyline
 90
53
 70
1
 10
137.05821287768165
 20
84.87568534195644
 10
136.12642446696506
 20
85.80747375267306
 10
132.4053155908865
 20
86.27261236218287
 10
127.8073924413728
 20
88.1117816219884
 10
127.24040745014511
 20
87.54479663076064
 10
124.83547320585666
 20
82.25394129332597
 10
118.74402713742492
 20
82.49759913606336
 10
116.4476544518498
 20
83.4161482102933
 10
115.44756746381209
 20
82.91610471627442
 10
114.92507200007388
 20
83.4386001800127
 10
112.56804939611875
 20
83.4386001800127
 10
111.2143586631096
 20
84.79229091302176
 10
115.02270307301174
 20
95.26523804025267
 10
115.02270307301174
 20
96.23788714357661
 10
115.92235927811868
 20
97.58737145123708
 10
114.61215682719155
 20
99.77104220278233
 10
112.97939095312513
 20
100.8595527854932
 10
115.96551211459379
 20
103.34798708671711
 10
115.96551211459379
 20
105.66597755939733
 10
116.90832115617586
 20
107.08019112177037
 10
116.90832115617586
 20
108.99207537566613
 10
117.73492613737989
 20
109.81868035687015
 10
120.25766292883075
 20
110.32322771516046
 10
121.714313743019
 20
109.35212717236831
 10
124.09559302841934
 20
108.87587131528808
 10
124.56190459994347
 20
108.40955974376409
 10
127.81640336191602
 20
107.94463134919651
 10
132.04328524714833
 20
106.06601717798215
 10
133.57736396123013
 20
106.06601717798215
 10
133.9128539757158
 20
105.05954713452503
 10
132.09089689442672
 20
103.23759005323596
 10
131.11574252653847
 20
103.23759005323596
 10
130.10764773832474
 20
102.63273318030785
 10
130.10764773832474
 20
101.48542432220897
 10
131.1157425265385
 20
100.88056744928076
 10
134.40593018134788
 20
100.88056744928076
 10
136.18936637861754
 20
99.98884935064589
 10
136.59405520496722
 20
100.3935381769957
 10
139.57259264220647
 20
100.88996108320214
 10
141.4834933696174
 20
99.93451071949666
 10
145.7125425952801
 20
99.68574311798717
 10
145.38582203658962
 20
98.05214032453469
 10
143.2093432475358
 20
98.05214032453469
 10
142.28987321914272
 20
98.97161035292778
 10
139.53573815414538
 20
98.33604072254376
 10
139.53573815414538
 20
95.349857221391
 10
140.94995171651848
 20
94.40704817980883
 10
140.94995171651848
 20
92.76905952289549
 10
140.0071426749364
 20
91.82625048131344
 10
140.0071426749364
 20
88.22401029012916
 10
141.00460059966292
 20
86.72782340303942
 10
139.1561220004957
 20
84.35120806125308
 10
137.05821287768165
 20
84.87568534195644
  0
LWPOLYLINE
  5
C3
330
17
100
AcDbEntity
  8
ENG_L
100
AcDbPolyline
 90
5
 70
1
 10
136.94301328979472
 20
94.75230867899742
 10
136.94301328979472
 20
93.4109861317397
 10
138.75904382326135
 20
93.90626718632144
 10
137.57458573351502
 20
94.75230867899742
 10
136.94301328979472
 20
94.75230867899742
  0
LWPOLYLINE
  5
C4
330
17
100
AcDbEntity
  8
ENG_L
100
AcDbPolyline
 90
26
 70
1
 10
136.58902731912897
 20
130.78822114489265
 10
140.0817758978103
 20
131.05689411248343
 10
142.4468451674863
 20
129.16483869674266
 10
143.68074776832682
 20
129.16483869674266
 10
144.24978336205572
 20
129.73387429047156
 10
144.24978336205572
 20
131.4662195447941
 10
143.72728789831748
 20
132.51121047227053
 10
144.1521522891179
 20
132.936074863071
 10
143.65787616875608
 20
133.43035098343282
 10
141.77225808559197
 20
133.9017555042238
 10
140.52053651276154
 20
135.15347707705416
 10
139.9958596922106
 20
136.2028307181561
 10
140.2853175627756
 20
137.65012007098133
 10
141.51898731024735
 20
137.65012007098133
 10
142.36416527889156
 20
136.80494210233695
 10
142.7469656240133
 20
137.1877424474588
 10
145.71086200752146
 20
136.91829732168537
 10
145.21275410299026
 20
134.4277577990294
 10
145.6639969244288
 20
133.97651497759088
 10
145.6639969244288
 20
128.59580310301388
 10
145.2902234765756
 20
128.2220296551606
 10
145.6639969244288
 20
127.84825620730744
 10
145.6639969244288
 20
126.56164323224716
 10
139.9466894701785
 20
126.81022181721457
 10
137.9414792321603
 20
127.81282693622376
 10
136.58902731912897
 20
130.78822114489265
  0
LWPOLYLINE
  5
C5
330
17
100
AcDbEntity
  8
ENG_L
100
AcDbPolyline
 90
4
 70
1
 10
144.48548562245122
 20
42.56447805865038
 10
144.48548562245122
 20
44.17395376689925
 10
145.29022347657556
 20
43.36921591277498
 10
144.48548562245122
 20
42.56447805865038
  0
LWPOLYLINE
  5
C6
330
17
100
AcDbEntity
  8
ENG_L
100
AcDbPolyline
 90
4
 70
1
 10
144.81881895578456
 20
42.8978113919839
 10
144.0140811016602
 20
42.093073537859624
 10
144.0140811016602
 20
43.70254924610817
 10
144.81881895578456
 20
42.8978113919839
  0
LWPOLYLINE
  5
C7
330
17
100
AcDbEntity
  8
ENG_L
100
AcDbPolyline
 90
5
 70
1
 10
141.36635015123295
 20
164.6469468029863
 10
144.44814990970457
 20
166.04776487501883
 10
144.75162377308956
 20
163.316500104554
 10
141.71790140313604
 20
163.59229304727708
 10
141.36635015123295
 20
164.6469468029863
  0
LWPOLYLINE
  5
C8
330
17
100
AcDbEntity
  8
ENG_L
100
AcDbPolyline
 90
5
 70
1
 10
141.03998196876435
 20
155.32778960064496
 10
140.44556696776323
 20
156.5166196026473
 10
141.57850485279576
 20
158.40484941103483
 10
141.9204003872835
 20
155.32778960064496
 10
141.03998196876435
 20
155.32778960064496
  0
LWPOLYLINE
  5
C9
330
17
100
AcDbEntity
  8
ENG_L
100
AcDbPolyline
 90
5
 70
1
 10
138.86369689562483
 20
182.33054388133763
 10
140.47854719572743
 20
183.94539418144018
 10
141.56578337798138
 20
182.85815799918626
 10
140.03545165087334
 20
181.93995896292148
 10
138.86369689562483
 20
182.33054388133763
  0
LWPOLYLINE
  5
CA
330
17
100
AcDbEntity
  8
ENG_L
100
AcDbPolyline
 90
9
 70
1
 10
136.85206387803612
 20
32.769295856155736
 10
137.19200928066155
 20
31.069568843028584
 10
136.24639215739492
 20
29.493540304251
 10
135.25646348323963
 20
30.97843331548389
 10
134.90502627956838
 20
30.62699611181263
 10
132.48124200321877
 20
30.973251008433955
 10
134.28500267881236
 20
32.05550741379015
 10
136.13827543567032
 20
32.05550741379015
 10
136.85206387803612
 20
32.769295856155736
  0
LWPOLYLINE
  5
CB
330
17
100
AcDbEntity
  8
ENG_L
100
AcDbPolyline
 90
5
 70
1
 10
135.8675076526088
 20
30.370526068355442
 10
136.32722366584443
 20
28.991378028648484
 10
135.2930974670261
 20
28.991378028648484
 10
135.2930974670261
 20
29.796115882772867
 10
135.8675076526088
 20
30.370526068355442
  0
LWPOLYLINE
  5
CC
330
17
100
AcDbEntity
  8
ENG_L
100
AcDbPolyline
 90
4
 70
1
 10
135.5287997274216
 20
27.47953339333764
 10
135.5287997274216
 20
29.089009101586182
 10
136.33353758154595
 20
28.284271247461913
 10
135.5287997274216
 20
27.47953339333764
  0
LWPOLYLINE
  5
CD
330
17
100
AcDbEntity
  8
ENG_L
100
AcDbPolyline
 90
5
 70
1
 10
133.9818895694447
 20
40.7414255257581
 10
134.44160558268032
 20
39.36227748605114
 10
133.40747938386195
 20
39.36227748605114
 10
133.40747938386195
 20
40.167015340175524
 10
133.9818895694447
 20
40.7414255257581
  0
LWPOLYLINE
  5
CE
330
17
100
AcDbEntity
  8
ENG_L
100
AcDbPolyline
 90
18
 70
1
 10
133.88289041146555
 20
111.18154167875494
 10
132.5162469360127
 20
109.26824081312093
 10
130.50048483898394
 20
110.78006238589255
 10
124.50643524473602
 20
110.78006238589255
 10
123.46144431725965
 20
110.25756692215427
 10
122.93894885352147
 20
110.78006238589244
 10
123.86318490766331
 20
111.70429844003426
 10
124.67981408804872
 20
111.86762427611141
 10
122.74324541406214
 20
113.80419295009791
 10
126.52657633019717
 20
114.09521840518534
 10
126.78924310534734
 20
112.7818845294346
 10
127.37685168651639
 20
112.19427594826558
 10
130.5179756685423
 20
112.19427594826558
 10
132.50575893739938
 20
113.29859998651948
 10
132.90210479200815
 20
114.48763755034574
 10
132.3670392693421
 20
115.02270307301177
 10
133.61503978464654
 20
116.27070358831627
 10
133.88289041146555
 20
111.18154167875494
  0
LWPOLYLINE
  5
CF
330
17
100
AcDbEntity
  8
ENG_L
100
AcDbPolyline
 90
4
 70
1
 10
133.9765149775908
 20
39.12657522565566
 10
133.17177712346646
 20
38.32183737153139
 10
133.17177712346646
 20
39.931313079779926
 10
133.9765149775908
 20
39.12657522565566
  0
LWPOLYLINE
  5
D0
330
17
100
AcDbEntity
  8
ENG_L
100
AcDbPolyline
 90
4
 70
1
 10
133.17177712346646
 20
134.48835961290183
 10
133.17177712346646
 20
136.0978353211507
 10
133.97651497759077
 20
135.29309746702612
 10
133.17177712346646
 20
134.48835961290183
  0
LWPOLYLINE
  5
D1
330
17
100
AcDbEntity
  8
ENG_L
100
AcDbPolyline
 90
27
 70
1
 10
128.65960435686196
 20
135.95699020644258
 10
130.5790522591158
 20
135.4771282308791
 10
130.5790522591158
 20
134.4216533276502
 10
131.56501413717297
 20
132.9427105105645
 10
130.69775129737218
 20
131.49727244422994
 10
126.26211561490291
 20
132.28003168231263
 10
126.61178180773524
 20
133.32903026080967
 10
127.72526355868128
 20
133.99711931137725
 10
126.78140377479666
 20
139.1883481227426
 10
129.13172196076206
 20
140.49408044827905
 10
130.97815517640169
 20
140.03247214436908
 10
131.99326582148888
 20
141.04758278945627
 10
131.99326582148888
 20
143.63270683311512
 10
130.81747161154775
 20
144.22060393808556
 10
132.48839454960887
 20
145.33455256345962
 10
133.40329147290876
 20
149.90903717995928
 10
133.55373748449352
 20
149.89995248712418
 10
133.8831968284214
 20
145.61698101606203
 10
133.43530026181384
 20
144.72118788284672
 10
133.92997484760016
 20
143.73183871127415
 10
133.40747938386195
 20
143.20934324753586
 10
133.40747938386195
 20
140.42290543982384
 10
132.89408554603685
 20
139.3961177641736
 10
132.07659915482222
 20
138.57863137295888
 10
128.81502838103347
 20
139.04457005492876
 10
128.23532338563192
 20
138.0783950625928
 10
128.65960435686196
 20
135.95699020644258
  0
LWPOLYLINE
  5
D2
330
17
100
AcDbEntity
  8
ENG_L
100
AcDbPolyline
 90
8
 70
1
 10
132.9088897775215
 20
152.4229247664276
 10
133.98740235983084
 20
151.8836684752728
 10
132.96043355496417
 20
150.3432152679729
 10
133.6126206324805
 20
148.38665403542373
 10
131.49548192220732
 20
149.79807984227256
 10
132.46000251764448
 20
154.6206828194584
 10
132.46933816691532
 20
154.6206828194584
 10
132.9088897775215
 20
152.4229247664276
  0
LWPOLYLINE
  5
D3
330
17
100
AcDbEntity
  8
ENG_L
100
AcDbPolyline
 90
47
 70
1
 10
126.31995648694821
 20
129.96049740392957
 10
126.97497266030436
 20
128.65046505721722
 10
127.75062513436957
 20
128.39191423252882
 10
127.75062513436957
 20
127.37685168651647
 10
128.31966072809846
 20
126.80781609278758
 10
129.73387429047156
 20
126.80781609278758
 10
130.6766833320536
 20
125.86500705120551
 10
132.3670392693421
 20
125.86500705120551
 10
132.94955490124423
 20
126.44752268310755
 10
133.3379186750666
 20
129.16606909986416
 10
133.51385509235254
 20
129.16332076416072
 10
133.8899524521719
 20
125.77844452578657
 10
133.09827691712917
 20
124.9867689907439
 10
133.90961320125783
 20
124.58110084867945
 10
133.41876236658777
 20
122.12684667532936
 10
133.92997484760016
 20
121.1044217133046
 10
133.40747938386195
 20
120.58192624956632
 10
133.40747938386195
 20
119.79239003682574
 10
133.92997484760016
 20
118.74739910934939
 10
133.40747938386193
 20
118.22490364561122
 10
132.36703926934206
 20
119.26534376013109
 10
131.11305091800597
 20
119.26534376013109
 10
127.83435658819597
 20
117.3918041430968
 10
125.50980659079245
 20
116.92689414361612
 10
124.30604064019548
 20
115.72312819301911
 10
124.00224571290408
 20
117.24210282947611
 10
122.46934292931181
 20
118.33703338918488
 10
120.25766292883078
 20
118.77936938928113
 10
118.76390655645974
 20
117.7835318077004
 10
117.2820946040291
 20
119.26534376013109
 10
118.31146617103003
 20
120.29471532713198
 10
118.12560297039488
 20
121.9674841328483
 10
116.469992425837
 20
121.1396788605693
 10
114.71618907710507
 20
121.49043953031568
 10
117.37972567696688
 20
123.62126881020518
 10
117.37972567696688
 20
124.54842456177018
 10
119.22880649453175
 20
126.39750537933503
 10
120.61565112984273
 20
125.56539859814852
 10
121.2844141954324
 20
124.45079348883237
 10
123.88175789510352
 20
124.45079348883237
 10
124.84989640611825
 20
125.4189319998471
 10
126.78039368026015
 20
124.9363076813117
 10
127.61100474439769
 20
125.3516132133804
 10
127.61636007764537
 20
125.35696854662814
 10
126.40214651527215
 20
126.16644425487678
 10
125.3623648069743
 20
127.72611681732371
 10
126.31995648694821
 20
129.96049740392957
  0
LWPOLYLINE
  5
D4
330
17
100
AcDbEntity
  8
ENG_L
100
AcDbPolyline
 90
5
 70
1
 10
131.72896808188443
 20
123.20324659312598
 10
131.42423022776
 20
123.50798444725042
 10
130.20527881126264
 20
123.50798444725042
 10
130.6623855924491
 20
123.05087766606381
 10
131.72896808188443
 20
123.20324659312598
  0
LWPOLYLINE
  5
D5
330
17
100
AcDbEntity
  8
ENG_L
100
AcDbPolyline
 90
4
 70
1
 10
127.41729180103626
 20
121.3866641036907
 10
127.27922061357854
 20
121.52473529114837
 10
127.14114942612085
 20
121.3866641036907
 10
127.41729180103626
 20
121.3866641036907
  0
LWPOLYLINE
  5
D6
330
17
100
AcDbEntity
  8
ENG_L
100
AcDbPolyline
 90
5
 70
1
 10
131.848512972852
 20
21.442224034812774
 10
131.49386282296317
 20
23.215474784256894
 10
133.0667643864391
 20
24.159215722342473
 10
133.44144945492476
 20
23.035160516885476
 10
131.848512972852
 20
21.442224034812774
  0
LWPOLYLINE
  5
D7
330
17
100
AcDbEntity
  8
ENG_L
100
AcDbPolyline
 90
4
 70
1
 10
132.70037260267543
 20
14.751611331979774
 10
132.70037260267543
 20
16.361087040228316
 10
133.50511045679977
 20
15.556349186104047
 10
132.70037260267543
 20
14.751611331979774
  0
LWPOLYLINE
  5
D8
330
17
100
AcDbEntity
  8
ENG_L
100
AcDbPolyline
 90
4
 70
1
 10
132.70037260267543
 20
29.836555997292514
 10
132.70037260267543
 20
31.446031705541387
 10
133.50511045679974
 20
30.641293851417117
 10
132.70037260267543
 20
29.836555997292514
  0
LWPOLYLINE
  5
D9
330
17
100
AcDbEntity
  8
ENG_L
100
AcDbPolyline
 90
5
 70
1
 10
131.32122456296835
 20
31.215704036999803
 10
132.52833134415488
 20
31.618072964061938
 10
133.13671160080042
 20
31.00969270741638
 10
131.9296048196139
 20
30.607323780354246
 10
131.32122456296835
 20
31.215704036999803
  0
LWPOLYLINE
  5
DA
330
17
100
AcDbEntity
  8
ENG_L
100
AcDbPolyline
 90
4
 70
1
 10
131.28615904030232
 20
30.779365038874573
 10
131.28615904030232
 20
32.388840747123446
 10
132.09089689442666
 20
31.584102892999177
 10
131.28615904030232
 20
30.779365038874573
  0
LWPOLYLINE
  5
DB
330
17
100
AcDbEntity
  8
ENG_L
100
AcDbPolyline
 90
5
 70
1
 10
129.86526381675014
 20
15.22969751394998
 10
131.59933067428318
 20
15.576510885456528
 10
132.23564974306353
 20
14.940191816676274
 10
130.5015828855304
 20
14.593378445169503
 10
129.86526381675014
 20
15.22969751394998
  0
LWPOLYLINE
  5
DC
330
17
100
AcDbEntity
  8
ENG_L
100
AcDbPolyline
 90
24
 70
1
 10
130.5790522591158
 20
31.957876340852344
 10
130.5790522591158
 20
30.738924924354926
 10
131.05045677990682
 20
30.267520403563843
 10
131.05045677990682
 20
26.301022091359982
 10
130.21875884943591
 20
25.469324160888984
 10
128.69343417595164
 20
25.251420636105635
 10
128.69343417595164
 20
23.763455672503376
 10
129.8165953273441
 20
23.53882344222491
 10
130.19896489556103
 20
22.391714737574063
 10
128.3315878939535
 20
22.391714737574063
 10
127.24293299697572
 20
24.02469708304067
 10
127.69953419142242
 20
24.93789947193403
 10
127.27922061357854
 20
25.358213049777923
 10
127.27922061357854
 20
26.463938910929464
 10
128.14709651855003
 20
27.910398752548637
 10
129.67107008189993
 20
26.89441637698198
 10
130.08219745360663
 20
27.03145883421754
 10
129.64972325570702
 20
30.05877821951497
 10
129.1648386967427
 20
30.54366277847931
 10
129.1648386967427
 20
32.66036428671837
 10
130.61558952471506
 20
33.530814783501725
 10
131.55583137176063
 20
32.59057293645628
 10
131.1534624446985
 20
31.38346615526977
 10
130.5790522591158
 20
31.957876340852344
  0
LWPOLYLINE
  5
DD
330
17
100
AcDbEntity
  8
ENG_L
100
AcDbPolyline
 90
4
 70
1
 10
129.40054095713822
 20
20.408465581472136
 10
129.40054095713822
 20
22.017941289720678
 10
130.20527881126256
 20
21.213203435596405
 10
129.40054095713822
 20
20.408465581472136
  0
LWPOLYLINE
  5
DE
330
17
100
AcDbEntity
  8
ENG_L
100
AcDbPolyline
 90
4
 70
1
 10
128.9291364363472
 20
21.546536768929702
 10
129.7338742904715
 20
20.741798914805432
 10
128.9291364363472
 20
19.937061060680826
 10
128.9291364363472
 20
21.546536768929702
  0
LWPOLYLINE
  5
DF
330
17
100
AcDbEntity
  8
ENG_L
100
AcDbPolyline
 90
4
 70
1
 10
129.26246976968048
 20
19.79898987322337
 10
128.45773191555614
 20
18.994252019098766
 10
128.45773191555614
 20
20.603727727347643
 10
129.26246976968048
 20
19.79898987322337
  0
LWPOLYLINE
  5
E0
330
17
100
AcDbEntity
  8
ENG_L
100
AcDbPolyline
 90
4
 70
1
 10
128.45773191555614
 20
142.6974986122249
 10
129.26246976968048
 20
141.89276075810065
 10
128.45773191555614
 20
141.08802290397605
 10
128.45773191555614
 20
142.6974986122249
  0
LWPOLYLINE
  5
E1
330
17
100
AcDbEntity
  8
ENG_L
100
AcDbPolyline
 90
4
 70
1
 10
128.45773191555614
 20
14.280206811188467
 10
128.45773191555614
 20
15.889682519437343
 10
129.26246976968048
 20
15.08494466531307
 10
128.45773191555614
 20
14.280206811188467
  0
LWPOLYLINE
  5
E2
330
17
100
AcDbEntity
  8
ENG_L
100
AcDbPolyline
 90
8
 70
1
 10
127.2415514091689
 20
17.290710444725853
 10
126.96562418887159
 20
16.462928783833817
 10
125.2664494186518
 20
16.802763737877925
 10
126.63718723052756
 20
19.270091799254207
 10
127.7325397653527
 20
19.817768066666797
 10
128.69343417595164
 20
19.497469929800502
 10
128.69343417595164
 20
18.258632289247736
 10
127.2415514091689
 20
17.290710444725853
  0
LWPOLYLINE
  5
E3
330
17
100
AcDbEntity
  8
ENG_L
100
AcDbPolyline
 90
33
 70
1
 10
125.18263892092382
 20
30.16988933062603
 10
121.52473529114833
 20
30.16988933062603
 10
120.7215466395382
 20
30.97307798223625
 10
120.20815280171308
 20
31.999865657886374
 10
120.20815280171308
 20
36.12826352354126
 10
119.85614582914837
 20
36.24559918106285
 10
119.41101576828066
 20
35.35533905932742
 10
118.11157110905835
 20
35.35533905932742
 10
117.87586884866283
 20
37.47665940288702
 10
116.4793892628285
 20
37.47665940288702
 10
115.98408510203397
 20
39.953180206859784
 10
115.47980985419828
 20
40.45745545469537
 10
115.76108862798364
 20
42.42640687119281
 10
116.81069008323804
 20
42.42640687119281
 10
117.7186731480838
 20
43.334389936038555
 10
120.1627606938797
 20
44.31202495435693
 10
121.54683202661994
 20
44.31202495435693
 10
123.05943667132202
 20
45.39245684342996
 10
123.34245289068242
 20
46.807537940231846
 10
124.86661901231379
 20
45.893038267253
 10
125.38283498617223
 20
44.860606319536146
 10
126.31783858455631
 20
40.18558832761565
 10
126.80781609278752
 20
39.69561081938444
 10
126.80781609278752
 20
38.281397257011406
 10
127.27922061357854
 20
37.80999273622032
 10
127.27922061357854
 20
36.39577917384729
 10
127.75062513436957
 20
35.924374653056205
 10
127.75062513436957
 20
34.03875656989208
 10
128.2220296551606
 20
33.5673520491011
 10
128.2220296551606
 20
30.572657191215157
 10
126.4364628847413
 20
27.766766551984844
 10
125.411698319851
 20
28.108354740281506
 10
125.18263892092382
 20
30.16988933062603
  0
LWPOLYLINE
  5
E4
330
17
100
AcDbEntity
  8
ENG_L
100
AcDbPolyline
 90
4
 70
1
 10
124.22837290193729
 20
34.41253001774525
 10
123.74368670764582
 20
34.703341734320105
 10
123.74368670764582
 20
34.41253001774525
 10
124.22837290193729
 20
34.41253001774525
  0
LWPOLYLINE
  5
E5
330
17
100
AcDbEntity
  8
ENG_L
100
AcDbPolyline
 90
54
 70
1
 10
102.77017625863674
 20
223.9137618835223
 10
102.5916807229579
 20
223.92670870894605
 10
102.29986060451098
 20
229.47129095943762
 10
101.82337649086284
 20
229.94777507308584
 10
101.82337649086284
 20
231.11435920920843
 10
103.30332499651172
 20
232.10099154630748
 10
104.18039909481801
 20
233.41660269376695
 10
104.18039909481801
 20
234.8308162561401
 10
105.05560974634248
 20
236.14363223342673
 10
104.55417254267125
 20
236.64506943709807
 10
111.10130349228255
 20
243.1922003867093
 10
112.63085360469012
 20
244.21190046164764
 10
113.80912624836803
 20
243.8191429137553
 10
113.38798889162693
 20
243.39800555701396
 10
115.02270307301175
 20
244.21536264770637
 10
118.84958099524363
 20
242.3019236865904
 10
119.90663285829015
 20
242.3019236865904
 10
120.64986639169189
 20
240.07222308638543
 10
121.15096184329516
 20
239.57112763478204
 10
121.52473529114847
 20
239.94490108263534
 10
125.47447380268181
 20
239.94490108263534
 10
127.70183171404867
 20
238.21251159601653
 10
128.25831727176342
 20
237.0995404805871
 10
127.34681900363611
 20
235.73229307839605
 10
127.75062513436957
 20
235.3284869476626
 10
127.75062513436957
 20
234.2071755608752
 10
125.91655343289091
 20
231.84908337326004
 10
124.48082617171258
 20
232.80623488071205
 10
123.99955066739383
 20
232.32495937639342
 10
124.17969737223379
 20
231.4242258521937
 10
125.59592236179127
 20
231.14098085428236
 10
122.72790356970208
 20
227.7515040999949
 10
120.76951831096288
 20
226.28271515594056
 10
116.5268776238436
 20
225.81131063514937
 10
114.62986597235236
 20
224.38855189653117
 10
112.76331154199431
 20
224.38855189653117
 10
111.82050250041226
 20
223.445742854949
 10
108.99207537566602
 20
223.445742854949
 10
108.50050915552255
 20
222.95417663480555
 10
106.76644229798947
 20
223.3009900063121
 10
107.38259966741744
 20
223.9171473757402
 10
106.9886645202117
 20
224.31108252294595
 10
107.33547789171833
 20
226.04514938047893
 10
108.9409844327189
 20
224.43964283947838
 10
109.83725334431038
 20
224.8877772952742
 10
110.64239585613461
 20
224.48520603936205
 10
110.73843562815617
 20
224.77332535542672
 10
108.92982293334359
 20
226.129784876536
 10
108.72455972536021
 20
226.74557450048627
 10
106.86315421141462
 20
226.74557450048627
 10
106.3917496906236
 20
227.6883835420682
 10
104.23604085072164
 20
227.6883835420682
 10
103.44610722808203
 20
227.29341673074853
 10
102.77017625863674
 20
223.9137618835223
  0
LWPOLYLINE
  5
E6
330
17
100
AcDbEntity
  8
ENG_L
100
AcDbPolyline
 90
5
 70
1
 10
121.18493191435793
 20
237.52421747680506
 10
121.27365047550283
 20
237.2580617933704
 10
122.22116233710805
 20
237.93485598023122
 10
121.69983573767144
 20
238.0391213001185
 10
121.18493191435793
 20
237.52421747680506
  0
LWPOLYLINE
  5
E7
330
17
100
AcDbEntity
  8
ENG_L
100
AcDbPolyline
 90
5
 70
1
 10
118.47160591704895
 20
235.2932960113292
 10
118.82534183666661
 20
235.4112079845352
 10
118.92972463887438
 20
235.93312199557403
 10
118.37022959728522
 20
235.59742497062052
 10
118.47160591704895
 20
235.2932960113292
  0
LWPOLYLINE
  5
E8
330
17
100
AcDbEntity
  8
ENG_L
100
AcDbPolyline
 90
5
 70
1
 10
113.57226006678638
 20
227.53057544598443
 10
113.2861561883476
 20
227.62594340546394
 10
113.1710550609104
 20
227.28064002315242
 10
113.46373666200172
 20
226.9879584220611
 10
113.57226006678638
 20
227.53057544598443
  0
LWPOLYLINE
  5
E9
330
17
100
AcDbEntity
  8
ENG_L
100
AcDbPolyline
 90
5
 70
1
 10
113.45941831213864
 20
239.41105642523985
 10
113.19952512645203
 20
239.3244253633442
 10
113.2861561883476
 20
239.06453217765744
 10
113.54604937403421
 20
239.1511632395531
 10
113.45941831213864
 20
239.41105642523985
  0
LWPOLYLINE
  5
EA
330
17
100
AcDbEntity
  8
ENG_L
100
AcDbPolyline
 90
9
 70
1
 10
109.63832492699632
 20
235.49929494874243
 10
107.098837065819
 20
235.6946401688329
 10
106.09998724904491
 20
234.69579035205902
 10
106.16902284277378
 20
234.48868357087238
 10
106.43979062583546
 20
234.75945135393394
 10
107.57786181329293
 20
234.75945135393394
 10
108.04926633408397
 20
234.28804683314297
 10
108.77314770156813
 20
234.28804683314297
 10
109.63832492699632
 20
235.49929494874243
  0
LWPOLYLINE
  5
EB
330
17
100
AcDbEntity
  8
ENG_L
100
AcDbPolyline
 90
4
 70
1
 10
128.3196607280984
 20
27.812866726670826
 10
127.51492287397406
 20
27.008128872546557
 10
127.51492287397406
 20
28.61760458079543
 10
128.3196607280984
 20
27.812866726670826
  0
LWPOLYLINE
  5
EC
330
17
100
AcDbEntity
  8
ENG_L
100
AcDbPolyline
 90
5
 70
1
 10
127.79832001310584
 20
131.15529220480227
 10
127.43702870966261
 20
130.07141829447266
 10
125.82335921348836
 20
130.3941521937074
 10
126.1708800154286
 20
132.13175620340866
 10
127.79832001310584
 20
131.15529220480227
  0
LWPOLYLINE
  5
ED
330
17
100
AcDbEntity
  8
ENG_L
100
AcDbPolyline
 90
14
 70
1
 10
116.90832115617586
 20
19.896620946161182
 10
118.22490364561112
 20
21.213203435596405
 10
119.83437935385989
 20
21.213203435596405
 10
121.26716590367317
 20
19.780416885783026
 10
122.56517540566823
 20
19.52081498538405
 10
122.56517540566823
 20
17.248737636316402
 10
121.09384843228096
 20
16.95447224163893
 10
119.28746119318184
 20
18.30926267096322
 10
118.89157031227779
 20
17.91337179005925
 10
119.77071835198484
 20
17.03422375035224
 10
119.41441495863099
 20
15.965313570290629
 10
117.72380819400796
 20
16.528849158498282
 10
116.90832115617586
 20
17.344336196330357
 10
116.90832115617586
 20
19.896620946161182
  0
LWPOLYLINE
  5
EE
330
17
100
AcDbEntity
  8
ENG_L
100
AcDbPolyline
 90
5
 70
1
 10
122.61698368238275
 20
27.577164466275338
 10
121.62236636408618
 20
27.577164466275338
 10
121.62236636408618
 20
28.853306841190808
 10
122.23852373351411
 20
29.46946421061869
 10
122.61698368238275
 20
27.577164466275338
  0
LWPOLYLINE
  5
EF
330
17
100
AcDbEntity
  8
ENG_L
100
AcDbPolyline
 90
10
 70
1
 10
119.73674828092206
 20
23.4725949666138
 10
117.85113019775791
 20
21.586976883449683
 10
116.90832115617586
 20
22.529785925031742
 10
116.90832115617586
 20
24.139261633280395
 10
117.37972567696688
 20
24.61066615407148
 10
117.37972567696688
 20
25.358213049777923
 10
116.76389401550398
 20
25.97404471124076
 10
118.3590719841482
 20
26.931151492427308
 10
119.73674828092206
 20
25.55347519565354
 10
119.73674828092206
 20
23.4725949666138
  0
LWPOLYLINE
  5
F0
330
17
100
AcDbEntity
  8
ENG_L
100
AcDbPolyline
 90
9
 70
1
 10
118.32253471854895
 20
28.92519839499319
 10
115.96551211459379
 20
29.514454045982074
 10
115.96551211459379
 20
30.54366277847931
 10
115.49410759380277
 20
31.01506729927028
 10
115.49410759380277
 20
33.073850792838314
 10
117.03274817541568
 20
35.22794760709647
 10
117.83255721031774
 20
31.228902432586025
 10
118.32253471854895
 20
30.738924924354926
 10
118.32253471854895
 20
28.92519839499319
  0
LWPOLYLINE
  5
F1
330
17
100
AcDbEntity
  8
ENG_L
100
AcDbPolyline
 90
4
 70
1
 10
117.6154279373624
 20
34.550601205203144
 10
117.6154279373624
 20
36.16007691345169
 10
118.42016579148675
 20
35.35533905932742
 10
117.6154279373624
 20
34.550601205203144
  0
LWPOLYLINE
  5
F2
330
17
100
AcDbEntity
  8
ENG_L
100
AcDbPolyline
 90
4
 70
1
 10
117.14402341657137
 20
35.68867239266093
 10
117.94876127069571
 20
34.88393453853633
 10
117.14402341657137
 20
34.07919668441206
 10
117.14402341657137
 20
35.68867239266093
  0
LWPOLYLINE
  5
F3
330
17
100
AcDbEntity
  8
ENG_L
100
AcDbPolyline
 90
4
 70
1
 10
114.31559629182519
 20
106.39935051131543
 10
115.12033414594953
 20
105.59461265719116
 10
114.31559629182519
 20
104.78987480306657
 10
114.31559629182519
 20
106.39935051131543
  0
LWPOLYLINE
  5
F4
330
17
100
AcDbEntity
  8
ENG_L
100
AcDbPolyline
 90
4
 70
1
 10
114.17752510436748
 20
244.18754176975455
 10
113.37278725024312
 20
243.38280391563006
 10
113.37278725024312
 20
244.99227962387837
 10
114.17752510436748
 20
244.18754176975455
  0
LWPOLYLINE
  5
F5
330
17
100
AcDbEntity
  8
ENG_L
100
AcDbPolyline
 90
15
 70
1
 10
102.28840608708546
 20
209.13584762870607
 10
102.56476214917528
 20
216.59746130513102
 10
103.36385225223277
 20
214.99928109901612
 10
105.2494703353969
 20
215.4706856198072
 10
105.74028466534072
 20
214.48905695991948
 10
105.9203451698325
 20
214.48905695991948
 10
106.87398240155107
 20
216.39633142335668
 10
108.89444430272832
 20
216.10769400890263
 10
108.89444430272832
 20
207.13047861094392
 10
106.11265126584493
 20
207.6868372183207
 10
105.47408271080302
 20
210.02825525347436
 10
104.74943468854686
 20
209.30360723121822
 10
103.80662564696483
 20
209.30360723121822
 10
103.30125105511094
 20
208.79823263936424
 10
102.28840608708546
 20
209.13584762870607
  0
LWPOLYLINE
  5
F6
330
17
100
AcDbEntity
  8
ENG_L
100
AcDbPolyline
 90
5
 70
1
 10
103.34059571802757
 20
225.06059315505178
 10
103.80031173126329
 20
223.68144511534462
 10
102.76618553244491
 20
223.68144511534462
 10
102.76618553244491
 20
224.48618296946887
 10
103.34059571802757
 20
225.06059315505178
  0
LWPOLYLINE
  5
F7
330
17
100
AcDbEntity
  8
ENG_L
100
AcDbPolyline
 90
4
 70
1
 10
101.58767423046733
 20
234.1499756456853
 10
102.39241208459164
 20
233.3452377915608
 10
101.58767423046733
 20
232.5404999374363
 10
101.58767423046733
 20
234.1499756456853
  0
LWPOLYLINE
  5
F8
330
17
100
AcDbEntity
  8
ENG_L
100
AcDbPolyline
 90
4
 70
1
 10
101.92100756380066
 20
232.87383327076984
 10
101.1162697096763
 20
232.06909541664533
 10
101.1162697096763
 20
233.67857112489367
 10
101.92100756380066
 20
232.87383327076984
  0
LWPOLYLINE
  5
F9
330
17
100
AcDbEntity
  8
ENG_L
100
AcDbPolyline
 90
4
 70
1
 10
100.64486518888526
 20
231.5976908958548
 10
100.64486518888526
 20
233.20716660410312
 10
101.44960304300962
 20
232.40242874997864
 10
100.64486518888526
 20
231.5976908958548
  0
LWPOLYLINE
  5
FA
330
17
100
AcDbEntity
  8
ENG_L
100
AcDbPolyline
 90
4
 70
1
 10
100.17346066809424
 20
232.73576208331215
 10
100.97819852221855
 20
231.93102422918764
 10
100.17346066809424
 20
231.12628637506316
 10
100.17346066809424
 20
232.73576208331215
  0
LWPOLYLINE
  5
FB
330
17
100
AcDbEntity
  8
ENG_L
100
AcDbPolyline
 90
5
 70
1
 10
99.77713297747658
 20
231.1045579548996
 10
99.423881259464
 20
229.33829936483696
 10
98.52354484532562
 20
229.33829936483696
 10
98.52354484532562
 20
230.6866952441826
 10
99.77713297747658
 20
231.1045579548996
  0
LWPOLYLINE
  5
FC
330
17
100
AcDbEntity
  8
ENG_L
100
AcDbPolyline
 90
4
 70
1
 10
98.75924710572113
 20
229.43593043777489
 10
99.56398495984548
 20
228.63119258365037
 10
98.75924710572113
 20
227.82645472952657
 10
98.75924710572113
 20
229.43593043777489
  0
LWPOLYLINE
  5
FD
330
17
100
AcDbEntity
  8
ENG_L
100
AcDbPolyline
 90
5
 70
1
 10
98.00833709135895
 20
209.24977939145595
 10
99.0772446542872
 20
211.74389703828857
 10
99.48651558626017
 20
209.69754237842386
 10
98.52354484532563
 20
208.73457163748932
 10
98.00833709135895
 20
209.24977939145595
  0
LWPOLYLINE
  5
FE
330
17
100
AcDbEntity
  8
ENG_L
100
AcDbPolyline
 90
4
 70
1
 10
98.2878425849301
 20
228.29785925031754
 10
98.2878425849301
 20
229.90733495856585
 10
99.09258043905446
 20
229.10259710444137
 10
98.2878425849301
 20
228.29785925031754
  0
LWPOLYLINE
  5
FF
330
17
100
AcDbEntity
  8
ENG_L
100
AcDbPolyline
 90
10
 70
1
 10
93.40175611849925
 20
176.7427252255741
 10
92.39528607504222
 20
177.07821524005973
 10
92.39528607504222
 20
179.70275349432097
 10
92.86669059583325
 20
180.17415801511194
 10
92.86669059583325
 20
181.08462173038785
 10
93.67604728527805
 20
182.43354954612934
 10
94.37853523114417
 20
182.43354954612934
 10
95.66542678976722
 20
181.1466579875062
 10
96.20049231243325
 20
179.5414614195081
 10
93.40175611849925
 20
176.7427252255741
  0
LWPOLYLINE
  5
100
330
17
100
AcDbEntity
  8
ENG_L
100
AcDbPolyline
 90
8
 70
1
 10
89.095454429505
 20
182.05977609827616
 10
89.095454429505
 20
183.50981093984853
 10
90.50966799187808
 20
184.3583390772725
 10
91.92388155425118
 20
183.50981093984853
 10
91.92388155425118
 20
181.88127375307073
 10
90.03022074424098
 20
179.4465669973433
 10
88.55189765437899
 20
181.5162193231501
 10
89.095454429505
 20
182.05977609827616
  0
LWPOLYLINE
  5
101
330
17
100
AcDbEntity
  8
ENG_L
100
AcDbPolyline
 90
4
 70
1
 10
89.33115668990051
 20
179.93845575471667
 10
90.13589454402485
 20
179.13371790059207
 10
89.33115668990051
 20
178.3289800464678
 10
89.33115668990051
 20
179.93845575471667
  0
LWPOLYLINE
  5
102
330
17
100
AcDbEntity
  8
ENG_L
100
AcDbPolyline
 90
12
 70
1
 10
84.38140922159468
 20
183.46049566282508
 10
86.65063170631912
 20
186.2339898108216
 10
88.82592235001981
 20
185.69016714989638
 10
89.11561612885747
 20
184.24169825570814
 10
88.62404990871396
 20
183.75013203556466
 10
88.62404990871396
 20
182.8073229939825
 10
87.74490186900687
 20
181.92817495427548
 10
86.33068830663377
 20
182.39957947506647
 10
85.32421826317673
 20
181.39310943160947
 10
85.32421826317673
 20
175.59818399465942
 10
84.38140922159468
 20
175.59818399465942
 10
84.38140922159468
 20
183.46049566282508
  0
LWPOLYLINE
  5
103
330
17
100
AcDbEntity
  8
ENG_L
100
AcDbPolyline
 90
5
 70
1
 10
86.2670273047588
 20
33.16820103274043
 10
87.3885985515261
 20
33.54205811499611
 10
87.7330491438464
 20
31.819805153394665
 10
86.2670273047588
 20
31.819805153394665
 10
86.2670273047588
 20
33.16820103274043
  0
LWPOLYLINE
  5
104
330
17
100
AcDbEntity
  8
ENG_L
100
AcDbPolyline
 90
14
 70
1
 10
84.8528137423857
 20
167.72237832866955
 10
84.8528137423857
 20
170.07940093262462
 10
84.37034067407575
 20
170.5618740009347
 10
84.71728229233507
 20
173.6843485652685
 10
85.79562278396777
 20
171.168220751459
 10
85.79562278396777
 20
169.52173350109047
 10
86.85508509104626
 20
169.73362596250618
 10
87.69453459760321
 20
168.33454345157784
 10
87.38044130757855
 20
166.76407700145458
 10
86.4376322659965
 20
167.23548152224566
 10
86.22455467731511
 20
166.17009357883873
 10
85.32421826317673
 20
166.17009357883873
 10
85.32421826317673
 20
167.25097380787858
 10
84.8528137423857
 20
167.72237832866955
  0
LWPOLYLINE
  5
105
330
17
100
AcDbEntity
  8
ENG_L
100
AcDbPolyline
 90
4
 70
1
 10
84.14570696119917
 20
187.48092808737314
 10
84.95044481532351
 20
186.67619023324855
 10
84.14570696119917
 20
185.8714523791243
 10
84.14570696119917
 20
187.48092808737314
  0
LWPOLYLINE
  5
106
330
17
100
AcDbEntity
  8
ENG_L
100
AcDbPolyline
 90
5
 70
1
 10
73.8660826235201
 20
43.7938243658319
 10
74.40444491139768
 20
44.332186653709414
 10
75.96846498618896
 20
44.01938263875116
 10
75.55541284993323
 20
42.78022622998401
 10
73.8660826235201
 20
43.7938243658319
  0
LWPOLYLINE
  5
107
330
17
100
AcDbEntity
  8
ENG_L
100
AcDbPolyline
 90
32
 70
1
 10
63.08028098779769
 20
38.1837661840736
 10
62.09925272281354
 20
38.1837661840736
 10
61.18633335994353
 20
39.553145228378604
 10
60.81118318204309
 20
39.42809516907842
 10
60.81118318204309
 20
37.94806392367811
 10
59.86837414046103
 20
37.94806392367811
 10
59.86837414046103
 20
42.05263342333965
 10
60.350350745087866
 20
42.53461002796644
 10
60.600219572552476
 20
44.78342947514802
 10
61.87184335382292
 20
44.78342947514802
 10
63.31259088915742
 20
42.862432761368694
 10
64.2076689704111
 20
42.5640734009507
 10
63.690701249736456
 20
41.53013795960136
 10
64.1110148275803
 20
41.10982438175759
 10
64.1110148275803
 20
39.69561081938444
 10
65.64573106246196
 20
38.16089458450289
 10
67.35917497657505
 20
37.7325336059745
 10
69.21789713614982
 20
39.12657522565566
 10
70.33690467080156
 20
39.12657522565566
 10
71.18208263944578
 20
38.281397257011406
 10
71.18208263944578
 20
36.10491846795772
 10
69.69039970348736
 20
35.80658188076591
 10
69.24992442629097
 20
36.24705715796228
 10
68.54638865636063
 20
35.89528927299712
 10
67.84687236329327
 20
33.7967403937951
 10
65.99663291074444
 20
32.40906080438355
 10
65.99663291074444
 20
29.46278254943957
 10
65.05382386916237
 20
29.46278254943957
 10
65.05382386916237
 20
33.09594752831002
 10
66.46803743153546
 20
34.51016109068317
 10
66.46803743153546
 20
35.247710599500934
 10
63.08028098779769
 20
38.1837661840736
  0
LWPOLYLINE
  5
108
330
17
100
AcDbEntity
  8
ENG_L
100
AcDbPolyline
 90
6
 70
1
 10
66.53385511456285
 20
40.77649104842429
 10
65.93419277413997
 20
42.57547806969286
 10
67.00310295420147
 20
42.93178146304677
 10
67.88225099390856
 20
42.05263342333965
 10
67.88225099390856
 20
40.77649104842429
 10
66.53385511456285
 20
40.77649104842429
  0
LWPOLYLINE
  5
109
330
17
100
AcDbEntity
  8
ENG_L
100
AcDbPolyline
 90
4
 70
1
 10
61.0468854424386
 20
48.692736828934045
 10
61.0468854424386
 20
50.302212537182925
 10
61.85162329656295
 20
49.497474683058314
 10
61.0468854424386
 20
48.692736828934045
  0
LWPOLYLINE
  5
10A
330
17
100
AcDbEntity
  8
ENG_L
100
AcDbPolyline
 90
31
 70
1
 10
57.82055400323858
 20
52.86187730971614
 10
58.76336304482064
 20
53.33328183050712
 10
58.32683857433798
 20
53.76980630098982
 10
57.10360801758982
 20
54.177549819905856
 10
56.62689698007576
 20
53.700838782391735
 10
53.247653903564235
 20
55.00054765797302
 10
53.75196633888285
 20
59.0350471405221
 10
54.211519890968646
 20
59.49460069260781
 10
54.211519890968646
 20
61.815068814198625
 10
55.5074971946425
 20
64.14782796081153
 10
57.63185420901443
 20
63.61673870721851
 10
58.95953516994175
 20
62.289057746291235
 10
58.48813064915072
 20
60.8748441839182
 10
58.92556509887896
 20
60.43740973418987
 10
58.92556509887896
 20
59.49460069260781
 10
59.51317368004801
 20
58.90699211143868
 10
60.81118318204309
 20
58.647390211039706
 10
60.81118318204309
 20
57.413720463568076
 10
59.86837414046103
 20
56.47091142198602
 10
59.86837414046103
 20
55.723364526279575
 10
60.437409734189856
 20
55.154328932550676
 10
59.93597253051862
 20
54.65289172887944
 10
60.83554187393632
 20
53.303537713752846
 10
60.392327581098606
 20
51.97389483523984
 10
61.282587702834114
 20
51.52876477437196
 10
61.282587702834114
 20
49.73317694345391
 10
58.65161362716985
 20
49.73317694345391
 10
56.44122049117388
 20
50.46997465545255
 10
55.36143571373728
 20
51.54975943288909
 10
58.66126735927452
 20
52.02116395368017
 10
57.82055400323858
 20
52.86187730971614
  0
LWPOLYLINE
  5
10B
330
17
100
AcDbEntity
  8
ENG_L
100
AcDbPolyline
 90
5
 70
1
 10
56.26380464079944
 20
59.18986283848338
 10
56.54838079557132
 20
59.47443899325533
 10
56.38978028973855
 20
60.26744152241914
 10
56.1225882588509
 20
60.17837751212329
 10
56.26380464079944
 20
59.18986283848338
  0
LWPOLYLINE
  5
10C
330
17
100
AcDbEntity
  8
ENG_L
100
AcDbPolyline
 90
4
 70
1
 10
55.72366207328923
 20
62.32332536436369
 10
56.42411535425193
 20
62.74359733294133
 10
56.14393404186687
 20
63.02377864532638
 10
55.72366207328923
 20
62.32332536436369
  0
LWPOLYLINE
  5
10D
330
17
100
AcDbEntity
  8
ENG_L
100
AcDbPolyline
 90
5
 70
1
 10
59.396969619669996
 20
34.648232278140846
 10
59.396969619669996
 20
37.33858821542935
 10
60.057547742569554
 20
37.999166338328784
 10
60.362178111677544
 20
34.648232278140846
 10
59.396969619669996
 20
34.648232278140846
  0
LWPOLYLINE
  5
10E
330
17
100
AcDbEntity
  8
ENG_L
100
AcDbPolyline
 90
5
 70
1
 10
59.904438869645816
 20
32.76261419497673
 10
58.92556509887896
 20
32.76261419497673
 10
58.92556509887896
 20
34.51016109068317
 10
59.563636286336674
 20
35.14823227814079
 10
59.904438869645816
 20
32.76261419497673
  0
LWPOLYLINE
  5
10F
330
17
100
AcDbEntity
  8
ENG_L
100
AcDbPolyline
 90
4
 70
1
 10
59.4946006926078
 20
61.28258770283412
 10
58.68986283848344
 20
60.47784984870985
 10
58.68986283848344
 20
62.0873255569584
 10
59.4946006926078
 20
61.28258770283412
  0
LWPOLYLINE
  5
110
330
17
100
AcDbEntity
  8
ENG_L
100
AcDbPolyline
 90
4
 70
1
 10
58.68986283848344
 20
31.722174080456632
 10
58.68986283848344
 20
33.331649788705505
 10
59.494600692607776
 20
32.526911934581236
 10
58.68986283848344
 20
31.722174080456632
  0
LWPOLYLINE
  5
111
330
17
100
AcDbEntity
  8
ENG_L
100
AcDbPolyline
 90
4
 70
1
 10
55.723364526279525
 20
67.88225099390854
 10
54.91862667215519
 20
67.07751313978427
 10
54.91862667215519
 20
68.68698884803315
 10
55.723364526279525
 20
67.88225099390854
  0
LWPOLYLINE
  5
112
330
17
100
AcDbEntity
  8
ENG_L
100
AcDbPolyline
 90
5
 70
1
 10
54.74658541363464
 20
67.91622106497141
 10
55.354965670280215
 20
67.30784080832586
 10
54.14785888909368
 20
66.90547188126372
 10
53.53947863244811
 20
67.51385213790928
 10
54.74658541363464
 20
67.91622106497141
  0
LWPOLYLINE
  5
113
330
17
100
AcDbEntity
  8
ENG_L
100
AcDbPolyline
 90
7
 70
1
 10
46.437786693983256
 20
62.604003642615424
 10
50.30833659603529
 20
65.95848022439377
 10
53.25062548036971
 20
67.42962466656111
 10
54.527763047890964
 20
67.00391214405388
 10
49.17339311241012
 20
63.689302183994265
 10
47.67551760176916
 20
62.19142667335331
 10
46.437786693983256
 20
62.604003642615424
  0
LWPOLYLINE
  5
114
330
17
100
AcDbEntity
  8
ENG_L
100
AcDbPolyline
 90
4
 70
1
 10
46.433345297916624
 20
61.42065889029191
 10
46.433345297916624
 20
63.03013459854046
 10
47.23808315204098
 20
62.22539674441619
 10
46.433345297916624
 20
61.42065889029191
  0
LWPOLYLINE
  5
115
330
17
100
AcDbEntity
  8
ENG_L
100
AcDbPolyline
 90
4
 70
1
 10
45.96194077712559
 20
62.55873007774948
 10
46.766678631249924
 20
61.75399222362521
 10
45.96194077712559
 20
60.94925436950061
 10
45.96194077712559
 20
62.55873007774948
  0
LWPOLYLINE
  5
116
330
17
100
AcDbEntity
  8
ENG_L
100
AcDbPolyline
 90
4
 70
1
 10
45.019131735543525
 20
60.006445327918655
 10
45.019131735543525
 20
61.845309380861416
 10
46.3982797752506
 20
61.38559336762584
 10
45.019131735543525
 20
60.006445327918655
  0
LWPOLYLINE
  5
117
330
17
100
AcDbEntity
  8
ENG_L
100
AcDbPolyline
 90
4
 70
1
 10
44.5477272147525
 20
61.14451651537634
 10
45.35246506887685
 20
60.33977866125206
 10
44.5477272147525
 20
59.53504080712779
 10
44.5477272147525
 20
61.14451651537634
  0
LWPOLYLINE
  5
118
330
17
100
AcDbEntity
  8
ENG_L
100
AcDbPolyline
 90
4
 70
1
 10
44.8810605480858
 20
59.868374140461086
 10
44.076322693961465
 20
59.06363628633648
 10
44.076322693961465
 20
60.67311199458536
 10
44.8810605480858
 20
59.868374140461086
  0
LWPOLYLINE
  5
119
330
17
100
AcDbEntity
  8
ENG_L
100
AcDbPolyline
 90
4
 70
1
 10
43.60491817317043
 20
60.20170747379427
 10
44.40965602729479
 20
59.39696961967
 10
43.60491817317043
 20
58.59223176554573
 10
43.60491817317043
 20
60.20170747379427
  0
LWPOLYLINE
  5
11A
330
17
100
AcDbEntity
  8
ENG_L
100
AcDbPolyline
 90
4
 70
1
 10
43.1335136523794
 20
58.12082724475442
 10
43.1335136523794
 20
59.7303029530033
 10
43.93825150650373
 20
58.92556509887903
 10
43.1335136523794
 20
58.12082724475442
  0
LWPOLYLINE
  5
11B
330
17
100
AcDbEntity
  8
ENG_L
100
AcDbPolyline
 90
4
 70
1
 10
40.77649104842424
 20
56.90187582825712
 10
41.581228902548574
 20
56.09713797413285
 10
40.77649104842424
 20
55.292400120008246
 10
40.77649104842424
 20
56.90187582825712
  0
LWPOLYLINE
  5
11C
330
17
100
AcDbEntity
  8
ENG_L
100
AcDbPolyline
 90
5
 70
1
 10
40.069384267237695
 20
54.11388881803092
 10
39.536885939108096
 20
54.646387146160436
 10
40.60233874771638
 20
56.4221418271742
 10
41.04616337988254
 20
55.09066793067563
 10
40.069384267237695
 20
54.11388881803092
  0
LWPOLYLINE
  5
11D
330
17
100
AcDbEntity
  8
ENG_L
100
AcDbPolyline
 90
4
 70
1
 10
39.36227748605114
 20
53.40678203684435
 10
39.36227748605114
 20
55.01625774509322
 10
40.16701534017548
 20
54.21151989096862
 10
39.36227748605114
 20
53.40678203684435
  0
LWPOLYLINE
  5
11E
330
17
100
AcDbEntity
  8
ENG_L
100
AcDbPolyline
 90
5
 70
1
 10
39.229580890447295
 20
54.41215662869803
 10
39.68929690368294
 20
53.03300858899107
 10
38.6551707048646
 20
53.03300858899107
 10
38.6551707048646
 20
53.83774644311545
 10
39.229580890447295
 20
54.41215662869803
  0
LWPOLYLINE
  5
11F
330
17
100
AcDbEntity
  8
ENG_L
100
AcDbPolyline
 90
4
 70
1
 10
38.41946844446908
 20
51.99256847447131
 10
38.41946844446908
 20
53.60204418271985
 10
39.22420629859344
 20
52.79730632859558
 10
38.41946844446908
 20
51.99256847447131
  0
LWPOLYLINE
  5
120
330
17
100
AcDbEntity
  8
ENG_L
100
AcDbPolyline
 90
5
 70
1
 10
38.28677184886519
 20
52.99794306632511
 10
38.74648786210088
 20
51.61879502661804
 10
37.712361663282536
 20
51.61879502661804
 10
37.712361663282536
 20
52.42353288074231
 10
38.28677184886519
 20
52.99794306632511
  0
LWPOLYLINE
  5
121
330
17
100
AcDbEntity
  8
ENG_L
100
AcDbPolyline
 90
4
 70
1
 10
37.476659402887016
 20
50.57835491209816
 10
37.476659402887016
 20
52.18783062034704
 10
38.28139725701135
 20
51.38309276622244
 10
37.476659402887016
 20
50.57835491209816
  0
LWPOLYLINE
  5
122
330
17
100
AcDbEntity
  8
ENG_D
100
AcDbPolyline
 90
24
 70
1
 10
253.5104159203097
 20
33.692767004786184
 10
255.02984574794817
 20
29.742249452926362
 10
255.02984574794817
 20
28.355636149668072
 10
256.070186815408
 20
26.79512454847821
 10
254.62372697378876
 20
25.927248643506818
 10
251.82764517534878
 20
25.927248643506818
 10
251.33290164136878
 20
25.432505109526772
 10
248.01267554300185
 20
26.198711132226826
 10
247.78889335871452
 20
26.870057685088877
 10
246.0175180970147
 20
26.870057685088877
 10
244.9725792961449
 20
27.392527085523753
 10
243.52654301935965
 20
29.416977873023107
 10
245.96495669614495
 20
29.687912725999244
 10
246.44693330077175
 20
30.16988933062603
 10
248.84594522176087
 20
30.16988933062603
 10
251.86768063216874
 20
31.680757035829842
 10
252.22019681664537
 20
30.623208482400187
 10
251.78939144149982
 20
29.761597732109067
 10
253.97158534024405
 20
27.976166360409117
 10
254.0530666353033
 20
28.22061024558686
 10
253.61563218557504
 20
28.658044695315187
 10
253.61563218557504
 20
30.54366277847931
 10
253.12992992517957
 20
31.02936503887477
 10
253.5104159203097
 20
33.692767004786184
  0
LWPOLYLINE
  5
123
330
17
100
AcDbEntity
  8
ENG_D
100
AcDbPolyline
 90
5
 70
1
 10
252.67282314399299
 20
34.03875656989208
 10
253.28898051342085
 20
34.65491393931997
 10
253.66744046228956
 20
32.76261419497673
 10
252.67282314399299
 20
32.76261419497673
 10
252.67282314399299
 20
34.03875656989208
  0
LWPOLYLINE
  5
124
330
17
100
AcDbEntity
  8
ENG_D
100
AcDbPolyline
 90
5
 70
1
 10
248.6308191946032
 20
25.352838457924022
 10
247.42371241341667
 20
24.950469530861884
 10
246.81533215677112
 20
25.55884978750744
 10
248.02243893795765
 20
25.96121871456958
 10
248.6308191946032
 20
25.352838457924022
  0
LWPOLYLINE
  5
125
330
17
100
AcDbEntity
  8
ENG_D
100
AcDbPolyline
 90
98
 70
1
 10
223.20335893337437
 20
46.81380040694905
 10
222.974338334158
 20
47.04282100616541
 10
222.974338334158
 20
48.652296714414064
 10
223.44574285494903
 20
49.123701235205154
 10
223.44574285494903
 20
50.12430036878146
 10
225.12455162435154
 20
50.8437898413826
 10
225.3550851454421
 20
51.99645744683534
 10
226.74557450048624
 20
52.923450350198074
 10
226.74557450048624
 20
53.61397134857504
 10
225.34085487765208
 20
54.550451097131194
 10
224.8641918405295
 20
60.747070579724614
 10
223.91090227045325
 20
62.653649719877194
 10
224.37968526855852
 20
66.8726967028247
 10
222.974338334158
 20
68.74649261535882
 10
222.974338334158
 20
70.14164252492594
 10
222.31921290457524
 20
70.79676795450874
 10
224.801771884768
 20
71.78979154658572
 10
224.67361741919714
 20
72.17425494329832
 10
223.96651063801062
 20
72.40995720369392
 10
223.41177278388625
 20
74.07417076606704
 10
223.9171473757401
 20
74.57954535792078
 10
224.95099504622348
 20
73.54569768743735
 10
231.97919659832073
 20
74.0142444575772
 10
233.0134536607417
 20
73.49711592636665
 10
234.26947384570258
 20
72.24109574140591
 10
235.21228288728463
 20
67.5270505334955
 10
236.17366491630688
 20
66.56566850447332
 10
236.17366491630688
 20
64.16665658348397
 10
236.67289031504976
 20
63.168205785998246
 10
236.20148579425873
 20
62.22539674441619
 10
237.6066566721234
 20
59.41505498868693
 10
237.31584298522642
 20
58.54261392799598
 10
235.76744821127627
 20
57.4366176608887
 10
236.6521010418884
 20
55.66731199966446
 10
236.18614329018897
 20
51.939649986069256
 10
236.6450694370979
 20
51.48072383916025
 10
236.6450694370979
 20
48.180892193623094
 10
239.60081856559407
 20
45.22514306512693
 10
240.41630560342617
 20
44.953314052516234
 10
240.41630560342617
 20
43.74298936062815
 10
238.55084921961452
 20
41.87753297681651
 10
239.02225374040557
 20
39.52051037286131
 10
238.13675237305634
 20
38.6350090055122
 10
235.9168673198138
 20
39.07898601616067
 10
235.6937167674558
 20
36.17802883550658
 10
233.29303001917927
 20
34.2574794368854
 10
232.10165309144756
 20
32.11300096696823
 10
231.02129097805772
 20
31.572819910273275
 10
229.66774372580605
 20
31.843529360723654
 10
228.63119258365037
 20
33.39835607395714
 10
228.63119258365037
 20
34.78630346559852
 10
228.10869711991216
 20
35.3087989293368
 10
228.63119258365037
 20
36.353789856813144
 10
228.63119258365037
 20
39.00043120405306
 10
227.21697902127727
 20
39.943240245635224
 10
227.21697902127727
 20
40.443157715090884
 10
224.8599564173221
 20
42.80018031904609
 10
224.8599564173221
 20
43.71932383240562
 10
223.3855893810435
 20
44.77244314403317
 10
220.06257787607845
 20
44.297727214752555
 10
219.1054710948919
 20
45.2548339959391
 10
218.33165802845377
 20
45.2548339959391
 10
216.6656376762919
 20
44.14415376116454
 10
216.38460487186683
 20
46.11138339214005
 10
214.5027786110706
 20
48.93412278333442
 10
214.0362254265686
 20
51.26688870584451
 10
213.54624791833734
 20
51.756866214075714
 10
213.54624791833734
 20
52.94297833674521
 10
214.48905695991942
 20
53.41438285753619
 10
214.48905695991942
 20
54.309150963906426
 10
215.34853266816813
 20
55.16862667215516
 10
216.84607956387458
 20
54.954691401340014
 10
216.84607956387458
 20
56.47091142198602
 10
216.37467504308356
 20
56.942315942776986
 10
216.37467504308356
 20
62.169754988512516
 10
215.78190674245272
 20
63.355291589774154
 10
217.70523236685077
 20
63.63005239325958
 10
220.10460288404863
 20
65.15692454056732
 10
218.75871364409534
 20
69.6432220070783
 10
217.28351401360283
 20
71.11842163757076
 10
217.60254960733167
 20
72.07552841875741
 10
218.27838891568425
 20
72.30080818820828
 10
218.55159350579092
 20
74.75964949916846
 10
219.66496499125398
 20
73.6462780137056
 10
220.14042546450344
 20
68.89167328121104
 10
221.08872025099384
 20
66.99508370823027
 10
221.08872025099384
 20
62.64115950930349
 10
220.64513660815467
 20
61.75399222362521
 10
221.55234658938375
 20
59.939572261167086
 10
222.01804925440263
 20
56.67965360603488
 10
222.50293381336698
 20
56.19476904707066
 10
222.50293381336698
 20
53.64248429723983
 10
222.1291603655137
 20
53.26871084938656
 10
222.50293381336698
 20
52.89493740153339
 10
222.50293381336698
 20
48.49902388557248
 10
222.06450952054013
 20
47.62217529991886
 10
222.6195870788634
 20
46.69704603604685
 10
223.20335893337437
 20
46.81380040694905
  0
LWPOLYLINE
  5
126
330
17
100
AcDbEntity
  8
ENG_D
100
AcDbPolyline
 90
9
 70
1
 10
235.16557012809318
 20
43.84062043356596
 10
233.28959603565704
 20
43.84062043356596
 10
232.4489688799693
 20
44.260934011409844
 10
232.01281989581076
 20
43.82478502725129
 10
233.9283366938803
 20
41.48359782961075
 10
235.604629322578
 20
41.48359782961075
 10
236.17366491630688
 20
42.05263342333965
 10
236.17366491630688
 20
43.23576356063785
 10
235.16557012809318
 20
43.84062043356596
  0
LWPOLYLINE
  5
127
330
17
100
AcDbEntity
  8
ENG_D
100
AcDbPolyline
 90
5
 70
1
 10
215.45405206391828
 20
51.35478379028535
 10
215.56255552486965
 20
51.029273407431354
 10
216.28699647009728
 20
51.46393797456783
 10
215.90327052229253
 20
52.10348122090913
 10
215.45405206391828
 20
51.35478379028535
  0
LWPOLYLINE
  5
128
330
17
100
AcDbEntity
  8
ENG_D
100
AcDbPolyline
 90
44
 70
1
 10
226.36277415536446
 20
112.65665357178811
 10
223.57512010454144
 20
112.91007666731745
 10
221.86932723851763
 20
114.61586953334135
 10
223.03435850232194
 20
115.1983851652434
 10
223.45651039919125
 20
116.04268895898196
 10
223.89698567638757
 20
118.2450653449637
 10
223.44574285494903
 20
118.6963081664022
 10
223.44574285494903
 20
119.60329592878493
 10
222.4376480667353
 20
120.20815280171315
 10
221.65775584472271
 20
120.20815280171315
 10
221.1863513239317
 20
119.73674828092207
 10
218.65313022690685
 20
119.73674828092207
 10
216.73525757668813
 20
121.17515276858614
 10
215.21425953054253
 20
121.68215211730127
 10
214.94939293319155
 20
124.06595149346022
 10
215.4318660015015
 20
124.54842456177018
 10
215.4318660015015
 20
125.79972130457384
 10
214.78866541297634
 20
126.87172228544907
 10
213.54624791833734
 20
127.6171727822325
 10
213.54624791833734
 20
128.37745082009266
 10
215.48569384126367
 20
129.20864192991831
 10
215.93330320517276
 20
128.76103256600925
 10
217.22553670573276
 20
129.62252156638266
 10
221.91532523219794
 20
130.5604792716757
 10
222.40530274042916
 20
131.0504567799068
 10
224.7844220798559
 20
131.0504567799068
 10
226.31050321275325
 20
132.14051473197642
 10
226.57568992311815
 20
132.9360748630709
 10
227.54271153391866
 20
132.9360748630709
 10
228.25618865549646
 20
134.36302910622666
 10
229.0840241170012
 20
130.22385179870267
 10
229.57400162523243
 20
129.73387429047156
 10
229.57400162523243
 20
127.84825620730744
 10
230.04540614602348
 20
127.37685168651647
 10
230.04540614602348
 20
125.43899463824782
 10
230.98821518760553
 20
123.0819720342926
 10
230.98821518760553
 20
119.32098551603487
 10
232.40242874997864
 20
116.49255839128858
 10
232.40242874997864
 20
115.39647652086504
 10
231.3950487272761
 20
114.38909649816242
 10
231.08077904674872
 20
115.01763585921721
 10
230.14303721896133
 20
114.0798940314297
 10
227.78601461500614
 20
114.0798940314297
 10
226.36277415536446
 20
112.65665357178811
  0
LWPOLYLINE
  5
129
330
17
100
AcDbEntity
  8
ENG_D
100
AcDbPolyline
 90
4
 70
1
 10
231.0706446191595
 20
115.03790471439557
 10
230.8425431794559
 20
115.49410759380285
 10
230.61444173975232
 20
115.49410759380285
 10
231.0706446191595
 20
115.03790471439557
  0
LWPOLYLINE
  5
12A
330
17
100
AcDbEntity
  8
ENG_D
100
AcDbPolyline
 90
4
 70
1
 10
228.6614351326791
 20
123.16445354842587
 10
229.00496603150359
 20
123.50798444725031
 10
228.77594543228724
 20
123.73700504646668
 10
228.6614351326791
 20
123.16445354842587
  0
LWPOLYLINE
  5
12B
330
17
100
AcDbEntity
  8
ENG_D
100
AcDbPolyline
 90
9
 70
1
 10
224.95758749025993
 20
124.45079348883237
 10
225.3950219399881
 20
124.01335903910426
 10
225.7403253222997
 20
124.12846016654144
 10
225.632880881536
 20
124.45079348883247
 10
224.76232534438432
 20
124.45079348883247
 10
224.31108252294575
 20
124.90203631027097
 10
223.5180799937819
 20
124.74343580443825
 10
223.61562743231718
 20
124.45079348883237
 10
224.95758749025993
 20
124.45079348883237
  0
LWPOLYLINE
  5
12C
330
17
100
AcDbEntity
  8
ENG_D
100
AcDbPolyline
 90
5
 70
1
 10
218.05965638851822
 20
33.366715311371586
 10
219.20310216782974
 20
34.510161090683056
 10
219.70847675968355
 20
34.00478649882932
 10
219.3521733663297
 20
32.93587631876771
 10
218.05965638851822
 20
33.366715311371586
  0
LWPOLYLINE
  5
12D
330
17
100
AcDbEntity
  8
ENG_D
100
AcDbPolyline
 90
51
 70
1
 10
207.01024562913793
 20
30.607323780354246
 10
206.05313884795137
 20
30.926359374083056
 10
205.83389100831266
 20
31.584102892999177
 10
203.2729795338725
 20
31.584102892999177
 10
202.63937295902315
 20
30.950496318149725
 10
202.08686741120297
 20
32.05550741379015
 10
199.81444022482398
 20
32.05550741379015
 10
197.54038454114112
 20
33.318871682502916
 10
197.0627144421453
 20
36.18489227647758
 10
196.52459422691305
 20
36.72301249170984
 10
197.04708969065123
 20
37.76800341918618
 10
197.04708969065123
 20
39.53269399981496
 10
195.63287612827816
 20
41.88971660377017
 10
195.63287612827816
 20
43.46684698571279
 10
196.9637563573179
 20
44.797727214752506
 10
200.26358800285513
 20
44.326322693961416
 10
200.72069478404168
 20
44.78342947514802
 10
202.33017049229042
 20
44.78342947514802
 10
202.80157501308148
 20
44.31202495435693
 10
205.15859761703658
 20
44.31202495435693
 10
205.6300021378276
 20
43.84062043356596
 10
207.9720735574397
 20
43.84062043356596
 10
210.35348871338084
 20
41.935488308813106
 10
212.2703858375402
 20
41.45626402777314
 10
213.66409904853512
 20
39.59797974644663
 10
213.82442280617656
 20
39.59797974644663
 10
214.03137409027957
 20
40.632736166961614
 10
215.98771595814566
 20
43.56724896876085
 10
216.99515076237458
 20
43.90306057017046
 10
217.3514541557284
 20
42.834150390108846
 10
216.84607956387458
 20
42.328775798255
 10
216.84607956387458
 20
41.08772764628588
 10
217.93613751594398
 20
39.56164651338867
 10
218.70516048317384
 20
39.305305524312104
 10
219.21983622331618
 20
36.21725108345808
 10
217.88651967839448
 20
34.883934538536444
 10
216.94371063681243
 20
34.883934538536444
 10
215.0580925536483
 20
32.99831645537221
 10
212.97721232460847
 20
32.99831645537221
 10
212.64007286054172
 20
33.335455919438985
 10
211.75688417806379
 20
32.01067289572202
 10
210.78636648646983
 20
32.33417879292022
 10
210.24641627280013
 20
33.41407922025952
 10
210.24641627280013
 20
34.7504821863992
 10
209.3148541389874
 20
35.309419466686755
 10
207.88939366884497
 20
34.29123341658502
 10
207.88939366884497
 20
33.372089903225486
 10
206.9805546983257
 20
32.46325093270619
 10
207.13292362538792
 20
32.0061441515197
 10
208.09003040657447
 20
31.68710855779089
 10
207.01024562913793
 20
30.607323780354246
  0
LWPOLYLINE
  5
12E
330
17
100
AcDbEntity
  8
ENG_D
100
AcDbPolyline
 90
7
 70
1
 10
215.43990962370168
 20
37.75191617478579
 10
215.23682236370743
 20
36.33030535482595
 10
216.84607956387458
 20
36.509111710400056
 10
216.84607956387458
 20
38.12268959350018
 10
215.87832578564706
 20
39.864646394309645
 10
214.99904268464277
 20
38.63365005290365
 10
215.43990962370168
 20
37.75191617478579
  0
LWPOLYLINE
  5
12F
330
17
100
AcDbEntity
  8
ENG_D
100
AcDbPolyline
 90
8
 70
1
 10
209.30360723121808
 20
40.4652544505626
 10
208.27018347548994
 20
41.91204770858192
 10
207.8208479759663
 20
41.76226920874071
 10
207.41798914805395
 20
40.956551552916
 10
207.41798914805395
 20
40.167015340175524
 10
207.97272700217835
 20
39.61227748605112
 10
209.30360723121808
 20
39.80240323305673
 10
209.30360723121808
 20
40.4652544505626
  0
LWPOLYLINE
  5
130
330
17
100
AcDbEntity
  8
ENG_D
100
AcDbPolyline
 90
4
 70
1
 10
213.31054565794182
 20
52.46397299526229
 10
213.31054565794182
 20
54.07344870351116
 10
214.11528351206616
 20
53.26871084938656
 10
213.31054565794182
 20
52.46397299526229
  0
LWPOLYLINE
  5
131
330
17
100
AcDbEntity
  8
ENG_D
100
AcDbPolyline
 90
6
 70
1
 10
213.54624791833734
 20
55.69101919997343
 10
213.54624791833734
 20
54.447222151364215
 10
212.69346912900116
 20
54.447222151364215
 10
212.12075137323845
 20
55.59265766288968
 10
212.49187974007572
 20
57.44829949707619
 10
213.54624791833734
 20
55.69101919997343
  0
LWPOLYLINE
  5
132
330
17
100
AcDbEntity
  8
ENG_D
100
AcDbPolyline
 90
10
 70
1
 10
210.58355573686697
 20
123.942754984255
 10
211.18922531438218
 20
124.54842456177018
 10
211.18922531438218
 20
125.49123360335234
 10
212.70644454154694
 20
127.00845283051709
 10
213.1088134686091
 20
125.80134604933046
 10
212.6034388767553
 20
125.29597145747672
 10
212.6034388767553
 20
124.0770200409792
 10
213.87958125167063
 20
122.80087766606384
 10
212.29637171415365
 20
122.80087766606384
 10
210.58355573686697
 20
123.942754984255
  0
LWPOLYLINE
  5
133
330
17
100
AcDbEntity
  8
ENG_D
100
AcDbPolyline
 90
5
 70
1
 10
212.70644454154692
 20
199.60474903233583
 10
213.1661605547826
 20
198.22560099262898
 10
212.13203435596427
 20
198.22560099262898
 10
212.13203435596427
 20
199.03033884675324
 10
212.70644454154692
 20
199.60474903233583
  0
LWPOLYLINE
  5
134
330
17
100
AcDbEntity
  8
ENG_D
100
AcDbPolyline
 90
4
 70
1
 10
211.89633209556874
 20
62.55873007774948
 10
212.70106994969308
 20
61.75399222362521
 10
211.89633209556874
 20
60.94925436950061
 10
211.89633209556874
 20
62.55873007774948
  0
LWPOLYLINE
  5
135
330
17
100
AcDbEntity
  8
ENG_D
100
AcDbPolyline
 90
4
 70
1
 10
211.89633209556874
 20
56.235209161590525
 10
211.89633209556874
 20
57.844684869839405
 10
212.70106994969308
 20
57.0399470157148
 10
211.89633209556874
 20
56.235209161590525
  0
LWPOLYLINE
  5
136
330
17
100
AcDbEntity
  8
ENG_D
100
AcDbPolyline
 90
62
 70
1
 10
203.27297953387247
 20
208.83220271042714
 10
202.33017049229042
 20
207.88939366884506
 10
199.9968134165577
 20
207.88939366884506
 10
199.00486002815035
 20
206.50065892507473
 10
199.48744562793976
 20
206.01807332528531
 10
202.91621636634596
 20
206.50789771648624
 10
203.18437535820323
 20
203.5581488060565
 10
202.70394394014363
 20
203.07771738799696
 10
202.70394394014363
 20
201.85876597149942
 10
203.2729795338725
 20
201.28973037777052
 10
205.58801282079367
 20
201.28973037777052
 10
206.42863997648132
 20
200.86941679992677
 10
206.94658462726292
 20
201.38736145070834
 10
206.94658462726292
 20
202.18714731151942
 10
206.00377558568084
 20
204.54416991547453
 10
206.00377558568084
 20
209.0162334742801
 10
207.849894642744
 20
209.47776323854583
 10
207.56375509917788
 20
210.90846095637662
 10
208.87175722193032
 20
210.25445989500037
 10
210.71782079359116
 20
210.5181832623805
 10
210.71782079359116
 20
207.47363090395777
 10
211.6545459275086
 20
205.60018063612284
 10
212.12146227212844
 20
201.39793353454417
 10
212.61773661635976
 20
200.9016591903129
 10
212.33645784257445
 20
198.93270777381545
 10
211.2605902165883
 20
198.93270777381545
 10
209.84637665421522
 20
197.98989873223337
 10
207.02515204739476
 20
197.98989873223337
 10
205.1395339642306
 20
196.57568516986035
 10
203.70239473762956
 20
196.57568516986035
 10
201.81677665446543
 20
195.6328761282783
 10
199.30648122166858
 20
195.6328761282783
 10
198.38383387943898
 20
196.55552347050786
 10
196.02681127548382
 20
196.08411894971678
 10
195.5352450553403
 20
196.57568516986035
 10
191.01646199330568
 20
196.57568516986035
 10
189.9760218787858
 20
195.53524505534048
 10
189.45352641504758
 20
196.05774051907866
 10
190.3669008939555
 20
197.88448947689452
 10
189.50461735799473
 20
198.31563124487494
 10
189.50461735799473
 20
199.13713126042555
 10
191.23464642037453
 20
199.3842782693369
 10
191.79706898082944
 20
200.50912339024674
 10
192.90208007646982
 20
199.40411229460642
 10
193.55402841216218
 20
199.40411229460642
 10
193.72709634576154
 20
200.26945196260326
 10
193.275853524323
 20
200.72069478404174
 10
193.275853524323
 20
201.8167766544654
 10
193.8273712847252
 20
202.91981217526967
 10
195.52176501716707
 20
203.16186842276153
 10
196.10428064906918
 20
203.74438405466356
 10
196.10428064906918
 20
204.49193095037
 10
195.52467297150454
 20
205.0715386279346
 10
193.2300116853228
 20
205.32650099306593
 10
194.0254329329532
 20
209.3036072312181
 10
196.64705007206632
 20
209.3036072312181
 10
198.0612636344394
 20
208.36079818963606
 10
198.85414035368353
 20
208.36079818963606
 10
200.84044329003035
 20
209.85052539189618
 10
201.38736145070837
 20
209.3036072312181
 10
202.80157501308145
 20
209.3036072312181
 10
203.27297953387247
 20
208.83220271042714
  0
LWPOLYLINE
  5
137
330
17
100
AcDbEntity
  8
ENG_D
100
AcDbPolyline
 90
4
 70
1
 10
210.48211853319566
 20
32.86024526791442
 10
211.28685638732
 20
32.05550741379015
 10
210.48211853319566
 20
31.25076955966588
 10
210.48211853319566
 20
32.86024526791442
  0
LWPOLYLINE
  5
138
330
17
100
AcDbEntity
  8
ENG_D
100
AcDbPolyline
 90
47
 70
1
 10
198.46130325302437
 20
110.87769345883025
 10
198.46130325302437
 20
114.17752510436752
 10
199.32077896127308
 20
115.03700081261626
 10
202.77514206084982
 20
114.54352036981952
 10
206.53082186237575
 20
112.66568046905657
 10
208.45842926257382
 20
112.66568046905657
 10
208.8998011004846
 20
112.22430863114585
 10
207.81508656290148
 20
110.59723682477107
 10
206.90361550852842
 20
110.1415012975846
 10
206.67121439152416
 20
109.44429794657174
 10
204.08162023691747
 20
107.89054145380783
 10
203.15861440544822
 20
108.81354728527693
 10
203.63001892623925
 20
111.64197441002311
 10
203.17534846093466
 20
112.09664487532778
 10
203.17534846093466
 20
112.90138272945217
 10
202.70394394014363
 20
112.90138272945217
 10
202.70394394014363
 20
105.52932691055949
 10
201.86597032345702
 20
104.13270421608168
 10
200.47813370408994
 20
104.5953164225374
 10
199.89015918906568
 20
103.22337588748087
 10
201.34549719336343
 20
98.37224920648846
 10
200.28326033431352
 20
98.01817025347181
 10
199.77788574245963
 20
98.52354484532566
 10
198.55893432596213
 20
98.52354484532566
 10
198.0875298051711
 20
98.05214032453469
 10
196.20191172200703
 20
98.05214032453469
 10
195.63287612827816
 20
97.48310473080579
 10
195.63287612827816
 20
96.40222450176606
 10
194.69006708669608
 20
96.40222450176606
 10
194.69006708669608
 20
99.05059112202031
 10
195.14038959461953
 20
99.95123613786738
 10
193.74725804511402
 20
103.66625360321535
 10
193.74725804511402
 20
106.48177994286945
 10
192.80444900353197
 20
108.36739802603357
 10
192.80444900353197
 20
110.72442062998877
 10
191.86163996194992
 20
112.610038713153
 10
191.86163996194992
 20
116.6726188957804
 10
192.71441875128608
 20
116.6726188957804
 10
193.30367440227485
 20
115.49410759380285
 10
192.85553994647913
 20
114.5978386822114
 10
193.275853524323
 20
114.17752510436752
 10
193.275853524323
 20
112.38750558121735
 10
194.14119319231975
 20
112.21443764761807
 10
194.70961125592086
 20
112.78285571121916
 10
196.68896953281507
 20
110.30865786510147
 10
197.8922676592955
 20
110.30865786510147
 10
198.46130325302437
 20
110.87769345883025
  0
LWPOLYLINE
  5
139
330
17
100
AcDbEntity
  8
ENG_D
100
AcDbPolyline
 90
6
 70
1
 10
199.88658536291638
 20
107.56679326577424
 10
200.29263300549133
 20
107.16074562319922
 10
201.23304906937366
 20
108.85349453818738
 10
200.72069478404168
 20
109.3658488235194
 10
200.08648042488807
 20
109.3658488235194
 10
199.88658536291638
 20
107.56679326577424
  0
LWPOLYLINE
  5
13A
330
17
100
AcDbEntity
  8
ENG_D
100
AcDbPolyline
 90
4
 70
1
 10
206.23947784607637
 20
102.6281143449872
 10
207.0442157002007
 20
101.82337649086293
 10
206.23947784607637
 20
101.01863863673832
 10
206.23947784607637
 20
102.6281143449872
  0
LWPOLYLINE
  5
13B
330
17
100
AcDbEntity
  8
ENG_D
100
AcDbPolyline
 90
4
 70
1
 10
205.6300021378276
 20
100.40916292848978
 10
204.82526428370326
 20
99.60442507436551
 10
204.82526428370326
 20
101.21390078261405
 10
205.6300021378276
 20
100.40916292848978
  0
LWPOLYLINE
  5
13C
330
17
100
AcDbEntity
  8
ENG_D
100
AcDbPolyline
 90
5
 70
1
 10
203.37598519866413
 20
98.89194370132492
 10
202.16887841747763
 20
98.48957477426279
 10
201.5604981608321
 20
99.09795503090835
 10
202.76760494201864
 20
99.5003239579706
 10
203.37598519866413
 20
98.89194370132492
  0
LWPOLYLINE
  5
13D
330
17
100
AcDbEntity
  8
ENG_D
100
AcDbPolyline
 90
80
 70
1
 10
197.58609260149984
 20
149.87660492866794
 10
198.46130325302434
 20
148.5637889513812
 10
198.46130325302434
 20
145.95137068136688
 10
196.5756851698602
 20
145.4799661605759
 10
196.5756851698602
 20
143.4404266726108
 10
197.42150476208835
 20
142.932934917274
 10
197.9253277511128
 20
143.9405808953229
 10
198.46130325302434
 20
143.4046053934115
 10
198.46130325302434
 20
139.27104056006823
 10
188.02909565166223
 20
140.48408795557543
 10
184.74219244577017
 20
141.89276075810065
 10
183.27872751477352
 20
141.89276075810065
 10
182.45212253356942
 20
142.71936573930466
 10
182.24864948072084
 20
143.73673100354767
 10
180.93603945445736
 20
143.47420899829498
 10
181.47248938155963
 20
145.6200087067041
 10
180.30694257288016
 20
147.36832891972318
 10
182.81839154150143
 20
147.0892790343209
 10
183.37635858771134
 20
147.6472460805308
 10
183.37635858771134
 20
148.5637889513812
 10
184.3191676292934
 20
149.97800251375426
 10
184.3191676292934
 20
151.19470715231876
 10
182.9049540669203
 20
152.1375161939007
 10
182.9049540669203
 20
154.24690937160523
 10
184.3191676292934
 20
155.66112293397828
 10
184.3191676292934
 20
156.74200316301813
 10
186.58615998100268
 20
156.74200316301813
 10
187.14759475403957
 20
155.61913361694414
 10
187.14759475403957
 20
153.287340529353
 10
188.7150369129583
 20
151.2720577536002
 10
190.50306815548066
 20
150.37804213233917
 10
191.66841032899805
 20
150.37804213233917
 10
191.8524757978152
 20
151.2983694764247
 10
190.87796715443326
 20
153.73464108487954
 10
191.3391444982117
 20
154.19581842865804
 10
190.89101004241599
 20
155.0920873402495
 10
191.3391444982117
 20
155.98835625184094
 10
190.91883092036784
 20
156.4086698296848
 10
190.91883092036784
 20
159.4323591003065
 10
191.3902354411589
 20
159.9037636210976
 10
191.3902354411589
 20
160.8142273363735
 10
192.24322923245933
 20
162.23588365520757
 10
194.19714191394417
 20
161.25892731446532
 10
195.63287612827816
 20
162.28445175327533
 10
195.63287612827816
 20
163.20359526663486
 10
196.0261858730418
 20
163.59690501139846
 10
194.53683849015033
 20
165.51178021797318
 10
193.7937981751047
 20
165.88330037549605
 10
193.35918685765634
 20
165.44868905804765
 10
190.0593552121191
 20
165.92009357883876
 10
189.60224843093258
 20
165.46298679765215
 10
188.62709406304432
 20
165.46298679765215
 10
187.76342641550247
 20
164.9447862091271
 10
188.5717525772831
 20
164.1364600473465
 10
188.08086209825487
 20
159.22755525706413
 10
187.2452258269774
 20
158.39191898578676
 10
185.59992883952924
 20
158.39191898578676
 10
184.72947834274586
 20
159.84266981375904
 10
185.7333811916665
 20
160.84657266267965
 10
185.7333811916665
 20
161.6162162938578
 10
184.65294930259367
 20
163.12882093855973
 10
183.45279629718252
 20
163.36885153964198
 10
182.8936710841945
 20
164.487101965618
 10
183.20575362647364
 20
166.04751467701385
 10
184.30223415199157
 20
165.49927441425493
 10
185.65539493922435
 20
166.40138160574347
 10
193.17220428096206
 20
166.87118218960217
 10
193.6697886715287
 20
167.36876658016874
 10
196.19053970742814
 20
166.86461637298888
 10
197.4934684775877
 20
166.08285911089317
 10
197.97132574479312
 20
163.69357277486597
 10
198.46130325302434
 20
163.20359526663486
 10
198.46130325302434
 20
161.7893817042617
 10
198.9327077738154
 20
161.31797718347073
 10
198.9327077738154
 20
159.86177430406357
 10
199.87551681539745
 20
157.97615622089944
 10
199.87551681539745
 20
156.38844977242493
 10
197.98989873223329
 20
154.9742362100518
 10
197.98989873223329
 20
150.2804110594014
 10
197.58609260149984
 20
149.87660492866794
  0
LWPOLYLINE
  5
13E
330
17
100
AcDbEntity
  8
ENG_D
100
AcDbPolyline
 90
6
 70
1
 10
185.34034125694808
 20
147.48429311077027
 10
185.81422640001196
 20
146.69448453899724
 10
186.73176923055814
 20
147.24501023732483
 10
187.09650381109242
 20
147.97447939839336
 10
186.65071141464574
 20
148.42027179484006
 10
185.34034125694808
 20
147.48429311077027
  0
LWPOLYLINE
  5
13F
330
17
100
AcDbEntity
  8
ENG_D
100
AcDbPolyline
 90
5
 70
1
 10
191.3902354411589
 20
117.47735674990479
 10
191.9646456267416
 20
118.05176693548735
 10
192.42436163997723
 20
116.6726188957804
 10
191.3902354411589
 20
116.6726188957804
 10
191.3902354411589
 20
117.47735674990479
  0
LWPOLYLINE
  5
140
330
17
100
AcDbEntity
  8
ENG_D
100
AcDbPolyline
 90
21
 70
1
 10
187.14759475403957
 20
201.52543263816614
 10
187.14759475403957
 20
204.49193095037
 10
186.14112471058252
 20
205.49840099382698
 10
185.934017929396
 20
205.42936540009816
 10
186.219083452062
 20
205.14429987743222
 10
185.93780467827668
 20
203.17534846093477
 10
183.2787275147735
 20
203.17534846093477
 10
182.3492296595971
 20
204.10484631611115
 10
185.1351439001109
 20
207.3972904185365
 10
187.5027952144526
 20
207.87082068140472
 10
188.49814731453768
 20
208.86617278149
 10
189.9123608769108
 20
208.39476826069892
 10
190.82119984743002
 20
209.3036072312181
 10
192.09734222234542
 20
209.3036072312181
 10
192.09734222234542
 20
208.4630480978945
 10
190.9188309203678
 20
207.75594131670795
 10
190.9188309203678
 20
206.41953835056825
 10
189.9160017106218
 20
204.41387993107617
 10
188.9830728870455
 20
203.94741551928809
 10
188.01427973459676
 20
201.52543263816614
 10
187.14759475403957
 20
201.52543263816614
  0
LWPOLYLINE
  5
141
330
17
100
AcDbEntity
  8
ENG_D
100
AcDbPolyline
 90
19
 70
1
 10
185.37818073125348
 20
192.82302199097222
 10
184.3191676292934
 20
192.61121937058024
 10
184.3191676292934
 20
191.51637946276145
 10
185.68050449239237
 20
190.6088215540289
 10
186.22356390590096
 20
189.52270272701176
 10
185.83638685645815
 20
188.36117157868327
 10
182.8073229939825
 20
191.39023544115895
 10
183.37635858771134
 20
191.95927103488773
 10
183.37635858771134
 20
194.31629363884295
 10
184.3191676292934
 20
195.259102680425
 10
184.3191676292934
 20
196.20191172200708
 10
184.773838094598
 20
196.65658218731176
 10
184.30243357380695
 20
199.48500931205783
 10
186.5785591603107
 20
201.76113489856164
 10
187.24522582697747
 20
201.76113489856164
 10
187.69913747995614
 20
201.3072232455828
 10
185.74100336169747
 20
198.85955559775948
 10
186.2138126097261
 20
193.6586538694448
 10
185.37818073125348
 20
192.82302199097222
  0
LWPOLYLINE
  5
142
330
17
100
AcDbEntity
  8
ENG_D
100
AcDbPolyline
 90
4
 70
1
 10
183.61206084810686
 20
98.19021151199236
 10
183.61206084810686
 20
99.79968722024124
 10
184.41679870223118
 20
98.99494936611663
 10
183.61206084810686
 20
98.19021151199236
  0
LWPOLYLINE
  5
143
330
17
100
AcDbEntity
  8
ENG_D
100
AcDbPolyline
 90
5
 70
1
 10
184.49976043350972
 20
156.74200316301813
 10
182.9049540669203
 20
156.74200316301813
 10
182.9049540669203
 20
158.01814553793346
 10
183.42315465544544
 20
158.5363461264585
 10
184.49976043350972
 20
156.74200316301813
  0
LWPOLYLINE
  5
144
330
17
100
AcDbEntity
  8
ENG_D
100
AcDbPolyline
 90
4
 70
1
 10
182.19784728573373
 20
206.25286825085652
 10
182.19784728573373
 20
208.39686291882086
 10
184.6991743983589
 20
208.03953047416013
 10
182.19784728573373
 20
206.25286825085652
  0
LWPOLYLINE
  5
145
330
17
100
AcDbEntity
  8
ENG_D
100
AcDbPolyline
 90
4
 70
1
 10
183.14065632731584
 20
98.66161603278346
 10
183.14065632731584
 20
100.271091741032
 10
183.94539418144018
 20
99.46635388690773
 10
183.14065632731584
 20
98.66161603278346
  0
LWPOLYLINE
  5
146
330
17
100
AcDbEntity
  8
ENG_D
100
AcDbPolyline
 90
4
 70
1
 10
183.47398966064915
 20
99.93775840769881
 10
182.66925180652476
 20
99.13302055357431
 10
182.66925180652476
 20
100.74249626182296
 10
183.47398966064915
 20
99.93775840769881
  0
LWPOLYLINE
  5
147
330
17
100
AcDbEntity
  8
ENG_D
100
AcDbPolyline
 90
5
 70
1
 10
181.4907405045472
 20
141.18565397691407
 10
181.4907405045472
 20
141.99039183103847
 10
182.0651506901299
 20
142.56480201662103
 10
182.52486670336555
 20
141.18565397691407
 10
181.4907405045472
 20
141.18565397691407
  0
LWPOLYLINE
  5
148
330
17
100
AcDbEntity
  8
ENG_D
100
AcDbPolyline
 90
64
 70
1
 10
166.40579583923417
 20
96.73555783509936
 10
167.7223783286695
 20
98.05214032453458
 10
168.66518737025152
 20
98.05214032453458
 10
169.25279595142055
 20
98.6397489057036
 10
169.5026876478244
 20
99.88920738772278
 10
172.88198013500812
 20
100.85471952691805
 10
174.7934461405349
 20
102.76618553244488
 10
176.1354061984777
 20
102.76618553244488
 10
176.6868911795114
 20
104.420640475546
 10
179.26400859345685
 20
101.3280995788115
 10
183.37614620583372
 20
100.37914474518605
 10
183.3744475184674
 20
100.33915343792799
 10
180.65904257407627
 20
99.95123844587206
 10
179.7027534943209
 20
98.99494936611663
 10
180.0765269421741
 20
98.62117591826348
 10
180.0765269421741
 20
89.46922787735822
 10
179.82408992418524
 20
89.2167908593694
 10
180.08121966279856
 20
83.81706634849029
 10
179.54055144026256
 20
83.27639812595444
 10
178.98804589244241
 20
84.38140922159477
 10
178.75994445273886
 20
84.38140922159477
 10
177.81713541115678
 20
83.4386001800127
 10
174.9364693213061
 20
83.4386001800127
 10
172.54142793592052
 20
82.48058362585842
 10
171.59124556793554
 20
82.7973110818534
 10
171.59124556793554
 20
87.54778851499478
 10
170.5831507797218
 20
88.152645387923
 10
169.33185403691823
 20
88.152645387923
 10
168.38001809806758
 20
87.20080944907238
 10
166.1892521886625
 20
87.39996998629096
 10
168.45939140390954
 20
84.22177508494511
 10
166.85164028263998
 20
83.90022486069127
 10
163.52898901017375
 20
85.32421826317682
 10
162.3988574125104
 20
85.32421826317682
 10
162.3988574125104
 20
87.68124086713192
 10
159.75049079225613
 20
87.68124086713192
 10
158.90986363656836
 20
88.1015544449758
 10
158.4895500587245
 20
87.68124086713192
 10
156.40866982968467
 20
87.68124086713192
 10
156.0348963818315
 20
88.05501431498519
 10
155.56349186104046
 20
87.5836097941941
 10
154.5230517465206
 20
88.62404990871397
 10
155.46586078810262
 20
89.56685895029604
 10
156.4540105124834
 20
89.56685895029604
 10
159.80613254815975
 20
91.13118256694497
 10
159.80613254815975
 20
91.7782095461016
 10
158.57197949027847
 20
92.39528607504211
 10
159.86615271632365
 20
93.04237268806482
 10
160.26625408622496
 20
93.84257542786744
 10
159.78597084880727
 20
96.24399161495577
 10
160.22644612600362
 20
96.68446689215216
 10
159.77541719382364
 20
97.58652475651208
 10
161.0497172482728
 20
99.8802648545205
 10
162.10751339621126
 20
100.40916292848978
 10
164.0925378783704
 20
100.40916292848978
 10
167.4077339954911
 20
99.13408749882791
 10
167.04708493739332
 20
98.05214032453469
 10
165.51136650196636
 20
98.05214032453469
 10
164.22590980178794
 20
97.50123031017243
 10
164.52017775607007
 20
97.20696235589033
 10
164.52017775607007
 20
96.33640681873868
 10
164.9279212749861
 20
96.20049231243333
 10
165.93439131844312
 20
97.20696235589033
 10
166.40579583923417
 20
96.73555783509936
  0
LWPOLYLINE
  5
149
330
17
100
AcDbEntity
  8
ENG_D
100
AcDbPolyline
 90
21
 70
1
 10
179.49038357924638
 20
89.1125621987039
 10
178.09327778607218
 20
90.50966799187809
 10
178.64215168044853
 20
91.0585418862545
 10
178.56591278716388
 20
91.43973635267777
 10
178.33658086715963
 20
90.98107251266919
 10
177.1695323972961
 20
90.98107251266919
 10
175.28391431413198
 20
92.39528607504222
 10
174.51730376561954
 20
92.39528607504222
 10
173.03549181318888
 20
90.91347412261163
 10
171.6212782508158
 20
91.8562831641937
 10
171.11984104714452
 20
91.35484596052234
 10
171.11984104714452
 20
90.55804769619246
 10
171.70152213732058
 20
89.200791819115
 10
172.57372258486083
 20
89.7241120876392
 10
172.90245346551697
 20
90.71030472960761
 10
174.51730376561954
 20
89.09545442950495
 10
176.4509627839955
 20
89.09545442950495
 10
176.95237738886846
 20
88.09262521975903
 10
177.77514609412282
 20
87.68124086713192
 10
178.53616935819838
 20
87.68124086713192
 10
179.49038357924638
 20
89.1125621987039
  0
LWPOLYLINE
  5
14A
330
17
100
AcDbEntity
  8
ENG_D
100
AcDbPolyline
 90
6
 70
1
 10
179.12323963200677
 20
94.87947406998343
 10
178.91545026787136
 20
97.58073580374361
 10
177.8408009393792
 20
97.58073580374361
 10
176.83493142792074
 20
96.1725184877017
 10
178.24873486588962
 20
94.3547712103131
 10
179.12323963200677
 20
94.87947406998343
  0
LWPOLYLINE
  5
14B
330
17
100
AcDbEntity
  8
ENG_D
100
AcDbPolyline
 90
8
 70
1
 10
175.3624817342638
 20
98.50679400142769
 10
175.34900169609048
 20
98.4124337342146
 10
174.98870828641054
 20
98.05214032453469
 10
175.4261427361388
 20
97.61470587480648
 10
175.83388625505484
 20
97.75062038111182
 10
175.83388625505484
 20
97.95450925159687
 10
175.37596177243708
 20
98.4124337342146
 10
175.3624817342638
 20
98.50679400142769
  0
LWPOLYLINE
  5
14C
330
17
100
AcDbEntity
  8
ENG_D
100
AcDbPolyline
 90
4
 70
1
 10
162.10401507395835
 20
91.01956350745033
 10
161.26330075235268
 20
90.41905327773203
 10
161.3233517753245
 20
90.23890020881653
 10
162.10401507395835
 20
91.01956350745033
  0
LWPOLYLINE
  5
14D
330
17
100
AcDbEntity
  8
ENG_D
100
AcDbPolyline
 90
4
 70
1
 10
179.36942016098754
 20
172.20072127618414
 10
179.36942016098754
 20
173.81019698443302
 10
180.17415801511189
 20
173.00545913030874
 10
179.36942016098754
 20
172.20072127618414
  0
LWPOLYLINE
  5
14E
330
17
100
AcDbEntity
  8
ENG_D
100
AcDbPolyline
 90
13
 70
1
 10
178.65863693947344
 20
191.92463459850873
 10
180.0765269421741
 20
189.08885459310753
 10
180.0765269421741
 20
185.60988429790203
 10
176.74912468887172
 20
183.30629812253875
 10
175.83388625505484
 20
184.22153655635566
 10
175.83388625505484
 20
187.54763437262457
 10
174.8107949242723
 20
189.0822713687983
 10
177.15816929410605
 20
190.9601708646652
 10
175.83388625505484
 20
192.7258815834002
 10
175.83388625505484
 20
194.31629363884295
 10
177.1504687444901
 20
195.63287612827818
 10
178.41142083748883
 20
195.63287612827818
 10
178.65863693947344
 20
191.92463459850873
  0
LWPOLYLINE
  5
14F
330
17
100
AcDbEntity
  8
ENG_D
100
AcDbPolyline
 90
9
 70
1
 10
177.62187326528112
 20
76.36753236814708
 10
178.78360998096127
 20
76.36753236814708
 10
180.11921785718647
 20
74.49768134143187
 10
178.7733549400129
 20
72.0751280905193
 10
177.71950433821894
 20
72.42641162445074
 10
177.71950433821894
 20
73.44147417046321
 10
177.13189575704993
 20
74.02908275163212
 10
175.59150233348018
 20
74.33716143634628
 10
177.62187326528112
 20
76.36753236814708
  0
LWPOLYLINE
  5
150
330
17
100
AcDbEntity
  8
ENG_D
100
AcDbPolyline
 90
159
 70
1
 10
145.64590113499224
 20
170.82435303353392
 10
146.11731607620297
 20
170.66721471979707
 10
147.19638525393947
 20
171.2067493086652
 10
148.02101952838396
 20
169.28260266829486
 10
148.02101952838396
 20
167.7486444994012
 10
147.07821048680188
 20
166.33443093702803
 10
147.07821048680188
 20
165.36535572471433
 10
145.2902234765756
 20
163.57736871448802
 10
145.6639969244288
 20
163.20359526663486
 10
145.6639969244288
 20
162.2784333106333
 10
147.63048627986058
 20
160.74894158974183
 10
149.29654509137376
 20
160.74894158974183
 10
150.36562805678756
 20
162.67329092748662
 10
149.86498977383098
 20
165.17648234226957
 10
151.20464711354313
 20
165.4444138102119
 10
151.6946246217744
 20
165.93439131844323
 10
150.7151815964059
 20
166.9138343438117
 10
152.08447907488187
 20
167.82669932946237
 10
149.00016180302404
 20
170.029783095075
 10
148.47618112749478
 20
171.60172512166284
 10
149.27981192582487
 20
173.4768636510997
 10
150.28041105940127
 20
173.4768636510997
 10
151.22322010098333
 20
174.41967269268176
 10
152.0937756381351
 20
174.41967269268176
 10
152.22969014444047
 20
174.8274162115978
 10
151.67338839911403
 20
175.3837179569243
 10
147.54826182976475
 20
176.33567024215859
 10
147.55852837751905
 20
176.46354304288104
 10
152.1596160681874
 20
176.77028222225888
 10
152.73506473629428
 20
177.34573089036576
 10
153.30410033002315
 20
176.77669529663686
 10
156.44101515599084
 20
176.77669529663686
 10
157.42111146646988
 20
177.36475308292432
 10
157.16159940709454
 20
178.662313379801
 10
158.93468840878379
 20
178.662313379801
 10
160.3489019711569
 20
177.71950433821902
 10
163.4797376415502
 20
177.71950433821902
 10
164.42254668313225
 20
178.662313379801
 10
165.51862855355597
 20
178.662313379801
 10
167.5242869730478
 20
177.65948417005518
 10
167.98716596912413
 20
176.7337261779025
 10
168.78826872790748
 20
176.46669192497467
 10
168.3057116620028
 20
173.08879246364205
 10
168.76281844318936
 20
172.63168568245547
 10
168.76281844318936
 20
171.24598506874722
 10
170.23120130959478
 20
170.26706315781004
 10
169.2342229639804
 20
167.77461729377407
 10
169.2342229639804
 20
166.3081647662964
 10
168.79678851425214
 20
165.87073031656817
 10
168.9327030205575
 20
165.46298679765215
 10
169.6342625825653
 20
165.46298679765215
 10
171.0484761449384
 20
166.4057958392342
 10
172.9340942281025
 20
166.4057958392342
 10
174.26950927828042
 20
167.29607253935274
 10
174.82347882341517
 20
167.85004208448763
 10
173.88066978183312
 20
169.26425564686076
 10
174.41967269268173
 20
169.80325855770928
 10
174.41967269268173
 20
171.85822660211647
 10
172.84099424878727
 20
172.08375209410144
 10
172.01884685555092
 20
174.00209601165295
 10
172.53405460951763
 20
174.51730376561957
 10
173.05199926029928
 20
173.9993591148379
 10
173.77763930963064
 20
174.36217913950358
 10
174.80627149132133
 20
176.21371706654676
 10
173.04640889484958
 20
177.1914185090312
 10
172.5977156113926
 20
176.7427252255741
 10
171.59124556793554
 20
177.07821524005973
 10
171.59124556793554
 20
179.70275349432097
 10
172.95891900031796
 20
181.0704269267034
 10
173.96635354090742
 20
180.56670965640853
 10
174.30208753068177
 20
180.67862098633336
 10
171.59124556793554
 20
185.19669092424385
 10
171.59124556793554
 20
187.71663034776853
 10
172.5340546095176
 20
188.65943938935058
 10
172.5340546095176
 20
190.14590645615402
 10
173.78764274166852
 20
190.5637691668711
 10
173.49702535045213
 20
189.1106822107891
 10
173.94826817189067
 20
188.65943938935058
 10
173.94826817189067
 20
186.62054847734487
 10
173.04981014450516
 20
184.82363242257372
 10
177.56075781256243
 20
179.4534566272675
 10
177.73000139064183
 20
180.63816167382342
 10
179.15087181752827
 20
182.6273802714644
 10
180.08202130921362
 20
181.07546445198875
 10
179.59551822636473
 20
175.23742745780234
 10
177.75500137286107
 20
173.85703981767463
 10
178.68446554398415
 20
170.60391521874385
 10
176.35924387403594
 20
167.34860488081637
 10
177.39534872791526
 20
165.89805808538514
 10
178.1759845262209
 20
165.63784615261667
 10
178.65592672633562
 20
160.35848195135515
 10
179.60512242138307
 20
158.9346884087839
 10
179.60512242138307
 20
157.03334717931727
 10
180.11281455877693
 20
156.01796290452964
 10
179.13371790059205
 20
154.54931791725235
 10
179.13371790059205
 20
153.82354578602596
 10
180.0765269421741
 20
153.352141265235
 10
180.0765269421741
 20
151.08514891352576
 10
179.13371790059205
 20
151.08514891352576
 10
179.13371790059205
 20
152.1660291425655
 10
177.6904727071147
 20
153.60927433604277
 10
178.64016121561787
 20
156.93318411580393
 10
177.58775456949408
 20
158.40655342037724
 10
174.07495433023507
 20
158.84565345028457
 10
171.8957211895231
 20
155.03199545403868
 10
171.58221867066698
 20
158.480523161456
 10
172.06265008872657
 20
158.96095457951554
 10
172.06265008872657
 20
160.06229031456542
 10
169.7942316604407
 20
160.26851017168232
 10
169.33185403691823
 20
159.80613254815978
 10
168.1937828494605
 20
159.80613254815978
 10
167.34860488081625
 20
160.65131051680405
 10
167.34860488081625
 20
162.2607862250528
 10
167.7223783286695
 20
162.63455967290597
 10
167.34860488081625
 20
163.00833312075923
 10
167.34860488081625
 20
164.78061866737048
 10
165.39517722641938
 20
164.9976661845257
 10
162.4949392829339
 20
166.44778515626857
 10
161.59411955838604
 20
167.34860488081637
 10
160.91882616710998
 20
167.34860488081637
 10
160.79056834747811
 20
166.96383142192084
 10
162.75769236041197
 20
165.48848841222042
 10
162.26078622505273
 20
164.99158227686118
 10
160.67757668753572
 20
164.99158227686118
 10
159.26336312516258
 20
165.93439131844323
 10
157.35147887126675
 20
165.93439131844323
 10
156.88007435047572
 20
166.40579583923432
 10
156.13252745476933
 20
166.40579583923432
 10
155.09208734024944
 20
165.36535572471433
 10
155.09208734024944
 20
163.03459929149088
 10
154.130909018431
 20
161.59283180876315
 10
153.40474857782533
 20
158.9302435265424
 10
147.96985293974475
 20
156.45983641832407
 10
147.45198393465512
 20
156.9777054234136
 10
146.1910432011237
 20
156.9777054234136
 10
144.2032432320651
 20
155.98380543888436
 10
143.3255473079138
 20
156.86150136303556
 10
143.20160523725755
 20
157.4812117163169
 10
142.40429906458235
 20
156.04606060550154
 10
143.3745727105312
 20
154.59065013657835
 10
142.91303917326798
 20
154.12911659931495
 10
141.43574510702274
 20
154.42457541256405
 10
141.25161389003821
 20
156.81828123336282
 10
141.0693492647448
 20
156.453751982776
 10
139.97091323108418
 20
156.81989732732947
 10
140.46309821750194
 20
159.2808222594183
 10
139.39811530665457
 20
160.77179833460465
 10
138.2152666923459
 20
161.00836805746644
 10
137.17871555019025
 20
162.5631947706998
 10
137.17871555019025
 20
163.72304072263753
 10
138.20205009739357
 20
164.23470799623928
 10
140.94995171651848
 20
167.89857682173914
 10
140.94995171651848
 20
169.33185403691832
 10
141.79512968516272
 20
170.17703200556244
 10
144.15215228911788
 20
170.17703200556244
 10
144.73175996668255
 20
170.75663968312716
 10
145.08638535432294
 20
173.94826817189067
 10
145.2987994529526
 20
173.94826817189067
 10
145.64590113499224
 20
170.82435303353392
  0
LWPOLYLINE
  5
151
330
17
100
AcDbEntity
  8
ENG_D
100
AcDbPolyline
 90
6
 70
1
 10
176.95519676249924
 20
175.0725313587075
 10
178.16559760725096
 20
175.93710339067303
 10
177.99767922605812
 20
176.77669529663697
 10
177.34573089036576
 20
176.77669529663697
 10
176.7909930362414
 20
176.22195744251258
 10
176.95519676249924
 20
175.0725313587075
  0
LWPOLYLINE
  5
152
330
17
100
AcDbEntity
  8
ENG_D
100
AcDbPolyline
 90
5
 70
1
 10
167.7954220588551
 20
171.38301388541743
 10
166.2287328769023
 20
171.55709046118994
 10
166.38293909437144
 20
170.78605937384427
 10
167.6301118176282
 20
169.89522171437523
 10
167.7954220588551
 20
171.38301388541743
  0
LWPOLYLINE
  5
153
330
17
100
AcDbEntity
  8
ENG_D
100
AcDbPolyline
 90
7
 70
1
 10
163.4896901415017
 20
170.09618679721706
 10
162.56927392627426
 20
170.64843652635352
 10
161.86163520869204
 20
170.64843652635352
 10
161.7139366937407
 20
170.20534098149943
 10
162.29660750425214
 20
169.2342229639804
 10
162.97251184155974
 20
169.2342229639804
 10
163.4896901415017
 20
170.09618679721706
  0
LWPOLYLINE
  5
154
330
17
100
AcDbEntity
  8
ENG_D
100
AcDbPolyline
 90
6
 70
1
 10
143.87600991420246
 20
164.048773235279
 10
144.0140811016602
 20
163.91070204782133
 10
144.0140811016602
 20
165.33264246255519
 10
141.9477668441771
 20
164.39340870915387
 10
142.0626453354687
 20
164.048773235279
 10
143.87600991420246
 20
164.048773235279
  0
LWPOLYLINE
  5
155
330
17
100
AcDbEntity
  8
ENG_D
100
AcDbPolyline
 90
4
 70
1
 10
179.70275349432086
 20
172.06265008872657
 10
178.89801564019652
 20
171.2579122346023
 10
178.89801564019652
 20
172.86738794285117
 10
179.70275349432086
 20
172.06265008872657
  0
LWPOLYLINE
  5
156
330
17
100
AcDbEntity
  8
ENG_D
100
AcDbPolyline
 90
4
 70
1
 10
178.4266111194055
 20
170.78650771381132
 10
178.4266111194055
 20
172.39598342205986
 10
179.23134897352986
 20
171.5912455679356
 10
178.4266111194055
 20
170.78650771381132
  0
LWPOLYLINE
  5
157
330
17
100
AcDbEntity
  8
ENG_D
100
AcDbPolyline
 90
5
 70
1
 10
174.89107721347276
 20
71.27971371238363
 10
175.5072345829007
 20
71.89587108181139
 10
175.88569453176936
 20
70.00357133746826
 10
174.89107721347276
 20
70.00357133746826
 10
174.89107721347276
 20
71.27971371238363
  0
LWPOLYLINE
  5
158
330
17
100
AcDbEntity
  8
ENG_D
100
AcDbPolyline
 90
9
 70
1
 10
174.89107721347276
 20
152.8326958092322
 10
174.89107721347276
 20
151.88988676765004
 10
176.12722076745203
 20
150.65374321367077
 10
172.44404376326267
 20
150.37042190565631
 10
171.58221867066698
 20
151.232246998252
 10
171.87347648661805
 20
154.4360829737138
 10
172.63168568245544
 20
153.67787377787633
 10
174.0458992448285
 20
153.67787377787633
 10
174.89107721347276
 20
152.8326958092322
  0
LWPOLYLINE
  5
159
330
17
100
AcDbEntity
  8
ENG_D
100
AcDbPolyline
 90
4
 70
1
 10
174.1839704322862
 20
192.66637781607454
 10
174.9887082864105
 20
191.86163996194995
 10
174.1839704322862
 20
191.05690210782566
 10
174.1839704322862
 20
192.66637781607454
  0
LWPOLYLINE
  5
15A
330
17
100
AcDbEntity
  8
ENG_D
100
AcDbPolyline
 90
4
 70
1
 10
173.71256591149518
 20
170.51036533889575
 10
174.51730376561952
 20
169.70562748477147
 10
173.71256591149518
 20
168.9008896306472
 10
173.71256591149518
 20
170.51036533889575
  0
LWPOLYLINE
  5
15B
330
17
100
AcDbEntity
  8
ENG_D
100
AcDbPolyline
 90
5
 70
1
 10
172.1656557535182
 20
70.43991033559338
 10
172.6253717667539
 20
69.0607622958862
 10
171.59124556793554
 20
69.0607622958862
 10
171.59124556793554
 20
69.86550015001048
 10
172.1656557535182
 20
70.43991033559338
  0
LWPOLYLINE
  5
15C
330
17
100
AcDbEntity
  8
ENG_D
100
AcDbPolyline
 90
38
 70
1
 10
162.689848387838
 20
129.1588404777231
 10
159.80613254815975
 20
129.4209964631483
 10
159.80613254815975
 20
138.17716634767606
 10
160.23727431614012
 20
139.0394498836367
 10
158.74101109115145
 20
141.03446751695492
 10
159.86615271632365
 20
141.59703832954108
 10
160.24971619099892
 20
142.36416527889162
 10
159.7550416052126
 20
143.3535144504643
 10
160.7489415897418
 20
144.34741443499354
 10
160.7489415897418
 20
145.04692039548829
 10
159.80613254815975
 20
145.51832491627937
 10
159.80613254815975
 20
153.91357603827183
 10
160.67281752871693
 20
153.91357603827183
 10
161.69175063132388
 20
151.36624328175452
 10
161.69175063132388
 20
149.09728092210318
 10
162.6776892020854
 20
148.50571777964637
 10
167.23240082043822
 20
149.4166601033168
 10
167.8200094016073
 20
150.0042686844859
 10
167.8200094016073
 20
151.6946246217744
 10
167.31463480975347
 20
152.19999921362825
 10
167.71700373681563
 20
153.40710599481488
 10
168.76281844318936
 20
152.36129128844112
 10
168.76281844318936
 20
148.88526114983424
 10
167.34860488081623
 20
146.99964306667013
 10
167.34860488081623
 20
146.23303251815767
 10
167.89216165594226
 20
145.6894757430317
 10
166.32855981867053
 20
143.50043317085127
 10
165.7853201199432
 20
145.1301522670333
 10
165.46298679765212
 20
145.0227078262696
 10
165.46298679765212
 20
141.9484025140043
 10
166.8772003600252
 20
139.11997538925803
 10
166.8772003600252
 20
137.0330435420406
 10
165.8743711502792
 20
136.53162893716762
 10
164.9915822768611
 20
134.76605119033147
 10
164.9915822768611
 20
131.89563474855115
 10
164.04877323527901
 20
130.9528257069691
 10
164.04877323527901
 20
129.9741953861876
 10
162.689848387838
 20
129.1588404777231
  0
LWPOLYLINE
  5
15D
330
17
100
AcDbEntity
  8
ENG_D
100
AcDbPolyline
 90
12
 70
1
 10
166.27175456564967
 20
200.58665351045724
 10
165.43452224796007
 20
204.21466022044555
 10
166.96675550569427
 20
205.36383516374613
 10
165.2870702904718
 20
205.55046685432632
 10
164.94388739812482
 20
206.58001553136728
 10
166.3405100926025
 20
207.41798914805398
 10
167.2509738078784
 20
207.41798914805398
 10
168.48711736185768
 20
208.65413270203325
 10
168.76788693277487
 20
205.0041282801097
 10
167.34860488081623
 20
202.63865819351201
 10
167.34860488081623
 20
201.66350382562382
 10
166.27175456564967
 20
200.58665351045724
  0
LWPOLYLINE
  5
15E
330
17
100
AcDbEntity
  8
ENG_D
100
AcDbPolyline
 90
4
 70
1
 10
168.86044951612718
 20
80.13876853447543
 10
168.0557116620028
 20
79.33403068035116
 10
168.0557116620028
 20
80.9435063885997
 10
168.86044951612718
 20
80.13876853447543
  0
LWPOLYLINE
  5
15F
330
17
100
AcDbEntity
  8
ENG_D
100
AcDbPolyline
 90
4
 70
1
 10
168.0557116620028
 20
177.85757552567648
 10
168.0557116620028
 20
179.46705123392536
 10
168.86044951612715
 20
178.6623133798011
 10
168.0557116620028
 20
177.85757552567648
  0
LWPOLYLINE
  5
160
330
17
100
AcDbEntity
  8
ENG_D
100
AcDbPolyline
 90
4
 70
1
 10
168.0557116620028
 20
84.71474255492795
 10
168.86044951612718
 20
83.91000470080368
 10
168.0557116620028
 20
83.1052668466794
 10
168.0557116620028
 20
84.71474255492795
  0
LWPOLYLINE
  5
161
330
17
100
AcDbEntity
  8
ENG_D
100
AcDbPolyline
 90
4
 70
1
 10
168.38904499533612
 20
79.19595949289338
 10
167.58430714121178
 20
78.39122163876911
 10
167.58430714121178
 20
80.00069734701765
 10
168.38904499533612
 20
79.19595949289338
  0
LWPOLYLINE
  5
162
330
17
100
AcDbEntity
  8
ENG_D
100
AcDbPolyline
 90
4
 70
1
 10
167.9176404745451
 20
67.88225099390854
 10
167.11290262042073
 20
67.07751313978439
 10
167.11290262042073
 20
68.68698884803304
 10
167.9176404745451
 20
67.88225099390854
  0
LWPOLYLINE
  5
163
330
17
100
AcDbEntity
  8
ENG_D
100
AcDbPolyline
 90
7
 70
1
 10
166.8772003600252
 20
75.32709225362733
 10
166.8772003600252
 20
73.94522401756032
 10
166.0392267433386
 20
72.54860132308261
 10
164.92204527146322
 20
72.92099514704098
 10
166.9785835901072
 20
78.50302772621754
 10
167.36290262042073
 20
75.81279451402278
 10
166.8772003600252
 20
75.32709225362733
  0
LWPOLYLINE
  5
164
330
17
100
AcDbEntity
  8
ENG_D
100
AcDbPolyline
 90
4
 70
1
 10
166.974831432963
 20
210.24641627280016
 10
166.17009357883867
 20
209.4416784186759
 10
166.17009357883867
 20
211.05115412692476
 10
166.974831432963
 20
210.24641627280016
  0
LWPOLYLINE
  5
165
330
17
100
AcDbEntity
  8
ENG_D
100
AcDbPolyline
 90
4
 70
1
 10
163.81307097488352
 20
153.85846658209257
 10
165.87133927901334
 20
152.6235055996149
 10
163.81307097488352
 20
152.21185193878873
 10
163.81307097488352
 20
153.85846658209257
  0
LWPOLYLINE
  5
166
330
17
100
AcDbEntity
  8
ENG_D
100
AcDbPolyline
 90
5
 70
1
 10
165.19221901459056
 20
202.60093827535198
 10
163.98511223340407
 20
202.19856934828982
 10
163.37673197675852
 20
202.8069496049354
 10
164.58383875794507
 20
203.20931853199764
 10
165.19221901459056
 20
202.60093827535198
  0
LWPOLYLINE
  5
167
330
17
100
AcDbEntity
  8
ENG_D
100
AcDbPolyline
 90
5
 70
1
 10
162.5479971474871
 20
12.716853513838888
 10
161.88541993792933
 20
13.379430723396645
 10
164.60674028148898
 20
13.681799650458903
 10
165.26931749104662
 20
13.019222440901036
 10
162.5479971474871
 20
12.716853513838888
  0
LWPOLYLINE
  5
168
330
17
100
AcDbEntity
  8
ENG_D
100
AcDbPolyline
 90
4
 70
1
 10
164.14640430821683
 20
192.804449003532
 10
163.3416664540925
 20
191.99971114940772
 10
163.3416664540925
 20
193.60918685765625
 10
164.14640430821683
 20
192.804449003532
  0
LWPOLYLINE
  5
169
330
17
100
AcDbEntity
  8
ENG_D
100
AcDbPolyline
 90
4
 70
1
 10
164.1464043082168
 20
202.23253941935272
 10
163.3416664540925
 20
201.4278015652281
 10
163.3416664540925
 20
203.03727727347697
 10
164.1464043082168
 20
202.23253941935272
  0
LWPOLYLINE
  5
16A
330
17
100
AcDbEntity
  8
ENG_D
100
AcDbPolyline
 90
26
 70
1
 10
153.9793937212992
 20
23.098821518760527
 10
154.1234184012175
 20
23.530895558515287
 10
153.1763925201326
 20
24.856731792034182
 10
152.79872573816928
 20
24.479065010070798
 10
151.79225569471222
 20
24.814555024556427
 10
151.79225569471222
 20
25.990556093619333
 10
154.50131234948603
 20
30.669835770046895
 10
156.90023604982824
 20
30.190051029978516
 10
157.58315121778912
 20
30.872966197939334
 10
158.364837070096
 20
27.485660837942795
 10
159.80613254815972
 20
26.524797185900397
 10
159.80613254815972
 20
24.112995462548746
 10
160.73200213854955
 20
22.724191076964107
 10
161.67843789048476
 20
18.93844806922329
 10
163.577368714488
 20
15.14058642121685
 10
163.577368714488
 20
13.906433363335523
 10
153.70915255166167
 20
13.906433363335523
 10
153.2199492952586
 20
17.330856158157104
 10
152.63743366335646
 20
17.91337179005925
 10
153.1088381841475
 20
18.384776310850228
 10
152.73506473629428
 20
18.758549758703502
 10
152.73506473629428
 20
21.157561679692627
 10
151.69560155188142
 20
23.23648804851841
 10
152.79872573816925
 20
23.604196110614485
 10
153.30410033002315
 20
23.098821518760527
 10
153.9793937212992
 20
23.098821518760527
  0
LWPOLYLINE
  5
16B
330
17
100
AcDbEntity
  8
ENG_D
100
AcDbPolyline
 90
26
 70
1
 10
157.05804119436115
 20
198.00003680814683
 10
153.70331510303393
 20
196.08305047024555
 10
152.80361042917295
 20
196.38295202819933
 10
151.79225569471222
 20
198.4056614971208
 10
151.79225569471222
 20
200.87396761288323
 10
152.23067998753902
 20
201.75081619853697
 10
150.84944665313014
 20
204.05287175588515
 10
150.84944665313014
 20
205.63000213782766
 10
151.69462462177435
 20
206.47518010647192
 10
153.6222320219727
 20
206.47518010647192
 10
154.70138039668447
 20
207.01475429382788
 10
155.70545202086242
 20
205.50864685756088
 10
156.9012677139424
 20
205.26948371894494
 10
157.4820901721688
 20
204.10783880249218
 10
155.98637839237233
 20
201.61498583616466
 10
153.24043932814808
 20
198.8690467719404
 10
153.3324902927127
 20
198.59289387824663
 10
157.36466259348964
 20
201.2810087454313
 10
161.1108640688898
 20
201.74928392985635
 10
161.60841729799054
 20
202.24683715895708
 10
163.6545827547364
 20
201.9545278079934
 10
163.27584877106514
 20
200.81832585697956
 10
162.24172257224672
 20
200.81832585697956
 10
160.4634718299111
 20
199.48463780022786
 10
159.96327407382597
 20
198.4842422880576
 10
157.05804119436115
 20
198.00003680814683
  0
LWPOLYLINE
  5
16C
330
17
100
AcDbEntity
  8
ENG_D
100
AcDbPolyline
 90
7
 70
1
 10
163.4253942398778
 20
211.35701498839643
 10
158.51283589158652
 20
209.33419684498233
 10
155.91818327098184
 20
207.25847474849846
 10
155.52361460465409
 20
208.44218074748179
 10
157.97589748383
 20
210.4040070508225
 10
158.7353057845859
 20
211.66968755208248
 10
163.4253942398778
 20
211.35701498839643
  0
LWPOLYLINE
  5
16D
330
17
100
AcDbEntity
  8
ENG_D
100
AcDbPolyline
 90
5
 70
1
 10
160.179905996013
 20
192.33304448274103
 10
160.6714722161565
 20
192.82461070288448
 10
162.40553907368957
 20
192.47779733137793
 10
161.22034611053286
 20
191.29260436822116
 10
160.179905996013
 20
192.33304448274103
  0
LWPOLYLINE
  5
16E
330
17
100
AcDbEntity
  8
ENG_D
100
AcDbPolyline
 90
4
 70
1
 10
159.09902576697317
 20
99.60442507436551
 10
159.09902576697317
 20
101.21390078261405
 10
159.90376362109754
 20
100.40916292848978
 10
159.09902576697317
 20
99.60442507436551
  0
LWPOLYLINE
  5
16F
330
17
100
AcDbEntity
  8
ENG_D
100
AcDbPolyline
 90
39
 70
1
 10
153.67787377787633
 20
53.570230792809426
 10
152.26366021550325
 20
53.09882627201834
 10
152.26366021550325
 20
51.28546169328463
 10
151.41848224685896
 20
50.44028372464049
 10
150.47567320527693
 20
50.44028372464049
 10
148.4504347321409
 20
48.41504525150442
 10
147.50762569055883
 20
46.5294271683403
 10
145.76162799736662
 20
44.78342947514802
 10
146.23303251815761
 20
44.31202495435704
 10
145.8188189557848
 20
43.89781139198412
 10
143.8416953391517
 20
42.414968679509336
 10
140.59226557685176
 20
42.87917293126642
 10
139.64148381765833
 20
41.45300029247634
 10
136.23590650860817
 20
42.23890274841091
 10
136.23590650860817
 20
42.99544246492171
 10
137.20840648100244
 20
43.96794243731594
 10
137.67751453944265
 20
45.375266612636686
 10
145.23141764223752
 20
53.87340760328085
 10
146.64879528304493
 20
56.708162884895664
 10
148.99351950077826
 20
59.05288710262913
 10
149.4693399778668
 20
60.48034853389473
 10
151.79225569471222
 20
62.338681107371066
 10
151.79225569471222
 20
63.265836858936055
 10
152.76989071303066
 20
64.24347187725444
 10
153.73099125371718
 20
66.64622322897085
 10
155.41476447542018
 20
67.36784032398646
 10
156.97770542341354
 20
69.37733582854932
 10
156.97770542341354
 20
71.27971371238363
 10
157.82288339205778
 20
72.12489168102788
 10
158.9967758587149
 20
72.12489168102788
 10
159.8672263554983
 20
70.67414085305556
 10
156.92517308195025
 20
67.73208757950744
 10
153.26698199377043
 20
62.24480094723772
 10
156.5063009026225
 20
58.54272219426393
 10
156.5063009026225
 20
56.37531286197206
 10
155.04257721313175
 20
56.08256812407386
 10
153.70790646075665
 20
56.972348625657254
 10
153.67787377787633
 20
56.942315942776986
 10
153.67787377787633
 20
53.570230792809426
  0
LWPOLYLINE
  5
170
330
17
100
AcDbEntity
  8
ENG_D
100
AcDbPolyline
 90
4
 70
1
 10
158.48955005872446
 20
188.5618083164128
 10
157.6848122046001
 20
187.7570704622885
 10
157.6848122046001
 20
189.36654617053705
 10
158.48955005872446
 20
188.5618083164128
  0
LWPOLYLINE
  5
171
330
17
100
AcDbEntity
  8
ENG_D
100
AcDbPolyline
 90
5
 70
1
 10
156.9140444215386
 20
211.15525524331946
 10
156.30566416489302
 20
211.763635499965
 10
157.51277094607954
 20
212.16600442702716
 10
158.12115120272512
 20
211.5576241703816
 10
156.9140444215386
 20
211.15525524331946
  0
LWPOLYLINE
  5
172
330
17
100
AcDbEntity
  8
ENG_D
100
AcDbPolyline
 90
4
 70
1
 10
157.21340768380907
 20
31.917436226332363
 10
158.0181455379334
 20
31.112698372208094
 10
157.21340768380907
 20
30.30796051808382
 10
157.21340768380907
 20
31.917436226332363
  0
LWPOLYLINE
  5
173
330
17
100
AcDbEntity
  8
ENG_D
100
AcDbPolyline
 90
5
 70
1
 10
155.46586078810265
 20
32.05550741379015
 10
155.99835911623222
 20
32.588005741919666
 10
157.774113797246
 20
31.52255293331152
 10
156.44263990074757
 20
31.07872830114522
 10
155.46586078810265
 20
32.05550741379015
  0
LWPOLYLINE
  5
174
330
17
100
AcDbEntity
  8
ENG_D
100
AcDbPolyline
 90
36
 70
1
 10
149.8390392214905
 20
131.55189398357814
 10
148.8797325555643
 20
132.99085398246746
 10
150.84944665313014
 20
134.46813955564176
 10
150.84944665313014
 20
134.75640719960347
 10
150.24458978020186
 20
135.7645019878172
 10
149.63965657736722
 20
135.7645019878172
 10
149.4039543169717
 20
134.11458616504856
 10
148.4700245987495
 20
134.11458616504856
 10
148.95480167269744
 20
139.4471339784762
 10
148.38422089240137
 20
140.01771475877223
 10
145.85766623103422
 20
140.2984430544797
 10
147.0887825706377
 20
141.52955939408318
 10
147.33865139810231
 20
143.77837884126464
 10
148.59005512211283
 20
143.77837884126464
 10
149.8837660119773
 20
142.48466795140024
 10
150.3551705327683
 20
140.59904986823614
 10
151.3931527774263
 20
139.5610676235781
 10
153.054587008846
 20
139.97642618143303
 10
153.5958324486331
 20
140.87850191441143
 10
152.12939515877903
 20
141.85612677431425
 10
152.63743366335646
 20
142.36416527889162
 10
154.07791339646127
 20
142.36416527889162
 10
155.52866499667428
 20
143.331333012367
 10
156.5063009026225
 20
143.00545437705082
 10
156.5063009026225
 20
141.99039183103847
 10
157.51670833426215
 20
140.97998439939863
 10
156.5063009026225
 20
139.46437325193926
 10
156.5063009026225
 20
133.5051104567998
 10
156.97770542341354
 20
133.03370593600883
 10
156.97770542341354
 20
130.481421186178
 10
155.67460297215158
 20
129.17831873491602
 10
153.85342256436633
 20
128.91815010523246
 10
152.188125878037
 20
130.10764773832483
 10
150.78416090649847
 20
130.10764773832483
 10
149.29080595008517
 20
131.00366071217283
 10
149.8390392214905
 20
131.55189398357814
  0
LWPOLYLINE
  5
175
330
17
100
AcDbEntity
  8
ENG_D
100
AcDbPolyline
 90
29
 70
1
 10
156.0348963818315
 20
101.92100756380074
 10
156.97770542341354
 20
100.97819852221856
 10
156.97770542341354
 20
98.89731829317883
 10
156.14600749294257
 20
98.06562036270793
 10
154.30164722572954
 20
97.80214032453472
 10
152.73506473629428
 20
99.36872281396991
 10
152.73506473629428
 20
103.33522112617376
 10
153.2064692570853
 20
103.80662564696486
 10
153.2064692570853
 20
106.63505277171103
 10
153.58024270493854
 20
107.0088262195642
 10
153.10883818414746
 20
107.48023074035528
 10
152.3612912884411
 20
107.48023074035528
 10
151.88085987038144
 20
106.99979932229564
 10
148.6770238949197
 20
107.29105713824683
 10
149.33760201781922
 20
107.95163526114627
 10
148.48661529885212
 20
108.80262198011337
 10
148.7477362851345
 20
113.24167874691359
 10
151.36624328175452
 20
112.19427594826558
 10
152.9707669966898
 20
112.19427594826558
 10
152.9707669966898
 20
113.94182284397203
 10
155.25428939430773
 20
111.65830044635395
 10
154.14927829866738
 20
111.1057948985339
 10
154.14927829866738
 20
110.87769345883025
 10
155.09208734024944
 20
109.93488441724818
 10
155.09208734024944
 20
108.04926633408407
 10
155.56349186104046
 20
107.5778618132931
 10
155.56349186104046
 20
103.80662564696486
 10
156.0348963818315
 20
103.33522112617376
 10
156.0348963818315
 20
101.92100756380074
  0
LWPOLYLINE
  5
176
330
17
100
AcDbEntity
  8
ENG_D
100
AcDbPolyline
 90
6
 70
1
 10
154.21293930054236
 20
99.5003239579706
 10
154.6206828194584
 20
99.63623846427593
 10
154.6206828194584
 20
99.80430605556168
 10
153.8085633012445
 20
100.2915777664899
 10
153.71184384893914
 20
100.00141940957386
 10
154.21293930054236
 20
99.5003239579706
  0
LWPOLYLINE
  5
177
330
17
100
AcDbEntity
  8
ENG_D
100
AcDbPolyline
 90
18
 70
1
 10
149.9765838556362
 20
183.34867375886165
 10
147.1062379788353
 20
184.13149536162555
 10
146.5769019829316
 20
187.30751133704803
 10
147.6132760094679
 20
187.6529693458935
 10
148.59005512211283
 20
186.67619023324855
 10
149.3376020178192
 20
186.67619023324855
 10
150.4009137319099
 20
187.73950194733936
 10
150.88786528125996
 20
189.68730814473966
 10
151.87592527708858
 20
190.01666147668251
 10
153.67787377787633
 20
187.69987054709836
 10
153.67787377787633
 20
186.26042746836126
 10
154.67177376240556
 20
184.27262749930284
 10
153.67787377787633
 20
183.27872751477358
 10
153.2064692570853
 20
183.75013203556466
 10
152.73506473629428
 20
183.27872751477358
 10
152.1660291425654
 20
183.84776310850248
 10
150.47567320527693
 20
183.84776310850248
 10
149.9765838556362
 20
183.34867375886165
  0
LWPOLYLINE
  5
178
330
17
100
AcDbEntity
  8
ENG_D
100
AcDbPolyline
 90
4
 70
1
 10
153.77550485081412
 20
207.88939366884506
 10
152.9707669966898
 20
207.08465581472046
 10
152.9707669966898
 20
208.69413152296934
 10
153.77550485081412
 20
207.88939366884506
  0
LWPOLYLINE
  5
179
330
17
100
AcDbEntity
  8
ENG_D
100
AcDbPolyline
 90
4
 70
1
 10
152.49936247589878
 20
114.41322736476323
 10
153.3041003300231
 20
113.60848951063862
 10
152.49936247589878
 20
112.80375165651435
 10
152.49936247589878
 20
114.41322736476323
  0
LWPOLYLINE
  5
17A
330
17
100
AcDbEntity
  8
ENG_D
100
AcDbPolyline
 90
10
 70
1
 10
147.54961500759293
 20
193.84488911805187
 10
148.39479297623714
 20
194.6900670866961
 10
149.80900653861025
 20
194.6900670866961
 10
150.29470879900578
 20
195.17576934709157
 10
152.30794738962854
 20
194.88816383414553
 10
151.773682707272
 20
192.21684042236308
 10
150.9380508287994
 20
191.3812085438904
 10
148.15039677797634
 20
191.63463163941975
 10
147.54961500759293
 20
192.23541340980321
 10
147.54961500759293
 20
193.84488911805187
  0
LWPOLYLINE
  5
17B
330
17
100
AcDbEntity
  8
ENG_D
100
AcDbPolyline
 90
4
 70
1
 10
150.61374439273462
 20
174.08633935934824
 10
150.61374439273462
 20
175.69581506759712
 10
151.41848224685896
 20
174.89107721347287
 10
150.61374439273462
 20
174.08633935934824
  0
LWPOLYLINE
  5
17C
330
17
100
AcDbEntity
  8
ENG_D
100
AcDbPolyline
 90
5
 70
1
 10
149.35189975742372
 20
85.78132504436331
 10
148.69953083036157
 20
86.43369397142541
 10
150.93277998646352
 20
86.75272956515434
 10
151.58514891352553
 20
86.10036063809213
 10
149.35189975742372
 20
85.78132504436331
  0
LWPOLYLINE
  5
17D
330
17
100
AcDbEntity
  8
ENG_D
100
AcDbPolyline
 90
7
 70
1
 10
150.84944665313014
 20
94.84993975193522
 10
150.84944665313014
 20
93.57379737701987
 10
148.48195344903013
 20
93.57379737701987
 10
148.7562021259966
 20
99.88151694724911
 10
150.87023618895316
 20
97.16347315201912
 10
150.40337160177174
 20
95.29601480329353
 10
150.84944665313014
 20
94.84993975193522
  0
LWPOLYLINE
  5
17E
330
17
100
AcDbEntity
  8
ENG_D
100
AcDbPolyline
 90
4
 70
1
 10
150.1423398719436
 20
165.60105798510995
 10
150.1423398719436
 20
167.2105336933588
 10
150.9470777260679
 20
166.4057958392342
 10
150.1423398719436
 20
165.60105798510995
  0
LWPOLYLINE
  5
17F
330
17
100
AcDbEntity
  8
ENG_D
100
AcDbPolyline
 90
37
 70
1
 10
140.0071426749364
 20
175.46011280720165
 10
140.42745625278027
 20
175.88042638504552
 10
140.06716284310036
 20
176.60101320440535
 10
138.15485480146492
 20
177.55716722522308
 10
137.62479060154863
 20
179.6774240248883
 10
138.1215245917723
 20
180.17415801511194
 10
138.1215245917723
 20
181.116967056694
 10
139.40116855473985
 20
182.39661101966163
 10
140.77281515000956
 20
182.98445956049147
 10
140.01281171494043
 20
183.7444629955607
 10
139.52642312804178
 20
192.01306897283766
 10
141.37297653299524
 20
192.804449003532
 10
143.05081655406804
 20
192.804449003532
 10
143.3069743204736
 20
189.98671357307074
 10
143.3069743204736
 20
190.5450574725147
 10
144.27191373181194
 20
191.50999688385284
 10
146.13540144521983
 20
189.11408410947138
 10
146.13540144521983
 20
186.59762281311677
 10
144.9128914003171
 20
184.9676094199131
 10
146.2465125563309
 20
184.77709211191117
 10
147.1758415597397
 20
183.84776310850248
 10
146.70443703894867
 20
183.3763585877114
 10
147.54961500759293
 20
182.53118061906716
 10
147.54961500759293
 20
181.63641251269692
 10
149.43523309075704
 20
180.69360347111484
 10
149.43523309075704
 20
179.42509401517893
 10
146.72921189316503
 20
178.68708823401747
 10
146.11252984564905
 20
178.07040618650137
 10
145.6348586002157
 20
176.15972120476798
 10
144.3840484187799
 20
175.32584775047744
 10
145.25368621097635
 20
174.45620995828105
 10
144.38323571419295
 20
173.00545913030874
 10
143.40460539341146
 20
173.00545913030874
 10
142.91890313301596
 20
172.51975686991315
 10
141.04799488397404
 20
172.78702947691926
 10
140.0071426749364
 20
174.34830779047562
 10
140.0071426749364
 20
175.46011280720165
  0
LWPOLYLINE
  5
180
330
17
100
AcDbEntity
  8
ENG_D
100
AcDbPolyline
 90
9
 70
1
 10
143.3069743204736
 20
189.78279224583406
 10
141.81529138451518
 20
189.48445565864236
 10
140.96852470395865
 20
190.33122233919897
 10
140.94995171651848
 20
190.4240872763998
 10
140.49870889507991
 20
188.167873169207
 10
141.0475827894563
 20
187.6189992748306
 10
142.73793872674474
 20
187.6189992748306
 10
143.3069743204736
 20
188.1880348685595
 10
143.3069743204736
 20
189.78279224583406
  0
LWPOLYLINE
  5
181
330
17
100
AcDbEntity
  8
ENG_D
100
AcDbPolyline
 90
5
 70
1
 10
149.06683423475764
 20
101.55260870780147
 10
149.52655024799333
 20
100.1734606680943
 10
148.49242404917499
 20
100.1734606680943
 10
148.49242404917499
 20
100.97819852221856
 10
149.06683423475764
 20
101.55260870780147
  0
LWPOLYLINE
  5
182
330
17
100
AcDbEntity
  8
ENG_D
100
AcDbPolyline
 90
18
 70
1
 10
143.8420398431396
 20
117.41369574802974
 10
144.70770784467345
 20
116.54802774649598
 10
144.92561136945693
 20
115.02270307301177
 10
145.72928267106047
 20
115.02270307301177
 10
147.48656296816313
 20
113.96833489475011
 10
145.8124647168788
 20
113.63351524449328
 10
145.20205816408352
 20
112.61617098983456
 10
145.672040546629
 20
109.32629431201613
 10
145.10256215139188
 20
108.18733752154186
 10
143.10226287873917
 20
108.18733752154186
 10
144.11819273683335
 20
109.71123230868297
 10
142.8355697996826
 20
110.13877328773324
 10
142.8355697996826
 20
112.0681319266631
 10
141.0130081389291
 20
113.28317303383206
 10
143.22652141673768
 20
113.59938921637603
 10
144.17705485896306
 20
114.16970928171133
 10
142.73891565685176
 20
117.04598768593377
 10
143.8420398431396
 20
117.41369574802974
  0
LWPOLYLINE
  5
183
330
17
100
AcDbEntity
  8
ENG_D
100
AcDbPolyline
 90
25
 70
1
 10
142.9332008726204
 20
126.80781609278758
 10
143.7227370853608
 20
126.80781609278758
 10
144.76772801283735
 20
127.33031155652574
 10
145.7315953144864
 20
126.36644425487675
 10
144.72118788284675
 20
124.85083310741729
 10
144.72118788284675
 20
124.02776867235576
 10
145.35705728515913
 20
122.5440734002935
 10
147.34250822640632
 20
122.26043755154392
 10
146.60680596601085
 20
121.52473529114837
 10
146.60680596601085
 20
120.44385506210864
 10
141.08802290397614
 20
120.44385506210864
 10
140.38091612278964
 20
121.1509618432952
 10
141.307886361081
 20
122.07793208158657
 10
138.59292911256333
 20
124.34039645535123
 10
138.59292911256333
 20
125.76737597826771
 10
138.0053205313943
 20
126.35498455943683
 10
136.46492710782454
 20
126.66306324415066
 10
137.08108447725243
 20
127.27922061357866
 10
136.69828413213065
 20
127.66202095870038
 10
137.00935025718937
 20
131.08374833434598
 10
138.1215245917723
 20
129.23012444337445
 10
138.1215245917723
 20
128.36071765454383
 10
140.0682192655099
 20
127.27922061357854
 10
142.46179635182938
 20
127.27922061357854
 10
142.9332008726204
 20
126.80781609278758
  0
LWPOLYLINE
  5
184
330
17
100
AcDbEntity
  8
ENG_D
100
AcDbPolyline
 90
15
 70
1
 10
140.47854719572743
 20
92.9643216687711
 10
140.47854719572743
 20
94.15476013660373
 10
139.06433363335435
 20
95.0975691781859
 10
139.06433363335435
 20
98.71104896810756
 10
142.4384573386404
 20
99.48969290009668
 10
143.41517747724723
 20
98.51297276148996
 10
145.6639969244288
 20
98.26310393402538
 10
145.6639969244288
 20
87.5836097941941
 10
145.32685746036196
 20
87.24647033012734
 10
147.14957538900785
 20
86.03132504436329
 10
139.86147066678683
 20
86.03132504436329
 10
140.42745625278027
 20
87.16329621635033
 10
139.53573815414538
 20
88.05501431498519
 10
139.53573815414538
 20
92.02151262718905
 10
140.47854719572743
 20
92.9643216687711
  0
LWPOLYLINE
  5
185
330
17
100
AcDbEntity
  8
ENG_D
100
AcDbPolyline
 90
4
 70
1
 10
144.95689014324225
 20
73.67717643085847
 10
144.95689014324225
 20
75.28665213910735
 10
145.7616279973666
 20
74.48191428498308
 10
144.95689014324225
 20
73.67717643085847
  0
LWPOLYLINE
  5
186
330
17
100
AcDbEntity
  8
ENG_D
100
AcDbPolyline
 90
30
 70
1
 10
137.5701021617104
 20
134.11458616504856
 10
137.66069215481707
 20
134.92989610300876
 10
138.1215245917723
 20
135.39072853996393
 10
138.1215245917723
 20
136.13827543567035
 10
137.55248899804346
 20
136.70731102939925
 10
138.52533072250571
 20
137.6801527538616
 10
137.55896210614645
 20
139.12970567840034
 10
139.10200283776402
 20
140.15839949947883
 10
139.39807162438754
 20
141.04660585934937
 10
140.5341889516313
 20
140.4785471957275
 10
144.3150691086874
 20
140.4785471957275
 10
145.67642313532724
 20
139.66173477974354
 10
145.40783915802322
 20
136.70731102939925
 10
142.93320087262043
 20
136.70731102939925
 10
142.36416527889156
 20
136.13827543567035
 10
141.34388686372415
 20
137.15855385083785
 10
140.5314628879125
 20
136.9960690556754
 10
140.92708011694768
 20
135.41360013953474
 10
142.0132634306091
 20
134.32741682587334
 10
143.89888151377323
 20
133.85601230508237
 10
144.7722788257939
 20
132.98261499306165
 10
144.30087430500285
 20
132.03980595147956
 10
144.72118788284675
 20
131.6194923736357
 10
144.72118788284675
 20
129.53861214459593
 10
143.861712174598
 20
128.67913643634722
 10
142.03316464984525
 20
128.94035751131193
 10
139.918388810659
 20
130.58518316401236
 10
136.7073110293992
 20
130.8321891471862
 10
136.7073110293992
 20
134.11458616504856
 10
137.5701021617104
 20
134.11458616504856
  0
LWPOLYLINE
  5
187
330
17
100
AcDbEntity
  8
ENG_D
100
AcDbPolyline
 90
5
 70
1
 10
145.34166360213777
 20
105.53217252058667
 10
144.04914662432623
 20
105.96301151319042
 10
145.19259240363775
 20
107.10645729250201
 10
145.69796699549158
 20
106.60108270064828
 10
145.34166360213777
 20
105.53217252058667
  0
LWPOLYLINE
  5
188
330
17
100
AcDbEntity
  8
ENG_D
100
AcDbPolyline
 90
4
 70
1
 10
144.39885456055566
 20
144.7836280194512
 10
144.88903727479016
 20
143.3130798767479
 10
142.92830641785216
 20
144.2934453052168
 10
144.39885456055566
 20
144.7836280194512
  0
LWPOLYLINE
  5
189
330
17
100
AcDbEntity
  8
ENG_D
100
AcDbPolyline
 90
5
 70
1
 10
144.31344436393067
 20
106.09998724904501
 10
144.92182462057622
 20
105.49160699239945
 10
143.71471783938964
 20
105.08923806533721
 10
143.10633758274417
 20
105.69761832198287
 10
144.31344436393067
 20
106.09998724904501
  0
LWPOLYLINE
  5
18A
330
17
100
AcDbEntity
  8
ENG_D
100
AcDbPolyline
 90
4
 70
1
 10
143.07127206007812
 20
191.99971114940772
 10
143.07127206007812
 20
193.60918685765625
 10
143.87600991420246
 20
192.804449003532
 10
143.07127206007812
 20
191.99971114940772
  0
LWPOLYLINE
  5
18B
330
17
100
AcDbEntity
  8
ENG_D
100
AcDbPolyline
 90
4
 70
1
 10
141.18565397691398
 20
152.4017314029611
 10
141.18565397691398
 20
154.01120711120964
 10
141.99039183103835
 20
153.20646925708536
 10
141.18565397691398
 20
152.4017314029611
  0
LWPOLYLINE
  5
18C
330
17
100
AcDbEntity
  8
ENG_D
100
AcDbPolyline
 90
10
 70
1
 10
137.6160131838715
 20
117.04889102881855
 10
139.94725773100973
 20
115.18389539110797
 10
141.06256610117035
 20
113.510932835867
 10
136.85622550586336
 20
111.54797389139048
 10
137.17871555019025
 20
113.16042411302473
 10
137.17871555019025
 20
113.9822629584919
 10
136.69969080271633
 20
114.46128770596586
 10
137.03226924546314
 20
118.78480746167442
 10
137.03717314056155
 20
118.78541115874852
 10
137.6160131838715
 20
117.04889102881855
  0
LWPOLYLINE
  5
18D
330
17
100
AcDbEntity
  8
ENG_D
100
AcDbPolyline
 90
4
 70
1
 10
139.7714404145409
 20
143.91645002872244
 10
139.7714404145409
 20
145.52592573697132
 10
140.57617826866522
 20
144.72118788284672
 10
139.7714404145409
 20
143.91645002872244
  0
LWPOLYLINE
  5
18E
330
17
100
AcDbEntity
  8
ENG_D
100
AcDbPolyline
 90
4
 70
1
 10
139.30003589374988
 20
147.6876861950508
 10
139.30003589374988
 20
149.29716190329933
 10
140.10477374787422
 20
148.49242404917507
 10
139.30003589374988
 20
147.6876861950508
  0
LWPOLYLINE
  5
18F
330
17
100
AcDbEntity
  8
ENG_D
100
AcDbPolyline
 90
75
 70
1
 10
126.86069279206164
 20
28.917070922705012
 10
127.75062513436957
 20
30.696935607320896
 10
127.75062513436957
 20
33.372089903225486
 10
127.27922061357854
 20
33.84349442401646
 10
127.27922061357854
 20
35.78135147228512
 10
126.33641157199649
 20
38.138374076240325
 10
126.33641157199649
 20
39.500348673508825
 10
125.86500705120545
 20
39.97175319429991
 10
125.86500705120545
 20
41.38596675667294
 10
125.39360253041443
 20
41.857371277464026
 10
125.39360253041443
 20
43.31357415687131
 10
123.3623124391007
 20
47.37615433949871
 10
124.45079348883237
 20
47.37615433949871
 10
124.45079348883237
 20
49.56883958526448
 10
125.39360253041443
 20
50.98305314763763
 10
125.39360253041443
 20
52.872840666061684
 10
126.83595116539709
 20
54.89212875503746
 10
128.69343417595164
 20
51.44251744972173
 10
128.69343417595164
 20
49.44183292715465
 10
126.80781609278752
 20
45.6705967608263
 10
126.80781609278752
 20
42.48204862709648
 10
127.70863581733552
 20
40.68040917800053
 10
127.75062513436956
 20
40.6384198609665
 10
128.2688257228947
 20
41.156620449491754
 10
129.14929463714003
 20
39.68917225908275
 10
130.06443369655466
 20
36.02861602142426
 10
130.97298740632147
 20
35.846905279470874
 10
132.50665965931398
 20
37.38057753246338
 10
133.93446290196263
 20
40.236184017760635
 10
135.42378699039426
 20
41.129778470819666
 10
135.7984720588799
 20
40.00572326536267
 10
135.3907285399639
 20
39.59797974644663
 10
137.14177702372265
 20
37.8469312626879
 10
137.72962556455244
 20
36.475284667418336
 10
138.07043364882512
 20
36.816092751691066
 10
137.63883708825546
 20
37.67928587283043
 10
137.9559930352044
 20
39.265065607575366
 10
139.53573815414538
 20
38.31721853621073
 10
139.53573815414538
 20
36.726811650888756
 10
138.1215245917723
 20
32.95557548456052
 10
138.1215245917723
 20
31.486471820061368
 10
137.0757098853986
 20
30.440657113687596
 10
136.60430536460754
 20
31.85487067606074
 10
136.33353758154595
 20
31.584102892999177
 10
134.42165332765012
 20
31.584102892999177
 10
132.9314573999293
 20
30.5906389411853
 10
131.10926817716182
 20
31.89220267173343
 10
130.4982070507703
 20
32.910637882385906
 10
129.63624321753372
 20
32.39345958244411
 10
129.63624321753372
 20
30.686685959250394
 10
130.5790522591158
 20
28.32966335529519
 10
130.5790522591158
 20
26.70017310772055
 10
129.57258221565874
 20
26.36468309323492
 10
128.57723011557366
 20
27.360035193320087
 10
128.2320521469293
 20
27.429070787048925
 10
128.24735912459326
 20
27.41376380938498
 10
127.76473480605776
 20
25.483266535243022
 10
128.27312059810777
 20
24.46649495114306
 10
127.82277738870454
 20
24.016151741739765
 10
128.83105702344244
 20
22.604560253106865
 10
130.10764773832474
 20
22.34924211013023
 10
130.10764773832474
 20
21.603736684119855
 10
128.36426794520054
 20
19.362248378674394
 10
126.95907291732989
 20
18.893850036050928
 10
125.71891900722107
 20
17.033619170887636
 10
125.3762345337569
 20
19.432410485136884
 10
127.27922061357854
 20
20.85965004500312
 10
127.27922061357854
 20
21.558463934785
 10
125.86500705120545
 20
22.50127297636695
 10
125.86500705120545
 20
23.4725949666138
 10
125.39360253041443
 20
23.943999487404778
 10
125.39360253041443
 20
26.4962842372356
 10
125.81391610825828
 20
26.916597815079378
 10
125.32543286384956
 20
27.893564303896778
 10
126.86069279206164
 20
28.917070922705012
  0
LWPOLYLINE
  5
190
330
17
100
AcDbEntity
  8
ENG_D
100
AcDbPolyline
 90
6
 70
1
 10
137.65012007098127
 20
140.24284493533202
 10
136.69303875332457
 20
140.24284493533202
 10
136.9742415765089
 20
145.0232929294658
 10
138.21915566471012
 20
143.77837884126475
 10
137.65012007098127
 20
143.20934324753586
 10
137.65012007098127
 20
140.24284493533202
  0
LWPOLYLINE
  5
191
330
17
100
AcDbEntity
  8
ENG_D
100
AcDbPolyline
 90
4
 70
1
 10
136.94301328979472
 20
149.76856642409032
 10
138.21915566471012
 20
148.49242404917507
 10
136.94301328979472
 20
147.2162816742596
 10
136.94301328979472
 20
149.76856642409032
  0
LWPOLYLINE
  5
192
330
17
100
AcDbEntity
  8
ENG_D
100
AcDbPolyline
 90
5
 70
1
 10
137.74143722821756
 20
138.82863137295885
 10
136.7073110293992
 20
138.82863137295885
 10
136.7073110293992
 20
139.63336922708325
 10
137.28172121498193
 20
140.20777941266581
 10
137.74143722821756
 20
138.82863137295885
  0
LWPOLYLINE
  5
193
330
17
100
AcDbEntity
  8
ENG_D
100
AcDbPolyline
 90
5
 70
1
 10
134.0634837503977
 20
57.229120617823256
 10
137.26731972585955
 20
57.52037843377445
 10
137.9369247460275
 20
56.85077341360623
 10
134.73308877056584
 20
56.55951559765526
 10
134.0634837503977
 20
57.229120617823256
  0
LWPOLYLINE
  5
194
330
17
100
AcDbEntity
  8
ENG_D
100
AcDbPolyline
 90
4
 70
1
 10
137.276346623128
 20
30.641293851417117
 10
136.4716087690037
 20
29.836555997292514
 10
136.4716087690037
 20
31.446031705541387
 10
137.276346623128
 20
30.641293851417117
  0
LWPOLYLINE
  5
195
330
17
100
AcDbEntity
  8
ENG_D
100
AcDbPolyline
 90
4
 70
1
 10
136.4716087690037
 20
84.51948040905222
 10
136.4716087690037
 20
86.12895611730109
 10
137.276346623128
 20
85.32421826317682
 10
136.4716087690037
 20
84.51948040905222
  0
LWPOLYLINE
  5
196
330
17
100
AcDbEntity
  8
ENG_D
100
AcDbPolyline
 90
5
 70
1
 10
136.94969495097394
 20
85.65086993533089
 10
135.21562809344076
 20
85.30405656382433
 10
134.57930902466038
 20
85.9403756326047
 10
136.31337588219344
 20
86.28718900411126
 10
136.94969495097394
 20
85.65086993533089
  0
LWPOLYLINE
  5
197
330
17
100
AcDbEntity
  8
ENG_D
100
AcDbPolyline
 90
5
 70
1
 10
135.7645019878171
 20
28.991378028648484
 10
135.7645019878171
 20
29.796115882772867
 10
136.3389121733998
 20
30.370526068355442
 10
136.79862818663548
 20
28.991378028648484
 10
135.7645019878171
 20
28.991378028648484
  0
LWPOLYLINE
  5
198
330
17
100
AcDbEntity
  8
ENG_D
100
AcDbPolyline
 90
4
 70
1
 10
135.5287997274216
 20
29.56041362237727
 10
136.33353758154593
 20
28.755675768253
 10
135.5287997274216
 20
27.950937914128392
 10
135.5287997274216
 20
29.56041362237727
  0
LWPOLYLINE
  5
199
330
17
100
AcDbEntity
  8
ENG_D
100
AcDbPolyline
 90
5
 70
1
 10
134.41394942731904
 20
86.77240189661273
 10
135.02232968396453
 20
86.16402163996706
 10
133.81522290277803
 20
85.76165271290492
 10
133.20684264613251
 20
86.37003296955048
 10
134.41394942731904
 20
86.77240189661273
  0
LWPOLYLINE
  5
19A
330
17
100
AcDbEntity
  8
ENG_D
100
AcDbPolyline
 90
16
 70
1
 10
121.55708061745452
 20
108.89444430272843
 10
119.97264672828194
 20
109.84510463623187
 10
122.54134599080241
 20
111.27215978207671
 10
123.91572796616636
 20
110.81403245695532
 10
124.35316241589452
 20
111.25146690668353
 10
130.65761967924763
 20
111.25146690668353
 10
132.4067634679221
 20
109.93960906517763
 10
133.60883218192
 20
111.74271213617459
 10
133.89037490661468
 20
105.83031491758665
 10
131.71093571729205
 20
105.83031491758665
 10
127.70399729056825
 20
107.48023074035528
 10
126.23878049905865
 20
107.48023074035528
 10
125.76737597826762
 20
107.95163526114638
 10
124.39515173292851
 20
107.95163526114638
 10
122.50953364976436
 20
108.89444430272843
 10
121.55708061745452
 20
108.89444430272843
  0
LWPOLYLINE
  5
19B
330
17
100
AcDbEntity
  8
ENG_D
100
AcDbPolyline
 90
4
 70
1
 10
134.07952064238248
 20
152.1606545507116
 10
132.70037260267543
 20
151.70093853747602
 10
132.70037260267543
 20
153.53980259041876
 10
134.07952064238248
 20
152.1606545507116
  0
LWPOLYLINE
  5
19C
330
17
100
AcDbEntity
  8
ENG_D
100
AcDbPolyline
 90
4
 70
1
 10
133.97651497759077
 20
128.2220296551606
 10
133.17177712346646
 20
127.41729180103634
 10
133.17177712346646
 20
129.0267675092852
 10
133.97651497759077
 20
128.2220296551606
  0
LWPOLYLINE
  5
19D
330
17
100
AcDbEntity
  8
ENG_D
100
AcDbPolyline
 90
5
 70
1
 10
133.9306921813675
 20
119.50104602052659
 10
132.93607486307093
 20
119.50104602052659
 10
132.93607486307093
 20
120.77718839544194
 10
133.55223223249885
 20
121.39334576487005
 10
133.9306921813675
 20
119.50104602052659
  0
LWPOLYLINE
  5
19E
330
17
100
AcDbEntity
  8
ENG_D
100
AcDbPolyline
 90
5
 70
1
 10
133.51048504865363
 20
145.86463366215818
 10
133.97020106188927
 20
144.48548562245122
 10
132.93607486307093
 20
144.48548562245122
 10
132.93607486307093
 20
145.29022347657562
 10
133.51048504865363
 20
145.86463366215818
  0
LWPOLYLINE
  5
19F
330
17
100
AcDbEntity
  8
ENG_D
100
AcDbPolyline
 90
5
 70
1
 10
132.93607486307093
 20
121.85806862448179
 10
132.93607486307093
 20
123.13421099939714
 10
133.55223223249888
 20
123.75036836882502
 10
133.93069218136753
 20
121.85806862448179
 10
132.93607486307093
 20
121.85806862448179
  0
LWPOLYLINE
  5
1A0
330
17
100
AcDbEntity
  8
ENG_D
100
AcDbPolyline
 90
5
 70
1
 10
132.43070027121712
 20
150.44170313421424
 10
133.58758352510975
 20
151.59858638810664
 10
133.90652353383598
 20
148.72812630957054
 10
133.00189254609828
 20
148.72812630957054
 10
132.43070027121712
 20
150.44170313421424
  0
LWPOLYLINE
  5
1A1
330
17
100
AcDbEntity
  8
ENG_D
100
AcDbPolyline
 90
39
 70
1
 10
127.27922061357854
 20
128.0763576470111
 10
126.37938069073098
 20
128.52627760843492
 10
125.79266991237262
 20
130.28640994350994
 10
127.09886850376817
 20
130.5476496617891
 10
127.23438609551057
 20
130.9542024370164
 10
125.3222376282084
 20
132.22896808188443
 10
130.64486994214317
 20
132.22896808188443
 10
131.016486708844
 20
133.34381838198695
 10
130.12622072576494
 20
134.2340843650661
 10
129.9092275527537
 20
135.31905023012237
 10
128.25931172998506
 20
135.55475249051784
 10
127.73733140389825
 20
138.1646541209518
 10
128.57183997086986
 20
139.55550173257114
 10
131.90993248815553
 20
139.07863137295885
 10
132.50665965931398
 20
139.67535854411727
 10
132.9403102862783
 20
140.54265979804603
 10
133.2620200811507
 20
144.7248871313871
 10
133.60770875955347
 20
144.71685220300225
 10
133.88186041935413
 20
135.66984742958056
 10
133.50511045679977
 20
135.29309746702612
 10
133.878883904653
 20
134.91932401917296
 10
133.878883904653
 20
130.99481502400323
 10
133.45857032680914
 20
130.15418786831535
 10
134.02331104532487
 20
129.5894471497997
 10
132.52995608891158
 20
128.6934341759517
 10
130.48142118617795
 20
128.6934341759517
 10
130.07111047272548
 20
129.10374488940423
 10
129.21253357547897
 20
128.58859875105634
 10
129.33472327411087
 20
128.2220296551606
 10
130.7051962807184
 20
128.2220296551606
 10
131.5584952844843
 20
126.94208114951189
 10
133.1027415297376
 20
128.48632739476506
 10
133.42177712346646
 20
126.25307823866316
 10
132.55123286769873
 20
125.38253398289557
 10
130.2351468419467
 20
125.63987687464572
 10
129.5386121445959
 20
126.33641157199659
 10
128.12439858222277
 20
126.33641157199659
 10
127.27922061357854
 20
127.18158954064084
 10
127.27922061357854
 20
128.0763576470111
  0
LWPOLYLINE
  5
1A2
330
17
100
AcDbEntity
  8
ENG_D
100
AcDbPolyline
 90
7
 70
1
 10
131.91579644790352
 20
15.576510885456528
 10
133.64986330543667
 20
15.22969751394998
 10
131.6051946340312
 20
13.185028842544465
 10
129.80074735722306
 20
13.442807024945601
 10
127.10441809914278
 20
14.790971653985686
 10
131.417817153382
 20
15.078531590934974
 10
131.91579644790352
 20
15.576510885456528
  0
LWPOLYLINE
  5
1A3
330
17
100
AcDbEntity
  8
ENG_D
100
AcDbPolyline
 90
6
 70
1
 10
132.72896808188437
 20
122.86991325979268
 10
130.49571892578246
 20
122.55087766606387
 10
129.53861214459593
 20
123.50798444725031
 10
130.01001666538687
 20
123.97938896804139
 10
131.6194923736357
 20
123.97938896804139
 10
132.72896808188437
 20
122.86991325979268
  0
LWPOLYLINE
  5
1A4
330
17
100
AcDbEntity
  8
ENG_D
100
AcDbPolyline
 90
8
 70
1
 10
129.1648386967427
 20
236.56953509963196
 10
127.73347121743336
 20
234.56562062859888
 10
126.74672228544895
 20
236.21020218190614
 10
127.683026744312
 20
237.1465066407692
 10
126.67622546756519
 20
238.6567085558895
 10
127.81428613624468
 20
239.0360621121157
 10
129.1648386967427
 20
237.68550955161794
 10
129.1648386967427
 20
236.56953509963196
  0
LWPOLYLINE
  5
1A5
330
17
100
AcDbEntity
  8
ENG_D
100
AcDbPolyline
 90
5
 70
1
 10
127.27922061357854
 20
122.19140195781497
 10
128.4644135767353
 20
121.00620899465831
 10
126.73034671920219
 20
120.65939562315175
 10
126.23878049905868
 20
121.1509618432952
 10
127.27922061357854
 20
122.19140195781497
  0
LWPOLYLINE
  5
1A6
330
17
100
AcDbEntity
  8
ENG_D
100
AcDbPolyline
 90
4
 70
1
 10
127.04351835318303
 20
13.808802290397715
 10
127.04351835318303
 20
15.418277998646257
 10
127.84825620730739
 20
14.613540144521986
 10
127.04351835318303
 20
13.808802290397715
  0
LWPOLYLINE
  5
1A7
330
17
100
AcDbEntity
  8
ENG_D
100
AcDbPolyline
 90
4
 70
1
 10
126.572113832392
 20
238.19735418692844
 10
126.572113832392
 20
239.80682989517788
 10
127.37685168651633
 20
239.00209204105317
 10
126.572113832392
 20
238.19735418692844
  0
LWPOLYLINE
  5
1A8
330
17
100
AcDbEntity
  8
ENG_D
100
AcDbPolyline
 90
11
 70
1
 10
111.25270435812061
 20
224.2589025594317
 10
111.25034727397765
 20
224.49463454221208
 10
114.46133756376192
 20
224.8514112410771
 10
116.34695564692606
 20
226.26562480345004
 10
120.57135416573054
 20
226.73500241665056
 10
122.03010988300213
 20
228.19375813392196
 10
123.17816776194057
 20
227.8110721742761
 10
121.7599892115769
 20
225.8256222037669
 10
116.9854980005639
 20
224.87072396156438
 10
115.06813968273269
 20
223.91204480264858
 10
111.25270435812061
 20
224.2589025594317
  0
LWPOLYLINE
  5
1A9
330
17
100
AcDbEntity
  8
ENG_D
100
AcDbPolyline
 90
26
 70
1
 10
117.79831872678348
 20
29.496290119841895
 10
116.89003125886826
 20
34.4918711933756
 10
118.22490364561112
 20
35.82674358011839
 10
119.11967175198139
 20
35.82674358011839
 10
119.59107627277243
 20
36.769552621700456
 10
120.43177591164093
 20
36.769552621700456
 10
120.6756177806884
 20
32.136557109798346
 10
121.76961527457354
 20
30.604960618359044
 10
122.60140484952046
 20
30.327697426710152
 10
122.11393258422969
 20
27.890336100256153
 10
122.56517540566823
 20
27.439093278817662
 10
122.56517540566823
 20
19.605760240271607
 10
121.0734924697098
 20
19.307423653079802
 10
119.63911720798421
 20
20.741798914805432
 10
118.42016579148677
 20
20.741798914805432
 10
117.37972567696688
 20
19.70135880028556
 10
117.37972567696688
 20
17.187437750332823
 10
114.02745125272118
 20
17.445305013736313
 10
110.78006238589245
 20
18.694300731747383
 10
110.78006238589245
 20
19.870354775429533
 10
111.70462030448694
 20
21.257191653321183
 10
111.22613743725084
 20
23.17112312226566
 10
111.72287142747452
 20
23.667857112489422
 10
111.72287142747452
 20
26.51513076812129
 10
115.89749818047088
 20
29.70749240276549
 10
117.79831872678348
 20
29.496290119841895
  0
LWPOLYLINE
  5
1AA
330
17
100
AcDbEntity
  8
ENG_D
100
AcDbPolyline
 90
10
 70
1
 10
118.2859974529497
 20
26.33755935695925
 10
117.52415281763876
 20
25.88045257577265
 10
117.85113019775793
 20
25.55347519565354
 10
117.85113019775793
 20
24.415404008195864
 10
117.37972567696688
 20
23.943999487404778
 10
117.37972567696688
 20
22.725048070907363
 10
117.85113019775794
 20
22.253643550116276
 10
119.26534376013102
 20
23.667857112489422
 10
119.26534376013102
 20
25.358213049777923
 10
118.2859974529497
 20
26.33755935695925
  0
LWPOLYLINE
  5
1AB
330
17
100
AcDbEntity
  8
ENG_D
100
AcDbPolyline
 90
4
 70
1
 10
119.83437935385986
 20
236.17366491630688
 10
119.0296414997355
 20
235.36892706218305
 10
119.0296414997355
 20
236.97840277043136
 10
119.83437935385986
 20
236.17366491630688
  0
LWPOLYLINE
  5
1AC
330
17
100
AcDbEntity
  8
ENG_D
100
AcDbPolyline
 90
5
 70
1
 10
119.32778389673544
 20
235.85133159401585
 10
118.94301043783999
 20
234.69701121732945
 10
117.7886900611535
 20
235.08178467622497
 10
118.17346352004895
 20
236.23610505291137
 10
119.32778389673544
 20
235.85133159401585
  0
LWPOLYLINE
  5
1AD
330
17
100
AcDbEntity
  8
ENG_D
100
AcDbPolyline
 90
4
 70
1
 10
117.14402341657137
 20
16.16582489435259
 10
117.14402341657137
 20
17.77530060260146
 10
117.94876127069571
 20
16.970562748477192
 10
117.14402341657137
 20
16.16582489435259
  0
LWPOLYLINE
  5
1AE
330
17
100
AcDbEntity
  8
ENG_D
100
AcDbPolyline
 90
4
 70
1
 10
116.67261889578035
 20
43.231144725317414
 10
117.47735674990469
 20
42.42640687119281
 10
116.67261889578035
 20
41.62166901706854
 10
116.67261889578035
 20
43.231144725317414
  0
LWPOLYLINE
  5
1AF
330
17
100
AcDbEntity
  8
ENG_D
100
AcDbPolyline
 90
4
 70
1
 10
114.31559629182519
 20
104.31847028227581
 10
114.31559629182519
 20
105.92794599052435
 10
115.12033414594954
 20
105.12320813640008
 10
114.31559629182519
 20
104.31847028227581
  0
LWPOLYLINE
  5
1B0
330
17
100
AcDbEntity
  8
ENG_D
100
AcDbPolyline
 90
5
 70
1
 10
114.07989403142962
 20
244.75657736348322
 10
114.58526862328348
 20
244.2512027716295
 10
114.22896522992966
 20
243.18229259156809
 10
112.9364482521182
 20
243.6131315841721
 10
114.07989403142962
 20
244.75657736348322
  0
LWPOLYLINE
  5
1B1
330
17
100
AcDbEntity
  8
ENG_D
100
AcDbPolyline
 90
5
 70
1
 10
113.75756070913863
 20
238.46824738365768
 10
112.60324033245216
 20
238.85302084255324
 10
112.98801379134761
 20
240.0073412192396
 10
114.14233416803408
 20
239.62256776034408
 10
113.75756070913863
 20
238.46824738365768
  0
LWPOLYLINE
  5
1B2
330
17
100
AcDbEntity
  8
ENG_D
100
AcDbPolyline
 90
5
 70
1
 10
113.22711524209353
 20
226.50987224009066
 10
112.5690263262258
 20
227.82605007182633
 10
113.78725171582393
 20
228.23212520169213
 10
114.13170230814421
 20
226.50987224009066
 10
113.22711524209353
 20
226.50987224009066
  0
LWPOLYLINE
  5
1B3
330
17
100
AcDbEntity
  8
ENG_D
100
AcDbPolyline
 90
4
 70
1
 10
113.70612058357645
 20
243.24473272817238
 10
112.9013827294521
 20
242.43999487404855
 10
112.9013827294521
 20
244.04947058229686
 10
113.70612058357645
 20
243.24473272817238
  0
LWPOLYLINE
  5
1B4
330
17
100
AcDbEntity
  8
ENG_D
100
AcDbPolyline
 90
4
 70
1
 10
112.76331154199438
 20
223.9171473757402
 10
111.95857368787003
 20
223.11240952161572
 10
111.95857368787003
 20
224.72188522986403
 10
112.76331154199438
 20
223.9171473757402
  0
LWPOLYLINE
  5
1B5
330
17
100
AcDbEntity
  8
ENG_D
100
AcDbPolyline
 90
4
 70
1
 10
112.86631720678606
 20
83.80699903601196
 10
111.487169167079
 20
83.34728302277638
 10
111.487169167079
 20
85.18614707571915
 10
112.86631720678606
 20
83.80699903601196
  0
LWPOLYLINE
  5
1B6
330
17
100
AcDbEntity
  8
ENG_D
100
AcDbPolyline
 90
12
 70
1
 10
104.65180361560904
 20
233.27387288935464
 10
103.6432596307512
 20
231.76105691206783
 10
102.27105680432487
 20
230.84625502778366
 10
102.0021386960481
 20
229.50166448639965
 10
99.4663538869077
 20
230.3469260894464
 10
99.4663538869077
 20
231.0858462605434
 10
101.8773837606332
 20
233.49687613426906
 10
104.05690220105339
 20
236.64506943709807
 10
105.22083920933784
 20
236.64506943709807
 10
105.66221104724869
 20
236.20369759918702
 10
104.65180361560904
 20
234.68808645172777
 10
104.65180361560904
 20
233.27387288935464
  0
LWPOLYLINE
  5
1B7
330
17
100
AcDbEntity
  8
ENG_D
100
AcDbPolyline
 90
4
 70
1
 10
103.80662564696479
 20
223.445742854949
 10
103.00188779284044
 20
222.64100500082517
 10
103.00188779284044
 20
224.25048070907349
 10
103.80662564696479
 20
223.445742854949
  0
LWPOLYLINE
  5
1B8
330
17
100
AcDbEntity
  8
ENG_D
100
AcDbPolyline
 90
5
 70
1
 10
102.29478101165387
 20
224.95758749025984
 10
102.86919119723653
 20
225.53199767584275
 10
103.32890721047225
 20
224.15284963613558
 10
102.29478101165387
 20
224.15284963613558
 10
102.29478101165387
 20
224.95758749025984
  0
LWPOLYLINE
  5
1B9
330
17
100
AcDbEntity
  8
ENG_D
100
AcDbPolyline
 90
4
 70
1
 10
100.0353894806365
 20
230.04540614602354
 10
99.23065162651218
 20
229.24066829189906
 10
99.23065162651218
 20
230.85014400014802
 10
100.0353894806365
 20
230.04540614602354
  0
LWPOLYLINE
  5
1BA
330
17
100
AcDbEntity
  8
ENG_D
100
AcDbPolyline
 90
4
 70
1
 10
99.56398495984548
 20
229.10259710444137
 10
98.75924710572113
 20
228.29785925031754
 10
98.75924710572113
 20
229.90733495856585
 10
99.56398495984548
 20
229.10259710444137
  0
LWPOLYLINE
  5
1BB
330
17
100
AcDbEntity
  8
ENG_D
100
AcDbPolyline
 90
4
 70
1
 10
98.75924710572113
 20
211.9939631685066
 10
99.56398495984547
 20
211.18922531438233
 10
98.75924710572113
 20
210.38448746025773
 10
98.75924710572113
 20
211.9939631685066
  0
LWPOLYLINE
  5
1BC
330
17
100
AcDbEntity
  8
ENG_D
100
AcDbPolyline
 90
4
 70
1
 10
98.75924710572113
 20
208.49886937709383
 10
98.75924710572113
 20
210.1083450853427
 10
99.56398495984547
 20
209.3036072312181
 10
98.75924710572113
 20
208.49886937709383
  0
LWPOLYLINE
  5
1BD
330
17
100
AcDbEntity
  8
ENG_D
100
AcDbPolyline
 90
4
 70
1
 10
95.93081998097496
 20
180.8812647962984
 10
96.73555783509931
 20
180.07652694217413
 10
95.93081998097496
 20
179.27178908804987
 10
95.93081998097496
 20
180.8812647962984
  0
LWPOLYLINE
  5
1BE
330
17
100
AcDbEntity
  8
ENG_D
100
AcDbPolyline
 90
4
 70
1
 10
95.45941546018392
 20
179.7431936088406
 10
95.45941546018392
 20
181.3526693170895
 10
96.26415331430826
 20
180.5479314629652
 10
95.45941546018392
 20
179.7431936088406
  0
LWPOLYLINE
  5
1BF
330
17
100
AcDbEntity
  8
ENG_D
100
AcDbPolyline
 90
37
 70
1
 10
89.56685895029602
 20
183.25021456610878
 10
89.56685895029602
 20
181.86451395240056
 10
89.16760668383996
 20
181.46526168594445
 10
90.04630619793312
 20
180.235082366214
 10
91.46369810842482
 20
182.0574433939891
 10
91.75721488758452
 20
184.11206084810684
 10
92.98289465621124
 20
182.8863810794801
 10
94.39402751677703
 20
182.604154507367
 10
92.86669059583325
 20
179.54948066547936
 10
92.86669059583325
 20
176.67906422369916
 10
92.39528607504225
 20
176.20765970290796
 10
91.87395276501965
 20
176.72899301293066
 10
88.62404990871396
 20
175.21237167998794
 10
88.62404990871396
 20
174.0458992448286
 10
89.21165848988302
 20
173.45829066365948
 10
90.50966799187808
 20
173.1986887632605
 10
90.50966799187808
 20
171.96501901578876
 10
90.13589454402486
 20
171.5912455679356
 10
90.98107251266912
 20
170.74606759929134
 10
90.98107251266912
 20
169.11894480546218
 10
88.72483615566681
 20
167.36409430557154
 10
87.20983634634086
 20
167.06109434370643
 10
87.20983634634086
 20
168.22612817576666
 10
86.62177856005339
 20
169.2062244862458
 10
85.32421826317673
 20
168.94671242687053
 10
85.32421826317673
 20
171.06419929124084
 10
84.38140922159468
 20
172.94981737440506
 10
84.38140922159468
 20
175.46011280720165
 10
84.8528137423857
 20
175.93151732799274
 10
84.8528137423857
 20
181.58837157748508
 10
86.20336630288382
 20
182.93892413798318
 10
87.61757986525694
 20
182.4675196171922
 10
88.15264538792293
 20
183.00258513985813
 10
88.15264538792293
 20
183.91304885513415
 10
88.99919499800558
 20
185.32396487193847
 10
91.23815376993987
 20
184.3644111125381
 10
89.56685895029602
 20
183.25021456610878
  0
LWPOLYLINE
  5
1C0
330
17
100
AcDbEntity
  8
ENG_D
100
AcDbPolyline
 90
5
 70
1
 10
85.85806292057222
 20
174.27060149418173
 10
85.94469398246773
 20
174.0107083084952
 10
86.20458716815433
 20
174.09733937039084
 10
86.11795610625883
 20
174.35723255607726
 10
85.85806292057222
 20
174.27060149418173
  0
LWPOLYLINE
  5
1C1
330
17
100
AcDbEntity
  8
ENG_D
100
AcDbPolyline
 90
5
 70
1
 10
92.12451829198066
 20
183.74475744371088
 10
90.91741151079411
 20
183.34238851664853
 10
90.30903125414865
 20
183.9507687732942
 10
91.51613803533509
 20
184.35313770035634
 10
92.12451829198066
 20
183.74475744371088
  0
LWPOLYLINE
  5
1C2
330
17
100
AcDbEntity
  8
ENG_D
100
AcDbPolyline
 90
113
 70
1
 10
41.90846222041123
 20
33.99221643990147
 10
42.32417468364822
 20
34.40792890313838
 10
47.14045207910317
 20
34.63727544577922
 10
47.14045207910317
 20
35.75537867791223
 10
46.21458248871339
 20
37.14418306349698
 10
45.27494817946505
 20
40.902720300490245
 10
42.897811391983886
 20
43.75528444546761
 10
42.897811391983886
 20
44.68579840221021
 10
41.98469328121404
 20
45.59891651298009
 10
41.510992298072196
 20
47.020019462405635
 10
37.64394894742749
 20
51.37044323188089
 10
40.5649797133198
 20
55.26515091973727
 10
41.041884239631976
 20
56.69586449867381
 10
46.991442138174264
 20
62.645422397216045
 10
55.281723204347564
 20
68.00972191062237
 10
56.05946876972312
 20
65.67648521449576
 10
57.45847483723174
 20
64.7438145028234
 10
58.07941020012771
 20
63.50194377703144
 10
56.97628601383986
 20
63.13423571493537
 10
56.47091142198596
 20
63.63961030678933
 10
55.723364526279575
 20
63.63961030678933
 10
55.13783037729171
 20
63.054076157801454
 10
53.770277229005146
 20
55.30460831751094
 10
56.55612091249624
 20
54.23312997770668
 10
57.53287218846686
 20
54.721505615692
 10
59.61682612145465
 20
53.232967092129215
 10
58.61636263214625
 20
52.73273534747502
 10
59.49460069260779
 20
51.85449728701352
 10
59.030577752843016
 20
51.39047434724875
 10
56.39047248652994
 20
51.187389326763146
 10
56.70099954459791
 20
50.87686226869514
 10
58.970957206712335
 20
49.968879203849404
 10
60.90881425498092
 20
49.968879203849404
 10
61.735419236184974
 20
49.14227422264528
 10
62.199443247269805
 20
46.82215416722113
 10
64.17209141815376
 20
45.72623851673008
 10
66.09426398368228
 20
45.72623851673008
 10
66.46803743153546
 20
45.3524650688768
 10
66.84181087938865
 20
45.72623851673008
 10
67.9608184140404
 20
45.72623851673008
 10
69.84643649720454
 20
44.31202495435693
 10
72.49866512888103
 20
44.31202495435693
 10
73.04558328955908
 20
44.85894311503502
 10
74.99594264699958
 20
43.39617359695458
 10
75.47408658883563
 20
43.55555491090002
 10
75.79312218256445
 20
44.51266169208634
 10
76.36753236814712
 20
43.93825150650377
 10
76.74130581600036
 20
44.31202495435693
 10
79.25160124879717
 20
44.31202495435693
 10
80.28926857989804
 20
43.79319128880654
 10
82.49579113843055
 20
41.096330383933456
 10
82.49579113843055
 20
40.167015340175524
 10
84.38140922159468
 20
38.281397257011406
 10
84.38140922159468
 20
36.031167066728486
 10
85.92321685681358
 20
35.81090883312588
 10
87.80810510416549
 20
33.387481086530556
 10
86.77725144385538
 20
32.87205425637541
 10
87.23516581577351
 20
31.040396768702962
 10
85.42184933611456
 20
29.227080289043972
 10
82.89583075701547
 20
29.227080289043972
 10
81.48161719464238
 20
30.16988933062603
 10
79.14757978857907
 20
30.16988933062603
 10
75.84774814304184
 20
31.584102892999177
 10
72.49866512888107
 20
31.584102892999177
 10
72.02726060809005
 20
32.05550741379015
 10
71.40979732619861
 20
32.05550741379015
 10
71.17678509053968
 20
25.298152579681044
 10
69.34484426059592
 20
24.513035081133673
 10
67.50847754605533
 20
24.513035081133673
 10
67.02277528565982
 20
24.027332820738213
 10
65.05382386916237
 20
24.308611594523576
 10
65.05382386916237
 20
26.343011408394013
 10
64.05992388463314
 20
28.330811377452527
 10
65.52522838995341
 20
29.796115882772867
 10
65.52522838995341
 20
32.64476306477893
 10
67.44622510373281
 20
34.085510600113444
 10
68.16092237303857
 20
36.22960240803064
 10
69.34300468627234
 20
36.820643564647646
 10
69.84533845065803
 20
36.31830980026185
 10
70.71067811865476
 20
36.49137773386124
 10
70.71067811865476
 20
38.08613511113579
 10
70.14164252492589
 20
38.65517070486468
 10
69.37503197641351
 20
38.65517070486468
 10
67.46251796966
 20
37.22078519979954
 10
65.40472571744485
 20
37.73523326285333
 10
63.63961030678927
 20
39.500348673508825
 10
63.63961030678927
 20
40.91456223588197
 10
63.11711484305106
 20
41.43705769962014
 10
63.571440640224424
 20
42.34570929396686
 10
62.286255019387056
 20
43.2024997078585
 10
61.637338958128744
 20
44.28402647662233
 10
60.81118318204309
 20
44.11879532140528
 10
60.81118318204309
 20
42.328775798255
 10
60.339778661252055
 20
41.857371277464026
 10
60.339778661252055
 20
37.614730590344706
 10
59.85780205662522
 20
37.13275398571791
 10
59.38817854392714
 20
32.90614237143519
 10
57.67392089412956
 20
30.702096821695555
 10
56.20746206789799
 20
29.72445760420783
 10
53.72360707196051
 20
28.730915605832852
 10
49.436398092484865
 20
31.112698372208094
 10
48.619951388107935
 20
31.112698372208094
 10
46.26292878415278
 20
29.69848480983506
 10
45.352465068876874
 20
29.69848480983506
 10
44.416069101672804
 20
28.762088842630984
 10
37.14991851359015
 20
28.277678803425466
 10
36.298148100909444
 20
29.129449216106163
 10
36.298148100909444
 20
31.681733965936985
 10
36.76955262170047
 20
32.15313848672796
 10
36.76955262170047
 20
33.5673520491011
 10
37.61473059034472
 20
34.41253001774525
 10
41.0678350647236
 20
34.41253001774525
 10
41.90846222041123
 20
33.99221643990147
  0
LWPOLYLINE
  5
1C3
330
17
100
AcDbEntity
  8
ENG_D
100
AcDbPolyline
 90
6
 70
1
 10
67.41084647311753
 20
41.182077886188
 10
67.41084647311753
 20
41.82154999826471
 10
66.59872695490364
 20
42.30882170919303
 10
66.49022349395227
 20
41.983311326338814
 10
67.04427737722193
 20
41.059888187556126
 10
67.41084647311753
 20
41.182077886188
  0
LWPOLYLINE
  5
1C4
330
17
100
AcDbEntity
  8
ENG_D
100
AcDbPolyline
 90
4
 70
1
 10
87.41047308407035
 20
166.77419469523358
 10
86.03132504436329
 20
166.314478681998
 10
86.03132504436329
 20
168.15334273494076
 10
87.41047308407035
 20
166.77419469523358
  0
LWPOLYLINE
  5
1C5
330
17
100
AcDbEntity
  8
ENG_D
100
AcDbPolyline
 90
4
 70
1
 10
57.74705379690138
 20
62.36346793187397
 10
57.74705379690138
 20
63.972943640122516
 10
58.55179165102574
 20
63.168205785998246
 10
57.74705379690138
 20
62.36346793187397
  0
LWPOLYLINE
  5
1C6
330
17
100
AcDbEntity
  8
ENG_D
100
AcDbPolyline
 90
5
 70
1
 10
57.060108715067315
 20
59.31950024608468
 10
55.93047130746611
 20
58.189862838483485
 10
55.60028316862361
 20
60.50117981038083
 10
56.747304700109055
 20
60.88352032087596
 10
57.060108715067315
 20
59.31950024608468
  0
LWPOLYLINE
  5
1C7
330
17
100
AcDbEntity
  8
ENG_D
100
AcDbPolyline
 90
4
 70
1
 10
38.28139725701137
 20
50.91168824543146
 10
37.476659402887016
 20
50.106950391307194
 10
37.476659402887016
 20
51.71642609955573
 10
38.28139725701137
 20
50.91168824543146
  0
LWPOLYLINE
  5
1C8
330
17
100
AcDbEntity
  8
ENG_K
100
AcDbPolyline
 90
21
 70
1
 10
254.11706938924627
 20
27.27386381582231
 10
252.52265972959177
 20
28.33680358892532
 10
251.22463951055713
 20
29.63482380796001
 10
251.66757396580647
 20
30.96362717370804
 10
251.28691855755682
 20
31.09051230979132
 10
248.9668727242964
 20
29.69848480983506
 10
246.64219544664743
 20
29.69848480983506
 10
246.18136300969215
 20
29.237652372879673
 10
244.37713599935816
 20
29.037182705064836
 10
245.28812232652805
 20
27.761801847026923
 10
246.1288016088224
 20
27.34146220587985
 10
248.1044499442323
 20
27.34146220587985
 10
248.59733902439055
 20
26.355684045563322
 10
250.30819795193258
 20
25.785397736382443
 10
250.2929679739201
 20
25.69154638311122
 10
246.25539846452534
 20
25.69154638311122
 10
240.69574571556674
 20
28.35051074130879
 10
240.35882880854874
 20
29.361261462362954
 10
252.8331200007491
 20
34.49773430621006
 10
254.58472997581373
 20
27.74152440238964
 10
254.11706938924627
 20
27.27386381582231
  0
LWPOLYLINE
  5
1C9
330
17
100
AcDbEntity
  8
ENG_K
100
AcDbPolyline
 90
20
 70
1
 10
238.67683658265912
 20
47.09193408964385
 10
242.42347276449888
 20
44.84395238054007
 10
239.91874176219906
 20
41.83827517778027
 10
239.40767887881677
 20
40.30508652763321
 10
238.059282999471
 20
40.30508652763321
 10
238.059282999471
 20
42.05263342333965
 10
239.94490108263514
 20
43.93825150650377
 10
239.94490108263514
 20
44.6135448977798
 10
239.34617455809416
 20
44.813120405960085
 10
236.17366491630688
 20
47.98563004774748
 10
236.17366491630688
 20
51.28546169328463
 10
235.70226039551585
 20
51.756866214075714
 10
235.70226039551585
 20
53.36634192232437
 10
236.17366491630688
 20
53.83774644311545
 10
236.17366491630688
 20
55.5543685511356
 10
235.1877030382497
 20
57.03331136822132
 10
236.20872211579345
 20
58.73500983079438
 10
237.11380348149916
 20
56.623153310814246
 10
237.582520312088
 20
48.18625036021507
 10
238.67683658265912
 20
47.09193408964385
  0
LWPOLYLINE
  5
1CA
330
17
100
AcDbEntity
  8
ENG_K
100
AcDbPolyline
 90
11
 70
1
 10
235.6724283556706
 20
62.22137442062947
 10
236.145844038355
 20
63.168205785998246
 10
235.69715782242443
 20
64.06557821785941
 10
236.04351287415415
 20
67.87548378688646
 10
236.10762899955338
 20
67.8808391082244
 10
237.56390107517615
 20
62.34700522085779
 10
238.059282999471
 20
61.85162329656302
 10
238.059282999471
 20
60.43740973418987
 10
238.62831859319985
 20
59.868374140461086
 10
237.5305400368648
 20
58.770595584126006
 10
235.6724283556706
 20
62.22137442062947
  0
LWPOLYLINE
  5
1CB
330
17
100
AcDbEntity
  8
ENG_K
100
AcDbPolyline
 90
54
 70
1
 10
221.46249369884708
 20
31.584102892999177
 10
220.99108917805606
 20
32.05550741379015
 10
218.16266205330984
 20
32.05550741379015
 10
217.69125753251882
 20
32.526911934581236
 10
214.86283040777266
 20
32.526911934581236
 10
214.39142588698164
 20
32.99831645537221
 10
216.74844849093674
 20
35.35533905932742
 10
217.69125753251882
 20
35.35533905932742
 10
218.71496359155228
 20
36.37904511836088
 10
218.28028750864803
 20
38.98710161578622
 10
216.8989562631487
 20
39.90798911278581
 10
216.36339206035774
 20
40.979117518367694
 10
216.79427128716006
 20
43.1335136523795
 10
216.26511680429067
 20
43.1335136523795
 10
214.47533530876828
 20
40.44884140909577
 10
214.18318399569625
 20
38.98808484373595
 10
212.66734506941668
 20
39.89758819950373
 10
211.98015210772493
 20
41.042909802323166
 10
210.12591360029157
 20
41.50646942918157
 10
208.56790497082258
 20
43.06447805865054
 10
210.8011541269245
 20
43.38351365237936
 10
211.28685638732
 20
42.8978113919839
 10
213.89415554536376
 20
42.8978113919839
 10
215.83321005711989
 20
45.69866790896493
 10
215.41170430214902
 20
46.12017366393584
 10
215.79171138561296
 20
48.020209081255594
 10
216.83697926961202
 20
46.27809594125709
 10
217.02652145145726
 20
44.95130066834052
 10
218.18892822404158
 20
45.72623851673008
 10
219.30073324076756
 20
45.72623851673008
 10
220.22924454274514
 20
44.797727214752506
 10
223.48529736645244
 20
45.262877618139186
 10
224.5281722865029
 20
44.7414401581141
 10
225.33136093811316
 20
43.93825150650377
 10
225.33136093811316
 20
42.98415098057073
 10
227.8431107401117
 20
40.0157193963907
 10
229.1025971044414
 20
39.26002757779279
 10
229.1025971044414
 20
36.24250634500581
 10
228.68228352659753
 20
35.40187918931803
 10
229.1025971044414
 20
34.98156561147414
 10
229.1025971044414
 20
33.5452553136294
 10
230.14392806909498
 20
32.087391963114385
 10
231.7746472418757
 20
32.4950717563095
 10
232.92604104315106
 20
34.56758059860532
 10
235.23939950278483
 20
36.41826736631237
 10
235.48399276279517
 20
39.59797974644663
 10
236.71035518372958
 20
39.59797974644663
 10
238.1469615724573
 20
38.73601591320997
 10
236.59655144763875
 20
36.151999038512514
 10
234.23403956337216
 20
33.789487154245904
 10
232.04872649389
 20
30.63292383166061
 10
224.75591227000626
 20
31.11911144658608
 10
224.29092082359324
 20
31.584102892999177
 10
221.46249369884708
 20
31.584102892999177
  0
LWPOLYLINE
  5
1CC
330
17
100
AcDbEntity
  8
ENG_K
100
AcDbPolyline
 90
4
 70
1
 10
219.06503098037203
 20
33.70542323655879
 10
219.11178501059345
 20
33.70542323655879
 10
219.10009650303812
 20
33.74048875922486
 10
219.06503098037203
 20
33.70542323655879
  0
LWPOLYLINE
  5
1CD
330
17
100
AcDbEntity
  8
ENG_K
100
AcDbPolyline
 90
4
 70
1
 10
237.21410503082674
 20
58.454160578087944
 10
236.40936717670237
 20
57.649422723963674
 10
236.40936717670237
 20
59.25889843221221
 10
237.21410503082674
 20
58.454160578087944
  0
LWPOLYLINE
  5
1CE
330
17
100
AcDbEntity
  8
ENG_K
100
AcDbPolyline
 90
11
 70
1
 10
236.6450694370979
 20
43.50266826491212
 10
236.6450694370979
 20
41.857371277464026
 10
235.78882292093473
 20
41.0011247613008
 10
233.3452377915607
 20
41.27263422012006
 10
233.3452377915607
 20
41.82885832879934
 10
231.9839009284617
 20
42.736416237531884
 10
231.4085287654494
 20
43.88716056355657
 10
232.35588861998795
 20
44.83452041809522
 10
233.40087954746434
 20
44.31202495435693
 10
235.29614162135644
 20
44.31202495435693
 10
236.6450694370979
 20
43.50266826491212
  0
LWPOLYLINE
  5
1CF
330
17
100
AcDbEntity
  8
ENG_K
100
AcDbPolyline
 90
10
 70
1
 10
236.17366491630688
 20
68.45128658763744
 10
236.17366491630688
 20
66.70373969193099
 10
235.3208861269707
 20
66.70373969193099
 10
234.2958250155439
 20
68.75386191478461
 10
233.83281835815967
 20
71.99490851647417
 10
231.69915682725926
 20
73.5951546646495
 10
233.935780726053
 20
74.5537077641325
 10
235.22255377963262
 20
71.72280704625733
 10
235.68663564402175
 20
68.9383158599225
 10
236.17366491630688
 20
68.45128658763744
  0
LWPOLYLINE
  5
1D0
330
17
100
AcDbEntity
  8
ENG_K
100
AcDbPolyline
 90
5
 70
1
 10
228.83182932137981
 20
73.4360995786093
 10
227.6247225401933
 20
73.03373065154706
 10
227.0163422835478
 20
73.64211090819272
 10
228.2234490647343
 20
74.04447983525486
 10
228.83182932137981
 20
73.4360995786093
  0
LWPOLYLINE
  5
1D1
330
17
100
AcDbEntity
  8
ENG_K
100
AcDbPolyline
 90
4
 70
1
 10
227.92408580246382
 20
134.68362175877735
 10
228.72882365658816
 20
133.87888390465307
 10
227.92408580246382
 20
133.0741460505288
 10
227.92408580246382
 20
134.68362175877735
  0
LWPOLYLINE
  5
1D2
330
17
100
AcDbEntity
  8
ENG_K
100
AcDbPolyline
 90
5
 70
1
 10
228.19375813392213
 20
133.47114038573704
 10
227.83745474056826
 20
132.40223020567544
 10
226.54493776275677
 20
132.8330691982793
 10
227.68838354206832
 20
133.976514977591
 10
228.19375813392213
 20
133.47114038573704
  0
LWPOLYLINE
  5
1D3
330
17
100
AcDbEntity
  8
ENG_K
100
AcDbPolyline
 90
12
 70
1
 10
224.41388136596373
 20
117.77882859425281
 10
223.91714737574006
 20
117.28209460402917
 10
223.91714737574006
 20
115.90022636796216
 10
223.07917375905345
 20
114.50360367348445
 10
222.00162530949666
 20
114.86278649000337
 10
222.48619975788054
 20
117.77023318030655
 10
221.89907224290178
 20
118.35736069528535
 10
219.43880442822524
 20
119.34146782115596
 10
219.43880442822524
 20
120.17212031089164
 10
222.54978628562932
 20
120.69061728712572
 10
223.88643088223662
 20
119.88863052916132
 10
224.41388136596373
 20
117.77882859425281
  0
LWPOLYLINE
  5
1D4
330
17
100
AcDbEntity
  8
ENG_K
100
AcDbPolyline
 90
8
 70
1
 10
217.77368109288454
 20
69.76049575066968
 10
218.157287461456
 20
70.91131485638425
 10
219.20310216782974
 20
69.86550015001048
 10
219.20310216782974
 20
68.88070179139439
 10
220.61731573020282
 20
66.05227466664809
 10
220.61731573020282
 20
64.81812160876687
 10
219.75063074964567
 20
64.81812160876687
 10
217.77368109288454
 20
69.76049575066968
  0
LWPOLYLINE
  5
1D5
330
17
100
AcDbEntity
  8
ENG_K
100
AcDbPolyline
 90
5
 70
1
 10
215.93537229440489
 20
63.53424122357332
 10
218.69296639245803
 20
65.06623794471389
 10
220.58521395809052
 20
64.6877884315875
 10
217.8276198600373
 20
63.15579171044672
 10
215.93537229440489
 20
63.53424122357332
  0
LWPOLYLINE
  5
1D6
330
17
100
AcDbEntity
  8
ENG_K
100
AcDbPolyline
 90
4
 70
1
 10
218.35792419918545
 20
70.71067811865484
 10
217.55318634506114
 20
69.90594026453023
 10
217.55318634506114
 20
71.51541597277911
 10
218.35792419918545
 20
70.71067811865484
  0
LWPOLYLINE
  5
1D7
330
17
100
AcDbEntity
  8
ENG_K
100
AcDbPolyline
 90
4
 70
1
 10
216.47230611602137
 20
128.6934341759517
 10
215.667568261897
 20
127.88869632182742
 10
215.667568261897
 20
129.49817203007598
 10
216.47230611602137
 20
128.6934341759517
  0
LWPOLYLINE
  5
1D8
330
17
100
AcDbEntity
  8
ENG_K
100
AcDbPolyline
 90
5
 70
1
 10
214.96046148071045
 20
47.37615433949871
 10
214.96046148071045
 20
48.180892193623094
 10
215.53487166629318
 20
48.755302379205666
 10
215.99458767952882
 20
47.37615433949871
 10
214.96046148071045
 20
47.37615433949871
  0
LWPOLYLINE
  5
1D9
330
17
100
AcDbEntity
  8
ENG_K
100
AcDbPolyline
 90
11
 70
1
 10
204.71695347553867
 20
196.92266267141156
 10
206.87105028979673
 20
198.46130325302437
 10
209.703646849803
 20
198.46130325302437
 10
211.13971518726453
 20
199.4186821446654
 10
212.67577601558816
 20
199.11146997900065
 10
212.30191893333242
 20
197.98989873223337
 10
211.28685638732
 20
197.98989873223337
 10
210.81545186652897
 20
197.5184942114424
 10
208.8775948182604
 20
197.5184942114424
 10
206.49766180396844
 20
196.56652100572558
 10
204.71695347553867
 20
196.92266267141156
  0
LWPOLYLINE
  5
1DA
330
17
100
AcDbEntity
  8
ENG_K
100
AcDbPolyline
 90
5
 70
1
 10
210.71782079359116
 20
125.01982908256126
 10
211.29223097917387
 20
125.59423926814384
 10
211.7519469924095
 20
124.21509122843688
 10
210.71782079359116
 20
124.21509122843688
 10
210.71782079359116
 20
125.01982908256126
  0
LWPOLYLINE
  5
1DB
330
17
100
AcDbEntity
  8
ENG_K
100
AcDbPolyline
 90
4
 70
1
 10
211.28685638732
 20
123.97938896804139
 10
210.48211853319566
 20
123.17465111391712
 10
210.48211853319566
 20
124.78412682216566
 10
211.28685638732
 20
123.97938896804139
  0
LWPOLYLINE
  5
1DC
330
17
100
AcDbEntity
  8
ENG_K
100
AcDbPolyline
 90
5
 70
1
 10
208.11841426806134
 20
210.39116912143697
 10
209.8524811255945
 20
210.73798249294373
 10
210.48880019437473
 20
210.10166342416326
 10
208.75473333684172
 20
209.7548500526567
 10
208.11841426806134
 20
210.39116912143697
  0
LWPOLYLINE
  5
1DD
330
17
100
AcDbEntity
  8
ENG_K
100
AcDbPolyline
 90
7
 70
1
 10
206.53884110834687
 20
200.31295126512572
 10
205.33173432716032
 20
200.71532019218785
 10
206.0111571667071
 20
201.39474303173455
 10
206.32884592886845
 20
205.52469693983156
 10
206.44487159077516
 20
205.533416790049
 10
207.44132816124295
 20
201.2154383180218
 10
206.53884110834687
 20
200.31295126512572
  0
LWPOLYLINE
  5
1DE
330
17
100
AcDbEntity
  8
ENG_K
100
AcDbPolyline
 90
5
 70
1
 10
205.80313884795137
 20
112.76868613384838
 10
207.0102456291379
 20
113.17105506091052
 10
207.61862588578342
 20
112.56267480426496
 10
206.41151910459692
 20
112.16030587720272
 10
205.80313884795137
 20
112.76868613384838
  0
LWPOLYLINE
  5
1DF
330
17
100
AcDbEntity
  8
ENG_K
100
AcDbPolyline
 90
4
 70
1
 10
205.2966688044943
 20
112.33234713572338
 10
205.2966688044943
 20
113.94182284397192
 10
206.10140665861866
 20
113.13708498984765
 10
205.2966688044943
 20
112.33234713572338
  0
LWPOLYLINE
  5
1E0
330
17
100
AcDbEntity
  8
ENG_K
100
AcDbPolyline
 90
5
 70
1
 10
203.5692836081403
 20
196.08411894971678
 10
202.93296453936006
 20
196.72043801849725
 10
204.66703139689307
 20
197.0672513900038
 10
205.30335046567345
 20
196.43093232122354
 10
203.5692836081403
 20
196.08411894971678
  0
LWPOLYLINE
  5
1E1
330
17
100
AcDbEntity
  8
ENG_K
100
AcDbPolyline
 90
4
 70
1
 10
204.68719309624552
 20
113.60848951063862
 10
203.8824552421212
 20
112.80375165651435
 10
203.8824552421212
 20
114.41322736476323
 10
204.68719309624552
 20
113.60848951063862
  0
LWPOLYLINE
  5
1E2
330
17
100
AcDbEntity
  8
ENG_K
100
AcDbPolyline
 90
5
 70
1
 10
203.21141319011946
 20
201.52543263816614
 10
202.2325394193526
 20
201.52543263816614
 10
202.2325394193526
 20
203.2729795338726
 10
202.87061060681032
 20
203.9110507213302
 10
203.21141319011946
 20
201.52543263816614
  0
LWPOLYLINE
  5
1E3
330
17
100
AcDbEntity
  8
ENG_K
100
AcDbPolyline
 90
5
 70
1
 10
202.787277273477
 20
209.78930949161366
 10
203.43964620053904
 20
209.13694056455145
 10
201.2063970444372
 20
208.81790497082264
 10
200.55402811737505
 20
209.47027389788474
 10
202.787277273477
 20
209.78930949161366
  0
LWPOLYLINE
  5
1E4
330
17
100
AcDbEntity
  8
ENG_K
100
AcDbPolyline
 90
5
 70
1
 10
201.56049816083208
 20
196.20728631386098
 10
202.76760494201858
 20
196.6096552409231
 10
203.37598519866415
 20
196.00127498427756
 10
202.16887841747763
 20
195.5989060572154
 10
201.56049816083208
 20
196.20728631386098
  0
LWPOLYLINE
  5
1E5
330
17
100
AcDbEntity
  8
ENG_K
100
AcDbPolyline
 90
5
 70
1
 10
201.5540281173749
 20
195.46620946161153
 10
199.3207789612731
 20
195.1471738678827
 10
198.66841003421092
 20
195.7995427949448
 10
200.9016591903129
 20
196.11857838867374
 10
201.5540281173749
 20
195.46620946161153
  0
LWPOLYLINE
  5
1E6
330
17
100
AcDbEntity
  8
ENG_K
100
AcDbPolyline
 90
6
 70
1
 10
199.32664292102106
 20
209.79517345136168
 10
201.1623389255396
 20
209.42803425045787
 10
198.9720382548517
 20
207.8635337713951
 10
195.71877674942786
 20
208.94795427320312
 10
198.82450461704178
 20
209.2930351473824
 10
199.32664292102106
 20
209.79517345136168
  0
LWPOLYLINE
  5
1E7
330
17
100
AcDbEntity
  8
ENG_K
100
AcDbPolyline
 90
6
 70
1
 10
201.69404121821182
 20
43.920048089754914
 10
201.69238809273108
 20
43.91539193109794
 10
196.10305024594777
 20
44.71386876635264
 10
196.10579858165116
 20
44.88980518363861
 10
199.457157392975
 20
45.26217838489677
 10
201.69404121821182
 20
43.920048089754914
  0
LWPOLYLINE
  5
1E8
330
17
100
AcDbEntity
  8
ENG_K
100
AcDbPolyline
 90
16
 70
1
 10
196.2123888366189
 20
110.08879035169849
 10
194.66793671693986
 20
112.0745145055716
 10
194.29613193949038
 20
111.70270972812213
 10
192.80444900353197
 20
112.00104631531383
 10
192.80444900353197
 20
114.02425227552592
 10
192.28195353979376
 20
115.06924320300239
 10
192.7368506134744
 20
115.52414027668301
 10
191.83728127005668
 20
116.87349429180959
 10
192.17523638665688
 20
117.88735964161023
 10
194.78201446562892
 20
117.36600402581576
 10
196.2051889579659
 20
116.41722103092445
 10
200.66177389296269
 20
115.10646075592534
 10
198.9327077738154
 20
113.9537500098271
 10
198.9327077738154
 20
110.68243131295463
 10
198.07323206556663
 20
109.82295560470601
 10
196.2123888366189
 20
110.08879035169849
  0
LWPOLYLINE
  5
1E9
330
17
100
AcDbEntity
  8
ENG_K
100
AcDbPolyline
 90
7
 70
1
 10
195.14130990813464
 20
97.65820517732892
 10
196.00664957613134
 20
98.52354484532566
 10
197.8922676592955
 20
98.52354484532566
 10
198.377969919691
 20
99.00924710572112
 10
200.92041615396872
 20
98.64604050082437
 10
195.46095495684708
 20
96.0599799337668
 10
195.14130990813464
 20
97.65820517732892
  0
LWPOLYLINE
  5
1EA
330
17
100
AcDbEntity
  8
ENG_K
100
AcDbPolyline
 90
10
 70
1
 10
196.9494586177134
 20
196.57568516986024
 10
197.42086313850444
 20
197.04708969065132
 10
198.55893432596216
 20
197.04708969065132
 10
199.7225548119004
 20
195.88346920471312
 10
190.35244837024882
 20
195.6302230846685
 10
189.87839080584794
 20
196.10428064906927
 10
190.82119984743002
 20
197.04708969065132
 10
195.730507201216
 20
197.04708969065132
 10
196.20191172200703
 20
196.57568516986024
 10
196.9494586177134
 20
196.57568516986024
  0
LWPOLYLINE
  5
1EB
330
17
100
AcDbEntity
  8
ENG_K
100
AcDbPolyline
 90
7
 70
1
 10
197.60852446368816
 20
148.72812630957054
 10
196.99599874770408
 20
149.95317774153872
 10
197.52309532604914
 20
150.48027431988388
 10
197.81009497657124
 20
156.50726698084716
 10
198.18215103005875
 20
156.50530195087308
 10
198.47019457232918
 20
148.72812630957054
 10
197.60852446368816
 20
148.72812630957054
  0
LWPOLYLINE
  5
1EC
330
17
100
AcDbEntity
  8
ENG_K
100
AcDbPolyline
 90
21
 70
1
 10
180.93828225762672
 20
143.39179443693317
 10
182.59908110269714
 20
144.38827374397545
 10
182.88638107948012
 20
142.95177386006054
 10
183.47398966064915
 20
142.36416527889162
 10
184.8389518543987
 20
142.36416527889162
 10
188.14809489222915
 20
140.9459611198214
 10
193.85287340320602
 20
140.47056291057336
 10
194.3162936388429
 20
140.0071426749364
 10
197.1123754372829
 20
140.0071426749364
 10
198.5089981317606
 20
139.1691690582497
 10
198.1498153152417
 20
138.09162060869306
 10
195.04821578305516
 20
138.60855386405746
 10
194.59243601375826
 20
139.06433363335447
 10
192.70681793059416
 20
139.06433363335447
 10
192.23541340980313
 20
139.53573815414543
 10
189.8783908058479
 20
139.53573815414543
 10
189.4069862850569
 20
140.00714267493652
 10
187.04996368110176
 20
140.00714267493652
 10
186.56798707647502
 20
140.4891192795632
 10
182.28659617851366
 20
140.96482937933675
 10
180.93828225762672
 20
143.39179443693317
  0
LWPOLYLINE
  5
1ED
330
17
100
AcDbEntity
  8
ENG_K
100
AcDbPolyline
 90
6
 70
1
 10
195.9700390573213
 20
42.44627561443792
 10
197.51849421144226
 20
39.65905633702005
 10
197.51849421144226
 20
37.47665940288702
 10
196.6518092308851
 20
37.47665940288702
 10
195.626334764938
 20
40.04034556775482
 10
195.9700390573213
 20
42.44627561443792
  0
LWPOLYLINE
  5
1EE
330
17
100
AcDbEntity
  8
ENG_K
100
AcDbPolyline
 90
5
 70
1
 10
193.74834254464741
 20
166.92860073168447
 10
193.74930351425974
 20
166.94722905057313
 10
196.737086318989
 20
167.37405516553437
 10
197.1707737289655
 20
166.07299293560484
 10
193.74834254464741
 20
166.92860073168447
  0
LWPOLYLINE
  5
1EF
330
17
100
AcDbEntity
  8
ENG_K
100
AcDbPolyline
 90
5
 70
1
 10
195.77762897691505
 20
43.61159983434959
 10
196.1560889257837
 20
41.71930009000635
 10
195.16147160748713
 20
41.71930009000635
 10
195.16147160748713
 20
42.99544246492171
 10
195.77762897691505
 20
43.61159983434959
  0
LWPOLYLINE
  5
1F0
330
17
100
AcDbEntity
  8
ENG_K
100
AcDbPolyline
 90
4
 70
1
 10
194.9257693470916
 20
95.36178438724619
 10
194.9257693470916
 20
96.97126009549505
 10
195.73050720121594
 20
96.16652224137046
 10
194.9257693470916
 20
95.36178438724619
  0
LWPOLYLINE
  5
1F1
330
17
100
AcDbEntity
  8
ENG_K
100
AcDbPolyline
 90
4
 70
1
 10
191.6259377015544
 20
117.04639234363367
 10
191.6259377015544
 20
118.65586805188222
 10
192.43067555567876
 20
117.85113019775795
 10
191.6259377015544
 20
117.04639234363367
  0
LWPOLYLINE
  5
1F2
330
17
100
AcDbEntity
  8
ENG_K
100
AcDbPolyline
 90
5
 70
1
 10
190.03968288066076
 20
207.8554235977822
 10
188.8325760994742
 20
208.25779252484432
 10
189.91236087691078
 20
209.33757730228098
 10
191.1194676580973
 20
208.93520837521885
 10
190.03968288066076
 20
207.8554235977822
  0
LWPOLYLINE
  5
1F3
330
17
100
AcDbEntity
  8
ENG_K
100
AcDbPolyline
 90
7
 70
1
 10
185.38978528641746
 20
206.96747852573594
 10
182.7217378490463
 20
203.76582160089063
 10
182.42285399258938
 20
207.05354402191688
 10
184.71670503338888
 20
208.8376503869832
 10
188.86006742711575
 20
208.56142622740137
 10
187.73520333520864
 20
207.43656213549423
 10
185.38978528641746
 20
206.96747852573594
  0
LWPOLYLINE
  5
1F4
330
17
100
AcDbEntity
  8
ENG_K
100
AcDbPolyline
 90
15
 70
1
 10
182.9049540669203
 20
203.39059521532022
 10
185.52640860252572
 20
203.62890926401155
 10
185.719083452062
 20
204.97763321076556
 10
185.06133993314597
 20
205.63537672968158
 10
186.26844671433253
 20
206.0377456567437
 10
187.6189992748306
 20
204.6871930962456
 10
187.6189992748306
 20
201.6507378650805
 10
184.80958254261347
 20
199.30955725489952
 10
185.2787107263619
 20
196.49478815240894
 10
184.79057215008444
 20
196.00664957613145
 10
184.79057215008444
 20
195.0638405345494
 10
183.84776310850236
 20
194.12103149296735
 10
183.84776310850236
 20
191.62593770155445
 10
182.9049540669203
 20
191.62593770155445
 10
182.9049540669203
 20
203.39059521532022
  0
LWPOLYLINE
  5
1F5
330
17
100
AcDbEntity
  8
ENG_K
100
AcDbPolyline
 90
7
 70
1
 10
186.21585425997645
 20
188.64837084183173
 10
185.74142112542435
 20
184.37847263086283
 10
186.7210171432628
 20
182.9090786041051
 10
184.2691133724604
 20
178.98603257082124
 10
183.14065632731584
 20
177.8575755256766
 10
183.14065632731584
 20
191.72356877449215
 10
186.21585425997645
 20
188.64837084183173
  0
LWPOLYLINE
  5
1F6
330
17
100
AcDbEntity
  8
ENG_K
100
AcDbPolyline
 90
6
 70
1
 10
183.7577328562565
 20
74.71761654537856
 10
182.89448346677545
 20
74.71761654537856
 10
183.18578272375885
 20
81.4174994559973
 10
184.28222910282582
 20
78.85912457150768
 10
185.31306761382262
 20
77.82828606051085
 10
183.7577328562565
 20
74.71761654537856
  0
LWPOLYLINE
  5
1F7
330
17
100
AcDbEntity
  8
ENG_K
100
AcDbPolyline
 90
8
 70
1
 10
183.84776310850236
 20
148.4210591469689
 10
183.84776310850236
 20
147.31391274719752
 10
182.9049540669203
 20
147.31391274719752
 10
182.9049540669203
 20
151.96214027208043
 10
183.91142411037734
 20
152.29763028656618
 10
184.79057215008444
 20
151.41848224685904
 10
184.79057215008444
 20
149.83527270934195
 10
183.84776310850236
 20
148.4210591469689
  0
LWPOLYLINE
  5
1F8
330
17
100
AcDbEntity
  8
ENG_K
100
AcDbPolyline
 90
5
 70
1
 10
183.78410210662742
 20
164.95761220579828
 10
183.17572184998184
 20
165.56599246244386
 10
184.38282863116837
 20
165.968361389506
 10
184.9912088878139
 20
165.35998113286044
 10
183.78410210662742
 20
164.95761220579828
  0
LWPOLYLINE
  5
1F9
330
17
100
AcDbEntity
  8
ENG_K
100
AcDbPolyline
 90
6
 70
1
 10
183.84776310850236
 20
97.95450925159687
 10
183.84776310850236
 20
96.40222450176606
 10
182.88255461649484
 20
96.40222450176606
 10
183.1871849856028
 20
99.75315856195411
 10
184.4167987022312
 20
98.52354484532566
 10
183.84776310850236
 20
97.95450925159687
  0
LWPOLYLINE
  5
1FA
330
17
100
AcDbEntity
  8
ENG_K
100
AcDbPolyline
 90
5
 70
1
 10
183.64065632731587
 20
146.91154382013528
 10
181.40740717121386
 20
146.59250822640647
 10
180.7550382441517
 20
147.24487715346856
 10
182.98828740025357
 20
147.56391274719738
 10
183.64065632731587
 20
146.91154382013528
  0
LWPOLYLINE
  5
1FB
330
17
100
AcDbEntity
  8
ENG_K
100
AcDbPolyline
 90
5
 70
1
 10
180.4613689375462
 20
99.45528533938874
 10
179.79879172798857
 20
100.11786254894662
 10
182.52011207154808
 20
100.42023147600875
 10
183.18268928110587
 20
99.757654266451
 10
180.4613689375462
 20
99.45528533938874
  0
LWPOLYLINE
  5
1FC
330
17
100
AcDbEntity
  8
ENG_K
100
AcDbPolyline
 90
11
 70
1
 10
179.24482901170313
 20
71.19556267761907
 10
178.73978275338635
 20
70.69051641930236
 10
177.2480998174279
 20
70.98885300649404
 10
177.2480998174279
 20
73.7748075037965
 10
178.1484362315663
 20
73.7748075037965
 10
178.38413849196183
 20
72.59629620181884
 10
178.5166413716514
 20
72.59629620181884
 10
179.75124319130273
 20
75.06549984112154
 10
180.06092487089197
 20
72.27836472481852
 10
181.56392897560454
 20
71.52686267246212
 10
179.24482901170313
 20
71.19556267761907
  0
LWPOLYLINE
  5
1FD
330
17
100
AcDbEntity
  8
ENG_K
100
AcDbPolyline
 90
7
 70
1
 10
179.82593386573924
 20
198.7797457703184
 10
180.08298334338033
 20
189.26891509759935
 10
179.20984196161695
 20
189.26891509759935
 10
178.19090885901
 20
191.81624785411665
 10
178.19090885901
 20
194.99158703011898
 10
176.5760585589074
 20
195.52987046348647
 10
179.82593386573924
 20
198.7797457703184
  0
LWPOLYLINE
  5
1FE
330
17
100
AcDbEntity
  8
ENG_K
100
AcDbPolyline
 90
9
 70
1
 10
179.13371790059205
 20
156.74200316301813
 10
179.13371790059205
 20
158.79195860437156
 10
178.19090885901
 20
160.20617216674472
 10
178.19090885901
 20
163.00833312075923
 10
177.70843579070004
 20
163.4908061890692
 10
177.99173358196504
 20
166.0404863104542
 10
180.0765269421741
 20
165.14700344179323
 10
180.0765269421741
 20
156.74200316301813
 10
179.13371790059205
 20
156.74200316301813
  0
LWPOLYLINE
  5
1FF
330
17
100
AcDbEntity
  8
ENG_K
100
AcDbPolyline
 90
28
 70
1
 10
179.06914691947156
 20
181.79994297128
 10
178.64374039236083
 20
181.37453644416934
 10
178.1484362315663
 20
178.89801564019658
 10
177.37340504434223
 20
178.89801564019658
 10
172.48999906451695
 20
184.75810281598692
 10
173.47686365109965
 20
186.73183198915223
 10
173.47686365109965
 20
188.506166560509
 10
172.95436818736147
 20
189.55115748798545
 10
173.37923257816183
 20
189.97602187878582
 10
172.94436532297004
 20
190.41088913397763
 10
173.7910150345475
 20
191.82197198660677
 10
174.41967269268173
 20
192.03152453931816
 10
174.41967269268173
 20
192.90208007646982
 10
175.9786391036917
 20
194.46104648747985
 10
176.2867177884057
 20
192.92065306391004
 10
177.71950433821894
 20
191.48786651409677
 10
177.71950433821894
 20
190.82119984743008
 10
175.9612082588048
 20
189.06290376801593
 10
175.49407235948615
 20
188.90719180157635
 10
176.30529077584586
 20
187.69036417703688
 10
176.30529077584586
 20
184.41679870223126
 10
176.7766952966369
 20
183.94539418144018
 10
177.57988394824713
 20
184.7485828330504
 10
179.65166255137365
 20
185.78447213461368
 10
180.0765269421741
 20
185.3596077438133
 10
180.0765269421741
 20
181.39310943160947
 10
179.54055144026256
 20
180.85713392969805
 10
179.06914691947156
 20
181.79994297128
  0
LWPOLYLINE
  5
200
330
17
100
AcDbEntity
  8
ENG_K
100
AcDbPolyline
 90
5
 70
1
 10
178.66231337980102
 20
154.6859685660902
 10
179.76227103686935
 20
156.5192313278707
 10
180.10416657135707
 20
153.44217151748086
 10
178.66231337980102
 20
153.44217151748086
 10
178.66231337980102
 20
154.6859685660902
  0
LWPOLYLINE
  5
201
330
17
100
AcDbEntity
  8
ENG_K
100
AcDbPolyline
 90
4
 70
1
 10
180.17415801511189
 20
98.99494936611663
 10
179.36942016098754
 20
98.19021151199236
 10
179.36942016098754
 20
99.79968722024124
 10
180.17415801511189
 20
98.99494936611663
  0
LWPOLYLINE
  5
202
330
17
100
AcDbEntity
  8
ENG_K
100
AcDbPolyline
 90
6
 70
1
 10
176.59819383077453
 20
174.23821854744702
 10
176.2909930362414
 20
176.3886241091792
 10
177.1504687444901
 20
177.24809981742794
 10
178.38413849196183
 20
177.24809981742794
 10
178.68762463156006
 20
175.7306691194368
 10
176.59819383077453
 20
174.23821854744702
  0
LWPOLYLINE
  5
203
330
17
100
AcDbEntity
  8
ENG_K
100
AcDbPolyline
 90
5
 70
1
 10
176.27132070478308
 20
166.34213483735917
 10
176.67368963184524
 20
167.54924161854578
 10
178.52424219234328
 20
165.69868905804773
 10
176.9147664840946
 20
165.69868905804773
 10
176.27132070478308
 20
166.34213483735917
  0
LWPOLYLINE
  5
204
330
17
100
AcDbEntity
  8
ENG_K
100
AcDbPolyline
 90
4
 70
1
 10
177.01239755703241
 20
74.81524761831626
 10
177.81713541115676
 20
74.010509764192
 10
177.01239755703241
 20
73.20577191006772
 10
177.01239755703241
 20
74.81524761831626
  0
LWPOLYLINE
  5
205
330
17
100
AcDbEntity
  8
ENG_K
100
AcDbPolyline
 90
8
 70
1
 10
176.81292474048914
 20
103.86680267011117
 10
176.4985204087977
 20
102.2947810116539
 10
174.98870828641057
 20
102.2947810116539
 10
173.94826817189062
 20
101.25434089713391
 10
173.4157698437611
 20
101.78683922526366
 10
174.24482870725706
 20
103.16860399775696
 10
175.79905939068863
 20
104.20475778671123
 10
176.81292474048914
 20
103.86680267011117
  0
LWPOLYLINE
  5
206
330
17
100
AcDbEntity
  8
ENG_K
100
AcDbPolyline
 90
4
 70
1
 10
176.06958851545033
 20
166.54386702669177
 10
176.06958851545033
 20
168.15334273494065
 10
176.87432636957467
 20
167.34860488081637
 10
176.06958851545033
 20
166.54386702669177
  0
LWPOLYLINE
  5
207
330
17
100
AcDbEntity
  8
ENG_K
100
AcDbPolyline
 90
4
 70
1
 10
175.5981839946593
 20
69.43453574373936
 10
175.5981839946593
 20
71.98682049357008
 10
176.8743263695747
 20
70.71067811865484
 10
175.5981839946593
 20
69.43453574373936
  0
LWPOLYLINE
  5
208
330
17
100
AcDbEntity
  8
ENG_K
100
AcDbPolyline
 90
4
 70
1
 10
176.40292184878365
 20
173.9482681718908
 10
175.5981839946593
 20
173.1435303177662
 10
175.5981839946593
 20
174.75300602601507
 10
176.40292184878365
 20
173.9482681718908
  0
LWPOLYLINE
  5
209
330
17
100
AcDbEntity
  8
ENG_K
100
AcDbPolyline
 90
7
 70
1
 10
172.89463714312214
 20
167.32441395552533
 10
174.9131946465236
 20
168.8383320830764
 10
175.42357554160233
 20
168.3279511879976
 10
174.59451667810637
 20
166.9461864155043
 10
173.0647641318779
 20
165.92635138468538
 10
169.79152810592112
 20
166.29004427645822
 10
172.89463714312214
 20
167.32441395552533
  0
LWPOLYLINE
  5
20A
330
17
100
AcDbEntity
  8
ENG_K
100
AcDbPolyline
 90
4
 70
1
 10
174.1839704322862
 20
167.95808058906513
 10
174.1839704322862
 20
169.56755629731367
 10
174.98870828641054
 20
168.76281844318942
 10
174.1839704322862
 20
167.95808058906513
  0
LWPOLYLINE
  5
20B
330
17
100
AcDbEntity
  8
ENG_K
100
AcDbPolyline
 90
6
 70
1
 10
172.9866809368652
 20
171.57316019891866
 10
173.31905555501558
 20
172.57028405336993
 10
174.89107721347276
 20
172.25587972167833
 10
174.89107721347276
 20
169.46992522437597
 10
174.03829842413657
 20
169.46992522437597
 10
172.9866809368652
 20
171.57316019891866
  0
LWPOLYLINE
  5
20C
330
17
100
AcDbEntity
  8
ENG_K
100
AcDbPolyline
 90
5
 70
1
 10
171.86201335099707
 20
100.77756178448905
 10
172.94179812843365
 20
101.85734656192568
 10
174.14890490962017
 20
101.45497763486355
 10
173.06912013218363
 20
100.37519285742691
 10
171.86201335099707
 20
100.77756178448905
  0
LWPOLYLINE
  5
20D
330
17
100
AcDbEntity
  8
ENG_K
100
AcDbPolyline
 90
4
 70
1
 10
172.6316856824554
 20
100.40916292848978
 10
171.82694782833104
 20
99.60442507436551
 10
171.82694782833104
 20
101.21390078261405
 10
172.6316856824554
 20
100.40916292848978
  0
LWPOLYLINE
  5
20E
330
17
100
AcDbEntity
  8
ENG_K
100
AcDbPolyline
 90
10
 70
1
 10
172.29835234912207
 20
160.74894158974183
 10
172.29835234912207
 20
157.6291704486965
 10
171.45130408233302
 20
159.3232669822745
 10
168.76281844318936
 20
159.116460394648
 10
168.76281844318936
 20
152.35369046774926
 10
167.34860488081625
 20
153.06079724893573
 10
167.34860488081625
 20
160.5493040585312
 10
169.15088963064704
 20
160.29183480855525
 10
169.60799641183357
 20
160.74894158974183
 10
172.29835234912207
 20
160.74894158974183
  0
LWPOLYLINE
  5
20F
330
17
100
AcDbEntity
  8
ENG_K
100
AcDbPolyline
 90
5
 70
1
 10
171.32047778487396
 20
165.83138565365152
 10
170.11337100368743
 20
165.42901672658928
 10
169.50499074704194
 20
166.03739698323494
 10
170.71209752822844
 20
166.43976591029707
 10
171.32047778487396
 20
165.83138565365152
  0
LWPOLYLINE
  5
210
330
17
100
AcDbEntity
  8
ENG_K
100
AcDbPolyline
 90
5
 70
1
 10
168.49852070358497
 20
88.31931205458964
 10
170.7317698596868
 20
88.63834764831846
 10
171.38413878674896
 20
87.98597872125636
 10
169.15088963064701
 20
87.66694312752743
 10
168.49852070358497
 20
88.31931205458964
  0
LWPOLYLINE
  5
211
330
17
100
AcDbEntity
  8
ENG_K
100
AcDbPolyline
 90
5
 70
1
 10
169.1705619621054
 20
170.14306193449968
 10
168.56218170545986
 20
170.75144219114523
 10
169.7692884866464
 20
171.1538111182074
 10
170.37766874329193
 20
170.5454308615618
 10
169.1705619621054
 20
170.14306193449968
  0
LWPOLYLINE
  5
212
330
17
100
AcDbEntity
  8
ENG_K
100
AcDbPolyline
 90
5
 70
1
 10
168.56218170545986
 20
165.56599246244386
 10
169.7692884866464
 20
165.968361389506
 10
170.37766874329193
 20
165.35998113286044
 10
169.1705619621054
 20
164.95761220579828
 10
168.56218170545986
 20
165.56599246244386
  0
LWPOLYLINE
  5
213
330
17
100
AcDbEntity
  8
ENG_K
100
AcDbPolyline
 90
4
 70
1
 10
168.86044951612715
 20
179.13371790059207
 10
168.0557116620028
 20
178.3289800464678
 10
168.0557116620028
 20
179.93845575471667
 10
168.86044951612715
 20
179.13371790059207
  0
LWPOLYLINE
  5
214
330
17
100
AcDbEntity
  8
ENG_K
100
AcDbPolyline
 90
5
 70
1
 10
168.29141392239836
 20
190.54505747251483
 10
168.79678851425214
 20
190.03968288066088
 10
168.4404851208983
 20
188.97077270059924
 10
167.1479681430868
 20
189.40161169320314
 10
168.29141392239836
 20
190.54505747251483
  0
LWPOLYLINE
  5
215
330
17
100
AcDbEntity
  8
ENG_K
100
AcDbPolyline
 90
5
 70
1
 10
168.77826742141485
 20
147.49570923964262
 10
167.22417786157644
 20
145.31998385586874
 10
166.8617513817997
 20
147.1321162547523
 10
168.41584094163815
 20
149.30784163852618
 10
168.77826742141485
 20
147.49570923964262
  0
LWPOLYLINE
  5
216
330
17
100
AcDbEntity
  8
ENG_K
100
AcDbPolyline
 90
5
 70
1
 10
167.8200094016073
 20
174.51730376561957
 10
168.458080589065
 20
175.1553749530772
 10
168.79888317237416
 20
172.76975686991324
 10
167.8200094016073
 20
172.76975686991324
 10
167.8200094016073
 20
174.51730376561957
  0
LWPOLYLINE
  5
217
330
17
100
AcDbEntity
  8
ENG_K
100
AcDbPolyline
 90
4
 70
1
 10
167.58430714121178
 20
163.43929752703056
 10
168.3890449953361
 20
162.63455967290597
 10
167.58430714121178
 20
161.82982181878168
 10
167.58430714121178
 20
163.43929752703056
  0
LWPOLYLINE
  5
218
330
17
100
AcDbEntity
  8
ENG_K
100
AcDbPolyline
 90
8
 70
1
 10
166.94479875008278
 20
136.7373437122795
 10
165.93439131844315
 20
135.22173256481994
 10
165.93439131844315
 20
134.2850026788124
 10
164.85213491308696
 20
132.48124200321877
 10
164.51213413386986
 20
134.86124745773841
 10
165.5315324905308
 20
136.9000441710604
 10
166.46945684110915
 20
137.21268562125312
 10
166.94479875008278
 20
136.7373437122795
  0
LWPOLYLINE
  5
219
330
17
100
AcDbEntity
  8
ENG_K
100
AcDbPolyline
 90
5
 70
1
 10
166.02570847567944
 20
73.30340298300553
 10
164.9915822768611
 20
73.30340298300553
 10
164.9915822768611
 20
74.1081408371298
 10
165.56599246244375
 20
74.68255102271237
 10
166.02570847567944
 20
73.30340298300553
  0
LWPOLYLINE
  5
21A
330
17
100
AcDbEntity
  8
ENG_K
100
AcDbPolyline
 90
26
 70
1
 10
152.10651160001697
 20
23.111751944008716
 10
153.2064692570853
 20
21.27848918222808
 10
153.2064692570853
 20
18.95381190457912
 10
153.77550485081414
 20
18.384776310850228
 10
153.30410033002312
 20
17.91337179005925
 10
153.65930079043616
 20
17.5581713296461
 10
154.34150665120958
 20
14.147142025778937
 10
163.10596419369696
 20
14.371871706355677
 10
163.10596419369696
 20
15.013579763106911
 10
162.1631551521149
 20
16.427793325479946
 10
162.1631551521149
 20
17.370602367062006
 10
161.234067761684
 20
18.76423345270839
 10
160.767514577182
 20
21.096999375218473
 10
160.27753706895078
 20
21.586976883449683
 10
160.27753706895078
 20
22.55605209576339
 10
159.32015817730974
 20
23.99212043322485
 10
159.7238372599892
 20
26.010515846622063
 10
165.09767726887222
 20
13.471555825894988
 10
162.74276282967952
 20
13.209898665984653
 10
162.258269915046
 20
12.72540575135106
 10
152.73506473629428
 20
12.969590499524175
 10
152.73506473629428
 20
16.401527154748297
 10
152.26366021550325
 20
16.872931675539384
 10
152.26366021550325
 20
19.70135880028556
 10
151.7811871471933
 20
20.183831868595515
 10
152.10651160001697
 20
23.111751944008716
  0
LWPOLYLINE
  5
21B
330
17
100
AcDbEntity
  8
ENG_K
100
AcDbPolyline
 90
4
 70
1
 10
164.28447549567454
 20
176.16721958838843
 10
165.08921334979888
 20
175.36248173426384
 10
164.28447549567454
 20
174.55774388013955
 10
164.28447549567454
 20
176.16721958838843
  0
LWPOLYLINE
  5
21C
330
17
100
AcDbEntity
  8
ENG_K
100
AcDbPolyline
 90
4
 70
1
 10
163.81307097488352
 20
131.85519463403116
 10
164.61780882900783
 20
131.0504567799069
 10
163.81307097488352
 20
130.24571892578228
 10
163.81307097488352
 20
131.85519463403116
  0
LWPOLYLINE
  5
21D
330
17
100
AcDbEntity
  8
ENG_K
100
AcDbPolyline
 90
7
 70
1
 10
161.20156791708942
 20
170.15894663654552
 10
161.5218660539557
 20
171.11984104714452
 10
162.6998454195376
 20
171.11984104714452
 10
164.1364518082653
 20
170.25787721390785
 10
163.2226174591934
 20
168.7348199654547
 10
161.76818834079504
 20
169.02570578913446
 10
161.20156791708942
 20
170.15894663654552
  0
LWPOLYLINE
  5
21E
330
17
100
AcDbEntity
  8
ENG_K
100
AcDbPolyline
 90
4
 70
1
 10
162.87026193330146
 20
128.8315053634095
 10
162.87026193330146
 20
130.44098107165803
 10
163.6749997874258
 20
129.63624321753375
 10
162.87026193330146
 20
128.8315053634095
  0
LWPOLYLINE
  5
21F
330
17
100
AcDbEntity
  8
ENG_K
100
AcDbPolyline
 90
7
 70
1
 10
160.7489415897418
 20
97.8164380641392
 10
159.80613254815975
 20
97.8164380641392
 10
159.80613254815975
 20
100.1421818943089
 10
161.92745289171938
 20
100.44522765767461
 10
161.92745289171938
 20
99.56860379516608
 10
160.7489415897418
 20
98.8614970139795
 10
160.7489415897418
 20
97.8164380641392
  0
LWPOLYLINE
  5
220
330
17
100
AcDbEntity
  8
ENG_K
100
AcDbPolyline
 90
5
 70
1
 10
160.11087040228412
 20
143.0426765808691
 10
159.78068226344163
 20
145.35399355276658
 10
160.92770379492708
 20
145.7363340632617
 10
161.24050780988534
 20
144.17231398847042
 10
160.11087040228412
 20
143.0426765808691
  0
LWPOLYLINE
  5
221
330
17
100
AcDbEntity
  8
ENG_K
100
AcDbPolyline
 90
5
 70
1
 10
160.3805427337424
 20
139.73637489187507
 10
160.8402587469781
 20
138.35722685216788
 10
159.80613254815975
 20
138.35722685216788
 10
159.80613254815975
 20
139.16196470629217
 10
160.3805427337424
 20
139.73637489187507
  0
LWPOLYLINE
  5
222
330
17
100
AcDbEntity
  8
ENG_K
100
AcDbPolyline
 90
4
 70
1
 10
160.04183480855528
 20
95.83318890803727
 10
160.04183480855528
 20
97.44266461628581
 10
160.84657266267962
 20
96.63792676216154
 10
160.04183480855528
 20
95.83318890803727
  0
LWPOLYLINE
  5
223
330
17
100
AcDbEntity
  8
ENG_K
100
AcDbPolyline
 90
5
 70
1
 10
159.80613254815975
 20
142.9332008726204
 10
160.3805427337424
 20
143.5076110582033
 10
160.8402587469781
 20
142.12846301849612
 10
159.80613254815975
 20
142.12846301849612
 10
159.80613254815975
 20
142.9332008726204
  0
LWPOLYLINE
  5
224
330
17
100
AcDbEntity
  8
ENG_K
100
AcDbPolyline
 90
5
 70
1
 10
159.80613254815975
 20
93.57379737701987
 10
159.80613254815975
 20
94.37853523114414
 10
160.3805427337424
 20
94.95294541672705
 10
160.8402587469781
 20
93.57379737701987
 10
159.80613254815975
 20
93.57379737701987
  0
LWPOLYLINE
  5
225
330
17
100
AcDbEntity
  8
ENG_K
100
AcDbPolyline
 90
4
 70
1
 10
159.57043028776425
 20
99.60442507436551
 10
159.57043028776425
 20
101.21390078261405
 10
160.3751681418886
 20
100.40916292848978
 10
159.57043028776425
 20
99.60442507436551
  0
LWPOLYLINE
  5
226
330
17
100
AcDbEntity
  8
ENG_K
100
AcDbPolyline
 90
7
 70
1
 10
154.93922779232852
 20
163.21642114366307
 10
154.6063850798539
 20
165.54632013098546
 10
155.95742700824613
 20
166.89736205937777
 10
160.7513411581529
 20
165.93857922939637
 10
160.74225646531784
 20
165.78813321781172
 10
156.63081319789632
 20
165.47186835108684
 10
154.93922779232852
 20
163.21642114366307
  0
LWPOLYLINE
  5
227
330
17
100
AcDbEntity
  8
ENG_K
100
AcDbPolyline
 90
5
 70
1
 10
156.90049138316513
 20
140.28515428629572
 10
157.28770879507582
 20
141.44680652202769
 10
159.41194206761708
 20
141.14334462595025
 10
159.02472465570642
 20
139.9816923902184
 10
156.90049138316513
 20
140.28515428629572
  0
LWPOLYLINE
  5
228
330
17
100
AcDbEntity
  8
ENG_K
100
AcDbPolyline
 90
5
 70
1
 10
159.3519019673939
 20
27.35473481464212
 10
158.91749336766404
 20
26.05150901545239
 10
157.43669586865303
 20
28.71694451367235
 10
157.8327019406252
 20
30.69697487353329
 10
159.3519019673939
 20
27.35473481464212
  0
LWPOLYLINE
  5
229
330
17
100
AcDbEntity
  8
ENG_K
100
AcDbPolyline
 90
9
 70
1
 10
153.18764199854544
 20
53.97581763057313
 10
153.4737345614936
 20
57.695020948898446
 10
155.16345224245555
 20
56.568542494923825
 10
155.85086561797849
 20
56.568542494923825
 10
156.37860250612766
 20
58.6794900475206
 10
159.1685149803
 20
55.88957757334833
 10
154.3552034904677
 20
55.63624538967282
 10
154.11799952488204
 20
53.97581763057313
 10
153.18764199854544
 20
53.97581763057313
  0
LWPOLYLINE
  5
22A
330
17
100
AcDbEntity
  8
ENG_K
100
AcDbPolyline
 90
4
 70
1
 10
158.15621672539112
 20
70.10120241040596
 10
158.9609545795155
 20
69.29646455628169
 10
158.15621672539112
 20
68.49172670215742
 10
158.15621672539112
 20
70.10120241040596
  0
LWPOLYLINE
  5
22B
330
17
100
AcDbEntity
  8
ENG_K
100
AcDbPolyline
 90
4
 70
1
 10
158.48955005872443
 20
68.82506003549061
 10
157.6848122046001
 20
68.02032218136634
 10
157.6848122046001
 20
69.6297978896152
 10
158.48955005872443
 20
68.82506003549061
  0
LWPOLYLINE
  5
22C
330
17
100
AcDbEntity
  8
ENG_K
100
AcDbPolyline
 90
4
 70
1
 10
157.21340768380907
 20
67.54891766057536
 10
157.21340768380907
 20
69.1583933688239
 10
158.0181455379334
 20
68.35365551469962
 10
157.21340768380907
 20
67.54891766057536
  0
LWPOLYLINE
  5
22D
330
17
100
AcDbEntity
  8
ENG_K
100
AcDbPolyline
 90
4
 70
1
 10
156.74200316301804
 20
68.68698884803315
 10
157.54674101714235
 20
67.88225099390854
 10
156.74200316301804
 20
67.07751313978427
 10
156.74200316301804
 20
68.68698884803315
  0
LWPOLYLINE
  5
22E
330
17
100
AcDbEntity
  8
ENG_K
100
AcDbPolyline
 90
4
 70
1
 10
157.54674101714238
 20
32.05550741379015
 10
156.74200316301804
 20
31.25076955966588
 10
156.74200316301804
 20
32.86024526791442
 10
157.54674101714238
 20
32.05550741379015
  0
LWPOLYLINE
  5
22F
330
17
100
AcDbEntity
  8
ENG_K
100
AcDbPolyline
 90
6
 70
1
 10
155.36285512331096
 20
143.40997998526538
 10
156.69969381205433
 20
143.85559288151308
 10
157.01377015259834
 20
141.65705849770515
 10
156.0348963818315
 20
141.65705849770515
 10
156.0348963818315
 20
142.73793872674477
 10
155.36285512331096
 20
143.40997998526538
  0
LWPOLYLINE
  5
230
330
17
100
AcDbEntity
  8
ENG_K
100
AcDbPolyline
 90
4
 70
1
 10
156.27059864222701
 20
33.331649788705505
 10
157.07533649635133
 20
32.526911934581236
 10
156.27059864222701
 20
31.722174080456632
 10
156.27059864222701
 20
33.331649788705505
  0
LWPOLYLINE
  5
231
330
17
100
AcDbEntity
  8
ENG_K
100
AcDbPolyline
 90
4
 70
1
 10
156.27059864222701
 20
66.1347040982022
 10
156.27059864222701
 20
67.74417980645109
 10
157.07533649635133
 20
66.93944195232649
 10
156.27059864222701
 20
66.1347040982022
  0
LWPOLYLINE
  5
232
330
17
100
AcDbEntity
  8
ENG_K
100
AcDbPolyline
 90
5
 70
1
 10
156.72183629755756
 20
140.32030914280924
 10
156.9865967427184
 20
133.1717771234665
 10
156.0348963818315
 20
133.1717771234665
 10
156.0348963818315
 20
139.63336922708325
 10
156.72183629755756
 20
140.32030914280924
  0
LWPOLYLINE
  5
233
330
17
100
AcDbEntity
  8
ENG_K
100
AcDbPolyline
 90
5
 70
1
 10
157.01167549447635
 20
130.17130874019978
 10
156.65537210112245
 20
129.10239856013828
 10
155.36285512331096
 20
129.53323755274204
 10
156.50630090262254
 20
130.67668333205373
 10
157.01167549447635
 20
130.17130874019978
  0
LWPOLYLINE
  5
234
330
17
100
AcDbEntity
  8
ENG_K
100
AcDbPolyline
 90
4
 70
1
 10
155.799194121436
 20
67.27277528565978
 10
156.60393197556033
 20
66.4680374315355
 10
155.799194121436
 20
65.66329957741124
 10
155.799194121436
 20
67.27277528565978
  0
LWPOLYLINE
  5
235
330
17
100
AcDbEntity
  8
ENG_K
100
AcDbPolyline
 90
4
 70
1
 10
156.13252745476927
 20
65.99663291074442
 10
155.32778960064493
 20
65.19189505662015
 10
155.32778960064493
 20
66.80137076486903
 10
156.13252745476927
 20
65.99663291074442
  0
LWPOLYLINE
  5
236
330
17
100
AcDbEntity
  8
ENG_K
100
AcDbPolyline
 90
4
 70
1
 10
155.66112293397825
 20
142.8355697996826
 10
154.8563850798539
 20
142.03083194555833
 10
154.8563850798539
 20
143.64030765380718
 10
155.66112293397825
 20
142.8355697996826
  0
LWPOLYLINE
  5
237
330
17
100
AcDbEntity
  8
ENG_K
100
AcDbPolyline
 90
5
 70
1
 10
155.59113149022343
 20
107.71593300075078
 10
154.6206828194584
 20
107.71593300075078
 10
154.6206828194584
 20
109.93488441724818
 10
155.27219148149717
 20
110.58639307928719
 10
155.59113149022343
 20
107.71593300075078
  0
LWPOLYLINE
  5
238
330
17
100
AcDbEntity
  8
ENG_K
100
AcDbPolyline
 90
4
 70
1
 10
155.66112293397828
 20
65.05382386916236
 10
154.8563850798539
 20
64.24908601503809
 10
154.8563850798539
 20
65.85856172328664
 10
155.66112293397828
 20
65.05382386916236
  0
LWPOLYLINE
  5
239
330
17
100
AcDbEntity
  8
ENG_K
100
AcDbPolyline
 90
4
 70
1
 10
155.18971841318722
 20
162.63455967290597
 10
154.38498055906288
 20
161.82982181878168
 10
154.38498055906288
 20
163.43929752703056
 10
155.18971841318722
 20
162.63455967290597
  0
LWPOLYLINE
  5
23A
330
17
100
AcDbEntity
  8
ENG_K
100
AcDbPolyline
 90
5
 70
1
 10
154.79944502464366
 20
111.79520856630742
 10
155.14389561696396
 20
110.07295560470598
 10
154.23930855091325
 20
110.07295560470598
 10
153.5812196350455
 20
111.38913343644141
 10
154.79944502464366
 20
111.79520856630742
  0
LWPOLYLINE
  5
23B
330
17
100
AcDbEntity
  8
ENG_K
100
AcDbPolyline
 90
4
 70
1
 10
153.91357603827186
 20
160.88701277719963
 10
153.91357603827186
 20
162.49648848544817
 10
154.7183138923962
 20
161.6917506313239
 10
153.91357603827186
 20
160.88701277719963
  0
LWPOLYLINE
  5
23C
330
17
100
AcDbEntity
  8
ENG_K
100
AcDbPolyline
 90
4
 70
1
 10
153.91357603827186
 20
143.1689031330159
 10
154.7183138923962
 20
142.36416527889162
 10
153.91357603827186
 20
141.55942742476734
 10
153.91357603827186
 20
143.1689031330159
  0
LWPOLYLINE
  5
23D
330
17
100
AcDbEntity
  8
ENG_K
100
AcDbPolyline
 90
4
 70
1
 10
153.91357603827186
 20
61.61592103616742
 10
154.71831389239617
 20
60.81118318204315
 10
153.91357603827186
 20
60.00644532791854
 10
153.91357603827186
 20
61.61592103616742
  0
LWPOLYLINE
  5
23E
330
17
100
AcDbEntity
  8
ENG_K
100
AcDbPolyline
 90
4
 70
1
 10
153.44217151748083
 20
161.08227492307515
 10
154.24690937160514
 20
160.27753706895086
 10
153.44217151748083
 20
159.47279921482627
 10
153.44217151748083
 20
161.08227492307515
  0
LWPOLYLINE
  5
23F
330
17
100
AcDbEntity
  8
ENG_K
100
AcDbPolyline
 90
4
 70
1
 10
153.44217151748083
 20
60.47784984870985
 10
153.44217151748083
 20
62.0873255569584
 10
154.24690937160517
 20
61.28258770283412
 10
153.44217151748083
 20
60.47784984870985
  0
LWPOLYLINE
  5
240
330
17
100
AcDbEntity
  8
ENG_K
100
AcDbPolyline
 90
4
 70
1
 10
152.02795795510772
 20
25.59391531017352
 10
152.02795795510772
 20
27.203391018422064
 10
152.8326958092321
 20
26.39865316429779
 10
152.02795795510772
 20
25.59391531017352
  0
LWPOLYLINE
  5
241
330
17
100
AcDbEntity
  8
ENG_K
100
AcDbPolyline
 90
5
 70
1
 10
151.79225569471222
 20
201.05402811737505
 10
151.79225569471222
 20
201.85876597149942
 10
152.36666588029493
 20
202.43317615708202
 10
152.82638189353057
 20
201.05402811737505
 10
151.79225569471222
 20
201.05402811737505
  0
LWPOLYLINE
  5
242
330
17
100
AcDbEntity
  8
ENG_K
100
AcDbPolyline
 90
8
 70
1
 10
148.79394399259786
 20
174.89107721347287
 10
148.41521000892658
 20
176.02727916448669
 10
150.42319947495247
 20
176.31413480249037
 10
152.7848283268027
 20
175.00211877368477
 10
152.42146831158732
 20
173.91203872803862
 10
150.90479680371527
 20
174.21537302961298
 10
150.67956207576196
 20
174.89107721347287
 10
148.79394399259786
 20
174.89107721347287
  0
LWPOLYLINE
  5
243
330
17
100
AcDbEntity
  8
ENG_K
100
AcDbPolyline
 90
5
 70
1
 10
151.8952613595038
 20
203.3759851986643
 10
152.35497737273954
 20
201.99683715895722
 10
151.32085117392117
 20
201.99683715895722
 10
151.32085117392117
 20
202.8015750130815
 10
151.8952613595038
 20
203.3759851986643
  0
LWPOLYLINE
  5
244
330
17
100
AcDbEntity
  8
ENG_K
100
AcDbPolyline
 90
4
 70
1
 10
151.08514891352564
 20
202.84201512760148
 10
151.08514891352564
 20
204.45149083585002
 10
151.88988676765
 20
203.64675298172574
 10
151.08514891352564
 20
202.84201512760148
  0
LWPOLYLINE
  5
245
330
17
100
AcDbEntity
  8
ENG_K
100
AcDbPolyline
 90
8
 70
1
 10
148.06300884541804
 20
48.6942860314481
 10
150.28041105940127
 20
50.91168824543146
 10
150.94707772606802
 20
50.91168824543146
 10
151.38844956397872
 20
50.470316407520535
 10
150.3255097908758
 20
48.87590674786624
 10
147.54961500759296
 20
46.10001196458335
 10
147.02711954385472
 20
46.622507428321526
 10
148.06300884541804
 20
48.6942860314481
  0
LWPOLYLINE
  5
246
330
17
100
AcDbEntity
  8
ENG_K
100
AcDbPolyline
 90
4
 70
1
 10
148.72812630957048
 20
106.6754928862308
 10
148.72812630957048
 20
109.22777763606173
 10
150.00426868448588
 20
107.95163526114627
 10
148.72812630957048
 20
106.6754928862308
  0
LWPOLYLINE
  5
247
330
17
100
AcDbEntity
  8
ENG_K
100
AcDbPolyline
 90
5
 70
1
 10
149.4540603492969
 20
136.47160876900378
 10
148.49242404917499
 20
136.47160876900378
 10
148.49242404917499
 20
139.63336922708325
 10
149.15953200942536
 20
140.3004771873335
 10
149.4540603492969
 20
136.47160876900378
  0
LWPOLYLINE
  5
248
330
17
100
AcDbEntity
  8
ENG_K
100
AcDbPolyline
 90
4
 70
1
 10
148.72812630957048
 20
100.54723411594757
 10
148.72812630957048
 20
102.15670982419611
 10
149.53286416369485
 20
101.35197197007184
 10
148.72812630957048
 20
100.54723411594757
  0
LWPOLYLINE
  5
249
330
17
100
AcDbEntity
  8
ENG_K
100
AcDbPolyline
 90
5
 70
1
 10
149.1304952366327
 20
174.21256591149515
 10
149.47129781994184
 20
171.82694782833107
 10
148.49242404917499
 20
171.82694782833107
 10
148.49242404917499
 20
173.57449472403752
 10
149.1304952366327
 20
174.21256591149515
  0
LWPOLYLINE
  5
24A
330
17
100
AcDbEntity
  8
ENG_K
100
AcDbPolyline
 90
5
 70
1
 10
147.07821048680185
 20
46.766678631249945
 10
147.62176726192789
 20
46.22312185612398
 10
146.22601615936588
 20
44.26907031253713
 10
144.99195566590828
 20
44.68042381035631
 10
147.07821048680185
 20
46.766678631249945
  0
LWPOLYLINE
  5
24B
330
17
100
AcDbEntity
  8
ENG_K
100
AcDbPolyline
 90
5
 70
1
 10
145.37770794905504
 20
126.8673580679206
 10
145.68023361056487
 20
122.32947314527276
 10
144.7636605102904
 20
122.32947314527276
 10
144.2364896315844
 20
124.96532753880297
 10
145.37770794905504
 20
126.8673580679206
  0
LWPOLYLINE
  5
24C
330
17
100
AcDbEntity
  8
ENG_K
100
AcDbPolyline
 90
5
 70
1
 10
144.72118788284675
 20
112.76331154199448
 10
145.37269654488554
 20
113.41482020403315
 10
145.69163655361177
 20
110.54436012549695
 10
144.72118788284675
 20
110.54436012549695
 10
144.72118788284675
 20
112.76331154199448
  0
LWPOLYLINE
  5
24D
330
17
100
AcDbEntity
  8
ENG_K
100
AcDbPolyline
 90
5
 70
1
 10
144.81121813509262
 20
106.77312395916871
 10
144.2168031340915
 20
107.96195396117092
 10
145.34974101912405
 20
109.85018376955857
 10
145.69163655361177
 20
106.77312395916871
 10
144.81121813509262
 20
106.77312395916871
  0
LWPOLYLINE
  5
24E
330
17
100
AcDbEntity
  8
ENG_K
100
AcDbPolyline
 90
17
 70
1
 10
141.4213562373095
 20
171.96501901578876
 10
140.71827936999622
 20
172.66809588310218
 10
144.09919747076484
 20
173.4483077525103
 10
144.66009407550817
 20
174.3831354270825
 10
143.63395170059277
 20
175.4092778019979
 10
145.39835032844584
 20
176.46791697870978
 10
145.6716171511117
 20
172.9154482840538
 10
145.19259240363778
 20
172.43642353657984
 10
145.19259240363778
 20
170.55080545341573
 10
144.34741443499354
 20
169.70562748477147
 10
141.99039183103835
 20
169.70562748477147
 10
141.4213562373095
 20
169.13659189104268
 10
141.4213562373095
 20
167.74144198147556
 10
138.47507798236558
 20
163.81307097488363
 10
136.99812274597392
 20
163.81307097488363
 10
141.4213562373095
 20
171.18512679377628
 10
141.4213562373095
 20
171.96501901578876
  0
LWPOLYLINE
  5
24F
330
17
100
AcDbEntity
  8
ENG_K
100
AcDbPolyline
 90
5
 70
1
 10
138.98248452772341
 20
176.91929683879482
 10
140.11197809983187
 20
177.2957946961643
 10
141.01104552385704
 20
175.79734898945566
 10
139.92763718136524
 20
174.7139406469639
 10
138.98248452772341
 20
176.91929683879482
  0
LWPOLYLINE
  5
250
330
17
100
AcDbEntity
  8
ENG_K
100
AcDbPolyline
 90
8
 70
1
 10
140.94995171651848
 20
157.68481220460018
 10
139.64529639293826
 20
157.68481220460018
 10
136.69274117934023
 20
162.11364502499725
 10
137.07334646697416
 20
164.01667146316677
 10
138.51033346107687
 20
161.43009487378202
 10
139.67336100163618
 20
161.19748936567024
 10
140.94995171651848
 20
159.4102623648348
 10
140.94995171651848
 20
157.68481220460018
  0
LWPOLYLINE
  5
251
330
17
100
AcDbEntity
  8
ENG_K
100
AcDbPolyline
 90
4
 70
1
 10
138.82863137295882
 20
176.4433619633037
 10
138.82863137295882
 20
178.05283767155257
 10
139.63336922708316
 20
177.24809981742794
 10
138.82863137295882
 20
176.4433619633037
  0
LWPOLYLINE
  5
252
330
17
100
AcDbEntity
  8
ENG_K
100
AcDbPolyline
 90
5
 70
1
 10
138.22453025656398
 20
181.2199727214856
 10
138.68424626979962
 20
179.84082468177866
 10
137.65012007098127
 20
179.84082468177866
 10
137.65012007098127
 20
180.64556253590303
 10
138.22453025656398
 20
181.2199727214856
  0
LWPOLYLINE
  5
253
330
17
100
AcDbEntity
  8
ENG_K
100
AcDbPolyline
 90
4
 70
1
 10
137.41441781058575
 20
178.80038456725887
 10
137.41441781058575
 20
180.40986027550744
 10
138.21915566471012
 20
179.60512242138316
 10
137.41441781058575
 20
178.80038456725887
  0
LWPOLYLINE
  5
254
330
17
100
AcDbEntity
  8
ENG_K
100
AcDbPolyline
 90
5
 70
1
 10
137.7019283476958
 20
112.90138272945217
 10
136.7073110293992
 20
112.90138272945217
 10
136.7073110293992
 20
114.17752510436752
 10
137.32346839882715
 20
114.7936824737954
 10
137.7019283476958
 20
112.90138272945217
  0
LWPOLYLINE
  5
255
330
17
100
AcDbEntity
  8
ENG_K
100
AcDbPolyline
 90
4
 70
1
 10
136.94301328979472
 20
126.47448275945405
 10
136.94301328979472
 20
128.08395846770293
 10
137.74775114391903
 20
127.27922061357866
 10
136.94301328979472
 20
126.47448275945405
  0
LWPOLYLINE
  5
256
330
17
100
AcDbEntity
  8
ENG_K
100
AcDbPolyline
 90
4
 70
1
 10
136.94301328979472
 20
29.836555997292514
 10
136.94301328979472
 20
31.446031705541387
 10
137.74775114391903
 20
30.641293851417117
 10
136.94301328979472
 20
29.836555997292514
  0
LWPOLYLINE
  5
257
330
17
100
AcDbEntity
  8
ENG_K
100
AcDbPolyline
 90
10
 70
1
 10
131.4852273169114
 20
126.20214651527229
 10
130.45290823751316
 20
127.75062513436963
 10
128.99495411937454
 20
127.75062513436963
 10
128.6457392972154
 20
128.79826960084705
 10
130.14418500392404
 20
129.6973370248723
 10
130.6766833320536
 20
129.16483869674266
 10
132.40902858637625
 20
129.16483869674266
 10
133.54514591361985
 20
129.73289736036452
 10
133.9128539757158
 20
128.62977317407663
 10
131.4852273169114
 20
126.20214651527229
  0
LWPOLYLINE
  5
258
330
17
100
AcDbEntity
  8
ENG_K
100
AcDbPolyline
 90
4
 70
1
 10
134.04673329659641
 20
152.26976577177754
 10
132.08600243965842
 20
153.25013120024644
 10
133.5565505823619
 20
153.74031391448085
 10
134.04673329659641
 20
152.26976577177754
  0
LWPOLYLINE
  5
259
330
17
100
AcDbEntity
  8
ENG_K
100
AcDbPolyline
 90
5
 70
1
 10
132.93607486307093
 20
129.87194547792924
 10
132.93607486307093
 20
130.6766833320536
 10
133.51048504865363
 20
131.2510935176362
 10
133.97020106188927
 20
129.87194547792924
 10
132.93607486307093
 20
129.87194547792924
  0
LWPOLYLINE
  5
25A
330
17
100
AcDbEntity
  8
ENG_K
100
AcDbPolyline
 90
10
 70
1
 10
129.34649646663564
 20
12.967085274821045
 10
126.62409518399578
 20
14.056045787877114
 10
127.71408786877033
 20
15.146038472651501
 10
130.17293348495642
 20
13.670731102939925
 10
131.42423022776
 20
13.670731102939925
 10
132.9360748630709
 20
15.182575738250769
 10
133.40747938386195
 20
14.711171217459796
 10
133.40747938386195
 20
13.573100030002117
 10
132.55468118853483
 20
12.720301834674984
 10
129.34649646663564
 20
12.967085274821045
  0
LWPOLYLINE
  5
25B
330
17
100
AcDbEntity
  8
ENG_K
100
AcDbPolyline
 90
7
 70
1
 10
125.62930479080994
 20
24.96686395723946
 10
125.86845391871368
 20
24.990544387560544
 10
126.31268736466753
 20
22.76937715779137
 10
127.75062513436957
 20
21.810751977989984
 10
127.75062513436957
 20
20.620502313645094
 10
125.62930479080994
 20
19.10527349681668
 10
125.62930479080994
 20
24.96686395723946
  0
LWPOLYLINE
  5
25C
330
17
100
AcDbEntity
  8
ENG_K
100
AcDbPolyline
 90
4
 70
1
 10
126.43404264493427
 20
26.870057685088767
 10
125.62930479080994
 20
26.065319830964494
 10
125.62930479080994
 20
27.67479553921337
 10
126.43404264493427
 20
26.870057685088767
  0
LWPOLYLINE
  5
25D
330
17
100
AcDbEntity
  8
ENG_K
100
AcDbPolyline
 90
4
 70
1
 10
125.62930479080994
 20
54.07344870351116
 10
126.43404264493427
 20
53.26871084938656
 10
125.62930479080994
 20
52.46397299526229
 10
125.62930479080994
 20
54.07344870351116
  0
LWPOLYLINE
  5
25E
330
17
100
AcDbEntity
  8
ENG_K
100
AcDbPolyline
 90
5
 70
1
 10
125.53835537905134
 20
52.568285729379106
 10
125.91681532791998
 20
50.67598598503598
 10
124.9221980096234
 20
50.67598598503598
 10
124.9221980096234
 20
51.95212835995133
 10
125.53835537905134
 20
52.568285729379106
  0
LWPOLYLINE
  5
25F
330
17
100
AcDbEntity
  8
ENG_K
100
AcDbPolyline
 90
5
 70
1
 10
125.48491968765072
 20
49.73317694345391
 10
124.45079348883237
 20
49.73317694345391
 10
124.45079348883237
 20
50.53791479757819
 10
125.02520367441502
 20
51.112324983161095
 10
125.48491968765072
 20
49.73317694345391
  0
LWPOLYLINE
  5
260
330
17
100
AcDbEntity
  8
ENG_K
100
AcDbPolyline
 90
4
 70
1
 10
124.586324938883
 20
50.17636411801818
 10
124.96860138265828
 20
46.73587612404062
 10
123.43949560755713
 20
47.50042901159113
 10
124.586324938883
 20
50.17636411801818
  0
LWPOLYLINE
  5
261
330
17
100
AcDbEntity
  8
ENG_K
100
AcDbPolyline
 90
5
 70
1
 10
121.29571469193202
 20
23.81260996112644
 10
121.67417464080069
 20
21.92031021678298
 10
120.67955732250411
 20
21.92031021678298
 10
120.67955732250411
 20
23.196452591698336
 10
121.29571469193202
 20
23.81260996112644
  0
LWPOLYLINE
  5
262
330
17
100
AcDbEntity
  8
ENG_K
100
AcDbPolyline
 90
4
 70
1
 10
115.72980985419828
 20
18.246705123392438
 10
116.53454770832263
 20
17.441967269268165
 10
115.72980985419828
 20
16.637229415143896
 10
115.72980985419828
 20
18.246705123392438
  0
LWPOLYLINE
  5
263
330
17
100
AcDbEntity
  8
ENG_K
100
AcDbPolyline
 90
4
 70
1
 10
112.42997820866105
 20
103.09951886577818
 10
113.23471606278541
 20
102.2947810116539
 10
112.42997820866105
 20
101.49004315752963
 10
112.42997820866105
 20
103.09951886577818
  0
LWPOLYLINE
  5
264
330
17
100
AcDbEntity
  8
ENG_K
100
AcDbPolyline
 90
5
 70
1
 10
112.28559310550182
 20
20.97750117520092
 10
111.25146690668349
 20
20.97750117520092
 10
111.25146690668349
 20
21.7822390293253
 10
111.82587709226617
 20
22.356649214907875
 10
112.28559310550182
 20
20.97750117520092
  0
LWPOLYLINE
  5
265
330
17
100
AcDbEntity
  8
ENG_K
100
AcDbPolyline
 90
4
 70
1
 10
111.01576464628798
 20
83.1052668466794
 10
111.01576464628798
 20
84.71474255492795
 10
111.82050250041233
 20
83.91000470080368
 10
111.01576464628798
 20
83.1052668466794
  0
LWPOLYLINE
  5
266
330
17
100
AcDbEntity
  8
ENG_K
100
AcDbPolyline
 90
4
 70
1
 10
111.01576464628798
 20
19.465656539890077
 10
111.01576464628798
 20
21.075132248138615
 10
111.82050250041233
 20
20.270394394014346
 10
111.01576464628798
 20
19.465656539890077
  0
LWPOLYLINE
  5
267
330
17
100
AcDbEntity
  8
ENG_K
100
AcDbPolyline
 90
4
 70
1
 10
102.5304832720494
 20
224.72188522986403
 10
103.33522112617375
 20
223.9171473757402
 10
102.5304832720494
 20
223.11240952161572
 10
102.5304832720494
 20
224.72188522986403
  0
LWPOLYLINE
  5
268
330
17
100
AcDbEntity
  8
ENG_K
100
AcDbPolyline
 90
5
 70
1
 10
99.26571714917837
 20
230.14841181081502
 10
100.47282393036484
 20
230.5507807378775
 10
101.08120418701012
 20
229.94240048123206
 10
99.87409740582363
 20
229.5400315541696
 10
99.26571714917837
 20
230.14841181081502
  0
LWPOLYLINE
  5
269
330
17
100
AcDbEntity
  8
ENG_K
100
AcDbPolyline
 90
5
 70
1
 10
93.40175611849928
 20
183.41032865877426
 10
94.01013637514474
 20
182.8019484021286
 10
92.80302959395829
 20
182.39957947506647
 10
92.19464933731274
 20
183.0079597317119
 10
93.40175611849928
 20
183.41032865877426
  0
LWPOLYLINE
  5
26A
330
17
100
AcDbEntity
  8
ENG_K
100
AcDbPolyline
 90
4
 70
1
 10
92.1595838146467
 20
182.57162073358714
 10
92.1595838146467
 20
184.18109644183568
 10
92.96432166877105
 20
183.3763585877114
 10
92.1595838146467
 20
182.57162073358714
  0
LWPOLYLINE
  5
26B
330
17
100
AcDbEntity
  8
ENG_K
100
AcDbPolyline
 90
18
 70
1
 10
90.03826347108705
 20
172.81222949735698
 10
88.97925036912696
 20
173.02403211774896
 10
88.15264538792293
 20
173.85063709895297
 10
88.15264538792293
 20
175.51259178853974
 10
92.06385796291643
 20
177.3378243235366
 10
92.429256146105
 20
176.24162977397083
 10
91.45247703346014
 20
175.26485066132602
 10
91.45247703346014
 20
173.57449472403752
 10
91.92388155425118
 20
173.10309020324655
 10
91.92388155425118
 20
169.80325855770928
 10
92.5397132157141
 20
169.18742689624645
 10
91.02420204184861
 20
168.27812019192712
 10
89.08271374872268
 20
168.66641785055225
 10
90.50966799187808
 20
169.37989497213002
 10
90.50966799187808
 20
170.55080545341573
 10
89.46922787735821
 20
171.5912455679356
 10
90.03826347108705
 20
172.1602811616644
 10
90.03826347108705
 20
172.81222949735698
  0
LWPOLYLINE
  5
26C
330
17
100
AcDbEntity
  8
ENG_K
100
AcDbPolyline
 90
4
 70
1
 10
90.13589454402485
 20
184.79057215008444
 10
89.33115668990051
 20
183.98583429596016
 10
89.33115668990051
 20
185.59531000420904
 10
90.13589454402485
 20
184.79057215008444
  0
LWPOLYLINE
  5
26D
330
17
100
AcDbEntity
  8
ENG_K
100
AcDbPolyline
 90
4
 70
1
 10
90.13589454402485
 20
168.29141392239833
 10
89.33115668990051
 20
167.48667606827405
 10
89.33115668990051
 20
169.09615177652293
 10
90.13589454402485
 20
168.29141392239833
  0
LWPOLYLINE
  5
26E
330
17
100
AcDbEntity
  8
ENG_K
100
AcDbPolyline
 90
4
 70
1
 10
86.03132504436329
 20
165.60105798510995
 10
86.03132504436329
 20
167.2105336933588
 10
86.83606289848763
 20
166.4057958392342
 10
86.03132504436329
 20
165.60105798510995
  0
LWPOLYLINE
  5
26F
330
17
100
AcDbEntity
  8
ENG_K
100
AcDbPolyline
 90
5
 70
1
 10
85.26177812657228
 20
173.79919697339074
 10
85.6465515854678
 20
174.95351735007725
 10
86.80087196215429
 20
174.5687438911818
 10
86.41609850325875
 20
173.4144235144952
 10
85.26177812657228
 20
173.79919697339074
  0
LWPOLYLINE
  5
270
330
17
100
AcDbEntity
  8
ENG_K
100
AcDbPolyline
 90
5
 70
1
 10
83.91000470080365
 20
37.80999273622032
 10
84.40353959135086
 20
38.303527626767696
 10
86.51325116349676
 20
35.591041319722905
 10
83.91000470080365
 20
35.591041319722905
 10
83.91000470080365
 20
37.80999273622032
  0
LWPOLYLINE
  5
271
330
17
100
AcDbEntity
  8
ENG_K
100
AcDbPolyline
 90
4
 70
1
 10
84.6171114819902
 20
187.48092808737314
 10
85.42184933611453
 20
186.67619023324855
 10
84.6171114819902
 20
185.8714523791243
 10
84.6171114819902
 20
187.48092808737314
  0
LWPOLYLINE
  5
272
330
17
100
AcDbEntity
  8
ENG_K
100
AcDbPolyline
 90
5
 70
1
 10
83.35526684667929
 20
28.741378028648512
 10
82.70289791961709
 20
29.39374695571062
 10
84.93614707571903
 20
29.71278254943943
 10
85.58851600278122
 20
29.060413622377325
 10
83.35526684667929
 20
28.741378028648512
  0
LWPOLYLINE
  5
273
330
17
100
AcDbEntity
  8
ENG_K
100
AcDbPolyline
 90
4
 70
1
 10
84.00763577374144
 20
39.12657522565566
 10
83.20289791961709
 20
38.32183737153139
 10
83.20289791961709
 20
39.931313079779926
 10
84.00763577374144
 20
39.12657522565566
  0
LWPOLYLINE
  5
274
330
17
100
AcDbEntity
  8
ENG_K
100
AcDbPolyline
 90
4
 70
1
 10
82.73149339882606
 20
40.402717600571236
 10
83.5362312529504
 20
39.59797974644663
 10
82.73149339882606
 20
38.793241892322364
 10
82.73149339882606
 20
40.402717600571236
  0
LWPOLYLINE
  5
275
330
17
100
AcDbEntity
  8
ENG_K
100
AcDbPolyline
 90
6
 70
1
 10
83.84291102045388
 20
29.30650794523293
 10
83.84125789497313
 20
29.30185178657596
 10
78.25192004818983
 20
30.100328621830652
 10
78.25466838389326
 20
30.276265039116623
 10
81.6060271952171
 20
30.64863824037478
 10
83.84291102045388
 20
29.30650794523293
  0
LWPOLYLINE
  5
276
330
17
100
AcDbEntity
  8
ENG_K
100
AcDbPolyline
 90
4
 70
1
 10
82.26008887803503
 20
39.26464641311345
 10
82.26008887803503
 20
40.87412212136199
 10
83.06482673215939
 20
40.069384267237716
 10
82.26008887803503
 20
39.26464641311345
  0
LWPOLYLINE
  5
277
330
17
100
AcDbEntity
  8
ENG_K
100
AcDbPolyline
 90
5
 70
1
 10
79.19595949289332
 20
44.40965602729485
 10
79.770369678476
 20
44.98406621287743
 10
80.23008569171168
 20
43.60491817317047
 10
79.19595949289332
 20
43.60491817317047
 10
79.19595949289332
 20
44.40965602729485
  0
LWPOLYLINE
  5
278
330
17
100
AcDbEntity
  8
ENG_K
100
AcDbPolyline
 90
5
 70
1
 10
78.78821597397726
 20
31.146668443270965
 10
79.3965962306228
 20
30.53828818662552
 10
78.18948944943625
 20
30.13591925956316
 10
77.58110919279079
 20
30.744299516208827
 10
78.78821597397726
 20
31.146668443270965
  0
LWPOLYLINE
  5
279
330
17
100
AcDbEntity
  8
ENG_K
100
AcDbPolyline
 90
5
 70
1
 10
78.02412985209493
 20
30.96794552357118
 10
76.29006299456181
 20
30.621132152064632
 10
75.6537439257814
 20
31.257451220845
 10
77.38781078331452
 20
31.604264592351548
 10
78.02412985209493
 20
30.96794552357118
  0
LWPOLYLINE
  5
27A
330
17
100
AcDbEntity
  8
ENG_K
100
AcDbPolyline
 90
5
 70
1
 10
73.7462120245876
 20
31.750769559665827
 10
75.97946118068941
 20
32.06980515339464
 10
76.6318301077516
 20
31.41743622633253
 10
74.39858095164962
 20
31.098400632603607
 10
73.7462120245876
 20
31.750769559665827
  0
LWPOLYLINE
  5
27B
330
17
100
AcDbEntity
  8
ENG_K
100
AcDbPolyline
 90
7
 70
1
 10
69.71103081308358
 20
43.83555194398036
 10
67.86932056866048
 20
44.94057809063434
 10
70.7972406440736
 20
45.26590254345797
 10
71.29319375055688
 20
44.76994943697476
 10
74.01339302660196
 20
44.38134954039696
 10
74.00637701105659
 20
44.165963189978456
 10
69.71103081308358
 20
43.83555194398036
  0
LWPOLYLINE
  5
27C
330
17
100
AcDbEntity
  8
ENG_K
100
AcDbPolyline
 90
9
 70
1
 10
71.6478181202328
 20
26.501953277239586
 10
72.12489168102785
 20
26.024879716444516
 10
72.12489168102785
 20
24.748737341529157
 10
68.37648808081732
 20
24.748737341529157
 10
68.36125810280481
 20
24.842588694800494
 10
70.71862694752093
 20
25.62837830970599
 10
71.00218589963154
 20
31.583116304028657
 10
71.34881227161311
 20
31.585052703774096
 10
71.6478181202328
 20
26.501953277239586
  0
LWPOLYLINE
  5
27D
330
17
100
AcDbEntity
  8
ENG_K
100
AcDbPolyline
 90
4
 70
1
 10
70.94638037905027
 20
31.25076955966588
 10
70.94638037905027
 20
32.86024526791442
 10
71.75111823317462
 20
32.05550741379015
 10
70.94638037905027
 20
31.25076955966588
  0
LWPOLYLINE
  5
27E
330
17
100
AcDbEntity
  8
ENG_K
100
AcDbPolyline
 90
5
 70
1
 10
69.3830270817005
 20
24.995508149443623
 10
70.04560429125831
 20
24.332930939885866
 10
67.32428394769869
 20
24.03056201282372
 10
66.66170673814086
 20
24.693139222381475
 10
69.3830270817005
 20
24.995508149443623
  0
LWPOLYLINE
  5
27F
330
17
100
AcDbEntity
  8
ENG_K
100
AcDbPolyline
 90
4
 70
1
 10
67.03707302526429
 20
45.2548339959391
 10
66.23233517113995
 20
44.4500961418145
 10
66.23233517113995
 20
46.05957185006338
 10
67.03707302526429
 20
45.2548339959391
  0
LWPOLYLINE
  5
280
330
17
100
AcDbEntity
  8
ENG_K
100
AcDbPolyline
 90
5
 70
1
 10
65.1312932427477
 20
46.21780473687353
 10
65.76761231152811
 20
45.581485668093165
 10
64.03354545399498
 20
45.23467229658662
 10
63.39722638521457
 20
45.87099136536699
 10
65.1312932427477
 20
46.21780473687353
  0
LWPOLYLINE
  5
281
330
17
100
AcDbEntity
  8
ENG_K
100
AcDbPolyline
 90
5
 70
1
 10
62.02476000668673
 20
46.30064870231288
 10
63.23186678787321
 20
46.70301762937501
 10
63.840247044518755
 20
46.094637372729565
 10
62.63314026333222
 20
45.6922684456672
 10
62.02476000668673
 20
46.30064870231288
  0
LWPOLYLINE
  5
282
330
17
100
AcDbEntity
  8
ENG_K
100
AcDbPolyline
 90
4
 70
1
 10
57.27564927611036
 20
64.9157526817049
 10
58.08038713023469
 20
64.1110148275803
 10
57.27564927611036
 20
63.306276973456036
 10
57.27564927611036
 20
64.9157526817049
  0
LWPOLYLINE
  5
283
330
17
100
AcDbEntity
  8
ENG_K
100
AcDbPolyline
 90
4
 70
1
 10
56.80424475531932
 20
64.24908601503809
 10
56.80424475531932
 20
65.85856172328664
 10
57.60898260944367
 20
65.05382386916236
 10
56.80424475531932
 20
64.24908601503809
  0
LWPOLYLINE
  5
284
330
17
100
AcDbEntity
  8
ENG_K
100
AcDbPolyline
 90
5
 70
1
 10
57.204824155142006
 20
65.28952612955796
 10
55.71576370558763
 20
65.28952612955796
 10
55.143045949824874
 20
66.43496164108342
 10
55.52036437012567
 20
68.3215537425873
 10
57.204824155142006
 20
65.28952612955796
  0
LWPOLYLINE
  5
285
330
17
100
AcDbEntity
  8
ENG_K
100
AcDbPolyline
 90
5
 70
1
 10
53.53947863244811
 20
29.330085953835685
 10
54.74658541363464
 20
29.73245488089782
 10
55.354965670280215
 20
29.12407462425226
 10
54.14785888909368
 20
28.721705697190124
 10
53.53947863244811
 20
29.330085953835685
  0
LWPOLYLINE
  5
286
330
17
100
AcDbEntity
  8
ENG_K
100
AcDbPolyline
 90
4
 70
1
 10
51.147390505826934
 20
30.974627184750304
 10
51.9521283599513
 20
30.16988933062603
 10
51.147390505826934
 20
29.36515147650176
 10
51.147390505826934
 20
30.974627184750304
  0
LWPOLYLINE
  5
287
330
17
100
AcDbEntity
  8
ENG_K
100
AcDbPolyline
 90
5
 70
1
 10
51.112324983160896
 20
30.53828818662552
 10
49.90521820197436
 20
30.13591925956316
 10
49.29683794532889
 20
30.744299516208827
 10
50.50394472651536
 20
31.146668443270965
 10
51.112324983160896
 20
30.53828818662552
  0
LWPOLYLINE
  5
288
330
17
100
AcDbEntity
  8
ENG_K
100
AcDbPolyline
 90
5
 70
1
 10
48.47719626789094
 20
30.621132152064632
 10
47.84087719911054
 20
31.257451220845
 10
49.57494405664365
 20
31.604264592351548
 10
50.21126312542407
 20
30.96794552357118
 10
48.47719626789094
 20
30.621132152064632
  0
LWPOLYLINE
  5
289
330
17
100
AcDbEntity
  8
ENG_K
100
AcDbPolyline
 90
5
 70
1
 10
47.54819559801919
 20
30.13591925956316
 10
46.93981534137372
 20
30.744299516208827
 10
48.1469221225602
 20
31.146668443270965
 10
48.75530237920574
 20
30.53828818662552
 10
47.54819559801919
 20
30.13591925956316
  0
LWPOLYLINE
  5
28A
330
17
100
AcDbEntity
  8
ENG_K
100
AcDbPolyline
 90
4
 70
1
 10
47.709487672832005
 20
35.82674358011839
 10
46.90474981870765
 20
35.02200572599412
 10
46.90474981870765
 20
36.631481434242666
 10
47.709487672832005
 20
35.82674358011839
  0
LWPOLYLINE
  5
28B
330
17
100
AcDbEntity
  8
ENG_K
100
AcDbPolyline
 90
5
 70
1
 10
47.20411308097813
 20
30.67526392247988
 10
47.81249333762371
 20
30.06688366583432
 10
46.605386556437175
 20
29.664514738772183
 10
45.9970062997916
 20
30.272894995417744
 10
47.20411308097813
 20
30.67526392247988
  0
LWPOLYLINE
  5
28C
330
17
100
AcDbEntity
  8
ENG_K
100
AcDbPolyline
 90
12
 70
1
 10
37.2409571424915
 20
31.819805153394665
 10
36.298148100909444
 20
31.819805153394665
 10
36.298148100909444
 20
34.03875656989208
 10
37.145607238336105
 20
34.886215707318755
 10
48.552217203528485
 20
34.62094570812824
 10
48.556939655732656
 20
34.23278854475142
 10
42.52863905873749
 20
33.94572661156114
 10
42.001542480392416
 20
33.418630033216104
 10
40.95655155291591
 20
33.94112549695427
 10
37.809992736220345
 20
33.94112549695427
 10
37.2409571424915
 20
33.372089903225486
 10
37.2409571424915
 20
31.819805153394665
  0
LWPOLYLINE
  5
28D
330
17
100
AcDbEntity
  8
ENG_K
100
AcDbPolyline
 90
5
 70
1
 10
45.17736462235369
 20
30.190051029978516
 10
47.07740003967338
 20
29.810043946514654
 10
45.28314297187599
 20
28.733489705836114
 10
44.111388216627496
 20
29.12407462425226
 10
45.17736462235369
 20
30.190051029978516
  0
LWPOLYLINE
  5
28E
330
17
100
AcDbEntity
  8
ENG_K
100
AcDbPolyline
 90
10
 70
1
 10
41.86639817473256
 20
29.23610718631253
 10
45.07023415019432
 20
28.94484937036157
 10
43.935446018693014
 20
27.810061238860207
 10
35.30514523743593
 20
28.05664126118179
 10
36.29386212011127
 20
33.000225674558514
 10
36.42816357617216
 20
32.99305148414034
 10
36.76085868383518
 20
29.333405299847072
 10
37.33858821542933
 20
28.755675768252885
 10
41.38596675667294
 20
28.755675768252885
 10
41.86639817473256
 20
29.23610718631253
  0
LWPOLYLINE
  5
28F
330
17
100
AcDbEntity
  8
ENG_K
100
AcDbPolyline
 90
4
 70
1
 10
43.46684698571272
 20
44.78342947514802
 10
42.662109131588366
 20
43.97869162102375
 10
42.662109131588366
 20
45.58816732927229
 10
43.46684698571272
 20
44.78342947514802
  0
LWPOLYLINE
  5
290
330
17
100
AcDbEntity
  8
ENG_K
100
AcDbPolyline
 90
4
 70
1
 10
42.19070461079734
 20
44.4500961418145
 10
42.19070461079734
 20
46.05957185006338
 10
42.99544246492167
 20
45.2548339959391
 10
42.19070461079734
 20
44.4500961418145
  0
LWPOLYLINE
  5
291
330
17
100
AcDbEntity
  8
ENG_K
100
AcDbPolyline
 90
5
 70
1
 10
42.05800801519349
 20
46.86968429604155
 10
42.517724028429136
 20
45.49053625633459
 10
41.48359782961079
 20
45.49053625633459
 10
41.48359782961079
 20
46.295274110458976
 10
42.05800801519349
 20
46.86968429604155
  0
LWPOLYLINE
  5
292
330
17
100
AcDbEntity
  8
ENG_K
100
AcDbPolyline
 90
5
 70
1
 10
41.57773653993668
 20
45.970405436394415
 10
37.68154650860076
 20
50.386087471908425
 10
38.089627473747676
 20
51.61033036734919
 10
41.98581750508359
 20
47.194648331835175
 10
41.57773653993668
 20
45.970405436394415
  0
LWPOLYLINE
  5
293
330
17
100
AcDbEntity
  8
CUT_SLOT
100
AcDbPolyline
 90
5
 70
1
 10
191.60082965680692
 20
0.0
 10
195.16493127194468
 20
0.0
 10
195.16493127194468
 20
141.42135623730957
 10
191.60082965680692
 20
141.42135623730957
 10
191.60082965680692
 20
0.0
  0
LWPOLYLINE
  5
294
330
17
100
AcDbEntity
  8
CUT_SLOT
100
AcDbPolyline
 90
5
 70
1
 10
168.5068188892219
 20
0.0
 10
172.07092050435966
 20
0.0
 10
172.07092050435966
 20
141.42135623730957
 10
168.5068188892219
 20
141.42135623730957
 10
168.5068188892219
 20
0.0
  0
LWPOLYLINE
  5
295
330
17
100
AcDbEntity
  8
CUT_SLOT
100
AcDbPolyline
 90
5
 70
1
 10
145.41280812163686
 20
0.0
 10
148.97690973677462
 20
0.0
 10
148.97690973677462
 20
141.42135623730957
 10
145.41280812163686
 20
141.42135623730957
 10
145.41280812163686
 20
0.0
  0
LWPOLYLINE
  5
296
330
17
100
AcDbEntity
  8
CUT_SLOT
100
AcDbPolyline
 90
5
 70
1
 10
122.31879735405184
 20
0.0
 10
125.88289896918958
 20
0.0
 10
125.88289896918958
 20
141.42135623730957
 10
122.31879735405184
 20
141.42135623730957
 10
122.31879735405184
 20
0.0
  0
LWPOLYLINE
  5
297
330
17
100
AcDbEntity
  8
CUT_SLOT
100
AcDbPolyline
 90
5
 70
1
 10
99.2247865864668
 20
0.0
 10
102.78888820160456
 20
0.0
 10
102.78888820160456
 20
141.42135623730957
 10
99.2247865864668
 20
141.42135623730957
 10
99.2247865864668
 20
0.0
  0
LWPOLYLINE
  5
298
330
17
100
AcDbEntity
  8
CUT_SLOT
100
AcDbPolyline
 90
5
 70
1
 10
76.13077581888177
 20
0.0
 10
79.69487743401955
 20
0.0
 10
79.69487743401955
 20
141.42135623730957
 10
76.13077581888177
 20
141.42135623730957
 10
76.13077581888177
 20
0.0
  0
LWPOLYLINE
  5
299
330
17
100
AcDbEntity
  8
CUT_SLOT
100
AcDbPolyline
 90
5
 70
1
 10
203.14783504059943
 20
0.0
 10
206.7119366557372
 20
0.0
 10
206.7119366557372
 20
141.42135623730957
 10
203.14783504059943
 20
141.42135623730957
 10
203.14783504059943
 20
0.0
  0
LWPOLYLINE
  5
29A
330
17
100
AcDbEntity
  8
CUT_SLOT
100
AcDbPolyline
 90
5
 70
1
 10
180.0538242730144
 20
0.0
 10
183.61792588815217
 20
0.0
 10
183.61792588815217
 20
141.42135623730957
 10
180.0538242730144
 20
141.42135623730957
 10
180.0538242730144
 20
0.0
  0
LWPOLYLINE
  5
29B
330
17
100
AcDbEntity
  8
CUT_SLOT
100
AcDbPolyline
 90
5
 70
1
 10
156.95981350542942
 20
0.0
 10
160.52391512056718
 20
0.0
 10
160.52391512056718
 20
141.42135623730957
 10
156.95981350542942
 20
141.42135623730957
 10
156.95981350542942
 20
0.0
  0
LWPOLYLINE
  5
29C
330
17
100
AcDbEntity
  8
CUT_SLOT
100
AcDbPolyline
 90
5
 70
1
 10
133.86580273784438
 20
0.0
 10
137.42990435298213
 20
0.0
 10
137.42990435298213
 20
141.42135623730957
 10
133.86580273784438
 20
141.42135623730957
 10
133.86580273784438
 20
0.0
  0
LWPOLYLINE
  5
29D
330
17
100
AcDbEntity
  8
CUT_SLOT
100
AcDbPolyline
 90
5
 70
1
 10
110.77179197025934
 20
0.0
 10
114.3358935853971
 20
0.0
 10
114.3358935853971
 20
141.42135623730957
 10
110.77179197025934
 20
141.42135623730957
 10
110.77179197025934
 20
0.0
  0
LWPOLYLINE
  5
29E
330
17
100
AcDbEntity
  8
CUT_SLOT
100
AcDbPolyline
 90
5
 70
1
 10
87.67778120267431
 20
0.0
 10
91.24188281781207
 20
0.0
 10
91.24188281781207
 20
141.42135623730957
 10
87.67778120267431
 20
141.42135623730957
 10
87.67778120267431
 20
0.0
  0
LWPOLYLINE
  5
29F
330
17
100
AcDbEntity
  8
CUT_OUTLINE
100
AcDbPolyline
 90
5
 70
1
 10
0.0
 20
0.0
 10
282.842712474619
 20
0.0
 10
282.842712474619
 20
282.84271247461913
 10
0.0
 20
282.84271247461913
 10
0.0
 20
0.0
  0
ENDSEC
  0
SECTION
  2
OBJECTS
  0
DICTIONARY
  5
A
330
0
100
AcDbDictionary
281
1
  3
ACAD_COLOR
350
B
  3
ACAD_GROUP
350
C
  3
ACAD_LAYOUT
350
D
  3
ACAD_MATERIAL
350
E
  3
ACAD_MLEADERSTYLE
350
F
  3
ACAD_MLINESTYLE
350
10
  3
ACAD_PLOTSETTINGS
350
11
  3
ACAD_PLOTSTYLENAME
350
12
  3
ACAD_SCALELIST
350
14
  3
ACAD_TABLESTYLE
350
15
  3
ACAD_VISUALSTYLE
350
16
  3
EZDXF_META
350
2D
  0
DICTIONARY
  5
B
330
A
100
AcDbDictionary
281
1
  0
DICTIONARY
  5
C
330
A
100
AcDbDictionary
281
1
  0
DICTIONARY
  5
D
330
A
100
AcDbDictionary
281
1
  3
Model
350
1A
  3
Layout1
350
1E
  0
DICTIONARY
  5
E
330
A
100
AcDbDictionary
281
1
  3
ByBlock
350
1F
  3
ByLayer
350
20
  3
Global
350
21
  0
DICTIONARY
  5
F
330
A
100
AcDbDictionary
281
1
  3
Standard
350
2C
  0
DICTIONARY
  5
10
330
A
100
AcDbDictionary
281
1
  3
Standard
350
22
  0
DICTIONARY
  5
11
330
A
100
AcDbDictionary
281
1
  0
ACDBDICTIONARYWDFLT
  5
12
330
A
100
AcDbDictionary
281
1
  3
Normal
350
13
100
AcDbDictionaryWithDefault
340
13
  0
ACDBPLACEHOLDER
  5
13
330
12
  0
DICTIONARY
  5
14
330
A
100
AcDbDictionary
281
1
  0
DICTIONARY
  5
15
330
A
100
AcDbDictionary
281
1
  0
DICTIONARY
  5
16
330
A
100
AcDbDictionary
281
1
  0
LAYOUT
  5
1A
330
D
100
AcDbPlotSettings
  1

  4
A3
  6

 40
7.5
 41
20.0
 42
7.5
 43
20.0
 44
420.0
 45
297.0
 46
0.0
 47
0.0
 48
0.0
 49
0.0
140
0.0
141
0.0
142
1.0
143
1.0
 70
1024
 72
1
 73
0
 74
5
  7

 75
16
 76
0
 77
2
 78
300
147
1.0
148
0.0
149
0.0
100
AcDbLayout
  1
Model
 70
1
 71
0
 10
0.0
 20
0.0
 11
420.0
 21
297.0
 12
0.0
 22
0.0
 32
0.0
 14
1e+20
 24
1e+20
 34
1e+20
 15
-1e+20
 25
-1e+20
 35
-1e+20
146
0.0
 13
0.0
 23
0.0
 33
0.0
 16
1.0
 26
0.0
 36
0.0
 17
0.0
 27
1.0
 37
0.0
 76
1
330
17
  0
LAYOUT
  5
1E
330
D
100
AcDbPlotSettings
  1

  4
A3
  6

 40
7.5
 41
20.0
 42
7.5
 43
20.0
 44
420.0
 45
297.0
 46
0.0
 47
0.0
 48
0.0
 49
0.0
140
0.0
141
0.0
142
1.0
143
1.0
 70
0
 72
1
 73
0
 74
5
  7

 75
16
 76
0
 77
2
 78
300
147
1.0
148
0.0
149
0.0
100
AcDbLayout
  1
Layout1
 70
1
 71
1
 10
0.0
 20
0.0
 11
420.0
 21
297.0
 12
0.0
 22
0.0
 32
0.0
 14
1e+20
 24
1e+20
 34
1e+20
 15
-1e+20
 25
-1e+20
 35
-1e+20
146
0.0
 13
0.0
 23
0.0
 33
0.0
 16
1.0
 26
0.0
 36
0.0
 17
0.0
 27
1.0
 37
0.0
 76
1
330
1B
  0
MATERIAL
  5
1F
102
{ACAD_REACTORS
330
E
102
}
330
E
100
AcDbMaterial
  1
ByBlock
  2

 70
0
 40
1.0
 71
1
 41
1.0
 91
-1023410177
 42
1.0
 72
1
  3

 73
1
 74
1
 75
1
 44
0.5
 73
0
 45
1.0
 46
1.0
 77
1
  4

 78
1
 79
1
170
1
 48
1.0
171
1
  6

172
1
173
1
174
1
140
1.0
141
1.0
175
1
  7

176
1
177
1
178
1
143
1.0
179
1
  8

270
1
271
1
272
1
145
1.0
146
1.0
273
1
  9

274
1
275
1
276
1
 42
1.0
 72
1
  3

 73
1
 74
1
 75
1
 94
63
  0
MATERIAL
  5
20
102
{ACAD_REACTORS
330
E
102
}
330
E
100
AcDbMaterial
  1
ByLayer
  2

 70
0
 40
1.0
 71
1
 41
1.0
 91
-1023410177
 42
1.0
 72
1
  3

 73
1
 74
1
 75
1
 44
0.5
 73
0
 45
1.0
 46
1.0
 77
1
  4

 78
1
 79
1
170
1
 48
1.0
171
1
  6

172
1
173
1
174
1
140
1.0
141
1.0
175
1
  7

176
1
177
1
178
1
143
1.0
179
1
  8

270
1
271
1
272
1
145
1.0
146
1.0
273
1
  9

274
1
275
1
276
1
 42
1.0
 72
1
  3

 73
1
 74
1
 75
1
 94
63
  0
MATERIAL
  5
21
102
{ACAD_REACTORS
330
E
102
}
330
E
100
AcDbMaterial
  1
Global
  2

 70
0
 40
1.0
 71
1
 41
1.0
 91
-1023410177
 42
1.0
 72
1
  3

 73
1
 74
1
 75
1
 44
0.5
 73
0
 45
1.0
 46
1.0
 77
1
  4

 78
1
 79
1
170
1
 48
1.0
171
1
  6

172
1
173
1
174
1
140
1.0
141
1.0
175
1
  7

176
1
177
1
178
1
143
1.0
179
1
  8

270
1
271
1
272
1
145
1.0
146
1.0
273
1
  9

274
1
275
1
276
1
 42
1.0
 72
1
  3

 73
1
 74
1
 75
1
 94
63
  0
MLINESTYLE
  5
22
102
{ACAD_REACTORS
330
10
102
}
330
10
100
AcDbMlineStyle
  2
Standard
 70
0
  3

 62
256
 51
90.0
 52
90.0
 71
2
 49
0.5
 62
256
  6
BYLAYER
 49
-0.5
 62
256
  6
BYLAYER
  0
MLEADERSTYLE
  5
2C
102
{ACAD_REACTORS
330
F
102
}
330
F
100
AcDbMLeaderStyle
179
2
170
2
171
1
172
0
 90
2
 40
0.0
 41
0.0
173
1
 91
-1056964608
 92
-2
290
1
 42
2.0
291
1
 43
8.0
  3
Standard
 44
4.0
300

342
29
174
1
175
1
176
0
178
1
 93
-1056964608
 45
4.0
292
0
297
0
 46
4.0
 94
-1056964608
 47
1.0
 49
1.0
140
1.0
294
1
141
0.0
177
0
142
1.0
295
0
296
0
143
3.75
271
0
272
9
273
9
  0
DICTIONARY
  5
2D
330
A
100
AcDbDictionary
280
1
281
1
  3
CREATED_BY_EZDXF
350
2E
  3
WRITTEN_BY_EZDXF
350
2A2
  0
DICTIONARYVAR
  5
2E
330
2D
100
DictionaryVariables
280
0
  1
1.4.4 @ 2026-08-03T12:25:47.964464+00:00
  0
DICTIONARYVAR
  5
2A2
330
2D
100
DictionaryVariables
280
0
  1
1.4.4 @ 2026-08-03T12:25:48.037343+00:00
  0
ENDSEC
  0
EOF
