  0
SECTION
  2
HEADER
  9
$ACADVER
  1
AC1027
  9
$ACADMAINTVER
 70
105
  9
$DWGCODEPAGE
  3
ANSI_1252
  9
$LASTSAVEDBY
  1
ezdxf
  9
$REQUIREDVERSIONS
160
0
  9
$INSBASE
 10
0.0
 20
0.0
 30
0.0
  9
$EXTMIN
 10
1e+20
 20
1e+20
 30
1e+20
  9
$EXTMAX
 10
-1e+20
 20
-1e+20
 30
-1e+20
  9
$LIMMIN
 10
0.0
 20
0.0
  9
$LIMMAX
 10
420.0
 20
297.0
  9
$ORTHOMODE
 70
0
  9
$REGENMODE
 70
1
  9
$FILLMODE
 70
1
  9
$QTEXTMODE
 70
0
  9
$MIRRTEXT
 70
1
  9
$LTSCALE
 40
1.0
  9
$ATTMODE
 70
1
  9
$TEXTSIZE
 40
2.5
  9
$TRACEWID
 40
1.0
  9
$TEXTSTYLE
  7
Standard
  9
$CLAYER
  8
0
  9
$CELTYPE
  6
ByLayer
  9
$CECOLOR
 62
256
  9
$CELTSCALE
 40
1.0
  9
$DISPSILH
 70
0
  9
$DIMSCALE
 40
1.0
  9
$DIMASZ
 40
2.5
  9
$DIMEXO
 40
0.625
  9
$DIMDLI
 40
3.75
  9
$DIMRND
 40
0.0
  9
$DIMDLE
 40
0.0
  9
$DIMEXE
 40
1.25
  9
$DIMTP
 40
0.0
  9
$DIMTM
 40
0.0
  9
$DIMTXT
 40
2.5
  9
$DIMCEN
 40
2.5
  9
$DIMTSZ
 40
0.0
  9
$DIMTOL
 70
0
  9
$DIMLIM
 70
0
  9
$DIMTIH
 70
0
  9
$DIMTOH
 70
0
  9
$DIMSE1
 70
0
  9
$DIMSE2
 70
0
  9
$DIMTAD
 70
1
  9
$DIMZIN
 70
8
  9
$DIMBLK
  1

  9
$DIMASO
 70
1
  9
$DIMSHO
 70
1
  9
$DIMPOST
  1

  9
$DIMAPOST
  1

  9
$DIMALT
 70
0
  9
$DIMALTD
 70
3
  9
$DIMALTF
 40
0.03937007874
  9
$DIMLFAC
 40
1.0
  9
$DIMTOFL
 70
1
  9
$DIMTVP
 40
0.0
  9
$DIMTIX
 70
0
  9
$DIMSOXD
 70
0
  9
$DIMSAH
 70
0
  9
$DIMBLK1
  1

  9
$DIMBLK2
  1

  9
$DIMSTYLE
  2
ISO-25
  9
$DIMCLRD
 70
0
  9
$DIMCLRE
 70
0
  9
$DIMCLRT
 70
0
  9
$DIMTFAC
 40
1.0
  9
$DIMGAP
 40
0.625
  9
$DIMJUST
 70
0
  9
$DIMSD1
 70
0
  9
$DIMSD2
 70
0
  9
$DIMTOLJ
 70
0
  9
$DIMTZIN
 70
8
  9
$DIMALTZ
 70
0
  9
$DIMALTTZ
 70
0
  9
$DIMUPT
 70
0
  9
$DIMDEC
 70
2
  9
$DIMTDEC
 70
2
  9
$DIMALTU
 70
2
  9
$DIMALTTD
 70
3
  9
$DIMTXSTY
  7
Standard
  9
$DIMAUNIT
 70
0
  9
$DIMADEC
 70
0
  9
$DIMALTRND
 40
0.0
  9
$DIMAZIN
 70
0
  9
$DIMDSEP
 70
44
  9
$DIMATFIT
 70
3
  9
$DIMFRAC
 70
0
  9
$DIMLDRBLK
  1

  9
$DIMLUNIT
 70
2
  9
$DIMLWD
 70
-2
  9
$DIMLWE
 70
-2
  9
$DIMTMOVE
 70
0
  9
$DIMFXL
 40
1.0
  9
$DIMFXLON
 70
0
  9
$DIMJOGANG
 40
0.785398163397
  9
$DIMTFILL
 70
0
  9
$DIMTFILLCLR
 70
0
  9
$DIMARCSYM
 70
0
  9
$DIMLTYPE
  6

  9
$DIMLTEX1
  6

  9
$DIMLTEX2
  6

  9
$DIMTXTDIRECTION
 70
0
  9
$LUNITS
 70
2
  9
$LUPREC
 70
4
  9
$SKETCHINC
 40
1.0
  9
$FILLETRAD
 40
10.0
  9
$AUNITS
 70
0
  9
$AUPREC
 70
2
  9
$MENU
  1
.
  9
$ELEVATION
 40
0.0
  9
$PELEVATION
 40
0.0
  9
$THICKNESS
 40
0.0
  9
$LIMCHECK
 70
0
  9
$CHAMFERA
 40
0.0
  9
$CHAMFERB
 40
0.0
  9
$CHAMFERC
 40
0.0
  9
$CHAMFERD
 40
0.0
  9
$SKPOLY
 70
0
  9
$TDCREATE
 40
2461256.6428935183
  9
$TDUCREATE
 40
2458532.153996898
  9
$TDUPDATE
 40
2461256.6428935183
  9
$TDUUPDATE
 40
2458532.1544311
  9
$TDINDWG
 40
0.0
  9
$TDUSRTIMER
 40
0.0
  9
$USRTIMER
 70
1
  9
$ANGBASE
 50
0.0
  9
$ANGDIR
 70
0
  9
$PDMODE
 70
0
  9
$PDSIZE
 40
0.0
  9
$PLINEWID
 40
0.0
  9
$SPLFRAME
 70
0
  9
$SPLINETYPE
 70
6
  9
$SPLINESEGS
 70
8
  9
$HANDSEED
  5
139
  9
$SURFTAB1
 70
6
  9
$SURFTAB2
 70
6
  9
$SURFTYPE
 70
6
  9
$SURFU
 70
6
  9
$SURFV
 70
6
  9
$UCSBASE
  2

  9
$UCSNAME
  2

  9
$UCSORG
 10
0.0
 20
0.0
 30
0.0
  9
$UCSXDIR
 10
1.0
 20
0.0
 30
0.0
  9
$UCSYDIR
 10
0.0
 20
1.0
 30
0.0
  9
$UCSORTHOREF
  2

  9
$UCSORTHOVIEW
 70
0
  9
$UCSORGTOP
 10
0.0
 20
0.0
 30
0.0
  9
$UCSORGBOTTOM
 10
0.0
 20
0.0
 30
0.0
  9
$UCSORGLEFT
 10
0.0
 20
0.0
 30
0.0
  9
$UCSORGRIGHT
 10
0.0
 20
0.0
 30
0.0
  9
$UCSORGFRONT
 10
0.0
 20
0.0
 30
0.0
  9
$UCSORGBACK
 10
0.0
 20
0.0
 30
0.0
  9
$PUCSBASE
  2

  9
$PUCSNAME
  2

  9
$PUCSORG
 10
0.0
 20
0.0
 30
0.0
  9
$PUCSXDIR
 10
1.0
 20
0.0
 30
0.0
  9
$PUCSYDIR
 10
0.0
 20
1.0
 30
0.0
  9
$PUCSORTHOREF
  2

  9
$PUCSORTHOVIEW
 70
0
  9
$PUCSORGTOP
 10
0.0
 20
0.0
 30
0.0
  9
$PUCSORGBOTTOM
 10
0.0
 20
0.0
 30
0.0
  9
$PUCSORGLEFT
 10
0.0
 20
0.0
 30
0.0
  9
$PUCSORGRIGHT
 10
0.0
 20
0.0
 30
0.0
  9
$PUCSORGFRONT
 10
0.0
 20
0.0
 30
0.0
  9
$PUCSORGBACK
 10
0.0
 20
0.0
 30
0.0
  9
$USERI1
 70
0
  9
$USERI2
 70
0
  9
$USERI3
 70
0
  9
$USERI4
 70
0
  9
$USERI5
 70
0
  9
$USERR1
 40
0.0
  9
$USERR2
 40
0.0
  9
$USERR3
 40
0.0
  9
$USERR4
 40
0.0
  9
$USERR5
 40
0.0
  9
$WORLDVIEW
 70
1
  9
$SHADEDGE
 70
3
  9
$SHADEDIF
 70
70
  9
$TILEMODE
 70
1
  9
$MAXACTVP
 70
64
  9
$PINSBASE
 10
0.0
 20
0.0
 30
0.0
  9
$PLIMCHECK
 70
0
  9
$PEXTMIN
 10
1e+20
 20
1e+20
 30
1e+20
  9
$PEXTMAX
 10
-1e+20
 20
-1e+20
 30
-1e+20
  9
$PLIMMIN
 10
0.0
 20
0.0
  9
$PLIMMAX
 10
420.0
 20
297.0
  9
$UNITMODE
 70
0
  9
$VISRETAIN
 70
1
  9
$PLINEGEN
 70
0
  9
$PSLTSCALE
 70
1
  9
$TREEDEPTH
 70
3020
  9
$CMLSTYLE
  2
Standard
  9
$CMLJUST
 70
0
  9
$CMLSCALE
 40
20.0
  9
$PROXYGRAPHICS
 70
1
  9
$MEASUREMENT
 70
1
  9
$CELWEIGHT
370
-1
  9
$ENDCAPS
280
0
  9
$JOINSTYLE
280
0
  9
$LWDISPLAY
290
0
  9
$INSUNITS
 70
4
  9
$HYPERLINKBASE
  1

  9
$STYLESHEET
  1

  9
$XEDIT
290
1
  9
$CEPSNTYPE
380
0
  9
$PSTYLEMODE
290
1
  9
$FINGERPRINTGUID
  2
{BC496A11-1F6A-4075-B38E-C60681E20187}
  9
$VERSIONGUID
  2
{0E82CDA6-9A13-46DE-A991-9C020E82FB91}
  9
$EXTNAMES
290
1
  9
$PSVPSCALE
 40
0.0
  9
$OLESTARTUP
290
0
  9
$SORTENTS
280
127
  9
$INDEXCTL
280
0
  9
$HIDETEXT
280
1
  9
$XCLIPFRAME
280
1
  9
$HALOGAP
280
0
  9
$OBSCOLOR
 70
257
  9
$OBSLTYPE
280
0
  9
$INTERSECTIONDISPLAY
280
0
  9
$INTERSECTIONCOLOR
 70
257
  9
$DIMASSOC
280
2
  9
$PROJECTNAME
  1

  9
$CAMERADISPLAY
290
0
  9
$LENSLENGTH
 40
50.0
  9
$CAMERAHEIGHT
 40
0.0
  9
$STEPSPERSEC
 40
24.0
  9
$STEPSIZE
 40
100.0
  9
$3DDWFPREC
 40
2.0
  9
$PSOLWIDTH
 40
0.005
  9
$PSOLHEIGHT
 40
0.08
  9
$LOFTANG1
 40
1.570796326795
  9
$LOFTANG2
 40
1.570796326795
  9
$LOFTMAG1
 40
0.0
  9
$LOFTMAG2
 40
0.0
  9
$LOFTPARAM
 70
7
  9
$LOFTNORMALS
280
1
  9
$LATITUDE
 40
37.795
  9
$LONGITUDE
 40
-122.394
  9
$NORTHDIRECTION
 40
0.0
  9
$TIMEZONE
 70
-8000
  9
$LIGHTGLYPHDISPLAY
280
1
  9
$TILEMODELIGHTSYNCH
280
1
  9
$CMATERIAL
347
20
  9
$SOLIDHIST
280
0
  9
$SHOWHIST
280
1
  9
$DWFFRAME
280
2
  9
$DGNFRAME
280
2
  9
$REALWORLDSCALE
290
1
  9
$INTERFERECOLOR
 62
256
  9
$CSHADOW
280
0
  9
$SHADOWPLANELOCATION
 40
0.0
  0
ENDSEC
  0
SECTION
  2
CLASSES
  0
CLASS
  1
ACDBDICTIONARYWDFLT
  2
AcDbDictionaryWithDefault
  3
ObjectDBX Classes
 90
0
 91
0
280
0
281
0
  0
CLASS
  1
SUN
  2
AcDbSun
  3
SCENEOE
 90
1153
 91
0
280
0
281
0
  0
CLASS
  1
VISUALSTYLE
  2
AcDbVisualStyle
  3
ObjectDBX Classes
 90
4095
 91
0
280
0
281
0
  0
CLASS
  1
MATERIAL
  2
AcDbMaterial
  3
ObjectDBX Classes
 90
1153
 91
0
280
0
281
0
  0
CLASS
  1
SCALE
  2
AcDbScale
  3
ObjectDBX Classes
 90
1153
 91
0
280
0
281
0
  0
CLASS
  1
TABLESTYLE
  2
AcDbTableStyle
  3
ObjectDBX Classes
 90
4095
 91
0
280
0
281
0
  0
CLASS
  1
MLEADERSTYLE
  2
AcDbMLeaderStyle
  3
ACDB_MLEADERSTYLE_CLASS
 90
4095
 91
0
280
0
281
0
  0
CLASS
  1
DICTIONARYVAR
  2
AcDbDictionaryVar
  3
ObjectDBX Classes
 90
0
 91
0
280
0
281
0
  0
CLASS
  1
CELLSTYLEMAP
  2
AcDbCellStyleMap
  3
ObjectDBX Classes
 90
1152
 91
0
280
0
281
0
  0
CLASS
  1
MENTALRAYRENDERSETTINGS
  2
AcDbMentalRayRenderSettings
  3
SCENEOE
 90
1024
 91
0
280
0
281
0
  0
CLASS
  1
ACDBDETAILVIEWSTYLE
  2
AcDbDetailViewStyle
  3
ObjectDBX Classes
 90
1025
 91
0
280
0
281
0
  0
CLASS
  1
ACDBSECTIONVIEWSTYLE
  2
AcDbSectionViewStyle
  3
ObjectDBX Classes
 90
1025
 91
0
280
0
281
0
  0
CLASS
  1
RASTERVARIABLES
  2
AcDbRasterVariables
  3
ISM
 90
0
 91
0
280
0
281
0
  0
CLASS
  1
LAYOUT
  2
AcDbLayout
  3
ObjectDBX Classes
 90
0
 91
0
280
0
281
0
  0
CLASS
  1
ACDBPLACEHOLDER
  2
AcDbPlaceHolder
  3
ObjectDBX Classes
 90
0
 91
0
280
0
281
0
  0
ENDSEC
  0
SECTION
  2
TABLES
  0
TABLE
  2
VPORT
  5
8
330
0
100
AcDbSymbolTable
 70
1
  0
VPORT
  5
23
330
8
100
AcDbSymbolTableRecord
100
AcDbViewportTableRecord
  2
*Active
 70
0
 10
0.0
 20
0.0
 11
1.0
 21
1.0
 12
0.0
 22
0.0
 13
0.0
 23
0.0
 14
0.5
 24
0.5
 15
0.5
 25
0.5
 16
0.0
 26
0.0
 36
1.0
 17
0.0
 27
0.0
 37
0.0
 40
1000.0
 41
1.34
 42
50.0
 43
0.0
 44
0.0
 50
0.0
 51
0.0
 71
0
 72
1000
 73
1
 74
3
 75
0
 76
0
 77
0
 78
0
281
0
 65
0
146
0.0
  0
ENDTAB
  0
TABLE
  2
LTYPE
  5
2
330
0
100
AcDbSymbolTable
 70
3
  0
LTYPE
  5
24
330
2
100
AcDbSymbolTableRecord
100
AcDbLinetypeTableRecord
  2
ByBlock
 70
0
  3

 72
65
 73
0
 40
0.0
  0
LTYPE
  5
25
330
2
100
AcDbSymbolTableRecord
100
AcDbLinetypeTableRecord
  2
ByLayer
 70
0
  3

 72
65
 73
0
 40
0.0
  0
LTYPE
  5
26
330
2
100
AcDbSymbolTableRecord
100
AcDbLinetypeTableRecord
  2
Continuous
 70
0
  3

 72
65
 73
0
 40
0.0
  0
ENDTAB
  0
TABLE
  2
LAYER
  5
1
330
0
100
AcDbSymbolTable
 70
7
  0
LAYER
  5
27
330
1
100
AcDbSymbolTableRecord
100
AcDbLayerTableRecord
  2
0
 70
0
 62
7
  6
Continuous
370
-3
390
13
347
21
  0
LAYER
  5
28
330
1
100
AcDbSymbolTableRecord
100
AcDbLayerTableRecord
  2
Defpoints
 70
0
 62
7
  6
Continuous
290
0
370
-3
390
13
347
21
  0
LAYER
  5
2F
330
1
100
AcDbSymbolTableRecord
100
AcDbLayerTableRecord
  2
ENG_L
 70
0
 62
4
  6
Continuous
370
-3
390
13
347
21
  0
LAYER
  5
30
330
1
100
AcDbSymbolTableRecord
100
AcDbLayerTableRecord
  2
ENG_D
 70
0
 62
3
  6
Continuous
370
-3
390
13
347
21
  0
LAYER
  5
31
330
1
100
AcDbSymbolTableRecord
100
AcDbLayerTableRecord
  2
ENG_K
 70
0
 62
2
  6
Continuous
370
-3
390
13
347
21
  0
LAYER
  5
32
330
1
100
AcDbSymbolTableRecord
100
AcDbLayerTableRecord
  2
CUT_OUTLINE
 70
0
 62
5
  6
Continuous
370
-3
390
13
347
21
  0
LAYER
  5
33
330
1
100
AcDbSymbolTableRecord
100
AcDbLayerTableRecord
  2
CUT_SLOT
 70
0
 62
1
  6
Continuous
370
-3
390
13
347
21
  0
ENDTAB
  0
TABLE
  2
STYLE
  5
5
330
0
100
AcDbSymbolTable
 70
1
  0
STYLE
  5
29
330
5
100
AcDbSymbolTableRecord
100
AcDbTextStyleTableRecord
  2
Standard
 70
0
 40
0.0
 41
1.0
 50
0.0
 71
0
 42
2.5
  3
txt
  4

  0
ENDTAB
  0
TABLE
  2
VIEW
  5
7
330
0
100
AcDbSymbolTable
 70
0
  0
ENDTAB
  0
TABLE
  2
UCS
  5
6
330
0
100
AcDbSymbolTable
 70
0
  0
ENDTAB
  0
TABLE
  2
APPID
  5
3
330
0
100
AcDbSymbolTable
 70
3
  0
APPID
  5
2A
330
3
100
AcDbSymbolTableRecord
100
AcDbRegAppTableRecord
  2
ACAD
 70
0
  0
APPID
  5
136
330
3
100
AcDbSymbolTableRecord
100
AcDbRegAppTableRecord
  2
HATCHBACKGROUNDCOLOR
 70
0
  0
APPID
  5
137
330
3
100
AcDbSymbolTableRecord
100
AcDbRegAppTableRecord
  2
EZDXF
 70
0
  0
ENDTAB
  0
TABLE
  2
DIMSTYLE
  5
4
330
0
100
AcDbSymbolTable
 70
1
100
AcDbDimStyleTable
  0
DIMSTYLE
105
2B
330
4
100
AcDbSymbolTableRecord
100
AcDbDimStyleTableRecord
  2
Standard
 70
0
 40
1.0
 41
2.5
 42
0.625
 43
3.75
 44
1.25
 45
0.0
 46
0.0
 47
0.0
 48
0.0
 49
2.5
140
2.5
141
2.5
142
0.0
143
0.03937007874
144
1.0
145
0.0
146
1.0
147
0.625
148
0.0
 69
0
 70
0
 71
0
 72
0
 73
0
 74
0
 75
0
 76
0
 77
1
 78
8
 79
3
170
0
171
3
172
1
173
0
174
0
175
0
176
0
177
0
178
0
179
2
271
2
272
2
273
2
274
3
275
0
276
0
277
2
278
44
279
0
280
0
281
0
282
0
283
0
284
8
285
0
286
0
288
0
289
3
290
0
371
-2
372
-2
  0
ENDTAB
  0
TABLE
  2
BLOCK_RECORD
  5
9
330
0
100
AcDbSymbolTable
 70
2
  0
BLOCK_RECORD
  5
17
330
9
100
AcDbSymbolTableRecord
100
AcDbBlockTableRecord
  2
*Model_Space
340
1A
 70
0
280
1
281
0
  0
BLOCK_RECORD
  5
1B
330
9
100
AcDbSymbolTableRecord
100
AcDbBlockTableRecord
  2
*Paper_Space
340
1E
 70
0
280
1
281
0
  0
ENDTAB
  0
ENDSEC
  0
SECTION
  2
BLOCKS
  0
BLOCK
  5
18
330
17
100
AcDbEntity
  8
0
100
AcDbBlockBegin
  2
*Model_Space
 70
0
 10
0.0
 20
0.0
 30
0.0
  3
*Model_Space
  1

  0
ENDBLK
  5
19
330
17
100
AcDbEntity
  8
0
100
AcDbBlockEnd
  0
BLOCK
  5
1C
330
1B
100
AcDbEntity
  8
0
100
AcDbBlockBegin
  2
*Paper_Space
 70
0
 10
0.0
 20
0.0
 30
0.0
  3
*Paper_Space
  1

  0
ENDBLK
  5
1D
330
1B
100
AcDbEntity
  8
0
100
AcDbBlockEnd
  0
ENDSEC
  0
SECTION
  2
ENTITIES
  0
LWPOLYLINE
  5
34
330
17
100
AcDbEntity
  8
ENG_L
100
AcDbPolyline
 90
9
 70
1
 10
205.9986959928237
 20
28.386981913256836
 10
206.47518010647187
 20
27.910497799608635
 10
206.47518010647187
 20
25.220141862320244
 10
205.53237106488982
 20
25.220141862320244
 10
205.53237106488982
 20
27.24383113294204
 10
205.05627382347433
 20
27.719928374357437
 10
205.35250006779387
 20
33.94067950506796
 10
205.7063495607177
 20
33.94156412327154
 10
205.9986959928237
 20
28.386981913256836
  0
LWPOLYLINE
  5
35
330
17
100
AcDbEntity
  8
ENG_L
100
AcDbPolyline
 90
4
 70
1
 10
205.2966688044943
 20
34.74586335107854
 10
206.10140665861866
 20
33.94112549695427
 10
205.2966688044943
 20
33.13638764283
 10
205.2966688044943
 20
34.74586335107854
  0
LWPOLYLINE
  5
36
330
17
100
AcDbEntity
  8
ENG_L
100
AcDbPolyline
 90
5
 70
1
 10
204.2211631673084
 20
28.013503464400237
 10
204.68087918054403
 20
26.63435542469328
 10
203.64675298172568
 20
26.63435542469328
 10
203.64675298172568
 20
27.439093278817662
 10
204.2211631673084
 20
28.013503464400237
  0
LWPOLYLINE
  5
37
330
17
100
AcDbEntity
  8
ENG_L
100
AcDbPolyline
 90
5
 70
1
 10
202.75575221685816
 20
28.51997350785751
 10
201.85116515080745
 20
28.51997350785751
 10
201.1930762349397
 20
29.83615133959294
 10
202.41130162453786
 20
30.242226469458956
 10
202.75575221685816
 20
28.51997350785751
  0
LWPOLYLINE
  5
38
330
17
100
AcDbEntity
  8
ENG_L
100
AcDbPolyline
 90
10
 70
1
 10
199.32358678898512
 20
28.17886199212305
 10
198.40875433317782
 20
28.63627822002668
 10
198.78363657531546
 20
29.76092494643945
 10
200.47424333993843
 20
29.197389358231906
 10
202.2139664319124
 20
27.457666266257785
 10
202.81096382290679
 20
24.472679311285937
 10
200.84205006430847
 20
25.785288483684887
 10
200.61990567140845
 20
26.896010448185017
 10
198.81134399397558
 20
27.154376402103942
 10
199.32358678898512
 20
28.17886199212305
  0
LWPOLYLINE
  5
39
330
17
100
AcDbEntity
  8
ENG_L
100
AcDbPolyline
 90
5
 70
1
 10
197.42989003577304
 20
16.01872680962657
 10
196.76028501560492
 20
16.688331829794567
 10
199.96412099106666
 20
16.97958964574564
 10
200.6337260112348
 20
16.309984625577645
 10
197.42989003577304
 20
16.01872680962657
  0
LWPOLYLINE
  5
3A
330
17
100
AcDbEntity
  8
ENG_L
100
AcDbPolyline
 90
7
 70
1
 10
193.2682509362178
 20
23.42837513242757
 10
193.2530209582053
 20
23.334523779156125
 10
190.5854975870345
 20
23.334523779156125
 10
189.95586017943327
 20
23.96416118675726
 10
190.32789837921445
 20
25.82435218566326
 10
191.5414922657012
 20
24.00396135593297
 10
193.2682509362178
 20
23.42837513242757
  0
LWPOLYLINE
  5
3B
330
17
100
AcDbEntity
  8
ENG_L
100
AcDbPolyline
 90
5
 70
1
 10
192.04223276616622
 20
25.220141862320244
 10
190.44742639957678
 20
25.220141862320244
 10
190.44742639957678
 20
26.4962842372356
 10
190.96562698810197
 20
27.014484825760633
 10
192.04223276616622
 20
25.220141862320244
  0
LWPOLYLINE
  5
3C
330
17
100
AcDbEntity
  8
ENG_L
100
AcDbPolyline
 90
4
 70
1
 10
185.969083452062
 20
19.189514164974497
 10
186.77382130618636
 20
18.384776310850228
 10
185.969083452062
 20
17.580038456725955
 10
185.969083452062
 20
19.189514164974497
  0
LWPOLYLINE
  5
3D
330
17
100
AcDbEntity
  8
ENG_L
100
AcDbPolyline
 90
45
 70
1
 10
152.63743366335646
 20
232.40242874997864
 10
153.22504224452547
 20
232.99003733114776
 10
153.6964467653165
 20
235.34705993510286
 10
154.6206828194584
 20
236.27129598924458
 10
154.6206828194584
 20
240.07835343477257
 10
156.07143364743075
 20
240.94880393155572
 10
157.3845389630841
 20
239.6356986159025
 10
157.85594348387514
 20
240.57850765748447
 10
158.45557998766165
 20
239.9788711536981
 10
158.6626867688483
 20
240.04790674742682
 10
158.39191898578665
 20
240.3186745304886
 10
158.39191898578665
 20
243.14710165523468
 10
156.47233083155973
 20
245.06668980946156
 10
156.95892722997013
 20
246.52647900469282
 10
156.02865127654468
 20
248.3870309115437
 10
156.29533729313195
 20
250.78720506082908
 10
157.07533649635127
 20
250.78720506082908
 10
160.7489415897418
 20
247.11359996743832
 10
160.7489415897418
 20
240.99940450574576
 10
163.21435442120108
 20
238.98224855273352
 10
165.13715184793904
 20
238.50154919604915
 10
166.01508889566912
 20
237.1846436244538
 10
166.83764584852176
 20
237.59592210088033
 10
168.84003248343774
 20
237.3098668673208
 10
168.25603529178306
 20
235.5578752923566
 10
166.37041720861887
 20
234.14366172998348
 10
166.03739698323477
 20
233.14460105383162
 10
165.46298679765218
 20
233.71901123941407
 10
165.46298679765212
 20
232.77620219783213
 10
163.69357277486588
 20
231.00678817504573
 10
161.0978608234056
 20
230.48764578475357
 10
159.80613254815975
 20
232.8127566801963
 10
159.80613254815975
 20
235.1332248017872
 10
159.3347280273687
 20
235.6046293225782
 10
159.3347280273687
 20
236.51892541549535
 10
158.20453290642638
 20
237.2723888294568
 10
158.38650320590156
 20
231.63130954572654
 10
159.80613254815972
 20
231.15809976497383
 10
159.80613254815972
 20
229.15770656062074
 10
158.42845625138597
 20
229.9843123386851
 10
158.01814553793338
 20
229.57400162523234
 10
156.40866982968478
 20
229.57400162523234
 10
154.9944562673117
 20
230.98821518760548
 10
154.05164722572965
 20
230.98821518760548
 10
152.63743366335646
 20
232.40242874997864
  0
LWPOLYLINE
  5
3E
330
17
100
AcDbEntity
  8
ENG_L
100
AcDbPolyline
 90
6
 70
1
 10
161.0868937583956
 20
23.570226039551613
 10
162.26078622505275
 20
23.570226039551613
 10
163.28310076020588
 20
22.54791150439839
 10
161.23082566425992
 20
21.66836503470726
 10
160.15995190695085
 20
22.02532295381021
 10
161.0868937583956
 20
23.570226039551613
  0
LWPOLYLINE
  5
3F
330
17
100
AcDbEntity
  8
ENG_L
100
AcDbPolyline
 90
4
 70
1
 10
155.799194121436
 20
251.59194291495356
 10
156.60393197556033
 20
250.78720506082885
 10
155.799194121436
 20
249.98246720670502
 10
155.799194121436
 20
251.59194291495356
  0
LWPOLYLINE
  5
40
330
17
100
AcDbEntity
  8
ENG_L
100
AcDbPolyline
 90
4
 70
1
 10
154.8563850798539
 20
250.69588790359276
 10
154.8563850798539
 20
252.53475195653508
 10
156.2355331195609
 20
251.15560391682857
 10
154.8563850798539
 20
250.69588790359276
  0
LWPOLYLINE
  5
41
330
17
100
AcDbEntity
  8
ENG_L
100
AcDbPolyline
 90
4
 70
1
 10
155.18971841318722
 20
252.201418623202
 10
154.38498055906288
 20
251.39668076907728
 10
154.38498055906288
 20
253.00615647732673
 10
155.18971841318722
 20
252.201418623202
  0
LWPOLYLINE
  5
42
330
17
100
AcDbEntity
  8
ENG_L
100
AcDbPolyline
 90
24
 70
1
 10
146.42674546151915
 20
256.9154638311124
 10
148.5900551221127
 20
256.9154638311124
 10
149.0614596429037
 20
256.44405931032145
 10
149.99456240974848
 20
256.44405931032145
 10
153.78783424185724
 20
253.1565570558272
 10
153.26756306442388
 20
252.63628587839392
 10
154.6206828194584
 20
250.38108628666956
 10
154.6206828194584
 20
249.27536042551824
 10
153.73170161763846
 20
248.3863792236982
 10
151.46800150831635
 20
249.3565364134076
 10
152.73506473629428
 20
249.99006802739655
 10
152.73506473629428
 20
251.14333142310196
 10
150.83883823061979
 20
252.61817426084866
 10
149.40520040787686
 20
251.66241571235327
 10
148.00085782903145
 20
253.06675829119897
 10
148.1882542062052
 20
254.00374017706739
 10
144.88352499584272
 20
253.17755787447683
 10
144.3954553702053
 20
252.201418623202
 10
139.80271918832625
 20
252.201418623202
 10
139.52627239369963
 20
254.13654618558823
 10
140.31174744520447
 20
255.4456712714297
 10
144.21022885055226
 20
257.3949119741035
 10
146.67999443706856
 20
257.04208831888707
 10
146.42674546151915
 20
256.9154638311124
  0
LWPOLYLINE
  5
43
330
17
100
AcDbEntity
  8
ENG_L
100
AcDbPolyline
 90
4
 70
1
 10
145.84405742892065
 20
256.6241198148131
 10
145.35479445769607
 20
256.37948832920097
 10
145.59942594330835
 20
256.13485684358864
 10
145.84405742892065
 20
256.6241198148131
  0
LWPOLYLINE
  5
44
330
17
100
AcDbEntity
  8
ENG_L
100
AcDbPolyline
 90
7
 70
1
 10
125.19296579268502
 20
231.0912208523974
 10
126.44124699689202
 20
231.5073145871327
 10
127.27922061357854
 20
230.1106918926552
 10
127.27922061357854
 20
228.0621569899217
 10
126.14070813253714
 20
226.92364450888024
 10
125.87238863223175
 20
230.4117980128504
 10
125.19296579268502
 20
231.0912208523974
  0
LWPOLYLINE
  5
45
330
17
100
AcDbEntity
  8
ENG_L
100
AcDbPolyline
 90
18
 70
1
 10
114.85590332248879
 20
228.57561358634103
 10
115.50669158083912
 20
229.6602606835916
 10
116.00090597079686
 20
232.13133263338025
 10
117.5778224244163
 20
232.44671592410415
 10
117.85917381995812
 20
230.47725615531124
 10
116.95941209912304
 20
228.67773271364112
 10
117.85113019775793
 20
227.78601461500614
 10
117.85113019775793
 20
226.59380268717166
 10
115.02861276552473
 20
225.31084021797489
 10
110.30128453869844
 20
227.20177150870535
 10
109.78789008203987
 20
227.03064002315253
 10
109.5236569196034
 20
226.237940535843
 10
107.46749005957261
 20
226.6491739078491
 10
108.96334681260088
 20
227.39710228436348
 10
109.70380099217323
 20
228.6311925836506
 10
113.19272674575129
 20
228.6311925836506
 10
114.07989403142966
 20
228.18760894081126
 10
114.85590332248879
 20
228.57561358634103
  0
LWPOLYLINE
  5
46
330
17
100
AcDbEntity
  8
ENG_L
100
AcDbPolyline
 90
12
 70
1
 10
114.8964408740149
 20
91.88506193594559
 10
113.08294312078101
 20
91.4316874976372
 10
110.75607093329133
 20
93.24147697679575
 10
111.26405089371987
 20
95.7813767789385
 10
112.06082359612832
 20
97.10933128295251
 10
112.7633115419944
 20
97.10933128295251
 10
114.52160762140848
 20
95.35103520353839
 10
115.18051116909581
 20
93.37432456047645
 10
116.43691663538483
 20
93.62560565373424
 10
116.43691663538483
 20
91.82625048131344
 10
115.4295366126823
 20
90.81887045861082
 10
114.8964408740149
 20
91.88506193594559
  0
LWPOLYLINE
  5
47
330
17
100
AcDbEntity
  8
ENG_L
100
AcDbPolyline
 90
14
 70
1
 10
115.45774858819924
 20
190.5757861666877
 10
115.96551211459379
 20
189.5602591138985
 10
115.96551211459379
 20
186.46522662375787
 10
113.69151651283559
 20
186.21256044578482
 10
112.26564085047166
 20
185.26197667087553
 10
110.87769345883025
 20
185.26197667087553
 10
110.39726204077064
 20
184.781545252816
 10
107.5869555032797
 20
185.03702766531515
 10
106.3839558784161
 20
186.72122714012417
 10
104.55465718685657
 20
187.5052122936497
 10
107.05451932251968
 20
192.0049641378432
 10
110.68243131295462
 20
195.63287612827818
 10
111.36391385738786
 20
195.63287612827818
 10
115.45774858819924
 20
190.5757861666877
  0
LWPOLYLINE
  5
48
330
17
100
AcDbEntity
  8
ENG_L
100
AcDbPolyline
 90
5
 70
1
 10
113.77515617730529
 20
187.41189249364422
 10
114.05973233207719
 20
187.69646864841604
 10
113.90113182624442
 20
188.48947117757987
 10
113.63393979535675
 20
188.40040716728402
 10
113.77515617730529
 20
187.41189249364422
  0
LWPOLYLINE
  5
49
330
17
100
AcDbEntity
  8
ENG_L
100
AcDbPolyline
 90
5
 70
1
 10
107.90483919341216
 20
190.774403779696
 10
107.50039243970771
 20
190.36995702599157
 10
107.64576229692312
 20
189.64310773991443
 10
108.33536120895103
 20
190.0568670871312
 10
107.90483919341216
 20
190.774403779696
  0
LWPOLYLINE
  5
4A
330
17
100
AcDbEntity
  8
ENG_L
100
AcDbPolyline
 90
60
 70
1
 10
102.76618553244491
 20
207.5636611562036
 10
102.76618553244491
 20
208.45842926257384
 10
103.23759005323595
 20
208.92983378336493
 10
103.23759005323595
 20
211.85837954639243
 10
107.36610111215843
 20
212.5869403214964
 10
108.42303978193729
 20
213.64387899127524
 10
108.42303978193729
 20
214.5866880328573
 10
110.64044199592045
 20
216.80409024684045
 10
111.72287142747452
 20
217.3453049626175
 10
112.6191403390659
 20
216.89717050682177
 10
113.13708498984761
 20
217.41511515760348
 10
114.07989403142966
 20
216.47230611602143
 10
114.07989403142966
 20
215.2861939933519
 10
113.13708498984761
 20
214.81478947256093
 10
113.13708498984761
 20
212.97721232460864
 10
111.37878891043343
 20
211.2189162451944
 10
110.02359234243535
 20
210.7671840558617
 10
109.88494822304665
 20
210.35125169769563
 10
110.80107699073808
 20
209.8015744370808
 10
113.23592228521635
 20
210.77551255487214
 10
114.11805122378487
 20
209.3052976572578
 10
110.78006238589244
 20
203.58303107801368
 10
110.78006238589244
 20
200.00896916753464
 10
111.72287142747452
 20
199.44328374258546
 10
112.72958666171797
 20
200.0473128831315
 10
113.56169344290454
 20
201.4341575184424
 10
114.62939332824806
 20
200.366457633099
 10
112.80178046171446
 20
198.0166696618415
 10
110.90708724238786
 20
197.54299635700988
 10
106.67590883418674
 20
192.84168701456406
 10
104.31285614449216
 20
191.89646593868636
 10
103.23759005323593
 20
190.82119984743008
 10
103.23759005323593
 20
190.07365295172363
 10
103.78114682836195
 20
189.53009617659765
 10
102.28809108379886
 20
187.4398181342093
 10
101.22582794846917
 20
189.03321283720376
 10
100.50679400142756
 20
189.03321283720376
 10
99.9717284787615
 20
188.49814731453773
 10
100.04076407249036
 20
188.2910405333512
 10
100.40916292848978
 20
188.6594393893507
 10
100.91453752034357
 20
188.15406479749674
 10
100.33392634067067
 20
186.41223125847796
 10
95.61312046388852
 20
187.15762166007522
 10
94.28090415820634
 20
187.95695144348457
 10
94.28090415820634
 20
188.67220534989394
 10
97.10933128295252
 20
191.02922795384902
 10
97.10933128295252
 20
191.48786651409677
 10
98.99494936611664
 20
193.3734845972609
 10
98.99494936611664
 20
195.53524505534037
 10
98.52354484532562
 20
196.00664957613145
 10
98.52354484532562
 20
197.1603740536062
 10
100.88056744928079
 20
199.0459921367703
 10
100.88056744928079
 20
200.93617698717725
 10
102.64305284493888
 20
202.25804103392088
 10
102.19714993871607
 20
202.7039439401437
 10
102.71509458949774
 20
203.22188859092537
 10
102.33677032868795
 20
203.97853711254498
 10
100.88056744928079
 20
205.43473999195206
 10
100.88056744928079
 20
206.62085211462156
 10
102.76618553244491
 20
207.5636611562036
  0
LWPOLYLINE
  5
4B
330
17
100
AcDbEntity
  8
ENG_L
100
AcDbPolyline
 90
4
 70
1
 10
107.82223704264734
 20
206.7195553358262
 10
108.09803592889581
 20
206.88503466757535
 10
108.01529626302126
 20
206.91261455620014
 10
107.82223704264734
 20
206.7195553358262
  0
LWPOLYLINE
  5
4C
330
17
100
AcDbEntity
  8
ENG_L
100
AcDbPolyline
 90
4
 70
1
 10
113.37278725024312
 20
211.52255864771553
 10
114.17752510436748
 20
210.71782079359124
 10
113.37278725024312
 20
209.913082939467
 10
113.37278725024312
 20
211.52255864771553
  0
LWPOLYLINE
  5
4D
330
17
100
AcDbEntity
  8
ENG_L
100
AcDbPolyline
 90
4
 70
1
 10
111.95857368787003
 20
195.29954279494498
 10
111.95857368787003
 20
196.90901850319352
 10
112.76331154199438
 20
196.10428064906927
 10
111.95857368787003
 20
195.29954279494498
  0
LWPOLYLINE
  5
4E
330
17
100
AcDbEntity
  8
ENG_L
100
AcDbPolyline
 90
4
 70
1
 10
111.487169167079
 20
196.43761398240278
 10
112.29190702120334
 20
195.63287612827818
 10
111.487169167079
 20
194.8281382741539
 10
111.487169167079
 20
196.43761398240278
  0
LWPOLYLINE
  5
4F
330
17
100
AcDbEntity
  8
ENG_L
100
AcDbPolyline
 90
13
 70
1
 10
103.67983061890894
 20
22.343409319106723
 10
103.43722758444666
 20
24.041630560342586
 10
106.10805490277896
 20
24.041630560342586
 10
110.84020967047489
 20
22.298205119612447
 10
110.47854244246955
 20
21.213203435596405
 10
109.46347989645716
 20
21.213203435596405
 10
108.99207537566613
 20
20.741798914805432
 10
107.06446797546805
 20
20.741798914805432
 10
105.18732073871865
 20
19.80322529643075
 10
101.91913726565585
 20
19.551826567733578
 10
101.30088102712465
 20
20.788339044796047
 10
102.6499814720669
 20
22.13743948973823
 10
103.67983061890894
 20
22.343409319106723
  0
LWPOLYLINE
  5
50
330
17
100
AcDbEntity
  8
ENG_L
100
AcDbPolyline
 90
4
 70
1
 10
108.6587420423328
 20
229.43593043777489
 10
109.46347989645716
 20
228.63119258365037
 10
108.6587420423328
 20
227.82645472952657
 10
108.6587420423328
 20
229.43593043777489
  0
LWPOLYLINE
  5
51
330
17
100
AcDbEntity
  8
ENG_L
100
AcDbPolyline
 90
13
 70
1
 10
109.01202946472819
 20
228.29047758622755
 10
108.10351750938547
 20
226.77629099398965
 10
106.18651985049055
 20
226.297041579266
 10
102.94391506403906
 20
223.05443679281444
 10
103.24628399110125
 20
226.3804949904984
 10
103.70899457402697
 20
226.84320557342397
 10
103.70899457402697
 20
228.30546007100904
 10
104.69477273434354
 20
228.79834915116737
 10
104.95332355903196
 20
229.57400162523257
 10
107.1787107969323
 20
229.57400162523257
 10
107.58323640514685
 20
228.36042480058882
 10
107.88797425927118
 20
228.66516265471338
 10
109.01202946472819
 20
228.29047758622755
  0
LWPOLYLINE
  5
52
330
17
100
AcDbEntity
  8
ENG_L
100
AcDbPolyline
 90
14
 70
1
 10
104.19917728826142
 20
76.82085151992123
 10
103.76008551697416
 20
75.94266797734673
 10
104.18039909481801
 20
75.52235439950294
 10
104.18039909481801
 20
73.95486800828822
 10
103.76008551697416
 20
73.11424085260055
 10
104.25849387084537
 20
72.61583249872939
 10
102.37845059403028
 20
70.19863399996706
 10
101.35197197007182
 20
70.54079354128662
 10
101.35197197007182
 20
71.7511182331746
 10
101.82337649086284
 20
72.22252275396568
 10
101.82337649086284
 20
75.48036508246892
 10
102.83473122532358
 20
77.50307455139027
 10
103.85806577252694
 20
77.84418606712474
 10
104.19917728826142
 20
76.82085151992123
  0
LWPOLYLINE
  5
53
330
17
100
AcDbEntity
  8
ENG_L
100
AcDbPolyline
 90
4
 70
1
 10
102.05907875125835
 20
181.15740717121375
 10
102.05907875125835
 20
182.76688287946263
 10
102.8638166053827
 20
181.96214502533837
 10
102.05907875125835
 20
181.15740717121375
  0
LWPOLYLINE
  5
54
330
17
100
AcDbEntity
  8
ENG_L
100
AcDbPolyline
 90
13
 70
1
 10
98.04909803085009
 20
83.94779107442562
 10
98.9994342076095
 20
86.32363151632416
 10
99.47236861787557
 20
91.05297561898473
 10
101.01480904102867
 20
93.82936838066036
 10
101.3662697096763
 20
91.36914370012683
 10
100.86871648057553
 20
90.87159047102611
 10
100.3973119597845
 20
87.10035430469787
 10
99.93775840769872
 20
86.64080075261205
 10
99.93775840769872
 20
82.8695645862838
 10
99.46635388690768
 20
82.39816006549272
 10
99.46635388690768
 20
80.98394650311968
 10
98.32291680756032
 20
79.8405094237723
 10
98.04909803085009
 20
83.94779107442562
  0
LWPOLYLINE
  5
55
330
17
100
AcDbEntity
  8
ENG_L
100
AcDbPolyline
 90
8
 70
1
 10
96.16652224137047
 20
31.210329445145902
 10
97.10933128295252
 20
32.15313848672796
 10
98.63974890570366
 20
30.62272086397677
 10
99.96692236281676
 20
30.35728617255429
 10
99.6663538869077
 20
28.253306841190764
 10
97.73017841875804
 20
28.52990333664074
 10
96.16652224137047
 20
29.572340788232452
 10
96.16652224137047
 20
31.210329445145902
  0
LWPOLYLINE
  5
56
330
17
100
AcDbEntity
  8
ENG_L
100
AcDbPolyline
 90
7
 70
1
 10
99.93775840769872
 20
174.98870828641066
 10
99.93775840769872
 20
173.41157790446803
 10
99.09978479101208
 20
172.01495520999032
 10
98.05214032453459
 20
172.36417003214945
 10
98.05214032453459
 20
174.48495843931343
 10
98.94815329838255
 20
175.9783133957269
 10
99.93775840769872
 20
174.98870828641066
  0
LWPOLYLINE
  5
57
330
17
100
AcDbEntity
  8
ENG_L
100
AcDbPolyline
 90
5
 70
1
 10
98.05214032453459
 20
171.21747212008242
 10
98.62655051011727
 20
171.791882305665
 10
99.08626652335292
 20
170.41273426595805
 10
98.05214032453459
 20
170.41273426595805
 10
98.05214032453459
 20
171.21747212008242
  0
LWPOLYLINE
  5
58
330
17
100
AcDbEntity
  8
ENG_L
100
AcDbPolyline
 90
5
 70
1
 10
98.05214032453459
 20
168.38904499533612
 10
98.72801881900695
 20
169.06492348980873
 10
99.00922164219129
 20
164.2844754956746
 10
98.05214032453459
 20
164.2844754956746
 10
98.05214032453459
 20
168.38904499533612
  0
LWPOLYLINE
  5
59
330
17
100
AcDbEntity
  8
ENG_L
100
AcDbPolyline
 90
5
 70
1
 10
97.03186190936721
 20
40.56095048738118
 10
98.59588198415848
 20
40.24814647242292
 10
98.18282984790277
 20
39.008990063655766
 10
96.49349962148962
 20
40.02258819950366
 10
97.03186190936721
 20
40.56095048738118
  0
LWPOLYLINE
  5
5A
330
17
100
AcDbEntity
  8
ENG_L
100
AcDbPolyline
 90
6
 70
1
 10
97.49041981320522
 20
37.240210291372364
 10
97.65037854331551
 20
37.24161333017684
 10
98.03866028636129
 20
34.52364112885642
 10
98.5956970996606
 20
33.96660431555709
 10
96.7599661500457
 20
31.39658098609621
 10
97.49041981320522
 20
37.240210291372364
  0
LWPOLYLINE
  5
5B
330
17
100
AcDbEntity
  8
ENG_L
100
AcDbPolyline
 90
22
 70
1
 10
95.2237131997884
 20
80.70780412820422
 10
95.2237131997884
 20
83.06482673215942
 10
95.69511772057945
 20
83.53623125295051
 10
95.69511772057945
 20
84.92417864459189
 10
96.6379267621615
 20
86.33839220696493
 10
96.6379267621615
 20
88.68933565534564
 10
97.75010109674446
 20
90.54295954631719
 10
98.06116722180313
 20
87.12123217067169
 10
97.58073580374356
 20
86.64080075261205
 10
97.58073580374356
 20
82.8695645862838
 10
97.10450274639045
 20
82.39333152893069
 10
96.63309822559943
 20
72.9652411131101
 10
95.2775410395506
 20
71.60968392706124
 10
93.2205023410711
 20
72.49127194069538
 10
94.28090415820634
 20
74.08187466639815
 10
94.28090415820634
 20
76.46516344108501
 10
94.75230867899737
 20
76.93656796187598
 10
94.75230867899737
 20
77.68411485758241
 10
94.18327308526852
 20
78.25315045131131
 10
94.70121773605018
 20
78.7710951020929
 10
94.22981321525917
 20
79.71390414367497
 10
95.2237131997884
 20
80.70780412820422
  0
LWPOLYLINE
  5
5C
330
17
100
AcDbEntity
  8
ENG_L
100
AcDbPolyline
 90
20
 70
1
 10
90.63904524147048
 20
35.59973525758819
 10
90.03826347108705
 20
36.20051702797167
 10
90.03826347108705
 20
37.33858821542935
 10
90.50966799187808
 20
37.80999273622032
 10
90.50966799187808
 20
39.52244540898053
 10
89.44556234913574
 20
41.012193308819775
 10
88.70261732884579
 20
41.012193308819775
 10
86.81699924568166
 20
39.59797974644674
 10
84.28377814865688
 20
39.59797974644674
 10
83.4386001800126
 20
40.443157715090884
 10
83.4386001800126
 20
42.05263342333965
 10
84.28377814865685
 20
42.8978113919839
 10
89.62250070619989
 20
42.8978113919839
 10
91.508118789364
 20
41.95500235040184
 10
94.8499397519352
 20
41.95500235040184
 10
96.26415331430826
 20
40.54078878802869
 10
95.22371319978839
 20
39.500348673508825
 10
95.22371319978839
 20
37.14332606955373
 10
93.42669929229352
 20
35.34631216205886
 10
90.63904524147048
 20
35.59973525758819
  0
LWPOLYLINE
  5
5D
330
17
100
AcDbEntity
  8
ENG_L
100
AcDbPolyline
 90
4
 70
1
 10
94.84993975193518
 20
80.13876853447543
 10
94.04520189781083
 20
79.33403068035116
 10
94.04520189781083
 20
80.9435063885997
 10
94.84993975193518
 20
80.13876853447543
  0
LWPOLYLINE
  5
5E
330
17
100
AcDbEntity
  8
ENG_L
100
AcDbPolyline
 90
10
 70
1
 10
91.92388155425118
 20
77.8470316771519
 10
92.733238243696
 20
79.19595949289338
 10
93.54251860323444
 20
79.19595949289338
 10
93.81604100075543
 20
77.28130271024636
 10
92.86669059583325
 20
74.90792669794088
 10
92.86669059583325
 20
71.79787226339596
 10
90.98107251266912
 20
72.42641162445074
 10
90.98107251266912
 20
73.58449735123418
 10
91.92388155425118
 20
75.94151995518928
 10
91.92388155425118
 20
77.8470316771519
  0
LWPOLYLINE
  5
5F
330
17
100
AcDbEntity
  8
ENG_L
100
AcDbPolyline
 90
5
 70
1
 10
92.91849887254776
 20
20.034692133618858
 10
91.59054822091784
 20
20.034692133618858
 10
90.83664537199725
 20
20.788594982539486
 10
92.5608176316101
 20
21.82309833830709
 10
92.91849887254776
 20
20.034692133618858
  0
LWPOLYLINE
  5
60
330
17
100
AcDbEntity
  8
ENG_L
100
AcDbPolyline
 90
4
 70
1
 10
92.1595838146467
 20
30.974627184750304
 10
92.96432166877105
 20
30.16988933062603
 10
92.1595838146467
 20
29.36515147650176
 10
92.1595838146467
 20
30.974627184750304
  0
LWPOLYLINE
  5
61
330
17
100
AcDbEntity
  8
ENG_L
100
AcDbPolyline
 90
4
 70
1
 10
92.1595838146467
 20
30.30796051808382
 10
92.1595838146467
 20
31.917436226332363
 10
92.96432166877105
 20
31.112698372208094
 10
92.1595838146467
 20
30.30796051808382
  0
LWPOLYLINE
  5
62
330
17
100
AcDbEntity
  8
ENG_L
100
AcDbPolyline
 90
6
 70
1
 10
92.02613146250947
 20
23.334523779156125
 10
90.44857418453952
 20
25.963785909105972
 10
91.37500765987478
 20
26.89021938444125
 10
92.86669059583325
 20
26.591882797249554
 10
92.86669059583325
 20
23.334523779156125
 10
92.02613146250947
 20
23.334523779156125
  0
LWPOLYLINE
  5
63
330
17
100
AcDbEntity
  8
ENG_L
100
AcDbPolyline
 90
5
 70
1
 10
91.81904612935574
 20
29.27477516778032
 10
92.98427575783319
 20
28.886365291621253
 10
92.02871697914664
 20
27.293767327143502
 10
90.86348735066916
 20
27.682177203302572
 10
91.81904612935574
 20
29.27477516778032
  0
LWPOLYLINE
  5
64
330
17
100
AcDbEntity
  8
ENG_L
100
AcDbPolyline
 90
5
 70
1
 10
86.67477082367486
 20
32.49294186351837
 10
86.06639056702929
 20
33.10132212016392
 10
87.27349734821583
 20
33.503691047226056
 10
87.8818776048614
 20
32.8953107905805
 10
86.67477082367486
 20
32.49294186351837
  0
LWPOLYLINE
  5
65
330
17
100
AcDbEntity
  8
ENG_L
100
AcDbPolyline
 90
19
 70
1
 10
79.99309652632576
 20
73.06770072260993
 10
79.50809946276
 20
74.03769484974143
 10
78.25315045131126
 20
74.28868465203131
 10
78.25315045131126
 20
75.07461540693427
 10
81.55298209684848
 20
77.43163801088949
 10
81.55298209684848
 20
78.33402172357896
 10
83.29636188997267
 20
80.5755100290243
 10
84.74199175519927
 20
81.05738665076656
 10
86.94050845538763
 20
82.70627417590771
 10
87.21745657302374
 20
79.10594864663845
 10
86.73843182554982
 20
78.62692389916448
 10
86.73843182554982
 20
75.84048609145233
 10
85.79562278396777
 20
73.95486800828822
 10
85.79562278396777
 20
72.26927678418716
 10
83.31127817626263
 20
73.09739165342211
 10
82.02438661763951
 20
74.38428321204526
 10
82.02438661763951
 20
73.91287869125418
 10
81.17920864899529
 20
73.06770072260993
 10
79.99309652632576
 20
73.06770072260993
  0
LWPOLYLINE
  5
66
330
17
100
AcDbEntity
  8
ENG_L
100
AcDbPolyline
 90
5
 70
1
 10
82.02438661763951
 20
74.57954535792088
 10
82.47562943907806
 20
75.03078817935938
 10
82.35103828979365
 20
75.65374392578138
 10
82.02438661763951
 20
75.32709225362733
 10
82.02438661763951
 20
74.57954535792088
  0
LWPOLYLINE
  5
67
330
17
100
AcDbEntity
  8
ENG_L
100
AcDbPolyline
 90
5
 70
1
 10
82.82244281058469
 20
78.0107665297366
 10
82.52976120949333
 20
77.71808492864518
 10
82.64486233693052
 20
77.37278154633375
 10
82.93096621536932
 20
77.46814950581337
 10
82.82244281058469
 20
78.0107665297366
  0
LWPOLYLINE
  5
68
330
17
100
AcDbEntity
  8
ENG_L
100
AcDbPolyline
 90
9
 70
1
 10
85.7595902931464
 20
188.3261060560173
 10
84.8528137423857
 20
188.3261060560173
 10
84.8528137423857
 20
190.07365295172363
 10
85.32421826317673
 20
190.5450574725147
 10
85.32421826317673
 20
191.9100196662643
 10
86.38148962848338
 20
194.37698618531317
 10
86.75272956515431
 20
191.7783066286166
 10
86.2514025532647
 20
191.27697961672706
 10
85.7595902931464
 20
188.3261060560173
  0
LWPOLYLINE
  5
69
330
17
100
AcDbEntity
  8
ENG_L
100
AcDbPolyline
 90
6
 70
1
 10
83.30526633561942
 20
178.96179232259425
 10
85.79562278396777
 20
175.91802333016858
 10
85.79562278396777
 20
173.88298242525912
 10
84.8996098101198
 20
172.38962746884567
 10
82.47562943907806
 20
174.81360783988754
 10
83.30526633561942
 20
178.96179232259425
  0
LWPOLYLINE
  5
6A
330
17
100
AcDbEntity
  8
ENG_L
100
AcDbPolyline
 90
8
 70
1
 10
81.14386683108334
 20
86.73097073546543
 10
86.12359663636931
 20
84.89633343878111
 10
83.51502029828139
 20
83.4471243620657
 10
80.22502817985641
 20
82.97712548800484
 10
78.81948994155687
 20
82.04009999580519
 10
75.41257107422719
 20
81.25388794949828
 10
75.67145375350283
 20
87.72595493138924
 10
81.14386683108334
 20
86.73097073546543
  0
LWPOLYLINE
  5
6B
330
17
100
AcDbEntity
  8
ENG_L
100
AcDbPolyline
 90
5
 70
1
 10
84.99756659102262
 20
188.33278771719642
 10
85.37602653989126
 20
186.44048797285308
 10
84.38140922159468
 20
186.44048797285308
 10
84.38140922159468
 20
187.71663034776853
 10
84.99756659102262
 20
188.33278771719642
  0
LWPOLYLINE
  5
6C
330
17
100
AcDbEntity
  8
ENG_L
100
AcDbPolyline
 90
5
 70
1
 10
84.88045337156869
 20
183.14065632731592
 10
83.91000470080365
 20
183.14065632731592
 10
83.91000470080365
 20
185.3596077438133
 10
84.56151336284246
 20
186.011116405852
 10
84.88045337156869
 20
183.14065632731592
  0
LWPOLYLINE
  5
6D
330
17
100
AcDbEntity
  8
ENG_L
100
AcDbPolyline
 90
5
 70
1
 10
83.4386001800126
 20
180.31222920256974
 10
83.4386001800126
 20
182.53118061906716
 10
84.09010884205142
 20
183.1826892811058
 10
84.40904885077765
 20
180.31222920256974
 10
83.4386001800126
 20
180.31222920256974
  0
LWPOLYLINE
  5
6E
330
17
100
AcDbEntity
  8
ENG_L
100
AcDbPolyline
 90
8
 70
1
 10
70.23927359786371
 20
66.38716615926788
 10
70.23927359786371
 20
67.97988206684636
 10
71.08445156650795
 20
68.82506003549061
 10
72.25834403316509
 20
68.82506003549061
 10
73.06770072260991
 20
67.47613221974925
 10
73.06770072260991
 20
65.45994264332178
 10
72.15002590755704
 20
63.9304846182337
 10
70.23927359786371
 20
66.38716615926788
  0
LWPOLYLINE
  5
6F
330
17
100
AcDbEntity
  8
ENG_L
100
AcDbPolyline
 90
5
 70
1
 10
59.86837414046103
 20
53.504413109782156
 10
59.86837414046103
 20
54.309150963906426
 10
60.44278432604368
 20
54.883561149489225
 10
60.902500339279364
 20
53.504413109782156
 10
59.86837414046103
 20
53.504413109782156
  0
LWPOLYLINE
  5
70
330
17
100
AcDbEntity
  8
ENG_L
100
AcDbPolyline
 90
5
 70
1
 10
58.21177665651326
 20
53.41346369802336
 10
59.94584351404641
 20
53.760277069530126
 10
60.58216258282667
 20
53.12395800074965
 10
58.84809572529363
 20
52.7771446292431
 10
58.21177665651326
 20
53.41346369802336
  0
LWPOLYLINE
  5
71
330
17
100
AcDbEntity
  8
ENG_L
100
AcDbPolyline
 90
5
 70
1
 10
59.95969129769732
 20
74.24621202458759
 10
58.92556509887896
 20
74.24621202458759
 10
58.92556509887896
 20
75.05094987871186
 10
59.49997528446165
 20
75.62536006429443
 10
59.95969129769732
 20
74.24621202458759
  0
LWPOLYLINE
  5
72
330
17
100
AcDbEntity
  8
ENG_L
100
AcDbPolyline
 90
5
 70
1
 10
59.44877789638451
 20
71.88918942063238
 10
58.45416057808793
 20
71.88918942063238
 10
58.45416057808793
 20
73.16533179554774
 10
59.07031794751585
 20
73.78148916497562
 10
59.44877789638451
 20
71.88918942063238
  0
LWPOLYLINE
  5
73
330
17
100
AcDbEntity
  8
ENG_L
100
AcDbPolyline
 90
5
 70
1
 10
57.982756057296896
 20
70.47497585825934
 10
57.982756057296896
 20
71.7511182331746
 10
58.5989134267248
 20
72.3672756026027
 10
58.97737337559348
 20
70.47497585825934
 10
57.982756057296896
 20
70.47497585825934
  0
LWPOLYLINE
  5
74
330
17
100
AcDbEntity
  8
ENG_L
100
AcDbPolyline
 90
13
 70
1
 10
57.227269571796086
 20
53.504413109782156
 10
55.49116385393624
 20
54.24845841743642
 10
54.211519890968646
 20
55.52810238040395
 10
54.211519890968646
 20
58.080387130234776
 10
54.68292441175968
 20
58.55179165102575
 10
54.68292441175968
 20
59.916753844775464
 10
55.740195777066326
 20
62.38372036382411
 10
56.103679337472904
 20
59.83933544097819
 10
55.154328932550705
 20
57.465959428672605
 10
55.154328932550705
 20
56.19476904707066
 10
56.233582210503975
 20
55.11551576911733
 10
59.77800806104141
 20
53.504413109782156
 10
57.227269571796086
 20
53.504413109782156
  0
LWPOLYLINE
  5
75
330
17
100
AcDbEntity
  8
ENG_L
100
AcDbPolyline
 90
5
 70
1
 10
57.51135153650587
 20
68.58935777509512
 10
57.51135153650587
 20
69.86550015001048
 10
58.12750890593377
 20
70.48165751943858
 10
58.50596885480244
 20
68.58935777509512
 10
57.51135153650587
 20
68.58935777509512
  0
LWPOLYLINE
  5
76
330
17
100
AcDbEntity
  8
ENG_L
100
AcDbPolyline
 90
5
 70
1
 10
57.03994701571483
 20
68.45128658763744
 10
57.65610438514277
 20
69.06744395706532
 10
58.03456433401142
 20
67.17514421272209
 10
57.03994701571483
 20
67.17514421272209
 10
57.03994701571483
 20
68.45128658763744
  0
LWPOLYLINE
  5
77
330
17
100
AcDbEntity
  8
ENG_L
100
AcDbPolyline
 90
5
 70
1
 10
57.18469986435173
 20
67.1818258739012
 10
57.56315981322038
 20
65.28952612955796
 10
56.568542494923804
 20
65.28952612955796
 10
56.568542494923804
 20
66.56566850447332
 10
57.18469986435173
 20
67.1818258739012
  0
LWPOLYLINE
  5
78
330
17
100
AcDbEntity
  8
ENG_L
100
AcDbPolyline
 90
5
 70
1
 10
57.07601174489963
 20
63.403908046393845
 10
56.09713797413277
 20
63.403908046393845
 10
56.09713797413277
 20
65.15145494210017
 10
56.735209161590475
 20
65.7895261295578
 10
57.07601174489963
 20
63.403908046393845
  0
LWPOLYLINE
  5
79
330
17
100
AcDbEntity
  8
ENG_L
100
AcDbPolyline
 90
5
 70
1
 10
56.6046072241086
 20
61.51828996322972
 10
55.625733453341745
 20
61.51828996322972
 10
55.625733453341745
 20
63.265836858936055
 10
56.26380464079945
 20
63.903908046393674
 10
56.6046072241086
 20
61.51828996322972
  0
LWPOLYLINE
  5
7A
330
17
100
AcDbEntity
  8
ENG_D
100
AcDbPolyline
 90
38
 70
1
 10
200.9687585480833
 20
17.964459956742562
 10
200.0199439560693
 20
17.39517120153411
 10
200.44455240912626
 20
16.970562748477192
 10
199.96552766165243
 20
16.491538001003224
 10
190.26375698718417
 20
17.23782805288543
 10
191.3902354411589
 20
18.927545733847474
 10
191.3902354411589
 20
20.83942998774324
 10
191.83631049251727
 20
21.285505039101537
 10
191.36490597172622
 20
23.17112312226566
 10
191.7273749052257
 20
23.53359205576522
 10
190.4025918815088
 20
24.416780738243048
 10
190.73249192224293
 20
25.406480860445278
 10
191.32779530455443
 20
25.60491532121578
 10
190.89447222847463
 20
26.904884549455055
 10
191.86163996194992
 20
28.355636149668072
 10
191.86163996194992
 20
30.072258257688222
 10
191.29260436822108
 20
30.641293851417117
 10
191.86163996194992
 20
31.210329445145902
 10
191.86163996194992
 20
32.88046532517453
 10
189.97602187878576
 20
34.29467888754767
 10
189.97602187878576
 20
35.924374653056205
 10
190.82119984743002
 20
36.769552621700456
 10
192.90208007646982
 20
36.769552621700456
 10
193.84488911805187
 20
35.82674358011839
 10
194.7614319889022
 20
35.82674358011839
 10
196.07424796618892
 20
34.95153292859388
 10
196.5756851698602
 20
35.45297013226523
 10
197.14472076358908
 20
34.88393453853633
 10
198.3857689155581
 20
34.88393453853633
 10
201.68560056109533
 20
37.24095714249154
 10
203.31403646031794
 20
37.24095714249154
 10
204.52448862517218
 20
35.06214324575374
 10
205.53237106488982
 20
34.55820202589499
 10
205.53237106488982
 20
27.910497799608635
 10
206.00377558568084
 20
27.439093278817662
 10
206.00377558568084
 20
25.040081357828427
 10
206.52298496997713
 20
24.00166258923575
 10
200.9687585480833
 20
17.964459956742562
  0
LWPOLYLINE
  5
7B
330
17
100
AcDbEntity
  8
ENG_D
100
AcDbPolyline
 90
11
 70
1
 10
199.08177897231533
 20
29.164640152439468
 10
198.98525669366194
 20
28.875073316479316
 10
199.95604232101874
 20
28.389680502800772
 10
199.52547607444623
 20
27.52854800965576
 10
201.01674604255058
 20
27.315509442783714
 10
201.27115739033036
 20
26.04345270388475
 10
202.06587275268592
 20
25.248737341529104
 10
202.2244957971524
 20
26.35909865279451
 10
201.80312421559566
 20
27.20184181590801
 10
200.21959933243852
 20
28.78536669906506
 10
199.08177897231533
 20
29.164640152439468
  0
LWPOLYLINE
  5
7C
330
17
100
AcDbEntity
  8
ENG_D
100
AcDbPolyline
 90
5
 70
1
 10
202.19630997550036
 20
29.540676713750933
 10
201.91020609706158
 20
29.636044673230554
 10
201.79510496962436
 20
29.29074129091902
 10
202.0877865707157
 20
28.998059689827606
 10
202.19630997550036
 20
29.540676713750933
  0
LWPOLYLINE
  5
7D
330
17
100
AcDbEntity
  8
ENG_D
100
AcDbPolyline
 90
5
 70
1
 10
197.71913094917176
 20
16.396152562894393
 10
196.51202416798523
 20
15.993783635832258
 10
195.90364391133969
 20
16.60216389247782
 10
197.1107506925262
 20
17.004532819539953
 10
197.71913094917176
 20
16.396152562894393
  0
LWPOLYLINE
  5
7E
330
17
100
AcDbEntity
  8
ENG_D
100
AcDbPolyline
 90
10
 70
1
 10
188.67291942752382
 20
17.89989175188589
 10
191.39506602214587
 20
17.511013666939856
 10
191.38255000799873
 20
17.256947805650125
 10
184.76661333025325
 20
16.969298384878595
 10
182.72226328017555
 20
17.480385897397976
 10
182.37706235305765
 20
18.515988678751594
 10
184.3267994804812
 20
19.351590304790278
 10
186.26042746836137
 20
18.384776310850228
 10
188.18803486855947
 20
18.384776310850228
 10
188.67291942752382
 20
17.89989175188589
  0
LWPOLYLINE
  5
7F
330
17
100
AcDbEntity
  8
ENG_D
100
AcDbPolyline
 90
29
 70
1
 10
168.6415218420291
 20
26.870057685088767
 10
170.7151502103967
 20
26.870057685088767
 10
176.84340898068012
 20
23.098821518760527
 10
180.64556253590294
 20
23.098821518760527
 10
181.11696705669397
 20
22.62741699796955
 10
180.0765269421741
 20
21.586976883449683
 10
180.0765269421741
 20
20.368025466952155
 10
180.65904257407627
 20
19.785509835050007
 10
182.51076358637766
 20
19.52097826186405
 10
182.13202960270638
 20
18.384776310850228
 10
181.09790340388798
 20
18.384776310850228
 10
179.21228532072385
 20
16.970562748477192
 10
174.04589924482852
 20
16.970562748477192
 10
173.57021336504272
 20
16.494876868691332
 10
168.01913176744077
 20
16.736228242500207
 10
165.34058087049794
 20
17.466742123484536
 10
164.04877323527901
 20
18.758549758703502
 10
164.04877323527901
 20
19.896620946161182
 10
164.89395120392328
 20
20.741798914805322
 10
166.032022391381
 20
20.741798914805322
 10
167.44623595375407
 20
19.327585352432287
 10
168.38904499533615
 20
19.327585352432287
 10
168.84028781677472
 20
18.876342530993682
 10
169.67646352965338
 20
19.043577673569455
 10
169.24415279276366
 20
22.069752831797352
 10
168.29141392239833
 20
23.49886113734545
 10
168.29141392239833
 20
24.367363072984038
 10
167.2321804883869
 20
24.896979789989615
 10
168.6415218420291
 20
26.870057685088767
  0
LWPOLYLINE
  5
80
330
17
100
AcDbEntity
  8
ENG_D
100
AcDbPolyline
 90
5
 70
1
 10
167.8200094016073
 20
235.4665581351203
 10
167.8200094016073
 20
236.27129598924478
 10
168.39441958718996
 20
236.84570617482748
 10
168.8541356004257
 20
235.4665581351203
 10
167.8200094016073
 20
235.4665581351203
  0
LWPOLYLINE
  5
81
330
17
100
AcDbEntity
  8
ENG_D
100
AcDbPolyline
 90
4
 70
1
 10
168.38904499533612
 20
235.2308558747249
 10
167.58430714121178
 20
234.4261180206002
 10
167.58430714121178
 20
236.03559372884874
 10
168.38904499533612
 20
235.2308558747249
  0
LWPOLYLINE
  5
82
330
17
100
AcDbEntity
  8
ENG_D
100
AcDbPolyline
 90
4
 70
1
 10
167.11290262042073
 20
233.95471349980946
 10
167.11290262042073
 20
235.56418920805777
 10
167.9176404745451
 20
234.75945135393394
 10
167.11290262042073
 20
233.95471349980946
  0
LWPOLYLINE
  5
83
330
17
100
AcDbEntity
  8
ENG_D
100
AcDbPolyline
 90
5
 70
1
 10
166.94086136190032
 20
234.7934214249967
 10
167.54924161854564
 20
234.18504116835103
 10
166.34213483735917
 20
233.78267224128925
 10
165.73375458071368
 20
234.39105249793423
 10
166.94086136190032
 20
234.7934214249967
  0
LWPOLYLINE
  5
84
330
17
100
AcDbEntity
  8
ENG_D
100
AcDbPolyline
 90
5
 70
1
 10
165.87073031656809
 20
236.6110993660351
 10
164.8939512039233
 20
237.58787847868
 10
165.4264495320528
 20
238.12037680680965
 10
167.2022042130665
 20
237.0549239982014
 10
165.87073031656809
 20
236.6110993660351
  0
LWPOLYLINE
  5
85
330
17
100
AcDbEntity
  8
ENG_D
100
AcDbPolyline
 90
4
 70
1
 10
162.3988574125104
 20
22.294083664636254
 10
162.3988574125104
 20
23.90355937288513
 10
163.20359526663475
 20
23.098821518760527
 10
162.3988574125104
 20
22.294083664636254
  0
LWPOLYLINE
  5
86
330
17
100
AcDbEntity
  8
ENG_D
100
AcDbPolyline
 90
8
 70
1
 10
159.78323477416467
 20
236.79226045363234
 10
160.72724005276777
 20
231.60023142131547
 10
162.37983589655792
 20
230.49850085878853
 10
159.6212311260484
 20
228.96594265295
 10
159.3576980873892
 20
230.81067392356402
 10
157.91362248847727
 20
231.29203245653463
 10
158.17229418255968
 20
237.75882480859534
 10
159.78323477416467
 20
236.79226045363234
  0
LWPOLYLINE
  5
87
330
17
100
AcDbEntity
  8
ENG_D
100
AcDbPolyline
 90
4
 70
1
 10
160.5132393293463
 20
22.489345810511765
 10
161.31797718347062
 20
21.68460795638749
 10
160.5132393293463
 20
20.87987010226289
 10
160.5132393293463
 20
22.489345810511765
  0
LWPOLYLINE
  5
88
330
17
100
AcDbEntity
  8
ENG_D
100
AcDbPolyline
 90
5
 70
1
 10
159.4323591003065
 20
229.57400162523257
 10
158.4284562513859
 20
228.57009877631197
 10
156.75528483651823
 20
229.57400162523257
 10
158.4284562513859
 20
230.57790447415317
 10
159.4323591003065
 20
229.57400162523257
  0
LWPOLYLINE
  5
89
330
17
100
AcDbEntity
  8
ENG_D
100
AcDbPolyline
 90
12
 70
1
 10
158.86332350657767
 20
243.34236380111008
 10
158.86332350657767
 20
240.513936676364
 10
159.53536476509808
 20
239.84189541784383
 10
158.3282579839116
 20
239.43952649078136
 10
157.98508544611607
 20
239.78269902857696
 10
157.51368092532505
 20
238.83988998699502
 10
155.95742700824624
 20
240.3961439040736
 10
154.5759384987219
 20
240.119846202169
 10
155.90065479008365
 20
249.39286024170104
 10
157.46980281959767
 20
246.56839378857563
 10
157.01167549447635
 20
245.19401181321143
 10
158.86332350657767
 20
243.34236380111008
  0
LWPOLYLINE
  5
8A
330
17
100
AcDbEntity
  8
ENG_D
100
AcDbPolyline
 90
5
 70
1
 10
158.06526731363255
 20
239.24447596262755
 10
158.4437272625012
 20
237.35217621828443
 10
157.44910994420457
 20
237.35217621828443
 10
157.44910994420457
 20
238.62831859319988
 10
158.06526731363255
 20
239.24447596262755
  0
LWPOLYLINE
  5
8B
330
17
100
AcDbEntity
  8
ENG_D
100
AcDbPolyline
 90
8
 70
1
 10
152.6739709289557
 20
252.70936040959248
 10
153.10883818414766
 20
253.14422766478418
 10
153.7957249080741
 20
253.14422766478418
 10
155.2529465115469
 20
251.20126552682055
 10
156.70013162795757
 20
250.3329544569741
 10
154.4610486828088
 20
248.73360949615363
 10
154.16186228570373
 20
250.22954148167887
 10
152.6739709289557
 20
252.70936040959248
  0
LWPOLYLINE
  5
8C
330
17
100
AcDbEntity
  8
ENG_D
100
AcDbPolyline
 90
5
 70
1
 10
154.7905884132473
 20
240.7039968529845
 10
155.0986797842859
 20
236.08262628740562
 10
153.96010469655886
 20
234.94405119967854
 10
153.67344342298142
 20
238.09732520903037
 10
154.7905884132473
 20
240.7039968529845
  0
LWPOLYLINE
  5
8D
330
17
100
AcDbEntity
  8
ENG_D
100
AcDbPolyline
 90
4
 70
1
 10
153.91357603827186
 20
248.09684912354092
 10
153.91357603827186
 20
249.70632483178946
 10
154.7183138923962
 20
248.90158697766475
 10
153.91357603827186
 20
248.09684912354092
  0
LWPOLYLINE
  5
8E
330
17
100
AcDbEntity
  8
ENG_D
100
AcDbPolyline
 90
5
 70
1
 10
153.2064692570853
 20
234.52374909353836
 10
153.2064692570853
 20
235.3284869476626
 10
153.78087944266798
 20
235.9028971332451
 10
154.2405954559037
 20
234.52374909353836
 10
153.2064692570853
 20
234.52374909353836
  0
LWPOLYLINE
  5
8F
330
17
100
AcDbEntity
  8
ENG_D
100
AcDbPolyline
 90
21
 70
1
 10
147.54961500759293
 20
250.68957398789115
 10
147.54961500759293
 20
252.10378755026431
 10
147.07821048680185
 20
252.57519207105528
 10
146.70443703894856
 20
252.201418623202
 10
144.48548562245122
 20
252.201418623202
 10
144.48548562245122
 20
253.56396068903254
 10
148.79659389214478
 20
254.64173775645605
 10
148.5125857485275
 20
253.2216970383694
 10
149.4652657736372
 20
252.26901701325954
 10
150.86005507564047
 20
253.1988765479285
 10
153.2064692570853
 20
251.37388774013814
 10
153.2064692570853
 20
249.69872401109728
 10
152.7478054170769
 20
249.46939209109308
 10
153.38682136689562
 20
249.34158890112923
 10
153.7550878181247
 20
248.236789547442
 10
151.90336680582328
 20
247.97225797425602
 10
150.92691602671533
 20
246.99580719514813
 10
149.52897519133072
 20
247.27539536222508
 10
148.49242404917499
 20
248.83022207545858
 10
148.49242404917499
 20
249.7467649463092
 10
147.54961500759293
 20
250.68957398789115
  0
LWPOLYLINE
  5
90
330
17
100
AcDbEntity
  8
ENG_D
100
AcDbPolyline
 90
5
 70
1
 10
148.49242404917499
 20
246.30886211331404
 10
148.49242404917499
 20
247.11359996743855
 10
149.06683423475764
 20
247.68801015302122
 10
149.52655024799338
 20
246.30886211331404
 10
148.49242404917499
 20
246.30886211331404
  0
LWPOLYLINE
  5
91
330
17
100
AcDbEntity
  8
ENG_D
100
AcDbPolyline
 90
4
 70
1
 10
144.34251998022546
 20
256.4877212534824
 10
145.81306812292883
 20
256.9779039677167
 10
146.30325083716332
 20
255.50735582501315
 10
144.34251998022546
 20
256.4877212534824
  0
LWPOLYLINE
  5
92
330
17
100
AcDbEntity
  8
ENG_D
100
AcDbPolyline
 90
17
 70
1
 10
126.33641157199646
 20
233.4428688644985
 10
126.90544716572522
 20
232.87383327076984
 10
128.29756399262666
 20
232.87383327076984
 10
130.10764773832474
 20
231.580916309557
 10
130.10764773832474
 20
227.78601461500614
 10
130.5790522591158
 20
227.31461009421517
 10
130.5790522591158
 20
225.70513438596663
 10
129.7412558714977
 20
224.86733799834835
 10
126.4821029861372
 20
224.61663393024355
 10
125.86500705120545
 20
225.23372986517543
 10
125.86500705120545
 20
227.31461009421517
 10
126.80781609278752
 20
228.2574191357971
 10
126.80781609278752
 20
229.98012039939186
 10
126.17915843465325
 20
231.02788316294885
 10
125.39360253041443
 20
231.28973513102858
 10
125.39360253041443
 20
232.50005982291634
 10
126.33641157199646
 20
233.4428688644985
  0
LWPOLYLINE
  5
93
330
17
100
AcDbEntity
  8
ENG_D
100
AcDbPolyline
 90
10
 70
1
 10
117.37972567696688
 20
227.59075246913073
 10
116.33928556244702
 20
228.63119258365037
 10
117.4098024139196
 20
229.70170943512304
 10
118.79393923933998
 20
227.76391787953455
 10
118.79393923933998
 20
226.1765389067576
 10
117.92859957134316
 20
225.31119923876065
 10
116.36457949655194
 20
225.6240032537189
 10
116.72198215805086
 20
226.69621123821582
 10
117.37972567696688
 20
226.91545907785436
 10
117.37972567696688
 20
227.59075246913073
  0
LWPOLYLINE
  5
94
330
17
100
AcDbEntity
  8
ENG_D
100
AcDbPolyline
 90
4
 70
1
 10
117.6154279373624
 20
232.06909541664533
 10
117.6154279373624
 20
233.67857112489367
 10
118.42016579148675
 20
232.87383327076984
 10
117.6154279373624
 20
232.06909541664533
  0
LWPOLYLINE
  5
95
330
17
100
AcDbEntity
  8
ENG_D
100
AcDbPolyline
 90
5
 70
1
 10
116.84466015430085
 20
231.89705415812512
 10
116.23627989765536
 20
232.50543441477012
 10
117.44338667884197
 20
232.9078033418326
 10
118.05176693548732
 20
232.29942308518693
 10
116.84466015430085
 20
231.89705415812512
  0
LWPOLYLINE
  5
96
330
17
100
AcDbEntity
  8
ENG_D
100
AcDbPolyline
 90
5
 70
1
 10
116.99963831341216
 20
91.68817929385575
 10
115.96551211459379
 20
91.68817929385575
 10
115.96551211459379
 20
92.49291714798002
 10
116.53992230017647
 20
93.0673273335626
 10
116.99963831341216
 20
91.68817929385575
  0
LWPOLYLINE
  5
97
330
17
100
AcDbEntity
  8
ENG_D
100
AcDbPolyline
 90
4
 70
1
 10
116.53454770832263
 20
231.45961970839667
 10
115.72980985419828
 20
230.6548818542722
 10
115.72980985419828
 20
232.2643575625205
 10
116.53454770832263
 20
231.45961970839667
  0
LWPOLYLINE
  5
98
330
17
100
AcDbEntity
  8
ENG_D
100
AcDbPolyline
 90
4
 70
1
 10
115.72980985419828
 20
90.64773917933589
 10
115.72980985419828
 20
92.25721488758477
 10
116.53454770832262
 20
91.45247703346016
 10
115.72980985419828
 20
90.64773917933589
  0
LWPOLYLINE
  5
99
330
17
100
AcDbEntity
  8
ENG_D
100
AcDbPolyline
 90
4
 70
1
 10
116.06314318753161
 20
225.80276545890433
 10
115.25840533340725
 20
224.99802760477982
 10
115.25840533340725
 20
226.60750331302813
 10
116.06314318753161
 20
225.80276545890433
  0
LWPOLYLINE
  5
9A
330
17
100
AcDbEntity
  8
ENG_D
100
AcDbPolyline
 90
5
 70
1
 10
114.5512985522207
 20
93.10239285622879
 10
114.5512985522207
 20
94.37853523114414
 10
115.0694991407458
 20
94.8967358196694
 10
116.1461049188101
 20
93.10239285622879
 10
114.5512985522207
 20
93.10239285622879
  0
LWPOLYLINE
  5
9B
330
17
100
AcDbEntity
  8
ENG_D
100
AcDbPolyline
 90
13
 70
1
 10
114.09021273145426
 20
227.65540331410406
 10
113.08144323394393
 20
228.1597880628594
 10
109.96339736591295
 20
228.1597880628594
 10
108.99069864561898
 20
226.70073998241836
 10
107.95163526114627
 20
227.04709444390937
 10
107.95163526114627
 20
227.78601461500614
 10
109.83725334431038
 20
229.67163269817027
 10
110.40628893803911
 20
229.1025971044416
 10
112.56804939611887
 20
229.1025971044416
 10
114.95904207113666
 20
231.49358977945923
 10
116.00174155844604
 20
231.14602328368971
 10
115.46908185994822
 20
228.48272479120047
 10
114.09021273145426
 20
227.65540331410406
  0
LWPOLYLINE
  5
9C
330
17
100
AcDbEntity
  8
ENG_D
100
AcDbPolyline
 90
5
 70
1
 10
115.55654773040723
 20
92.07295275275129
 10
115.17177427151171
 20
90.91863237606468
 10
114.01745389482521
 20
91.3034058349601
 10
114.40222735372073
 20
92.45772621164672
 10
115.55654773040723
 20
92.07295275275129
  0
LWPOLYLINE
  5
9D
330
17
100
AcDbEntity
  8
ENG_D
100
AcDbPolyline
 90
4
 70
1
 10
114.31559629182519
 20
93.94757082487315
 10
114.31559629182519
 20
95.55704653312169
 10
115.12033414594954
 20
94.75230867899742
 10
114.31559629182519
 20
93.94757082487315
  0
LWPOLYLINE
  5
9E
330
17
100
AcDbEntity
  8
ENG_D
100
AcDbPolyline
 90
5
 70
1
 10
114.18289969622131
 20
29.899121547564356
 10
114.64261570945699
 20
28.51997350785751
 10
113.60848951063863
 20
28.51997350785751
 10
113.60848951063863
 20
29.32471136198178
 10
114.18289969622131
 20
29.899121547564356
  0
LWPOLYLINE
  5
9F
330
17
100
AcDbEntity
  8
ENG_D
100
AcDbPolyline
 90
11
 70
1
 10
114.08570278175252
 20
211.09740299176738
 10
112.76331154199441
 20
209.7750117520092
 10
111.34909797962128
 20
209.7750117520092
 10
110.8437233877674
 20
209.26963716015536
 10
109.90579903718906
 20
209.58227861034817
 10
109.27894056199872
 20
210.83599556072875
 10
111.11689730727798
 20
211.62369130870562
 10
112.66568046905658
 20
213.17247447048427
 10
112.66568046905658
 20
215.1303460580788
 10
113.82572486806733
 20
215.5170275244156
 10
114.08570278175252
 20
211.09740299176738
  0
LWPOLYLINE
  5
A0
330
17
100
AcDbEntity
  8
ENG_D
100
AcDbPolyline
 90
5
 70
1
 10
113.71149517543026
 20
210.91845753132077
 10
114.17121118866594
 20
209.5393094916137
 10
113.13708498984761
 20
209.5393094916137
 10
113.13708498984761
 20
210.34404734573798
 10
113.71149517543026
 20
210.91845753132077
  0
LWPOLYLINE
  5
A1
330
17
100
AcDbEntity
  8
ENG_D
100
AcDbPolyline
 90
4
 70
1
 10
113.37278725024312
 20
224.99802760477982
 10
113.37278725024312
 20
226.60750331302813
 10
114.17752510436748
 20
225.80276545890433
 10
113.37278725024312
 20
224.99802760477982
  0
LWPOLYLINE
  5
A2
330
17
100
AcDbEntity
  8
ENG_D
100
AcDbPolyline
 90
4
 70
1
 10
114.17752510436748
 20
198.93270777381545
 10
113.37278725024312
 20
198.12796991969117
 10
113.37278725024312
 20
199.7374456279397
 10
114.17752510436748
 20
198.93270777381545
  0
LWPOLYLINE
  5
A3
330
17
100
AcDbEntity
  8
ENG_D
100
AcDbPolyline
 90
64
 70
1
 10
96.6379267621615
 20
39.59797974644674
 10
95.59748664764163
 20
39.59797974644674
 10
95.1260821268506
 20
40.069384267237716
 10
95.59748664764163
 20
40.54078878802869
 10
94.65467760605952
 20
41.483597829610865
 10
91.39683527755628
 20
41.483597829610865
 10
89.51121719439216
 20
42.426406871192924
 10
88.38834764831844
 20
42.426406871192924
 10
88.38834764831844
 20
43.39532890937026
 10
97.66718722544292
 20
42.418608953883385
 10
99.46635388690768
 20
41.13348990998
 10
99.46635388690768
 20
37.614730590344706
 10
98.99494936611664
 20
37.14332606955373
 10
98.99494936611664
 20
33.372089903225486
 10
98.52354484532562
 20
32.9006853824344
 10
98.52354484532562
 20
31.01506729927028
 10
98.05214032453458
 20
30.54366277847931
 10
97.10933128295254
 20
31.486471820061368
 10
96.6379267621615
 20
31.01506729927028
 10
96.6379267621615
 20
29.796115882772867
 10
97.22553534333056
 20
29.20850730160374
 10
99.33604652706049
 20
28.786405064857746
 10
99.84634562713802
 20
29.807003265012845
 10
101.42333687227791
 20
28.755675768252885
 10
102.19714993871604
 20
28.755675768252885
 10
103.61753935929671
 20
30.176065188833647
 10
111.35511615004442
 20
29.69246663941183
 10
111.75290411035475
 20
29.294678679101516
 10
113.16711767272784
 20
30.237487720683575
 10
113.65229274381427
 20
29.75231264959721
 10
112.19427594826554
 20
26.35027345998342
 10
112.19427594826554
 20
23.985988804438918
 10
111.7739623704217
 20
23.14536164875114
 10
112.19427594826554
 20
22.725048070907363
 10
112.19427594826554
 20
21.59927196828926
 10
109.92042019023587
 20
18.870645058653658
 10
110.40628893803922
 20
18.384776310850228
 10
109.95775601681893
 20
17.936243389629958
 10
107.8793336576411
 20
17.416637799835488
 10
107.38259966741738
 20
17.91337179005925
 10
106.13738208018823
 20
17.91337179005925
 10
104.71596734201042
 20
16.965761964607417
 10
101.03784737740796
 20
17.210969962247468
 10
99.52721216187855
 20
18.21806010593374
 10
98.84306711787737
 20
19.358301845935678
 10
97.01505790241276
 20
19.815304149801925
 10
94.1753268989242
 20
21.62240569747642
 10
95.6790272137412
 20
23.62733945056572
 10
95.51021765517102
 20
24.471387243416576
 10
94.28090415820634
 20
24.225524544023713
 10
94.28090415820634
 20
26.024879716444516
 10
94.75230867899734
 20
26.496284237235713
 10
95.2237131997884
 20
26.024879716444516
 10
95.69511772057945
 20
26.4962842372356
 10
95.69511772057945
 20
27.757224970767158
 10
94.73122666612977
 20
29.68500707966648
 10
96.12823895671153
 20
33.410373187884424
 10
95.69511772057945
 20
33.84349442401646
 10
95.69511772057945
 20
34.98156561147414
 10
96.16652224137047
 20
35.45297013226523
 10
96.16652224137047
 20
37.33858821542935
 10
97.01170021001472
 20
38.1837661840736
 10
96.6379267621615
 20
38.557539631926765
 10
96.6379267621615
 20
39.59797974644674
  0
LWPOLYLINE
  5
A4
330
17
100
AcDbEntity
  8
ENG_D
100
AcDbPolyline
 90
5
 70
1
 10
96.95887810386792
 20
39.821300015215336
 10
97.89433222845052
 20
39.634209190298805
 10
97.97980318570173
 20
39.890622062052515
 10
97.18680065653786
 20
40.04922256788524
 10
96.95887810386792
 20
39.821300015215336
  0
LWPOLYLINE
  5
A5
330
17
100
AcDbEntity
  8
ENG_D
100
AcDbPolyline
 90
13
 70
1
 10
110.24851058051895
 20
22.013819834744485
 10
106.0239794531853
 20
23.570226039551613
 10
103.90222420697881
 20
23.570226039551613
 10
103.6904215865868
 20
22.51121293759162
 10
101.88447029820139
 20
20.705261649206165
 10
102.34157707938796
 20
19.943417013895235
 10
102.66855445950705
 20
20.270394394014346
 10
105.0675663804962
 20
20.270394394014346
 10
106.95318446366032
 20
21.213203435596405
 10
108.79681322979052
 20
21.213203435596405
 10
109.26821775058154
 20
21.68460795638738
 10
110.13877328773327
 20
21.68460795638738
 10
110.24851058051895
 20
22.013819834744485
  0
LWPOLYLINE
  5
A6
330
17
100
AcDbEntity
  8
ENG_D
100
AcDbPolyline
 90
6
 70
1
 10
97.12949298230501
 20
33.39225160257797
 10
97.23375830219234
 20
32.87092500314126
 10
97.97998807019961
 20
33.91564667835145
 10
97.61941858875403
 20
34.276216159797144
 10
97.57016371990775
 20
33.83292234018065
 10
97.12949298230501
 20
33.39225160257797
  0
LWPOLYLINE
  5
A7
330
17
100
AcDbEntity
  8
ENG_D
100
AcDbPolyline
 90
4
 70
1
 10
112.9013827294521
 20
197.65656539889986
 10
112.9013827294521
 20
199.26604110714874
 10
113.70612058357644
 20
198.46130325302448
 10
112.9013827294521
 20
197.65656539889986
  0
LWPOLYLINE
  5
A8
330
17
100
AcDbEntity
  8
ENG_D
100
AcDbPolyline
 90
82
 70
1
 10
100.29965484555068
 20
187.8832646397448
 10
99.83475274290709
 20
187.4183625371012
 10
99.4323838158449
 20
188.62546931828783
 10
100.31153185555195
 20
189.50461735799473
 10
101.47811599167446
 20
189.50461735799473
 10
102.30147093950889
 20
188.26958493624312
 10
103.16543779890097
 20
189.479138539392
 10
102.76618553244491
 20
189.878390805848
 10
102.76618553244491
 20
191.01646199330568
 10
104.04794204514386
 20
192.2982185060047
 10
106.39893456335957
 20
193.2386155132909
 10
110.65303752939703
 20
197.9653965866659
 10
112.8483269635714
 20
198.51421894520948
 10
113.1572466892001
 20
196.969620317066
 10
112.7633115419944
 20
196.57568516986035
 10
112.77143690740414
 20
196.5675598044506
 10
107.43565706635175
 20
191.71685085803924
 10
102.25873016806595
 20
181.36299706146775
 10
100.43761683435046
 20
179.0866053943233
 10
100.93311636912733
 20
177.6001067899927
 10
99.87773823953484
 20
177.07241772519643
 10
98.52354484532562
 20
174.364030936778
 10
98.52354484532562
 20
172.58969636542133
 10
99.04604030906383
 20
171.54470543794497
 10
98.52354484532562
 20
171.02220997420682
 10
98.52354484532562
 20
164.80407815407926
 10
95.08469586946644
 20
164.01049762118868
 10
93.8094996374153
 20
166.98595549597462
 10
93.35031553428846
 20
165.91452592201193
 10
93.8236093091035
 20
164.02135082275183
 10
93.24806486437839
 20
162.87026193330155
 10
91.15148902643296
 20
162.87026193330155
 10
88.62404990871396
 20
164.38672540393296
 10
88.62404990871396
 20
165.83676024550542
 10
88.15264538792293
 20
166.3081647662964
 10
88.15264538792293
 20
169.98380237261068
 10
87.0678761865189
 20
170.20075621289155
 10
86.10031109984217
 20
171.6521038429065
 10
84.83305016396002
 20
172.41246040443593
 10
85.31216605317762
 20
175.7662716289592
 10
83.4302058968809
 20
178.11872182432998
 10
83.91954639817043
 20
183.0121268372249
 10
84.38140922159468
 20
183.4739896606492
 10
84.38140922159468
 20
186.3024167853954
 10
84.8528137423857
 20
186.77382130618636
 10
84.8528137423857
 20
188.14604555152536
 10
85.80639032820999
 20
190.05319872317395
 10
86.61069287957686
 20
194.07471148000843
 10
88.30782214269718
 20
191.81187246251463
 10
89.16326400073774
 20
191.3841515334943
 10
93.44629827339784
 20
190.90825883653218
 10
93.8560397674059
 20
190.4985173425241
 10
94.79884880898797
 20
190.96992186331508
 10
95.2237131997884
 20
190.5450574725147
 10
95.70568980441524
 20
191.0270340771415
 10
96.15545369385154
 20
195.07490908206825
 10
95.69511772057945
 20
195.53524505534037
 10
95.69511772057945
 20
200.4445524091264
 10
96.16652224137047
 20
200.91595692991737
 10
96.16652224137047
 20
202.1349083464149
 10
95.69511772057945
 20
202.60631286720587
 10
95.69511772057945
 20
204.21578857545464
 10
97.01170021001471
 20
205.53237106488987
 10
99.39498898470158
 20
205.53237106488987
 10
100.93211383096634
 20
206.55712096239975
 10
102.73086420953547
 20
204.2444419042394
 10
103.2886809961831
 20
203.12880833094417
 10
102.86381660538271
 20
202.7039439401437
 10
103.36072274074196
 20
202.20703780478456
 10
101.35197197007182
 20
200.70047472678186
 10
101.35197197007182
 20
198.81942341086057
 10
98.99494936611664
 20
196.93380532769643
 10
98.99494936611664
 20
196.20191172200708
 10
99.46635388690768
 20
195.730507201216
 10
99.46635388690768
 20
193.1917164492094
 10
97.22102566448113
 20
190.4474263995769
 10
96.73555783509933
 20
190.4474263995769
 10
94.78627875006015
 20
188.49814731453773
 10
94.94134594398624
 20
188.03294573275952
 10
97.1732125281903
 20
187.14019909907788
 10
99.79399914145985
 20
186.70340133019957
 10
100.29965484555068
 20
187.8832646397448
  0
LWPOLYLINE
  5
A9
330
17
100
AcDbEntity
  8
ENG_D
100
AcDbPolyline
 90
5
 70
1
 10
90.8618261629975
 20
184.1943321915146
 10
90.04859602664189
 20
182.4052258915323
 10
90.14363255430314
 20
181.93004325322605
 10
90.97222848602462
 20
183.42151593032474
 10
90.8618261629975
 20
184.1943321915146
  0
LWPOLYLINE
  5
AA
330
17
100
AcDbEntity
  8
ENG_D
100
AcDbPolyline
 90
4
 70
1
 10
113.23471606278541
 20
91.92388155425124
 10
112.42997820866105
 20
91.11914370012697
 10
112.42997820866105
 20
92.72861940837551
 10
113.23471606278541
 20
91.92388155425124
  0
LWPOLYLINE
  5
AB
330
17
100
AcDbEntity
  8
ENG_D
100
AcDbPolyline
 90
15
 70
1
 10
112.73327885911417
 20
97.13936396583267
 10
111.70914977632334
 20
95.60317034164656
 10
111.27784628517401
 20
93.44665288589982
 10
113.20844989205362
 20
92.15958381464672
 10
110.91813357335015
 20
92.15958381464672
 10
110.2110267921636
 20
92.8666905958333
 10
107.88027035894015
 20
92.8666905958333
 10
106.46605679656705
 20
93.80949963741536
 10
105.46116030505387
 20
93.80949963741536
 10
104.59070980827049
 20
95.26025046538766
 10
106.91119514662635
 20
97.58073580374361
 10
107.85400418820845
 20
97.58073580374361
 10
108.33788708288158
 20
98.06461869841665
 10
112.30375798990866
 20
97.56888483503833
 10
112.73327885911417
 20
97.13936396583267
  0
LWPOLYLINE
  5
AC
330
17
100
AcDbEntity
  8
ENG_D
100
AcDbPolyline
 90
22
 70
1
 10
105.59461265719109
 20
220.24354228234967
 10
105.59461265719109
 20
221.63148967399104
 10
106.53742169877316
 20
223.0457032363642
 10
106.53742169877316
 20
224.69007183995404
 10
106.12967817985718
 20
224.82598634625938
 10
103.09283720459905
 20
221.78914537100124
 10
102.74413582209118
 20
223.53265228354036
 10
106.94048663251172
 20
227.2353147633235
 10
109.53365267986595
 20
226.7166815538526
 10
111.72287142747452
 20
221.60850447609914
 10
111.72287142747452
 20
217.88651967839456
 10
112.30521990338802
 20
217.30417120248103
 10
108.89444430272832
 20
214.38064925905843
 10
108.89444430272832
 20
213.4486168453996
 10
107.57786181329305
 20
212.1320343559644
 10
106.16364825091998
 20
212.1320343559644
 10
105.68117518260998
 20
211.64956128765434
 10
103.29737580645116
 20
211.91442788500524
 10
102.7474073390015
 20
213.56433328735434
 10
104.16628942312981
 20
216.40209745561089
 10
103.68366510459433
 20
218.33259472975286
 10
105.59461265719109
 20
220.24354228234967
  0
LWPOLYLINE
  5
AD
330
17
100
AcDbEntity
  8
ENG_D
100
AcDbPolyline
 90
44
 70
1
 10
97.68925418738762
 20
75.69619664738447
 10
97.56725576557027
 20
74.84220769466299
 10
97.10933128295252
 20
74.38428321204526
 10
97.10933128295252
 20
72.00359507986754
 10
95.23496010755777
 20
70.66475852601417
 10
93.40114715605408
 20
71.76504629691627
 10
95.1075091394104
 20
72.10631869358764
 10
96.17135077793255
 20
73.17016033210977
 10
96.64275529872357
 20
82.59825074793036
 10
97.11534945337571
 20
83.07084490258265
 10
97.58477723839763
 20
90.58168946293321
 10
98.58509480501326
 20
92.2488854072927
 10
99.03861130927768
 20
90.8883358944994
 10
99.4017829057872
 20
91.61467908751841
 10
99.94770266856915
 20
91.06875932473658
 10
99.53088626361499
 20
86.900595275195
 10
99.9563313951389
 20
87.32604040671887
 10
101.34812578800228
 20
94.2850123710357
 10
101.54461993872938
 20
94.26922209398847
 10
101.8197892711666
 20
86.83965011818395
 10
102.39241208459171
 20
86.26702730475877
 10
104.7074453715129
 20
86.26702730475877
 10
106.59306345467702
 20
85.3242182631767
 10
108.79681322979047
 20
85.3242182631767
 10
109.41264489125344
 20
85.94004992463977
 10
110.36188803597602
 20
84.3579780167687
 10
107.61746926397278
 20
81.1145740134922
 10
107.00882621956418
 20
80.91169299868928
 10
107.00882621956418
 20
80.01262451287295
 10
105.52559945155056
 20
79.02380666753051
 10
104.31802194230882
 20
77.33319815459194
 10
103.16115234376477
 20
77.10182423488321
 10
102.29478101165387
 20
75.36908157066135
 10
102.29478101165387
 20
72.02726060809006
 10
101.82337649086284
 20
71.55585608729898
 10
101.82337649086284
 20
70.80830919159264
 10
102.4224888215444
 20
70.20919686091098
 10
100.45969798651107
 20
68.80720340731582
 10
97.10933128295252
 20
69.58036495429076
 10
97.10933128295252
 20
71.23772439534947
 10
98.05214032453459
 20
73.12334247851359
 10
98.05214032453459
 20
75.05094987871186
 10
98.36134279126732
 20
75.36015234544458
 10
97.68925418738762
 20
75.69619664738447
  0
LWPOLYLINE
  5
AE
330
17
100
AcDbEntity
  8
ENG_D
100
AcDbPolyline
 90
8
 70
1
 10
99.4663538869077
 20
86.25527150812195
 10
99.46186904541483
 20
86.21042309319338
 10
98.52658713901012
 20
83.87221832718173
 10
98.72417288309092
 20
80.90843216596954
 10
98.99494936611664
 20
81.1792086489953
 10
98.99494936611664
 20
82.59342221136833
 10
99.4663538869077
 20
83.06482673215942
 10
99.4663538869077
 20
86.25527150812195
  0
LWPOLYLINE
  5
AF
330
17
100
AcDbEntity
  8
ENG_D
100
AcDbPolyline
 90
5
 70
1
 10
108.9719136763137
 20
185.282138370228
 10
109.60823274509396
 20
184.64581930144752
 10
107.87416588756093
 20
184.29900592994096
 10
107.23784681878055
 20
184.93532499872123
 10
108.9719136763137
 20
185.282138370228
  0
LWPOLYLINE
  5
B0
330
17
100
AcDbEntity
  8
ENG_D
100
AcDbPolyline
 90
5
 70
1
 10
107.27959400262573
 20
207.04959029205472
 10
108.48670078381225
 20
207.45195921911684
 10
109.09508104045783
 20
206.8435789624713
 10
107.8879742592713
 20
206.44121003540917
 10
107.27959400262573
 20
207.04959029205472
  0
LWPOLYLINE
  5
B1
330
17
100
AcDbEntity
  8
ENG_D
100
AcDbPolyline
 90
4
 70
1
 10
107.24452847995971
 20
207.27991796059652
 10
108.04926633408405
 20
206.47518010647192
 10
107.24452847995971
 20
205.67044225234764
 10
107.24452847995971
 20
207.27991796059652
  0
LWPOLYLINE
  5
B2
330
17
100
AcDbEntity
  8
ENG_D
100
AcDbPolyline
 90
5
 70
1
 10
104.80087481410904
 20
228.09734792625514
 10
103.64655443742254
 20
228.48212138515044
 10
104.03132789631802
 20
229.63644176183683
 10
105.18564827300452
 20
229.2516683029413
 10
104.80087481410904
 20
228.09734792625514
  0
LWPOLYLINE
  5
B3
330
17
100
AcDbEntity
  8
ENG_D
100
AcDbPolyline
 90
5
 70
1
 10
103.23759005323595
 20
73.60439099003268
 10
104.31984645859214
 20
75.4081516656263
 10
104.68786834479384
 20
72.83199846221444
 10
103.23759005323595
 20
72.83199846221444
 10
103.23759005323595
 20
73.60439099003268
  0
LWPOLYLINE
  5
B4
330
17
100
AcDbEntity
  8
ENG_D
100
AcDbPolyline
 90
5
 70
1
 10
102.2311200097789
 20
206.91261455620014
 10
101.62273975313333
 20
207.5209948128457
 10
102.82984653431987
 20
207.92336373990784
 10
103.43822679096544
 20
207.31498348326227
 10
102.2311200097789
 20
206.91261455620014
  0
LWPOLYLINE
  5
B5
330
17
100
AcDbEntity
  8
ENG_D
100
AcDbPolyline
 90
4
 70
1
 10
101.58767423046733
 20
206.14184677313872
 10
101.58767423046733
 20
207.7513224813873
 10
102.39241208459168
 20
206.946584627263
 10
101.58767423046733
 20
206.14184677313872
  0
LWPOLYLINE
  5
B6
330
17
100
AcDbEntity
  8
ENG_D
100
AcDbPolyline
 90
7
 70
1
 10
99.85149876231769
 20
30.17981915940926
 10
97.1081008798311
 20
30.57173314262185
 10
97.11084921553453
 20
30.74766955990771
 10
100.46220802685839
 20
31.120042761165866
 10
101.87107136959911
 20
30.27472475552151
 10
101.47799300569918
 20
29.095489663821695
 10
99.85149876231769
 20
30.17981915940926
  0
LWPOLYLINE
  5
B7
330
17
100
AcDbEntity
  8
ENG_D
100
AcDbPolyline
 90
4
 70
1
 10
100.97819852221858
 20
92.8666905958333
 10
100.17346066809424
 20
92.0619527417087
 10
100.17346066809424
 20
93.67142844995757
 10
100.97819852221858
 20
92.8666905958333
  0
LWPOLYLINE
  5
B8
330
17
100
AcDbEntity
  8
ENG_D
100
AcDbPolyline
 90
5
 70
1
 10
100.46097120520426
 20
91.21677477306467
 10
99.4663538869077
 20
91.21677477306467
 10
99.4663538869077
 20
92.49291714798002
 10
100.08251125633562
 20
93.1090745174079
 10
100.46097120520426
 20
91.21677477306467
  0
LWPOLYLINE
  5
B9
330
17
100
AcDbEntity
  8
ENG_D
100
AcDbPolyline
 90
62
 70
1
 10
88.62404990871396
 20
79.29359056583118
 10
89.095454429505
 20
79.76499508662216
 10
89.095454429505
 20
81.1792086489953
 10
89.56685895029602
 20
81.65061316978628
 10
89.56685895029602
 20
83.14722406542585
 10
92.23159713850488
 20
83.87397084402825
 10
92.70742604490889
 20
84.8256286568363
 10
95.08609035229759
 20
85.30136151831402
 10
96.18102091200632
 20
86.83426430190622
 10
96.63337498268032
 20
89.09603465527616
 10
96.70787576369098
 20
89.09396678348769
 10
97.11969784131774
 20
86.21121224010042
 10
96.16652224137047
 20
84.78144884017958
 10
96.16652224137047
 20
83.3409691070749
 10
95.69511772057945
 20
82.8695645862838
 10
95.69511772057945
 20
80.5125419823286
 10
94.75230867899735
 20
79.56973294074665
 10
94.61889610849413
 20
79.7031455112499
 10
95.29131158984599
 20
78.69452228922202
 10
94.84993975193518
 20
78.25315045131131
 10
95.22371319978839
 20
77.87937700345805
 10
95.22371319978839
 20
76.74130581600036
 10
94.75230867899737
 20
76.26990129520938
 10
94.75230867899737
 20
73.93914486198582
 10
93.87709802747291
 20
72.6263288846991
 10
94.6142374915396
 20
71.88918942063238
 10
92.39528607504222
 20
71.88918942063238
 10
92.39528607504222
 20
74.99871091360721
 10
93.33809511662427
 20
77.35573351756241
 10
93.33809511662427
 20
78.55467039473407
 10
92.97152602072867
 20
78.67686009336606
 10
92.3872947927321
 20
77.7031413800383
 10
91.9158902719411
 20
73.93190521371018
 10
91.07990980803783
 20
72.53860444053817
 10
88.57865780088059
 20
73.53910524340101
 10
87.32768747653863
 20
73.53910524340101
 10
85.62708688282405
 20
71.27163778511492
 10
85.31797315788991
 20
74.05366130952207
 10
86.2670273047588
 20
75.95176960325989
 10
86.2670273047588
 20
78.8221860450401
 10
86.73081159886695
 20
79.2859703391483
 10
86.53635519571202
 20
81.81390358016239
 10
84.96363572957215
 20
80.63436398055745
 10
83.58083847005253
 20
80.17343156071755
 10
82.02438661763951
 20
78.17227917904368
 10
82.02438661763951
 20
77.18095362218413
 10
79.3644773597385
 20
75.48828409442898
 10
78.34940479420186
 20
73.96567524612385
 10
77.37888710260788
 20
74.28918114332205
 10
76.83893688893816
 20
75.36908157066135
 10
76.83893688893816
 20
78.62692389916448
 10
76.36753236814714
 20
79.09832841995556
 10
76.36753236814714
 20
80.04113746153763
 10
75.32709225362727
 20
81.0815775760575
 10
76.25132830776914
 20
82.00581363019933
 10
78.63260759316947
 20
82.48206948727943
 10
80.05250888909437
 20
83.42867035122936
 10
83.3581472762767
 20
83.90090440654107
 10
85.8670725860749
 20
85.40625959241999
 10
86.89568157406782
 20
83.86334611043067
 10
88.62404990871396
 20
83.12261682415367
 10
88.62404990871396
 20
79.29359056583118
  0
LWPOLYLINE
  5
BA
330
17
100
AcDbEntity
  8
ENG_D
100
AcDbPolyline
 90
6
 70
1
 10
88.62404990871396
 20
79.12459459068721
 10
87.68124086713189
 20
77.71038102831407
 10
87.68124086713189
 20
76.53741694551542
 10
88.02143302002149
 20
76.4240195612188
 10
88.62404990871396
 20
77.8301256348346
 10
88.62404990871396
 20
79.12459459068721
  0
LWPOLYLINE
  5
BB
330
17
100
AcDbEntity
  8
ENG_D
100
AcDbPolyline
 90
11
 70
1
 10
78.6825656550682
 20
80.47055266529458
 10
78.28097132926312
 20
79.66736401368435
 10
78.77564591504947
 20
78.67801484211168
 10
78.25315045131126
 20
78.15551937837351
 10
78.25315045131126
 20
77.44379376186639
 10
79.15942222729407
 20
76.90003069627672
 10
81.59497141388256
 20
79.33557988286522
 10
82.48450815570472
 20
81.11465336650959
 10
82.30942398768578
 20
81.9900742066042
 10
79.78061983811631
 20
81.56860684834267
 10
78.6825656550682
 20
80.47055266529458
  0
LWPOLYLINE
  5
BC
330
17
100
AcDbEntity
  8
ENG_D
100
AcDbPolyline
 90
4
 70
1
 10
94.98801093939288
 20
37.189148865777064
 10
94.98801093939288
 20
38.83576350908091
 10
97.04627924352275
 20
37.60080252660292
 10
94.98801093939288
 20
37.189148865777064
  0
LWPOLYLINE
  5
BD
330
17
100
AcDbEntity
  8
ENG_D
100
AcDbPolyline
 90
4
 70
1
 10
94.51660641860185
 20
37.57429047582506
 10
95.3213442727262
 20
36.769552621700456
 10
94.51660641860185
 20
35.96481476757618
 10
94.51660641860185
 20
37.57429047582506
  0
LWPOLYLINE
  5
BE
330
17
100
AcDbEntity
  8
ENG_D
100
AcDbPolyline
 90
26
 70
1
 10
92.86669059583325
 20
21.55846393478489
 10
91.58674209018434
 20
20.705164931019038
 10
92.04008561462919
 20
20.25182140657411
 10
94.28700894384222
 20
19.802436740731565
 10
94.26332851352105
 20
19.563287612827885
 10
90.19539831135073
 20
19.563287612827885
 10
88.14058892961273
 20
21.104394649131276
 10
88.62953565362233
 20
25.993861889227144
 10
89.56685895029602
 20
27.868508482574494
 10
89.56685895029602
 20
30.072258257688222
 10
88.4876056723428
 20
31.15151153564144
 10
85.26853724106061
 20
32.61472445895164
 10
87.09363228596285
 20
32.979743467931975
 10
88.05501431498512
 20
33.94112549695427
 10
90.58103289408419
 20
33.94112549695427
 10
92.09872553967584
 20
32.92933039989321
 10
92.9277844031718
 20
31.54756562739991
 10
92.39528607504222
 20
31.01506729927028
 10
92.39528607504222
 20
30.267520403563843
 10
93.58047903819896
 20
29.082327440407063
 10
92.04008561462919
 20
28.774248755693232
 10
91.52007542351772
 20
28.254238564581758
 10
92.486444039877
 20
26.80468564004279
 10
91.07223047750392
 20
25.861876598460732
 10
92.86669059583325
 20
23.170186420966687
 10
92.86669059583325
 20
21.55846393478489
  0
LWPOLYLINE
  5
BF
330
17
100
AcDbEntity
  8
ENG_D
100
AcDbPolyline
 90
9
 70
1
 10
87.56365570513196
 20
39.938694743869576
 10
88.49059755657673
 20
41.48359782961075
 10
89.6881555514563
 20
41.48359782961075
 10
90.98107251266912
 20
39.67351408391273
 10
90.98107251266912
 20
37.64707591665084
 10
90.03826347108705
 20
36.07572751401411
 10
89.095454429505
 20
37.64707591665084
 10
89.095454429505
 20
39.42809516907842
 10
87.56365570513196
 20
39.938694743869576
  0
LWPOLYLINE
  5
C0
330
17
100
AcDbEntity
  8
ENG_D
100
AcDbPolyline
 90
5
 70
1
 10
85.29414152622401
 20
37.58465385339205
 10
83.72041047119991
 20
39.78787733042577
 10
86.43037834714052
 20
40.08898487219703
 10
86.77240189661262
 20
39.06291422378061
 10
85.29414152622401
 20
37.58465385339205
  0
LWPOLYLINE
  5
C1
330
17
100
AcDbEntity
  8
ENG_D
100
AcDbPolyline
 90
7
 70
1
 10
83.43860018001261
 20
41.38596675667306
 10
82.90610185188301
 20
41.91846508480257
 10
83.78570902081574
 20
43.38447703302373
 10
87.20831841375886
 20
43.00418710047449
 10
87.21106674946229
 20
42.828250683188514
 10
84.4925203327058
 20
42.43988690936617
 10
83.43860018001261
 20
41.38596675667306
  0
LWPOLYLINE
  5
C2
330
17
100
AcDbEntity
  8
ENG_D
100
AcDbPolyline
 90
4
 70
1
 10
77.5723113069612
 20
74.06757156827382
 10
79.8251721097684
 20
74.51814372883514
 10
80.27574427032987
 20
73.16642724715106
 10
77.5723113069612
 20
74.06757156827382
  0
LWPOLYLINE
  5
C3
330
17
100
AcDbEntity
  8
ENG_D
100
AcDbPolyline
 90
16
 70
1
 10
72.39083649045209
 20
68.71723139706165
 10
72.5962962018189
 20
68.92269110842841
 10
73.53910524340094
 20
67.97988206684636
 10
73.53910524340094
 20
64.2086459005181
 10
74.01050976419198
 20
63.73724137972714
 10
74.01050976419198
 20
62.12776567147837
 10
73.08844798982746
 20
61.20570389711377
 10
68.84705106564324
 20
64.44912507443124
 10
68.7286594428535
 20
65.04108318837997
 10
68.47305306292591
 20
64.52987042852476
 10
67.41084647311753
 20
64.88393929179415
 10
67.41084647311753
 20
68.87343973980498
 10
68.19823434976743
 20
70.71067811865473
 10
71.24736838607747
 20
70.71067811865473
 10
72.62429467955357
 20
69.88452234256903
 10
72.39083649045209
 20
68.71723139706165
  0
LWPOLYLINE
  5
C4
330
17
100
AcDbEntity
  8
ENG_D
100
AcDbPolyline
 90
8
 70
1
 10
71.27971371238363
 20
68.35365551469962
 10
70.71067811865476
 20
67.78461992097074
 10
70.71067811865476
 20
66.54890870380315
 10
72.09975745449867
 20
64.7629495577181
 10
72.59629620181889
 20
65.59051413658511
 10
72.59629620181889
 20
67.3552047172139
 10
72.09707080307598
 20
68.35365551469962
 10
71.27971371238363
 20
68.35365551469962
  0
LWPOLYLINE
  5
C5
330
17
100
AcDbEntity
  8
ENG_D
100
AcDbPolyline
 90
12
 70
1
 10
65.65868074209067
 20
71.18208263944581
 10
66.52018898458698
 20
69.74623556861847
 10
61.83277926058231
 20
64.0720027448235
 10
60.87972887492176
 20
64.38968620671037
 10
60.28868771830488
 20
65.57176851994406
 10
60.7435847919855
 20
66.02666559362468
 10
59.85931738317605
 20
67.35306670683883
 10
60.363928558747745
 20
71.38995611141252
 10
62.114285633305045
 20
71.64000712206354
 10
62.666768582326945
 20
72.19249007108542
 10
64.1823797297864
 20
71.18208263944581
 10
65.65868074209067
 20
71.18208263944581
  0
LWPOLYLINE
  5
C6
330
17
100
AcDbEntity
  8
ENG_D
100
AcDbPolyline
 90
36
 70
1
 10
57.49787149833258
 20
63.05709467488718
 10
57.07391708677762
 20
62.63314026333222
 10
57.209831593082974
 20
62.22539674441619
 10
58.080387130234726
 20
62.22539674441619
 10
59.39696961966999
 20
60.90881425498096
 10
59.39696961966999
 20
60.16989408388385
 10
58.39049957621296
 20
59.83440406939822
 10
57.03994701571482
 20
61.18495662989631
 10
56.568542494923804
 20
60.713552109105336
 10
56.568542494923804
 20
59.299338546732194
 10
56.10820652165169
 20
58.8390025734602
 10
56.30810158362338
 20
57.0399470157148
 10
58.98664168945242
 20
57.0399470157148
 10
61.36739342498552
 20
55.71730716264089
 10
59.975781282914106
 20
53.2124053069124
 10
55.966572839919294
 20
54.7158584730354
 10
54.68292441175968
 20
55.99950690119504
 10
54.68292441175968
 20
57.60898260944369
 10
55.154328932550705
 20
58.080387130234776
 10
55.154328932550705
 20
59.49460069260781
 10
55.625733453341745
 20
59.9660052133989
 10
55.625733453341745
 20
61.3279798106674
 10
56.568542494923804
 20
63.6850024146226
 10
56.568542494923804
 20
65.15145494210017
 10
57.03994701571483
 20
65.62285946289126
 10
57.03994701571483
 20
66.99508370823027
 10
57.982756057296896
 20
68.88070179139439
 10
57.982756057296896
 20
70.29491535376752
 10
58.93164900654358
 20
72.19270125226085
 10
59.29088697398916
 20
75.42584295927091
 10
59.526618956769546
 20
75.42348587512792
 10
59.87347671355246
 20
71.60805055051588
 10
58.92556509887896
 20
69.71222732116888
 10
58.92556509887896
 20
67.81088609170239
 10
57.97282622851361
 20
66.3817777861544
 10
57.49787149833258
 20
63.05709467488718
  0
LWPOLYLINE
  5
C7
330
17
100
AcDbEntity
  8
ENG_D
100
AcDbPolyline
 90
4
 70
1
 10
59.63267188006551
 20
74.14858095164978
 10
59.63267188006551
 20
75.75805665989832
 10
60.43740973418986
 20
74.95331880577405
 10
59.63267188006551
 20
74.14858095164978
  0
LWPOLYLINE
  5
C8
330
17
100
AcDbEntity
  8
ENG_K
100
AcDbPolyline
 90
4
 70
1
 10
205.15859761703655
 20
34.88393453853633
 10
204.35385976291224
 20
34.07919668441206
 10
204.35385976291224
 20
35.68867239266093
 10
205.15859761703655
 20
34.88393453853633
  0
LWPOLYLINE
  5
C9
330
17
100
AcDbEntity
  8
ENG_K
100
AcDbPolyline
 90
4
 70
1
 10
202.93964620053913
 20
21.546536768929702
 10
203.74438405466347
 20
20.741798914805432
 10
202.93964620053913
 20
19.937061060680826
 10
202.93964620053913
 20
21.546536768929702
  0
LWPOLYLINE
  5
CA
330
17
100
AcDbEntity
  8
ENG_K
100
AcDbPolyline
 90
4
 70
1
 10
202.4682416797481
 20
21.075132248138615
 10
203.27297953387247
 20
20.270394394014346
 10
202.4682416797481
 20
19.465656539890077
 10
202.4682416797481
 20
21.075132248138615
  0
LWPOLYLINE
  5
CB
330
17
100
AcDbEntity
  8
ENG_K
100
AcDbPolyline
 90
4
 70
1
 10
202.80157501308142
 20
19.79898987322337
 10
201.99683715895708
 20
18.994252019098766
 10
201.99683715895708
 20
20.603727727347643
 10
202.80157501308142
 20
19.79898987322337
  0
LWPOLYLINE
  5
CC
330
17
100
AcDbEntity
  8
ENG_K
100
AcDbPolyline
 90
4
 70
1
 10
202.3301704922904
 20
19.327585352432287
 10
201.52543263816605
 20
18.522847498308014
 10
201.52543263816605
 20
20.132323206556556
 10
202.3301704922904
 20
19.327585352432287
  0
LWPOLYLINE
  5
CD
330
17
100
AcDbEntity
  8
ENG_K
100
AcDbPolyline
 90
5
 70
1
 10
201.49036711550002
 20
18.01637745485096
 10
200.41058233806348
 20
16.936592677414318
 10
199.20347555687692
 20
17.338961604476456
 10
200.2832603343135
 20
18.4187463819131
 10
201.49036711550002
 20
18.01637745485096
  0
LWPOLYLINE
  5
CE
330
17
100
AcDbEntity
  8
ENG_K
100
AcDbPolyline
 90
4
 70
1
 10
201.3873614507083
 20
36.29814810090948
 10
200.582623596584
 20
35.493410246784876
 10
200.582623596584
 20
37.10288595503375
 10
201.3873614507083
 20
36.29814810090948
  0
LWPOLYLINE
  5
CF
330
17
100
AcDbEntity
  8
ENG_K
100
AcDbPolyline
 90
4
 70
1
 10
198.2256009926288
 20
34.079196684412175
 10
198.2256009926288
 20
35.68867239266083
 10
199.0303388467532
 20
34.88393453853633
 10
198.2256009926288
 20
34.079196684412175
  0
LWPOLYLINE
  5
D0
330
17
100
AcDbEntity
  8
ENG_K
100
AcDbPolyline
 90
24
 70
1
 10
162.43191683300216
 20
16.266558870036583
 10
163.5810925145278
 20
17.99032239232512
 10
163.8371246235274
 20
22.854932463317933
 10
166.72131517141943
 20
20.61167314829071
 10
165.10778633723908
 20
20.28896738145447
 10
164.52017775607007
 20
19.70135880028556
 10
164.52017775607007
 20
18.95381190457912
 10
165.57919085803013
 20
17.894798802618904
 10
167.93621346198532
 20
17.42339428182793
 10
168.38476363634138
 20
16.974844107471853
 10
179.05063073417128
 20
17.438577459551464
 10
180.94076856362435
 20
18.8561808316412
 10
181.8164730171886
 20
18.8561808316412
 10
182.3365600967753
 20
19.896354990814658
 10
184.10151252694484
 20
18.837383532713027
 10
182.95750298676683
 20
18.265378762623907
 10
183.07483864428843
 20
17.91337179005914
 10
184.4167987022312
 20
17.91337179005914
 10
184.88990971709936
 20
17.440260775191007
 10
199.39299257972678
 20
17.185820724969545
 10
199.4106773039502
 20
16.90176412628508
 10
196.6867962809713
 20
16.51263826585936
 10
196.20121829323196
 20
16.027060278120064
 10
162.43191683300216
 20
16.266558870036583
  0
LWPOLYLINE
  5
D1
330
17
100
AcDbEntity
  8
ENG_K
100
AcDbPolyline
 90
4
 70
1
 10
195.86857838867365
 20
35.68867239266093
 10
196.673316242798
 20
34.88393453853633
 10
195.86857838867365
 20
34.07919668441206
 10
195.86857838867365
 20
35.68867239266093
  0
LWPOLYLINE
  5
D2
330
17
100
AcDbEntity
  8
ENG_K
100
AcDbPolyline
 90
4
 70
1
 10
195.73050720121597
 20
35.35533905932742
 10
194.9257693470916
 20
34.550601205203144
 10
194.9257693470916
 20
36.16007691345169
 10
195.73050720121597
 20
35.35533905932742
  0
LWPOLYLINE
  5
D3
330
17
100
AcDbEntity
  8
ENG_K
100
AcDbPolyline
 90
4
 70
1
 10
193.51155578471852
 20
36.631481434242666
 10
194.31629363884286
 20
35.82674358011839
 10
193.51155578471852
 20
35.02200572599412
 10
193.51155578471852
 20
36.631481434242666
  0
LWPOLYLINE
  5
D4
330
17
100
AcDbEntity
  8
ENG_K
100
AcDbPolyline
 90
4
 70
1
 10
191.6259377015544
 20
29.089009101586182
 10
192.43067555567876
 20
28.284271247461913
 10
191.6259377015544
 20
27.47953339333764
 10
191.6259377015544
 20
29.089009101586182
  0
LWPOLYLINE
  5
D5
330
17
100
AcDbEntity
  8
ENG_K
100
AcDbPolyline
 90
5
 70
1
 10
192.00639281058682
 20
30.883677772991724
 10
192.38485275945547
 20
28.991378028648484
 10
191.3902354411589
 20
28.991378028648484
 10
191.3902354411589
 20
30.267520403563843
 10
192.00639281058682
 20
30.883677772991724
  0
LWPOLYLINE
  5
D6
330
17
100
AcDbEntity
  8
ENG_K
100
AcDbPolyline
 90
5
 70
1
 10
191.3902354411589
 20
31.681733965936985
 10
191.9646456267416
 20
32.256144151519564
 10
192.42436163997723
 20
30.876996111812606
 10
191.3902354411589
 20
30.876996111812606
 10
191.3902354411589
 20
31.681733965936985
  0
LWPOLYLINE
  5
D7
330
17
100
AcDbEntity
  8
ENG_K
100
AcDbPolyline
 90
5
 70
1
 10
190.71819418263837
 20
36.872558286492165
 10
191.92530096382492
 20
37.274927213554406
 10
192.5336812204704
 20
36.66654695690874
 10
191.32657443928392
 20
36.264178029846605
 10
190.71819418263837
 20
36.872558286492165
  0
LWPOLYLINE
  5
D8
330
17
100
AcDbEntity
  8
ENG_K
100
AcDbPolyline
 90
4
 70
1
 10
191.15453318076337
 20
19.660918685765584
 10
191.95927103488768
 20
18.85618083164131
 10
191.15453318076337
 20
18.051442977516707
 10
191.15453318076337
 20
19.660918685765584
  0
LWPOLYLINE
  5
D9
330
17
100
AcDbEntity
  8
ENG_K
100
AcDbPolyline
 90
5
 70
1
 10
190.02281794651984
 20
35.49976619999939
 10
191.09942372458414
 20
33.70542323655879
 10
189.64268854545242
 20
33.70542323655879
 10
188.9355817642659
 20
34.412530017745354
 10
190.02281794651984
 20
35.49976619999939
  0
LWPOLYLINE
  5
DA
330
17
100
AcDbEntity
  8
ENG_K
100
AcDbPolyline
 90
9
 70
1
 10
179.06235299838593
 20
23.570226039551613
 10
180.51310459859894
 20
24.537393773026995
 10
181.52696994839943
 20
24.199438656426707
 10
181.21048824134903
 20
22.617030121174665
 10
176.46404243397558
 20
22.866843058404807
 10
174.59504861450208
 20
24.112838938053827
 10
175.86871311942102
 20
24.537393773026995
 10
177.31946471963403
 20
23.570226039551613
 10
179.06235299838593
 20
23.570226039551613
  0
LWPOLYLINE
  5
DB
330
17
100
AcDbEntity
  8
ENG_K
100
AcDbPolyline
 90
5
 70
1
 10
175.56311847199328
 20
24.41002941634196
 10
174.35601169080675
 20
24.007660489279825
 10
173.7476314341612
 20
24.616040745925382
 10
174.9547382153477
 20
25.018409672987517
 10
175.56311847199328
 20
24.41002941634196
  0
LWPOLYLINE
  5
DC
330
17
100
AcDbEntity
  8
ENG_K
100
AcDbPolyline
 90
5
 70
1
 10
174.0119291737657
 20
25.489814193778603
 10
174.62030943041117
 20
24.881433937132936
 10
173.4132026492247
 20
24.479065010070798
 10
172.80482239257915
 20
25.087445266716358
 10
174.0119291737657
 20
25.489814193778603
  0
LWPOLYLINE
  5
DD
330
17
100
AcDbEntity
  8
ENG_K
100
AcDbPolyline
 90
4
 70
1
 10
173.10309020324644
 20
25.45584412271573
 10
172.29835234912207
 20
24.651106268591462
 10
172.29835234912207
 20
26.26058197684
 10
173.10309020324644
 20
25.45584412271573
  0
LWPOLYLINE
  5
DE
330
17
100
AcDbEntity
  8
ENG_K
100
AcDbPolyline
 90
4
 70
1
 10
171.82694782833104
 20
25.122510789382435
 10
171.82694782833104
 20
26.73198649763131
 10
172.63168568245538
 20
25.927248643506708
 10
171.82694782833104
 20
25.122510789382435
  0
LWPOLYLINE
  5
DF
330
17
100
AcDbEntity
  8
ENG_K
100
AcDbPolyline
 90
4
 70
1
 10
171.68887664087333
 20
26.39865316429779
 10
170.884138786749
 20
25.59391531017352
 10
170.884138786749
 20
27.203391018422064
 10
171.68887664087333
 20
26.39865316429779
  0
LWPOLYLINE
  5
E0
330
17
100
AcDbEntity
  8
ENG_K
100
AcDbPolyline
 90
5
 70
1
 10
167.58430714121178
 20
28.414615582558866
 10
171.2446764849233
 20
26.750811335417126
 10
168.9004775361293
 20
26.415925771303804
 10
167.58430714121178
 20
24.44167017892751
 10
167.58430714121178
 20
28.414615582558866
  0
LWPOLYLINE
  5
E1
330
17
100
AcDbEntity
  8
ENG_K
100
AcDbPolyline
 90
5
 70
1
 10
169.2342229639804
 20
20.034692133618858
 10
169.2342229639804
 20
20.83942998774324
 10
169.8086331495631
 20
21.413840173325816
 10
170.26834916279873
 20
20.034692133618858
 10
169.2342229639804
 20
20.034692133618858
  0
LWPOLYLINE
  5
E2
330
17
100
AcDbEntity
  8
ENG_K
100
AcDbPolyline
 90
5
 70
1
 10
169.7969446420077
 20
21.448905695992003
 10
168.76281844318936
 20
21.448905695992003
 10
168.76281844318936
 20
22.253643550116276
 10
169.337228628772
 20
22.828053735699182
 10
169.7969446420077
 20
21.448905695992003
  0
LWPOLYLINE
  5
E3
330
17
100
AcDbEntity
  8
ENG_K
100
AcDbPolyline
 90
5
 70
1
 10
168.29141392239833
 20
23.196452591698336
 10
168.86582410798098
 20
23.770862777281245
 10
169.32554012121668
 20
22.391714737574063
 10
168.29141392239833
 20
22.391714737574063
 10
168.29141392239833
 20
23.196452591698336
  0
LWPOLYLINE
  5
E4
330
17
100
AcDbEntity
  8
ENG_K
100
AcDbPolyline
 90
5
 70
1
 10
168.85413560042565
 20
23.805928299947098
 10
167.8200094016073
 20
23.805928299947098
 10
167.8200094016073
 20
24.61066615407148
 10
168.39441958719001
 20
25.185076339654056
 10
168.85413560042565
 20
23.805928299947098
  0
LWPOLYLINE
  5
E5
330
17
100
AcDbEntity
  8
ENG_K
100
AcDbPolyline
 90
5
 70
1
 10
165.83676024550533
 20
20.270394394014346
 10
166.3803170206314
 20
20.81395116914031
 10
168.79121232857642
 20
19.0918830920368
 10
167.01527154748288
 20
19.0918830920368
 10
165.83676024550533
 20
20.270394394014346
  0
LWPOLYLINE
  5
E6
330
17
100
AcDbEntity
  8
ENG_K
100
AcDbPolyline
 90
5
 70
1
 10
161.42098284826233
 20
16.396152562894393
 10
160.21387606707583
 20
15.993783635832258
 10
159.60549581043026
 20
16.60216389247782
 10
160.81260259161678
 20
17.004532819539953
 10
161.42098284826233
 20
16.396152562894393
  0
LWPOLYLINE
  5
E7
330
17
100
AcDbEntity
  8
ENG_K
100
AcDbPolyline
 90
4
 70
1
 10
160.04183480855528
 20
228.76926377110783
 10
160.04183480855528
 20
230.3787394793564
 10
160.84657266267962
 20
229.57400162523257
 10
160.04183480855528
 20
228.76926377110783
  0
LWPOLYLINE
  5
E8
330
17
100
AcDbEntity
  8
ENG_K
100
AcDbPolyline
 90
4
 70
1
 10
155.32778960064493
 20
246.4064931862515
 10
156.1325274547693
 20
245.60175533212768
 10
155.32778960064493
 20
244.79701747800297
 10
155.32778960064493
 20
246.4064931862515
  0
LWPOLYLINE
  5
E9
330
17
100
AcDbEntity
  8
ENG_K
100
AcDbPolyline
 90
5
 70
1
 10
155.615300137755
 20
242.06622142619483
 10
154.6206828194584
 20
242.06622142619483
 10
154.6206828194584
 20
243.3423638011103
 10
155.2368401888863
 20
243.9585211705384
 10
155.615300137755
 20
242.06622142619483
  0
LWPOLYLINE
  5
EA
330
17
100
AcDbEntity
  8
ENG_K
100
AcDbPolyline
 90
5
 70
1
 10
155.18340449748578
 20
239.70919882223973
 10
154.14927829866738
 20
239.70919882223973
 10
154.14927829866738
 20
240.513936676364
 10
154.72368848425006
 20
241.08834686194646
 10
155.18340449748578
 20
239.70919882223973
  0
LWPOLYLINE
  5
EB
330
17
100
AcDbEntity
  8
ENG_K
100
AcDbPolyline
 90
5
 70
1
 10
152.93570147402374
 20
247.8557722712913
 10
151.72859469283708
 20
247.45340334422883
 10
151.12021443619176
 20
248.0617836008745
 10
152.32732121737828
 20
248.4641525279363
 10
152.93570147402374
 20
247.8557722712913
  0
LWPOLYLINE
  5
EC
330
17
100
AcDbEntity
  8
ENG_K
100
AcDbPolyline
 90
4
 70
1
 10
151.08514891352564
 20
248.29211126941564
 10
151.88988676765
 20
247.4873734152918
 10
151.08514891352564
 20
246.6826355611671
 10
151.08514891352564
 20
248.29211126941564
  0
LWPOLYLINE
  5
ED
330
17
100
AcDbEntity
  8
ENG_K
100
AcDbPolyline
 90
8
 70
1
 10
149.40554215994484
 20
248.08609993983288
 10
150.02284167192596
 20
247.4688004278516
 10
151.7292036552826
 20
247.12752803118022
 10
149.93494658748514
 20
246.05097379050213
 10
149.03237426284463
 20
246.35183123204874
 10
148.01297590618375
 20
248.39062794537048
 10
148.4002929817583
 20
251.10184747439246
 10
149.40554215994484
 20
248.08609993983288
  0
LWPOLYLINE
  5
EE
330
17
100
AcDbEntity
  8
ENG_K
100
AcDbPolyline
 90
4
 70
1
 10
142.9332008726204
 20
258.3296773934853
 10
142.12846301849603
 20
257.5249395393615
 10
142.12846301849603
 20
259.13441524761004
 10
142.9332008726204
 20
258.3296773934853
  0
LWPOLYLINE
  5
EF
330
17
100
AcDbEntity
  8
ENG_K
100
AcDbPolyline
 90
5
 70
1
 10
141.4850172391846
 20
259.3064565061305
 10
142.09339749582986
 20
258.69807624948504
 10
140.88629071464337
 20
258.2957073224226
 10
140.2779104579981
 20
258.904087579068
 10
141.4850172391846
 20
259.3064565061305
  0
LWPOLYLINE
  5
F0
330
17
100
AcDbEntity
  8
ENG_K
100
AcDbPolyline
 90
4
 70
1
 10
129.87194547792924
 20
226.13609879223785
 10
130.67668333205359
 20
225.33136093811314
 10
129.87194547792924
 20
224.5266230839893
 10
129.87194547792924
 20
226.13609879223785
  0
LWPOLYLINE
  5
F1
330
17
100
AcDbEntity
  8
ENG_K
100
AcDbPolyline
 90
4
 70
1
 10
129.80409260947715
 20
231.4657252646708
 10
127.84336175253935
 20
232.44609069313958
 10
129.3139098952427
 20
232.9362734073741
 10
129.80409260947715
 20
231.4657252646708
  0
LWPOLYLINE
  5
F2
330
17
100
AcDbEntity
  8
ENG_K
100
AcDbPolyline
 90
5
 70
1
 10
127.19588728024527
 20
224.37425415692692
 10
126.54351835318295
 20
225.0266230839888
 10
128.77676750928504
 20
225.34565867771784
 10
129.4291364363471
 20
224.6932897506555
 10
127.19588728024527
 20
224.37425415692692
  0
LWPOLYLINE
  5
F3
330
17
100
AcDbEntity
  8
ENG_K
100
AcDbPolyline
 90
5
 70
1
 10
124.72156127189402
 20
232.97683893556155
 10
125.92866805308047
 20
233.37920786262333
 10
126.53704830972595
 20
232.77082760597833
 10
125.32994152853932
 20
232.36845867891586
 10
124.72156127189402
 20
232.97683893556155
  0
LWPOLYLINE
  5
F4
330
17
100
AcDbEntity
  8
ENG_K
100
AcDbPolyline
 90
5
 70
1
 10
116.8206425831896
 20
225.41220614645852
 10
118.48806627511685
 20
226.412660361615
 10
118.81410093869248
 20
224.78248704373692
 10
117.80433413002385
 20
223.7727202350681
 10
116.8206425831896
 20
225.41220614645852
  0
LWPOLYLINE
  5
F5
330
17
100
AcDbEntity
  8
ENG_K
100
AcDbPolyline
 90
4
 70
1
 10
117.14402341657137
 20
232.06909541664533
 10
117.14402341657137
 20
233.67857112489367
 10
117.94876127069573
 20
232.87383327076984
 10
117.14402341657137
 20
232.06909541664533
  0
LWPOLYLINE
  5
F6
330
17
100
AcDbEntity
  8
ENG_K
100
AcDbPolyline
 90
4
 70
1
 10
116.20121437498932
 20
92.25721488758477
 10
117.00595222911366
 20
91.45247703346016
 10
116.20121437498932
 20
90.64773917933589
 10
116.20121437498932
 20
92.25721488758477
  0
LWPOLYLINE
  5
F7
330
17
100
AcDbEntity
  8
ENG_K
100
AcDbPolyline
 90
29
 70
1
 10
108.84759183046597
 20
17.924431754680725
 10
109.69282620363853
 20
18.43157237858428
 10
109.28268197759385
 20
18.841716604628967
 10
111.70088060779688
 20
21.743554960872657
 10
111.22613743725084
 20
23.642527643056745
 10
111.72287142747452
 20
24.139261633280395
 10
111.72287142747452
 20
26.444045272130957
 10
112.70050644579297
 20
28.888132817927236
 10
113.60848951063863
 20
29.796115882772757
 10
114.07989403142966
 20
29.32471136198178
 10
114.07989403142966
 20
25.358213049777923
 10
113.60848951063863
 20
24.886808528986837
 10
113.60848951063863
 20
23.001190445822715
 10
113.13708498984761
 20
22.529785925031742
 10
113.13708498984761
 20
20.172763321076538
 10
112.66568046905658
 20
19.70135880028556
 10
112.66568046905658
 20
16.872931675539384
 10
111.81858054546338
 20
16.025831751946164
 10
99.54894025818899
 20
16.266412934049512
 10
98.36439444631607
 20
18.872413720169902
 10
94.08357963364767
 20
19.34805981046639
 10
93.78933793806283
 20
20.81926828839076
 10
94.71577141339812
 20
21.745701763725922
 10
97.17461702958418
 20
20.270394394014346
 10
98.1393322654733
 20
20.270394394014346
 10
101.43916391101052
 20
17.441967269268165
 10
104.58043871340293
 20
17.441967269268165
 10
106.01282671931068
 20
18.396892606539982
 10
108.84759183046597
 20
17.924431754680725
  0
LWPOLYLINE
  5
F8
330
17
100
AcDbEntity
  8
ENG_K
100
AcDbPolyline
 90
4
 70
1
 10
113.70612058357645
 20
197.98989873223337
 10
112.9013827294521
 20
197.18516087810912
 10
112.9013827294521
 20
198.79463658635765
 10
113.70612058357645
 20
197.98989873223337
  0
LWPOLYLINE
  5
F9
330
17
100
AcDbEntity
  8
ENG_K
100
AcDbPolyline
 90
4
 70
1
 10
112.76331154199438
 20
197.04708969065132
 10
111.95857368787003
 20
196.24235183652706
 10
111.95857368787003
 20
197.8518275447756
 10
112.76331154199438
 20
197.04708969065132
  0
LWPOLYLINE
  5
FA
330
17
100
AcDbEntity
  8
ENG_K
100
AcDbPolyline
 90
19
 70
1
 10
105.72806500932833
 20
94.28090415820634
 10
106.60878660097926
 20
94.28090415820634
 10
108.03258014355042
 20
93.33170846315886
 10
111.7341562357144
 20
92.99520154568953
 10
111.70628951624423
 20
92.58024699049506
 10
105.06994444612381
 20
92.86878373267416
 10
103.06045348672701
 20
93.7299941438442
 10
103.70899457402697
 20
94.37853523114414
 10
103.70899457402697
 20
96.73555783509936
 10
105.01209702528895
 20
98.03866028636132
 10
108.35184166123112
 20
98.51576666292449
 10
110.35519799509201
 20
99.51744482985492
 10
112.29190702120336
 20
97.58073580374361
 10
111.80620476080784
 20
97.09503354334814
 10
108.50637311527062
 20
97.56643806413912
 10
108.04926633408407
 20
97.10933128295262
 10
107.10645729250203
 20
97.10933128295262
 10
105.18430194373862
 20
95.18717593418913
 10
105.72806500932833
 20
94.28090415820634
  0
LWPOLYLINE
  5
FB
330
17
100
AcDbEntity
  8
ENG_K
100
AcDbPolyline
 90
4
 70
1
 10
110.54436012549692
 20
91.59054822091794
 10
110.54436012549692
 20
93.20002392916649
 10
111.34909797962129
 20
92.39528607504222
 10
110.54436012549692
 20
91.59054822091794
  0
LWPOLYLINE
  5
FC
330
17
100
AcDbEntity
  8
ENG_K
100
AcDbPolyline
 90
4
 70
1
 10
109.60155108391487
 20
86.12895611730109
 10
110.40628893803921
 20
85.32421826317682
 10
109.60155108391487
 20
84.51948040905222
 10
109.60155108391487
 20
86.12895611730109
  0
LWPOLYLINE
  5
FD
330
17
100
AcDbEntity
  8
ENG_K
100
AcDbPolyline
 90
11
 70
1
 10
109.69918215685267
 20
85.08851600278133
 10
106.2533397340634
 20
85.08851600278133
 10
104.60342391129481
 20
85.7956227839678
 10
102.19714993871604
 20
85.7956227839678
 10
101.34803569183971
 20
86.64473703084418
 10
101.59829572932746
 20
92.90123796803795
 10
103.83035835386679
 20
92.58237187881812
 10
103.24053482263656
 20
91.40272481635769
 10
103.46316842741852
 20
87.17268632550068
 10
108.53764370229202
 20
86.2500544573419
 10
109.69918215685267
 20
85.08851600278133
  0
LWPOLYLINE
  5
FE
330
17
100
AcDbEntity
  8
ENG_K
100
AcDbPolyline
 90
4
 70
1
 10
106.77312395916867
 20
80.27683972193323
 10
106.77312395916867
 20
81.88631543018177
 10
107.57786181329304
 20
81.0815775760575
 10
106.77312395916867
 20
80.27683972193323
  0
LWPOLYLINE
  5
FF
330
17
100
AcDbEntity
  8
ENG_K
100
AcDbPolyline
 90
13
 70
1
 10
106.06601717798213
 20
220.04828013647426
 10
104.20572856425066
 20
218.1879915227426
 10
104.66325105900268
 20
216.35790154373447
 10
103.63287051300208
 20
213.78195017873293
 10
102.78858017882077
 20
213.78195017873293
 10
102.28483675078346
 20
218.8193844591062
 10
102.76618553244491
 20
219.30073324076758
 10
102.76618553244491
 20
222.12916036551377
 10
105.96838610504442
 20
225.33136093811333
 10
106.74838530826375
 20
225.33136093811333
 10
107.01686615332204
 20
222.91503333258868
 10
106.06601717798213
 20
221.48875986957873
 10
106.06601717798213
 20
220.04828013647426
  0
LWPOLYLINE
  5
100
330
17
100
AcDbEntity
  8
ENG_K
100
AcDbPolyline
 90
4
 70
1
 10
106.16364825091993
 20
79.19595949289338
 10
105.35891039679558
 20
78.39122163876911
 10
105.35891039679558
 20
80.00069734701765
 10
106.16364825091993
 20
79.19595949289338
  0
LWPOLYLINE
  5
101
330
17
100
AcDbEntity
  8
ENG_K
100
AcDbPolyline
 90
4
 70
1
 10
103.94469683442249
 20
30.974627184750304
 10
104.74943468854684
 20
30.16988933062603
 10
103.94469683442249
 20
29.36515147650176
 10
103.94469683442249
 20
30.974627184750304
  0
LWPOLYLINE
  5
102
330
17
100
AcDbEntity
  8
ENG_K
100
AcDbPolyline
 90
4
 70
1
 10
102.96682227017439
 20
30.272894995417744
 10
101.58767423046733
 20
28.893746955710565
 10
101.58767423046733
 20
30.732611008653322
 10
102.96682227017439
 20
30.272894995417744
  0
LWPOLYLINE
  5
103
330
17
100
AcDbEntity
  8
ENG_K
100
AcDbPolyline
 90
5
 70
1
 10
100.44570019408903
 20
67.82115718657012
 10
98.7141001134104
 20
68.8601172349772
 10
101.02316899143862
 20
69.84971818270358
 10
101.3859420411346
 20
68.76139903361556
 10
100.44570019408903
 20
67.82115718657012
  0
LWPOLYLINE
  5
104
330
17
100
AcDbEntity
  8
ENG_K
100
AcDbPolyline
 90
4
 70
1
 10
99.70205614730321
 20
206.8085134398052
 10
100.50679400142755
 20
206.00377558568096
 10
99.70205614730321
 20
205.19903773155633
 10
99.70205614730321
 20
206.8085134398052
  0
LWPOLYLINE
  5
105
330
17
100
AcDbEntity
  8
ENG_K
100
AcDbPolyline
 90
5
 70
1
 10
98.50828372507682
 20
92.51958175503017
 10
100.2411240912989
 20
93.55928597476337
 10
99.92865811343617
 20
91.37202412972422
 10
98.83780075063038
 20
89.55392852504795
 10
98.50828372507682
 20
92.51958175503017
  0
LWPOLYLINE
  5
106
330
17
100
AcDbEntity
  8
ENG_K
100
AcDbPolyline
 90
5
 70
1
 10
100.22456308274508
 20
205.3431974627814
 10
97.02072710728329
 20
205.05193964683033
 10
96.35112208711514
 20
205.7215446669983
 10
99.55495806257693
 20
206.0128024829494
 10
100.22456308274508
 20
205.3431974627814
  0
LWPOLYLINE
  5
107
330
17
100
AcDbEntity
  8
ENG_K
100
AcDbPolyline
 90
4
 70
1
 10
96.96547811618913
 20
42.190704610797326
 10
100.271091741032
 20
42.190704610797326
 10
99.03148663171591
 20
40.95109950148124
 10
96.96547811618913
 20
42.190704610797326
  0
LWPOLYLINE
  5
108
330
17
100
AcDbEntity
  8
ENG_K
100
AcDbPolyline
 90
5
 70
1
 10
99.66699062463718
 20
69.19345889148998
 10
98.45988384345065
 20
68.79108996442784
 10
97.85150358680508
 20
69.3994702210734
 10
99.05861036799162
 20
69.80183914813554
 10
99.66699062463718
 20
69.19345889148998
  0
LWPOLYLINE
  5
109
330
17
100
AcDbEntity
  8
ENG_K
100
AcDbPolyline
 90
13
 70
1
 10
97.4541113159689
 20
77.38352988078678
 10
98.21929689205143
 20
75.85315872862164
 10
99.19558610384613
 20
75.52772899135685
 10
98.52354484532562
 20
74.85568773283624
 10
98.52354484532562
 20
73.01205896670615
 10
97.58073580374356
 20
71.12644088354214
 10
97.58073580374356
 20
70.00357133746826
 10
96.30459342882816
 20
70.00357133746826
 10
95.0894481430642
 20
71.2187166232322
 10
96.6379267621615
 20
72.25103570263047
 10
96.6379267621615
 20
74.57954535792088
 10
97.12281132112582
 20
75.06442991688512
 10
97.4541113159689
 20
77.38352988078678
  0
LWPOLYLINE
  5
10A
330
17
100
AcDbEntity
  8
ENG_K
100
AcDbPolyline
 90
11
 70
1
 10
93.32398544493607
 20
164.96415986433388
 10
92.84268564347524
 20
165.92675946725555
 10
93.8094996374153
 20
168.1826587864491
 10
95.37913436472056
 20
164.5201777560701
 10
96.06889116843261
 20
164.5201777560701
 10
96.55459342882814
 20
165.00588001646565
 10
98.84077281475062
 20
164.6792829613337
 10
95.29159208597565
 20
161.67613003698565
 10
90.08586312284496
 20
162.59478808930294
 10
92.90802779306725
 20
163.30032925685856
 10
93.32398544493607
 20
164.96415986433388
  0
LWPOLYLINE
  5
10B
330
17
100
AcDbEntity
  8
ENG_K
100
AcDbPolyline
 90
5
 70
1
 10
97.66729832916246
 20
42.908879939502874
 10
98.32987553872009
 20
42.24630272994501
 10
95.60855519516059
 20
41.94393380288286
 10
94.9459779856028
 20
42.60651101244062
 10
97.66729832916246
 20
42.908879939502874
  0
LWPOLYLINE
  5
10C
330
17
100
AcDbEntity
  8
ENG_K
100
AcDbPolyline
 90
4
 70
1
 10
97.30996802068202
 20
205.1639722088906
 10
95.93081998097496
 20
203.78482416918342
 10
95.93081998097496
 20
205.6236882221262
 10
97.30996802068202
 20
205.1639722088906
  0
LWPOLYLINE
  5
10D
330
17
100
AcDbEntity
  8
ENG_K
100
AcDbPolyline
 90
5
 70
1
 10
96.66032621258698
 20
192.5687467431365
 10
95.69511772057945
 20
192.5687467431365
 10
95.69511772057945
 20
195.259102680425
 10
96.35569584347898
 20
195.91968080332444
 10
96.66032621258698
 20
192.5687467431365
  0
LWPOLYLINE
  5
10E
330
17
100
AcDbEntity
  8
ENG_K
100
AcDbPolyline
 90
5
 70
1
 10
96.33318890803714
 20
202.96824167974813
 10
96.6739914913463
 20
200.58262359658409
 10
95.69511772057945
 20
200.58262359658409
 10
95.69511772057945
 20
202.3301704922905
 10
96.33318890803714
 20
202.96824167974813
  0
LWPOLYLINE
  5
10F
330
17
100
AcDbEntity
  8
ENG_K
100
AcDbPolyline
 90
4
 70
1
 10
95.93081998097496
 20
85.93369397142558
 10
95.93081998097496
 20
87.54316967967412
 10
96.73555783509931
 20
86.73843182554985
 10
95.93081998097496
 20
85.93369397142558
  0
LWPOLYLINE
  5
110
330
17
100
AcDbEntity
  8
ENG_K
100
AcDbPolyline
 90
4
 70
1
 10
95.93081998097496
 20
35.493410246784876
 10
95.93081998097496
 20
37.10288595503375
 10
96.7355578350993
 20
36.29814810090948
 10
95.93081998097496
 20
35.493410246784876
  0
LWPOLYLINE
  5
111
330
17
100
AcDbEntity
  8
ENG_K
100
AcDbPolyline
 90
5
 70
1
 10
96.18197121959597
 20
23.51632027160122
 10
94.58607240555591
 20
21.28206193194504
 10
94.26564303795753
 20
24.16592624033054
 10
95.86064927714733
 20
25.122929983844354
 10
96.18197121959597
 20
23.51632027160122
  0
LWPOLYLINE
  5
112
330
17
100
AcDbEntity
  8
ENG_K
100
AcDbPolyline
 90
7
 70
1
 10
94.28090415820634
 20
26.301022091359982
 10
94.28090415820634
 20
28.925560345621214
 10
95.32854862468385
 20
29.27477516778032
 10
96.16652224137047
 20
27.8781524733025
 10
96.16652224137047
 20
26.301022091359982
 10
95.22371319978838
 20
25.358213049777923
 10
94.28090415820634
 20
26.301022091359982
  0
LWPOLYLINE
  5
113
330
17
100
AcDbEntity
  8
ENG_K
100
AcDbPolyline
 90
19
 70
1
 10
90.09390522699091
 20
84.38140922159465
 10
90.88344143973127
 20
84.38140922159465
 10
92.29765500210438
 20
85.7956227839678
 10
95.4594154601839
 20
85.7956227839678
 10
95.4594154601839
 20
84.89528636982946
 10
93.0259551467576
 20
84.4085943071442
 10
92.55897501157955
 20
83.47463403678812
 10
90.03826347108705
 20
82.78716725301737
 10
90.03826347108705
 20
81.45535102391067
 10
89.54828596285584
 20
80.96537351567956
 10
88.58157728127028
 20
76.13183010775171
 10
87.20983634634086
 20
76.13183010775171
 10
87.20983634634086
 20
77.85311083272639
 10
88.15264538792293
 20
79.26732439509954
 10
88.15264538792293
 20
82.81177449428955
 10
86.57553124916619
 20
83.48768055375677
 10
85.64023252114896
 20
85.04651176711874
 10
88.19579693325304
 20
85.33046336846361
 10
90.09390522699091
 20
84.38140922159465
  0
LWPOLYLINE
  5
114
330
17
100
AcDbEntity
  8
ENG_K
100
AcDbPolyline
 90
5
 70
1
 10
93.74583863554034
 20
189.94205180772306
 10
93.13745837889476
 20
190.5504320643686
 10
94.3445651600813
 20
190.95280099143076
 10
94.95294541672688
 20
190.3444207347852
 10
93.74583863554034
 20
189.94205180772306
  0
LWPOLYLINE
  5
115
330
17
100
AcDbEntity
  8
ENG_K
100
AcDbPolyline
 90
5
 70
1
 10
93.4266992922935
 20
43.37824281004343
 10
94.09630431246165
 20
42.70863778987544
 10
90.89246833699988
 20
42.41737997392436
 10
90.22286331683173
 20
43.08698499409236
 10
93.4266992922935
 20
43.37824281004343
  0
LWPOLYLINE
  5
116
330
17
100
AcDbEntity
  8
ENG_K
100
AcDbPolyline
 90
7
 70
1
 10
86.42291249336452
 20
192.9345747700467
 10
88.2021555150406
 20
193.29042337438196
 10
89.66776725919273
 20
192.31334887828066
 10
94.7521580823336
 20
190.81793981265082
 10
94.71875396121305
 20
190.62254155546177
 10
89.00916335210165
 20
190.9230463243623
 10
86.42291249336452
 20
192.9345747700467
  0
LWPOLYLINE
  5
117
330
17
100
AcDbEntity
  8
ENG_K
100
AcDbPolyline
 90
4
 70
1
 10
91.21677477306463
 20
81.41491090939101
 10
92.02151262718898
 20
80.61017305526642
 10
91.21677477306463
 20
79.80543520114213
 10
91.21677477306463
 20
81.41491090939101
  0
LWPOLYLINE
  5
118
330
17
100
AcDbEntity
  8
ENG_K
100
AcDbPolyline
 90
5
 70
1
 10
90.50966799187808
 20
76.13183010775171
 10
90.50966799187808
 20
76.93656796187598
 10
91.08407817746074
 20
77.51097814745877
 10
91.54379419069642
 20
76.13183010775171
 10
90.50966799187808
 20
76.13183010775171
  0
LWPOLYLINE
  5
119
330
17
100
AcDbEntity
  8
ENG_K
100
AcDbPolyline
 90
6
 70
1
 10
90.05084745812343
 20
183.9340221668615
 10
91.12051987644325
 20
185.71680953072777
 10
91.46052065566033
 20
183.33680407620813
 10
90.4196377396322
 20
181.2550382441518
 10
89.51505067358151
 20
181.2550382441518
 10
90.05084745812343
 20
183.9340221668615
  0
LWPOLYLINE
  5
11A
330
17
100
AcDbEntity
  8
ENG_K
100
AcDbPolyline
 90
14
 70
1
 10
87.7140032905804
 20
163.86162199485955
 10
87.22840933378103
 20
166.28959177885628
 10
86.73843182554982
 20
166.77956928708747
 10
86.73843182554982
 20
168.23577216649466
 10
85.78757916176757
 20
170.13747749405917
 10
86.1209392607744
 20
172.47099818710709
 10
87.35179650616281
 20
170.62471231902455
 10
88.62404990871396
 20
170.37026163851422
 10
88.62404990871396
 20
166.50342691217202
 10
89.095454429505
 20
166.03202239138105
 10
89.095454429505
 20
164.6536301082072
 10
92.33070770105846
 20
162.71247814527524
 10
92.26511760658259
 20
162.5613036188589
 10
87.7140032905804
 20
163.86162199485955
  0
LWPOLYLINE
  5
11B
330
17
100
AcDbEntity
  8
ENG_K
100
AcDbPolyline
 90
4
 70
1
 10
90.27396573148256
 20
73.8724385767342
 10
91.07870358560692
 20
73.06770072260993
 10
90.27396573148256
 20
72.26296286848566
 10
90.27396573148256
 20
73.8724385767342
  0
LWPOLYLINE
  5
11C
330
17
100
AcDbEntity
  8
ENG_K
100
AcDbPolyline
 90
12
 70
1
 10
88.64262289615414
 20
26.9862617454667
 10
89.56257296949785
 20
31.58601211218537
 10
89.69687442555873
 20
31.57883792176719
 10
90.04336604417848
 20
27.76743011694993
 10
89.08996868459664
 20
25.860635397786268
 10
88.63697801667391
 20
21.330728718559012
 10
90.5810328940841
 20
20.034692133618858
 10
86.67225219189459
 20
20.034692133618858
 10
87.70411246670268
 20
24.16213323285121
 10
88.15264538792293
 20
24.61066615407148
 10
88.15264538792293
 20
26.4962842372356
 10
88.64262289615414
 20
26.9862617454667
  0
LWPOLYLINE
  5
11D
330
17
100
AcDbEntity
  8
ENG_K
100
AcDbPolyline
 90
5
 70
1
 10
89.60292367948082
 20
37.94806392367811
 10
88.68986759174135
 20
37.94806392367811
 10
88.09020525131847
 20
39.74705094494668
 10
89.2888473389368
 20
40.14659830748624
 10
89.60292367948082
 20
37.94806392367811
  0
LWPOLYLINE
  5
11E
330
17
100
AcDbEntity
  8
ENG_K
100
AcDbPolyline
 90
4
 70
1
 10
88.85975216910947
 20
29.836555997292514
 10
88.85975216910947
 20
31.446031705541387
 10
89.66449002323381
 20
30.641293851417117
 10
88.85975216910947
 20
29.836555997292514
  0
LWPOLYLINE
  5
11F
330
17
100
AcDbEntity
  8
ENG_K
100
AcDbPolyline
 90
5
 70
1
 10
89.2960911672345
 20
31.00969270741638
 10
88.08898438604797
 20
30.607323780354246
 10
87.4806041294024
 20
31.215704036999803
 10
88.68771091058893
 20
31.618072964061938
 10
89.2960911672345
 20
31.00969270741638
  0
LWPOLYLINE
  5
120
330
17
100
AcDbEntity
  8
ENG_K
100
AcDbPolyline
 90
6
 70
1
 10
88.81678305037495
 20
72.66484189469757
 10
86.75651719456671
 20
71.63470896679335
 10
85.65403494848641
 20
72.0022030488201
 10
87.10132191601932
 20
74.02840480336626
 10
89.17266846975338
 20
73.73249815283278
 10
88.81678305037495
 20
72.66484189469757
  0
LWPOLYLINE
  5
121
330
17
100
AcDbEntity
  8
ENG_K
100
AcDbPolyline
 90
5
 70
1
 10
86.53779508782038
 20
31.68710855779089
 10
87.74490186900687
 20
32.08947748485302
 10
88.35328212565241
 20
31.481097228207577
 10
87.14617534446585
 20
31.07872830114522
 10
86.53779508782038
 20
31.68710855779089
  0
LWPOLYLINE
  5
122
330
17
100
AcDbEntity
  8
ENG_K
100
AcDbPolyline
 90
4
 70
1
 10
87.30746741927867
 20
32.05550741379015
 10
86.50272956515431
 20
31.25076955966588
 10
86.50272956515431
 20
32.86024526791442
 10
87.30746741927867
 20
32.05550741379015
  0
LWPOLYLINE
  5
123
330
17
100
AcDbEntity
  8
ENG_K
100
AcDbPolyline
 90
7
 70
1
 10
85.42905368807217
 20
36.72185774296422
 10
84.34517977774243
 20
37.083149046407414
 10
84.70806089374881
 20
38.89755462643929
 10
85.32421826317673
 20
38.281397257011406
 10
85.79562278396777
 20
38.75280177780238
 10
86.32812111209736
 20
38.22030344967287
 10
85.42905368807217
 20
36.72185774296422
  0
LWPOLYLINE
  5
124
330
17
100
AcDbEntity
  8
ENG_K
100
AcDbPolyline
 90
4
 70
1
 10
84.95044481532351
 20
38.655170704864574
 10
84.14570696119917
 20
37.850432850740305
 10
84.14570696119917
 20
39.45990855898918
 10
84.95044481532351
 20
38.655170704864574
  0
LWPOLYLINE
  5
125
330
17
100
AcDbEntity
  8
ENG_K
100
AcDbPolyline
 90
4
 70
1
 10
83.20289791961709
 20
43.70254924610817
 10
84.00763577374144
 20
42.8978113919839
 10
83.20289791961709
 20
42.093073537859624
 10
83.20289791961709
 20
43.70254924610817
  0
LWPOLYLINE
  5
126
330
17
100
AcDbEntity
  8
ENG_K
100
AcDbPolyline
 90
7
 70
1
 10
77.3103414097292
 20
78.7856315626757
 10
77.3103414097292
 20
75.48036508246892
 10
77.83283687346741
 20
74.43537415499246
 10
76.91640626252352
 20
73.51894354404853
 10
75.41796674239693
 20
73.81863144807377
 10
75.68982630459823
 20
81.70255875191157
 10
77.3103414097292
 20
78.7856315626757
  0
LWPOLYLINE
  5
127
330
17
100
AcDbEntity
  8
ENG_K
100
AcDbPolyline
 90
49
 70
1
 10
73.53910524340094
 20
62.323027817353996
 10
73.53910524340094
 20
63.54197923385152
 10
73.05867382534137
 20
64.02241065191106
 10
73.40895877608264
 20
67.8755451100651
 10
73.47735026783674
 20
67.88113187974132
 10
75.45101207522167
 20
60.26843633697088
 10
74.98335148865428
 20
59.800775750403545
 10
73.46774034119484
 20
60.81118318204315
 10
72.52493129961277
 20
60.81118318204315
 10
71.11071773723968
 20
61.75399222362521
 10
70.18363184195987
 20
61.75399222362521
 10
64.52677759246748
 20
64.58241934837139
 10
63.79745839564603
 20
64.58241934837139
 10
62.21966149152897
 20
60.75062686694432
 10
61.74600094131507
 20
56.96134246523299
 10
60.900998432324684
 20
55.55300495024906
 10
58.86145249656037
 20
56.5727779181312
 10
55.59689302456666
 20
56.82389787751529
 10
56.10898894283801
 20
60.92066522368622
 10
57.03994701571484
 20
61.851623296562906
 10
58.5178215799629
 20
60.37374873231494
 10
58.78397726339762
 20
60.46246729345983
 10
57.8451332098061
 20
61.7768489684879
 10
56.568542494923804
 20
62.03216711146442
 10
56.568542494923804
 20
62.742193373040436
 10
57.51135153650587
 20
65.09921597699552
 10
57.51135153650587
 20
66.53940233374168
 10
58.45416057808793
 20
67.95361589611471
 10
58.45416057808793
 20
69.82351083297644
 10
59.396969619669996
 20
71.70912891614056
 10
59.396969619669996
 20
74.57954535792088
 10
60.33977866125207
 20
75.52235439950283
 10
62.37154580681325
 20
73.49058725394164
 10
64.65444081942636
 20
72.12085024637382
 10
72.26325678000455
 20
71.64529924883767
 10
73.12879452994848
 20
70.20273633226448
 10
72.69392727475669
 20
69.76786907707277
 10
71.555856087299
 20
69.76786907707277
 10
71.09207179319087
 20
70.23165337118087
 10
68.35365551469958
 20
70.02100596514305
 10
68.35365551469958
 20
69.19883348334388
 10
67.88225099390856
 20
68.72742896255279
 10
67.88225099390856
 20
65.22370844653058
 10
68.23425796647328
 20
65.10637278900899
 10
68.92146062812776
 20
66.48077811231789
 10
69.27789156884148
 20
64.69862340874933
 10
70.38943701226502
 20
63.5870779653257
 10
73.03766803972965
 20
61.821590613682645
 10
73.53910524340094
 20
62.323027817353996
  0
LWPOLYLINE
  5
128
330
17
100
AcDbEntity
  8
ENG_K
100
AcDbPolyline
 90
13
 70
1
 10
60.7870332845474
 20
70.9742091674791
 10
60.348835418537035
 20
67.46862623939631
 10
61.35018609289171
 20
65.96660022786416
 10
60.872276989381646
 20
65.48869112435418
 10
61.353344048090314
 20
64.68691269317306
 10
62.75561266246224
 20
65.68853313201018
 10
64.15953281703948
 20
68.0284000563055
 10
65.93553910340589
 20
69.80440634267194
 10
65.39177603781616
 20
70.71067811865484
 10
64.03964992537419
 20
70.71067811865484
 10
62.72683394808748
 20
71.58588877017935
 10
62.33650785552732
 20
71.19556267761907
 10
60.7870332845474
 20
70.9742091674791
  0
LWPOLYLINE
  5
129
330
17
100
AcDbEntity
  8
CUT_SLOT
100
AcDbPolyline
 90
5
 70
1
 10
214.694840424392
 20
141.42135623730957
 10
218.25894203952976
 20
141.42135623730957
 10
218.25894203952976
 20
282.84271247461913
 10
214.694840424392
 20
282.84271247461913
 10
214.694840424392
 20
141.42135623730957
  0
LWPOLYLINE
  5
12A
330
17
100
AcDbEntity
  8
CUT_SLOT
100
AcDbPolyline
 90
5
 70
1
 10
191.60082965680698
 20
141.42135623730957
 10
195.16493127194474
 20
141.42135623730957
 10
195.16493127194474
 20
282.84271247461913
 10
191.60082965680698
 20
282.84271247461913
 10
191.60082965680698
 20
141.42135623730957
  0
LWPOLYLINE
  5
12B
330
17
100
AcDbEntity
  8
CUT_SLOT
100
AcDbPolyline
 90
5
 70
1
 10
168.5068188892219
 20
141.42135623730957
 10
172.07092050435966
 20
141.42135623730957
 10
172.07092050435966
 20
282.84271247461913
 10
168.5068188892219
 20
282.84271247461913
 10
168.5068188892219
 20
141.42135623730957
  0
LWPOLYLINE
  5
12C
330
17
100
AcDbEntity
  8
CUT_SLOT
100
AcDbPolyline
 90
5
 70
1
 10
145.41280812163689
 20
141.42135623730957
 10
148.97690973677467
 20
141.42135623730957
 10
148.97690973677467
 20
282.84271247461913
 10
145.41280812163689
 20
282.84271247461913
 10
145.41280812163689
 20
141.42135623730957
  0
LWPOLYLINE
  5
12D
330
17
100
AcDbEntity
  8
CUT_SLOT
100
AcDbPolyline
 90
5
 70
1
 10
122.31879735405187
 20
141.42135623730957
 10
125.88289896918961
 20
141.42135623730957
 10
125.88289896918961
 20
282.84271247461913
 10
122.31879735405187
 20
282.84271247461913
 10
122.31879735405187
 20
141.42135623730957
  0
LWPOLYLINE
  5
12E
330
17
100
AcDbEntity
  8
CUT_SLOT
100
AcDbPolyline
 90
5
 70
1
 10
99.22478658646679
 20
141.42135623730957
 10
102.78888820160455
 20
141.42135623730957
 10
102.78888820160455
 20
282.84271247461913
 10
99.22478658646679
 20
282.84271247461913
 10
99.22478658646679
 20
141.42135623730957
  0
LWPOLYLINE
  5
12F
330
17
100
AcDbEntity
  8
CUT_SLOT
100
AcDbPolyline
 90
5
 70
1
 10
64.58377043508925
 20
141.42135623730957
 10
68.14787205022702
 20
141.42135623730957
 10
68.14787205022702
 20
282.84271247461913
 10
64.58377043508925
 20
282.84271247461913
 10
64.58377043508925
 20
141.42135623730957
  0
LWPOLYLINE
  5
130
330
17
100
AcDbEntity
  8
CUT_SLOT
100
AcDbPolyline
 90
5
 70
1
 10
87.67778120267428
 20
141.42135623730957
 10
91.24188281781204
 20
141.42135623730957
 10
91.24188281781204
 20
282.84271247461913
 10
87.67778120267428
 20
282.84271247461913
 10
87.67778120267428
 20
141.42135623730957
  0
LWPOLYLINE
  5
131
330
17
100
AcDbEntity
  8
CUT_SLOT
100
AcDbPolyline
 90
5
 70
1
 10
110.77179197025932
 20
141.42135623730957
 10
114.33589358539707
 20
141.42135623730957
 10
114.33589358539707
 20
282.84271247461913
 10
110.77179197025932
 20
282.84271247461913
 10
110.77179197025932
 20
141.42135623730957
  0
LWPOLYLINE
  5
132
330
17
100
AcDbEntity
  8
CUT_SLOT
100
AcDbPolyline
 90
5
 70
1
 10
133.86580273784435
 20
141.42135623730957
 10
137.4299043529821
 20
141.42135623730957
 10
137.4299043529821
 20
282.84271247461913
 10
133.86580273784435
 20
282.84271247461913
 10
133.86580273784435
 20
141.42135623730957
  0
LWPOLYLINE
  5
133
330
17
100
AcDbEntity
  8
CUT_SLOT
100
AcDbPolyline
 90
5
 70
1
 10
156.95981350542937
 20
141.42135623730957
 10
160.52391512056712
 20
141.42135623730957
 10
160.52391512056712
 20
282.84271247461913
 10
156.95981350542937
 20
282.84271247461913
 10
156.95981350542937
 20
141.42135623730957
  0
LWPOLYLINE
  5
134
330
17
100
AcDbEntity
  8
CUT_SLOT
100
AcDbPolyline
 90
5
 70
1
 10
180.05382427301438
 20
141.42135623730957
 10
183.61792588815214
 20
141.42135623730957
 10
183.61792588815214
 20
282.84271247461913
 10
180.05382427301438
 20
282.84271247461913
 10
180.05382427301438
 20
141.42135623730957
  0
LWPOLYLINE
  5
135
330
17
100
AcDbEntity
  8
CUT_OUTLINE
100
AcDbPolyline
 90
5
 70
1
 10
0.0
 20
0.0
 10
282.842712474619
 20
0.0
 10
282.842712474619
 20
282.84271247461913
 10
0.0
 20
282.84271247461913
 10
0.0
 20
0.0
  0
ENDSEC
  0
SECTION
  2
OBJECTS
  0
DICTIONARY
  5
A
330
0
100
AcDbDictionary
281
1
  3
ACAD_COLOR
350
B
  3
ACAD_GROUP
350
C
  3
ACAD_LAYOUT
350
D
  3
ACAD_MATERIAL
350
E
  3
ACAD_MLEADERSTYLE
350
F
  3
ACAD_MLINESTYLE
350
10
  3
ACAD_PLOTSETTINGS
350
11
  3
ACAD_PLOTSTYLENAME
350
12
  3
ACAD_SCALELIST
350
14
  3
ACAD_TABLESTYLE
350
15
  3
ACAD_VISUALSTYLE
350
16
  3
EZDXF_META
350
2D
  0
DICTIONARY
  5
B
330
A
100
AcDbDictionary
281
1
  0
DICTIONARY
  5
C
330
A
100
AcDbDictionary
281
1
  0
DICTIONARY
  5
D
330
A
100
AcDbDictionary
281
1
  3
Model
350
1A
  3
Layout1
350
1E
  0
DICTIONARY
  5
E
330
A
100
AcDbDictionary
281
1
  3
ByBlock
350
1F
  3
ByLayer
350
20
  3
Global
350
21
  0
DICTIONARY
  5
F
330
A
100
AcDbDictionary
281
1
  3
Standard
350
2C
  0
DICTIONARY
  5
10
330
A
100
AcDbDictionary
281
1
  3
Standard
350
22
  0
DICTIONARY
  5
11
330
A
100
AcDbDictionary
281
1
  0
ACDBDICTIONARYWDFLT
  5
12
330
A
100
AcDbDictionary
281
1
  3
Normal
350
13
100
AcDbDictionaryWithDefault
340
13
  0
ACDBPLACEHOLDER
  5
13
330
12
  0
DICTIONARY
  5
14
330
A
100
AcDbDictionary
281
1
  0
DICTIONARY
  5
15
330
A
100
AcDbDictionary
281
1
  0
DICTIONARY
  5
16
330
A
100
AcDbDictionary
281
1
  0
LAYOUT
  5
1A
330
D
100
AcDbPlotSettings
  1

  4
A3
  6

 40
7.5
 41
20.0
 42
7.5
 43
20.0
 44
420.0
 45
297.0
 46
0.0
 47
0.0
 48
0.0
 49
0.0
140
0.0
141
0.0
142
1.0
143
1.0
 70
1024
 72
1
 73
0
 74
5
  7

 75
16
 76
0
 77
2
 78
300
147
1.0
148
0.0
149
0.0
100
AcDbLayout
  1
Model
 70
1
 71
0
 10
0.0
 20
0.0
 11
420.0
 21
297.0
 12
0.0
 22
0.0
 32
0.0
 14
1e+20
 24
1e+20
 34
1e+20
 15
-1e+20
 25
-1e+20
 35
-1e+20
146
0.0
 13
0.0
 23
0.0
 33
0.0
 16
1.0
 26
0.0
 36
0.0
 17
0.0
 27
1.0
 37
0.0
 76
1
330
17
  0
LAYOUT
  5
1E
330
D
100
AcDbPlotSettings
  1

  4
A3
  6

 40
7.5
 41
20.0
 42
7.5
 43
20.0
 44
420.0
 45
297.0
 46
0.0
 47
0.0
 48
0.0
 49
0.0
140
0.0
141
0.0
142
1.0
143
1.0
 70
0
 72
1
 73
0
 74
5
  7

 75
16
 76
0
 77
2
 78
300
147
1.0
148
0.0
149
0.0
100
AcDbLayout
  1
Layout1
 70
1
 71
1
 10
0.0
 20
0.0
 11
420.0
 21
297.0
 12
0.0
 22
0.0
 32
0.0
 14
1e+20
 24
1e+20
 34
1e+20
 15
-1e+20
 25
-1e+20
 35
-1e+20
146
0.0
 13
0.0
 23
0.0
 33
0.0
 16
1.0
 26
0.0
 36
0.0
 17
0.0
 27
1.0
 37
0.0
 76
1
330
1B
  0
MATERIAL
  5
1F
102
{ACAD_REACTORS
330
E
102
}
330
E
100
AcDbMaterial
  1
ByBlock
  2

 70
0
 40
1.0
 71
1
 41
1.0
 91
-1023410177
 42
1.0
 72
1
  3

 73
1
 74
1
 75
1
 44
0.5
 73
0
 45
1.0
 46
1.0
 77
1
  4

 78
1
 79
1
170
1
 48
1.0
171
1
  6

172
1
173
1
174
1
140
1.0
141
1.0
175
1
  7

176
1
177
1
178
1
143
1.0
179
1
  8

270
1
271
1
272
1
145
1.0
146
1.0
273
1
  9

274
1
275
1
276
1
 42
1.0
 72
1
  3

 73
1
 74
1
 75
1
 94
63
  0
MATERIAL
  5
20
102
{ACAD_REACTORS
330
E
102
}
330
E
100
AcDbMaterial
  1
ByLayer
  2

 70
0
 40
1.0
 71
1
 41
1.0
 91
-1023410177
 42
1.0
 72
1
  3

 73
1
 74
1
 75
1
 44
0.5
 73
0
 45
1.0
 46
1.0
 77
1
  4

 78
1
 79
1
170
1
 48
1.0
171
1
  6

172
1
173
1
174
1
140
1.0
141
1.0
175
1
  7

176
1
177
1
178
1
143
1.0
179
1
  8

270
1
271
1
272
1
145
1.0
146
1.0
273
1
  9

274
1
275
1
276
1
 42
1.0
 72
1
  3

 73
1
 74
1
 75
1
 94
63
  0
MATERIAL
  5
21
102
{ACAD_REACTORS
330
E
102
}
330
E
100
AcDbMaterial
  1
Global
  2

 70
0
 40
1.0
 71
1
 41
1.0
 91
-1023410177
 42
1.0
 72
1
  3

 73
1
 74
1
 75
1
 44
0.5
 73
0
 45
1.0
 46
1.0
 77
1
  4

 78
1
 79
1
170
1
 48
1.0
171
1
  6

172
1
173
1
174
1
140
1.0
141
1.0
175
1
  7

176
1
177
1
178
1
143
1.0
179
1
  8

270
1
271
1
272
1
145
1.0
146
1.0
273
1
  9

274
1
275
1
276
1
 42
1.0
 72
1
  3

 73
1
 74
1
 75
1
 94
63
  0
MLINESTYLE
  5
22
102
{ACAD_REACTORS
330
10
102
}
330
10
100
AcDbMlineStyle
  2
Standard
 70
0
  3

 62
256
 51
90.0
 52
90.0
 71
2
 49
0.5
 62
256
  6
BYLAYER
 49
-0.5
 62
256
  6
BYLAYER
  0
MLEADERSTYLE
  5
2C
102
{ACAD_REACTORS
330
F
102
}
330
F
100
AcDbMLeaderStyle
179
2
170
2
171
1
172
0
 90
2
 40
0.0
 41
0.0
173
1
 91
-1056964608
 92
-2
290
1
 42
2.0
291
1
 43
8.0
  3
Standard
 44
4.0
300

342
29
174
1
175
1
176
0
178
1
 93
-1056964608
 45
4.0
292
0
297
0
 46
4.0
 94
-1056964608
 47
1.0
 49
1.0
140
1.0
294
1
141
0.0
177
0
142
1.0
295
0
296
0
143
3.75
271
0
272
9
273
9
  0
DICTIONARY
  5
2D
330
A
100
AcDbDictionary
280
1
281
1
  3
CREATED_BY_EZDXF
350
2E
  3
WRITTEN_BY_EZDXF
350
138
  0
DICTIONARYVAR
  5
2E
330
2D
100
DictionaryVariables
280
0
  1
1.4.4 @ 2026-08-03T12:25:46.910556+00:00
  0
DICTIONARYVAR
  5
138
330
2D
100
DictionaryVariables
280
0
  1
1.4.4 @ 2026-08-03T12:25:46.937612+00:00
  0
ENDSEC
  0
EOF
