  0
SECTION
  2
HEADER
  9
$ACADVER
  1
AC1027
  9
$ACADMAINTVER
 70
105
  9
$DWGCODEPAGE
  3
ANSI_1252
  9
$LASTSAVEDBY
  1
ezdxf
  9
$REQUIREDVERSIONS
160
0
  9
$INSBASE
 10
0.0
 20
0.0
 30
0.0
  9
$EXTMIN
 10
1e+20
 20
1e+20
 30
1e+20
  9
$EXTMAX
 10
-1e+20
 20
-1e+20
 30
-1e+20
  9
$LIMMIN
 10
0.0
 20
0.0
  9
$LIMMAX
 10
420.0
 20
297.0
  9
$ORTHOMODE
 70
0
  9
$REGENMODE
 70
1
  9
$FILLMODE
 70
1
  9
$QTEXTMODE
 70
0
  9
$MIRRTEXT
 70
1
  9
$LTSCALE
 40
1.0
  9
$ATTMODE
 70
1
  9
$TEXTSIZE
 40
2.5
  9
$TRACEWID
 40
1.0
  9
$TEXTSTYLE
  7
Standard
  9
$CLAYER
  8
0
  9
$CELTYPE
  6
ByLayer
  9
$CECOLOR
 62
256
  9
$CELTSCALE
 40
1.0
  9
$DISPSILH
 70
0
  9
$DIMSCALE
 40
1.0
  9
$DIMASZ
 40
2.5
  9
$DIMEXO
 40
0.625
  9
$DIMDLI
 40
3.75
  9
$DIMRND
 40
0.0
  9
$DIMDLE
 40
0.0
  9
$DIMEXE
 40
1.25
  9
$DIMTP
 40
0.0
  9
$DIMTM
 40
0.0
  9
$DIMTXT
 40
2.5
  9
$DIMCEN
 40
2.5
  9
$DIMTSZ
 40
0.0
  9
$DIMTOL
 70
0
  9
$DIMLIM
 70
0
  9
$DIMTIH
 70
0
  9
$DIMTOH
 70
0
  9
$DIMSE1
 70
0
  9
$DIMSE2
 70
0
  9
$DIMTAD
 70
1
  9
$DIMZIN
 70
8
  9
$DIMBLK
  1

  9
$DIMASO
 70
1
  9
$DIMSHO
 70
1
  9
$DIMPOST
  1

  9
$DIMAPOST
  1

  9
$DIMALT
 70
0
  9
$DIMALTD
 70
3
  9
$DIMALTF
 40
0.03937007874
  9
$DIMLFAC
 40
1.0
  9
$DIMTOFL
 70
1
  9
$DIMTVP
 40
0.0
  9
$DIMTIX
 70
0
  9
$DIMSOXD
 70
0
  9
$DIMSAH
 70
0
  9
$DIMBLK1
  1

  9
$DIMBLK2
  1

  9
$DIMSTYLE
  2
ISO-25
  9
$DIMCLRD
 70
0
  9
$DIMCLRE
 70
0
  9
$DIMCLRT
 70
0
  9
$DIMTFAC
 40
1.0
  9
$DIMGAP
 40
0.625
  9
$DIMJUST
 70
0
  9
$DIMSD1
 70
0
  9
$DIMSD2
 70
0
  9
$DIMTOLJ
 70
0
  9
$DIMTZIN
 70
8
  9
$DIMALTZ
 70
0
  9
$DIMALTTZ
 70
0
  9
$DIMUPT
 70
0
  9
$DIMDEC
 70
2
  9
$DIMTDEC
 70
2
  9
$DIMALTU
 70
2
  9
$DIMALTTD
 70
3
  9
$DIMTXSTY
  7
Standard
  9
$DIMAUNIT
 70
0
  9
$DIMADEC
 70
0
  9
$DIMALTRND
 40
0.0
  9
$DIMAZIN
 70
0
  9
$DIMDSEP
 70
44
  9
$DIMATFIT
 70
3
  9
$DIMFRAC
 70
0
  9
$DIMLDRBLK
  1

  9
$DIMLUNIT
 70
2
  9
$DIMLWD
 70
-2
  9
$DIMLWE
 70
-2
  9
$DIMTMOVE
 70
0
  9
$DIMFXL
 40
1.0
  9
$DIMFXLON
 70
0
  9
$DIMJOGANG
 40
0.785398163397
  9
$DIMTFILL
 70
0
  9
$DIMTFILLCLR
 70
0
  9
$DIMARCSYM
 70
0
  9
$DIMLTYPE
  6

  9
$DIMLTEX1
  6

  9
$DIMLTEX2
  6

  9
$DIMTXTDIRECTION
 70
0
  9
$LUNITS
 70
2
  9
$LUPREC
 70
4
  9
$SKETCHINC
 40
1.0
  9
$FILLETRAD
 40
10.0
  9
$AUNITS
 70
0
  9
$AUPREC
 70
2
  9
$MENU
  1
.
  9
$ELEVATION
 40
0.0
  9
$PELEVATION
 40
0.0
  9
$THICKNESS
 40
0.0
  9
$LIMCHECK
 70
0
  9
$CHAMFERA
 40
0.0
  9
$CHAMFERB
 40
0.0
  9
$CHAMFERC
 40
0.0
  9
$CHAMFERD
 40
0.0
  9
$SKPOLY
 70
0
  9
$TDCREATE
 40
2461256.642905093
  9
$TDUCREATE
 40
2458532.153996898
  9
$TDUPDATE
 40
2461256.642905093
  9
$TDUUPDATE
 40
2458532.1544311
  9
$TDINDWG
 40
0.0
  9
$TDUSRTIMER
 40
0.0
  9
$USRTIMER
 70
1
  9
$ANGBASE
 50
0.0
  9
$ANGDIR
 70
0
  9
$PDMODE
 70
0
  9
$PDSIZE
 40
0.0
  9
$PLINEWID
 40
0.0
  9
$SPLFRAME
 70
0
  9
$SPLINETYPE
 70
6
  9
$SPLINESEGS
 70
8
  9
$HANDSEED
  5
315
  9
$SURFTAB1
 70
6
  9
$SURFTAB2
 70
6
  9
$SURFTYPE
 70
6
  9
$SURFU
 70
6
  9
$SURFV
 70
6
  9
$UCSBASE
  2

  9
$UCSNAME
  2

  9
$UCSORG
 10
0.0
 20
0.0
 30
0.0
  9
$UCSXDIR
 10
1.0
 20
0.0
 30
0.0
  9
$UCSYDIR
 10
0.0
 20
1.0
 30
0.0
  9
$UCSORTHOREF
  2

  9
$UCSORTHOVIEW
 70
0
  9
$UCSORGTOP
 10
0.0
 20
0.0
 30
0.0
  9
$UCSORGBOTTOM
 10
0.0
 20
0.0
 30
0.0
  9
$UCSORGLEFT
 10
0.0
 20
0.0
 30
0.0
  9
$UCSORGRIGHT
 10
0.0
 20
0.0
 30
0.0
  9
$UCSORGFRONT
 10
0.0
 20
0.0
 30
0.0
  9
$UCSORGBACK
 10
0.0
 20
0.0
 30
0.0
  9
$PUCSBASE
  2

  9
$PUCSNAME
  2

  9
$PUCSORG
 10
0.0
 20
0.0
 30
0.0
  9
$PUCSXDIR
 10
1.0
 20
0.0
 30
0.0
  9
$PUCSYDIR
 10
0.0
 20
1.0
 30
0.0
  9
$PUCSORTHOREF
  2

  9
$PUCSORTHOVIEW
 70
0
  9
$PUCSORGTOP
 10
0.0
 20
0.0
 30
0.0
  9
$PUCSORGBOTTOM
 10
0.0
 20
0.0
 30
0.0
  9
$PUCSORGLEFT
 10
0.0
 20
0.0
 30
0.0
  9
$PUCSORGRIGHT
 10
0.0
 20
0.0
 30
0.0
  9
$PUCSORGFRONT
 10
0.0
 20
0.0
 30
0.0
  9
$PUCSORGBACK
 10
0.0
 20
0.0
 30
0.0
  9
$USERI1
 70
0
  9
$USERI2
 70
0
  9
$USERI3
 70
0
  9
$USERI4
 70
0
  9
$USERI5
 70
0
  9
$USERR1
 40
0.0
  9
$USERR2
 40
0.0
  9
$USERR3
 40
0.0
  9
$USERR4
 40
0.0
  9
$USERR5
 40
0.0
  9
$WORLDVIEW
 70
1
  9
$SHADEDGE
 70
3
  9
$SHADEDIF
 70
70
  9
$TILEMODE
 70
1
  9
$MAXACTVP
 70
64
  9
$PINSBASE
 10
0.0
 20
0.0
 30
0.0
  9
$PLIMCHECK
 70
0
  9
$PEXTMIN
 10
1e+20
 20
1e+20
 30
1e+20
  9
$PEXTMAX
 10
-1e+20
 20
-1e+20
 30
-1e+20
  9
$PLIMMIN
 10
0.0
 20
0.0
  9
$PLIMMAX
 10
420.0
 20
297.0
  9
$UNITMODE
 70
0
  9
$VISRETAIN
 70
1
  9
$PLINEGEN
 70
0
  9
$PSLTSCALE
 70
1
  9
$TREEDEPTH
 70
3020
  9
$CMLSTYLE
  2
Standard
  9
$CMLJUST
 70
0
  9
$CMLSCALE
 40
20.0
  9
$PROXYGRAPHICS
 70
1
  9
$MEASUREMENT
 70
1
  9
$CELWEIGHT
370
-1
  9
$ENDCAPS
280
0
  9
$JOINSTYLE
280
0
  9
$LWDISPLAY
290
0
  9
$INSUNITS
 70
4
  9
$HYPERLINKBASE
  1

  9
$STYLESHEET
  1

  9
$XEDIT
290
1
  9
$CEPSNTYPE
380
0
  9
$PSTYLEMODE
290
1
  9
$FINGERPRINTGUID
  2
{F6E31360-6FF2-4029-B1C7-BE42BC93F353}
  9
$VERSIONGUID
  2
{F0847E34-D65B-4E7A-BD07-949A9B2766B9}
  9
$EXTNAMES
290
1
  9
$PSVPSCALE
 40
0.0
  9
$OLESTARTUP
290
0
  9
$SORTENTS
280
127
  9
$INDEXCTL
280
0
  9
$HIDETEXT
280
1
  9
$XCLIPFRAME
280
1
  9
$HALOGAP
280
0
  9
$OBSCOLOR
 70
257
  9
$OBSLTYPE
280
0
  9
$INTERSECTIONDISPLAY
280
0
  9
$INTERSECTIONCOLOR
 70
257
  9
$DIMASSOC
280
2
  9
$PROJECTNAME
  1

  9
$CAMERADISPLAY
290
0
  9
$LENSLENGTH
 40
50.0
  9
$CAMERAHEIGHT
 40
0.0
  9
$STEPSPERSEC
 40
24.0
  9
$STEPSIZE
 40
100.0
  9
$3DDWFPREC
 40
2.0
  9
$PSOLWIDTH
 40
0.005
  9
$PSOLHEIGHT
 40
0.08
  9
$LOFTANG1
 40
1.570796326795
  9
$LOFTANG2
 40
1.570796326795
  9
$LOFTMAG1
 40
0.0
  9
$LOFTMAG2
 40
0.0
  9
$LOFTPARAM
 70
7
  9
$LOFTNORMALS
280
1
  9
$LATITUDE
 40
37.795
  9
$LONGITUDE
 40
-122.394
  9
$NORTHDIRECTION
 40
0.0
  9
$TIMEZONE
 70
-8000
  9
$LIGHTGLYPHDISPLAY
280
1
  9
$TILEMODELIGHTSYNCH
280
1
  9
$CMATERIAL
347
20
  9
$SOLIDHIST
280
0
  9
$SHOWHIST
280
1
  9
$DWFFRAME
280
2
  9
$DGNFRAME
280
2
  9
$REALWORLDSCALE
290
1
  9
$INTERFERECOLOR
 62
256
  9
$CSHADOW
280
0
  9
$SHADOWPLANELOCATION
 40
0.0
  0
ENDSEC
  0
SECTION
  2
CLASSES
  0
CLASS
  1
ACDBDICTIONARYWDFLT
  2
AcDbDictionaryWithDefault
  3
ObjectDBX Classes
 90
0
 91
0
280
0
281
0
  0
CLASS
  1
SUN
  2
AcDbSun
  3
SCENEOE
 90
1153
 91
0
280
0
281
0
  0
CLASS
  1
VISUALSTYLE
  2
AcDbVisualStyle
  3
ObjectDBX Classes
 90
4095
 91
0
280
0
281
0
  0
CLASS
  1
MATERIAL
  2
AcDbMaterial
  3
ObjectDBX Classes
 90
1153
 91
0
280
0
281
0
  0
CLASS
  1
SCALE
  2
AcDbScale
  3
ObjectDBX Classes
 90
1153
 91
0
280
0
281
0
  0
CLASS
  1
TABLESTYLE
  2
AcDbTableStyle
  3
ObjectDBX Classes
 90
4095
 91
0
280
0
281
0
  0
CLASS
  1
MLEADERSTYLE
  2
AcDbMLeaderStyle
  3
ACDB_MLEADERSTYLE_CLASS
 90
4095
 91
0
280
0
281
0
  0
CLASS
  1
DICTIONARYVAR
  2
AcDbDictionaryVar
  3
ObjectDBX Classes
 90
0
 91
0
280
0
281
0
  0
CLASS
  1
CELLSTYLEMAP
  2
AcDbCellStyleMap
  3
ObjectDBX Classes
 90
1152
 91
0
280
0
281
0
  0
CLASS
  1
MENTALRAYRENDERSETTINGS
  2
AcDbMentalRayRenderSettings
  3
SCENEOE
 90
1024
 91
0
280
0
281
0
  0
CLASS
  1
ACDBDETAILVIEWSTYLE
  2
AcDbDetailViewStyle
  3
ObjectDBX Classes
 90
1025
 91
0
280
0
281
0
  0
CLASS
  1
ACDBSECTIONVIEWSTYLE
  2
AcDbSectionViewStyle
  3
ObjectDBX Classes
 90
1025
 91
0
280
0
281
0
  0
CLASS
  1
RASTERVARIABLES
  2
AcDbRasterVariables
  3
ISM
 90
0
 91
0
280
0
281
0
  0
CLASS
  1
LAYOUT
  2
AcDbLayout
  3
ObjectDBX Classes
 90
0
 91
0
280
0
281
0
  0
CLASS
  1
ACDBPLACEHOLDER
  2
AcDbPlaceHolder
  3
ObjectDBX Classes
 90
0
 91
0
280
0
281
0
  0
ENDSEC
  0
SECTION
  2
TABLES
  0
TABLE
  2
VPORT
  5
8
330
0
100
AcDbSymbolTable
 70
1
  0
VPORT
  5
23
330
8
100
AcDbSymbolTableRecord
100
AcDbViewportTableRecord
  2
*Active
 70
0
 10
0.0
 20
0.0
 11
1.0
 21
1.0
 12
0.0
 22
0.0
 13
0.0
 23
0.0
 14
0.5
 24
0.5
 15
0.5
 25
0.5
 16
0.0
 26
0.0
 36
1.0
 17
0.0
 27
0.0
 37
0.0
 40
1000.0
 41
1.34
 42
50.0
 43
0.0
 44
0.0
 50
0.0
 51
0.0
 71
0
 72
1000
 73
1
 74
3
 75
0
 76
0
 77
0
 78
0
281
0
 65
0
146
0.0
  0
ENDTAB
  0
TABLE
  2
LTYPE
  5
2
330
0
100
AcDbSymbolTable
 70
3
  0
LTYPE
  5
24
330
2
100
AcDbSymbolTableRecord
100
AcDbLinetypeTableRecord
  2
ByBlock
 70
0
  3

 72
65
 73
0
 40
0.0
  0
LTYPE
  5
25
330
2
100
AcDbSymbolTableRecord
100
AcDbLinetypeTableRecord
  2
ByLayer
 70
0
  3

 72
65
 73
0
 40
0.0
  0
LTYPE
  5
26
330
2
100
AcDbSymbolTableRecord
100
AcDbLinetypeTableRecord
  2
Continuous
 70
0
  3

 72
65
 73
0
 40
0.0
  0
ENDTAB
  0
TABLE
  2
LAYER
  5
1
330
0
100
AcDbSymbolTable
 70
7
  0
LAYER
  5
27
330
1
100
AcDbSymbolTableRecord
100
AcDbLayerTableRecord
  2
0
 70
0
 62
7
  6
Continuous
370
-3
390
13
347
21
  0
LAYER
  5
28
330
1
100
AcDbSymbolTableRecord
100
AcDbLayerTableRecord
  2
Defpoints
 70
0
 62
7
  6
Continuous
290
0
370
-3
390
13
347
21
  0
LAYER
  5
2F
330
1
100
AcDbSymbolTableRecord
100
AcDbLayerTableRecord
  2
ENG_L
 70
0
 62
4
  6
Continuous
370
-3
390
13
347
21
  0
LAYER
  5
30
330
1
100
AcDbSymbolTableRecord
100
AcDbLayerTableRecord
  2
ENG_D
 70
0
 62
3
  6
Continuous
370
-3
390
13
347
21
  0
LAYER
  5
31
330
1
100
AcDbSymbolTableRecord
100
AcDbLayerTableRecord
  2
ENG_K
 70
0
 62
2
  6
Continuous
370
-3
390
13
347
21
  0
LAYER
  5
32
330
1
100
AcDbSymbolTableRecord
100
AcDbLayerTableRecord
  2
CUT_OUTLINE
 70
0
 62
5
  6
Continuous
370
-3
390
13
347
21
  0
LAYER
  5
33
330
1
100
AcDbSymbolTableRecord
100
AcDbLayerTableRecord
  2
CUT_SLOT
 70
0
 62
1
  6
Continuous
370
-3
390
13
347
21
  0
ENDTAB
  0
TABLE
  2
STYLE
  5
5
330
0
100
AcDbSymbolTable
 70
1
  0
STYLE
  5
29
330
5
100
AcDbSymbolTableRecord
100
AcDbTextStyleTableRecord
  2
Standard
 70
0
 40
0.0
 41
1.0
 50
0.0
 71
0
 42
2.5
  3
txt
  4

  0
ENDTAB
  0
TABLE
  2
VIEW
  5
7
330
0
100
AcDbSymbolTable
 70
0
  0
ENDTAB
  0
TABLE
  2
UCS
  5
6
330
0
100
AcDbSymbolTable
 70
0
  0
ENDTAB
  0
TABLE
  2
APPID
  5
3
330
0
100
AcDbSymbolTable
 70
3
  0
APPID
  5
2A
330
3
100
AcDbSymbolTableRecord
100
AcDbRegAppTableRecord
  2
ACAD
 70
0
  0
APPID
  5
312
330
3
100
AcDbSymbolTableRecord
100
AcDbRegAppTableRecord
  2
HATCHBACKGROUNDCOLOR
 70
0
  0
APPID
  5
313
330
3
100
AcDbSymbolTableRecord
100
AcDbRegAppTableRecord
  2
EZDXF
 70
0
  0
ENDTAB
  0
TABLE
  2
DIMSTYLE
  5
4
330
0
100
AcDbSymbolTable
 70
1
100
AcDbDimStyleTable
  0
DIMSTYLE
105
2B
330
4
100
AcDbSymbolTableRecord
100
AcDbDimStyleTableRecord
  2
Standard
 70
0
 40
1.0
 41
2.5
 42
0.625
 43
3.75
 44
1.25
 45
0.0
 46
0.0
 47
0.0
 48
0.0
 49
2.5
140
2.5
141
2.5
142
0.0
143
0.03937007874
144
1.0
145
0.0
146
1.0
147
0.625
148
0.0
 69
0
 70
0
 71
0
 72
0
 73
0
 74
0
 75
0
 76
0
 77
1
 78
8
 79
3
170
0
171
3
172
1
173
0
174
0
175
0
176
0
177
0
178
0
179
2
271
2
272
2
273
2
274
3
275
0
276
0
277
2
278
44
279
0
280
0
281
0
282
0
283
0
284
8
285
0
286
0
288
0
289
3
290
0
371
-2
372
-2
  0
ENDTAB
  0
TABLE
  2
BLOCK_RECORD
  5
9
330
0
100
AcDbSymbolTable
 70
2
  0
BLOCK_RECORD
  5
17
330
9
100
AcDbSymbolTableRecord
100
AcDbBlockTableRecord
  2
*Model_Space
340
1A
 70
0
280
1
281
0
  0
BLOCK_RECORD
  5
1B
330
9
100
AcDbSymbolTableRecord
100
AcDbBlockTableRecord
  2
*Paper_Space
340
1E
 70
0
280
1
281
0
  0
ENDTAB
  0
ENDSEC
  0
SECTION
  2
BLOCKS
  0
BLOCK
  5
18
330
17
100
AcDbEntity
  8
0
100
AcDbBlockBegin
  2
*Model_Space
 70
0
 10
0.0
 20
0.0
 30
0.0
  3
*Model_Space
  1

  0
ENDBLK
  5
19
330
17
100
AcDbEntity
  8
0
100
AcDbBlockEnd
  0
BLOCK
  5
1C
330
1B
100
AcDbEntity
  8
0
100
AcDbBlockBegin
  2
*Paper_Space
 70
0
 10
0.0
 20
0.0
 30
0.0
  3
*Paper_Space
  1

  0
ENDBLK
  5
1D
330
1B
100
AcDbEntity
  8
0
100
AcDbBlockEnd
  0
ENDSEC
  0
SECTION
  2
ENTITIES
  0
LWPOLYLINE
  5
34
330
17
100
AcDbEntity
  8
ENG_L
100
AcDbPolyline
 90
5
 70
1
 10
200.34692133618847
 20
151.41848224685904
 10
200.96307870561643
 20
152.03463961628694
 10
201.34153865448508
 20
150.1423398719437
 10
200.34692133618847
 20
150.1423398719437
 10
200.34692133618847
 20
151.41848224685904
  0
LWPOLYLINE
  5
35
330
17
100
AcDbEntity
  8
ENG_L
100
AcDbPolyline
 90
5
 70
1
 10
200.4499270009801
 20
154.34991503639705
 10
200.9096430142158
 20
152.9707669966899
 10
199.87551681539745
 20
152.9707669966899
 10
199.87551681539745
 20
153.77550485081414
 10
200.4499270009801
 20
154.34991503639705
  0
LWPOLYLINE
  5
36
330
17
100
AcDbEntity
  8
ENG_L
100
AcDbPolyline
 90
11
 70
1
 10
198.46130325302437
 20
157.82288339205786
 10
198.46130325302437
 20
159.70850147522196
 10
197.98087183496474
 20
160.18893289328162
 10
198.31092338451944
 20
163.81949993838353
 10
199.39816428066882
 20
161.28260451403509
 10
199.86366584669221
 20
157.55859198584753
 10
200.34692133618847
 20
157.0753364963514
 10
200.34692133618847
 20
154.38498055906302
 10
199.44014478542778
 20
154.38498055906302
 10
198.94833252530947
 20
157.33585411977268
 10
198.46130325302437
 20
157.82288339205786
  0
LWPOLYLINE
  5
37
330
17
100
AcDbEntity
  8
ENG_L
100
AcDbPolyline
 90
5
 70
1
 10
197.51849421144226
 20
164.61780882900788
 10
198.15656539889994
 20
165.25588001646585
 10
198.49736798220914
 20
162.87026193330155
 10
197.51849421144226
 20
162.87026193330155
 10
197.51849421144226
 20
164.61780882900788
  0
LWPOLYLINE
  5
38
330
17
100
AcDbEntity
  8
ENG_L
100
AcDbPolyline
 90
17
 70
1
 10
192.80444900353197
 20
158.96095457951554
 10
194.21866256590505
 20
160.37516814188868
 10
194.21866256590505
 20
161.31797718347073
 10
195.12493434188787
 20
162.22424895945343
 10
196.54105031292715
 20
161.37457937682998
 10
197.534612942885
 20
157.89711017197737
 10
196.1123242712694
 20
155.0525328287462
 10
196.58998290946468
 20
151.70892236137888
 10
196.10428064906918
 20
151.22322010098344
 10
196.10428064906918
 20
150.2804110594014
 10
195.23894098107246
 20
149.41507139140464
 10
193.77321080821017
 20
149.70821742597707
 10
193.28676233189364
 20
153.11335676019266
 10
191.86163996194992
 20
155.0135199201177
 10
191.86163996194992
 20
157.0753364963514
 10
192.80444900353197
 20
158.01814553793346
 10
192.80444900353197
 20
158.96095457951554
  0
LWPOLYLINE
  5
39
330
17
100
AcDbEntity
  8
ENG_L
100
AcDbPolyline
 90
5
 70
1
 10
192.80444900353197
 20
183.612060848107
 10
192.80444900353197
 20
184.41679870223126
 10
193.37885918911462
 20
184.99120888781385
 10
193.8385752023503
 20
183.612060848107
 10
192.80444900353197
 20
183.612060848107
  0
LWPOLYLINE
  5
3A
330
17
100
AcDbEntity
  8
ENG_L
100
AcDbPolyline
 90
5
 70
1
 10
192.33304448274095
 20
185.4976789312711
 10
192.33304448274095
 20
187.24522582697745
 10
192.97111567019866
 20
187.88329701443507
 10
193.3119182535078
 20
185.4976789312711
 10
192.33304448274095
 20
185.4976789312711
  0
LWPOLYLINE
  5
3B
330
17
100
AcDbEntity
  8
ENG_L
100
AcDbPolyline
 90
9
 70
1
 10
191.37916689363996
 20
189.41805483257602
 10
191.75526425345933
 20
192.80293107095002
 10
191.93120067074528
 20
192.8056794066535
 10
192.31956444456765
 20
190.08713298989687
 10
192.80444900353197
 20
189.60224843093266
 10
192.80444900353197
 20
187.38329701443524
 10
191.86163996194992
 20
187.38329701443524
 10
191.86163996194992
 20
188.93558176426595
 10
191.37916689363996
 20
189.41805483257602
  0
LWPOLYLINE
  5
3C
330
17
100
AcDbEntity
  8
ENG_L
100
AcDbPolyline
 90
7
 70
1
 10
189.9249309358386
 20
27.388002335870464
 10
190.44742639957678
 20
27.910497799608635
 10
190.44742639957678
 20
28.925560345621214
 10
191.5980264318473
 20
29.30909368971124
 10
191.8840394123754
 20
26.162950903902306
 10
190.53745665182268
 20
26.162950903902306
 10
189.9249309358386
 20
27.388002335870464
  0
LWPOLYLINE
  5
3D
330
17
100
AcDbEntity
  8
ENG_L
100
AcDbPolyline
 90
11
 70
1
 10
189.49031961839026
 20
197.43516087810897
 10
189.86155955506118
 20
200.03384043480554
 10
190.9188309203678
 20
197.56687391575667
 10
190.9188309203678
 20
196.20191172200708
 10
191.3902354411589
 20
195.730507201216
 10
191.3902354411589
 20
194.31629363884295
 10
191.86163996194992
 20
193.84488911805187
 10
191.86163996194992
 20
191.62593770155445
 10
190.9578216477922
 20
191.62593770155445
 10
189.99299472620274
 20
196.93248577029655
 10
189.49031961839026
 20
197.43516087810897
  0
LWPOLYLINE
  5
3E
330
17
100
AcDbEntity
  8
ENG_L
100
AcDbPolyline
 90
5
 70
1
 10
191.48155259839515
 20
29.934187070230543
 10
190.44742639957678
 20
29.934187070230543
 10
190.44742639957678
 20
30.738924924354926
 10
191.02183658515952
 20
31.3133351099375
 10
191.48155259839515
 20
29.934187070230543
  0
LWPOLYLINE
  5
3F
330
17
100
AcDbEntity
  8
ENG_L
100
AcDbPolyline
 90
5
 70
1
 10
190.01208660797056
 20
199.16841003421092
 10
189.0332128372037
 20
199.16841003421092
 10
189.0332128372037
 20
200.91595692991737
 10
189.67128402466142
 20
201.554028117375
 10
190.01208660797056
 20
199.16841003421092
  0
LWPOLYLINE
  5
40
330
17
100
AcDbEntity
  8
ENG_L
100
AcDbPolyline
 90
6
 70
1
 10
188.08236017342145
 20
202.19298490784942
 10
188.4473459926881
 20
204.74788564271574
 10
189.50461735799473
 20
202.28091912366708
 10
189.50461735799473
 20
201.05402811737505
 10
188.65183856865855
 20
201.05402811737505
 10
188.08236017342145
 20
202.19298490784942
  0
LWPOLYLINE
  5
41
330
17
100
AcDbEntity
  8
ENG_L
100
AcDbPolyline
 90
5
 70
1
 10
187.6189992748306
 20
203.88245524212135
 10
187.6189992748306
 20
205.63000213782766
 10
188.2570704622883
 20
206.2680733252853
 10
188.59787304559748
 20
203.88245524212135
 10
187.6189992748306
 20
203.88245524212135
  0
LWPOLYLINE
  5
42
330
17
100
AcDbEntity
  8
ENG_L
100
AcDbPolyline
 90
5
 70
1
 10
187.14759475403957
 20
207.98702474178288
 10
187.7991034160784
 20
208.63853340382155
 10
188.11804342480463
 20
205.76807332528546
 10
187.14759475403957
 20
205.76807332528546
 10
187.14759475403957
 20
207.98702474178288
  0
LWPOLYLINE
  5
43
330
17
100
AcDbEntity
  8
ENG_L
100
AcDbPolyline
 90
5
 70
1
 10
187.6550640040154
 20
208.12509592924056
 10
186.67619023324855
 20
208.12509592924056
 10
186.67619023324855
 20
209.872642824947
 10
187.31426142070626
 20
210.51071401240463
 10
187.6550640040154
 20
208.12509592924056
  0
LWPOLYLINE
  5
44
330
17
100
AcDbEntity
  8
ENG_L
100
AcDbPolyline
 90
5
 70
1
 10
186.20478571245752
 20
210.48211853319577
 10
186.20478571245752
 20
211.7582609081111
 10
186.82094308188545
 20
212.374418277539
 10
187.1994030307541
 20
210.48211853319577
 10
186.20478571245752
 20
210.48211853319577
  0
LWPOLYLINE
  5
45
330
17
100
AcDbEntity
  8
ENG_L
100
AcDbPolyline
 90
13
 70
1
 10
185.71775644017242
 20
217.90214442988864
 10
186.19524401509074
 20
217.42465685497027
 10
186.70093603895177
 20
212.36773661635988
 10
185.77585381911015
 20
212.36773661635988
 10
184.8091451375246
 20
217.20128002428774
 10
184.3191676292934
 20
217.69125753251893
 10
184.3191676292934
 20
219.10547109489198
 10
183.84776310850236
 20
219.57687561568306
 10
183.84776310850236
 20
221.04034054667966
 10
182.4265712731065
 20
224.35645482927004
 10
182.7982263506279
 20
226.9580403719198
 10
185.25472832988984
 20
220.68031309158397
 10
185.71775644017242
 20
217.90214442988864
  0
LWPOLYLINE
  5
46
330
17
100
AcDbEntity
  8
ENG_L
100
AcDbPolyline
 90
4
 70
1
 10
186.3024167853953
 20
138.59292911256338
 10
185.49767893127097
 20
137.7881912584388
 10
185.49767893127097
 20
139.39766696668764
 10
186.3024167853953
 20
138.59292911256338
  0
LWPOLYLINE
  5
47
330
17
100
AcDbEntity
  8
ENG_L
100
AcDbPolyline
 90
4
 70
1
 10
185.02627441047994
 20
138.92626244589655
 10
185.8310122646043
 20
138.1215245917723
 10
185.02627441047994
 20
137.31678673764802
 10
185.02627441047994
 20
138.92626244589655
  0
LWPOLYLINE
  5
48
330
17
100
AcDbEntity
  8
ENG_L
100
AcDbPolyline
 90
4
 70
1
 10
185.35960774381326
 20
137.17871555019025
 10
184.55486988968892
 20
136.37397769606596
 10
184.55486988968892
 20
137.98345340431484
 10
185.35960774381326
 20
137.17871555019025
  0
LWPOLYLINE
  5
49
330
17
100
AcDbEntity
  8
ENG_L
100
AcDbPolyline
 90
4
 70
1
 10
183.14065632731584
 20
134.48835961290183
 10
183.14065632731584
 20
136.0978353211507
 10
183.94539418144015
 20
135.29309746702612
 10
183.14065632731584
 20
134.48835961290183
  0
LWPOLYLINE
  5
4A
330
17
100
AcDbEntity
  8
ENG_L
100
AcDbPolyline
 90
4
 70
1
 10
183.47398966064915
 20
134.82169294623515
 10
182.66925180652476
 20
134.01695509211063
 10
182.66925180652476
 20
135.6264308003593
 10
183.47398966064915
 20
134.82169294623515
  0
LWPOLYLINE
  5
4B
330
17
100
AcDbEntity
  8
ENG_L
100
AcDbPolyline
 90
4
 70
1
 10
182.19784728573373
 20
133.54555057131978
 10
182.19784728573373
 20
135.15502627956832
 10
183.0025851398581
 20
134.35028842544406
 10
182.19784728573373
 20
133.54555057131978
  0
LWPOLYLINE
  5
4C
330
17
100
AcDbEntity
  8
ENG_L
100
AcDbPolyline
 90
6
 70
1
 10
182.05217527758415
 20
226.0384677192997
 10
181.47945752182136
 20
227.18390323082536
 10
181.85058588865866
 20
229.0395450650118
 10
182.90495406692028
 20
227.28226476790914
 10
182.90495406692028
 20
226.0384677192997
 10
182.05217527758415
 20
226.0384677192997
  0
LWPOLYLINE
  5
4D
330
17
100
AcDbEntity
  8
ENG_L
100
AcDbPolyline
 90
6
 70
1
 10
181.96214502533823
 20
229.63928737186424
 10
181.96214502533823
 20
228.3954903232548
 10
181.1093662360021
 20
228.3954903232548
 10
180.53664848023928
 20
229.54092583478047
 10
180.9077768470766
 20
231.39656766896687
 10
181.96214502533823
 20
229.63928737186424
  0
LWPOLYLINE
  5
4E
330
17
100
AcDbEntity
  8
ENG_L
100
AcDbPolyline
 90
12
 70
1
 10
174.85809698550852
 20
213.0851620975711
 10
175.67663311771167
 20
214.44938898457633
 10
176.37383646872453
 20
214.68179010158062
 10
177.31030161928211
 20
216.55472040269564
 10
180.1769602487749
 20
217.85774705246519
 10
181.4907405045472
 20
215.49294259207497
 10
181.4907405045472
 20
212.97721232460864
 10
180.64556253590297
 20
212.1320343559644
 10
179.2313489735299
 20
212.1320343559644
 10
178.75232422605595
 20
211.65300960849044
 10
175.44704719020862
 20
211.907261688171
 10
174.85809698550852
 20
213.0851620975711
  0
LWPOLYLINE
  5
4F
330
17
100
AcDbEntity
  8
ENG_L
100
AcDbPolyline
 90
45
 70
1
 10
170.82719873153874
 20
133.80654676582014
 10
170.6298635389133
 20
132.8198708026931
 10
169.70562748477144
 20
131.89563474855115
 10
169.18313202103323
 20
132.41813021228933
 10
169.7056274847714
 20
133.46312113976566
 10
169.7056274847714
 20
135.39072853996393
 10
170.17703200556244
 20
135.862133060755
 10
170.17703200556244
 20
138.0658828358685
 10
169.66704628083912
 20
139.0858542853153
 10
170.99854444598427
 20
140.94995171651848
 10
172.2083220968762
 20
140.94995171651848
 10
172.69331916044194
 20
139.97995758938697
 10
173.94826817189067
 20
139.7289677870972
 10
173.94826817189067
 20
137.74775114391912
 10
174.21904465491642
 20
137.47697466089338
 10
174.42608576705973
 20
140.5825913430433
 10
175.31594160427312
 20
141.47244718025675
 10
176.28835729854396
 20
140.98623933312126
 10
177.64813943601285
 20
141.89276075810054
 10
179.3269475335439
 20
141.89276075810054
 10
179.5828843020841
 20
140.6130769153995
 10
181.4907405045472
 20
139.18218476355204
 10
181.4907405045472
 20
136.13827543567035
 10
181.01933598375615
 20
135.66687091487938
 10
181.01933598375615
 20
133.78125283171528
 10
180.54793146296512
 20
133.3098483109242
 10
180.54793146296512
 20
131.43552171211104
 10
177.8288227993918
 20
128.22202965516072
 10
177.1146474652907
 20
128.22202965516072
 10
176.30529077584586
 20
129.57095747090207
 10
176.30529077584586
 20
131.9279800748573
 10
176.03785422344333
 20
132.37370766219482
 10
175.83001463372813
 20
127.17771791931409
 10
174.89107721347276
 20
126.23878049905879
 10
173.94546268407993
 20
127.18439502845158
 10
174.150692636225
 20
134.367443353529
 10
173.47686365109965
 20
132.88501958625332
 10
173.47686365109965
 20
128.1243985822228
 10
173.00545913030862
 20
127.65299406143183
 10
173.00545913030862
 20
126.71018501984976
 10
171.91789724008967
 20
125.6226231296308
 10
171.6098185553757
 20
127.16301655320072
 10
171.11984104714452
 20
127.65299406143183
 10
171.11984104714452
 20
133.70899932728486
 10
170.82719873153874
 20
133.80654676582014
  0
LWPOLYLINE
  5
50
330
17
100
AcDbEntity
  8
ENG_L
100
AcDbPolyline
 90
4
 70
1
 10
180.31222920256963
 20
231.79295304172953
 10
181.11696705669397
 20
230.9882151876057
 10
180.31222920256963
 20
230.183477333481
 10
180.31222920256963
 20
231.79295304172953
  0
LWPOLYLINE
  5
51
330
17
100
AcDbEntity
  8
ENG_L
100
AcDbPolyline
 90
7
 70
1
 10
180.13762074951268
 20
220.18244847501123
 10
179.25801358057996
 20
218.71643652678995
 10
176.9041944002588
 20
218.97797199127
 10
176.20765970290807
 20
219.67450668862088
 10
177.62187326528124
 20
221.08872025099413
 10
179.23134897352978
 20
221.08872025099413
 10
180.13762074951268
 20
220.18244847501123
  0
LWPOLYLINE
  5
52
330
17
100
AcDbEntity
  8
ENG_L
100
AcDbPolyline
 90
7
 70
1
 10
179.19187542018332
 20
233.48146113902123
 10
176.35248575723062
 20
238.38586146593954
 10
174.85710714240994
 20
239.8812400807604
 10
175.27150236343994
 20
241.12442574384986
 10
178.15338928573044
 20
237.71855938114282
 10
179.6239006148265
 20
234.77753672295077
 10
179.19187542018332
 20
233.48146113902123
  0
LWPOLYLINE
  5
53
330
17
100
AcDbEntity
  8
ENG_L
100
AcDbPolyline
 90
31
 70
1
 10
175.36248173426378
 20
222.91869657825436
 10
175.36248173426378
 20
221.46249369884697
 10
174.01192917376574
 20
220.11194113834898
 10
173.00545913030862
 20
220.44743115283484
 10
173.00545913030862
 20
221.9488494039814
 10
171.11984104714452
 20
224.3058720079365
 10
171.11984104714452
 20
225.50124551548123
 10
172.5340546095176
 20
225.97265003627243
 10
172.5340546095176
 20
229.15823886034502
 10
172.96917151370582
 20
230.0284726687216
 10
171.97149212389172
 20
231.52499175344278
 10
173.39482232185634
 20
232.47387855208567
 10
172.95866306257454
 20
233.20081065088894
 10
172.06265008872654
 20
232.30479767704094
 10
171.59124556793554
 20
232.7762021978319
 10
171.59124556793554
 20
237.3097035908409
 10
173.7058842503159
 20
237.73263132731694
 10
172.51389291016508
 20
238.92462266746796
 10
172.81222949735678
 20
240.4163056034263
 10
174.0458992448284
 20
240.4163056034263
 10
174.87759717529946
 20
239.58460767295531
 10
175.34900169609048
 20
236.28477602741805
 10
176.30529077584586
 20
235.3284869476626
 10
176.30529077584586
 20
234.34747151664203
 10
179.66009193613607
 20
228.11712650467464
 10
178.75994445273875
 20
227.21697902127724
 10
177.81713541115667
 20
227.21697902127724
 10
176.7766952966369
 20
226.17653890675737
 10
176.7766952966369
 20
224.24287988838154
 10
175.77386608689088
 20
223.74146528350857
 10
175.36248173426378
 20
222.91869657825436
  0
LWPOLYLINE
  5
54
330
17
100
AcDbEntity
  8
ENG_L
100
AcDbPolyline
 90
6
 70
1
 10
174.10863900614626
 20
235.24692541840065
 10
173.9551321527078
 20
233.8653637374546
 10
174.94536554416996
 20
232.08294363282266
 10
175.3624817342638
 20
232.50005982291654
 10
175.3624817342638
 20
233.27660113135872
 10
174.10863900614626
 20
235.24692541840065
  0
LWPOLYLINE
  5
55
330
17
100
AcDbEntity
  8
ENG_L
100
AcDbPolyline
 90
7
 70
1
 10
175.36248173426378
 20
31.957876340852344
 10
173.8909297300755
 20
30.486324336664094
 10
172.07094777976016
 20
33.86629081582115
 10
171.76569781103208
 20
36.003040596917614
 10
174.08788856186248
 20
34.841945221502414
 10
175.36248173426378
 20
33.5673520491011
 10
175.36248173426378
 20
31.957876340852344
  0
LWPOLYLINE
  5
56
330
17
100
AcDbEntity
  8
ENG_L
100
AcDbPolyline
 90
4
 70
1
 10
174.65537495307723
 20
241.692447978342
 10
175.46011280720157
 20
240.88771012421728
 10
174.65537495307723
 20
240.08297227009257
 10
174.65537495307723
 20
241.692447978342
  0
LWPOLYLINE
  5
57
330
17
100
AcDbEntity
  8
ENG_L
100
AcDbPolyline
 90
6
 70
1
 10
172.57604392655168
 20
242.63370781740946
 10
172.04387189528313
 20
243.69805187994675
 10
172.44567973077747
 20
244.9034753864292
 10
174.92006343920545
 20
241.879228631684
 10
174.52267835747332
 20
240.68707338648787
 10
172.57604392655168
 20
242.63370781740946
  0
LWPOLYLINE
  5
58
330
17
100
AcDbEntity
  8
ENG_L
100
AcDbPolyline
 90
4
 70
1
 10
171.35554330754002
 20
231.12628637506293
 10
171.35554330754002
 20
232.73576208331238
 10
172.16028116166436
 20
231.93102422918764
 10
171.35554330754002
 20
231.12628637506293
  0
LWPOLYLINE
  5
59
330
17
100
AcDbEntity
  8
ENG_L
100
AcDbPolyline
 90
4
 70
1
 10
170.884138786749
 20
246.4064931862515
 10
171.68887664087333
 20
245.60175533212768
 10
170.884138786749
 20
244.79701747800297
 10
170.884138786749
 20
246.4064931862515
  0
LWPOLYLINE
  5
5A
330
17
100
AcDbEntity
  8
ENG_L
100
AcDbPolyline
 90
25
 70
1
 10
161.12271503759504
 20
247.01596889450062
 10
162.11206420916773
 20
248.0053180660735
 10
161.749244184502
 20
248.7309581154047
 10
159.66831276037266
 20
249.88703112881018
 10
154.96756384426664
 20
254.11770515330545
 10
151.19028603970756
 20
255.5341843300152
 10
150.26478630790731
 20
256.4596840618154
 10
147.48029512157296
 20
256.9237659262042
 10
144.00692246835936
 20
258.502571677665
 10
148.54059641830827
 20
258.80481660766173
 10
153.26211101298895
 20
256.44405931032145
 10
156.10626128403763
 20
256.44405931032145
 10
157.5204748464107
 20
255.50125026873926
 10
158.48955005872435
 20
255.50125026873926
 10
159.93858959783404
 20
254.05221072962968
 10
162.28536241430442
 20
253.11350160304147
 10
165.1214596132514
 20
250.75008727058568
 10
167.0100998208539
 20
249.80576716678436
 10
171.3195369459679
 20
246.003322644625
 10
169.2699544698842
 20
245.1249301548748
 10
167.0483509840665
 20
245.37177498663243
 10
163.62729750371943
 20
246.96826661079442
 10
162.6810998028965
 20
246.02206890997147
 10
161.55213024135222
 20
246.58655369074367
 10
161.12271503759504
 20
247.01596889450062
  0
LWPOLYLINE
  5
5B
330
17
100
AcDbEntity
  8
ENG_L
100
AcDbPolyline
 90
9
 70
1
 10
169.7956577370173
 20
86.03132504436329
 10
169.2342229639804
 20
87.15419459043727
 10
169.2342229639804
 20
89.19308550244287
 10
170.22382807329654
 20
90.18269061175887
 10
171.11984104714452
 20
88.68933565534564
 10
171.11984104714452
 20
87.11220527340313
 10
170.74606759929125
 20
86.73843182554985
 10
171.45317438047775
 20
86.03132504436329
 10
169.7956577370173
 20
86.03132504436329
  0
LWPOLYLINE
  5
5C
330
17
100
AcDbEntity
  8
ENG_L
100
AcDbPolyline
 90
4
 70
1
 10
170.74606759929128
 20
91.92388155425124
 10
169.94132974516694
 20
91.11914370012697
 10
169.94132974516694
 20
92.72861940837551
 10
170.74606759929128
 20
91.92388155425124
  0
LWPOLYLINE
  5
5D
330
17
100
AcDbEntity
  8
ENG_L
100
AcDbPolyline
 90
4
 70
1
 10
169.4699252243759
 20
92.0619527417087
 10
169.4699252243759
 20
93.67142844995757
 10
170.27466307850023
 20
92.8666905958333
 10
169.4699252243759
 20
92.0619527417087
  0
LWPOLYLINE
  5
5E
330
17
100
AcDbEntity
  8
ENG_L
100
AcDbPolyline
 90
13
 70
1
 10
168.82789376197456
 20
94.33081402512778
 10
168.17201637417202
 20
95.64256880073285
 10
167.7706461393367
 20
95.50877872245445
 10
167.51000602994498
 20
94.7268583942793
 10
165.56102996510768
 20
95.00528354639893
 10
163.53421587801287
 20
98.04550467704121
 10
164.41534233117463
 20
99.51404876564408
 10
165.38453767459976
 20
99.19098365116896
 10
166.0678436705804
 20
98.05214032453458
 10
167.76436764570366
 20
98.05214032453458
 10
168.80935857318002
 20
98.57463578827286
 10
169.7333123136211
 20
97.65068204783178
 10
168.82789376197456
 20
94.33081402512778
  0
LWPOLYLINE
  5
5F
330
17
100
AcDbEntity
  8
ENG_L
100
AcDbPolyline
 90
6
 70
1
 10
167.3666902498331
 20
130.0888695448813
 10
166.14914937693638
 20
130.49471650251354
 10
168.71768331599608
 20
132.49246512178226
 10
169.76806762137588
 20
132.14233701998901
 10
169.4269561056414
 20
131.11900247278552
 10
167.3666902498331
 20
130.0888695448813
  0
LWPOLYLINE
  5
60
330
17
100
AcDbEntity
  8
ENG_L
100
AcDbPolyline
 90
16
 70
1
 10
168.76281844318936
 20
238.31544076587673
 10
166.04071632924624
 20
238.0679769373364
 10
165.48831626708477
 20
237.51557687517487
 10
165.9597207878758
 20
235.62995879201077
 10
164.58877719790365
 20
234.25901520203874
 10
161.09686711523236
 20
235.2567037970874
 10
159.23709695443097
 20
237.11647395788904
 10
158.25846663364945
 20
237.11647395788904
 10
157.388016136866
 20
238.56722478586144
 10
158.8065561995744
 20
239.98576484856972
 10
161.26573821836567
 20
239.00209204105317
 10
164.44161033593835
 20
239.00209204105317
 10
166.29497385204743
 20
240.39211467813516
 10
167.8836704034823
 20
240.9216801952798
 10
168.76281844318936
 20
240.04253215557304
 10
168.76281844318936
 20
238.31544076587673
  0
LWPOLYLINE
  5
61
330
17
100
AcDbEntity
  8
ENG_L
100
AcDbPolyline
 90
9
 70
1
 10
166.3592557092435
 20
236.69616038004526
 10
167.38168067126827
 20
236.184947899033
 10
168.76281844318936
 20
236.46117545341693
 10
168.76281844318936
 20
234.05234457274716
 10
167.20293287266662
 20
234.05234457274716
 10
167.70688604303655
 20
235.06025091348715
 10
166.76099629964733
 20
235.24942886216493
 10
165.83676024550536
 20
236.17366491630688
 10
166.3592557092435
 20
236.69616038004526
  0
LWPOLYLINE
  5
62
330
17
100
AcDbEntity
  8
ENG_L
100
AcDbPolyline
 90
5
 70
1
 10
167.34860488081625
 20
99.09258043905444
 10
167.92301506639893
 20
99.66699062463735
 10
168.38273107963462
 20
98.28784258493017
 10
167.34860488081625
 20
98.28784258493017
 10
167.34860488081625
 20
99.09258043905444
  0
LWPOLYLINE
  5
63
330
17
100
AcDbEntity
  8
ENG_L
100
AcDbPolyline
 90
29
 70
1
 10
156.04867485952914
 20
47.37615433949871
 10
156.02704768082927
 20
47.68047183756374
 10
158.718930388043
 20
48.065026510022754
 10
159.2027129802492
 20
48.871330830366546
 10
154.45074481849272
 20
50.0027518212609
 10
153.63407054470068
 20
51.90832512677568
 10
154.14927829866738
 20
52.42353288074231
 10
154.14927829866738
 20
53.83774644311545
 10
154.6206828194584
 20
54.309150963906426
 10
155.13862747024
 20
53.79120631312484
 10
155.87971962705737
 20
54.16175239153353
 10
157.31075846262863
 20
56.06980417229512
 10
159.4469888195456
 20
56.603861761524435
 10
160.88239394187906
 20
54.21151989096862
 10
161.56560660972124
 20
54.21151989096862
 10
162.78064771689031
 20
56.034081551722295
 10
163.0924841555237
 20
53.851226481288705
 10
163.67499978742583
 20
53.26871084938656
 10
166.00992565590937
 20
53.26871084938656
 10
167.8200094016073
 20
51.97579388817375
 10
167.8200094016073
 20
49.399843610120506
 10
166.94950196353034
 20
48.52933617204358
 10
164.8710796043525
 20
49.04894176183805
 10
162.5369285999681
 20
51.383092766222546
 10
160.84657266267965
 20
51.383092766222546
 10
160.27753706895078
 20
50.814057172493655
 10
160.27753706895078
 20
50.05155909244407
 10
162.41786087130703
 20
47.37615433949871
 10
156.04867485952914
 20
47.37615433949871
  0
LWPOLYLINE
  5
64
330
17
100
AcDbEntity
  8
ENG_L
100
AcDbPolyline
 90
5
 70
1
 10
159.63624797079166
 20
53.74011537017764
 10
159.7337954093269
 20
54.032757685783416
 10
159.09902576697317
 20
54.15971161425415
 10
159.09902576697317
 20
53.74011537017764
 10
159.63624797079166
 20
53.74011537017764
  0
LWPOLYLINE
  5
65
330
17
100
AcDbEntity
  8
ENG_L
100
AcDbPolyline
 90
10
 70
1
 10
164.52017775607007
 20
91.5737736346205
 10
166.33026150176795
 20
92.86669059583319
 10
167.51848945818435
 20
92.86669059583319
 10
167.8501152781478
 20
91.87181313594306
 10
165.03668765481135
 20
88.5894809087172
 10
165.75433081395133
 20
87.15419459043716
 10
164.04877323527901
 20
88.00697337977348
 10
164.04877323527901
 20
90.13589454402494
 10
164.52017775607007
 20
90.6072990648159
 10
164.52017775607007
 20
91.5737736346205
  0
LWPOLYLINE
  5
66
330
17
100
AcDbEntity
  8
ENG_L
100
AcDbPolyline
 90
4
 70
1
 10
166.6414980996297
 20
235.56418920805777
 10
167.44623595375404
 20
234.75945135393394
 10
166.6414980996297
 20
233.95471349980923
 10
166.6414980996297
 20
235.56418920805777
  0
LWPOLYLINE
  5
67
330
17
100
AcDbEntity
  8
ENG_L
100
AcDbPolyline
 90
9
 70
1
 10
166.4510393224788
 20
86.52410856202964
 10
167.47035429426333
 20
84.14570696119917
 10
166.36332321179052
 20
84.14570696119917
 10
166.12178816037138
 20
82.93803170410352
 10
164.19821585029354
 20
83.21282774840044
 10
162.50029461618172
 20
84.34477523780825
 10
163.50506711098285
 20
85.34954773260938
 10
165.3590085325964
 20
84.88606237720609
 10
166.4510393224788
 20
86.52410856202964
  0
LWPOLYLINE
  5
68
330
17
100
AcDbEntity
  8
ENG_L
100
AcDbPolyline
 90
5
 70
1
 10
167.07783709775467
 20
130.004642073533
 10
165.87073031656817
 20
129.60227314647088
 10
165.26235005992265
 20
130.21065340311645
 10
166.4694568411092
 20
130.6130223301787
 10
167.07783709775467
 20
130.004642073533
  0
LWPOLYLINE
  5
69
330
17
100
AcDbEntity
  8
ENG_L
100
AcDbPolyline
 90
4
 70
1
 10
166.503426912172
 20
121.62236636408619
 10
165.69868905804762
 20
120.81762850996192
 10
165.69868905804762
 20
122.42710421821046
 10
166.503426912172
 20
121.62236636408619
  0
LWPOLYLINE
  5
6A
330
17
100
AcDbEntity
  8
ENG_L
100
AcDbPolyline
 90
4
 70
1
 10
166.503426912172
 20
86.73843182554985
 10
165.69868905804762
 20
85.93369397142558
 10
165.69868905804762
 20
87.54316967967412
 10
166.503426912172
 20
86.73843182554985
  0
LWPOLYLINE
  5
6B
330
17
100
AcDbEntity
  8
ENG_L
100
AcDbPolyline
 90
4
 70
1
 10
165.2272845372566
 20
86.40509849221634
 10
165.2272845372566
 20
88.0145742004652
 10
166.03202239138093
 20
87.20983634634094
 10
165.2272845372566
 20
86.40509849221634
  0
LWPOLYLINE
  5
6C
330
17
100
AcDbEntity
  8
ENG_L
100
AcDbPolyline
 90
5
 70
1
 10
164.92792127498612
 20
129.1308686256799
 10
164.31954101834057
 20
129.73924888232546
 10
165.52664779952707
 20
130.1416178093876
 10
166.13502805617264
 20
129.53323755274204
 10
164.92792127498612
 20
129.1308686256799
  0
LWPOLYLINE
  5
6D
330
17
100
AcDbEntity
  8
ENG_L
100
AcDbPolyline
 90
5
 70
1
 10
164.3195410183406
 20
122.19677654966898
 10
165.52664779952707
 20
122.59914547673112
 10
166.13502805617262
 20
121.99076522008556
 10
164.92792127498606
 20
121.58839629302332
 10
164.3195410183406
 20
122.19677654966898
  0
LWPOLYLINE
  5
6E
330
17
100
AcDbEntity
  8
ENG_L
100
AcDbPolyline
 90
5
 70
1
 10
163.37673197675852
 20
129.2678443615345
 10
164.58383875794502
 20
129.6702132885966
 10
165.19221901459056
 20
129.06183303195107
 10
163.985112233404
 20
128.65946410488883
 10
163.37673197675852
 20
129.2678443615345
  0
LWPOLYLINE
  5
6F
330
17
100
AcDbEntity
  8
ENG_L
100
AcDbPolyline
 90
5
 70
1
 10
163.16962519557194
 20
129.19880876780553
 10
163.77800545221749
 20
128.59042851115998
 10
162.57089867103096
 20
128.18805958409786
 10
161.9625184143854
 20
128.7964398407434
 10
163.16962519557194
 20
129.19880876780553
  0
LWPOLYLINE
  5
70
330
17
100
AcDbEntity
  8
ENG_L
100
AcDbPolyline
 90
5
 70
1
 10
162.09949415023993
 20
83.40463010894983
 10
161.4911138935944
 20
84.01301036559539
 10
162.6982206747809
 20
84.41537929265752
 10
163.30660093142646
 20
83.80699903601196
 10
162.09949415023993
 20
83.40463010894983
  0
LWPOLYLINE
  5
71
330
17
100
AcDbEntity
  8
ENG_L
100
AcDbPolyline
 90
5
 70
1
 10
161.93413455289848
 20
128.07727680652368
 10
160.20006769536545
 20
127.73046343501716
 10
159.5637486265851
 20
128.3667825037974
 10
161.29781548411822
 20
128.71359587530418
 10
161.93413455289848
 20
128.07727680652368
  0
LWPOLYLINE
  5
72
330
17
100
AcDbEntity
  8
ENG_L
100
AcDbPolyline
 90
16
 70
1
 10
154.615580246367
 20
218.21485651652682
 10
153.67787377787633
 20
220.09026945350828
 10
153.67787377787633
 20
221.18635132393183
 10
155.09208734024944
 20
222.60056488630477
 10
156.5063009026225
 20
221.18635132393183
 10
156.5063009026225
 20
220.31579578678006
 10
156.84140103706457
 20
220.20409574196597
 10
157.8344246291417
 20
222.68665472215866
 10
158.9609545795155
 20
221.56012477178487
 10
158.48955005872446
 20
221.0887202509939
 10
158.86332350657767
 20
220.71494680314063
 10
158.86332350657767
 20
219.10547109489198
 10
157.10502742716352
 20
217.34717501547794
 10
155.71474868558283
 20
216.8837487682843
 10
154.30191072983368
 20
214.7644918346605
 10
154.615580246367
 20
218.21485651652682
  0
LWPOLYLINE
  5
73
330
17
100
AcDbEntity
  8
ENG_L
100
AcDbPolyline
 90
17
 70
1
 10
151.74635549819064
 20
229.89082163416265
 10
152.2442989911159
 20
231.88259560586388
 10
149.89118863332254
 20
235.17695010677443
 10
150.2332892837022
 20
236.88745335867267
 10
152.832695809232
 20
234.28804683314297
 10
154.07791339646127
 20
234.28804683314297
 10
155.49212695883435
 20
235.2308558747249
 10
156.60393197556024
 20
235.2308558747249
 10
157.8976428654248
 20
233.9371449848604
 10
158.47521551508547
 20
231.62685438621767
 10
157.05517479699878
 20
231.91086252983519
 10
156.5063009026225
 20
231.36198863545897
 10
156.5063009026225
 20
227.92408580246382
 10
155.21251144212684
 20
227.92408580246382
 10
153.61045319539636
 20
229.98387497683171
 10
152.75315010531128
 20
229.55522343178902
 10
151.74635549819064
 20
229.89082163416265
  0
LWPOLYLINE
  5
74
330
17
100
AcDbEntity
  8
ENG_L
100
AcDbPolyline
 90
42
 70
1
 10
142.69594940971086
 20
248.38819313983973
 10
143.72273708536096
 20
248.90158697766495
 10
145.56636585149107
 20
248.90158697766495
 10
145.97319939116153
 20
249.3084205173355
 10
143.3069743204736
 20
250.64153305267922
 10
143.3069743204736
 20
253.74908453771238
 10
144.65590213621525
 20
254.55844122715732
 10
147.02256873089826
 20
254.55844122715732
 10
148.06755965837453
 20
255.0809366908955
 10
148.5900551221127
 20
254.55844122715732
 10
150.0998672444999
 20
254.55844122715732
 10
150.35946914489895
 20
253.2604317251621
 10
151.34618064335382
 20
252.27372022670713
 10
150.81873015962668
 20
250.16391829179872
 10
148.99712012440514
 20
249.07095227066554
 10
150.7608424774609
 20
248.91061387493352
 10
151.78325343894662
 20
249.9330248364191
 10
156.46129517229505
 20
245.74740854868637
 10
157.4853975608074
 20
243.69920377166164
 10
156.5063009026225
 20
242.23055878438427
 10
156.5063009026225
 20
240.2464210260582
 10
155.37009895160864
 20
239.86768704238682
 10
155.1055673784227
 20
241.71940805468805
 10
153.10883818414757
 20
243.71613724896335
 10
151.8636205969183
 20
243.71613724896335
 10
150.37003109918993
 20
242.7204109171446
 10
148.4138566290433
 20
244.18754176975432
 10
147.49397325168928
 20
244.18754176975432
 10
144.8588544126046
 20
245.5051011892968
 10
144.75515795390953
 20
245.19401181321143
 10
145.19259240363778
 20
244.75657736348322
 10
145.19259240363778
 20
243.61850617602565
 10
144.80807780443314
 20
243.2339915768209
 10
148.3505636787391
 20
239.18543629189992
 10
145.07788374119187
 20
239.48295264985896
 10
141.4213562373095
 20
243.62701715425894
 10
141.4213562373095
 20
244.75657736348322
 10
141.79512968516275
 20
245.13035081133648
 10
141.32372516437172
 20
245.60175533212768
 10
141.89276075810054
 20
246.17079092585635
 10
141.89276075810054
 20
247.58500448822952
 10
142.69594940971086
 20
248.38819313983973
  0
LWPOLYLINE
  5
75
330
17
100
AcDbEntity
  8
ENG_L
100
AcDbPolyline
 90
7
 70
1
 10
156.19031754676365
 20
88.15264538792289
 10
157.0215086565892
 20
86.21319946499662
 10
156.0758461463724
 20
85.26753695477996
 10
153.67787377787633
 20
86.59974382616664
 10
153.67787377787633
 20
87.30746741927875
 10
154.5230517465206
 20
88.15264538792289
 10
156.19031754676365
 20
88.15264538792289
  0
LWPOLYLINE
  5
76
330
17
100
AcDbEntity
  8
ENG_L
100
AcDbPolyline
 90
7
 70
1
 10
154.9944562673116
 20
57.511351536505884
 10
154.68525380057886
 20
57.8205540032386
 10
153.91357603827186
 20
56.277198478624555
 10
153.91357603827186
 20
60.03325127988823
 10
156.55606449313095
 20
58.56520213829985
 10
156.20478095919964
 20
57.511351536505884
 10
154.9944562673116
 20
57.511351536505884
  0
LWPOLYLINE
  5
77
330
17
100
AcDbEntity
  8
ENG_L
100
AcDbPolyline
 90
7
 70
1
 10
155.09208734024944
 20
224.29092082359347
 10
154.14927829866738
 20
225.23372986517543
 10
154.14927829866738
 20
226.91545907785436
 10
155.15574834212447
 20
227.25094909234022
 10
156.0348963818315
 20
226.371801052633
 10
156.0348963818315
 20
225.23372986517543
 10
155.09208734024944
 20
224.29092082359347
  0
LWPOLYLINE
  5
78
330
17
100
AcDbEntity
  8
ENG_L
100
AcDbPolyline
 90
59
 70
1
 10
143.77837884126464
 20
197.18054204278846
 10
145.25360795137124
 20
198.06567950885244
 10
146.6323075805791
 20
196.22741333657535
 10
147.07821048680188
 20
196.67331624279805
 10
147.54961500759293
 20
196.20191172200708
 10
147.54961500759293
 20
195.2267573541189
 10
148.06781559611807
 20
194.363089706577
 10
148.53441336620904
 20
194.82968747666797
 10
149.43523309075704
 20
196.63132692576403
 10
149.43523309075704
 20
199.16841003421092
 10
148.49242404917499
 20
199.16841003421092
 10
148.49242404917499
 20
203.36857809388653
 10
149.79043355117005
 20
203.62817999428552
 10
150.13565821076443
 20
203.97340465387992
 10
149.31902903037903
 20
204.13673048995707
 10
148.49242404917499
 20
204.9633354711611
 10
148.49242404917499
 20
206.23947784607643
 10
153.17517218803573
 20
206.23947784607643
 10
152.7525310984474
 20
209.6206065627829
 10
151.79225569471222
 20
210.10074426465053
 10
151.79225569471222
 20
211.2605902165885
 10
152.74878638744542
 20
212.69538625568828
 10
153.2250422445255
 20
215.07666554108852
 10
154.252283963459
 20
216.10390726002194
 10
154.6394610129018
 20
214.94237611169365
 10
154.33991846145275
 20
214.34329100879557
 10
155.2333958508572
 20
214.52198648667652
 10
156.04187465485424
 20
212.63553594401662
 10
155.7615886084899
 20
210.67353361946596
 10
154.6206828194584
 20
210.90171477727228
 10
154.6206828194584
 20
208.4321630918422
 10
155.56349186104046
 20
207.01794952946918
 10
155.56349186104046
 20
204.86773691114712
 10
154.07180892508205
 20
204.56940032395542
 10
153.72466984561046
 20
204.916539403427
 10
153.35551909650843
 20
204.30128815492367
 10
154.7317939305695
 20
204.10467746434347
 10
155.58365356039295
 20
203.2528178345201
 10
155.07351435280924
 20
200.70212179660163
 10
154.2469093716052
 20
199.8755168153975
 10
153.26211101298918
 20
199.8755168153975
 10
151.46047156389298
 20
198.97469709084936
 10
150.36456209416582
 20
197.8787876211223
 10
149.93208789626618
 20
194.85146823582488
 10
151.32085117392117
 20
194.38854714327337
 10
151.32085117392117
 20
193.3734845972609
 10
151.88988676765
 20
192.804449003532
 10
149.90663761154806
 20
190.82119984743008
 10
149.43523309075704
 20
191.29260436822116
 10
149.01036869995667
 20
190.86773997742068
 10
148.02101952838396
 20
191.36241456320712
 10
147.1213620321318
 20
190.91258581508097
 10
144.84868698646872
 20
191.1651052645992
 10
144.24978336205572
 20
191.76400888901213
 10
144.24978336205572
 20
192.90208007646982
 10
144.58692282612253
 20
193.23921954053668
 10
143.23880465390874
 20
194.1379649886792
 10
143.77837884126464
 20
195.21711336339087
 10
143.77837884126464
 20
197.18054204278846
  0
LWPOLYLINE
  5
79
330
17
100
AcDbEntity
  8
ENG_L
100
AcDbPolyline
 90
4
 70
1
 10
146.69812312324714
 20
194.45436482630063
 10
146.74487715346856
 20
194.45436482630063
 10
146.70981163080248
 20
194.48943034896672
 10
146.69812312324714
 20
194.45436482630063
  0
LWPOLYLINE
  5
7A
330
17
100
AcDbEntity
  8
ENG_L
100
AcDbPolyline
 90
6
 70
1
 10
151.44544232320553
 20
126.11418934977425
 10
150.81547658206733
 20
126.74415509091253
 10
151.15436680828842
 20
127.76082576957593
 10
156.15096768336434
 20
127.466908071042
 10
153.25162659969868
 20
125.85616302456104
 10
151.44544232320553
 20
126.11418934977425
  0
LWPOLYLINE
  5
7B
330
17
100
AcDbEntity
  8
ENG_L
100
AcDbPolyline
 90
5
 70
1
 10
154.68434382133336
 20
69.80183914813554
 10
155.29272407797893
 20
69.19345889148998
 10
154.0856172967924
 20
68.79108996442784
 10
153.47723704014686
 20
69.3994702210734
 10
154.68434382133336
 20
69.80183914813554
  0
LWPOLYLINE
  5
7C
330
17
100
AcDbEntity
  8
ENG_L
100
AcDbPolyline
 90
5
 70
1
 10
154.14927829866738
 20
224.0147784486779
 10
154.72368848425012
 20
224.58918863426035
 10
155.18340449748578
 20
223.2100405945534
 10
154.14927829866738
 20
223.2100405945534
 10
154.14927829866738
 20
224.0147784486779
  0
LWPOLYLINE
  5
7D
330
17
100
AcDbEntity
  8
ENG_L
100
AcDbPolyline
 90
11
 70
1
 10
152.86120875789692
 20
66.93944195232649
 10
153.84458998279297
 20
65.4643701149824
 10
155.10931136863763
 20
64.7055372834756
 10
154.59305432340912
 20
60.57548092164766
 10
153.72034640532002
 20
60.57548092164766
 10
153.2250422445255
 20
63.05200172562031
 10
152.73506473629428
 20
63.54197923385152
 10
152.73506473629428
 20
65.42759731701564
 10
151.6946246217744
 20
66.4680374315355
 10
152.16602914256543
 20
66.93944195232649
 10
152.86120875789692
 20
66.93944195232649
  0
LWPOLYLINE
  5
7E
330
17
100
AcDbEntity
  8
ENG_L
100
AcDbPolyline
 90
4
 70
1
 10
153.91357603827186
 20
55.487662265883976
 10
154.7183138923962
 20
54.6829244117597
 10
153.91357603827186
 20
53.87818655763543
 10
153.91357603827186
 20
55.487662265883976
  0
LWPOLYLINE
  5
7F
330
17
100
AcDbEntity
  8
ENG_L
100
AcDbPolyline
 90
4
 70
1
 10
152.9707669966898
 20
68.49172670215742
 10
152.9707669966898
 20
70.10120241040596
 10
153.77550485081414
 20
69.29646455628169
 10
152.9707669966898
 20
68.49172670215742
  0
LWPOLYLINE
  5
80
330
17
100
AcDbEntity
  8
ENG_L
100
AcDbPolyline
 90
9
 70
1
 10
149.95515560100722
 20
227.54223447967138
 10
148.47023798675818
 20
230.01709717008657
 10
148.82616204020815
 20
231.08486933043636
 10
150.9890670431019
 20
230.00341682898951
 10
152.71649174885414
 20
228.27599212323736
 10
153.18789626964517
 20
225.91896951928226
 10
153.71184384893914
 20
225.39502193998806
 10
153.3094749218769
 20
224.18791515880176
 10
149.95515560100722
 20
227.54223447967138
  0
LWPOLYLINE
  5
81
330
17
100
AcDbEntity
  8
ENG_L
100
AcDbPolyline
 90
6
 70
1
 10
152.23482985281439
 20
44.51295828377111
 10
150.81935845741046
 20
47.62699535365977
 10
151.74545962697812
 20
49.1704973029391
 10
153.2064692570853
 20
47.709487672832005
 10
153.2064692570853
 20
46.132357290889495
 10
152.23482985281439
 20
44.51295828377111
  0
LWPOLYLINE
  5
82
330
17
100
AcDbEntity
  8
ENG_L
100
AcDbPolyline
 90
5
 70
1
 10
149.2798428279382
 20
31.86180938905714
 10
150.28178270083967
 20
33.53170917722614
 10
152.32014740857483
 20
32.658124302482605
 10
151.9556067370939
 20
31.564502288039865
 10
149.2798428279382
 20
31.86180938905714
  0
LWPOLYLINE
  5
83
330
17
100
AcDbEntity
  8
ENG_L
100
AcDbPolyline
 90
4
 70
1
 10
151.08514891352564
 20
165.79632013098544
 10
151.88988676765
 20
164.99158227686118
 10
151.08514891352564
 20
164.1868444227369
 10
151.08514891352564
 20
165.79632013098544
  0
LWPOLYLINE
  5
84
330
17
100
AcDbEntity
  8
ENG_L
100
AcDbPolyline
 90
33
 70
1
 10
144.76798395058083
 20
48.881643021595366
 10
143.68074776832682
 20
49.968879203849404
 10
142.96902215181984
 20
49.968879203849404
 10
141.53800950280592
 20
47.583858122159484
 10
139.95422698275135
 20
47.90061462617046
 10
140.50768551994057
 20
50.114448774927325
 10
141.89276075810054
 20
51.037832267033956
 10
141.89276075810054
 20
51.756866214075714
 10
140.85232064358067
 20
52.79730632859558
 10
141.4213562373095
 20
53.36634192232437
 10
141.4213562373095
 20
54.11388881803081
 10
140.94995171651848
 20
54.58529333882189
 10
140.94995171651848
 20
55.723364526279575
 10
141.48592721843002
 20
56.259340028191
 10
142.0728840211864
 20
55.08542642267811
 10
143.28194858661905
 20
54.359987683418545
 10
143.39478684484402
 20
53.7957963922937
 10
144.24241313154312
 20
55.66057422303172
 10
143.74741443499352
 20
59.12556509887901
 10
145.5528858133177
 20
59.383489581496754
 10
146.5767732831306
 20
60.40737705130961
 10
148.09238443059004
 20
59.39696961967
 10
149.69332999752842
 20
59.39696961967
 10
150.23449401704005
 20
64.80860981478642
 10
151.32085117392117
 20
62.27377644873056
 10
151.32085117392117
 20
59.49460069260781
 10
151.81758516414484
 20
58.99786670238416
 10
151.2901346804177
 20
56.88806476747554
 10
149.9719233581797
 20
56.09713797413285
 10
148.1303379895568
 20
56.09713797413285
 10
145.6639969244288
 20
53.18237126079972
 10
145.6639969244288
 20
50.37499797800871
 10
144.76798395058083
 20
48.881643021595366
  0
LWPOLYLINE
  5
85
330
17
100
AcDbEntity
  8
ENG_L
100
AcDbPolyline
 90
6
 70
1
 10
146.53826027313218
 20
57.318618394844755
 10
146.16838167318406
 20
56.57886119494848
 10
146.65360203374493
 20
55.77016059401374
 10
147.0639127471974
 20
56.18047130746617
 10
146.88481757737006
 20
57.43413749625748
 10
146.53826027313218
 20
57.318618394844755
  0
LWPOLYLINE
  5
86
330
17
100
AcDbEntity
  8
ENG_L
100
AcDbPolyline
 90
5
 70
1
 10
150.93600917854897
 20
39.60904829396561
 10
151.59858638810678
 20
38.946471084407854
 10
148.87726604454718
 20
38.644102157345706
 10
148.21468883498937
 20
39.30667936690347
 10
150.93600917854897
 20
39.60904829396561
  0
LWPOLYLINE
  5
87
330
17
100
AcDbEntity
  8
ENG_L
100
AcDbPolyline
 90
5
 70
1
 10
149.8767336284688
 20
168.45133050540673
 10
151.06130136474994
 20
168.8461864175006
 10
151.33967843246103
 20
165.22728453725665
 10
150.41407462316045
 20
165.22728453725665
 10
149.8767336284688
 20
168.45133050540673
  0
LWPOLYLINE
  5
88
330
17
100
AcDbEntity
  8
ENG_L
100
AcDbPolyline
 90
5
 70
1
 10
150.90125492984467
 20
211.42492757477783
 10
149.90663761154806
 20
211.42492757477783
 10
149.90663761154806
 20
212.7010699496932
 10
150.52279498097602
 20
213.31722731912106
 10
150.90125492984467
 20
211.42492757477783
  0
LWPOLYLINE
  5
89
330
17
100
AcDbEntity
  8
ENG_L
100
AcDbPolyline
 90
9
 70
1
 10
150.84944665313014
 20
93.71186856447756
 10
149.94317487714733
 20
92.80559678849475
 10
148.49242404917499
 20
93.67604728527823
 10
148.49242404917499
 20
95.27935495569207
 10
148.91273762701886
 20
96.11998211137984
 10
148.34799690850312
 20
96.68472282989559
 10
149.94317487714733
 20
97.64182961108214
 10
150.84944665313014
 20
96.73555783509936
 10
150.84944665313014
 20
93.71186856447756
  0
LWPOLYLINE
  5
8A
330
17
100
AcDbEntity
  8
ENG_L
100
AcDbPolyline
 90
4
 70
1
 10
150.1423398719436
 20
50.57835491209816
 10
150.1423398719436
 20
52.18783062034704
 10
150.9470777260679
 20
51.38309276622244
 10
150.1423398719436
 20
50.57835491209816
  0
LWPOLYLINE
  5
8B
330
17
100
AcDbEntity
  8
ENG_L
100
AcDbPolyline
 90
30
 70
1
 10
145.28884674652838
 20
68.3088209966316
 10
144.28641734584218
 20
66.80517689560239
 10
143.76408110166017
 20
67.32751313978424
 10
144.23548562245122
 20
70.62734478532151
 10
143.77837884126464
 20
71.084451566508
 10
143.77837884126464
 20
72.26357968041108
 10
146.2491884264009
 20
73.63625167215349
 10
147.12201371997756
 20
71.59965932047463
 10
146.60680596601085
 20
71.084451566508
 10
146.60680596601085
 20
70.33690467080156
 10
147.40486215895604
 20
69.5388484778564
 10
148.021019528384
 20
68.92269110842841
 10
148.03159161221976
 20
68.93326319226422
 10
148.34630327925532
 20
71.76566819558438
 10
149.10950057811564
 20
70.23927359786374
 10
149.30908906915442
 20
70.23927359786374
 10
150.4492505100503
 20
71.9495157592075
 10
150.86822484657353
 20
70.69259274963791
 10
150.42913307528627
 20
69.81440920706328
 10
150.84944665313014
 20
69.39409562921949
 10
150.84944665313014
 20
67.71236641654032
 10
149.43523309075704
 20
67.24096189574935
 10
149.43523309075704
 20
66.8508803361505
 10
146.11849190999789
 20
63.06031898671149
 10
145.84275912961405
 20
61.68165508479228
 10
144.78973357572542
 20
62.03266360275506
 10
144.19869241910854
 20
63.21474591598886
 10
145.20316448747357
 20
64.21921798435393
 10
145.64439631946956
 20
68.19030447231789
 10
145.28884674652838
 20
68.3088209966316
  0
LWPOLYLINE
  5
8C
330
17
100
AcDbEntity
  8
ENG_L
100
AcDbPolyline
 90
5
 70
1
 10
147.30254385805767
 20
69.02725697336453
 10
146.60680596601085
 20
68.67938802734108
 10
146.60680596601085
 20
67.50847754605537
 10
147.09678347424207
 20
67.99845505428648
 10
147.30254385805767
 20
69.02725697336453
  0
LWPOLYLINE
  5
8D
330
17
100
AcDbEntity
  8
ENG_L
100
AcDbPolyline
 90
4
 70
1
 10
149.67093535115256
 20
72.45822501436139
 10
150.47567320527688
 20
71.65348716023678
 10
149.67093535115256
 20
70.84874930611251
 10
149.67093535115256
 20
72.45822501436139
  0
LWPOLYLINE
  5
8E
330
17
100
AcDbEntity
  8
ENG_L
100
AcDbPolyline
 90
5
 70
1
 10
149.99795476878435
 20
51.61879502661804
 10
148.963828569966
 20
51.61879502661804
 10
148.963828569966
 20
52.42353288074231
 10
149.53823875554866
 20
52.99794306632521
 10
149.99795476878435
 20
51.61879502661804
  0
LWPOLYLINE
  5
8F
330
17
100
AcDbEntity
  8
ENG_L
100
AcDbPolyline
 90
5
 70
1
 10
149.99795476878435
 20
44.07632269396156
 10
148.963828569966
 20
44.07632269396156
 10
148.963828569966
 20
44.88106054808583
 10
149.53823875554866
 20
45.4554707336684
 10
149.99795476878435
 20
44.07632269396156
  0
LWPOLYLINE
  5
90
330
17
100
AcDbEntity
  8
ENG_L
100
AcDbPolyline
 90
4
 70
1
 10
149.06145964290383
 20
230.9882151876057
 10
148.25672178877946
 20
230.183477333481
 10
148.25672178877946
 20
231.79295304172953
 10
149.06145964290383
 20
230.9882151876057
  0
LWPOLYLINE
  5
91
330
17
100
AcDbEntity
  8
ENG_L
100
AcDbPolyline
 90
21
 70
1
 10
142.2184932707419
 20
225.56706319850872
 10
143.3069743204736
 20
227.74402529797212
 10
143.3069743204736
 20
228.93271252707325
 10
141.59673215912983
 20
229.50279324752154
 10
143.3446435248833
 20
230.66806749135705
 10
144.14677769726404
 20
233.07447000849925
 10
144.67897210045894
 20
232.54227560530438
 10
144.22445389262307
 20
234.36034843664788
 10
145.19259240363775
 20
235.3284869476626
 10
145.7616279973665
 20
234.75945135393394
 10
146.70443703894858
 20
234.75945135393394
 10
147.99814792881315
 20
233.46574046406943
 10
148.5757205784738
 20
231.1554498654269
 10
147.15567986038712
 20
231.43945800904396
 10
146.70443703894867
 20
230.9882151876057
 10
147.07821048680188
 20
230.61444173975244
 10
147.07821048680188
 20
229.47637055229487
 10
146.25590411772828
 20
228.6540641832211
 10
144.44086143645342
 20
228.20030351290234
 10
143.72270498707329
 20
225.56706319850872
 10
142.2184932707419
 20
225.56706319850872
  0
LWPOLYLINE
  5
92
330
17
100
AcDbEntity
  8
ENG_L
100
AcDbPolyline
 90
4
 70
1
 10
148.5900551221128
 20
72.12489168102788
 10
147.78531726798843
 20
71.32015382690359
 10
147.78531726798843
 20
72.92962953515215
 10
148.5900551221128
 20
72.12489168102788
  0
LWPOLYLINE
  5
93
330
17
100
AcDbEntity
  8
ENG_L
100
AcDbPolyline
 90
10
 70
1
 10
146.23303251815767
 20
171.5912455679356
 10
147.09494454228832
 20
170.72933354380493
 10
146.59118121451678
 20
167.70675357717545
 10
145.70053419002807
 20
166.81610655268676
 10
144.24978336205572
 20
167.68655704947022
 10
144.24978336205572
 20
169.13659189104268
 10
142.26653420595375
 20
171.1198410471446
 10
143.3069743204736
 20
172.1602811616644
 10
143.87600991420246
 20
171.5912455679356
 10
146.23303251815767
 20
171.5912455679356
  0
LWPOLYLINE
  5
94
330
17
100
AcDbEntity
  8
ENG_L
100
AcDbPolyline
 90
4
 70
1
 10
146.37110370561535
 20
88.0145742004652
 10
147.17584155973967
 20
87.20983634634094
 10
146.37110370561535
 20
86.40509849221634
 10
146.37110370561535
 20
88.0145742004652
  0
LWPOLYLINE
  5
95
330
17
100
AcDbEntity
  8
ENG_L
100
AcDbPolyline
 90
12
 70
1
 10
145.6639969244288
 20
33.372089903225486
 10
143.39030765380699
 20
31.098400632603607
 10
141.51939940476507
 20
31.365673239609706
 10
140.47854719572743
 20
32.92695155316605
 10
140.47854719572743
 20
33.84349442401646
 10
138.59292911256333
 20
35.72911250718058
 10
138.59292911256333
 20
37.35265152402012
 10
141.43719164362415
 20
39.67977541306978
 10
142.44163465247692
 20
38.67533240421706
 10
144.7986572564321
 20
39.14673692500814
 10
145.6639969244288
 20
38.281397257011406
 10
145.6639969244288
 20
33.372089903225486
  0
LWPOLYLINE
  5
96
330
17
100
AcDbEntity
  8
ENG_L
100
AcDbPolyline
 90
9
 70
1
 10
144.34741443499354
 20
91.45247703346016
 10
145.41086003635846
 20
91.45247703346016
 10
145.6716171511117
 20
88.06263454166807
 10
144.7954799425956
 20
87.18649733315198
 10
141.31235980893317
 20
87.99029428707405
 10
142.36416527889156
 20
90.0939052269909
 10
142.36416527889156
 20
91.11452486480631
 10
143.81491610686393
 20
91.98497536158979
 10
144.34741443499354
 20
91.45247703346016
  0
LWPOLYLINE
  5
97
330
17
100
AcDbEntity
  8
ENG_L
100
AcDbPolyline
 90
5
 70
1
 10
143.47250587704153
 20
89.89977308916741
 10
143.3349727982083
 20
89.21210769500144
 10
144.0842518054878
 20
88.76254029063368
 10
144.22178488432104
 20
89.45020568479967
 10
143.47250587704153
 20
89.89977308916741
  0
LWPOLYLINE
  5
98
330
17
100
AcDbEntity
  8
ENG_L
100
AcDbPolyline
 90
4
 70
1
 10
145.29022347657556
 20
258.80108191427655
 10
144.48548562245122
 20
257.99634406015184
 10
144.48548562245122
 20
259.60581976840126
 10
145.29022347657556
 20
258.80108191427655
  0
LWPOLYLINE
  5
99
330
17
100
AcDbEntity
  8
ENG_L
100
AcDbPolyline
 90
34
 70
1
 10
134.17968346420633
 20
218.6185742884681
 10
133.4255647528787
 20
218.2415149328043
 10
132.26403360455043
 20
218.6286919822471
 10
133.78125283171528
 20
220.14591120941196
 10
134.75032804402892
 20
220.14591120941196
 10
136.16454160640203
 20
221.08872025099413
 10
138.02389351883463
 20
221.08872025099413
 10
138.60350119639915
 20
221.6683279285585
 10
138.95795792486376
 20
224.85843848474008
 10
139.13389434214977
 20
224.86118682044355
 10
139.73383490159478
 20
220.66160290432825
 10
140.54644559977635
 20
220.82412504396464
 10
141.40490115226126
 20
222.82718799976274
 10
142.05202530902483
 20
221.53293968623555
 10
143.32229869422926
 20
221.27888500919468
 10
142.83887574041242
 20
214.99438660957603
 10
144.3206585447823
 20
211.04296579792305
 10
143.24331331859867
 20
210.68385072252838
 10
142.73793872674474
 20
211.18922531438233
 10
141.99039183103838
 20
211.18922531438233
 10
141.4213562373095
 20
210.62018972065343
 10
141.4213562373095
 20
208.7109061092668
 10
139.55725880610638
 20
207.37940794412168
 10
138.59292911256333
 20
207.86157279089323
 10
137.668205439998
 20
207.39921095461057
 10
136.68186074468107
 20
207.7279925197163
 10
137.1878158444528
 20
211.26967821811826
 10
138.58186914794172
 20
213.59310039059974
 10
138.0996768912118
 20
216.4862539309792
 10
139.4014730974212
 20
217.35411806845207
 10
138.08498732617304
 20
218.67060383970028
 10
135.8076315169966
 20
217.30419035419445
 10
134.3856822816471
 20
217.58858020126436
 10
134.17968346420633
 20
218.6185742884681
  0
LWPOLYLINE
  5
9A
330
17
100
AcDbEntity
  8
ENG_L
100
AcDbPolyline
 90
4
 70
1
 10
140.64411841079098
 20
214.42111681779375
 10
140.84694605172683
 20
214.21828917685792
 10
140.887511579914
 20
214.33998576141943
 10
140.64411841079098
 20
214.42111681779375
  0
LWPOLYLINE
  5
9B
330
17
100
AcDbEntity
  8
ENG_L
100
AcDbPolyline
 90
5
 70
1
 10
142.36416527889156
 20
95.32134427272621
 10
142.9385754644742
 20
95.89575445830911
 10
143.3982914777099
 20
94.51660641860194
 10
142.36416527889156
 20
94.51660641860194
 10
142.36416527889156
 20
95.32134427272621
  0
LWPOLYLINE
  5
9C
330
17
100
AcDbEntity
  8
ENG_L
100
AcDbPolyline
 90
4
 70
1
 10
142.9332008726204
 20
225.33136093811314
 10
142.12846301849603
 20
224.5266230839893
 10
142.12846301849603
 20
226.13609879223785
 10
142.9332008726204
 20
225.33136093811314
  0
LWPOLYLINE
  5
9D
330
17
100
AcDbEntity
  8
ENG_L
100
AcDbPolyline
 90
5
 70
1
 10
142.01329070448853
 20
225.54952195743928
 10
142.9084608147979
 20
222.26723155297145
 10
141.4213562373095
 20
222.26723155297145
 10
141.4213562373095
 20
224.95758749026007
 10
142.01329070448853
 20
225.54952195743928
  0
LWPOLYLINE
  5
9E
330
17
100
AcDbEntity
  8
ENG_L
100
AcDbPolyline
 90
20
 70
1
 10
139.06433363335435
 20
201.66350382562382
 10
138.15155727465256
 20
200.75072746692203
 10
136.6153636504664
 20
201.77485654971272
 10
134.34970819967293
 20
202.2279876398716
 10
134.35177607146127
 20
202.30248842088216
 10
137.0676044390791
 20
202.69046390197042
 10
138.16351390880638
 20
203.7863733716977
 10
138.56510823461147
 20
204.5895620233078
 10
138.10274639832886
 20
205.51428569587293
 10
138.42304453519517
 20
206.47518010647192
 10
140.10477374787425
 20
206.47518010647192
 10
141.0610628276296
 20
205.5188910267166
 10
142.8355697996826
 20
205.26539003070897
 10
142.8355697996826
 20
202.6555642358293
 10
142.0340692687083
 20
200.78539633022262
 10
140.47854719572743
 20
201.09650074481877
 10
140.47854719572743
 20
202.60631286720587
 10
139.97060540933714
 20
203.11425465359622
 10
139.06433363335435
 20
202.57049158800655
 10
139.06433363335435
 20
201.66350382562382
  0
LWPOLYLINE
  5
9F
330
17
100
AcDbEntity
  8
ENG_L
100
AcDbPolyline
 90
5
 70
1
 10
140.94995171651848
 20
174.1839704322863
 10
140.94995171651848
 20
175.46011280720165
 10
141.56610908594638
 20
176.07627017662975
 10
141.94456903481503
 20
174.1839704322863
 10
140.94995171651848
 20
174.1839704322863
  0
LWPOLYLINE
  5
A0
330
17
100
AcDbEntity
  8
ENG_L
100
AcDbPolyline
 90
4
 70
1
 10
140.71424945612296
 20
51.52116395368023
 10
140.71424945612296
 20
53.1306396619291
 10
141.5189873102473
 20
52.3259018078045
 10
140.71424945612296
 20
51.52116395368023
  0
LWPOLYLINE
  5
A1
330
17
100
AcDbEntity
  8
ENG_L
100
AcDbPolyline
 90
4
 70
1
 10
141.04758278945627
 20
51.85449728701352
 10
140.24284493533193
 20
51.04975943288925
 10
140.24284493533193
 20
52.65923514113779
 10
141.04758278945627
 20
51.85449728701352
  0
LWPOLYLINE
  5
A2
330
17
100
AcDbEntity
  8
ENG_L
100
AcDbPolyline
 90
4
 70
1
 10
141.04758278945624
 20
50.44028372464038
 10
140.24284493533193
 20
49.635545870516104
 10
140.24284493533193
 20
51.245021578764984
 10
141.04758278945624
 20
50.44028372464038
  0
LWPOLYLINE
  5
A3
330
17
100
AcDbEntity
  8
ENG_L
100
AcDbPolyline
 90
5
 70
1
 10
140.53035547244198
 20
46.43334529791665
 10
139.53573815414538
 20
46.43334529791665
 10
139.53573815414538
 20
47.709487672832005
 10
140.15189552357333
 20
48.32564504225989
 10
140.53035547244198
 20
46.43334529791665
  0
LWPOLYLINE
  5
A4
330
17
100
AcDbEntity
  8
ENG_L
100
AcDbPolyline
 90
7
 70
1
 10
137.60421987445963
 20
166.72261584816428
 10
138.15224108527573
 20
168.91470069142866
 10
139.871357275402
 20
169.9461704055044
 10
139.5470211368712
 20
168.3244897128504
 10
140.0798711780291
 20
167.25878963053475
 10
138.62123808850026
 20
166.38360977681742
 10
137.60421987445963
 20
166.72261584816428
  0
LWPOLYLINE
  5
A5
330
17
100
AcDbEntity
  8
ENG_L
100
AcDbPolyline
 90
8
 70
1
 10
137.62537426527805
 20
188.79751057680826
 10
138.13788274150312
 20
193.9225953390592
 10
139.12799463522933
 20
194.252632636968
 10
140.03247214436905
 20
193.34815512782822
 10
139.56106762357803
 20
191.4625370446641
 10
140.0071426749364
 20
191.01646199330568
 10
140.0071426749364
 20
188.79751057680826
 10
137.62537426527805
 20
188.79751057680826
  0
LWPOLYLINE
  5
A6
330
17
100
AcDbEntity
  8
ENG_L
100
AcDbPolyline
 90
8
 70
1
 10
138.6064091507366
 20
63.05709467488718
 10
137.08108447725243
 20
64.58241934837139
 10
138.59292911256333
 20
66.09426398368224
 10
139.58682909709256
 20
65.10036399915298
 10
139.1006212499572
 20
64.12794830488222
 10
140.05029551141152
 20
62.70343691270075
 10
138.9248862695802
 20
60.827754842981754
 10
138.6064091507366
 20
63.05709467488718
  0
LWPOLYLINE
  5
A7
330
17
100
AcDbEntity
  8
ENG_L
100
AcDbPolyline
 90
8
 70
1
 10
138.28362545588203
 20
187.30323859825015
 10
139.71618004172805
 20
188.2582749888142
 10
140.0257811356539
 20
186.0910673313333
 10
138.53207083759247
 20
185.09526046595903
 10
137.45963389175057
 20
183.3078655562226
 10
137.1644432741156
 20
188.32610605601718
 10
138.0790519643286
 20
188.32610605601718
 10
138.28362545588203
 20
187.30323859825015
  0
LWPOLYLINE
  5
A8
330
17
100
AcDbEntity
  8
ENG_L
100
AcDbPolyline
 90
5
 70
1
 10
139.60049850003853
 20
23.7411679540539
 10
136.46492710782454
 20
24.368282232496764
 10
137.55248899804343
 20
25.45584412271573
 10
139.2575632663062
 20
25.45584412271573
 10
139.60049850003853
 20
23.7411679540539
  0
LWPOLYLINE
  5
A9
330
17
100
AcDbEntity
  8
ENG_L
100
AcDbPolyline
 90
4
 70
1
 10
138.82863137295882
 20
25.59391531017352
 10
138.82863137295882
 20
27.203391018422064
 10
139.6333692270832
 20
26.39865316429779
 10
138.82863137295882
 20
25.59391531017352
  0
LWPOLYLINE
  5
AA
330
17
100
AcDbEntity
  8
ENG_L
100
AcDbPolyline
 90
18
 70
1
 10
138.92626244589653
 20
20.506096654409944
 10
139.06433363335435
 20
20.368025466952155
 10
139.06433363335435
 20
17.815740717121443
 10
137.74115869988262
 20
16.49256578364966
 10
134.01054201773272
 20
16.74127356245969
 10
133.40747938386195
 20
17.344336196330357
 10
133.40747938386195
 20
19.896620946161182
 10
133.878883904653
 20
20.368025466952155
 10
133.878883904653
 20
21.74024971229116
 10
134.8294711286362
 20
23.641424160257607
 10
135.2235367582307
 20
26.39988356741929
 10
135.39947317551668
 20
26.39713523171583
 10
135.75392990398132
 20
23.20702467553415
 10
137.27634662312806
 20
21.68460795638738
 10
138.49529803962548
 20
21.68460795638738
 10
139.20908648199122
 20
22.398396398753185
 10
139.5875464308599
 20
20.506096654409944
 10
138.92626244589653
 20
20.506096654409944
  0
LWPOLYLINE
  5
AB
330
17
100
AcDbEntity
  8
ENG_L
100
AcDbPolyline
 90
5
 70
1
 10
138.329405974216
 20
20.506096654409944
 10
136.88790383361552
 20
20.506096654409944
 10
137.31216790232747
 20
19.79898987322326
 10
137.97585258362267
 20
19.79898987322326
 10
138.329405974216
 20
20.506096654409944
  0
LWPOLYLINE
  5
AC
330
17
100
AcDbEntity
  8
ENG_L
100
AcDbPolyline
 90
10
 70
1
 10
136.75385115938988
 20
27.761775783723742
 10
136.23590650860817
 20
27.24383113294204
 10
135.74434028846463
 20
27.7353973530855
 10
136.0571443034229
 20
29.299417427876897
 10
137.77744207473123
 20
28.72598483744071
 10
139.09830370441713
 20
27.4051232077549
 10
138.74200031106332
 20
26.33621302769329
 10
137.6994833332518
 20
26.68371868696373
 10
137.4573869293202
 20
27.410007898758582
 10
136.75385115938988
 20
27.761775783723742
  0
LWPOLYLINE
  5
AD
330
17
100
AcDbEntity
  8
ENG_L
100
AcDbPolyline
 90
5
 70
1
 10
137.60332400324717
 20
159.0077506472497
 10
138.69056018550114
 20
157.92051446499568
 10
137.71378107285625
 20
156.94373535235073
 10
136.58972586739927
 20
157.31842042083633
 10
137.60332400324717
 20
159.0077506472497
  0
LWPOLYLINE
  5
AE
330
17
100
AcDbEntity
  8
ENG_L
100
AcDbPolyline
 90
4
 70
1
 10
137.41441781058575
 20
198.59937444048214
 10
137.41441781058575
 20
200.20885014873102
 10
138.2191556647101
 20
199.40411229460642
 10
137.41441781058575
 20
198.59937444048214
  0
LWPOLYLINE
  5
AF
330
17
100
AcDbEntity
  8
ENG_L
100
AcDbPolyline
 90
5
 70
1
 10
138.3639085133469
 20
162.48980682426907
 10
136.6298416558139
 20
162.1429934527625
 10
135.9935225870335
 20
162.77931252154275
 10
137.72758944456663
 20
163.12612589304953
 10
138.3639085133469
 20
162.48980682426907
  0
LWPOLYLINE
  5
B0
330
17
100
AcDbEntity
  8
ENG_L
100
AcDbPolyline
 90
6
 70
1
 10
136.7073110293992
 20
210.62018972065343
 10
136.7073110293992
 20
209.0679049708226
 10
135.27882519095144
 20
209.0679049708226
 10
135.57681453035372
 20
214.13372374066142
 10
137.2353968585871
 20
211.1482755498414
 10
136.7073110293992
 20
210.62018972065343
  0
LWPOLYLINE
  5
B1
330
17
100
AcDbEntity
  8
ENG_L
100
AcDbPolyline
 90
5
 70
1
 10
136.23590650860817
 20
160.37516814188868
 10
136.81031669419087
 20
160.94957832747124
 10
137.2700327074265
 20
159.5704302877643
 10
136.23590650860817
 20
159.5704302877643
 10
136.23590650860817
 20
160.37516814188868
  0
LWPOLYLINE
  5
B2
330
17
100
AcDbEntity
  8
ENG_L
100
AcDbPolyline
 90
4
 70
1
 10
136.00020424821264
 20
22.76548818542745
 10
136.00020424821264
 20
24.374963893675773
 10
136.804942102337
 20
23.570226039551613
 10
136.00020424821264
 20
22.76548818542745
  0
LWPOLYLINE
  5
B3
330
17
100
AcDbEntity
  8
ENG_L
100
AcDbPolyline
 90
4
 70
1
 10
135.5287997274216
 20
180.686002650423
 10
135.5287997274216
 20
182.29547835867155
 10
136.33353758154595
 20
181.4907405045473
 10
135.5287997274216
 20
180.686002650423
  0
LWPOLYLINE
  5
B4
330
17
100
AcDbEntity
  8
ENG_L
100
AcDbPolyline
 90
9
 70
1
 10
134.2697629198227
 20
155.4580826057016
 10
133.24527732980374
 20
155.9703254007111
 10
133.7812528317152
 20
156.5063009026225
 10
135.0149225791869
 20
156.5063009026225
 10
135.26591238147662
 20
155.2513518911739
 10
136.28845542845474
 20
154.74008036768495
 10
135.90710352997496
 20
153.59602467224553
 10
133.79197564313236
 20
154.50250805232102
 10
134.2697629198227
 20
155.4580826057016
  0
LWPOLYLINE
  5
B5
330
17
100
AcDbEntity
  8
ENG_L
100
AcDbPolyline
 90
5
 70
1
 10
133.83118902591673
 20
41.85016692550647
 10
134.21959890207586
 20
43.015396553983784
 10
135.8121968665534
 20
42.059837775297204
 10
135.42378699039426
 20
40.89460814681989
 10
133.83118902591673
 20
41.85016692550647
  0
LWPOLYLINE
  5
B6
330
17
100
AcDbEntity
  8
ENG_L
100
AcDbPolyline
 90
5
 70
1
 10
135.35675846890106
 20
202.26650949041547
 10
135.9651387255466
 20
201.6581292337699
 10
134.75803194436008
 20
201.25576030670777
 10
134.14965168771454
 20
201.86414056335335
 10
135.35675846890106
 20
202.26650949041547
  0
LWPOLYLINE
  5
B7
330
17
100
AcDbEntity
  8
ENG_L
100
AcDbPolyline
 90
7
 70
1
 10
134.82169294623506
 20
32.624543007519044
 10
134.82169294623506
 20
31.681733965936985
 10
135.2930974670261
 20
31.210329445145902
 10
135.2930974670261
 20
29.317110541289825
 10
132.9246138179767
 20
30.501352365814526
 10
133.2117759444026
 20
34.23446000935149
 10
134.82169294623506
 20
32.624543007519044
  0
LWPOLYLINE
  5
B8
330
17
100
AcDbEntity
  8
ENG_L
100
AcDbPolyline
 90
10
 70
1
 10
134.48877880736376
 20
216.54020659965144
 10
133.5771196167811
 20
215.02077461534708
 10
131.45579927322146
 20
213.84226331336941
 10
130.6957055246122
 20
212.57544039902066
 10
129.22911588157683
 20
212.86875832762786
 10
128.19546697008903
 20
215.45288060634726
 10
129.00758555939953
 20
216.80641158853143
 10
132.05692682336388
 20
217.82285867651962
 10
133.05227892344897
 20
216.82750657643436
 10
134.48877880736376
 20
216.54020659965144
  0
LWPOLYLINE
  5
B9
330
17
100
AcDbEntity
  8
ENG_L
100
AcDbPolyline
 90
5
 70
1
 10
133.9818895694447
 20
201.01896259470897
 10
134.44160558268032
 20
199.639814555002
 10
133.40747938386195
 20
199.639814555002
 10
133.40747938386195
 20
200.4445524091264
 10
133.9818895694447
 20
201.01896259470897
  0
LWPOLYLINE
  5
BA
330
17
100
AcDbEntity
  8
ENG_L
100
AcDbPolyline
 90
4
 70
1
 10
133.9765149775908
 20
183.3763585877114
 10
133.17177712346646
 20
182.57162073358714
 10
133.17177712346646
 20
184.18109644183568
 10
133.9765149775908
 20
183.3763585877114
  0
LWPOLYLINE
  5
BB
330
17
100
AcDbEntity
  8
ENG_L
100
AcDbPolyline
 90
8
 70
1
 10
133.46070955473658
 20
73.98707855936604
 10
130.6559058323416
 20
70.6723105238084
 10
129.63624321753372
 20
71.01219806207759
 10
129.63624321753372
 20
72.20345910115967
 10
131.05045677990682
 20
74.08907718432378
 10
131.05045677990682
 20
75.14654843872582
 10
132.58132360777634
 20
75.45272180429974
 10
133.46070955473658
 20
73.98707855936604
  0
LWPOLYLINE
  5
BC
330
17
100
AcDbEntity
  8
ENG_L
100
AcDbPolyline
 90
5
 70
1
 10
132.4646703422799
 20
184.41679870223126
 10
133.03908052786255
 20
184.99120888781385
 10
133.49879654109824
 20
183.612060848107
 10
132.4646703422799
 20
183.612060848107
 10
132.4646703422799
 20
184.41679870223126
  0
LWPOLYLINE
  5
BD
330
17
100
AcDbEntity
  8
ENG_L
100
AcDbPolyline
 90
5
 70
1
 10
132.95037260267543
 20
47.99992778735196
 10
131.60946988186686
 20
46.6590250665434
 10
132.4601185627987
 20
50.91226847120267
 10
132.5346193438094
 20
50.9102005994142
 10
132.95037260267543
 20
47.99992778735196
  0
LWPOLYLINE
  5
BE
330
17
100
AcDbEntity
  8
ENG_L
100
AcDbPolyline
 90
4
 70
1
 10
132.2289680818844
 20
216.9841507513325
 10
132.2289680818844
 20
218.59362645958103
 10
133.03370593600874
 20
217.78888860545675
 10
132.2289680818844
 20
216.9841507513325
  0
LWPOLYLINE
  5
BF
330
17
100
AcDbEntity
  8
ENG_L
100
AcDbPolyline
 90
5
 70
1
 10
131.99326582148888
 20
199.03033884675324
 10
132.56767600707153
 20
199.60474903233583
 10
133.02739202030722
 20
198.22560099262898
 10
131.99326582148888
 20
198.22560099262898
 10
131.99326582148888
 20
199.03033884675324
  0
LWPOLYLINE
  5
C0
330
17
100
AcDbEntity
  8
ENG_L
100
AcDbPolyline
 90
22
 70
1
 10
127.62926135452976
 20
25.740162839730797
 10
128.14930115206795
 20
26.780242434807143
 10
127.31575787917778
 20
27.28036839854131
 10
126.90544716572532
 20
26.870057685088877
 10
125.49123360335227
 20
26.870057685088877
 10
124.45079348883237
 20
25.829617570569006
 10
123.97938896804133
 20
26.301022091359982
 10
123.97938896804133
 20
27.439093278817662
 10
124.35316241589456
 20
27.812866726670826
 10
123.92829802509416
 20
28.2377311174713
 10
124.53090672844351
 20
29.442948524169953
 10
126.18082255121213
 20
29.67865078456544
 10
126.74324511166704
 20
30.803495905475266
 10
127.84825620730741
 20
29.698484809834945
 10
128.61075428735694
 20
29.698484809834945
 10
131.06794964771905
 20
31.664241098124602
 10
131.97039422191813
 20
30.761796523925632
 10
132.96140433250358
 20
26.797756081583636
 10
132.0908968944267
 20
25.927248643506818
 10
130.2052788112626
 20
25.927248643506818
 10
129.7195765508671
 20
25.441546383111245
 10
127.62926135452976
 20
25.740162839730797
  0
LWPOLYLINE
  5
C1
330
17
100
AcDbEntity
  8
ENG_L
100
AcDbPolyline
 90
5
 70
1
 10
129.87194547792924
 20
26.870057685088767
 10
130.51376651248412
 20
26.870057685088767
 10
130.5137665124843
 20
26.870057685088877
 10
129.87194547792924
 20
26.870057685088877
 10
129.87194547792924
 20
26.870057685088767
  0
LWPOLYLINE
  5
C2
330
17
100
AcDbEntity
  8
ENG_L
100
AcDbPolyline
 90
4
 70
1
 10
130.92105856140776
 20
27.114432914443043
 10
131.19685744765638
 20
27.279912246192197
 10
131.11411778178177
 20
27.30749213481698
 10
130.92105856140776
 20
27.114432914443043
  0
LWPOLYLINE
  5
C3
330
17
100
AcDbEntity
  8
ENG_L
100
AcDbPolyline
 90
5
 70
1
 10
131.52186130069785
 20
201.38736145070834
 10
132.0962714862805
 20
201.96177163629125
 10
132.5559874995162
 20
200.58262359658409
 10
131.52186130069785
 20
200.58262359658409
 10
131.52186130069785
 20
201.38736145070834
  0
LWPOLYLINE
  5
C4
330
17
100
AcDbEntity
  8
ENG_L
100
AcDbPolyline
 90
4
 70
1
 10
131.28615904030232
 20
201.4278015652281
 10
131.28615904030232
 20
203.03727727347697
 10
132.09089689442666
 20
202.23253941935272
 10
131.28615904030232
 20
201.4278015652281
  0
LWPOLYLINE
  5
C5
330
17
100
AcDbEntity
  8
ENG_L
100
AcDbPolyline
 90
7
 70
1
 10
130.16555945071454
 20
36.533850361304964
 10
129.11687407769747
 20
40.20424916686471
 10
131.10428461966902
 20
41.055996541995434
 10
132.04435676443603
 20
40.11592439722833
 10
131.52186130069785
 20
39.07093346975188
 10
131.52186130069785
 20
36.533850361304964
 10
130.16555945071454
 20
36.533850361304964
  0
LWPOLYLINE
  5
C6
330
17
100
AcDbEntity
  8
ENG_L
100
AcDbPolyline
 90
5
 70
1
 10
130.71026462701724
 20
212.188521549036
 10
131.5656645338735
 20
210.192588433038
 10
130.47604659432412
 20
209.1029704934888
 10
129.57380308092925
 20
211.80970103367335
 10
130.71026462701724
 20
212.188521549036
  0
LWPOLYLINE
  5
C7
330
17
100
AcDbEntity
  8
ENG_L
100
AcDbPolyline
 90
4
 70
1
 10
130.8147545195113
 20
203.98008631505903
 10
131.61949237363567
 20
203.17534846093477
 10
130.8147545195113
 20
202.3706106068105
 10
130.8147545195113
 20
203.98008631505903
  0
LWPOLYLINE
  5
C8
330
17
100
AcDbEntity
  8
ENG_L
100
AcDbPolyline
 90
4
 70
1
 10
130.8147545195113
 20
187.00952356658183
 10
131.61949237363567
 20
186.20478571245758
 10
130.8147545195113
 20
185.4000478583333
 10
130.8147545195113
 20
187.00952356658183
  0
LWPOLYLINE
  5
C9
330
17
100
AcDbEntity
  8
ENG_L
100
AcDbPolyline
 90
4
 70
1
 10
131.14808785284458
 20
76.3675323681472
 10
130.34334999872027
 20
75.56279451402258
 10
130.34334999872027
 20
77.17227022227146
 10
131.14808785284458
 20
76.3675323681472
  0
LWPOLYLINE
  5
CA
330
17
100
AcDbEntity
  8
ENG_L
100
AcDbPolyline
 90
5
 70
1
 10
130.59787951765563
 20
191.62593770155445
 10
128.78346442819753
 20
191.62593770155445
 10
128.1804822118041
 20
192.8319021343412
 10
130.29589624983393
 20
195.55172018323663
 10
130.59787951765563
 20
191.62593770155445
  0
LWPOLYLINE
  5
CB
330
17
100
AcDbEntity
  8
ENG_L
100
AcDbPolyline
 90
4
 70
1
 10
130.67668333205356
 20
187.6189992748307
 10
129.87194547792924
 20
186.81426142070612
 10
129.87194547792924
 20
188.423737128955
 10
130.67668333205356
 20
187.6189992748307
  0
LWPOLYLINE
  5
CC
330
17
100
AcDbEntity
  8
ENG_L
100
AcDbPolyline
 90
5
 70
1
 10
130.82143618069048
 20
195.95952780043234
 10
129.08736932315736
 20
195.6127144289258
 10
128.45105025437698
 20
196.24903349770617
 10
130.18511711191007
 20
196.59584686921272
 10
130.82143618069048
 20
195.95952780043234
  0
LWPOLYLINE
  5
CD
330
17
100
AcDbEntity
  8
ENG_L
100
AcDbPolyline
 90
10
 70
1
 10
127.6206671346713
 20
75.51197481540473
 10
126.77322422029478
 20
80.31415133020525
 10
128.69343417595167
 20
80.79420381911939
 10
128.69343417595167
 20
82.39816006549272
 10
128.18805958409783
 20
82.90353465734657
 10
128.63926431486533
 20
84.25714884964897
 10
130.1009779899467
 20
81.62606423450246
 10
130.61120951303226
 20
77.03398052673238
 10
128.80715255707597
 20
77.29170294901178
 10
127.6206671346713
 20
75.51197481540473
  0
LWPOLYLINE
  5
CE
330
17
100
AcDbEntity
  8
ENG_L
100
AcDbPolyline
 90
6
 70
1
 10
128.40692972056902
 20
79.62571617596737
 10
128.2421913545131
 20
78.80202434568761
 10
128.75709517782664
 20
78.28712052237408
 10
129.1648386967427
 20
78.42303502867954
 10
129.1648386967427
 20
79.47413438073258
 10
128.40692972056902
 20
79.62571617596737
  0
LWPOLYLINE
  5
CF
330
17
100
AcDbEntity
  8
ENG_L
100
AcDbPolyline
 90
4
 70
1
 10
129.40054095713822
 20
51.71642609955573
 10
130.20527881126256
 20
50.91168824543146
 10
129.40054095713822
 20
50.106950391307194
 10
129.40054095713822
 20
51.71642609955573
  0
LWPOLYLINE
  5
D0
330
17
100
AcDbEntity
  8
ENG_L
100
AcDbPolyline
 90
5
 70
1
 10
129.10117769486774
 20
188.05643372455893
 10
128.49279743822217
 20
188.6648139812045
 10
129.6999042194087
 20
189.06718290826663
 10
130.30828447605424
 20
188.45880265162108
 10
129.10117769486774
 20
188.05643372455893
  0
LWPOLYLINE
  5
D1
330
17
100
AcDbEntity
  8
ENG_L
100
AcDbPolyline
 90
5
 70
1
 10
126.7192119171183
 20
170.16800510829398
 10
126.04960689695017
 20
170.837610128462
 10
129.2534428724119
 20
171.12886794441306
 10
129.92304789258006
 20
170.45926292424508
 10
126.7192119171183
 20
170.16800510829398
  0
LWPOLYLINE
  5
D2
330
17
100
AcDbEntity
  8
ENG_L
100
AcDbPolyline
 90
5
 70
1
 10
129.25615585397898
 20
189.74031961839032
 10
128.2220296551606
 20
189.74031961839032
 10
128.2220296551606
 20
190.5450574725147
 10
128.79643984074335
 20
191.11946765809728
 10
129.25615585397898
 20
189.74031961839032
  0
LWPOLYLINE
  5
D3
330
17
100
AcDbEntity
  8
ENG_L
100
AcDbPolyline
 90
5
 70
1
 10
128.2220296551606
 20
193.98296030550966
 10
128.2220296551606
 20
194.78769815963392
 10
128.79643984074332
 20
195.3621083452165
 10
129.25615585397898
 20
193.98296030550966
 10
128.2220296551606
 20
193.98296030550966
  0
LWPOLYLINE
  5
D4
330
17
100
AcDbEntity
  8
ENG_L
100
AcDbPolyline
 90
7
 70
1
 10
128.69343417595164
 20
156.31307126967087
 10
127.43848516450291
 20
156.06208146738098
 10
126.572113832392
 20
154.32933880315923
 10
126.572113832392
 20
160.56888108525013
 10
127.43848516450291
 20
158.8361384210283
 10
128.69343417595164
 20
158.58514861873851
 10
128.69343417595164
 20
156.31307126967087
  0
LWPOLYLINE
  5
D5
330
17
100
AcDbEntity
  8
ENG_L
100
AcDbPolyline
 90
6
 70
1
 10
127.38877885237143
 20
201.52543263816614
 10
126.23887954611871
 20
203.25028159754532
 10
127.78716239996885
 20
204.17925130985526
 10
128.69343417595164
 20
203.2729795338726
 10
128.69343417595164
 20
201.52543263816614
 10
127.38877885237143
 20
201.52543263816614
  0
LWPOLYLINE
  5
D6
330
17
100
AcDbEntity
  8
ENG_L
100
AcDbPolyline
 90
4
 70
1
 10
128.31966072809843
 20
25.45584412271573
 10
127.51492287397406
 20
24.651106268591462
 10
127.51492287397406
 20
26.26058197684
 10
128.31966072809843
 20
25.45584412271573
  0
LWPOLYLINE
  5
D7
330
17
100
AcDbEntity
  8
ENG_L
100
AcDbPolyline
 90
5
 70
1
 10
127.21555961170358
 20
173.98223824295357
 10
128.4226663928901
 20
173.57986931589141
 10
127.3428816154535
 20
172.5000845384548
 10
126.13577483426702
 20
172.90245346551703
 10
127.21555961170358
 20
173.98223824295357
  0
LWPOLYLINE
  5
D8
330
17
100
AcDbEntity
  8
ENG_L
100
AcDbPolyline
 90
5
 70
1
 10
127.84194229160586
 20
39.36227748605114
 10
126.80781609278752
 20
39.36227748605114
 10
126.80781609278752
 20
40.167015340175524
 10
127.38222627837023
 20
40.7414255257581
 10
127.84194229160586
 20
39.36227748605114
  0
LWPOLYLINE
  5
D9
330
17
100
AcDbEntity
  8
ENG_L
100
AcDbPolyline
 90
18
 70
1
 10
122.75386175769697
 20
16.25914304352216
 10
121.62236636408618
 20
16.824890740327668
 10
121.62236636408618
 20
18.440418066754006
 10
122.56517540566824
 20
20.326036149918124
 10
122.56517540566824
 20
22.253643550116276
 10
123.05005996463257
 20
22.73852810908061
 10
123.53926322103565
 20
26.162950903902193
 10
124.41951471504701
 20
26.162950903902193
 10
124.65521697544253
 20
24.513035081133673
 10
126.66214408463789
 20
24.513035081133673
 10
127.45665212304228
 20
26.10205115794251
 10
127.75721757840603
 20
21.59356932748613
 10
127.27922061357854
 20
21.115572362658597
 10
127.27922061357854
 20
18.95381190457912
 10
127.80171607731674
 20
18.43131644084084
 10
127.22364161626892
 20
17.27516751874525
 10
125.93856245166197
 20
16.504120019981027
 10
122.75386175769697
 20
16.25914304352216
  0
LWPOLYLINE
  5
DA
330
17
100
AcDbEntity
  8
ENG_L
100
AcDbPolyline
 90
5
 70
1
 10
124.41682341776958
 20
20.80545991668048
 10
124.34778782404072
 20
21.012566697866998
 10
124.01335903910413
 20
20.67813791293038
 10
124.08239463283297
 20
20.471031131743867
 10
124.41682341776958
 20
20.80545991668048
  0
LWPOLYLINE
  5
DB
330
17
100
AcDbEntity
  8
ENG_L
100
AcDbPolyline
 90
5
 70
1
 10
125.86500705120545
 20
69.53216681667718
 10
125.86500705120545
 20
70.88056269602305
 10
126.98657829797277
 20
71.25441977827873
 10
127.33102889029304
 20
69.53216681667718
 10
125.86500705120545
 20
69.53216681667718
  0
LWPOLYLINE
  5
DC
330
17
100
AcDbEntity
  8
ENG_L
100
AcDbPolyline
 90
4
 70
1
 10
126.10070931160097
 20
78.11507926385353
 10
126.90544716572532
 20
77.31034140972926
 10
126.10070931160097
 20
76.50560355560498
 10
126.10070931160097
 20
78.11507926385353
  0
LWPOLYLINE
  5
DD
330
17
100
AcDbEntity
  8
ENG_L
100
AcDbPolyline
 90
4
 70
1
 10
125.62930479080994
 20
69.6297978896152
 10
126.43404264493427
 20
68.82506003549061
 10
125.62930479080994
 20
68.02032218136634
 10
125.62930479080994
 20
69.6297978896152
  0
LWPOLYLINE
  5
DE
330
17
100
AcDbEntity
  8
ENG_L
100
AcDbPolyline
 90
13
 70
1
 10
121.62236636408618
 20
45.62860744379227
 10
121.62236636408618
 20
46.766678631249945
 10
123.08337599419336
 20
48.22768826135704
 10
123.97938896804133
 20
46.73433330494381
 10
123.97938896804133
 20
45.823869589667886
 10
124.5669975492104
 20
45.23626100849876
 10
125.82179300943535
 20
44.98530191645389
 10
126.46738549518393
 20
42.402931973459566
 10
124.85691226299171
 20
43.36921591277498
 10
122.93894885352145
 20
43.36921591277498
 10
121.99613981193941
 20
44.31202495435704
 10
122.46754433273045
 20
44.78342947514802
 10
121.62236636408618
 20
45.62860744379227
  0
LWPOLYLINE
  5
DF
330
17
100
AcDbEntity
  8
ENG_L
100
AcDbPolyline
 90
7
 70
1
 10
122.58533710502071
 20
69.21899518269636
 10
121.68602736596115
 20
68.31968544363676
 10
120.02181380358813
 20
68.87442329776117
 10
119.70277820985926
 20
69.83153007894771
 10
120.58192624956628
 20
70.71067811865473
 10
122.28700051782904
 20
70.71067811865473
 10
122.58533710502071
 20
69.21899518269636
  0
LWPOLYLINE
  5
E0
330
17
100
AcDbEntity
  8
ENG_L
100
AcDbPolyline
 90
7
 70
1
 10
122.56517540566823
 20
54.91862667215519
 10
121.62236636408618
 20
54.91862667215519
 10
121.62236636408618
 20
56.47091142198602
 10
120.64558725144133
 20
57.44769053463084
 10
121.02027231992697
 20
58.571745740087835
 10
122.56517540566823
 20
57.64480388864301
 10
122.56517540566823
 20
54.91862667215519
  0
LWPOLYLINE
  5
E1
330
17
100
AcDbEntity
  8
ENG_L
100
AcDbPolyline
 90
6
 70
1
 10
122.57142051095505
 20
48.51151409614618
 10
122.03627733169908
 20
47.441227737634264
 10
119.56894927032275
 20
46.07048992575857
 10
119.24760161558098
 20
47.6772281994674
 10
122.26755889688009
 20
51.246268622821
 10
122.57142051095505
 20
48.51151409614618
  0
LWPOLYLINE
  5
E2
330
17
100
AcDbEntity
  8
ENG_L
100
AcDbPolyline
 90
12
 70
1
 10
120.67955732250411
 20
160.82447592720794
 10
122.31134246855879
 20
163.10897513168453
 10
122.56957131849956
 20
153.03804998399428
 10
120.37530936922992
 20
152.30662933423778
 10
119.64034768828492
 20
150.83670597234766
 10
119.24518206077855
 20
152.81253410987972
 10
119.68565733797487
 20
153.253009387076
 10
119.21425281718386
 20
154.19581842865804
 10
119.73674828092206
 20
154.7183138923963
 10
119.73674828092206
 20
157.52047484641074
 10
120.67955732250411
 20
158.9346884087839
 10
120.67955732250411
 20
160.82447592720794
  0
LWPOLYLINE
  5
E3
330
17
100
AcDbEntity
  8
ENG_L
100
AcDbPolyline
 90
21
 70
1
 10
117.94876127069577
 20
23.098821518760637
 10
117.47735674990474
 20
22.62741699796955
 10
115.59173866674058
 20
22.62741699796955
 10
115.10603640634507
 20
22.14171473757409
 10
113.05987094959923
 20
22.434024088537786
 10
113.42813740082828
 20
23.53882344222491
 10
115.84930805421577
 20
24.023057572902353
 10
116.33928556244703
 20
24.513035081133673
 10
115.39647652086498
 20
25.45584412271573
 10
116.43691663538483
 20
26.4962842372356
 10
116.43691663538483
 20
27.412827108086013
 10
117.37972567696688
 20
28.82704067045916
 10
117.37972567696688
 20
30.321661143940748
 10
120.3299093294034
 20
31.66265371323007
 10
121.19476507647079
 20
29.6446569700729
 10
120.67955732250411
 20
29.129449216106163
 10
120.67955732250411
 20
27.439093278817662
 10
121.15096184329515
 20
26.967688758026576
 10
121.15096184329515
 20
23.88620939541053
 10
119.31372346444526
 20
23.098821518760637
 10
117.94876127069577
 20
23.098821518760637
  0
LWPOLYLINE
  5
E4
330
17
100
AcDbEntity
  8
ENG_L
100
AcDbPolyline
 90
4
 70
1
 10
119.12727257267325
 20
24.748737341529157
 10
119.40341494758877
 20
24.748737341529157
 10
119.265343760131
 20
24.886808528986947
 10
119.12727257267325
 20
24.748737341529157
  0
LWPOLYLINE
  5
E5
330
17
100
AcDbEntity
  8
ENG_L
100
AcDbPolyline
 90
5
 70
1
 10
120.9219412440788
 20
74.33716143634628
 10
119.18787438654564
 20
73.99034806483951
 10
118.55155531776539
 20
74.62666713361999
 10
120.28562217529841
 20
74.97348050512653
 10
120.9219412440788
 20
74.33716143634628
  0
LWPOLYLINE
  5
E6
330
17
100
AcDbEntity
  8
ENG_L
100
AcDbPolyline
 90
15
 70
1
 10
117.85113019775793
 20
200.86670556129394
 10
118.95534118546132
 20
203.44319786593513
 10
119.26110833692363
 20
199.46822489692494
 10
119.8094767840147
 20
198.37148800274284
 10
117.37972567696688
 20
196.91363733851418
 10
117.37972567696688
 20
195.53524505534037
 10
117.00595222911367
 20
195.16147160748721
 10
117.37972567696688
 20
194.78769815963392
 10
117.37972567696688
 20
192.5687467431365
 10
115.96551211459379
 20
192.5687467431365
 10
115.96551211459379
 20
194.12103149296735
 10
115.49410759380277
 20
194.59243601375832
 10
115.49410759380277
 20
198.149476931604
 10
117.85113019775793
 20
199.09228597318608
 10
117.85113019775793
 20
200.86670556129394
  0
LWPOLYLINE
  5
E7
330
17
100
AcDbEntity
  8
ENG_L
100
AcDbPolyline
 90
11
 70
1
 10
119.73674828092206
 20
83.08247381773992
 10
119.73674828092206
 20
81.45535102391067
 10
117.77162470418675
 20
79.49022744717549
 10
116.94525968264347
 20
81.41841249744309
 10
115.90185111271882
 20
82.46182106736777
 10
114.48763755034571
 20
81.99041654657668
 10
113.58832781128615
 20
82.88972628563629
 10
113.8713768565836
 20
84.30497151212346
 10
114.96706131710809
 20
84.85281374238573
 10
117.46059694923454
 20
84.85281374238573
 10
119.73674828092206
 20
83.08247381773992
  0
LWPOLYLINE
  5
E8
330
17
100
AcDbEntity
  8
ENG_L
100
AcDbPolyline
 90
4
 70
1
 10
119.0296414997355
 20
32.388840747123446
 10
119.83437935385984
 20
31.584102892999177
 10
119.0296414997355
 20
30.779365038874573
 10
119.0296414997355
 20
32.388840747123446
  0
LWPOLYLINE
  5
E9
330
17
100
AcDbEntity
  8
ENG_L
100
AcDbPolyline
 90
4
 70
1
 10
118.55823697894448
 20
99.32828269944993
 10
119.93738501865153
 20
97.94913465974308
 10
118.55823697894448
 20
97.48941864650718
 10
118.55823697894448
 20
99.32828269944993
  0
LWPOLYLINE
  5
EA
330
17
100
AcDbEntity
  8
ENG_L
100
AcDbPolyline
 90
5
 70
1
 10
118.79393923933998
 20
43.93825150650377
 10
119.29931383119381
 20
43.43287691465003
 10
118.94301043783996
 20
42.36396673458842
 10
117.65049346002843
 20
42.794805727192184
 10
118.79393923933998
 20
43.93825150650377
  0
LWPOLYLINE
  5
EB
330
17
100
AcDbEntity
  8
ENG_L
100
AcDbPolyline
 90
10
 70
1
 10
118.25887371667399
 20
73.1016707936728
 10
119.26534376013102
 20
72.76618077918717
 10
119.26534376013102
 20
71.55585608729898
 10
118.40909724396778
 20
70.69960957113585
 10
115.88540799362109
 20
70.98001948784105
 10
116.28784543688487
 20
72.18733181763237
 10
117.78746919588293
 20
71.68745723129966
 10
118.22490364561115
 20
72.12489168102788
 10
117.75349912482011
 20
72.59629620181896
 10
118.25887371667399
 20
73.1016707936728
  0
LWPOLYLINE
  5
EC
330
17
100
AcDbEntity
  8
ENG_L
100
AcDbPolyline
 90
8
 70
1
 10
112.66568046905658
 20
172.12793583535824
 10
113.48583421228207
 20
173.49485874073423
 10
119.31023160934718
 20
172.73515473242128
 10
118.9765857338548
 20
171.0669253549595
 10
116.99788874626731
 20
171.56159960185636
 10
115.08233791180405
 20
169.16716105877728
 10
112.66568046905658
 20
170.50974852697033
 10
112.66568046905658
 20
172.12793583535824
  0
LWPOLYLINE
  5
ED
330
17
100
AcDbEntity
  8
ENG_L
100
AcDbPolyline
 90
4
 70
1
 10
118.08683245815344
 20
152.1255890280455
 10
118.89157031227778
 20
151.32085117392126
 10
118.08683245815344
 20
150.51611331979663
 10
118.08683245815344
 20
152.1255890280455
  0
LWPOLYLINE
  5
EE
330
17
100
AcDbEntity
  8
ENG_L
100
AcDbPolyline
 90
4
 70
1
 10
117.14402341657137
 20
29.836555997292514
 10
117.14402341657137
 20
31.446031705541387
 10
117.94876127069571
 20
30.641293851417117
 10
117.14402341657137
 20
29.836555997292514
  0
LWPOLYLINE
  5
EF
330
17
100
AcDbEntity
  8
ENG_L
100
AcDbPolyline
 90
4
 70
1
 10
117.00595222911367
 20
164.99158227686118
 10
116.20121437498932
 20
164.1868444227369
 10
116.20121437498932
 20
165.79632013098544
 10
117.00595222911367
 20
164.99158227686118
  0
LWPOLYLINE
  5
F0
330
17
100
AcDbEntity
  8
ENG_L
100
AcDbPolyline
 90
4
 70
1
 10
116.20121437498932
 20
190.58549758703435
 10
116.20121437498932
 20
192.19497329528323
 10
117.00595222911366
 20
191.39023544115895
 10
116.20121437498932
 20
190.58549758703435
  0
LWPOLYLINE
  5
F1
330
17
100
AcDbEntity
  8
ENG_L
100
AcDbPolyline
 90
4
 70
1
 10
115.72980985419828
 20
189.17128402466153
 10
115.72980985419828
 20
190.7807597329104
 10
116.53454770832262
 20
189.97602187878582
 10
115.72980985419828
 20
189.17128402466153
  0
LWPOLYLINE
  5
F2
330
17
100
AcDbEntity
  8
ENG_L
100
AcDbPolyline
 90
6
 70
1
 10
115.00286904774227
 20
187.3031837748239
 10
116.7282606516838
 20
186.44048797285308
 10
114.05225440224669
 20
186.44048797285308
 10
114.4449228437301
 20
189.97450394620387
 10
114.62085926101608
 20
189.9772522819073
 10
115.00286904774227
 20
187.3031837748239
  0
LWPOLYLINE
  5
F3
330
17
100
AcDbEntity
  8
ENG_L
100
AcDbPolyline
 90
7
 70
1
 10
109.83725334431038
 20
162.23868948958108
 10
111.2686208236197
 20
164.24260396061408
 10
112.19427594826554
 20
162.69984541953764
 10
112.19427594826554
 20
160.65131051680405
 10
111.28800417228275
 20
159.74503874082126
 10
109.83725334431038
 20
160.61548923760472
 10
109.83725334431038
 20
162.23868948958108
  0
LWPOLYLINE
  5
F4
330
17
100
AcDbEntity
  8
ENG_L
100
AcDbPolyline
 90
14
 70
1
 10
111.76877162399612
 20
80.76475756712742
 10
110.79831350888001
 20
76.88292510666295
 10
111.72287142747452
 20
75.4960882287713
 10
111.72287142747452
 20
73.49072553908664
 10
110.91591525268927
 20
71.60782779792119
 10
107.99215071118934
 20
72.40521812742118
 10
107.04215642925682
 20
76.20519525515124
 10
106.03528788137727
 20
76.70862952909097
 10
106.55351527428579
 20
79.29976649363357
 10
109.13014656312383
 20
82.44898251332455
 10
109.13014656312383
 20
80.13876853447543
 10
109.73962227137255
 20
80.13876853447543
 10
110.71640138401749
 20
81.11554764712037
 10
111.76877162399612
 20
80.76475756712742
  0
LWPOLYLINE
  5
F5
330
17
100
AcDbEntity
  8
ENG_L
100
AcDbPolyline
 90
19
 70
1
 10
105.59461265719109
 20
95.76040346721115
 10
106.38895390632318
 20
97.08430554909798
 10
108.99387931292068
 20
97.60529063041746
 10
110.45304296826059
 20
95.65973908996428
 10
111.25146690668349
 20
95.39359777715661
 10
111.25146690668349
 20
91.07870358560699
 10
111.7983850673615
 20
90.5317854249289
 10
110.30865786510141
 20
88.54548248858218
 10
110.30865786510141
 20
87.61595512050025
 10
109.44669403186481
 20
86.17934873177258
 10
107.99130323648951
 20
87.05258320899777
 10
107.78175068377813
 20
87.68124086713192
 10
107.106457292502
 20
87.68124086713192
 10
107.57786181329303
 20
87.20983634634094
 10
107.00882621956418
 20
86.64080075261205
 10
107.00882621956418
 20
85.5599205235723
 10
106.15604743022801
 20
85.5599205235723
 10
105.59461265719109
 20
86.68279006964607
 10
105.59461265719109
 20
95.76040346721115
  0
LWPOLYLINE
  5
F6
330
17
100
AcDbEntity
  8
ENG_L
100
AcDbPolyline
 90
5
 70
1
 10
107.64576229692312
 20
93.0051809777529
 10
108.27861264126543
 20
93.38489118435834
 10
107.88797425927127
 20
93.77552956635249
 10
107.51646018420746
 20
93.65169154133125
 10
107.64576229692312
 20
93.0051809777529
  0
LWPOLYLINE
  5
F7
330
17
100
AcDbEntity
  8
ENG_L
100
AcDbPolyline
 90
7
 70
1
 10
109.83725334431038
 20
158.96095457951554
 10
110.78006238589244
 20
158.01814553793346
 10
110.78006238589244
 20
156.8800743504758
 10
109.83725334431038
 20
155.93726530889373
 10
108.89444430272832
 20
156.8800743504758
 10
108.89444430272832
 20
158.01814553793346
 10
109.83725334431038
 20
158.96095457951554
  0
LWPOLYLINE
  5
F8
330
17
100
AcDbEntity
  8
ENG_L
100
AcDbPolyline
 90
5
 70
1
 10
110.3362974942844
 20
152.9707669966899
 10
108.89444430272832
 20
152.9707669966899
 10
108.89444430272832
 20
155.2619719176177
 10
110.03931649591513
 20
155.64359598201327
 10
110.3362974942844
 20
152.9707669966899
  0
LWPOLYLINE
  5
F9
330
17
100
AcDbEntity
  8
ENG_L
100
AcDbPolyline
 90
13
 70
1
 10
105.02655399356925
 20
180.6855979927231
 10
106.12967817985712
 20
181.05330605481907
 10
106.635052771711
 20
180.5479314629651
 10
108.27736777378765
 20
180.5479314629651
 10
108.82987332160783
 20
181.65294255860564
 10
109.83725334431038
 20
180.64556253590303
 10
109.83725334431038
 20
178.2465506149138
 10
110.37384568086183
 20
177.17336594181089
 10
108.43428668970664
 20
175.78796666241425
 10
107.0088262195642
 20
176.64324294449983
 10
107.0088262195642
 20
178.04523685086048
 10
106.126037346146
 20
178.4866312875696
 10
105.02655399356925
 20
180.6855979927231
  0
LWPOLYLINE
  5
FA
330
17
100
AcDbEntity
  8
ENG_L
100
AcDbPolyline
 90
29
 70
1
 10
105.77467316168291
 20
203.64675298172563
 10
106.84662416550599
 20
204.18272848363728
 10
106.42121763839515
 20
204.60813501074816
 10
105.19964584587123
 20
204.85244936925284
 10
104.63302542216563
 20
205.985690216664
 10
104.95332355903193
 20
206.946584627263
 10
106.12544186148142
 20
206.946584627263
 10
109.40326234744813
 20
205.18160436558864
 10
108.91977377216097
 20
203.2476500644399
 10
109.83725334431038
 20
202.3301704922905
 10
109.83725334431038
 20
196.47805409692253
 10
109.36584882351936
 20
196.00664957613145
 10
109.36584882351936
 20
195.259102680425
 10
109.83725334431038
 20
194.78769815963392
 10
109.83725334431038
 20
189.74031961839032
 10
108.89444430272832
 20
189.74031961839032
 10
108.89444430272832
 20
194.12103149296735
 10
108.42303978193729
 20
194.59243601375832
 10
108.42303978193729
 20
196.67331624279817
 10
108.89444430272832
 20
197.14472076358913
 10
108.89444430272832
 20
198.3899383508183
 10
107.9370654110873
 20
199.82600668827976
 10
108.4028780825848
 20
202.1550700457674
 10
108.39300709905706
 20
202.16494102929516
 10
107.05833634668187
 20
201.27516052771165
 10
105.11046745561775
 20
201.66473430592447
 10
106.59744186693705
 20
202.40822151158423
 10
106.92830071394285
 20
203.0699392055958
 10
105.77467316168291
 20
203.64675298172563
  0
LWPOLYLINE
  5
FB
330
17
100
AcDbEntity
  8
ENG_L
100
AcDbPolyline
 90
5
 70
1
 10
109.03919715136522
 20
151.56323509549586
 10
109.41765710023387
 20
149.67093535115262
 10
108.42303978193729
 20
149.67093535115262
 10
108.42303978193729
 20
150.94707772606796
 10
109.03919715136522
 20
151.56323509549586
  0
LWPOLYLINE
  5
FC
330
17
100
AcDbEntity
  8
ENG_L
100
AcDbPolyline
 90
5
 70
1
 10
108.05065843102318
 20
183.94751597833238
 10
108.80443215634342
 20
189.97770578089435
 10
109.02416463541726
 20
189.97400347586535
 10
109.37184704253907
 20
186.1494969975255
 10
108.05065843102318
 20
183.94751597833238
  0
LWPOLYLINE
  5
FD
330
17
100
AcDbEntity
  8
ENG_L
100
AcDbPolyline
 90
9
 70
1
 10
107.58323640514688
 20
168.5621817054599
 10
106.96228608957352
 20
169.1831320210333
 10
106.10916872331205
 20
168.7565733379025
 10
103.51940034442323
 20
169.04432538000137
 10
105.048474260783
 20
171.185028862905
 10
106.01947704799153
 20
170.69952746930073
 10
107.08833171313535
 20
171.76838213444455
 10
107.96787818282645
 20
169.7161070384987
 10
107.58323640514688
 20
168.5621817054599
  0
LWPOLYLINE
  5
FE
330
17
100
AcDbEntity
  8
ENG_L
100
AcDbPolyline
 90
5
 70
1
 10
107.04279629062698
 20
185.32563767275056
 10
106.6404273635648
 20
184.11853089156395
 10
105.56064258612831
 20
185.19831566900046
 10
105.96301151319048
 20
186.4054224501871
 10
107.04279629062698
 20
185.32563767275056
  0
LWPOLYLINE
  5
FF
330
17
100
AcDbEntity
  8
ENG_L
100
AcDbPolyline
 90
30
 70
1
 10
103.31252318984647
 20
243.3422647540504
 10
104.2624404240613
 20
241.7590693636922
 10
102.76618553244491
 20
240.76156610261455
 10
102.76618553244491
 20
239.84727000969764
 10
101.92100756380057
 20
239.00209204105317
 10
100.94585319591228
 20
239.00209204105317
 10
100.11828861704534
 20
238.50555329373302
 10
101.9288106569395
 20
237.09736948492633
 10
103.80957709939176
 20
236.6271778743132
 10
105.59461265719109
 20
235.35215247588525
 10
105.59461265719109
 20
233.39062989939396
 10
106.65369905909111
 20
230.74291389464398
 10
97.51252075699884
 20
230.9899727676734
 10
96.19154797522502
 20
231.78255643673774
 10
95.96621383717802
 20
232.9092271269726
 10
94.59666483478674
 20
233.18313692745107
 10
95.6707590286862
 20
234.79427821830035
 10
95.5921120557878
 20
235.0302191369955
 10
95.32134427272608
 20
234.7594513539337
 10
93.43572618956198
 20
234.7594513539337
 10
92.91323072582385
 20
234.23695589019556
 10
90.81427276214612
 20
235.28643487203448
 10
89.93292608147704
 20
236.75534600648308
 10
91.76663180573331
 20
237.54121988830735
 10
92.70529544138122
 20
238.94921534177894
 10
96.58228500625786
 20
240.88771012421728
 10
97.50937090153742
 20
240.88771012421728
 10
98.90629860166422
 20
241.8189952576353
 10
101.73472572641042
 20
242.29039977842626
 10
103.31252318984647
 20
243.3422647540504
  0
LWPOLYLINE
  5
100
330
17
100
AcDbEntity
  8
ENG_L
100
AcDbPolyline
 90
6
 70
1
 10
97.66729832916243
 20
237.10540541037028
 10
97.20696235589034
 20
236.64506943709807
 10
97.67836687668128
 20
236.1736649163071
 10
98.4259137723879
 20
236.1736649163071
 10
99.1886186727221
 20
236.93636981664133
 10
97.66729832916243
 20
237.10540541037028
  0
LWPOLYLINE
  5
101
330
17
100
AcDbEntity
  8
ENG_L
100
AcDbPolyline
 90
5
 70
1
 10
106.09998724904491
 20
191.32657443928392
 10
105.12320813640007
 20
190.34979532663908
 10
104.03597195414615
 20
191.43703150889303
 10
105.72530218055927
 20
192.4506296447409
 10
106.09998724904491
 20
191.32657443928392
  0
LWPOLYLINE
  5
102
330
17
100
AcDbEntity
  8
ENG_L
100
AcDbPolyline
 90
27
 70
1
 10
93.16821053925614
 20
187.14759475403963
 10
94.21561841157465
 20
187.14759475403963
 10
95.17601832105214
 20
187.7238346997262
 10
95.03737420166344
 20
188.13976705789227
 10
94.08026742047683
 20
188.45880265162108
 10
95.12608212685059
 20
189.50461735799473
 10
96.73555783509931
 20
189.50461735799473
 10
97.66163282119494
 20
188.5785423718992
 10
100.51175200916919
 20
189.05356223656156
 10
101.94122762106062
 20
187.14759475403963
 10
102.64833440224713
 20
187.14759475403963
 10
104.11938354708455
 20
189.10899361382283
 10
105.59461265719109
 20
188.22385614775882
 10
105.59461265719109
 20
185.19669092424385
 10
104.24149290215657
 20
182.94149133251958
 10
104.65180361560904
 20
182.53118061906716
 10
104.65180361560904
 20
180.4503003900274
 10
103.80662564696478
 20
179.60512242138316
 10
104.65180361560904
 20
178.7599444527389
 10
104.65180361560904
 20
177.48380207782355
 10
103.81124448228526
 20
177.48380207782355
 10
101.6595848927337
 20
181.06990139374278
 10
97.44501541298305
 20
182.9430433847431
 10
96.54029568922368
 20
183.84776310850248
 10
95.61098064546572
 20
183.84776310850248
 10
92.82741965485083
 20
186.12522210082372
 10
93.16821053925614
 20
187.14759475403963
  0
LWPOLYLINE
  5
103
330
17
100
AcDbEntity
  8
ENG_L
100
AcDbPolyline
 90
4
 70
1
 10
104.27803016775582
 20
168.76281844318942
 10
103.47329231363146
 20
167.95808058906513
 10
103.47329231363146
 20
169.56755629731367
 10
104.27803016775582
 20
168.76281844318942
  0
LWPOLYLINE
  5
104
330
17
100
AcDbEntity
  8
ENG_L
100
AcDbPolyline
 90
218
 70
1
 10
78.72455497210228
 20
180.40632600927165
 10
78.72455497210228
 20
179.0623529983859
 10
77.78174593052023
 20
177.64813943601288
 10
77.78174593052023
 20
176.7210535407333
 10
76.79694757190408
 20
174.75145682350103
 10
75.40615033912489
 20
173.36065959072178
 10
74.93474581833385
 20
171.00363698676668
 10
74.50724375441565
 20
170.5761349228484
 10
74.93044720620325
 20
168.88332111569804
 10
75.5643437165369
 20
168.24942460536428
 10
76.42317412405099
 20
167.82000940160736
 10
78.61286059057372
 20
167.82000940160736
 10
80.59290009482683
 20
170.2400576845833
 10
80.1186068351229
 20
172.61152398310298
 10
80.61017305526643
 20
173.10309020324655
 10
80.61017305526643
 20
174.0458992448286
 10
81.97329567469235
 20
175.40902186425444
 10
81.53420390340507
 20
176.28720540682897
 10
81.83804761951455
 20
177.1987365551575
 10
83.50226118188756
 20
177.75347440928192
 10
84.41537929265746
 20
176.84035629851203
 10
84.00132185803992
 20
175.5981839946593
 10
84.91899337604094
 20
175.5981839946593
 10
84.41329377091893
 20
173.5753855741713
 10
85.871157121434
 20
172.53405460951765
 10
87.11220527340303
 20
172.53405460951765
 10
87.6812408671319
 20
173.10309020324655
 10
87.6812408671319
 20
174.0458992448286
 10
88.59007983765117
 20
174.9547382153479
 10
88.52104424392232
 20
175.16184499653443
 10
87.68124086713188
 20
174.32204161974386
 10
87.25182566337494
 20
174.75145682350092
 10
86.68734088260265
 20
175.88042638504552
 10
87.53355553736114
 20
176.72664103980395
 10
91.38487851462209
 20
179.13371790059207
 10
93.90713071035313
 20
179.13371790059207
 10
94.86851273937536
 20
178.17233587156977
 10
96.20817007908757
 20
177.90440440362744
 10
95.8935379061505
 20
176.33124353894203
 10
94.32519133233164
 20
176.10719402839646
 10
94.73373569155719
 20
174.06447223226874
 10
96.28892816852463
 20
172.5092797553013
 10
99.72490980563079
 20
171.57219385427237
 10
95.81398501617755
 20
170.66967274901378
 10
95.3213442727262
 20
170.17703200556255
 10
94.00272927036714
 20
170.17703200556255
 10
93.83659634738214
 20
169.34636739063757
 10
96.23515890157253
 20
167.82000940160736
 10
100.82492569337694
 20
167.82000940160736
 10
101.86991662085345
 20
168.34250486534552
 10
102.76618553244491
 20
167.44623595375418
 10
102.76618553244491
 20
164.45489200943842
 10
101.41306577741037
 20
162.19969241771426
 10
102.39241208459167
 20
161.22034611053294
 10
101.35197197007182
 20
160.17990599601305
 10
101.35197197007182
 20
159.4323591003065
 10
101.92100756380066
 20
158.86332350657773
 10
101.35197197007182
 20
158.29428791284894
 10
101.35197197007182
 20
157.50475170010836
 10
101.87446743381003
 20
156.45976077263202
 10
100.8805674492808
 20
155.46586078810276
 10
99.93775840769872
 20
156.4086698296848
 10
99.46635388690768
 20
155.93726530889373
 10
99.46635388690768
 20
155.1897184131873
 10
100.0099106620337
 20
154.64616163806133
 10
98.68684958738234
 20
152.79387613354945
 10
97.555710069889
 20
152.11519242305337
 10
97.30963968714498
 20
150.88484050933326
 10
96.16652224137047
 20
150.6562170201784
 10
96.16652224137047
 20
149.3376020178193
 10
95.34836026978286
 20
148.51944004623175
 10
90.65461082613504
 20
147.11131521313726
 10
89.56685895029602
 20
145.58846258696278
 10
89.56685895029602
 20
144.6235568099089
 10
87.34945673631266
 20
142.40615459592553
 10
86.28511267377567
 20
141.8739825646571
 10
85.39276395605542
 20
142.1714321372306
 10
84.8528137423857
 20
143.2513325645699
 10
84.8528137423857
 20
145.29022347657562
 10
85.32421826317673
 20
145.7616279973667
 10
85.32421826317673
 20
146.4611339578613
 10
84.39887558374782
 20
146.92380529757565
 10
83.89752632692155
 20
150.9345993521859
 10
84.74170263127458
 20
151.77877565653895
 10
86.2670273047588
 20
151.99667918132232
 10
86.2670273047588
 20
153.352141265235
 10
87.20983634634086
 20
153.82354578602596
 10
87.20983634634086
 20
154.7183138923963
 10
87.6812408671319
 20
155.1897184131873
 10
87.6812408671319
 20
156.4086698296848
 10
87.14517667234205
 20
156.94473402447463
 10
89.05435175436993
 20
159.94486629623273
 10
89.56685895029602
 20
159.4323591003065
 10
90.03826347108705
 20
159.9037636210976
 10
90.03826347108705
 20
160.65131051680405
 10
88.97495175699643
 20
161.7146222308946
 10
87.0642667752628
 20
162.19229347632813
 10
86.11986567725057
 20
163.60889512334643
 10
83.41777752419877
 20
164.34582825599685
 10
83.65939981733342
 20
166.5204288942088
 10
83.6464736519793
 20
166.42994573673
 10
79.62578546736165
 20
165.9273597136528
 10
78.77109510209297
 20
166.35470489628713
 10
78.35078152424911
 20
165.93439131844323
 10
77.39753335066791
 20
165.93439131844323
 10
74.02833308625482
 20
163.04650537751775
 10
72.62632888469913
 20
163.98117484522157
 10
71.6455028750826
 20
163.000348835605
 10
71.17671343198866
 20
157.37487551847772
 10
70.4060733483867
 20
156.0904753791411
 10
69.35210631218551
 20
155.56349186104057
 10
66.84584634261068
 20
155.56349186104057
 10
58.45416057808793
 20
163.4756527247334
 10
58.45416057808793
 20
164.18222558741624
 10
59.9049114060603
 20
165.0526760841997
 10
60.4374097341899
 20
164.5201777560701
 10
66.56566850447332
 20
164.5201777560701
 10
67.02804612799576
 20
164.05780013254756
 10
69.28545780533558
 20
164.26301937594224
 10
68.8201305140051
 20
173.56956520255196
 10
70.11877092535516
 20
174.86820561390203
 10
72.01650145352336
 20
175.3426382459441
 10
74.481914284983
 20
177.35979419895654
 10
74.481914284983
 20
178.5646823068633
 10
74.01050976419198
 20
179.03608682765426
 10
74.01050976419198
 20
182.8073229939825
 10
73.53910524340094
 20
183.27872751477358
 10
73.53910524340094
 20
187.52136820189293
 10
73.06770072260991
 20
187.9927727226839
 10
73.06770072260991
 20
192.90208007646982
 10
73.53910524340094
 20
193.3734845972609
 10
73.53910524340094
 20
197.1027314465551
 10
74.06608876150159
 20
198.1566984827563
 10
75.46126059216435
 20
198.99380158115397
 10
75.99375892029394
 20
198.46130325302437
 10
77.87937700345805
 20
198.46130325302437
 10
78.36263249295432
 20
197.9780477635281
 10
82.13386865928257
 20
197.50664324273703
 10
82.59342221136835
 20
197.04708969065132
 10
85.3798600190804
 20
197.04708969065132
 10
86.22048717476811
 20
196.62677611280742
 10
86.73843182554982
 20
197.14472076358913
 10
87.0431696796742
 20
196.8399829094648
 10
87.19946978797564
 20
197.93408366757504
 10
86.2769571335421
 20
199.3178526492253
 10
85.80555261275107
 20
202.61768429476257
 10
84.76580532151054
 20
204.17730523162336
 10
86.67052853949049
 20
205.53782181589474
 10
93.44258956224891
 20
205.05410317141215
 10
93.85603976740599
 20
204.640652966255
 10
94.77382933095835
 20
205.0995477480312
 10
96.76563457205206
 20
203.6768297186785
 10
96.26415331430827
 20
203.17534846093477
 10
96.73555783509934
 20
202.7039439401437
 10
97.20696235589035
 20
202.7039439401437
 10
99.0202788355493
 20
200.8906274604847
 10
98.50067324575484
 20
198.8122051013068
 10
97.82311972531824
 20
198.1346515808703
 10
98.63974890570363
 20
197.97132574479315
 10
99.93775840769872
 20
196.67331624279817
 10
99.93775840769872
 20
195.49942377614104
 10
98.60399774906155
 20
194.69916738095873
 10
97.37362902255698
 20
194.52340042002947
 10
99.66699062463717
 20
192.23003881794932
 10
98.45988384345065
 20
191.82766989088717
 10
97.95450925159678
 20
192.33304448274103
 10
96.33640681873861
 20
192.33304448274103
 10
96.18530043481388
 20
191.87972533096686
 10
96.68901770510868
 20
190.87229079037726
 10
95.79274879351725
 20
189.97602187878593
 10
94.8236735812035
 20
189.97602187878593
 10
93.40946001883042
 20
189.03321283720376
 10
89.9826217151834
 20
189.03321283720376
 10
89.095454429505
 20
189.47679648004302
 10
88.14685643515442
 20
189.00249748286768
 10
85.80213209357237
 20
190.30512211707995
 10
85.57893377745242
 20
194.992286755599
 10
84.78382768690679
 20
194.51522310127157
 10
83.91000470080364
 20
193.2044886221169
 10
83.91000470080364
 20
190.97447267627166
 10
84.43250016454186
 20
189.9294817487952
 10
83.91000470080364
 20
189.40698628505703
 10
83.91000470080364
 20
188.46417724347498
 10
82.59342221136835
 20
187.14759475403963
 10
83.0833997195996
 20
186.65761724580832
 10
84.31351081754586
 20
186.41159502621917
 10
84.77051845421514
 20
185.34524387399077
 10
84.89528636982939
 20
185.96908345206208
 10
85.74395128742526
 20
185.96908345206208
 10
86.2336970950662
 20
184.01010022149833
 10
87.20983634634086
 20
183.5220305958609
 10
87.20983634634086
 20
182.33591847319153
 10
86.74950037306876
 20
181.87558249991943
 10
86.92880950295022
 20
180.26180033098615
 10
91.37817844112914
 20
183.3763585877114
 10
96.28781884253075
 20
183.3763585877114
 10
97.7223236392249
 20
181.36805187233952
 10
96.13511964404381
 20
180.8389838739458
 10
95.88834735353127
 20
179.60512242138316
 10
93.7118685644775
 20
179.60512242138316
 10
93.33809511662427
 20
179.9788958692363
 10
92.96432166877105
 20
179.60512242138316
 10
90.59234788047281
 20
179.60512242138316
 10
88.26706147457563
 20
177.74489329666542
 10
86.62739026533797
 20
177.1983362269196
 10
85.32969488233854
 20
179.53418791631847
 10
85.12348181056802
 20
181.80253170579408
 10
84.33232884785072
 20
181.3278399281637
 10
83.51810567358378
 20
179.42798585487418
 10
82.96719565922157
 20
179.9788958692363
 10
82.96719565922157
 20
184.22153655635566
 10
81.9989077990367
 20
185.18982441654052
 10
80.61017305526643
 20
184.19787102813322
 10
80.61017305526643
 20
183.4739896606492
 10
81.55298209684848
 20
182.53118061906716
 10
81.55298209684848
 20
178.49242880243287
 10
80.52879049742073
 20
178.1510316026236
 10
78.72455497210228
 20
180.40632600927165
  0
LWPOLYLINE
  5
105
330
17
100
AcDbEntity
  8
ENG_L
100
AcDbPolyline
 90
6
 70
1
 10
83.69929057149238
 20
166.7996641733216
 10
84.81973795193356
 20
167.35988786354204
 10
85.49308538848766
 20
167.22521837623128
 10
84.74959660676761
 20
168.26610267063936
 10
83.8840519377075
 20
168.09299373682728
 10
83.69929057149238
 20
166.7996641733216
  0
LWPOLYLINE
  5
106
330
17
100
AcDbEntity
  8
ENG_L
100
AcDbPolyline
 90
6
 70
1
 10
93.35687331006768
 20
160.73085622072492
 10
93.44110078141591
 20
160.47817380668027
 10
94.24693408714354
 20
161.28400711240798
 10
94.13183295970637
 20
161.6293104947194
 10
93.74095394453663
 20
161.4990174896629
 10
93.35687331006768
 20
160.73085622072492
  0
LWPOLYLINE
  5
107
330
17
100
AcDbEntity
  8
ENG_L
100
AcDbPolyline
 90
4
 70
1
 10
92.57111061856098
 20
178.15107612567084
 10
92.43841560422169
 20
178.1776151285387
 10
92.33889434346722
 20
178.11790237208604
 10
92.57111061856098
 20
178.15107612567084
  0
LWPOLYLINE
  5
108
330
17
100
AcDbEntity
  8
ENG_L
100
AcDbPolyline
 90
4
 70
1
 10
93.1124153479975
 20
178.0428151797836
 10
93.23508945183264
 20
177.92014107594844
 10
93.26575797779141
 20
178.0121466538248
 10
93.1124153479975
 20
178.0428151797836
  0
LWPOLYLINE
  5
109
330
17
100
AcDbEntity
  8
ENG_L
100
AcDbPolyline
 90
8
 70
1
 10
73.23758529997805
 20
165.46298679765215
 10
73.8952316056737
 20
165.46298679765215
 10
75.26984471355472
 20
167.23034650778501
 10
75.01697980764902
 20
167.3146348097535
 10
74.481914284983
 20
166.77956928708747
 10
74.0405865011447
 20
167.2208970709258
 10
73.09356062005979
 20
165.8950608374069
 10
73.23758529997805
 20
165.46298679765215
  0
LWPOLYLINE
  5
10A
330
17
100
AcDbEntity
  8
ENG_L
100
AcDbPolyline
 90
4
 70
1
 10
67.44108902214626
 20
158.0483880869622
 10
67.78461992097075
 20
158.39191898578676
 10
67.55559932175443
 20
158.62093958500301
 10
67.44108902214626
 20
158.0483880869622
  0
LWPOLYLINE
  5
10B
330
17
100
AcDbEntity
  8
ENG_L
100
AcDbPolyline
 90
4
 70
1
 10
97.81643806413908
 20
203.03727727347697
 10
98.62117591826342
 20
202.23253941935272
 10
97.81643806413908
 20
201.4278015652281
 10
97.81643806413908
 20
203.03727727347697
  0
LWPOLYLINE
  5
10C
330
17
100
AcDbEntity
  8
ENG_L
100
AcDbPolyline
 90
4
 70
1
 10
94.84993975193518
 20
205.06096654409887
 10
94.04520189781083
 20
204.25622868997462
 10
94.04520189781083
 20
205.86570439822316
 10
94.84993975193518
 20
205.06096654409887
  0
LWPOLYLINE
  5
10D
330
17
100
AcDbEntity
  8
ENG_L
100
AcDbPolyline
 90
6
 70
1
 10
94.37853523114414
 20
65.05382386916236
 10
93.4155644902096
 20
64.09085312822793
 10
90.80072040285874
 20
64.61382194569809
 10
90.42765459121082
 20
65.7330193806419
 10
93.42669929229353
 20
66.00565980801298
 10
94.37853523114414
 20
65.05382386916236
  0
LWPOLYLINE
  5
10E
330
17
100
AcDbEntity
  8
ENG_L
100
AcDbPolyline
 90
5
 70
1
 10
94.01013637514481
 20
205.42936540009816
 10
92.80302959395829
 20
205.026996473036
 10
92.19464933731271
 20
205.63537672968158
 10
93.40175611849924
 20
206.0377456567437
 10
94.01013637514481
 20
205.42936540009816
  0
LWPOLYLINE
  5
10F
330
17
100
AcDbEntity
  8
ENG_L
100
AcDbPolyline
 90
5
 70
1
 10
84.94413089962198
 20
157.68481220460018
 10
83.91000470080365
 20
157.68481220460018
 10
83.91000470080365
 20
158.48955005872455
 10
84.48441488638633
 20
159.06396024430714
 10
84.94413089962198
 20
157.68481220460018
  0
LWPOLYLINE
  5
110
330
17
100
AcDbEntity
  8
ENG_L
100
AcDbPolyline
 90
11
 70
1
 10
75.89612784735611
 20
140.73168408379777
 10
75.89612784735611
 20
143.85391317873086
 10
77.23924516541882
 20
145.73427742401856
 10
80.68755272719417
 20
143.87749642921654
 10
80.18985947742256
 20
142.88210992967322
 10
80.61017305526643
 20
142.46179635182943
 10
80.61017305526643
 20
141.03263160511315
 10
82.75049685762268
 20
138.35722685216788
 10
80.23578279548765
 20
138.35722685216788
 10
79.05148417660112
 20
140.48896436616366
 10
75.89612784735611
 20
140.73168408379777
  0
LWPOLYLINE
  5
111
330
17
100
AcDbEntity
  8
ENG_L
100
AcDbPolyline
 90
9
 70
1
 10
78.72455497210228
 20
146.37110370561547
 10
77.82421855796392
 20
146.37110370561547
 10
77.29017971037672
 20
149.04129794355137
 10
78.25315045131126
 20
150.0042686844859
 10
78.72455497210228
 20
149.53286416369482
 10
79.29896515768496
 20
150.10727434927762
 10
79.69172270557758
 20
148.92900170559975
 10
78.72455497210228
 20
147.47825010538685
 10
78.72455497210228
 20
146.37110370561547
  0
LWPOLYLINE
  5
112
330
17
100
AcDbEntity
  8
ENG_L
100
AcDbPolyline
 90
4
 70
1
 10
75.05094987871185
 20
32.05550741379015
 10
74.24621202458749
 20
31.25076955966588
 10
74.24621202458749
 20
32.86024526791442
 10
75.05094987871185
 20
32.05550741379015
  0
LWPOLYLINE
  5
113
330
17
100
AcDbEntity
  8
ENG_L
100
AcDbPolyline
 90
4
 70
1
 10
75.05094987871185
 20
38.1837661840736
 10
74.24621202458749
 20
37.37902832994933
 10
74.24621202458749
 20
38.98850403819787
 10
75.05094987871185
 20
38.1837661840736
  0
LWPOLYLINE
  5
114
330
17
100
AcDbEntity
  8
ENG_L
100
AcDbPolyline
 90
4
 70
1
 10
73.77480750379647
 20
32.19357860124794
 10
73.77480750379647
 20
33.80305430949648
 10
74.57954535792082
 20
32.99831645537221
 10
73.77480750379647
 20
32.19357860124794
  0
LWPOLYLINE
  5
115
330
17
100
AcDbEntity
  8
ENG_L
100
AcDbPolyline
 90
4
 70
1
 10
73.77480750379647
 20
38.32183737153139
 10
73.77480750379647
 20
39.931313079779926
 10
74.57954535792082
 20
39.12657522565566
 10
73.77480750379647
 20
38.32183737153139
  0
LWPOLYLINE
  5
116
330
17
100
AcDbEntity
  8
ENG_L
100
AcDbPolyline
 90
5
 70
1
 10
73.60065520308859
 20
39.45157907869712
 10
74.04447983525476
 20
38.12010518219855
 10
73.06770072260993
 20
37.14332606955373
 10
72.53520239448032
 20
37.67582439768324
 10
73.60065520308859
 20
39.45157907869712
  0
LWPOLYLINE
  5
117
330
17
100
AcDbEntity
  8
ENG_L
100
AcDbPolyline
 90
4
 70
1
 10
74.10814083712977
 20
33.469720976163295
 10
73.30340298300543
 20
32.66498312203869
 10
73.30340298300543
 20
34.27445883028757
 10
74.10814083712977
 20
33.469720976163295
  0
LWPOLYLINE
  5
118
330
17
100
AcDbEntity
  8
ENG_L
100
AcDbPolyline
 90
5
 70
1
 10
73.06770072260991
 20
43.59163649967024
 10
74.03269582660877
 20
41.983311326338814
 10
73.66979476676912
 20
40.89460814681989
 10
72.0372131080416
 20
41.87415714205645
 10
73.06770072260991
 20
43.59163649967024
  0
LWPOLYLINE
  5
119
330
17
100
AcDbEntity
  8
ENG_L
100
AcDbPolyline
 90
4
 70
1
 10
72.8319984622144
 20
35.21726787186963
 10
73.63673631633874
 20
34.412530017745354
 10
72.8319984622144
 20
33.60779216362075
 10
72.8319984622144
 20
35.21726787186963
  0
LWPOLYLINE
  5
11A
330
17
100
AcDbEntity
  8
ENG_L
100
AcDbPolyline
 90
8
 70
1
 10
73.38322005479522
 20
34.753808772021614
 10
71.57601778665146
 20
34.392368318392876
 10
71.08445156650794
 20
34.883934538536444
 10
70.33690467080157
 20
34.883934538536444
 10
69.60120241040603
 20
34.14823227814079
 10
69.26730060116363
 20
36.48554494283762
 10
70.7702336282178
 20
36.786131548248505
 10
73.38322005479522
 20
34.753808772021614
  0
LWPOLYLINE
  5
11B
330
17
100
AcDbEntity
  8
ENG_L
100
AcDbPolyline
 90
4
 70
1
 10
70.47497585825924
 20
43.70254924610817
 10
71.2797137123836
 20
42.8978113919839
 10
70.47497585825924
 20
42.093073537859624
 10
70.47497585825924
 20
43.70254924610817
  0
LWPOLYLINE
  5
11C
330
17
100
AcDbEntity
  8
ENG_L
100
AcDbPolyline
 90
4
 70
1
 10
70.80830919159254
 20
42.42640687119281
 10
70.0035713374682
 20
41.62166901706854
 10
70.0035713374682
 20
43.231144725317414
 10
70.80830919159254
 20
42.42640687119281
  0
LWPOLYLINE
  5
11D
330
17
100
AcDbEntity
  8
ENG_L
100
AcDbPolyline
 90
4
 70
1
 10
70.0035713374682
 20
30.031818143168245
 10
70.80830919159256
 20
29.227080289043972
 10
70.0035713374682
 20
28.4223424349197
 10
70.0035713374682
 20
30.031818143168245
  0
LWPOLYLINE
  5
11E
330
17
100
AcDbEntity
  8
ENG_L
100
AcDbPolyline
 90
4
 70
1
 10
69.39409562921946
 20
46.66904755831214
 10
68.58935777509512
 20
45.86430970418787
 10
68.58935777509512
 20
47.473785412436406
 10
69.39409562921946
 20
46.66904755831214
  0
LWPOLYLINE
  5
11F
330
17
100
AcDbEntity
  8
ENG_L
100
AcDbPolyline
 90
7
 70
1
 10
66.46803743153546
 20
29.83193716197219
 10
68.07594901864152
 20
30.796684114235752
 10
68.34308343086379
 20
28.392474404235536
 10
68.92269110842842
 20
27.812866726670826
 10
67.36405040538344
 20
26.254226023625925
 10
66.46803743153546
 20
27.747580980039153
 10
66.46803743153546
 20
29.83193716197219
  0
LWPOLYLINE
  5
120
330
17
100
AcDbEntity
  8
ENG_L
100
AcDbPolyline
 90
7
 70
1
 10
67.88225099390856
 20
40.91456223588197
 10
66.79468910368962
 20
39.827000345663
 10
66.45770487598062
 20
41.51192148420779
 10
68.00149734358017
 20
44.908264912926875
 10
68.36795325430407
 20
42.34307353785949
 10
67.88225099390856
 20
41.857371277464026
 10
67.88225099390856
 20
40.91456223588197
  0
LWPOLYLINE
  5
121
330
17
100
AcDbEntity
  8
ENG_L
100
AcDbPolyline
 90
5
 70
1
 10
65.99663291074444
 20
39.36227748605114
 10
65.99663291074444
 20
40.167015340175524
 10
66.57104309632712
 20
40.7414255257581
 10
67.03075910956277
 20
39.36227748605114
 10
65.99663291074444
 20
39.36227748605114
  0
LWPOLYLINE
  5
122
330
17
100
AcDbEntity
  8
ENG_L
100
AcDbPolyline
 90
5
 70
1
 10
66.55935458877174
 20
38.41946844446908
 10
65.52522838995341
 20
38.41946844446908
 10
65.52522838995341
 20
39.224206298593465
 10
66.09963857553609
 20
39.798616484176044
 10
66.55935458877174
 20
38.41946844446908
  0
LWPOLYLINE
  5
123
330
17
100
AcDbEntity
  8
ENG_L
100
AcDbPolyline
 90
11
 70
1
 10
65.1641004385474
 20
31.218035761818143
 10
66.0036111837672
 20
29.259177356305234
 10
65.48762287700731
 20
25.64725920898592
 10
64.18848420116565
 20
25.907086944154333
 10
63.63961030678927
 20
25.358213049777923
 10
63.63961030678927
 20
24.277332820738184
 10
62.69680126520721
 20
24.277332820738184
 10
62.69680126520721
 20
27.39710396178352
 10
63.63961030678927
 20
29.28272204494775
 10
63.63961030678927
 20
30.30334168276316
 10
65.1641004385474
 20
31.218035761818143
  0
LWPOLYLINE
  5
124
330
17
100
AcDbEntity
  8
ENG_L
100
AcDbPolyline
 90
5
 70
1
 10
65.0113512417187
 20
35.591041319722905
 10
64.11101482758032
 20
35.591041319722905
 10
64.11101482758032
 20
36.93943719906867
 10
65.36460295973124
 20
37.35729990978576
 10
65.0113512417187
 20
35.591041319722905
  0
LWPOLYLINE
  5
125
330
17
100
AcDbEntity
  8
ENG_L
100
AcDbPolyline
 90
10
 70
1
 10
63.31213965231983
 20
33.50141314738908
 10
60.02700114594844
 20
32.562802145568725
 10
58.82855083786669
 20
30.40559159102163
 10
57.982756057296896
 20
30.40559159102163
 10
57.982756057296896
 20
31.659637230465275
 10
59.24972070918264
 20
33.43338774310523
 10
62.098074740666235
 20
34.38283908693307
 10
63.57594930491428
 20
35.860713651181264
 10
64.72400718385269
 20
35.47802769153519
 10
63.31213965231983
 20
33.50141314738908
  0
LWPOLYLINE
  5
126
330
17
100
AcDbEntity
  8
ENG_L
100
AcDbPolyline
 90
8
 70
1
 10
59.86837414046103
 20
24.61066615407148
 10
59.86837414046103
 20
22.86311925836504
 10
59.00168915990386
 20
22.86311925836504
 10
57.978601701584445
 20
25.420837904163605
 10
58.30378070958305
 20
28.997806992148377
 10
59.39696961966999
 20
26.447032868612162
 10
59.39696961966999
 20
25.082070674862457
 10
59.86837414046103
 20
24.61066615407148
  0
LWPOLYLINE
  5
127
330
17
100
AcDbEntity
  8
ENG_D
100
AcDbPolyline
 90
25
 70
1
 10
190.38633259223823
 20
156.5428381682219
 10
191.43222475819294
 20
157.58873033417643
 10
192.80444900353197
 20
160.33317882485454
 10
192.80444900353197
 20
161.31797718347073
 10
193.7769489759263
 20
162.2904771558651
 10
194.2483534967173
 20
163.704690718238
 10
194.69006708669608
 20
164.1464043082168
 10
195.16147160748713
 20
163.67499978742583
 10
195.53524505534034
 20
164.048773235279
 10
196.47805409692236
 20
164.048773235279
 10
197.68516087810895
 20
165.25588001646574
 10
197.97641869406002
 20
163.2170753048081
 10
198.46130325302434
 20
162.73219074584378
 10
198.46130325302434
 20
160.37516814188868
 10
198.92085680511016
 20
159.91561458980286
 10
199.39816428066882
 20
156.09715478533371
 10
200.8183258569795
 20
152.78344444060878
 10
200.8183258569795
 20
150.2804110594014
 10
199.99172087577546
 20
149.45380607819737
 10
197.63469827182027
 20
148.98240155740626
 10
197.1552928474248
 20
148.50299613301075
 10
194.86646434552236
 20
148.24868185502172
 10
193.31018487749682
 20
149.28620150037207
 10
191.88005516204552
 20
154.0533005518764
 10
190.38633259223823
 20
156.5428381682219
  0
LWPOLYLINE
  5
128
330
17
100
AcDbEntity
  8
ENG_D
100
AcDbPolyline
 90
17
 70
1
 10
194.41189219885692
 20
149.9066376115481
 10
195.06384053454929
 20
149.9066376115481
 10
195.64850087977223
 20
150.49129795677106
 10
196.08754659358274
 20
153.12557223963395
 10
195.63287612827816
 20
153.58024270493854
 10
195.63287612827816
 20
155.14772909615314
 10
197.03097095920853
 20
157.94391875801395
 10
196.13891550600223
 20
161.06611284423587
 10
195.1980088730864
 20
161.63065682398536
 10
194.69006708669608
 20
161.12271503759513
 10
194.69006708669608
 20
160.17990599601305
 10
193.275853524323
 20
158.7656924336399
 10
193.275853524323
 20
157.82288339205786
 10
192.33304448274095
 20
156.8800743504758
 10
192.33304448274095
 20
155.17065476038127
 10
193.7321957823082
 20
153.30511969429162
 10
194.41189219885692
 20
149.9066376115481
  0
LWPOLYLINE
  5
129
330
17
100
AcDbEntity
  8
ENG_D
100
AcDbPolyline
 90
111
 70
1
 10
174.72032547834766
 20
237.35217621828443
 10
171.4455735597859
 20
237.35217621828443
 10
172.0115591457794
 20
238.48414739027146
 10
171.58730928970343
 20
238.9083972463475
 10
171.87329733423024
 20
246.05809835951774
 10
171.9210289621393
 20
246.0648679232029
 10
172.97806466184718
 20
242.8937608240791
 10
176.737870058037
 20
238.66397975336562
 10
178.62032406276694
 20
234.8990717439059
 10
179.56818389491542
 20
233.95121191175727
 10
181.01933598375615
 20
230.56519037112878
 10
181.01933598375615
 20
229.6453665274387
 10
181.96214502533823
 20
228.23115296506558
 10
181.96214502533823
 20
227.28834392348364
 10
182.90495406692028
 20
225.87413036111047
 10
182.90495406692028
 20
224.43693160084544
 10
184.31060138358197
 20
221.1570878619682
 10
185.2450038234585
 20
216.0178744426473
 10
185.7333811916665
 20
215.52949707443935
 10
185.7333811916665
 20
213.6176128205436
 10
186.67619023324855
 20
212.20339925817044
 10
186.67619023324855
 20
210.81545186652906
 10
187.14759475403957
 20
210.34404734573798
 10
187.14759475403957
 20
208.45842926257384
 10
187.6189992748306
 20
207.98702474178288
 10
187.6189992748306
 20
206.04916769351422
 10
188.56180831641268
 20
203.692145089559
 10
188.56180831641268
 20
202.30390432155886
 10
189.4908957068436
 20
200.91027323591248
 10
190.90025793292764
 20
193.86346210549198
 10
191.3902354411589
 20
193.3734845972609
 10
191.3902354411589
 20
191.95927103488773
 10
191.86163996194992
 20
191.48786651409677
 10
191.86163996194992
 20
189.5500094658281
 10
192.80444900353197
 20
187.19298686187292
 10
192.80444900353197
 20
185.83101226460442
 10
193.275853524323
 20
185.3596077438133
 10
193.275853524323
 20
183.9453941814403
 10
193.7812281161768
 20
183.44001958958646
 10
193.35720403782472
 20
182.16794735453
 10
191.74378883175214
 20
184.31916762929345
 10
191.50808657135664
 20
184.31916762929345
 10
190.09387300898354
 20
182.43354954612934
 10
189.30019387138455
 20
182.43354954612934
 10
189.04669287537698
 20
184.2080565181824
 10
188.56180831641268
 20
184.69294107714663
 10
188.56180831641268
 20
187.08230900740796
 10
187.9569514434844
 20
188.0904037956218
 10
187.28628275342285
 20
188.0904037956218
 10
186.20478571245752
 20
186.14370912188417
 10
186.20478571245752
 20
185.3272624175072
 10
186.61464027356092
 20
184.6441714823349
 10
187.04458908924795
 20
185.93401792939602
 10
188.04841447858755
 20
184.9301925400564
 10
188.56180831641268
 20
183.90340486440627
 10
188.56180831641268
 20
181.75772153872828
 10
186.7693027301413
 20
181.501649312118
 10
184.8476855610986
 20
180.06043643533587
 10
183.41175244391442
 20
180.34762305877283
 10
182.92352705436048
 20
182.7887500065424
 10
182.43354954612926
 20
183.27872751477358
 10
182.43354954612926
 20
184.88820322302223
 10
182.8073229939825
 20
185.26197667087553
 10
182.43354954612926
 20
185.6357501187288
 10
182.43354954612926
 20
186.57855916031073
 10
181.3931094316094
 20
187.6189992748307
 10
181.96214502533823
 20
188.1880348685595
 10
181.96214502533823
 20
189.44897560209117
 10
181.01933598375615
 20
191.3345936852552
 10
181.01933598375615
 20
192.25447706260923
 10
179.60512242138307
 20
194.14009514577336
 10
179.60512242138307
 20
195.75902014988077
 10
181.0722126830303
 20
196.73708032431236
 10
181.43964956160002
 20
197.47195408145168
 10
181.01933598375615
 20
197.89226765929558
 10
181.01933598375615
 20
199.4754771968126
 10
181.97586667648937
 20
200.91027323591248
 10
182.45212253356942
 20
203.2915525213128
 10
183.39493157515153
 20
204.23436156289486
 10
183.79838921966865
 20
206.25164978548048
 10
178.60186017504313
 20
206.47758583089905
 10
177.5036361030929
 20
207.02669786687412
 10
177.26427586323587
 20
208.70221954587342
 10
175.40388688990063
 20
210.09751127587484
 10
174.4044651801096
 20
212.59606555035236
 10
174.8198688357615
 20
213.84227651730825
 10
175.95141153801745
 20
212.14496246392434
 10
180.44075869266058
 20
212.5938971793887
 10
181.01933598375615
 20
213.17247447048427
 10
181.01933598375615
 20
215.37078941092813
 10
179.99460999727447
 20
217.2152961865953
 10
178.7118235069187
 20
216.36010519302462
 10
176.9206463825337
 20
216.71834061790173
 10
178.92289938991425
 20
218.22003037343706
 10
177.95792369065106
 20
218.70251822306875
 10
179.52308109213982
 20
219.74595649072793
 10
179.00026554845485
 20
220.61731573020293
 10
177.81713541115667
 20
220.61731573020293
 10
176.34624054038682
 20
219.14642085943302
 10
173.79634876825574
 20
220.56302739950584
 10
174.9096502009129
 20
221.67632883216282
 10
175.38966681981324
 20
224.0764119266645
 10
176.30529077584586
 20
224.5342239046808
 10
176.30529077584586
 20
226.3718010526332
 10
177.62187326528124
 20
227.68838354206844
 10
178.52886102766382
 20
227.68838354206844
 10
179.0955607082368
 20
228.63288300968998
 10
175.83388625505484
 20
234.22432492943068
 10
175.83388625505484
 20
235.1332248017872
 10
174.90455725164603
 20
236.0625538051957
 10
174.72032547834766
 20
237.35217621828443
  0
LWPOLYLINE
  5
12A
330
17
100
AcDbEntity
  8
ENG_D
100
AcDbPolyline
 90
6
 70
1
 10
174.71487872040305
 20
237.39030352389645
 10
174.433152730855
 20
239.36238545073297
 10
173.85063709895297
 20
239.9449010826351
 10
173.19868876326046
 20
239.9449010826351
 10
173.02562082966114
 20
239.07956141463836
 10
174.71487872040305
 20
237.39030352389645
  0
LWPOLYLINE
  5
12B
330
17
100
AcDbEntity
  8
ENG_D
100
AcDbPolyline
 90
54
 70
1
 10
175.34791188420485
 20
24.562545208251407
 10
174.8324379154091
 20
27.139915052229902
 10
177.12380413744
 20
26.885318805337622
 10
177.6584105308804
 20
27.77632946107156
 10
177.2480998174279
 20
28.1866401745241
 10
177.2480998174279
 20
29.60085373689725
 10
176.25875064585526
 20
30.59020290846992
 10
174.47531444858558
 20
29.69848480983506
 10
173.3792325781618
 20
29.69848480983506
 10
172.56888058625398
 20
30.508836801742987
 10
171.58616326271078
 20
32.96563011060083
 10
171.92293808014415
 20
35.99660346750111
 10
173.47686365109965
 20
32.57796721139894
 10
173.47686365109965
 20
31.681733965936985
 10
173.94826817189067
 20
31.210329445145902
 10
174.90455725164603
 20
32.16661852490121
 10
175.15805824765363
 20
33.94112549695427
 10
176.4029218487837
 20
33.94112549695427
 10
177.22952682998775
 20
33.114520515750144
 10
177.41020068153765
 20
32.21115125800067
 10
178.69234606268128
 20
33.06591484542976
 10
180.17415801511194
 20
31.584102892999066
 10
180.93665609516142
 20
31.584102892999066
 10
183.31129718257557
 20
33.483815762930355
 10
186.12388869500612
 20
33.01505051085862
 10
187.04996368110176
 20
33.94112549695427
 10
189.4069862850569
 20
33.94112549695427
 10
191.39023544115886
 20
35.924374653056205
 10
191.874118335832
 20
35.44049175838315
 10
191.40271381504098
 20
31.669255592054913
 10
191.86163996194992
 20
31.210329445145902
 10
191.86163996194992
 20
29.081408280894337
 10
190.8855007106752
 20
28.59333865525704
 10
190.48067503439708
 20
26.97403595014447
 10
191.86163996194992
 20
26.05339266510931
 10
191.86163996194992
 20
24.814555024556427
 10
190.9570801316815
 20
24.513035081133673
 10
191.59465892776905
 20
24.513035081133673
 10
191.8759377015544
 20
22.544083664636226
 10
191.3902354411589
 20
22.058381404240656
 10
191.3902354411589
 20
21.310834508534214
 10
191.92923835200747
 20
20.771831597685697
 10
190.9188309203678
 20
19.256220450226124
 10
190.9188309203678
 20
17.815740717121443
 10
189.5911798834136
 20
16.48808968016713
 10
185.1537735141019
 20
16.981134832312893
 10
184.69294107714663
 20
17.441967269268165
 10
179.97889586923625
 20
17.441967269268165
 10
178.54181070729246
 20
18.879052431212017
 10
176.65619262412832
 20
19.350456952002993
 10
175.3624817342638
 20
20.64416784186762
 10
175.3624817342638
 20
22.48174498981992
 10
174.31115423750379
 20
23.007408738199842
 10
175.34791188420485
 20
24.562545208251407
  0
LWPOLYLINE
  5
12C
330
17
100
AcDbEntity
  8
ENG_D
100
AcDbPolyline
 90
11
 70
1
 10
190.82119984743002
 20
24.513035081133673
 10
190.34979532663894
 20
24.984439601924755
 10
189.63076137959737
 20
24.984439601924755
 10
188.53262889244257
 20
23.33724087119249
 10
187.944731787472
 20
24.513035081133673
 10
187.24522582697742
 20
24.513035081133673
 10
186.20478571245752
 20
23.4725949666138
 10
186.20478571245752
 20
22.725048070907363
 10
186.7738213061864
 20
22.156012477178464
 10
188.46417724347484
 20
22.156012477178464
 10
190.82119984743002
 20
24.513035081133673
  0
LWPOLYLINE
  5
12D
330
17
100
AcDbEntity
  8
ENG_D
100
AcDbPolyline
 90
4
 70
1
 10
185.02627441047994
 20
26.870057685088767
 10
185.5109606047712
 20
26.870057685088767
 10
185.02627441047994
 20
27.16086940166351
 10
185.02627441047994
 20
26.870057685088767
  0
LWPOLYLINE
  5
12E
330
17
100
AcDbEntity
  8
ENG_D
100
AcDbPolyline
 90
4
 70
1
 10
188.79751057680818
 20
22.76548818542734
 10
188.79751057680818
 20
24.374963893675883
 10
189.60224843093255
 20
23.570226039551613
 10
188.79751057680818
 20
22.76548818542734
  0
LWPOLYLINE
  5
12F
330
17
100
AcDbEntity
  8
ENG_D
100
AcDbPolyline
 90
12
 70
1
 10
181.05143305101734
 20
142.37114355191437
 10
184.36754733360766
 20
140.94995171651848
 10
185.35960774381329
 20
140.94995171651848
 10
186.75170387313554
 20
139.55785558719626
 10
182.3763585877113
 20
133.72406187329733
 10
180.2710232293286
 20
131.61872651491458
 10
180.55434453734316
 20
135.868546135133
 10
181.01933598375615
 20
136.33353758154598
 10
181.01933598375615
 20
138.94648250315666
 10
179.13371790059205
 20
140.36069606552982
 10
179.13371790059205
 20
142.09718424471075
 10
181.05143305101734
 20
142.37114355191437
  0
LWPOLYLINE
  5
130
330
17
100
AcDbEntity
  8
ENG_D
100
AcDbPolyline
 90
4
 70
1
 10
177.81713541115673
 20
215.90327052229253
 10
177.01239755703241
 20
215.09853266816825
 10
177.01239755703241
 20
216.70800837641713
 10
177.81713541115673
 20
215.90327052229253
  0
LWPOLYLINE
  5
131
330
17
100
AcDbEntity
  8
ENG_D
100
AcDbPolyline
 90
17
 70
1
 10
177.42845192723826
 20
127.31062321090525
 10
176.23739237179706
 20
127.07241129981706
 10
175.48423826195415
 20
125.31505171018354
 10
172.5340546095176
 20
126.65604427947285
 10
172.5340546095176
 20
127.84825620730744
 10
173.00545913030862
 20
128.31966072809843
 10
173.00545913030862
 20
132.98713013988873
 10
174.68291708451247
 20
136.67753763913726
 10
174.68825688611443
 20
136.6763008954738
 10
174.42247818049248
 20
127.37404619870574
 10
174.89107721347276
 20
126.90544716572538
 10
175.3663533555905
 20
127.38072330784323
 10
175.62991828666634
 20
133.9698465847382
 10
176.7766952966369
 20
132.05855156812063
 10
176.7766952966369
 20
129.70760811973992
 10
177.74386303011215
 20
128.2568565195269
 10
177.42845192723826
 20
127.31062321090525
  0
LWPOLYLINE
  5
132
330
17
100
AcDbEntity
  8
ENG_D
100
AcDbPolyline
 90
4
 70
1
 10
176.5409930362414
 20
214.62712814737728
 10
176.5409930362414
 20
216.23660385562582
 10
177.34573089036573
 20
215.43186600150156
 10
176.5409930362414
 20
214.62712814737728
  0
LWPOLYLINE
  5
133
330
17
100
AcDbEntity
  8
ENG_D
100
AcDbPolyline
 90
4
 70
1
 10
176.87432636957467
 20
140.94995171651848
 10
176.06958851545033
 20
140.1452138623942
 10
176.06958851545033
 20
141.75468957064308
 10
176.87432636957467
 20
140.94995171651848
  0
LWPOLYLINE
  5
134
330
17
100
AcDbEntity
  8
ENG_D
100
AcDbPolyline
 90
5
 70
1
 10
176.45436197434586
 20
213.95521230252402
 10
175.1618449965343
 20
214.38605129512777
 10
176.30529077584583
 20
215.52949707443935
 10
176.81066536769967
 20
215.02412248258562
 10
176.45436197434586
 20
213.95521230252402
  0
LWPOLYLINE
  5
135
330
17
100
AcDbEntity
  8
ENG_D
100
AcDbPolyline
 90
4
 70
1
 10
175.12677947386828
 20
212.74151006421314
 10
175.12677947386828
 20
214.3509857724617
 10
175.93151732799265
 20
213.54624791833743
 10
175.12677947386828
 20
212.74151006421314
  0
LWPOLYLINE
  5
136
330
17
100
AcDbEntity
  8
ENG_D
100
AcDbPolyline
 90
4
 70
1
 10
174.65537495307723
 20
34.74586335107854
 10
175.4601128072016
 20
33.94112549695427
 10
174.65537495307723
 20
33.13638764283
 10
174.65537495307723
 20
34.74586335107854
  0
LWPOLYLINE
  5
137
330
17
100
AcDbEntity
  8
ENG_D
100
AcDbPolyline
 90
8
 70
1
 10
173.47686365109965
 20
139.36585357677723
 10
171.94506492672662
 20
139.87645315156837
 10
172.8811634503207
 20
141.43661735755842
 10
175.64021694844936
 20
141.13005585776628
 10
174.89107721347276
 20
140.3809161227897
 10
174.89107721347276
 20
136.79734128164512
 10
173.47686365109965
 20
137.50444806283178
 10
173.47686365109965
 20
139.36585357677723
  0
LWPOLYLINE
  5
138
330
17
100
AcDbEntity
  8
ENG_D
100
AcDbPolyline
 90
6
 70
1
 10
172.4301027556056
 20
231.85529338514522
 10
173.50984387906388
 20
230.05572484604818
 10
173.00545913030862
 20
229.0469553485377
 10
173.00545913030862
 20
225.56706319850872
 10
171.06309619329326
 20
225.56706319850872
 10
172.4301027556056
 20
231.85529338514522
  0
LWPOLYLINE
  5
139
330
17
100
AcDbEntity
  8
ENG_D
100
AcDbPolyline
 90
27
 70
1
 10
170.64843652635346
 20
127.21393486694699
 10
170.64843652635346
 20
129.06720762380496
 10
170.12594106261528
 20
129.58970308754314
 10
170.63715354362765
 20
130.6121280495679
 10
170.4921050921812
 20
131.33737030680027
 10
166.5034027360838
 20
128.23504625205783
 10
163.65107769061018
 20
127.75965874447881
 10
160.80458334564568
 20
126.33641157199659
 10
157.52047484641068
 20
126.33641157199659
 10
156.1062612840376
 20
125.39360253041454
 10
154.71831389239622
 20
125.39360253041454
 10
153.7553431514617
 20
124.43063178947999
 10
152.4007120386925
 20
124.70155801203376
 10
150.3364153746028
 20
126.24978051010093
 10
150.74644098833846
 20
127.47985735130807
 10
151.88988676765004
 20
126.33641157199649
 10
153.14118351045363
 20
126.33641157199649
 10
155.48925743531373
 20
127.74525592691255
 10
161.11473075244086
 20
128.21404537000646
 10
161.5784948068919
 20
128.67780942445762
 10
164.44646877994788
 20
129.15580508663348
 10
169.0764514487888
 20
131.47079642105396
 10
170.17703200556244
 20
133.01160920053712
 10
170.17703200556244
 20
134.11458616504856
 10
171.58421126995083
 20
134.11458616504856
 10
171.8542200743369
 20
125.20429562030778
 10
170.64843652635346
 20
127.21393486694699
  0
LWPOLYLINE
  5
13A
330
17
100
AcDbEntity
  8
ENG_D
100
AcDbPolyline
 90
4
 70
1
 10
170.884138786749
 20
136.0978353211507
 10
171.6888766408733
 20
135.29309746702612
 10
170.884138786749
 20
134.48835961290183
 10
170.884138786749
 20
136.0978353211507
  0
LWPOLYLINE
  5
13B
330
17
100
AcDbEntity
  8
ENG_D
100
AcDbPolyline
 90
14
 70
1
 10
170.64843652635346
 20
93.62943913292354
 10
171.055270066024
 20
94.4431062122646
 10
171.59124556793554
 20
93.90713071035317
 10
171.59124556793554
 20
90.74537025227369
 10
170.22870350210496
 20
90.74537025227369
 10
169.72849908434222
 20
92.74618792332467
 10
168.76281844318936
 20
93.71186856447756
 10
168.76281844318936
 20
96.26415331430826
 10
169.2199252243759
 20
96.72126009549487
 10
168.93376256231784
 20
98.72439872990124
 10
171.59124556793554
 20
97.24801928233573
 10
171.59124556793554
 20
95.45941546018399
 10
170.64843652635346
 20
95.45941546018399
 10
170.64843652635346
 20
93.62943913292354
  0
LWPOLYLINE
  5
13C
330
17
100
AcDbEntity
  8
ENG_D
100
AcDbPolyline
 90
5
 70
1
 10
168.99183904240564
 20
245.7465081807646
 10
170.72590589993865
 20
246.09332155227116
 10
171.36222496871937
 20
245.45700248349078
 10
169.6281581111861
 20
245.110189111984
 10
168.99183904240564
 20
245.7465081807646
  0
LWPOLYLINE
  5
13D
330
17
100
AcDbEntity
  8
ENG_D
100
AcDbPolyline
 90
4
 70
1
 10
169.4699252243759
 20
128.36010084261818
 10
169.4699252243759
 20
129.96957655086706
 10
170.27466307850023
 20
129.16483869674278
 10
169.4699252243759
 20
128.36010084261818
  0
LWPOLYLINE
  5
13E
330
17
100
AcDbEntity
  8
ENG_D
100
AcDbPolyline
 90
4
 70
1
 10
168.0557116620028
 20
97.96082316729837
 10
168.0557116620028
 20
99.79968722024113
 10
169.43485970170988
 20
98.42053918053395
 10
168.0557116620028
 20
97.96082316729837
  0
LWPOLYLINE
  5
13F
330
17
100
AcDbEntity
  8
ENG_D
100
AcDbPolyline
 90
251
 70
1
 10
138.59292911256333
 20
201.85876597149942
 10
138.59292911256333
 20
202.8373962922808
 10
140.04367994053567
 20
203.7078467890643
 10
140.94995171651848
 20
202.8015750130815
 10
140.94995171651848
 20
201.4829600107223
 10
141.75145224749278
 20
201.32265990452746
 10
142.35973492399663
 20
202.74198614970317
 10
142.14891852450612
 20
205.06096654409887
 10
140.85232064358064
 20
205.06096654409887
 10
139.8909386145584
 20
206.02234857312118
 10
138.55128127484622
 20
206.29028004106354
 10
138.8545848701052
 20
207.80679801735846
 10
140.94995171651848
 20
208.97089070981033
 10
140.94995171651848
 20
210.81545186652906
 10
141.7951296851627
 20
211.6606298351733
 10
142.93320087262043
 20
211.6606298351733
 10
143.3706353223486
 20
211.22319538544508
 10
143.70750365853803
 20
211.33548483084164
 10
142.36085933816173
 20
214.9265363518451
 10
142.8221495488333
 20
220.92330909057557
 10
141.35891610070504
 20
221.41105357328493
 10
141.7064217599755
 20
222.4535705510964
 10
142.32793583503934
 20
222.66074190945108
 10
141.86638137960998
 20
224.96851418659782
 10
143.3385007293321
 20
225.9499270864127
 10
144.05870528765803
 20
228.5906771336077
 10
146.0148987727114
 20
229.07972550487088
 10
146.60680596601085
 20
229.67163269817027
 10
146.60680596601085
 20
230.41917959387658
 10
145.99097430454796
 20
231.03501125533987
 10
147.58615227319223
 20
231.99211803652608
 10
148.29521278356066
 20
231.28305752615773
 10
147.54961500759293
 20
232.32689441251253
 10
147.54961500759293
 20
233.2476067186231
 10
146.83582656522714
 20
233.96139516098867
 10
148.3762199887971
 20
234.26947384570275
 10
148.92985849890323
 20
234.8231123558089
 10
148.53209202451825
 20
236.01641177896383
 10
147.4843292609614
 20
236.64506943709785
 10
146.23303251815756
 20
236.64506943709785
 10
145.6639969244288
 20
236.07603384336917
 10
145.6639969244288
 20
235.1332248017872
 10
144.72118788284672
 20
234.19041576020504
 10
144.23871481453682
 20
234.672888828515
 10
144.73175996668255
 20
239.1102951978268
 10
145.56636585149107
 20
239.94490108263534
 10
146.70443703894856
 20
239.94490108263534
 10
147.14187148867697
 20
239.5074666329069
 10
147.40802717211162
 20
239.5961851940518
 10
146.43784034016932
 20
240.9544467587712
 10
144.77225276249075
 20
242.14415217139873
 10
144.19869241910854
 20
243.2912728581631
 10
144.72118788284675
 20
243.81376832190148
 10
144.72118788284675
 20
244.60330453464186
 10
144.15312921922492
 20
245.73942186188557
 10
145.22090137957488
 20
246.09534591533523
 10
147.61490075422444
 20
244.65894629054552
 10
148.57099146930668
 20
244.65894629054552
 10
150.38605316548828
 20
243.29765001840943
 10
151.72089079250608
 20
244.18754176975455
 10
153.30410033002303
 20
244.18754176975455
 10
155.5500118228672
 20
241.94163027691042
 10
155.75688477047228
 20
240.4935196436746
 10
156.0348963818315
 20
240.5861901807944
 10
156.0348963818315
 20
242.37328858879658
 10
156.94141780681073
 20
243.73307072626548
 10
156.07990211215898
 20
245.456102115569
 10
151.80125795047778
 20
249.2843626812835
 10
150.93805082879936
 20
248.4211555596052
 10
147.3074837836974
 20
248.75120710915976
 10
149.75317179119116
 20
249.7993591123715
 10
150.84944665313014
 20
251.33414391908616
 10
150.84944665313014
 20
252.10378755026431
 10
149.92521059898823
 20
253.02802360440623
 10
149.70632920735562
 20
254.12243056256912
 10
147.62708438117815
 20
254.5382795278046
 10
147.1822546341177
 20
254.09344978074432
 10
142.9324350138993
 20
253.81012847272964
 10
144.24978336205572
 20
255.127476820886
 10
144.24978336205572
 20
257.0130949040501
 10
144.62355680990893
 20
257.3868683519034
 10
144.2158132909929
 20
257.79461187081944
 10
144.58352135308888
 20
258.8977360571072
 10
147.62332398371478
 20
257.37783474179435
 10
150.47348386808923
 20
256.90280809439867
 10
152.34222763563497
 20
255.50125026873926
 10
153.26211101298895
 20
255.50125026873926
 10
155.22604189398274
 20
254.5192848282425
 10
159.94395233594685
 20
250.27316543047485
 10
162.10566159893676
 20
249.07221583992478
 10
162.6856506158531
 20
247.91223780609207
 10
161.7893817042617
 20
247.01596889450062
 10
161.83137102129555
 20
246.97397957746682
 10
162.58801954291536
 20
246.59565531665706
 10
163.5308285844974
 20
247.538464358239
 10
167.40424663671988
 20
245.60175533212768
 10
168.48464355535017
 20
245.60175533212768
 10
168.7741014259152
 20
244.15446597930247
 10
168.3425048653455
 20
243.2912728581631
 10
168.86044951612718
 20
242.7733282073814
 10
168.29141392239833
 20
242.20429261365274
 10
168.29141392239833
 20
241.41475640091193
 10
168.95345860597482
 20
240.09066703375925
 10
167.39811500793394
 20
240.4017357533672
 10
164.59154265827615
 20
238.53068752026195
 10
161.17495400270002
 20
238.53068752026195
 10
158.92009081358094
 20
239.43263279590977
 10
157.98160827233417
 20
238.4941502546629
 10
158.52537133792381
 20
237.58787847868024
 10
159.43235910030643
 20
237.58787847868024
 10
161.3427520376872
 20
235.6774855412993
 10
164.26693425460485
 20
234.87998130032196
 10
163.2192200181288
 20
233.83226706384596
 10
160.3907928933826
 20
233.360862543055
 10
159.30503709655645
 20
232.27510674622854
 10
158.83363257576542
 20
230.8608931838556
 10
157.92051446499562
 20
229.94777507308584
 10
157.92051446499562
 20
229.00496603150367
 10
156.97770542341354
 20
228.0621569899217
 10
156.97770542341354
 20
225.87413036111047
 10
157.92051446499562
 20
224.45991679873734
 10
157.92051446499562
 20
223.07196940709574
 10
158.43278275172125
 20
222.55970112037016
 10
157.3729858831797
 20
219.91020894901646
 10
156.0348963818315
 20
219.91020894901646
 10
156.0348963818315
 20
220.991089178056
 10
155.09208734024944
 20
221.93389821963817
 10
154.17460776810003
 20
221.01641864748876
 10
155.11741680968208
 20
217.24518248116053
 10
154.6206828194584
 20
216.74844849093688
 10
154.6206828194584
 20
215.80563944935471
 10
153.65930079043616
 20
214.84425742033264
 10
153.19274760593416
 20
212.51149149782245
 10
152.26366021550325
 20
211.11786041217619
 10
152.26366021550325
 20
210.3920882809498
 10
153.2064692570853
 20
209.92068376015882
 10
153.2064692570853
 20
207.98702474178288
 10
153.69217151748083
 20
207.50132248138732
 10
153.39355506086122
 20
205.41100728505
 10
152.20066557894458
 20
206.00745202600845
 10
148.3061196572484
 20
206.2670884207882
 10
149.43523309075704
 20
207.96075857105123
 10
149.43523309075704
 20
209.1579352230686
 10
148.49242404917499
 20
209.62933974385967
 10
148.49242404917499
 20
215.50740033896764
 10
149.7853410103878
 20
217.31748408466567
 10
150.47567320527693
 20
217.31748408466567
 10
151.32085117392117
 20
216.47230611602143
 10
151.32085117392117
 20
214.1152835120662
 10
151.7922556947122
 20
213.64387899127524
 10
152.26366021550325
 20
214.1152835120662
 10
152.26366021550325
 20
215.05809255364838
 10
152.7010946652315
 20
215.4955270033766
 10
152.22969014444047
 20
216.90974056574973
 10
152.73506473629428
 20
217.41511515760348
 10
152.73506473629428
 20
219.59897235115477
 10
151.6289509526555
 20
221.14753164824896
 10
150.41771010768238
 20
221.87427615523302
 10
149.93632854236034
 20
223.3184208511989
 10
148.49242404917499
 20
224.76232534438446
 10
148.49242404917499
 20
227.11934794833977
 10
147.9233884554463
 20
227.6883835420682
 10
145.72928267106025
 20
227.6883835420682
 10
144.72118788284675
 20
227.0835266691402
 10
144.72118788284675
 20
219.7721377615587
 10
145.6639969244288
 20
218.82932871997662
 10
145.6639969244288
 20
209.62933974385956
 10
143.77837884126464
 20
208.6865307022775
 10
143.77837884126464
 20
203.23099021683853
 10
144.330308867677
 20
202.12713016401383
 10
143.3069743204736
 20
201.6154628904121
 10
143.3069743204736
 20
200.72069478404174
 10
142.71656226503086
 20
200.1302827285989
 10
144.3770420347271
 20
200.3674941242698
 10
145.73989717260827
 20
197.91435487608376
 10
144.2497833620557
 20
196.9209456690487
 10
144.2497833620557
 20
195.0638405345494
 10
143.83947264860322
 20
194.65352982109684
 10
144.40703649939888
 20
193.7075900697709
 10
145.39322914136727
 20
193.3788591891148
 10
144.72118788284675
 20
192.70681793059418
 10
144.72118788284675
 20
191.95927103488773
 10
145.29022347657562
 20
191.39023544115886
 10
147.02256873089826
 20
191.39023544115886
 10
148.02101952838396
 20
191.88946083990177
 10
148.91728843997535
 20
191.44132638410605
 10
149.5382387555487
 20
192.06227669967944
 10
149.994284805229
 20
190.69413855063854
 10
143.03011309241353
 20
190.45399469847246
 10
142.81699681224242
 20
189.38841329761692
 10
141.4213562373095
 20
187.9927727226839
 10
141.4213562373095
 20
185.21658456304223
 10
140.4437212189911
 20
182.7724970172462
 10
139.64522019578843
 20
181.97399599404363
 10
135.83379956502188
 20
181.49756841519772
 10
133.86856520462837
 20
180.51495123500095
 10
132.39194183918727
 20
181.40092525426564
 10
133.3796585059101
 20
183.3763585877114
 10
132.98584236250616
 20
184.1639908745193
 10
131.1032290543441
 20
185.57595085564094
 10
129.49545965239
 20
188.5618083164128
 10
128.08857730302336
 20
188.5618083164128
 10
127.27922061357854
 20
189.91073613215414
 10
127.27922061357854
 20
191.95927103488773
 10
127.69953419142242
 20
192.37958461273163
 10
127.24624038561433
 20
193.28617222434775
 10
128.17523358742653
 20
194.83449422736808
 10
129.19880876780547
 20
193.8109190469891
 10
128.72740424701442
 20
192.39670548461606
 10
129.24230807032805
 20
191.88180166130243
 10
130.10764773832474
 20
192.0548695949017
 10
130.10764773832474
 20
195.86857838867377
 10
128.2220296551606
 20
195.86857838867377
 10
128.2220296551606
 20
200.72069478404174
 10
127.65299406143177
 20
201.28973037777052
 10
128.2220296551606
 20
201.85876597149942
 10
128.2220296551606
 20
203.07771738799696
 10
127.65299406143177
 20
203.64675298172574
 10
128.646894045961
 20
204.640652966255
 10
129.66931900798573
 20
204.1294404852425
 10
131.05045677990682
 20
204.4056680396269
 10
131.05045677990682
 20
203.23099021683853
 10
132.4646703422799
 20
200.40256309209238
 10
132.4646703422799
 20
198.55893432596227
 10
133.40747938386195
 20
197.6161252843801
 10
133.87888390465304
 20
198.0875298051713
 10
134.38425849650682
 20
197.58215521331735
 10
134.0487684820211
 20
196.57568516986035
 10
131.72628478730803
 20
196.57568516986035
 10
131.5435176809709
 20
195.2963154255003
 10
133.43289158749536
 20
194.35162847223808
 10
132.94546849699233
 20
191.42708992921987
 10
133.92997484760016
 20
189.45807722800424
 10
133.43751206674227
 20
188.9656144471461
 10
132.11928685711624
 20
189.84443125356353
 10
132.02723589255166
 20
189.56827835986988
 10
132.44609735483974
 20
189.1494168975817
 10
132.91750187563076
 20
186.7923942936266
 10
134.35028842544403
 20
185.3596077438133
 10
136.69301328979472
 20
187.70233260816406
 10
136.2216087690037
 20
191.0021642537012
 10
137.17871555019025
 20
191.95927103488773
 10
137.17871555019025
 20
196.05590094475488
 10
135.7645019878171
 20
199.35573259029204
 10
135.7645019878171
 20
200.24929026325077
 10
135.2465573370355
 20
200.76723491403237
 10
134.2126218956862
 20
200.2502671933577
 10
133.81218796596707
 20
201.4515689825149
 10
136.74879311627942
 20
202.25246129623653
 10
138.09149190889204
 20
201.35732876782808
 10
138.59292911256333
 20
201.85876597149942
  0
LWPOLYLINE
  5
140
330
17
100
AcDbEntity
  8
ENG_D
100
AcDbPolyline
 90
9
 70
1
 10
142.36416527889156
 20
199.87482049996495
 10
139.53573815414538
 20
199.6572491826768
 10
139.53573815414538
 20
196.9494586177135
 10
139.06433363335435
 20
196.47805409692253
 10
139.06433363335435
 20
195.730507201216
 10
140.10477374787425
 20
194.6900670866961
 10
141.30005963614926
 20
194.6900670866961
 10
142.36416527889156
 20
196.17981498653535
 10
142.36416527889156
 20
199.87482049996495
  0
LWPOLYLINE
  5
141
330
17
100
AcDbEntity
  8
ENG_D
100
AcDbPolyline
 90
6
 70
1
 10
149.0194703258698
 20
230.46116891091063
 10
150.336052815305
 20
227.8280039320404
 10
153.15421232109767
 20
225.00984442624784
 10
152.28950813786588
 20
228.03630906755902
 10
150.70982626315836
 20
229.61599094226636
 10
149.0194703258698
 20
230.46116891091063
  0
LWPOLYLINE
  5
142
330
17
100
AcDbEntity
  8
ENG_D
100
AcDbPolyline
 90
17
 70
1
 10
153.7428935354429
 20
230.5771414235498
 10
155.64487441888616
 20
228.19966531924572
 10
156.0348963818315
 20
228.32967264022753
 10
156.0348963818315
 20
231.55725078133437
 10
156.9002360498283
 20
232.42259044933132
 10
157.83721793569677
 20
232.23519407215764
 10
157.47198154377537
 20
233.69613963984315
 10
156.40866982968478
 20
234.7594513539337
 10
155.63485676324657
 20
234.7594513539337
 10
154.22064320087347
 20
233.81664231235177
 10
152.63743366335655
 20
233.81664231235177
 10
150.52279498097602
 20
235.93128099473228
 10
150.39349111056464
 20
235.28476164267542
 10
152.75442596068163
 20
231.97945285251143
 10
152.30956041202484
 20
230.19999065788443
 10
152.71697936727728
 20
230.06418433946686
 10
153.7428935354429
 20
230.5771414235498
  0
LWPOLYLINE
  5
143
330
17
100
AcDbEntity
  8
ENG_D
100
AcDbPolyline
 90
6
 70
1
 10
155.56349186104046
 20
226.14071762755805
 10
154.80381347186528
 20
226.59652466106328
 10
154.63498055906288
 20
225.41469427144634
 10
155.09208734024944
 20
224.95758749026007
 10
155.56349186104046
 20
225.4289920110508
 10
155.56349186104046
 20
226.14071762755805
  0
LWPOLYLINE
  5
144
330
17
100
AcDbEntity
  8
ENG_D
100
AcDbPolyline
 90
12
 70
1
 10
139.00067263147938
 20
193.7132879740513
 10
138.57800477977426
 20
193.57239869014953
 10
138.112830653907
 20
188.45548330560968
 10
137.65592882130412
 20
187.99858147300674
 10
137.84411718270007
 20
184.79937932927558
 10
138.42621290764671
 20
185.67252291669556
 10
139.53573815414538
 20
186.33823806459472
 10
139.53573815414538
 20
190.8631891644641
 10
139.0132426904072
 20
191.90818009194055
 10
139.53573815414538
 20
192.43067555567882
 10
139.53573815414538
 20
193.17822245138527
 10
139.00067263147938
 20
193.7132879740513
  0
LWPOLYLINE
  5
145
330
17
100
AcDbEntity
  8
ENG_D
100
AcDbPolyline
 90
5
 70
1
 10
130.61528170296802
 20
199.2463041985223
 10
130.74458381568365
 20
198.59979363494406
 10
131.37743416002598
 20
198.9795038415495
 10
130.98679577803185
 20
199.37014222354367
 10
130.61528170296802
 20
199.2463041985223
  0
LWPOLYLINE
  5
146
330
17
100
AcDbEntity
  8
ENG_D
100
AcDbPolyline
 90
5
 70
1
 10
167.8200094016073
 20
27.439093278817662
 10
168.39441958719001
 20
28.013503464400237
 10
168.85413560042565
 20
26.63435542469328
 10
167.8200094016073
 20
26.63435542469328
 10
167.8200094016073
 20
27.439093278817662
  0
LWPOLYLINE
  5
147
330
17
100
AcDbEntity
  8
ENG_D
100
AcDbPolyline
 90
14
 70
1
 10
166.85911499100823
 20
236.15488672286355
 10
166.60643257696356
 20
236.0706592515154
 10
166.9934044204031
 20
235.68368740807566
 10
168.36375106123126
 20
235.40961807991033
 10
167.97310653127585
 20
234.23768449004402
 10
164.77342125753526
 20
235.11032592833692
 10
165.46298679765212
 20
235.79989146845358
 10
165.46298679765212
 20
236.5894276811944
 10
164.9404913339139
 20
237.63441860867073
 10
165.83676024550542
 20
238.53068752026218
 10
168.4958374090085
 20
238.53068752026218
 10
168.77711618279383
 20
236.56173610376484
 10
167.8665495315979
 20
235.6511694525687
 10
166.85911499100823
 20
236.15488672286355
  0
LWPOLYLINE
  5
148
330
17
100
AcDbEntity
  8
ENG_D
100
AcDbPolyline
 90
5
 70
1
 10
168.34322219911283
 20
27.577164466275338
 10
167.34860488081625
 20
27.577164466275338
 10
167.34860488081625
 20
28.853306841190808
 10
167.9647622502442
 20
29.46946421061869
 10
168.34322219911283
 20
27.577164466275338
  0
LWPOLYLINE
  5
149
330
17
100
AcDbEntity
  8
ENG_D
100
AcDbPolyline
 90
56
 70
1
 10
148.8295635132418
 20
92.90332457961969
 10
150.3780421323391
 20
93.93564365901797
 10
150.3780421323391
 20
96.54029568922373
 10
149.90663761154806
 20
97.01170021001482
 10
149.49889409263204
 20
96.60395669109867
 10
148.2917873114455
 20
97.0063256181608
 10
149.82330427821472
 20
98.53784258493015
 10
151.7922556947122
 20
98.25656381114479
 10
151.7922556947122
 20
96.73555783509936
 10
152.3612912884411
 20
96.16652224137046
 10
157.07533649635135
 20
96.16652224137046
 10
157.54674101714238
 20
95.69511772057947
 10
158.5618035631548
 20
95.69511772057947
 10
158.88210170002108
 20
94.7342233099805
 10
158.4430099287338
 20
93.85603976740597
 10
158.96095457951552
 20
93.33809511662427
 10
160.0552922101742
 20
93.33809511662427
 10
160.2832061089548
 20
97.2126313958943
 10
162.5369285999681
 20
99.46635388690773
 10
164.33628377238907
 20
99.46635388690773
 10
164.06206696575035
 20
98.0952698537142
 10
165.41446880819296
 20
95.84126678297645
 10
166.04259447521673
 20
95.2131411159527
 10
168.34978740762656
 20
94.95678634568495
 10
167.78159077347746
 20
92.68399980908848
 10
165.62450179432395
 20
91.96497014937066
 10
164.52017775607007
 20
89.9771868805137
 10
164.52017775607007
 20
88.25027646086082
 10
166.40579583923417
 20
86.36465837769659
 10
166.40579583923417
 20
85.22658719023902
 10
165.5352884011573
 20
84.35607975216209
 10
163.64967031799316
 20
84.82748427295306
 10
162.73219074584378
 20
83.91000470080368
 10
161.12271503759504
 20
83.91000470080368
 10
160.65131051680402
 20
84.38140922159465
 10
160.65131051680413
 20
84.38140922159477
 10
159.26336312516258
 20
84.38140922159477
 10
157.8491495627895
 20
85.32421826317682
 10
156.2187903655125
 20
85.32421826317682
 10
156.4950179198967
 20
86.70535603509776
 10
156.11500962144265
 20
87.46537263200594
 10
154.74227702454021
 20
87.66147728870621
 10
154.21037210600593
 20
86.77496909114912
 10
155.18971841318725
 20
85.7956227839678
 10
154.76030320943016
 20
85.36620758021074
 10
151.84789745061605
 20
83.91000470080368
 10
150.4756732052769
 20
83.91000470080368
 10
149.97029861342304
 20
83.40463010894983
 10
148.963828569966
 20
83.74012012343546
 10
148.963828569966
 20
85.19076591103958
 10
146.1224710199717
 20
86.89558044103617
 10
148.8907464323121
 20
87.20316659796279
 10
150.73442907809275
 20
88.22743473450767
 10
149.41506114806504
 20
89.98659197454461
 10
149.88130814211542
 20
91.85157995074611
 10
148.8295635132418
 20
92.90332457961969
  0
LWPOLYLINE
  5
14A
330
17
100
AcDbEntity
  8
ENG_D
100
AcDbPolyline
 90
5
 70
1
 10
161.69175063132388
 20
85.42184933611463
 10
161.69175063132388
 20
86.16939623182095
 10
161.12271503759501
 20
86.73843182554985
 10
160.3751681418886
 20
86.73843182554985
 10
161.69175063132388
 20
85.42184933611463
  0
LWPOLYLINE
  5
14B
330
17
100
AcDbEntity
  8
ENG_D
100
AcDbPolyline
 90
4
 70
1
 10
153.30947492187693
 20
90.30903125414869
 10
153.2977864143216
 20
90.2739657314826
 10
153.34454044454301
 20
90.2739657314826
 10
153.30947492187693
 20
90.30903125414869
  0
LWPOLYLINE
  5
14C
330
17
100
AcDbEntity
  8
ENG_D
100
AcDbPolyline
 90
4
 70
1
 10
166.17009357883867
 20
83.34728302277638
 10
166.17009357883867
 20
85.18614707571915
 10
167.54924161854572
 20
83.80699903601196
 10
166.17009357883867
 20
83.34728302277638
  0
LWPOLYLINE
  5
14D
330
17
100
AcDbEntity
  8
ENG_D
100
AcDbPolyline
 90
14
 70
1
 10
157.33398094424808
 20
124.43329556181371
 10
158.2942879128488
 20
125.39360253041443
 10
160.33317882485466
 20
125.39360253041443
 10
162.141634500154
 20
124.48937469276477
 10
163.61370194754605
 20
125.54085144090199
 10
163.87888865791092
 20
126.33641157199649
 10
165.56061787058994
 20
126.33641157199649
 10
166.36380652220012
 20
125.53322292038638
 10
166.92829130297238
 20
124.40425335884176
 10
166.39522375539838
 20
123.87118581126776
 10
166.11449545969091
 20
121.34463114990058
 10
165.36535572471428
 20
122.09377088487727
 10
160.1933999938371
 20
122.09377088487727
 10
157.33398094424808
 20
124.43329556181371
  0
LWPOLYLINE
  5
14E
330
17
100
AcDbEntity
  8
ENG_D
100
AcDbPolyline
 90
4
 70
1
 10
164.75588001646557
 20
235.56418920805777
 10
165.56061787058994
 20
234.75945135393394
 10
164.75588001646557
 20
233.95471349980923
 10
164.75588001646557
 20
235.56418920805777
  0
LWPOLYLINE
  5
14F
330
17
100
AcDbEntity
  8
ENG_D
100
AcDbPolyline
 90
38
 70
1
 10
155.09208734024944
 20
203.07771738799696
 10
154.50957170834732
 20
203.66023301989898
 10
152.58601489687115
 20
203.93502685011
 10
153.63107771014222
 20
205.67679820556174
 10
154.22674767225269
 20
205.08112824345136
 10
155.09208734024944
 20
205.25419617705066
 10
155.09208734024944
 20
206.87521972505684
 10
154.1437322984723
 20
208.29775228772252
 10
154.417717372685
 20
211.85955825248737
 10
156.5063009026225
 20
210.3677128739605
 10
156.5063009026225
 20
209.40123830415592
 10
157.07533649635135
 20
208.83220271042714
 10
156.5063009026225
 20
208.26316711669824
 10
156.5063009026225
 20
207.04421570020082
 10
157.4356299060313
 20
206.114886696792
 10
157.65353343081475
 20
204.5895620233078
 10
162.26078622505275
 20
204.5895620233078
 10
162.73219074584378
 20
204.1181575025167
 10
163.47973764155017
 20
204.1181575025167
 10
164.04877323527901
 20
204.6871930962456
 10
164.9915822768611
 20
203.74438405466356
 10
164.9915822768611
 20
202.47680978713922
 10
158.49313727842065
 20
202.23612663904888
 10
157.44910994420457
 20
201.19209930483274
 10
157.44910994420457
 20
200.24929026325077
 10
155.19841235105253
 20
197.99859267009867
 10
152.65146211804196
 20
197.767051739825
 10
151.80636536640037
 20
196.07685823654197
 10
152.2803017485957
 20
194.18111270776083
 10
151.25930121423352
 20
192.47944515049053
 10
150.66909454331974
 20
194.25006516323185
 10
149.406069135639
 20
194.50267024476798
 10
149.92011764972136
 20
198.10100984334446
 10
151.18123078394936
 20
199.3621229775725
 10
153.15082750118145
 20
200.34692133618847
 10
154.0105902992841
 20
200.34692133618847
 10
155.09208734024944
 20
202.29361600992613
 10
155.09208734024944
 20
203.07771738799696
  0
LWPOLYLINE
  5
150
330
17
100
AcDbEntity
  8
ENG_D
100
AcDbPolyline
 90
9
 70
1
 10
158.8022296992391
 20
56.532005229324554
 10
159.66173942962507
 20
57.96452144663444
 10
163.1661176676025
 20
58.465146909202794
 10
165.141292010014
 20
57.05430809319445
 10
162.12985615726828
 20
54.544778215906305
 10
161.84955872740795
 20
53.70388592632547
 10
160.33288721953593
 20
54.007220227899836
 10
159.83582347897197
 20
55.49841144959178
 10
158.8022296992391
 20
56.532005229324554
  0
LWPOLYLINE
  5
151
330
17
100
AcDbEntity
  8
ENG_D
100
AcDbPolyline
 90
40
 70
1
 10
146.7044370389487
 20
50.44028372464049
 10
145.62705839796124
 20
49.36290508365293
 10
144.8006933764179
 20
47.434720033385226
 10
143.70286520137768
 20
48.53254820842545
 10
145.19259240363778
 20
50.51885114477217
 10
145.19259240363778
 20
53.36634192232437
 10
147.54961500759293
 20
55.723364526279575
 10
147.54961500759293
 20
56.30810158362354
 10
149.8294811048301
 20
56.56142003887199
 10
150.88016314663358
 20
57.191829263954055
 10
151.29552170448852
 20
58.853263495373895
 10
150.85814059099542
 20
59.290644608866906
 10
150.37243523508457
 20
64.63340352388668
 10
151.73796736401505
 20
67.0913613559615
 10
153.19461828838007
 20
65.63471043159652
 10
153.6710458672259
 20
61.82328980082974
 10
154.67177376240556
 20
59.821834010470475
 10
154.1603468461863
 20
59.310407094251175
 10
154.6317513669773
 20
55.06776640713185
 10
154.24690937160517
 20
54.6829244117597
 10
154.6206828194584
 20
54.309150963906426
 10
154.6206828194584
 20
52.27026005190072
 10
154.18225852663159
 20
51.393411466247095
 10
154.78748256998136
 20
50.384704727330806
 10
155.638226675585
 20
49.95933267452901
 10
159.94884327529155
 20
49.19863562752202
 10
158.9967758587149
 20
47.611856599894196
 10
157.54674101714238
 20
47.611856599894196
 10
157.0642679488324
 20
47.129383531584246
 10
152.6268615795207
 20
47.6224286837299
 10
151.79225569471217
 20
48.45703456853845
 10
151.24134568034998
 20
47.90612455417631
 10
150.3780421323391
 20
49.92049949953503
 10
150.3780421323391
 20
51.31780701959077
 10
149.80180218665265
 20
52.27820692906826
 10
149.42545560208737
 20
52.15275806754638
 10
149.13113047100148
 20
47.14923083908662
 10
148.95978434387783
 20
47.137334086367
 10
148.29919441622314
 20
50.44028372464049
 10
146.7044370389487
 20
50.44028372464049
  0
LWPOLYLINE
  5
152
330
17
100
AcDbEntity
  8
ENG_D
100
AcDbPolyline
 90
4
 70
1
 10
158.15621672539112
 20
55.292400120008246
 10
158.15621672539112
 20
56.90187582825712
 10
158.96095457951546
 20
56.09713797413285
 10
158.15621672539112
 20
55.292400120008246
  0
LWPOLYLINE
  5
153
330
17
100
AcDbEntity
  8
ENG_D
100
AcDbPolyline
 90
5
 70
1
 10
156.46465306490543
 20
96.45302669675316
 10
156.81217386684568
 20
98.19063070645429
 10
158.4396138645229
 20
97.214166707848
 10
158.07832256107966
 20
96.1302927975184
 10
156.46465306490543
 20
96.45302669675316
  0
LWPOLYLINE
  5
154
330
17
100
AcDbEntity
  8
ENG_D
100
AcDbPolyline
 90
4
 70
1
 10
156.74200316301804
 20
55.95906678667528
 10
157.54674101714235
 20
55.154328932550676
 10
156.74200316301804
 20
54.34959107842641
 10
156.74200316301804
 20
55.95906678667528
  0
LWPOLYLINE
  5
155
330
17
100
AcDbEntity
  8
ENG_D
100
AcDbPolyline
 90
7
 70
1
 10
155.8547731187456
 20
58.523063087960516
 10
154.47625567878654
 20
59.350173551935946
 10
154.99445626731162
 20
59.86837414046098
 10
156.60393197556033
 20
59.86837414046098
 10
157.51020375154314
 20
58.9621023644783
 10
156.4875036036942
 20
57.2576021180633
 10
155.8547731187456
 20
58.523063087960516
  0
LWPOLYLINE
  5
156
330
17
100
AcDbEntity
  8
ENG_D
100
AcDbPolyline
 90
5
 70
1
 10
155.1397822189857
 20
68.92989546038608
 10
154.75137234282658
 20
67.76466583190877
 10
153.15877437834905
 20
68.72022461059524
 10
153.54718425450818
 20
69.88545423907256
 10
155.1397822189857
 20
68.92989546038608
  0
LWPOLYLINE
  5
157
330
17
100
AcDbEntity
  8
ENG_D
100
AcDbPolyline
 90
4
 70
1
 10
152.49936247589878
 20
44.92150066260581
 10
152.49936247589878
 20
46.53097637085435
 10
153.30410033002312
 20
45.72623851673008
 10
152.49936247589878
 20
44.92150066260581
  0
LWPOLYLINE
  5
158
330
17
100
AcDbEntity
  8
ENG_D
100
AcDbPolyline
 90
4
 70
1
 10
153.30410033002312
 20
44.78342947514802
 10
152.49936247589878
 20
43.97869162102375
 10
152.49936247589878
 20
45.58816732927229
 10
153.30410033002312
 20
44.78342947514802
  0
LWPOLYLINE
  5
159
330
17
100
AcDbEntity
  8
ENG_D
100
AcDbPolyline
 90
12
 70
1
 10
152.4823870911832
 20
40.2627787858284
 10
152.7376896578341
 20
33.880214619555595
 10
151.92570804684942
 20
32.526911934581236
 10
150.75181558019233
 20
32.526911934581236
 10
150.41467611612555
 20
32.86405139864801
 10
149.53148743364764
 20
31.53926837493115
 10
148.47484594846483
 20
31.89148220332538
 10
148.9538843090956
 20
36.68186580963307
 10
148.49242404917499
 20
37.14332606955373
 10
148.49242404917499
 20
38.86613431435515
 10
150.7664196509332
 20
39.11880049232841
 10
152.4823870911832
 20
40.2627787858284
  0
LWPOLYLINE
  5
15A
330
17
100
AcDbEntity
  8
ENG_D
100
AcDbPolyline
 90
4
 70
1
 10
151.08514891352564
 20
165.3249156101947
 10
151.88988676764998
 20
164.5201777560701
 10
151.08514891352564
 20
163.7154399019458
 10
151.08514891352564
 20
165.3249156101947
  0
LWPOLYLINE
  5
15B
330
17
100
AcDbEntity
  8
ENG_D
100
AcDbPolyline
 90
30
 70
1
 10
141.8674312886679
 20
173.87596656838568
 10
141.4213562373095
 20
174.32204161974397
 10
141.4213562373095
 20
175.49593408640095
 10
142.77028405305091
 20
176.3052907758459
 10
144.81881895578456
 20
176.3052907758459
 10
146.23303251815767
 20
174.89107721347276
 10
146.98057941386406
 20
174.89107721347276
 10
147.51307774199364
 20
175.42357554160236
 10
148.963828569966
 20
174.5531250448189
 10
148.963828569966
 20
172.5618754874696
 10
149.8885522425312
 20
173.02423732375217
 10
150.84944665313014
 20
172.70393918688586
 10
150.84944665313014
 20
169.33185403691832
 10
151.48305322797935
 20
168.69824746206896
 10
150.3780421323391
 20
168.14574191424882
 10
150.3780421323391
 20
167.39399698864966
 10
151.440157829727
 20
164.73870774517985
 10
146.22833979753315
 20
164.98688955623663
 10
145.19259240363778
 20
163.9511421623413
 10
144.24978336205572
 20
164.89395120392336
 10
144.24978336205572
 20
165.9996770650749
 10
145.02079633590364
 20
167.28469868815478
 10
146.15650237793648
 20
167.96612231337448
 10
146.59007191052441
 20
170.56753950890214
 10
146.03777037228198
 20
171.1198410471446
 10
143.68074776832685
 20
171.1198410471446
 10
143.26043419048304
 20
171.5401546249884
 10
142.317625148901
 20
171.06875010419742
 10
141.39602676787686
 20
171.99034848522143
 10
141.8674312886679
 20
173.87596656838568
  0
LWPOLYLINE
  5
15C
330
17
100
AcDbEntity
  8
ENG_D
100
AcDbPolyline
 90
5
 70
1
 10
148.71429062517186
 20
172.18688559178563
 10
147.61070881493148
 20
171.08330378154534
 10
148.1258549532794
 20
170.2247268842988
 10
148.51051983861154
 20
170.35294851274284
 10
148.71429062517186
 20
172.18688559178563
  0
LWPOLYLINE
  5
15D
330
17
100
AcDbEntity
  8
ENG_D
100
AcDbPolyline
 90
4
 70
1
 10
149.67093535115256
 20
71.98682049357008
 10
150.4756732052769
 20
71.18208263944581
 10
149.67093535115256
 20
70.37734478532154
 10
149.67093535115256
 20
71.98682049357008
  0
LWPOLYLINE
  5
15E
330
17
100
AcDbEntity
  8
ENG_D
100
AcDbPolyline
 90
4
 70
1
 10
150.00426868448585
 20
253.61563218557515
 10
149.19953083036154
 20
252.81089433145044
 10
149.19953083036154
 20
254.42037003969986
 10
150.00426868448585
 20
253.61563218557515
  0
LWPOLYLINE
  5
15F
330
17
100
AcDbEntity
  8
ENG_D
100
AcDbPolyline
 90
5
 70
1
 10
148.49242404917499
 20
47.238083152041035
 10
149.1304952366327
 20
47.876154339498655
 10
149.47129781994184
 20
45.49053625633459
 10
148.49242404917499
 20
45.49053625633459
 10
148.49242404917499
 20
47.238083152041035
  0
LWPOLYLINE
  5
160
330
17
100
AcDbEntity
  8
ENG_D
100
AcDbPolyline
 90
4
 70
1
 10
149.53286416369482
 20
93.33809511662427
 10
148.72812630957048
 20
92.5333572625
 10
148.72812630957048
 20
94.14283297074888
 10
149.53286416369482
 20
93.33809511662427
  0
LWPOLYLINE
  5
161
330
17
100
AcDbEntity
  8
ENG_D
100
AcDbPolyline
 90
12
 70
1
 10
148.02101952838396
 20
72.22252275396568
 10
148.49242404917499
 20
71.7511182331746
 10
148.49242404917499
 20
68.35365551469962
 10
146.13540144521983
 20
70.12142246766606
 10
146.13540144521983
 20
71.27971371238363
 10
146.50917489307307
 20
71.65348716023678
 10
146.11523974586734
 20
72.04742230744255
 10
146.46205311737396
 20
73.78148916497562
 10
147.07821048680188
 20
73.16533179554774
 10
147.54961500759293
 20
73.63673631633871
 10
148.02101952838396
 20
73.16533179554774
 10
148.02101952838396
 20
72.22252275396568
  0
LWPOLYLINE
  5
162
330
17
100
AcDbEntity
  8
ENG_D
100
AcDbPolyline
 90
4
 70
1
 10
147.78531726798843
 20
58.59223176554573
 10
147.78531726798843
 20
60.20170747379427
 10
148.5900551221128
 20
59.39696961967
 10
147.78531726798843
 20
58.59223176554573
  0
LWPOLYLINE
  5
163
330
17
100
AcDbEntity
  8
ENG_D
100
AcDbPolyline
 90
4
 70
1
 10
147.64724608053072
 20
234.28804683314274
 10
146.84250822640638
 20
233.48330897901891
 10
146.84250822640638
 20
235.09278468726745
 10
147.64724608053072
 20
234.28804683314274
  0
LWPOLYLINE
  5
164
330
17
100
AcDbEntity
  8
ENG_D
100
AcDbPolyline
 90
5
 70
1
 10
145.61016908466655
 20
198.03370196540902
 10
147.65495239720292
 20
197.15736626003633
 10
146.62395988294708
 20
195.4390454029432
 10
145.12044014930282
 20
197.54397303004512
 10
145.61016908466655
 20
198.03370196540902
  0
LWPOLYLINE
  5
165
330
17
100
AcDbEntity
  8
ENG_D
100
AcDbPolyline
 90
4
 70
1
 10
147.7502517453224
 20
194.11565690111343
 10
146.37110370561535
 20
193.65594088787785
 10
146.37110370561535
 20
195.4948049408204
 10
147.7502517453224
 20
194.11565690111343
  0
LWPOLYLINE
  5
166
330
17
100
AcDbEntity
  8
ENG_D
100
AcDbPolyline
 90
4
 70
1
 10
147.6472460805307
 20
59.868374140461086
 10
146.84250822640638
 20
59.06363628633648
 10
146.84250822640638
 20
60.67311199458536
 10
147.6472460805307
 20
59.868374140461086
  0
LWPOLYLINE
  5
167
330
17
100
AcDbEntity
  8
ENG_D
100
AcDbPolyline
 90
105
 70
1
 10
146.15500205017906
 20
68.51700655708137
 10
145.6562221911015
 20
64.02798782538322
 10
144.78878627290433
 20
62.72683394808753
 10
145.29022347657562
 20
62.22539674441619
 10
146.26885379735708
 20
62.22539674441619
 10
147.1241300794425
 20
60.799936274273826
 10
145.79717372527796
 20
58.94219737844342
 10
144.28074776832685
 20
58.72556509887905
 10
144.72855811335933
 20
55.5908926836518
 10
143.21916179610324
 20
52.27022078568844
 10
142.85929400701156
 20
54.069559731146796
 10
141.47423293658363
 20
54.992933778098774
 10
140.94055808259708
 20
56.06028348607195
 10
141.44789340117435
 20
59.10429539753548
 10
142.80566581660332
 20
59.556886202678406
 10
142.34743122340512
 20
62.30629376186758
 10
142.8355697996826
 20
62.79443233814508
 10
142.8355697996826
 20
64.95619279622456
 10
142.42873626001204
 20
65.36302633589509
 10
141.87630567305226
 20
64.25816516197558
 10
140.940171876406
 20
66.44247735415021
 10
141.27660338867258
 20
68.12463491548326
 10
141.89276075810054
 20
67.50847754605537
 10
141.89276075810054
 20
69.59798449970445
 10
141.48501723918446
 20
69.7338990060099
 10
140.41397621460698
 20
68.66285798143235
 10
139.86147066678677
 20
69.76786907707277
 10
139.63336922708322
 20
69.76786907707277
 10
137.65012007098127
 20
67.78461992097074
 10
137.65012007098127
 20
66.61370943968504
 10
138.59292911256333
 20
66.14230491889394
 10
138.59292911256333
 20
65.42759731701564
 10
137.74775114391906
 20
64.58241934837139
 10
139.06433363335435
 20
63.265836858936055
 10
139.06433363335435
 20
61.85162329656302
 10
139.5428073742085
 20
61.37314955570883
 10
139.0611175568479
 20
54.62949211266033
 10
138.14397656149163
 20
52.3366396242696
 10
138.59292911256333
 20
51.438734522126104
 10
138.59292911256333
 20
48.92843908932954
 10
137.65012007098127
 20
47.98563004774748
 10
137.65012007098127
 20
46.10001196458335
 10
136.79591520506844
 20
45.24580709867054
 10
134.02665657583435
 20
45.49755788314636
 10
131.96871099481498
 20
47.04101706891095
 10
132.45338735955409
 20
49.46439889260623
 10
131.94217487854172
 20
50.48682385463099
 10
132.47815038045317
 20
51.02279935654253
 10
132.94955490124423
 20
54.32263100207968
 10
133.40747938386195
 20
54.780555484697516
 10
133.40747938386195
 20
56.47091142198602
 10
132.93607486307093
 20
56.942315942776986
 10
132.93607486307093
 20
59.77074306752328
 10
131.99326582148888
 20
60.713552109105336
 10
131.99326582148888
 20
61.815068814198625
 10
133.32556243896232
 20
64.21320272565079
 10
134.7916602633548
 20
63.23580417605579
 10
135.2930974670261
 20
63.73724137972714
 10
135.2930974670261
 20
64.48478827543357
 10
134.77515281624446
 20
65.00273292621517
 10
133.8573632526921
 20
64.54383814443898
 10
131.99326582148888
 20
65.87533630958409
 10
131.99326582148888
 20
67.78461992097074
 10
129.60227314647094
 20
70.1756125959887
 10
129.90827871098725
 20
71.09362928953777
 10
131.58067269795285
 20
72.2881964230846
 10
132.87498105573238
 20
74.44537701938381
 10
132.3670392693421
 20
74.95331880577405
 10
131.4005646995376
 20
74.95331880577405
 10
130.11506384772352
 20
76.75301999831375
 10
129.6457849149005
 20
81.44580932654388
 10
129.1648386967427
 20
81.92675554470175
 10
129.1648386967427
 20
82.88862823908983
 10
127.68820682131415
 20
84.8574707396611
 10
129.63624321753372
 20
87.29251623493562
 10
129.63624321753372
 20
88.25027646086082
 10
130.01001666538696
 20
88.62404990871397
 10
129.15377014922376
 20
89.4802964248771
 10
129.43037314570978
 20
91.96972339325148
 10
131.05045677990682
 20
91.64570666641193
 10
131.05045677990682
 20
89.19308550244287
 10
131.50328831325766
 20
88.74025396909191
 10
131.9714907868028
 20
86.39924160136614
 10
133.95975517692062
 20
84.85281374238573
 10
135.35838321365776
 20
84.85281374238573
 10
136.7073110293992
 20
84.04345705294081
 10
136.7073110293992
 20
83.03856056142777
 10
137.71771846103883
 20
81.5229494139682
 10
137.17871555019025
 20
80.98394650311968
 10
137.17871555019025
 20
80.23639960741325
 10
137.65012007098127
 20
79.76499508662216
 10
137.65012007098127
 20
78.80312239223409
 10
139.0516778966405
 20
76.93437862468843
 10
139.52670454403628
 20
74.0842187403139
 10
140.43655787869335
 20
72.26451207099971
 10
141.0475827894563
 20
71.65348716023678
 10
142.26653420595372
 20
71.65348716023678
 10
143.24331331859864
 20
72.63026627288171
 10
144.218380764729
 20
72.30524379083825
 10
144.74134958219923
 20
69.69039970348734
 10
144.2497833620557
 20
69.19883348334388
 10
144.2497833620557
 20
67.64654873351306
 10
144.352033270314
 20
67.64654873351306
 10
145.08775697874233
 20
68.87275491422696
 10
146.15500205017906
 20
68.51700655708137
  0
LWPOLYLINE
  5
168
330
17
100
AcDbEntity
  8
ENG_D
100
AcDbPolyline
 90
11
 70
1
 10
142.8490498378559
 20
250.89831617194002
 10
143.23694562992577
 20
253.61358671642952
 10
143.25557394881443
 20
253.61454768604185
 10
143.97945774448118
 20
250.71901250337493
 10
146.77827045030938
 20
249.44682490981674
 10
145.76162799736653
 20
248.43018245687375
 10
143.87600991420243
 20
248.43018245687375
 10
143.37063532234873
 20
247.9248078650198
 10
142.36416527889156
 20
248.26029787950566
 10
142.36416527889156
 20
250.4134316129756
 10
142.8490498378559
 20
250.89831617194002
  0
LWPOLYLINE
  5
169
330
17
100
AcDbEntity
  8
ENG_D
100
AcDbPolyline
 90
4
 70
1
 10
144.95689014324225
 20
39.45990855898918
 10
145.7616279973666
 20
38.655170704864574
 10
144.95689014324225
 20
37.850432850740305
 10
144.95689014324225
 20
39.45990855898918
  0
LWPOLYLINE
  5
16A
330
17
100
AcDbEntity
  8
ENG_D
100
AcDbPolyline
 90
11
 70
1
 10
145.19259240363775
 20
33.567352049101
 10
145.6639969244288
 20
33.09594752831002
 10
145.6639969244288
 20
31.450650540862046
 10
144.3150691086874
 20
30.641293851417117
 10
143.40460539341146
 20
30.641293851417117
 10
142.92213232510144
 20
30.158820783107053
 10
140.45395985297526
 20
30.43306216889896
 10
140.7871463400412
 20
33.431740552492094
 10
142.01890477970318
 20
31.584102892999066
 10
143.2093432475358
 20
31.584102892999066
 10
145.19259240363775
 20
33.567352049101
  0
LWPOLYLINE
  5
16B
330
17
100
AcDbEntity
  8
ENG_D
100
AcDbPolyline
 90
15
 70
1
 10
140.6166183831851
 20
87.44553860673643
 10
140.0071426749364
 20
88.05501431498519
 10
140.0071426749364
 20
89.15109618540873
 10
141.89276075810054
 20
92.92233235173697
 10
141.89276075810054
 20
93.88503397488147
 10
143.18567771931336
 20
95.69511772057947
 10
144.37107996321598
 20
95.69511772057947
 10
145.6639969244288
 20
93.88503397488147
 10
145.6639969244288
 20
91.25924740050839
 10
144.17231398847036
 20
90.9609108133167
 10
143.73183871127398
 20
91.40138609051307
 10
143.01561515929467
 20
91.04327431452342
 10
141.91816481351037
 20
88.62888355379795
 10
142.50983728704117
 20
87.44553860673643
 10
140.6166183831851
 20
87.44553860673643
  0
LWPOLYLINE
  5
16C
330
17
100
AcDbEntity
  8
ENG_D
100
AcDbPolyline
 90
4
 70
1
 10
145.28252871290937
 20
231.97608632679766
 10
143.61617678720637
 20
232.80926228964938
 10
144.86594073148362
 20
234.0590262339266
 10
145.28252871290937
 20
231.97608632679766
  0
LWPOLYLINE
  5
16D
330
17
100
AcDbEntity
  8
ENG_D
100
AcDbPolyline
 90
5
 70
1
 10
143.14144276390573
 20
90.6481583737978
 10
144.72118788284675
 20
89.70031130243316
 10
144.72118788284675
 20
88.29703049108207
 10
142.79934035583037
 20
88.93764633342094
 10
143.14144276390573
 20
90.6481583737978
  0
LWPOLYLINE
  5
16E
330
17
100
AcDbEntity
  8
ENG_D
100
AcDbPolyline
 90
7
 70
1
 10
140.30141062921854
 20
42.34690137762165
 10
140.94995171651848
 20
42.99544246492171
 10
140.94995171651848
 20
44.97665910809978
 10
142.46738241450964
 20
45.28014524769808
 10
143.83233193945475
 20
43.36921591277498
 10
142.44569399595625
 20
41.427922791877016
 10
140.30141062921854
 20
42.34690137762165
  0
LWPOLYLINE
  5
16F
330
17
100
AcDbEntity
  8
ENG_D
100
AcDbPolyline
 90
4
 70
1
 10
142.12846301849603
 20
248.7635157902066
 10
142.9332008726204
 20
247.95877793608278
 10
142.12846301849603
 20
247.15404008195807
 10
142.12846301849603
 20
248.7635157902066
  0
LWPOLYLINE
  5
170
330
17
100
AcDbEntity
  8
ENG_D
100
AcDbPolyline
 90
4
 70
1
 10
141.657058497705
 20
244.32561295721266
 10
141.657058497705
 20
245.93508866546122
 10
142.46179635182938
 20
245.13035081133648
 10
141.657058497705
 20
244.32561295721266
  0
LWPOLYLINE
  5
171
330
17
100
AcDbEntity
  8
ENG_D
100
AcDbPolyline
 90
7
 70
1
 10
141.3452321762846
 20
45.01913173554362
 10
139.48392987743085
 20
45.01913173554362
 10
140.0425365311395
 20
47.81216500408658
 10
141.26209168638516
 20
48.05607603513573
 10
141.98916135073767
 20
49.5102153638407
 10
142.37332944302628
 20
47.58937490239767
 10
141.3452321762846
 20
45.01913173554362
  0
LWPOLYLINE
  5
172
330
17
100
AcDbEntity
  8
ENG_D
100
AcDbPolyline
 90
7
 70
1
 10
139.95605173198925
 20
51.42963289621305
 10
141.4213562373095
 20
52.89493740153339
 10
142.36416527889156
 20
51.95212835995133
 10
142.36416527889156
 20
50.814057172493655
 10
141.4850172391845
 20
49.93490913278653
 10
140.54709288860613
 20
50.24755058297925
 10
139.95605173198925
 20
51.42963289621305
  0
LWPOLYLINE
  5
173
330
17
100
AcDbEntity
  8
ENG_D
100
AcDbPolyline
 90
4
 70
1
 10
141.09902291501848
 20
215.02290161731497
 10
141.5892056292529
 20
213.55235347461166
 10
139.62847477231517
 20
214.53271890308056
 10
141.09902291501848
 20
215.02290161731497
  0
LWPOLYLINE
  5
174
330
17
100
AcDbEntity
  8
ENG_D
100
AcDbPolyline
 90
4
 70
1
 10
140.71424945612296
 20
67.07751313978427
 10
140.71424945612296
 20
68.68698884803315
 10
141.5189873102473
 20
67.88225099390854
 10
140.71424945612296
 20
67.07751313978427
  0
LWPOLYLINE
  5
175
330
17
100
AcDbEntity
  8
ENG_D
100
AcDbPolyline
 90
5
 70
1
 10
140.47854719572743
 20
38.89087296526017
 10
140.47854719572743
 20
39.69561081938444
 10
141.0529573813101
 20
40.27002100496735
 10
141.5126733945458
 20
38.89087296526017
 10
140.47854719572743
 20
38.89087296526017
  0
LWPOLYLINE
  5
176
330
17
100
AcDbEntity
  8
ENG_D
100
AcDbPolyline
 90
4
 70
1
 10
141.04758278945624
 20
38.655170704864574
 10
140.24284493533193
 20
37.850432850740305
 10
140.24284493533193
 20
39.45990855898918
 10
141.04758278945624
 20
38.655170704864574
  0
LWPOLYLINE
  5
177
330
17
100
AcDbEntity
  8
ENG_D
100
AcDbPolyline
 90
28
 70
1
 10
136.16107452944655
 20
165.55700900007164
 10
139.48672904163433
 20
167.45738300703616
 10
139.03036356229157
 20
168.82647944506445
 10
139.37353610008708
 20
169.16965198285993
 10
138.43072705850497
 20
169.6410565036509
 10
140.0071426749364
 20
171.2174721200823
 10
140.94995171651848
 20
170.27466307850025
 10
140.94995171651848
 20
166.3081647662964
 10
140.47854719572743
 20
165.83676024550542
 10
140.47854719572743
 20
164.35029317870186
 10
139.06433363335435
 20
163.8788886579109
 10
139.06433363335435
 20
158.7656924336399
 10
138.1215245917723
 20
157.82288339205786
 10
137.65012007098127
 20
158.29428791284894
 10
137.2298064931374
 20
157.87397433500504
 10
137.7306455766026
 20
156.87229616807463
 10
136.65424250003448
 20
156.33409462979066
 10
135.89571435571855
 20
154.56419562638678
 10
134.85309554356172
 20
154.91173523043912
 10
134.62846331328322
 20
156.03489638183154
 10
128.5059300531697
 20
156.03489638183154
 10
127.73236882780314
 20
159.38699502508635
 10
130.4596128847843
 20
163.10596419369705
 10
134.25265735250622
 20
163.10596419369705
 10
134.72406187329725
 20
163.57736871448802
 10
136.51408139644735
 20
163.57736871448802
 10
136.69602804667338
 20
164.487101965618
 10
136.16107452944655
 20
165.55700900007164
  0
LWPOLYLINE
  5
178
330
17
100
AcDbEntity
  8
ENG_D
100
AcDbPolyline
 90
4
 70
1
 10
139.7714404145409
 20
33.60779216362075
 10
139.7714404145409
 20
35.21726787186963
 10
140.57617826866522
 20
34.412530017745354
 10
139.7714404145409
 20
33.60779216362075
  0
LWPOLYLINE
  5
179
330
17
100
AcDbEntity
  8
ENG_D
100
AcDbPolyline
 90
76
 70
1
 10
131.0214705541741
 20
41.06090277470453
 10
133.3899814568433
 20
43.95574943352254
 10
134.35028842544403
 20
42.99544246492171
 10
134.35028842544403
 20
42.06038728193084
 10
138.6307522256642
 20
38.23049861857597
 10
139.51765278512852
 20
38.67394889830811
 10
140.7745757946982
 20
38.254974561784834
 10
139.06433363335435
 20
37.11481312088893
 10
139.06433363335435
 20
35.924374653056205
 10
140.10477374787422
 20
34.88393453853633
 10
139.11542457630154
 20
33.89458536696366
 10
139.53573815414538
 20
33.05395821127599
 10
139.53573815414538
 20
31.01506729927028
 10
139.12542744069293
 20
30.60475658581785
 10
139.69299129148854
 20
29.658816834491788
 10
140.56576029606396
 20
29.367893832966672
 10
139.11436093968322
 20
26.17481524892895
 10
137.494943316207
 20
28.334038746897217
 10
136.68922566038245
 20
28.73689757480957
 10
136.23590650860814
 20
28.58579119088478
 10
136.23590650860814
 20
26.32728826209163
 10
135.2930974670261
 20
24.913074699718486
 10
135.2930974670261
 20
23.527485068739917
 10
133.878883904653
 20
19.756248902411677
 10
133.878883904653
 20
17.539598342205977
 10
134.68362175877735
 20
16.734860488081704
 10
132.64931732585762
 20
16.734860488081704
 10
130.10173804581177
 20
17.892851069920667
 10
127.75799846077251
 20
16.955355235904968
 10
126.71116194995669
 20
17.304300739510282
 10
127.22812967063138
 20
18.338236180859614
 10
126.80781609278752
 20
18.758549758703502
 10
126.80781609278752
 20
21.310834508534214
 10
127.27922061357854
 20
21.7822390293253
 10
127.27922061357854
 20
25.082070674862457
 10
128.11254761351753
 20
25.915397674801444
 10
131.88378377984583
 20
26.38680219559253
 10
132.43934087284725
 20
26.9423592885939
 10
131.5447329002686
 20
30.520791178908603
 10
131.0329639120946
 20
31.032560167082558
 10
128.7761140645464
 20
29.227080289043972
 10
127.65299406143174
 20
29.227080289043972
 10
126.5824866233549
 20
30.297587727120877
 10
128.72726399504134
 20
30.833782070042503
 10
129.6548162049739
 20
35.47154311970535
 10
129.97993992843422
 20
35.796666843165625
 10
128.6178998384854
 20
36.76955262170056
 10
127.20785571137245
 20
36.76955262170056
 10
125.79364214899935
 20
37.71236166328262
 10
124.84666367215718
 20
37.71236166328262
 10
121.52653388772974
 20
40.08388293787357
 10
119.1733963811982
 20
40.5545104391799
 10
117.70096678335666
 20
41.53613017107427
 10
116.90832115617586
 20
42.328775798255
 10
116.90832115617586
 20
43.444750250241086
 10
118.2012381173887
 20
45.254833995938995
 10
119.36297483306883
 20
45.254833995938995
 10
120.23348227114573
 20
44.384326557862174
 10
119.7620777503547
 20
42.49870847469794
 10
120.29148613504641
 20
41.96930009000632
 10
121.62236636408618
 20
42.15942583701193
 10
121.62236636408618
 20
43.46684698571279
 10
122.56517540566821
 20
44.409656027294744
 10
123.13421099939707
 20
43.84062043356596
 10
125.01982908256123
 20
43.84062043356596
 10
126.33641157199649
 20
42.52403794413062
 10
126.33641157199649
 20
41.08772764628588
 10
127.24347685632124
 20
39.81783624823121
 10
127.61578131635645
 20
40.562445168301764
 10
129.59896114270927
 20
40.279133764537065
 10
130.09506375128836
 20
37.79862072164153
 10
130.68388768401124
 20
36.8172475004368
 10
131.05045677990682
 20
36.93943719906867
 10
131.05045677990682
 20
39.224206298593465
 10
131.48789122963507
 20
39.66164074832168
 10
131.0214705541741
 20
41.06090277470453
  0
LWPOLYLINE
  5
17A
330
17
100
AcDbEntity
  8
ENG_D
100
AcDbPolyline
 90
7
 70
1
 10
134.6431914803727
 20
29.879938955069683
 10
134.80739520663056
 20
31.02936503887477
 10
134.35028842544403
 20
31.486471820061368
 10
134.35028842544403
 20
32.42928086164343
 10
133.6031828233213
 20
33.176386463766086
 10
133.4169839767003
 20
30.755801457692854
 10
134.6431914803727
 20
29.879938955069683
  0
LWPOLYLINE
  5
17B
330
17
100
AcDbEntity
  8
ENG_D
100
AcDbPolyline
 90
4
 70
1
 10
118.69093357454834
 20
43.168579175045465
 10
118.65586805188222
 20
43.133513652379385
 10
118.70262208210372
 20
43.133513652379385
 10
118.69093357454834
 20
43.168579175045465
  0
LWPOLYLINE
  5
17C
330
17
100
AcDbEntity
  8
ENG_D
100
AcDbPolyline
 90
22
 70
1
 10
134.6882405940978
 20
217.78888860545675
 10
135.69921624118544
 20
217.78888860545675
 10
138.15806185737156
 20
219.26419597516832
 10
140.14140773166062
 20
217.28085010087926
 10
138.61477681312383
 20
216.263096155188
 10
139.07372726727573
 20
213.50939343027653
 10
137.17871555019025
 20
209.7193699961054
 10
137.17871555019025
 20
207.29669254689375
 10
135.24270638368785
 20
205.91382885653488
 10
133.8533822900848
 20
207.766260981339
 10
133.4960835595312
 20
207.40896225078544
 10
130.5790522591158
 20
207.6741469144596
 10
130.5790522591158
 20
208.73457163748932
 10
130.0400493482672
 20
209.27357454833785
 10
131.00730394343168
 20
210.72445644108473
 10
130.4305844666658
 20
211.68565556902786
 10
129.1648386967427
 20
211.9388047230125
 10
129.1648386967427
 20
212.79666850970713
 10
130.43709209929384
 20
213.05111919021735
 10
131.36046614624584
 20
214.43618026064536
 10
133.240679633339
 20
215.37628700419197
 10
134.6882405940978
 20
217.78888860545675
  0
LWPOLYLINE
  5
17D
330
17
100
AcDbEntity
  8
ENG_D
100
AcDbPolyline
 90
5
 70
1
 10
135.77877426389176
 20
209.53930949161358
 10
136.27837913605185
 20
209.53930949161358
 10
136.6918620511737
 20
211.60672406722293
 10
135.96060782246806
 20
212.6304799874108
 10
135.77877426389176
 20
209.53930949161358
  0
LWPOLYLINE
  5
17E
330
17
100
AcDbEntity
  8
ENG_D
100
AcDbPolyline
 90
6
 70
1
 10
138.6016230504286
 20
18.01969680086235
 10
138.93488109607244
 20
21.685535302944146
 10
139.21015319926806
 20
21.68362378329558
 10
139.55456541268524
 20
17.206265008872677
 10
137.78819125843904
 20
17.206265008872677
 10
138.6016230504286
 20
18.01969680086235
  0
LWPOLYLINE
  5
17F
330
17
100
AcDbEntity
  8
ENG_D
100
AcDbPolyline
 90
8
 70
1
 10
136.8319021786836
 20
21.462385734165256
 10
135.72069875464146
 20
22.573589158207398
 10
136.55188986446703
 20
24.513035081133673
 10
138.18681033840397
 20
24.513035081133673
 10
139.53573815414538
 20
23.703678391688744
 10
139.53573815414538
 20
22.058381404240656
 10
138.67626244589667
 20
21.19890569599192
 10
136.8319021786836
 20
21.462385734165256
  0
LWPOLYLINE
  5
180
330
17
100
AcDbEntity
  8
ENG_D
100
AcDbPolyline
 90
4
 70
1
 10
139.16196470629217
 20
26.39865316429779
 10
138.3572268521678
 20
25.59391531017352
 10
138.3572268521678
 20
27.203391018422064
 10
139.16196470629217
 20
26.39865316429779
  0
LWPOLYLINE
  5
181
330
17
100
AcDbEntity
  8
ENG_D
100
AcDbPolyline
 90
9
 70
1
 10
137.6686930584214
 20
223.09054239453596
 10
138.59292911256335
 20
224.0147784486779
 10
139.06433363335435
 20
223.54337392788693
 10
139.06433363335435
 20
221.4624936988472
 10
138.20808711719113
 20
220.60624718268417
 10
135.4867667736315
 20
220.908616109746
 10
136.6096799564615
 20
222.03152929257607
 10
137.4568904380294
 20
222.03152929257607
 10
137.6686930584214
 20
223.09054239453596
  0
LWPOLYLINE
  5
182
330
17
100
AcDbEntity
  8
ENG_D
100
AcDbPolyline
 90
5
 70
1
 10
138.64473738927782
 20
153.44217151748086
 10
137.17871555019025
 20
153.44217151748086
 10
137.17871555019025
 20
154.79056739682673
 10
138.30028679695755
 20
155.1644244790824
 10
138.64473738927782
 20
153.44217151748086
  0
LWPOLYLINE
  5
183
330
17
100
AcDbEntity
  8
ENG_D
100
AcDbPolyline
 90
4
 70
1
 10
137.88582233137677
 20
17.77530060260146
 10
138.6905601855011
 20
16.970562748477192
 10
137.88582233137677
 20
16.16582489435259
 10
137.88582233137677
 20
17.77530060260146
  0
LWPOLYLINE
  5
184
330
17
100
AcDbEntity
  8
ENG_D
100
AcDbPolyline
 90
5
 70
1
 10
133.5855493922558
 20
16.69486166714551
 10
137.26872639644515
 20
16.97818297515996
 10
137.94345458337844
 20
16.303454788226702
 10
134.26027757918914
 20
16.02013348021225
 10
133.5855493922558
 20
16.69486166714551
  0
LWPOLYLINE
  5
185
330
17
100
AcDbEntity
  8
ENG_D
100
AcDbPolyline
 90
5
 70
1
 10
135.86750765260874
 20
41.282961091881454
 10
134.78772287517228
 20
42.36274586931776
 10
135.19009180223443
 20
43.569852650504394
 10
136.26987657967092
 20
42.49006787306786
 10
135.86750765260874
 20
41.282961091881454
  0
LWPOLYLINE
  5
186
330
17
100
AcDbEntity
  8
ENG_D
100
AcDbPolyline
 90
5
 70
1
 10
134.62105620850573
 20
220.72032139499441
 10
135.82816298969223
 20
221.12269032205688
 10
136.43654324633746
 20
220.51431006541145
 10
135.22943646515097
 20
220.11194113834898
 10
134.62105620850573
 20
220.72032139499441
  0
LWPOLYLINE
  5
187
330
17
100
AcDbEntity
  8
ENG_D
100
AcDbPolyline
 90
5
 70
1
 10
134.88535394811004
 20
154.65465289052128
 10
135.86213306075493
 20
153.67787377787633
 10
134.77489687850095
 20
152.59063759562252
 10
133.76129874265305
 20
154.27996782203567
 10
134.88535394811004
 20
154.65465289052128
  0
LWPOLYLINE
  5
188
330
17
100
AcDbEntity
  8
ENG_D
100
AcDbPolyline
 90
4
 70
1
 10
134.58599068583953
 20
220.9506490635358
 10
135.3907285399639
 20
220.14591120941196
 10
134.58599068583953
 20
219.34117335528737
 10
134.58599068583953
 20
220.9506490635358
  0
LWPOLYLINE
  5
189
330
17
100
AcDbEntity
  8
ENG_D
100
AcDbPolyline
 90
4
 70
1
 10
132.70037260267543
 20
166.52754525268122
 10
135.45142108643395
 20
165.34852447392757
 10
132.70037260267543
 20
164.95551754767635
 10
132.70037260267543
 20
166.52754525268122
  0
LWPOLYLINE
  5
18A
330
17
100
AcDbEntity
  8
ENG_D
100
AcDbPolyline
 90
4
 70
1
 10
133.03370593600874
 20
218.26029312624772
 10
132.2289680818844
 20
217.45555527212346
 10
132.2289680818844
 20
219.065030980372
 10
133.03370593600874
 20
218.26029312624772
  0
LWPOLYLINE
  5
18B
330
17
100
AcDbEntity
  8
ENG_D
100
AcDbPolyline
 90
4
 70
1
 10
133.03370593600872
 20
181.01933598375618
 10
132.2289680818844
 20
180.21459812963192
 10
132.2289680818844
 20
181.8240738378808
 10
133.03370593600872
 20
181.01933598375618
  0
LWPOLYLINE
  5
18C
330
17
100
AcDbEntity
  8
ENG_D
100
AcDbPolyline
 90
5
 70
1
 10
131.45820029882287
 20
217.2835140136029
 10
130.84982004217733
 20
217.89189427024846
 10
132.05692682336385
 20
218.2942631973106
 10
132.6653070800094
 20
217.68588294066504
 10
131.45820029882287
 20
217.2835140136029
  0
LWPOLYLINE
  5
18D
330
17
100
AcDbEntity
  8
ENG_D
100
AcDbPolyline
 90
5
 70
1
 10
129.9070110005953
 20
217.42048974945737
 10
131.11411778178183
 20
217.82285867651962
 10
131.72249803842732
 20
217.21447841987396
 10
130.51539125724082
 20
216.81210949281183
 10
129.9070110005953
 20
217.42048974945737
  0
LWPOLYLINE
  5
18E
330
17
100
AcDbEntity
  8
ENG_D
100
AcDbPolyline
 90
5
 70
1
 10
131.1952096285437
 20
166.64817976080892
 10
131.57366957741237
 20
164.75588001646568
 10
130.10764773832474
 20
164.75588001646568
 10
130.10764773832474
 20
165.56061787058997
 10
131.1952096285437
 20
166.64817976080892
  0
LWPOLYLINE
  5
18F
330
17
100
AcDbEntity
  8
ENG_D
100
AcDbPolyline
 90
4
 70
1
 10
130.67668333205359
 20
48.554665641476255
 10
129.87194547792924
 20
47.749927787351986
 10
129.87194547792924
 20
49.35940349560053
 10
130.67668333205359
 20
48.554665641476255
  0
LWPOLYLINE
  5
190
330
17
100
AcDbEntity
  8
ENG_D
100
AcDbPolyline
 90
5
 70
1
 10
130.27431440499143
 20
45.990536256334536
 10
130.61511698830057
 20
43.60491817317047
 10
129.63624321753372
 20
43.60491817317047
 10
129.63624321753372
 20
45.35246506887691
 10
130.27431440499143
 20
45.990536256334536
  0
LWPOLYLINE
  5
191
330
17
100
AcDbEntity
  8
ENG_D
100
AcDbPolyline
 90
4
 70
1
 10
129.40054095713822
 20
49.635545870516104
 10
129.40054095713822
 20
51.245021578764984
 10
130.20527881126253
 20
50.44028372464038
 10
129.40054095713822
 20
49.635545870516104
  0
LWPOLYLINE
  5
192
330
17
100
AcDbEntity
  8
ENG_D
100
AcDbPolyline
 90
7
 70
1
 10
129.1648386967427
 20
46.73433330494381
 10
129.1648386967427
 20
43.98629244171559
 10
130.87039627541517
 20
43.1335136523795
 10
128.31205990740648
 20
43.1335136523795
 10
127.74689044098433
 20
44.26385258522381
 10
128.03691410974335
 20
48.614207616609285
 10
129.1648386967427
 20
46.73433330494381
  0
LWPOLYLINE
  5
193
330
17
100
AcDbEntity
  8
ENG_D
100
AcDbPolyline
 90
4
 70
1
 10
128.9291364363472
 20
165.12965346431864
 10
128.9291364363472
 20
166.73912917256752
 10
129.7338742904715
 20
165.93439131844323
 10
128.9291364363472
 20
165.12965346431864
  0
LWPOLYLINE
  5
194
330
17
100
AcDbEntity
  8
ENG_D
100
AcDbPolyline
 90
5
 70
1
 10
127.72517484965145
 20
51.22169161709367
 10
128.02393290771118
 20
53.31299802351186
 10
129.63624321753372
 20
52.990535961547344
 10
129.63624321753372
 20
50.58466882779966
 10
127.72517484965145
 20
51.22169161709367
  0
LWPOLYLINE
  5
195
330
17
100
AcDbEntity
  8
ENG_D
100
AcDbPolyline
 90
7
 70
1
 10
127.42866322859302
 20
168.53704601157716
 10
125.83862767271492
 20
169.59706971549593
 10
126.19165872335958
 20
171.36222496871923
 10
126.9141411035906
 20
170.63974258848825
 10
129.66896082754806
 20
170.3893044317648
 10
129.3648386967427
 20
168.2604495161273
 10
127.42866322859302
 20
168.53704601157716
  0
LWPOLYLINE
  5
196
330
17
100
AcDbEntity
  8
ENG_D
100
AcDbPolyline
 90
4
 70
1
 10
127.9863273947651
 20
51.245021578764984
 10
128.79106524888942
 20
50.44028372464038
 10
127.9863273947651
 20
49.635545870516104
 10
127.9863273947651
 20
51.245021578764984
  0
LWPOLYLINE
  5
197
330
17
100
AcDbEntity
  8
ENG_D
100
AcDbPolyline
 90
7
 70
1
 10
126.33641157199649
 20
78.42303502867954
 10
127.45798281876381
 20
78.79689211093522
 10
128.27383793187514
 20
74.71761654537856
 10
126.8978463450334
 20
74.71761654537856
 10
125.81391610825828
 20
76.88547701892878
 10
126.33641157199649
 20
77.40797248266706
 10
126.33641157199649
 20
78.42303502867954
  0
LWPOLYLINE
  5
198
330
17
100
AcDbEntity
  8
ENG_D
100
AcDbPolyline
 90
5
 70
1
 10
125.25201469493311
 20
172.88277049810108
 10
126.74249419596484
 20
174.96944179954534
 10
128.41586038049562
 20
173.96542208882693
 10
126.37574205303275
 20
172.50819471206768
 10
125.25201469493311
 20
172.88277049810108
  0
LWPOLYLINE
  5
199
330
17
100
AcDbEntity
  8
ENG_D
100
AcDbPolyline
 90
12
 70
1
 10
125.76737597826765
 20
68.82506003549061
 10
125.37930479080994
 20
69.21313122294836
 10
125.77287598378878
 20
71.96812957380028
 10
126.48548277049649
 20
69.83030921367717
 10
126.85717935505805
 20
69.9542080751977
 10
127.17621494878686
 20
70.91131485638414
 10
127.75062513436957
 20
70.33690467080156
 10
127.75062513436957
 20
68.7495256980245
 10
126.42702628614255
 20
66.89648731050669
 10
125.39360253041443
 20
67.24096189574935
 10
125.39360253041443
 20
68.45128658763744
 10
125.76737597826765
 20
68.82506003549061
  0
LWPOLYLINE
  5
19A
330
17
100
AcDbEntity
  8
ENG_D
100
AcDbPolyline
 90
5
 70
1
 10
125.664370313476
 20
17.0735684132689
 10
126.87147709466248
 20
17.475937340331036
 10
127.47985735130801
 20
16.86755708368548
 10
126.27275057012147
 20
16.465188156623235
 10
125.664370313476
 20
17.0735684132689
  0
LWPOLYLINE
  5
19B
330
17
100
AcDbEntity
  8
ENG_D
100
AcDbPolyline
 90
7
 70
1
 10
126.81828669293238
 20
155.32778960064496
 10
125.90747967864912
 20
155.32778960064496
 10
125.37344083106194
 20
157.99798383858098
 10
125.87370098907074
 20
158.49824399658985
 10
126.20718194502584
 20
162.1665345120956
 10
126.5212723630102
 20
162.1591191888555
 10
126.81828669293238
 20
155.32778960064496
  0
LWPOLYLINE
  5
19C
330
17
100
AcDbEntity
  8
ENG_D
100
AcDbPolyline
 90
5
 70
1
 10
126.40007257387146
 20
193.30982359538584
 10
127.00845283051702
 20
192.7014433387403
 10
125.80134604933049
 20
192.29907441167816
 10
125.19296579268493
 20
192.9074546683237
 10
126.40007257387146
 20
193.30982359538584
  0
LWPOLYLINE
  5
19D
330
17
100
AcDbEntity
  8
ENG_D
100
AcDbPolyline
 90
6
 70
1
 10
126.33641157199649
 20
47.238083152041035
 10
126.33641157199649
 20
45.01913173554362
 10
124.05551302906626
 20
45.01913173554362
 10
122.93840114110121
 20
47.811911455456155
 10
125.48016505583325
 20
48.09432966820415
 10
126.33641157199649
 20
47.238083152041035
  0
LWPOLYLINE
  5
19E
330
17
100
AcDbEntity
  8
ENG_D
100
AcDbPolyline
 90
29
 70
1
 10
113.0902889221135
 20
23.243248659432393
 10
113.70612058357645
 20
22.62741699796955
 10
114.92507200007392
 20
22.62741699796955
 10
115.39647652086497
 20
23.098821518760527
 10
117.28209460402904
 20
23.098821518760527
 10
117.75349912482007
 20
23.570226039551613
 10
119.21696405581679
 20
23.570226039551613
 10
120.67955732250411
 20
24.197051725274644
 10
120.67955732250411
 20
26.77242661215096
 10
120.20815280171308
 20
27.24383113294204
 10
120.20815280171308
 20
29.32471136198178
 10
120.58192624956631
 20
29.69848480983506
 10
120.1879911023606
 20
30.092419957040704
 10
120.55181837653114
 20
31.911556327893443
 10
122.21162201507498
 20
29.698484809834945
 10
123.88175789510349
 20
29.698484809834945
 10
124.38713248695737
 20
30.203859401688902
 10
125.52519315563679
 20
29.82450584546248
 10
124.51839187888996
 20
28.314303930342067
 10
124.96600124279904
 20
27.866694566432983
 10
123.50268565194087
 20
24.45229152109729
 10
123.03049601879465
 20
20.20258482278137
 10
122.0937708848772
 20
18.329134554946446
 10
122.0937708848772
 20
16.72390338054408
 10
111.11415090215861
 20
17.222977016122076
 10
112.66568046905658
 20
20.326036149918014
 10
112.66568046905658
 20
21.115572362658597
 10
112.13318214092699
 20
21.648070690788224
 10
113.0902889221135
 20
23.243248659432393
  0
LWPOLYLINE
  5
19F
330
17
100
AcDbEntity
  8
ENG_D
100
AcDbPolyline
 90
5
 70
1
 10
122.79419600488457
 20
16.643911076323015
 10
124.52826286241769
 20
16.990724447829564
 10
125.16458193119809
 20
16.354405379049197
 10
123.43051507366498
 20
16.007592007542648
 10
122.79419600488457
 20
16.643911076323015
  0
LWPOLYLINE
  5
1A0
330
17
100
AcDbEntity
  8
ENG_D
100
AcDbPolyline
 90
44
 70
1
 10
117.30115825683504
 20
84.38140922159477
 10
115.08798881964343
 20
84.38140922159477
 10
114.07989403142966
 20
83.77655234866654
 10
114.07989403142966
 20
83.06482673215942
 10
114.88463188555394
 20
82.26008887803505
 10
113.31714549433947
 20
82.26008887803505
 10
111.29443602541797
 20
83.27144361249594
 10
110.33834879591363
 20
86.13970530100879
 10
109.26821775058154
 20
87.20983634634094
 10
109.83725334431038
 20
87.77887194006972
 10
109.83725334431038
 20
88.70261732884576
 10
111.17595326679651
 20
90.4875505588273
 10
110.78006238589245
 20
90.88344143973137
 10
110.78006238589245
 20
95.0975691781858
 10
109.43158376679499
 20
95.99655492425086
 10
108.24288388350827
 20
97.77960474918102
 10
111.18583624819767
 20
98.0471458732436
 10
113.08144323394374
 20
98.99494936611663
 10
113.95375000982702
 20
98.99494936611663
 10
114.90739122937862
 20
100.42541119544413
 10
118.93702224500177
 20
99.92170731849114
 10
119.79784208826062
 20
98.4870075797264
 10
119.27041097392558
 20
97.95957646539144
 10
119.84526673609992
 20
97.67214858430418
 10
118.86153762939756
 20
96.1965549242506
 10
119.26534376013102
 20
95.79274879351729
 10
119.26534376013102
 20
94.65467760605961
 10
118.79393923933998
 20
94.18327308526852
 10
118.79393923933998
 20
91.86823979834746
 10
118.49140841321602
 20
91.26317814609963
 10
120.14034323048007
 20
91.44639312579561
 10
122.03812912897334
 20
92.39528607504222
 10
123.60561552018814
 20
92.39528607504222
 10
124.54842456177018
 20
91.45247703346016
 10
123.61909555836144
 20
90.52314803005135
 10
122.0937708848772
 20
90.305244505268
 10
122.0937708848772
 20
89.66449002323384
 10
122.61626634861541
 20
89.14199455949567
 10
122.14486182782437
 20
88.19918551791362
 10
122.56517540566823
 20
87.77887194006972
 10
122.56517540566823
 20
86.62058069535217
 10
120.62548633238572
 20
85.16581389039024
 10
119.34013310671573
 20
82.85217808418422
 10
117.30115825683504
 20
84.38140922159477
  0
LWPOLYLINE
  5
1A1
330
17
100
AcDbEntity
  8
ENG_D
100
AcDbPolyline
 90
4
 70
1
 10
119.25014211874736
 20
97.96971089298057
 10
118.89694490413163
 20
98.32290810759625
 10
118.84648815918653
 20
98.17153787276101
 10
119.25014211874736
 20
97.96971089298057
  0
LWPOLYLINE
  5
1A2
330
17
100
AcDbEntity
  8
ENG_D
100
AcDbPolyline
 90
5
 70
1
 10
121.42172962635667
 20
16.60216389247782
 10
122.62883640754319
 20
17.004532819539953
 10
123.2372166641888
 20
16.396152562894393
 10
122.03010988300224
 20
15.993783635832258
 10
121.42172962635667
 20
16.60216389247782
  0
LWPOLYLINE
  5
1A3
330
17
100
AcDbEntity
  8
ENG_D
100
AcDbPolyline
 90
15
 70
1
 10
121.15096184329515
 20
54.58529333882189
 10
120.64952463962385
 20
55.08673054249324
 10
119.33670866233713
 20
54.21151989096873
 10
118.24700038108273
 20
54.21151989096873
 10
116.43691663538483
 20
55.50443685218154
 10
116.43691663538483
 20
56.23059032626998
 10
117.78584445112627
 20
57.0399470157148
 10
119.19397885792492
 20
57.0399470157148
 10
120.70959000538437
 20
58.0503544473544
 10
122.0937708848772
 20
56.666173567861634
 10
122.0937708848772
 20
55.251960005488485
 10
122.56517540566823
 20
54.780555484697516
 10
122.56517540566823
 20
53.03300858899107
 10
121.15096184329515
 20
53.03300858899107
 10
121.15096184329515
 20
54.58529333882189
  0
LWPOLYLINE
  5
1A4
330
17
100
AcDbEntity
  8
ENG_D
100
AcDbPolyline
 90
17
 70
1
 10
121.16128054331985
 20
74.98629903373822
 10
122.56517540566823
 20
74.14396211632912
 10
122.56517540566823
 20
70.50625463204474
 10
120.8172164154441
 20
70.25654620486976
 10
119.81744585814808
 20
68.75689036892574
 10
117.79548844185406
 20
69.76786907707277
 10
116.2670320580167
 20
69.76786907707277
 10
115.88540799362109
 20
70.91274127025959
 10
118.21433156177541
 20
71.17151055561011
 10
118.79393923933999
 20
71.7511182331746
 10
118.79393923933999
 20
72.45062419366933
 10
117.85113019775793
 20
72.9220287144603
 10
117.85113019775793
 20
74.1081408371298
 10
118.79393923934
 20
75.05094987871186
 10
119.36297483306888
 20
74.48191428498296
 10
120.15251104580943
 20
74.48191428498296
 10
121.16128054331985
 20
74.98629903373822
  0
LWPOLYLINE
  5
1A5
330
17
100
AcDbEntity
  8
ENG_D
100
AcDbPolyline
 90
11
 70
1
 10
117.85113019775793
 20
51.48072383916025
 10
118.79393923933998
 20
52.42353288074231
 10
119.36297483306883
 20
51.85449728701352
 10
121.52473529114836
 20
51.85449728701352
 10
122.2385237335141
 20
52.56828572937921
 10
122.57645838839407
 20
50.878612454979375
 10
122.05178156784314
 20
49.829258813877566
 10
119.09867709346435
 20
46.87615433949877
 10
118.80386906812328
 20
48.939810516886226
 10
117.85113019775793
 20
50.36891882243422
 10
117.85113019775793
 20
51.48072383916025
  0
LWPOLYLINE
  5
1A6
330
17
100
AcDbEntity
  8
ENG_D
100
AcDbPolyline
 90
4
 70
1
 10
121.85806862448169
 20
69.6297978896152
 10
122.66280647860603
 20
68.82506003549061
 10
121.85806862448169
 20
68.02032218136634
 10
121.85806862448169
 20
69.6297978896152
  0
LWPOLYLINE
  5
1A7
330
17
100
AcDbEntity
  8
ENG_D
100
AcDbPolyline
 90
5
 70
1
 10
122.71422524509136
 20
197.23022034305814
 10
121.70321157243164
 20
195.545197555292
 10
120.16045792297682
 20
196.47084974496488
 10
120.51815617337536
 20
197.5439444961604
 10
122.71422524509136
 20
197.23022034305814
  0
LWPOLYLINE
  5
1A8
330
17
100
AcDbEntity
  8
ENG_D
100
AcDbPolyline
 90
16
 70
1
 10
122.11812957677043
 20
162.1283282877487
 10
121.15096184329515
 20
160.6775766875357
 10
121.15096184329515
 20
158.79195860437156
 10
120.20815280171308
 20
157.37774504199842
 10
120.20815280171308
 20
154.56504106355484
 10
119.78783922386923
 20
153.72441390786696
 10
120.3057838746509
 20
153.20646925708536
 10
119.73674828092206
 20
152.63743366335657
 10
119.73674828092206
 20
151.22322010098344
 10
118.74714317160593
 20
150.2336149916673
 10
117.85113019775793
 20
151.72696994808055
 10
117.85113019775793
 20
157.54674101714238
 10
119.29503469094324
 20
158.9906455103277
 10
120.2378437325253
 20
161.8190726350739
 10
121.72537202887781
 20
163.30660093142657
 10
122.11812957677043
 20
162.1283282877487
  0
LWPOLYLINE
  5
1A9
330
17
100
AcDbEntity
  8
ENG_D
100
AcDbPolyline
 90
90
 70
1
 10
110.21884261481976
 20
160.82167009283455
 10
111.20492677669282
 20
160.32862801189796
 10
111.72287142747452
 20
160.84657266267965
 10
111.72287142747452
 20
162.5631947706998
 10
110.71246399583485
 20
164.0788059181594
 10
111.25146690668349
 20
164.61780882900788
 10
111.25146690668349
 20
165.83676024550542
 10
110.68243131295462
 20
166.40579583923432
 10
109.77871055806716
 20
166.40579583923432
 10
105.43798837260282
 20
168.70382523153893
 10
106.4599523251878
 20
169.72578918412395
 10
107.33549045994513
 20
169.55068155717257
 10
106.52825753463844
 20
171.56876387043917
 10
106.98866452021171
 20
173.87079879830546
 10
106.53742169877316
 20
174.32204161974397
 10
106.53742169877316
 20
175.4181234901676
 10
107.11422112011252
 20
176.57172233284624
 10
108.3691340139868
 20
176.32073975407135
 10
109.77206552854996
 20
177.32283369304503
 10
109.36584882351936
 20
178.13526710310623
 10
109.36584882351936
 20
180.4503003900274
 10
108.42303978193729
 20
181.39310943160947
 10
108.42303978193729
 20
185.83101226460442
 10
108.89444430272832
 20
186.3024167853954
 10
108.89444430272832
 20
189.60224843093266
 10
109.36584882351936
 20
190.07365295172363
 10
109.36584882351936
 20
194.59243601375832
 10
108.89444430272832
 20
195.0638405345494
 10
108.89444430272832
 20
196.20191172200708
 10
109.36584882351936
 20
196.67331624279817
 10
109.36584882351936
 20
202.1349083464149
 10
108.42303978193729
 20
203.07771738799696
 10
108.42303978193729
 20
204.21578857545464
 10
109.30218782164438
 20
205.09493661516177
 10
110.50929460283089
 20
204.69256768809942
 10
109.83725334431038
 20
204.020526429579
 10
109.83725334431038
 20
203.314036460318
 10
111.75598816345517
 20
202.24807267190414
 10
113.66016100718112
 20
202.7241158828357
 10
115.51899134352043
 20
201.3299931305812
 10
118.36907484853961
 20
202.75503488309087
 10
118.80823697894446
 20
202.31587275268603
 10
118.30089421014402
 20
198.76447337108283
 10
115.96551211459379
 20
197.83032053286277
 10
115.96551211459379
 20
194.78769815963392
 10
116.41834364794465
 20
194.3348666262831
 10
116.91960413890169
 20
191.82856417149785
 10
115.96551211459379
 20
189.92038012288214
 10
115.96551211459379
 20
188.86332825983553
 10
114.5512985522207
 20
188.39192373904456
 10
114.5512985522207
 20
186.77382130618636
 10
115.26508699458643
 20
186.06003286382068
 10
113.55137609962446
 20
185.71729068482833
 10
111.64430400734268
 20
187.14759475403963
 10
110.90135898705269
 20
187.14759475403963
 10
109.83725334431038
 20
185.6578468542005
 10
109.83725334431038
 20
183.79212135259883
 10
109.39882905148356
 20
182.91527276694498
 10
109.99851419464883
 20
181.91579752833618
 10
112.31547342686483
 20
180.98901383544984
 10
114.96800718188325
 20
178.81875894498023
 10
117.07267241155789
 20
175.31098356218922
 10
119.71612007726118
 20
174.10941644141496
 10
120.19822297292978
 20
170.73469617173464
 10
121.18724945989798
 20
169.2511564412824
 10
119.73175382963107
 20
166.34016518074844
 10
119.45451736223954
 20
163.29056403944165
 10
118.32253471854895
 20
164.4225466831324
 10
117.88116288063819
 20
163.98117484522157
 10
116.46694931826507
 20
164.92398388680363
 10
116.43691663538483
 20
164.89395120392336
 10
116.43691663538483
 20
157.03334717931727
 10
116.95941209912303
 20
155.98835625184094
 10
116.43691663538483
 20
155.46586078810265
 10
116.43691663538483
 20
153.62223202197256
 10
115.02270307301173
 20
150.79380489722638
 10
115.02270307301173
 20
149.36994734412545
 10
114.2025493297862
 20
148.00302443874958
 10
108.36590988002551
 20
148.76432523654438
 10
108.86911483329567
 20
150.77714504962503
 10
108.32540870899948
 20
151.32085117392126
 10
108.89444430272832
 20
151.88988676765004
 10
108.89444430272832
 20
152.88073674444402
 10
109.83725334431038
 20
153.352141265235
 10
109.83725334431038
 20
155.0364455843458
 10
109.31475788057219
 20
156.08143651182215
 10
110.30865786510141
 20
157.0753364963514
 10
110.30865786510141
 20
157.8491495627895
 10
109.32269598704424
 20
159.32809237987522
 10
110.21884261481976
 20
160.82167009283455
  0
LWPOLYLINE
  5
1AA
330
17
100
AcDbEntity
  8
ENG_D
100
AcDbPolyline
 90
8
 70
1
 10
118.61129274482518
 20
171.6441612601207
 10
118.74905139012382
 20
172.332954486614
 10
113.7311448089952
 20
172.9874640406742
 10
113.13708498984761
 20
171.9973643420949
 10
113.13708498984761
 20
170.78712452573674
 10
114.96306823421943
 20
169.7726893899747
 10
116.81875356608441
 20
172.09229605480581
 10
118.61129274482518
 20
171.6441612601207
  0
LWPOLYLINE
  5
1AB
330
17
100
AcDbEntity
  8
ENG_D
100
AcDbPolyline
 90
5
 70
1
 10
117.47765429691438
 20
167.25067626086886
 10
117.95596562265337
 20
166.45349071797057
 10
118.32253471854895
 20
166.5756804166024
 10
118.32253471854895
 20
166.74374800788817
 10
117.47765429691438
 20
167.25067626086886
  0
LWPOLYLINE
  5
1AC
330
17
100
AcDbEntity
  8
ENG_D
100
AcDbPolyline
 90
12
 70
1
 10
112.18966128644746
 20
195.11505917521964
 10
112.1705517409366
 20
195.0195114476654
 10
110.78006238589244
 20
194.09251854430255
 10
110.78006238589244
 20
192.90208007646982
 10
111.31512790855845
 20
192.3670145538039
 10
112.75231153095208
 20
192.84607576126834
 10
114.1302851147679
 20
191.00877764951397
 10
115.49410759380277
 20
191.9829365631103
 10
115.49410759380277
 20
192.25751014527492
 10
114.41812175137153
 20
193.76389032467856
 10
112.74579370866772
 20
194.00279433077915
 10
112.18966128644746
 20
195.11505917521964
  0
LWPOLYLINE
  5
1AD
330
17
100
AcDbEntity
  8
ENG_D
100
AcDbPolyline
 90
4
 70
1
 10
112.22060290795915
 20
195.2697672827781
 10
112.56902632622575
 20
195.96661411931137
 10
112.37303815345079
 20
196.03194351023635
 10
112.22060290795915
 20
195.2697672827781
  0
LWPOLYLINE
  5
1AE
330
17
100
AcDbEntity
  8
ENG_D
100
AcDbPolyline
 90
5
 70
1
 10
110.4741894216693
 20
188.7002986983325
 10
111.20377202794722
 20
189.13804826209923
 10
111.09365881059942
 20
189.46838791414265
 10
110.3503057028185
 20
189.31971729258646
 10
110.4741894216693
 20
188.7002986983325
  0
LWPOLYLINE
  5
1AF
330
17
100
AcDbEntity
  8
ENG_D
100
AcDbPolyline
 90
5
 70
1
 10
118.55155531776529
 20
75.09807165441096
 10
120.28562217529841
 20
75.4448850259175
 10
120.92194124407882
 20
74.80856595713715
 10
119.1878743865457
 20
74.46175258563059
 10
118.55155531776529
 20
75.09807165441096
  0
LWPOLYLINE
  5
1B0
330
17
100
AcDbEntity
  8
ENG_D
100
AcDbPolyline
 90
4
 70
1
 10
120.30578387465088
 20
46.19764303752116
 10
119.50104602052654
 20
45.39290518339656
 10
119.50104602052654
 20
47.00238089164544
 10
120.30578387465088
 20
46.19764303752116
  0
LWPOLYLINE
  5
1B1
330
17
100
AcDbEntity
  8
ENG_D
100
AcDbPolyline
 90
4
 70
1
 10
119.50104602052654
 20
80.7482442427242
 10
119.50104602052654
 20
82.35771995097308
 10
120.30578387465088
 20
81.55298209684847
 10
119.50104602052654
 20
80.7482442427242
  0
LWPOLYLINE
  5
1B2
330
17
100
AcDbEntity
  8
ENG_D
100
AcDbPolyline
 90
5
 70
1
 10
119.76454306042427
 20
80.56503792807312
 10
117.72100443124316
 20
77.937631119126
 10
117.3595639776144
 20
79.74483338726968
 10
119.36834942492268
 20
81.75361883457799
 10
119.76454306042427
 20
80.56503792807312
  0
LWPOLYLINE
  5
1B3
330
17
100
AcDbEntity
  8
ENG_D
100
AcDbPolyline
 90
5
 70
1
 10
117.80865757031424
 20
30.876996111812606
 10
116.90832115617586
 20
30.876996111812606
 10
116.90832115617586
 20
32.22539199115837
 10
118.16190928832677
 20
32.643254701875236
 10
117.80865757031424
 20
30.876996111812606
  0
LWPOLYLINE
  5
1B4
330
17
100
AcDbEntity
  8
ENG_D
100
AcDbPolyline
 90
4
 70
1
 10
116.53454770832262
 20
186.67619023324855
 10
115.72980985419828
 20
185.8714523791243
 10
115.72980985419828
 20
187.48092808737314
 10
116.53454770832262
 20
186.67619023324855
  0
LWPOLYLINE
  5
1B5
330
17
100
AcDbEntity
  8
ENG_D
100
AcDbPolyline
 90
4
 70
1
 10
115.72980985419828
 20
25.122510789382435
 10
115.72980985419828
 20
26.73198649763131
 10
116.53454770832262
 20
25.927248643506708
 10
115.72980985419828
 20
25.122510789382435
  0
LWPOLYLINE
  5
1B6
330
17
100
AcDbEntity
  8
ENG_D
100
AcDbPolyline
 90
4
 70
1
 10
110.91813357335016
 20
71.22252275396579
 10
111.63074036005784
 20
76.21077026091949
 10
112.69965054011936
 20
73.00403972073488
 10
110.91813357335016
 20
71.22252275396579
  0
LWPOLYLINE
  5
1B7
330
17
100
AcDbEntity
  8
ENG_D
100
AcDbPolyline
 90
8
 70
1
 10
109.91472271789573
 20
79.64720231433198
 10
108.29588667017467
 20
79.97096952387616
 10
109.69856534492713
 20
82.49579113843053
 10
110.87769345883027
 20
82.49579113843053
 10
112.22824601932834
 20
81.14523857793255
 10
111.8605379572324
 20
80.04211439164466
 10
110.8266025158831
 20
80.55908211231933
 10
109.91472271789573
 20
79.64720231433198
  0
LWPOLYLINE
  5
1B8
330
17
100
AcDbEntity
  8
ENG_D
100
AcDbPolyline
 90
4
 70
1
 10
111.82050250041233
 20
79.19595949289338
 10
111.01576464628798
 20
78.39122163876911
 10
111.01576464628798
 20
80.00069734701765
 10
111.82050250041233
 20
79.19595949289338
  0
LWPOLYLINE
  5
1B9
330
17
100
AcDbEntity
  8
ENG_D
100
AcDbPolyline
 90
4
 70
1
 10
109.93488441724817
 20
158.39191898578676
 10
109.13014656312383
 20
157.58718113166213
 10
109.13014656312383
 20
159.19665683991101
 10
109.93488441724817
 20
158.39191898578676
  0
LWPOLYLINE
  5
1BA
330
17
100
AcDbEntity
  8
ENG_D
100
AcDbPolyline
 90
6
 70
1
 10
106.02947991238285
 20
204.17925130985526
 10
107.5679093133415
 20
203.25619366928015
 10
106.68588949122315
 20
201.78616063241617
 10
105.22860303694839
 20
201.49470334156126
 10
104.60071267266187
 20
202.7504840701343
 10
106.02947991238285
 20
204.17925130985526
  0
LWPOLYLINE
  5
1BB
330
17
100
AcDbEntity
  8
ENG_D
100
AcDbPolyline
 90
25
 70
1
 10
92.02677801209487
 20
63.991486807218
 10
93.6752345806911
 20
65.09045785294876
 10
93.24046404368649
 20
65.52522838995345
 10
94.29652890970043
 20
66.5812932559674
 10
94.76793343049147
 20
69.40972038071358
 10
96.08136954231476
 20
70.7231564925368
 10
100.04724044934179
 20
70.22742262915848
 10
100.9781985222186
 20
69.29646455628169
 10
103.80662564696483
 20
69.29646455628169
 10
104.27803016775586
 20
68.82506003549061
 10
105.06756638049642
 20
68.82506003549061
 10
106.07633587800683
 20
69.32944478424585
 10
107.48023074035522
 20
68.48710786683677
 10
107.48023074035522
 20
67.31321540017976
 10
106.53742169877316
 20
66.3704063585977
 10
106.53742169877316
 20
65.4565917297515
 10
104.81560621792016
 20
62.75088168841103
 10
103.76463632993064
 20
62.22539674441619
 10
98.58883059195728
 20
62.22539674441619
 10
97.5410678284003
 20
61.59673908628205
 10
97.25840248145249
 20
60.748743045438644
 10
96.24497136442284
 20
61.0865534177818
 10
95.51675951498325
 20
62.300239833514404
 10
93.710849200209
 20
63.654672569595114
 10
92.02677801209487
 20
63.991486807218
  0
LWPOLYLINE
  5
1BC
330
17
100
AcDbEntity
  8
ENG_D
100
AcDbPolyline
 90
116
 70
1
 10
95.51505721608751
 20
178.6623133798011
 10
96.65066744294381
 20
178.09450826637286
 10
94.67483930541202
 20
177.69934263886654
 10
93.71186856447748
 20
178.6623133798011
 10
91.5200755522982
 20
178.6623133798011
 10
87.84920310499494
 20
176.3680181002365
 10
86.77506580933628
 20
174.75681215674865
 10
86.2670273047588
 20
175.26485066132602
 10
86.2670273047588
 20
177.40352098236002
 10
88.01807578851741
 20
178.15397033254231
 10
89.4272385603242
 20
179.56313310434913
 10
90.45402623597424
 20
180.07652694217413
 10
92.76905952289543
 20
180.07652694217413
 10
93.33809511662427
 20
180.6455625359029
 10
93.90713071035312
 20
180.07652694217413
 10
95.5018880876276
 20
180.07652694217413
 10
95.7305115767825
 20
181.21964438794856
 10
96.92897917314217
 20
181.45933790722057
 10
97.07536121188974
 20
181.8984840234633
 10
96.06889116843264
 20
182.90495406692042
 10
91.52677562579115
 20
182.90495406692042
 10
86.54805414814943
 20
179.41984903257114
 10
86.25595875723988
 20
182.0487075507573
 10
86.73843182554982
 20
182.53118061906716
 10
86.73843182554982
 20
183.23068657956188
 10
85.84576273412593
 20
183.67702112527385
 10
84.81194997645113
 20
186.2615530194608
 10
85.32421826317673
 20
186.77382130618636
 10
85.32421826317673
 20
188.61018802072715
 10
86.1488525376212
 20
190.5343346610976
 10
88.17073075693969
 20
189.52339555143817
 10
89.630519952171
 20
190.00999194984868
 10
90.13589454402491
 20
189.50461735799473
 10
93.26673021441815
 20
189.50461735799473
 10
94.68094377679124
 20
190.4474263995769
 10
95.59748664764163
 20
190.4474263995769
 10
96.11543129842329
 20
190.9653710503585
 10
95.67633952713602
 20
191.843554592933
 10
95.99663766400234
 20
192.804449003532
 10
98.14977139747239
 20
192.804449003532
 10
98.58720584720058
 20
192.3670145538039
 10
98.79431262838716
 20
192.43605014753274
 10
96.37362902255704
 20
194.85673375336276
 10
98.44309194158969
 20
195.1523713132245
 10
99.4663538869077
 20
195.7663284804153
 10
99.4663538869077
 20
196.47805409692253
 10
98.40734078494762
 20
197.53706719888265
 10
96.93207233528929
 20
197.8321208888142
 10
98.52354484532562
 20
199.9540842355293
 10
98.52354484532562
 20
200.72069478404174
 10
97.48310473080575
 20
201.76113489856164
 10
97.98847932265963
 20
202.26650949041547
 10
99.57451270975749
 20
201.73783169471625
 10
102.84171986991113
 20
199.40411229460642
 10
105.27331819067592
 20
199.40411229460642
 10
107.03487880654004
 20
195.62933954632612
 10
106.06601717798213
 20
193.6916162892104
 10
106.06601717798213
 20
192.20690046113842
 10
104.78606867233324
 20
191.35360145737258
 10
105.60568120471002
 20
190.53398892499573
 10
105.32013988455414
 20
187.96411704359284
 10
104.25093398335171
 20
188.49871999419398
 10
102.88403666264267
 20
186.67619023324866
 10
101.70552536066508
 20
186.67619023324866
 10
100.30657384781031
 20
188.541458917055
 10
97.49983878629217
 20
188.0736697401354
 10
96.5402956892237
 20
189.03321283720376
 10
95.32134427272621
 20
189.03321283720376
 10
94.91451073305561
 20
188.62637929753322
 10
95.69511772057945
 20
188.23607580377123
 10
95.69511772057945
 20
187.45942107546009
 10
93.4687131926447
 20
186.56885926428612
 10
94.44759321296128
 20
185.198427235843
 10
95.76648262278555
 20
184.31916762929345
 10
96.73555783509933
 20
184.31916762929345
 10
97.71645619450406
 20
183.3382692698887
 10
101.98716808899198
 20
181.44017509456077
 10
104.11149658494554
 20
177.89962760130484
 10
105.12320813640007
 20
177.39377182557746
 10
105.12320813640007
 20
176.37665567805206
 10
106.13361556803973
 20
174.8610445305927
 10
105.59461265719109
 20
174.32204161974397
 10
105.59461265719109
 20
171.03716115854994
 10
103.68360561558052
 20
168.64840235653668
 10
103.1325773162086
 20
166.995317458421
 10
101.81305779083823
 20
167.78702917364308
 10
100.93620920518464
 20
167.34860488081637
 10
96.09788558116841
 20
167.34860488081637
 10
93.31099840665743
 20
169.1220785373234
 10
93.61627000446347
 20
170.64843652635352
 10
95.16807144388453
 20
170.64843652635352
 10
97.03813316224635
 20
171.58346738553442
 10
97.59845747824103
 20
171.66351371639078
 10
96.04411631421631
 20
172.08742494294304
 10
94.3228934752404
 20
173.80864778191895
 10
93.80145601521511
 20
174.85152270196957
 10
94.07648067159617
 20
176.77669529663686
 10
95.79274879351725
 20
176.77669529663686
 10
96.26415331430827
 20
176.3052907758459
 10
95.81487916327349
 20
175.8560166248111
 10
97.66160707601121
 20
174.41967269268176
 10
98.4259137723878
 20
174.41967269268176
 10
100.31153185555193
 20
176.3052907758459
 10
101.07379708223262
 20
176.3052907758459
 10
101.36654182013078
 20
174.84156708635513
 10
100.56480677270032
 20
173.63896451520944
 10
101.27450259648649
 20
173.4970253504522
 10
101.72574541792504
 20
173.94826817189067
 10
102.95941516539673
 20
173.94826817189067
 10
103.23759005323595
 20
172.55739373269463
 10
103.23759005323595
 20
173.10309020324655
 10
103.65790363107979
 20
173.52340378109034
 10
102.80817484947899
 20
175.222861344292
 10
100.74094705930897
 20
177.290089134462
 10
97.99649856863073
 20
178.6623133798011
 10
95.51505721608751
 20
178.6623133798011
  0
LWPOLYLINE
  5
1BD
330
17
100
AcDbEntity
  8
ENG_D
100
AcDbPolyline
 90
4
 70
1
 10
103.23759005323595
 20
172.43642353657984
 10
103.09951886577817
 20
172.29835234912204
 10
103.23759005323595
 20
172.29835234912204
 10
103.23759005323595
 20
172.43642353657984
  0
LWPOLYLINE
  5
1BE
330
17
100
AcDbEntity
  8
ENG_D
100
AcDbPolyline
 90
5
 70
1
 10
106.62873885600943
 20
85.5599205235723
 10
105.59461265719109
 20
85.5599205235723
 10
105.59461265719109
 20
86.36465837769659
 10
106.16902284277376
 20
86.93906856327938
 10
106.62873885600943
 20
85.5599205235723
  0
LWPOLYLINE
  5
1BF
330
17
100
AcDbEntity
  8
ENG_D
100
AcDbPolyline
 90
5
 70
1
 10
105.59461265719109
 20
183.14065632731592
 10
105.59461265719109
 20
184.88820322302223
 10
106.23268384464878
 20
185.52627441048008
 10
106.57348642795796
 20
183.14065632731592
 10
105.59461265719109
 20
183.14065632731592
  0
LWPOLYLINE
  5
1C0
330
17
100
AcDbEntity
  8
ENG_D
100
AcDbPolyline
 90
5
 70
1
 10
105.76127932385778
 20
95.48801093939285
 10
106.10208190716692
 20
93.10239285622879
 10
105.12320813640007
 20
93.10239285622879
 10
105.12320813640007
 20
94.84993975193522
 10
105.76127932385778
 20
95.48801093939285
  0
LWPOLYLINE
  5
1C1
330
17
100
AcDbEntity
  8
ENG_D
100
AcDbPolyline
 90
4
 70
1
 10
105.69224373012891
 20
205.53237106488987
 10
104.88750587600455
 20
204.7276332107656
 10
104.88750587600455
 20
206.33710891901413
 10
105.69224373012891
 20
205.53237106488987
  0
LWPOLYLINE
  5
1C2
330
17
100
AcDbEntity
  8
ENG_D
100
AcDbPolyline
 90
4
 70
1
 10
104.88750587600455
 20
206.14184677313872
 10
104.88750587600455
 20
207.7513224813873
 10
105.69224373012891
 20
206.946584627263
 10
104.88750587600455
 20
206.14184677313872
  0
LWPOLYLINE
  5
1C3
330
17
100
AcDbEntity
  8
ENG_D
100
AcDbPolyline
 90
4
 70
1
 10
104.88750587600455
 20
181.3526693170895
 10
105.6922437301289
 20
180.5479314629652
 10
104.88750587600455
 20
179.7431936088406
 10
104.88750587600455
 20
181.3526693170895
  0
LWPOLYLINE
  5
1C4
330
17
100
AcDbEntity
  8
ENG_D
100
AcDbPolyline
 90
11
 70
1
 10
104.18039909481801
 20
239.07345694325932
 10
105.12320813640007
 20
237.65924338088618
 10
105.12320813640007
 20
235.28596533090408
 10
103.61780206139126
 20
236.18920897590945
 10
101.7179423247862
 20
236.66417391006055
 10
99.28582367756108
 20
238.55582174679137
 10
100.81528170264929
 20
239.47349656184434
 10
101.68992413872569
 20
239.47349656184434
 10
103.13275462834048
 20
241.8782140445357
 10
104.18039909481801
 20
241.52899922237637
 10
104.18039909481801
 20
239.07345694325932
  0
LWPOLYLINE
  5
1C5
330
17
100
AcDbEntity
  8
ENG_D
100
AcDbPolyline
 90
6
 70
1
 10
101.934487601974
 20
230.058886184197
 10
101.38850923567112
 20
229.5129078178939
 10
99.3225007201441
 20
230.75251292721012
 10
104.63802513791138
 20
230.75251292721012
 10
104.65965231661126
 20
230.44819542914485
 10
101.934487601974
 20
230.058886184197
  0
LWPOLYLINE
  5
1C6
330
17
100
AcDbEntity
  8
ENG_D
100
AcDbPolyline
 90
24
 70
1
 10
98.99494936611664
 20
154.99445626731168
 10
98.99494936611664
 20
156.13252745476936
 10
99.93775840769872
 20
157.0753364963514
 10
100.88056744928078
 20
156.13252745476936
 10
101.32664250063917
 20
156.57860250612777
 10
100.85523797984813
 20
158.46422058929187
 10
101.87766482156
 20
159.4866474310036
 10
103.23759005323593
 20
157.03878201398703
 10
103.23759005323593
 20
149.80900653861028
 10
102.39241208459171
 20
148.96382856996604
 10
100.93620920518464
 20
148.96382856996604
 10
99.05975868595279
 20
148.0256033103502
 10
93.44371047471627
 20
147.55759929274714
 10
92.95002392916659
 20
147.06391274719743
 10
90.3513443724703
 20
147.4351526838684
 10
92.81831089151899
 20
148.49242404917507
 10
94.20536982074012
 20
148.49242404917507
 10
95.69511772057945
 20
149.55652969191746
 10
95.69511772057945
 20
151.01933123049838
 10
97.10933128295252
 20
151.49073575128946
 10
97.10933128295252
 20
152.38980423710592
 10
98.58927978860126
 20
153.37643657420497
 10
99.39875549685011
 20
154.59065013657835
 10
98.99494936611664
 20
154.99445626731168
  0
LWPOLYLINE
  5
1C7
330
17
100
AcDbEntity
  8
ENG_D
100
AcDbPolyline
 90
5
 70
1
 10
100.81947364194222
 20
162.12661788651573
 10
101.82337649086284
 20
163.79978930138338
 10
102.82727933978346
 20
162.12661788651573
 10
101.82337649086284
 20
161.12271503759513
 10
100.81947364194222
 20
162.12661788651573
  0
LWPOLYLINE
  5
1C8
330
17
100
AcDbEntity
  8
ENG_D
100
AcDbPolyline
 90
4
 70
1
 10
101.58767423046733
 20
161.55367944386646
 10
102.39241208459167
 20
160.74894158974183
 10
101.58767423046733
 20
159.94420373561758
 10
101.58767423046733
 20
161.55367944386646
  0
LWPOLYLINE
  5
1C9
330
17
100
AcDbEntity
  8
ENG_D
100
AcDbPolyline
 90
5
 70
1
 10
100.88056744928079
 20
159.0990257669732
 10
100.88056744928079
 20
160.37516814188868
 10
101.49672481870873
 20
160.99132551131657
 10
101.87518476757735
 20
159.0990257669732
 10
100.88056744928079
 20
159.0990257669732
  0
LWPOLYLINE
  5
1CA
330
17
100
AcDbEntity
  8
ENG_D
100
AcDbPolyline
 90
5
 70
1
 10
100.00141940957373
 20
231.49358977945923
 10
100.60979966621922
 20
230.88520952281422
 10
99.40269288503262
 20
230.48284059575175
 10
98.79431262838725
 20
231.0912208523974
 10
100.00141940957373
 20
231.49358977945923
  0
LWPOLYLINE
  5
1CB
330
17
100
AcDbEntity
  8
ENG_D
100
AcDbPolyline
 90
5
 70
1
 10
100.2154936218843
 20
237.29657809913672
 10
98.57737268508774
 20
235.65845716234034
 10
96.46079019565249
 20
236.5655639435269
 10
97.49417327832468
 20
237.598947026199
 10
100.2154936218843
 20
237.29657809913672
  0
LWPOLYLINE
  5
1CC
330
17
100
AcDbEntity
  8
ENG_D
100
AcDbPolyline
 90
5
 70
1
 10
95.316449817958
 20
203.21901040409585
 10
96.65601213117837
 20
203.6655311751693
 10
97.77346894540456
 20
203.10680276805616
 10
98.219989716478
 20
201.76724045483584
 10
95.316449817958
 20
203.21901040409585
  0
LWPOLYLINE
  5
1CD
330
17
100
AcDbEntity
  8
ENG_D
100
AcDbPolyline
 90
5
 70
1
 10
95.69511772057945
 20
177.01239755703247
 10
95.69511772057945
 20
177.81713541115684
 10
96.26952790616212
 20
178.39154559673943
 10
96.72924391939777
 20
177.01239755703247
 10
95.69511772057945
 20
177.01239755703247
  0
LWPOLYLINE
  5
1CE
330
17
100
AcDbEntity
  8
ENG_D
100
AcDbPolyline
 90
4
 70
1
 10
94.07146953464739
 20
232.93089507485186
 10
96.32433033745451
 20
233.38146723541308
 10
96.77490249801593
 20
232.0297507537288
 10
94.07146953464739
 20
232.93089507485186
  0
LWPOLYLINE
  5
1CF
330
17
100
AcDbEntity
  8
ENG_D
100
AcDbPolyline
 90
4
 70
1
 10
95.45941546018392
 20
158.72525231911993
 10
96.26415331430827
 20
157.92051446499568
 10
95.45941546018392
 20
157.1157766108714
 10
95.45941546018392
 20
158.72525231911993
  0
LWPOLYLINE
  5
1D0
330
17
100
AcDbEntity
  8
ENG_D
100
AcDbPolyline
 90
5
 70
1
 10
95.64064772072471
 20
204.2347283328425
 10
95.62657699779024
 20
204.1928995596143
 10
90.52623965281691
 20
204.92151918032476
 10
92.39075145206687
 20
206.0402262598746
 10
95.64064772072471
 20
204.2347283328425
  0
LWPOLYLINE
  5
1D1
330
17
100
AcDbEntity
  8
ENG_D
100
AcDbPolyline
 90
5
 70
1
 10
94.78627875006015
 20
161.15668510865788
 10
93.00476178329093
 20
159.37516814188857
 10
93.36106517664479
 20
161.8692918953656
 10
94.42997535670631
 20
162.22559528871938
 10
94.78627875006015
 20
161.15668510865788
  0
LWPOLYLINE
  5
1D2
330
17
100
AcDbEntity
  8
ENG_D
100
AcDbPolyline
 90
6
 70
1
 10
91.08739752347222
 20
65.53392232781874
 10
90.27396573148256
 20
64.72049053582896
 10
90.27396573148256
 20
66.48686469007536
 10
94.75132450590554
 20
66.14245247665818
 10
94.7532360255541
 20
65.8671803734625
 10
91.08739752347222
 20
65.53392232781874
  0
LWPOLYLINE
  5
1D3
330
17
100
AcDbEntity
  8
ENG_D
100
AcDbPolyline
 90
4
 70
1
 10
90.27396573148256
 20
147.8829483409262
 10
91.07870358560692
 20
147.0782104868019
 10
90.27396573148256
 20
146.27347263267765
 10
90.27396573148256
 20
147.8829483409262
  0
LWPOLYLINE
  5
1D4
330
17
100
AcDbEntity
  8
ENG_D
100
AcDbPolyline
 90
4
 70
1
 10
90.60729906481589
 20
146.60680596601094
 10
89.80256121069154
 20
145.80206811188668
 10
89.80256121069154
 20
147.41154382013522
 10
90.60729906481589
 20
146.60680596601094
  0
LWPOLYLINE
  5
1D5
330
17
100
AcDbEntity
  8
ENG_D
100
AcDbPolyline
 90
11
 70
1
 10
89.14974276020214
 20
159.1828086237338
 10
88.05563112691067
 20
157.2134076838091
 10
87.20983634634086
 20
157.2134076838091
 10
87.20983634634086
 20
158.48955005872455
 10
87.6812408671319
 20
158.96095457951554
 10
87.6812408671319
 20
161.88498026427567
 10
89.17292380309033
 20
162.18331685146737
 10
90.50966799187808
 20
160.84657266267965
 10
90.50966799187808
 20
159.70850147522196
 10
89.56685895029602
 20
158.7656924336399
 10
89.14974276020214
 20
159.1828086237338
  0
LWPOLYLINE
  5
1D6
330
17
100
AcDbEntity
  8
ENG_D
100
AcDbPolyline
 90
4
 70
1
 10
89.33115668990051
 20
146.46873477855314
 10
90.13589454402485
 20
145.6639969244289
 10
89.33115668990051
 20
144.8592590703043
 10
89.33115668990051
 20
146.46873477855314
  0
LWPOLYLINE
  5
1D7
330
17
100
AcDbEntity
  8
ENG_D
100
AcDbPolyline
 90
6
 70
1
 10
85.12112847935575
 20
141.35297355115796
 10
89.20755414683187
 20
144.89454246297052
 10
89.58563714373945
 20
143.76029347224784
 10
88.58206059167988
 20
141.7531403681288
 10
87.26366418610307
 20
140.43474396255183
 10
85.12112847935575
 20
141.35297355115796
  0
LWPOLYLINE
  5
1D8
330
17
100
AcDbEntity
  8
ENG_D
100
AcDbPolyline
 90
5
 70
1
 10
89.12942450056778
 20
174.8274162115978
 10
88.15264538792295
 20
173.85063709895297
 10
87.62014705979334
 20
174.3831354270825
 10
88.68559986840161
 20
176.1588901080964
 10
89.12942450056778
 20
174.8274162115978
  0
LWPOLYLINE
  5
1D9
330
17
100
AcDbEntity
  8
ENG_D
100
AcDbPolyline
 90
8
 70
1
 10
86.73843182554982
 20
154.24690937160523
 10
86.73843182554982
 20
156.13252745476936
 10
87.84790753379858
 20
157.24200316301807
 10
88.16694312752742
 20
155.00875400691615
 10
87.68124086713189
 20
154.5230517465207
 10
87.68124086713189
 20
153.44217151748086
 10
85.93369397142554
 20
153.44217151748086
 10
86.73843182554982
 20
154.24690937160523
  0
LWPOLYLINE
  5
1DA
330
17
100
AcDbEntity
  8
ENG_D
100
AcDbPolyline
 90
4
 70
1
 10
87.77887194006969
 20
197.98989873223337
 10
86.97413408594534
 20
197.18516087810912
 10
86.97413408594534
 20
198.79463658635765
 10
87.77887194006969
 20
197.98989873223337
  0
LWPOLYLINE
  5
1DB
330
17
100
AcDbEntity
  8
ENG_D
100
AcDbPolyline
 90
5
 70
1
 10
86.2670273047588
 20
67.64654873351306
 10
86.2670273047588
 20
68.99494461285882
 10
87.3885985515261
 20
69.36880169511473
 10
87.7330491438464
 20
67.64654873351306
 10
86.2670273047588
 20
67.64654873351306
  0
LWPOLYLINE
  5
1DC
330
17
100
AcDbEntity
  8
ENG_D
100
AcDbPolyline
 90
52
 70
1
 10
79.47394327471542
 20
158.33437955132223
 10
78.76541873803687
 20
156.56306820962584
 10
79.19595949289332
 20
156.13252745476936
 10
79.19595949289332
 20
154.24690937160523
 10
79.73596345551796
 20
153.7069054089806
 10
83.05842401343776
 20
154.65617985410051
 10
84.54226839289197
 20
152.6777206814949
 10
86.00056728955175
 20
151.80274134349904
 10
84.35768501426573
 20
150.70748649330835
 10
83.91467252543906
 20
148.49242404917507
 10
83.90533687616825
 20
148.49242404917507
 10
83.45717316745278
 20
150.73324259275222
 10
82.846692986713
 20
151.34372277349195
 10
81.1538791795626
 20
151.76692622527966
 10
80.12019554703521
 20
150.73324259275222
 10
79.8676724178768
 20
149.47062694696024
 10
78.41138333812145
 20
149.17936913100917
 10
77.78174593052023
 20
149.80900653861028
 10
77.78174593052023
 20
150.77087923299837
 10
74.89439324067516
 20
154.62068281945852
 10
76.34057468396747
 20
156.5489247438483
 10
76.20761578513877
 20
156.9478014403344
 10
73.42752635550528
 20
156.48445320206216
 10
72.55966221803244
 20
157.78624940827135
 10
72.12489168102785
 20
157.35147887126678
 10
72.12489168102785
 20
155.02680159361782
 10
71.31553499158301
 20
153.67787377787644
 10
69.68699780480505
 20
153.67787377787644
 10
67.06358434134013
 20
155.71830647168238
 10
69.21601165254572
 20
156.02579608756895
 10
70.29485259517335
 20
156.67310065314555
 10
70.71067811865476
 20
157.50475170010836
 10
70.71067811865476
 20
159.9037636210976
 10
71.18208263944578
 20
160.37516814188868
 10
71.18208263944578
 20
163.20359526663486
 10
72.56626351893864
 20
164.58777614612762
 10
73.99268644212913
 20
163.63682753066732
 10
77.22314946879048
 20
166.4057958392342
 10
78.15551937837341
 20
166.4057958392342
 10
78.64708559851694
 20
166.89736205937777
 10
81.0041082024721
 20
166.4259575385867
 10
81.45535102391064
 20
166.87720036002528
 10
83.64956378950322
 20
166.87720036002528
 10
83.8908722628507
 20
164.70542409989787
 10
86.41003321385439
 20
164.0183802041696
 10
87.7198220710642
 20
162.1846758040759
 10
86.69644250851574
 20
160.13791667897902
 10
85.32421826317673
 20
158.7656924336399
 10
85.32421826317673
 20
157.82288339205786
 10
84.83424075494555
 20
157.33290588382675
 10
84.55333039302576
 20
155.92835407422777
 10
79.47394327471542
 20
158.33437955132223
  0
LWPOLYLINE
  5
1DD
330
17
100
AcDbEntity
  8
ENG_D
100
AcDbPolyline
 90
12
 70
1
 10
79.56615410933394
 20
158.5649066378685
 10
80.96537351567945
 20
158.8447505191376
 10
81.46866221031632
 20
159.34803921377437
 10
79.08664103172046
 20
162.163155152115
 10
76.97762488832143
 20
162.163155152115
 10
75.8961278473561
 20
160.21646047837746
 10
75.8961278473561
 20
159.5046126047369
 10
76.30387136627216
 20
159.36869809843157
 10
77.21271033679137
 20
160.27753706895075
 10
78.35078152424909
 20
160.27753706895075
 10
79.70822777961894
 20
158.92009081358094
 10
79.56615410933394
 20
158.5649066378685
  0
LWPOLYLINE
  5
1DE
330
17
100
AcDbEntity
  8
ENG_D
100
AcDbPolyline
 90
4
 70
1
 10
86.03132504436329
 20
177.38617100488574
 10
86.03132504436329
 20
178.99564671313428
 10
86.83606289848764
 20
178.19090885901002
 10
86.03132504436329
 20
177.38617100488574
  0
LWPOLYLINE
  5
1DF
330
17
100
AcDbEntity
  8
ENG_D
100
AcDbPolyline
 90
8
 70
1
 10
84.39949459061155
 20
166.3870176457908
 10
83.41314989529448
 20
166.71579921089653
 10
83.70558121419349
 20
168.76281844318942
 10
84.95044481532354
 20
168.76281844318942
 10
86.30099737582158
 20
167.41226588269143
 10
85.89862844875942
 20
166.2051591015049
 10
85.27767813318614
 20
166.8261094170781
 10
84.39949459061155
 20
166.3870176457908
  0
LWPOLYLINE
  5
1E0
330
17
100
AcDbEntity
  8
ENG_D
100
AcDbPolyline
 90
5
 70
1
 10
85.8986284487594
 20
179.80575915911268
 10
86.35834446199507
 20
178.4266111194056
 10
85.32421826317673
 20
178.4266111194056
 10
85.32421826317673
 20
179.2313489735299
 10
85.8986284487594
 20
179.80575915911268
  0
LWPOLYLINE
  5
1E1
330
17
100
AcDbEntity
  8
ENG_D
100
AcDbPolyline
 90
7
 70
1
 10
85.32421826317673
 20
143.0712720600782
 10
84.38140922159468
 20
143.0712720600782
 10
84.38140922159468
 20
146.77669054337917
 10
85.50298046836198
 20
147.15054762563483
 10
85.81578448332026
 20
145.58652755084356
 10
85.32421826317673
 20
145.0949613307
 10
85.32421826317673
 20
143.0712720600782
  0
LWPOLYLINE
  5
1E2
330
17
100
AcDbEntity
  8
ENG_D
100
AcDbPolyline
 90
4
 70
1
 10
85.0534504801152
 20
175.93689191984663
 10
83.67430244040813
 20
174.55774388013944
 10
83.67430244040813
 20
176.3966079330822
 10
85.0534504801152
 20
175.93689191984663
  0
LWPOLYLINE
  5
1E3
330
17
100
AcDbEntity
  8
ENG_D
100
AcDbPolyline
 90
4
 70
1
 10
84.14570696119917
 20
180.686002650423
 10
84.14570696119917
 20
182.29547835867155
 10
84.95044481532352
 20
181.4907405045473
 10
84.14570696119917
 20
180.686002650423
  0
LWPOLYLINE
  5
1E4
330
17
100
AcDbEntity
  8
ENG_D
100
AcDbPolyline
 90
7
 70
1
 10
82.6338623258882
 20
186.44048797285308
 10
81.92675554470172
 20
187.14759475403963
 10
83.45717316745278
 20
188.67801237679072
 10
83.90581678985048
 20
190.92123048877906
 10
84.05626280143522
 20
190.91214579594396
 10
84.40023648013452
 20
186.44048797285308
 10
82.6338623258882
 20
186.44048797285308
  0
LWPOLYLINE
  5
1E5
330
17
100
AcDbEntity
  8
ENG_D
100
AcDbPolyline
 90
29
 70
1
 10
81.08157757605746
 20
178.8321979571693
 10
81.08157757605746
 20
182.33591847319153
 10
80.13876853447539
 20
183.27872751477358
 10
80.13876853447539
 20
184.44046423045367
 10
82.04986543624231
 20
185.80553344600148
 10
83.4386001800126
 20
184.41679870223126
 10
83.4386001800126
 20
180.3678709584734
 10
83.84543371968316
 20
181.18153803781445
 10
84.38140922159468
 20
180.64556253590303
 10
84.38140922159468
 20
176.9605892803179
 10
83.01032518840105
 20
177.23480608695675
 10
82.07208149637577
 20
176.6718598717415
 10
82.52976120949333
 20
175.29882073238878
 10
81.08157757605746
 20
173.85063709895297
 10
81.08157757605746
 20
172.90782805737092
 10
80.6303347546189
 20
172.45658523593232
 10
81.09286055878329
 20
170.14395621511036
 10
80.56818373823235
 20
169.09460257400866
 10
78.81315914777154
 20
167.33957798354783
 10
76.05088522534746
 20
167.5906937946773
 10
74.481914284983
 20
168.6366744215868
 10
74.481914284983
 20
169.60799641183365
 10
73.98147813308772
 20
170.10843256372888
 10
74.97916672813663
 20
173.60034264640012
 10
76.40952168518123
 20
175.0306976034447
 10
77.32584033985233
 20
176.86333491278694
 10
78.6260553538255
 20
181.28406596029578
 10
80.69155561311211
 20
178.70219063618742
 10
81.08157757605746
 20
178.8321979571693
  0
LWPOLYLINE
  5
1E6
330
17
100
AcDbEntity
  8
ENG_D
100
AcDbPolyline
 90
5
 70
1
 10
79.89638461290069
 20
138.2662774404092
 10
81.63045147043381
 20
138.61309081191575
 10
82.26677053921422
 20
137.97677174313537
 10
80.5327036816811
 20
137.62995837162885
 10
79.89638461290069
 20
138.2662774404092
  0
LWPOLYLINE
  5
1E7
330
17
100
AcDbEntity
  8
ENG_D
100
AcDbPolyline
 90
5
 70
1
 10
81.83071731103409
 20
144.90129202409452
 10
80.66400089502862
 20
143.7345756080891
 10
78.5474184055934
 20
144.64168238927556
 10
79.10939696747442
 20
145.20366095115676
 10
81.83071731103409
 20
144.90129202409452
  0
LWPOLYLINE
  5
1E8
330
17
100
AcDbEntity
  8
ENG_D
100
AcDbPolyline
 90
6
 70
1
 10
77.78174593052023
 20
139.40959413254285
 10
75.91689654384297
 20
140.65282705699445
 10
79.32746577623483
 20
140.9628788053936
 10
80.77505019469359
 20
138.35722685216788
 10
77.78174593052023
 20
138.35722685216788
 10
77.78174593052023
 20
139.40959413254285
  0
LWPOLYLINE
  5
1E9
330
17
100
AcDbEntity
  8
ENG_D
100
AcDbPolyline
 90
5
 70
1
 10
76.81348660422005
 20
147.71101615672177
 10
77.96050813570547
 20
148.0933566672169
 10
78.27331215066374
 20
146.5293365924256
 10
77.14367474306253
 20
145.39969918482433
 10
76.81348660422005
 20
147.71101615672177
  0
LWPOLYLINE
  5
1EA
330
17
100
AcDbEntity
  8
ENG_D
100
AcDbPolyline
 90
5
 70
1
 10
75.42472332656507
 20
141.18565397691407
 10
75.42472332656507
 20
142.46179635182943
 10
76.040880695993
 20
143.0779537212573
 10
76.41934064486166
 20
141.18565397691407
 10
75.42472332656507
 20
141.18565397691407
  0
LWPOLYLINE
  5
1EB
330
17
100
AcDbEntity
  8
ENG_D
100
AcDbPolyline
 90
56
 70
1
 10
74.16540571928307
 20
39.0974009053815
 10
75.42472332656507
 20
36.83062921227387
 10
75.42472332656507
 20
34.314898944807545
 10
75.05094987871185
 20
33.94112549695427
 10
75.42472332656507
 20
33.5673520491011
 10
75.42472332656507
 20
31.957876340852344
 10
74.95331880577402
 20
31.486471820061368
 10
74.05249908122606
 20
32.3872915446094
 10
73.109690039644
 20
34.272909627773515
 10
71.53298448772826
 20
35.849615179689096
 10
69.98429042845802
 20
36.23678869450675
 10
69.76145600269466
 20
32.894272308056415
 10
69.33732832221624
 20
32.47014462757802
 10
70.23927359786371
 20
30.215281438459197
 10
70.23927359786371
 20
28.658044695315187
 10
69.39409562921949
 20
27.812866726670936
 10
68.14269190520899
 20
27.812866726670936
 10
67.90034678334511
 20
29.993972823445624
 10
67.47450747499249
 20
30.13591925956316
 10
66.9394419523265
 20
29.60085373689725
 10
66.9394419523265
 20
27.868508482574494
 10
67.49775473463816
 20
26.751882917951274
 10
65.35107317836469
 20
25.83187653669128
 10
65.0336621698099
 20
27.418931579465177
 10
65.52522838995341
 20
27.910497799608635
 10
65.52522838995341
 20
29.129449216106163
 10
65.05382386916237
 20
29.60085373689725
 10
65.05382386916237
 20
30.4714092740489
 10
64.64608035024632
 20
30.607323780354246
 10
64.09244184014013
 20
30.0536852702481
 10
63.62103731934909
 20
27.696662666292895
 10
63.168205785998246
 20
27.24383113294204
 10
63.168205785998246
 20
23.908178208205456
 10
61.782301199562085
 20
23.07663545634375
 10
60.45917620947838
 20
23.517677119704985
 10
59.7719735478239
 20
22.14327179639608
 10
58.93633264312117
 20
26.321476319909664
 10
57.982756057296896
 20
28.22862949155813
 10
57.982756057296896
 20
30.23852599082799
 10
59.72352092269559
 20
32.97401363645458
 10
62.12461049746333
 20
33.45423155140803
 10
64.15980824790131
 20
35.03716313508198
 10
65.05382386916237
 20
36.825194377604234
 10
65.05382386916237
 20
37.78789600074861
 10
67.41084647311753
 20
41.08772764628588
 10
67.41084647311753
 20
42.05263342333965
 10
67.88225099390856
 20
42.52403794413062
 10
67.88225099390856
 20
44.83448475196572
 10
69.33026373759166
 20
48.020112788068616
 10
69.93775365444083
 20
46.197643037521054
 10
70.79481519376847
 20
46.197643037521054
 10
73.59848258248982
 20
43.90373335583997
 10
72.66446586838374
 20
42.03569992762779
 10
73.97284055978233
 20
41.16345013336209
 10
74.50887196916266
 20
39.55535590522097
 10
74.16540571928307
 20
39.0974009053815
  0
LWPOLYLINE
  5
1EC
330
17
100
AcDbEntity
  8
ENG_D
100
AcDbPolyline
 90
7
 70
1
 10
61.27375825990406
 20
28.305079338935112
 10
61.10382549764887
 20
29.154743150211047
 10
60.742637489164416
 20
29.034347147382956
 10
59.919465083408205
 20
27.388002335870464
 10
60.32629862307877
 20
26.981168796199828
 10
60.44499492651737
 20
26.150294672129704
 10
61.27375825990406
 20
28.305079338935112
  0
LWPOLYLINE
  5
1ED
330
17
100
AcDbEntity
  8
ENG_D
100
AcDbPolyline
 90
5
 70
1
 10
73.09739165342214
 20
167.00452236377527
 10
74.19061390543973
 20
168.09774461579298
 10
74.50955391416599
 20
165.22728453725665
 10
72.50497904458261
 20
165.22728453725665
 10
73.09739165342214
 20
167.00452236377527
  0
LWPOLYLINE
  5
1EE
330
17
100
AcDbEntity
  8
ENG_D
100
AcDbPolyline
 90
8
 70
1
 10
69.06076229588615
 20
176.3052907758459
 10
71.55585608729902
 20
176.3052907758459
 10
72.04742230744255
 20
176.79685699598934
 10
73.78148916497562
 20
176.4500436244828
 10
72.22252275396568
 20
174.89107721347287
 10
71.26065005957763
 20
174.89107721347287
 10
69.06076229588615
 20
173.24116139070424
 10
69.06076229588615
 20
176.3052907758459
  0
LWPOLYLINE
  5
1EF
330
17
100
AcDbEntity
  8
ENG_D
100
AcDbPolyline
 90
4
 70
1
 10
71.27971371238358
 20
151.79225569471222
 10
70.47497585825924
 20
150.98751784058794
 10
70.47497585825924
 20
152.59699354883682
 10
71.27971371238358
 20
151.79225569471222
  0
LWPOLYLINE
  5
1F0
330
17
100
AcDbEntity
  8
ENG_D
100
AcDbPolyline
 90
4
 70
1
 10
70.0035713374682
 20
148.63049523663253
 10
70.0035713374682
 20
150.2399709448814
 10
70.80830919159254
 20
149.43523309075712
 10
70.0035713374682
 20
148.63049523663253
  0
LWPOLYLINE
  5
1F1
330
17
100
AcDbEntity
  8
ENG_D
100
AcDbPolyline
 90
5
 70
1
 10
60.87484418391809
 20
165.02555234792405
 10
61.48322444056356
 20
164.41717209127836
 10
60.27611765937709
 20
164.01480316421623
 10
59.667737402731554
 20
164.6231834208617
 10
60.87484418391809
 20
165.02555234792405
  0
LWPOLYLINE
  5
1F2
330
17
100
AcDbEntity
  8
ENG_D
100
AcDbPolyline
 90
4
 70
1
 10
59.16126735927448
 20
23.432154852093824
 10
59.96600521339884
 20
22.62741699796955
 10
59.16126735927448
 20
21.82267914384528
 10
59.16126735927448
 20
23.432154852093824
  0
LWPOLYLINE
  5
1F3
330
17
100
AcDbEntity
  8
ENG_D
100
AcDbPolyline
 90
5
 70
1
 10
60.06901087819047
 20
164.41717209127836
 10
58.86190409700399
 20
164.01480316421623
 10
58.25352384035846
 20
164.6231834208617
 10
59.460630621545
 20
165.02555234792405
 10
60.06901087819047
 20
164.41717209127836
  0
LWPOLYLINE
  5
1F4
330
17
100
AcDbEntity
  8
ENG_K
100
AcDbPolyline
 90
4
 70
1
 10
198.69700551341987
 20
150.2399709448814
 10
199.5017433675442
 20
149.43523309075712
 10
198.69700551341987
 20
148.63049523663253
 10
198.69700551341987
 20
150.2399709448814
  0
LWPOLYLINE
  5
1F5
330
17
100
AcDbEntity
  8
ENG_K
100
AcDbPolyline
 90
4
 70
1
 10
198.0875298051711
 20
148.96382856996604
 10
197.28279195104676
 20
148.15909071584176
 10
197.28279195104676
 20
149.76856642409032
 10
198.0875298051711
 20
148.96382856996604
  0
LWPOLYLINE
  5
1F6
330
17
100
AcDbEntity
  8
ENG_K
100
AcDbPolyline
 90
4
 70
1
 10
197.61612528438005
 20
164.5201777560701
 10
196.81138743025573
 20
163.7154399019458
 10
196.81138743025573
 20
165.3249156101947
 10
197.61612528438005
 20
164.5201777560701
  0
LWPOLYLINE
  5
1F7
330
17
100
AcDbEntity
  8
ENG_K
100
AcDbPolyline
 90
5
 70
1
 10
196.63934617173518
 20
164.55414782713297
 10
197.2477264283807
 20
163.9457675704874
 10
196.04061964719415
 20
163.54339864342515
 10
195.4322393905487
 20
164.1517789000708
 10
196.63934617173518
 20
164.55414782713297
  0
LWPOLYLINE
  5
1F8
330
17
100
AcDbEntity
  8
ENG_K
100
AcDbPolyline
 90
5
 70
1
 10
194.96083486975763
 20
148.59542971396678
 10
196.16794165094416
 20
148.9977986410289
 10
196.7763219075897
 20
148.38941838438336
 10
195.56921512640318
 20
147.9870494573212
 10
194.96083486975763
 20
148.59542971396678
  0
LWPOLYLINE
  5
1F9
330
17
100
AcDbEntity
  8
ENG_K
100
AcDbPolyline
 90
4
 70
1
 10
195.73050720121597
 20
163.57736871448802
 10
194.9257693470916
 20
162.77263086036376
 10
194.9257693470916
 20
164.3821065686123
 10
195.73050720121597
 20
163.57736871448802
  0
LWPOLYLINE
  5
1FA
330
17
100
AcDbEntity
  8
ENG_K
100
AcDbPolyline
 90
5
 70
1
 10
193.54662130738453
 20
148.59542971396678
 10
194.75372808857105
 20
148.9977986410289
 10
195.3621083452166
 20
148.38941838438336
 10
194.1550015640301
 20
147.9870494573212
 10
193.54662130738453
 20
148.59542971396678
  0
LWPOLYLINE
  5
1FB
330
17
100
AcDbEntity
  8
ENG_K
100
AcDbPolyline
 90
22
 70
1
 10
189.48652156855817
 20
183.08087057410071
 10
189.88939081689026
 20
182.94658082465665
 10
191.27238431096112
 20
184.79057215008444
 10
192.00032796133317
 20
184.79057215008444
 10
193.3982606937783
 20
182.2742932316832
 10
190.0948891743839
 20
181.51197672720753
 10
189.60224843093255
 20
181.0193359837563
 10
188.14604555152528
 20
181.0193359837563
 10
186.2378615029095
 20
180.06524395944834
 10
184.44655908152436
 20
180.42350444372545
 10
186.58596002239028
 20
181.9516479729154
 10
188.09040379562165
 20
182.16656851194847
 10
188.09040379562165
 20
183.7921213525987
 10
187.6609885918647
 20
184.6509517601125
 10
187.2506004188312
 20
185.061339933146
 10
186.73774019293617
 20
183.522759255461
 10
185.7333811916665
 20
185.19669092424385
 10
185.7333811916665
 20
186.26042746836134
 10
186.7526279427197
 20
188.29892097046775
 10
188.20705706111806
 20
188.5898067941475
 10
189.02609038115185
 20
187.22475126075778
 10
189.48652156855817
 20
183.08087057410071
  0
LWPOLYLINE
  5
1FC
330
17
100
AcDbEntity
  8
ENG_K
100
AcDbPolyline
 90
4
 70
1
 10
191.9592710348877
 20
20.270394394014346
 10
191.15453318076337
 20
19.465656539890077
 10
191.15453318076337
 20
21.075132248138615
 10
191.9592710348877
 20
20.270394394014346
  0
LWPOLYLINE
  5
1FD
330
17
100
AcDbEntity
  8
ENG_K
100
AcDbPolyline
 90
5
 70
1
 10
191.57033958240666
 20
34.218860711139776
 10
191.8892795911329
 20
31.348400632603692
 10
190.91883092036784
 20
31.348400632603692
 10
190.91883092036784
 20
33.5673520491011
 10
191.57033958240666
 20
34.218860711139776
  0
LWPOLYLINE
  5
1FE
330
17
100
AcDbEntity
  8
ENG_K
100
AcDbPolyline
 90
5
 70
1
 10
190.91883092036784
 20
20.97750117520092
 10
190.91883092036784
 20
22.253643550116276
 10
191.53498828979576
 20
22.86980091954438
 10
191.91344823866442
 20
20.97750117520092
 10
190.91883092036784
 20
20.97750117520092
  0
LWPOLYLINE
  5
1FF
330
17
100
AcDbEntity
  8
ENG_K
100
AcDbPolyline
 90
12
 70
1
 10
186.33228481607944
 20
21.93088230061868
 10
185.7333811916665
 20
22.529785925031742
 10
185.7333811916665
 20
23.667857112489422
 10
187.04996368110176
 20
24.984439601924645
 10
188.21654781722427
 20
24.984439601924645
 10
188.5684217749311
 20
24.456628665364466
 10
188.5416466170602
 20
24.590504454718996
 10
189.4069862850569
 20
25.45584412271573
 10
190.51271214620846
 20
25.45584412271573
 10
192.02951339668556
 20
24.54576337242942
 10
188.63661110249154
 20
21.674846046572995
 10
186.33228481607944
 20
21.93088230061868
  0
LWPOLYLINE
  5
200
330
17
100
AcDbEntity
  8
ENG_K
100
AcDbPolyline
 90
9
 70
1
 10
191.63261936273358
 20
35.500091907964325
 10
189.60224843093258
 20
33.469720976163295
 10
187.24522582697742
 20
33.469720976163295
 10
186.27473195654562
 20
32.4992271057315
 10
182.92013328587282
 20
33.41411765227864
 10
186.13800757055154
 20
34.87678778167802
 10
189.39350624688365
 20
35.341859021154164
 10
189.89855250520043
 20
35.846905279470874
 10
191.63261936273358
 20
35.500091907964325
  0
LWPOLYLINE
  5
201
330
17
100
AcDbEntity
  8
ENG_K
100
AcDbPolyline
 90
4
 70
1
 10
191.48786651409668
 20
19.327585352432287
 10
190.68312865997234
 20
18.522847498308014
 10
190.68312865997234
 20
20.132323206556556
 10
191.48786651409668
 20
19.327585352432287
  0
LWPOLYLINE
  5
202
330
17
100
AcDbEntity
  8
ENG_K
100
AcDbPolyline
 90
28
 70
1
 10
190.54929702906048
 20
17.237925425614865
 10
190.14529519987818
 20
16.02591993806801
 10
167.64207703254982
 20
16.267890025888686
 10
170.03263888702776
 20
20.25215978335193
 10
171.59507097482123
 20
20.475364367322445
 10
171.84878357090207
 20
33.92213195960614
 10
171.92092624467625
 20
33.93314171962758
 10
172.97576819949643
 20
30.768615855167102
 10
173.5744947240375
 20
30.16988933062603
 10
174.36403093677785
 20
30.16988933062603
 10
176.35183090583647
 20
31.163789315155288
 10
177.70093135077877
 20
29.814688870213104
 10
178.21107055836248
 20
27.263992832294527
 10
177.3346623428468
 20
26.387584616778813
 10
175.42112103232742
 20
26.600200317947632
 10
175.85404795440732
 20
24.435565707548346
 10
174.92504728453554
 20
23.506565037676562
 10
175.07741621159772
 20
23.049458256490073
 10
175.83388625505484
 20
22.79730157533777
 10
175.83388625505484
 20
20.83942998774324
 10
176.89719796914545
 20
19.776118273652553
 10
178.78281605230958
 20
19.30471375286158
 10
180.17415801511194
 20
17.91337179005914
 10
184.88820322302223
 20
17.91337179005914
 10
185.35960774381326
 20
17.441967269268165
 10
187.24522582697742
 20
17.441967269268165
 10
187.70760345049985
 20
16.97958964574564
 10
190.54929702906048
 20
17.237925425614865
  0
LWPOLYLINE
  5
203
330
17
100
AcDbEntity
  8
ENG_K
100
AcDbPolyline
 90
4
 70
1
 10
184.55486988968892
 20
27.993459530887165
 10
186.61313819381874
 20
26.75849854840917
 10
184.55486988968892
 20
26.34684488758332
 10
184.55486988968892
 20
27.993459530887165
  0
LWPOLYLINE
  5
204
330
17
100
AcDbEntity
  8
ENG_K
100
AcDbPolyline
 90
5
 70
1
 10
184.85423315195945
 20
141.45532630837243
 10
185.46261340860494
 20
140.84694605172677
 10
184.25550662741844
 20
140.44457712466462
 10
183.6471263707729
 20
141.0529573813102
 10
184.85423315195945
 20
141.45532630837243
  0
LWPOLYLINE
  5
205
330
17
100
AcDbEntity
  8
ENG_K
100
AcDbPolyline
 90
5
 70
1
 10
183.77029373491703
 20
179.58496072203067
 10
183.13397466613665
 20
180.22127979081105
 10
184.86804152366975
 20
180.56809316231758
 10
185.50436059245015
 20
179.93177409353723
 10
183.77029373491703
 20
179.58496072203067
  0
LWPOLYLINE
  5
206
330
17
100
AcDbEntity
  8
ENG_K
100
AcDbPolyline
 90
5
 70
1
 10
182.23291280839976
 20
141.52436190210128
 10
183.4400195895863
 20
141.9267308291634
 10
184.04839984623186
 20
141.31835057251786
 10
182.8412930650453
 20
140.9159816454557
 10
182.23291280839976
 20
141.52436190210128
  0
LWPOLYLINE
  5
207
330
17
100
AcDbEntity
  8
ENG_K
100
AcDbPolyline
 90
4
 70
1
 10
182.66925180652476
 20
186.06671452499967
 10
183.47398966064915
 20
185.26197667087553
 10
182.66925180652476
 20
184.45723881675136
 10
182.66925180652476
 20
186.06671452499967
  0
LWPOLYLINE
  5
208
330
17
100
AcDbEntity
  8
ENG_K
100
AcDbPolyline
 90
5
 70
1
 10
181.41327113096182
 20
141.40119453795708
 10
180.9217049108184
 20
141.89276075810065
 10
181.96214502533823
 20
142.9332008726204
 10
183.14733798849494
 20
141.74800790946384
 10
181.41327113096182
 20
141.40119453795708
  0
LWPOLYLINE
  5
209
330
17
100
AcDbEntity
  8
ENG_K
100
AcDbPolyline
 90
5
 70
1
 10
182.5783023947661
 20
187.38997867561446
 10
182.9567623436348
 20
185.4976789312711
 10
181.96214502533823
 20
185.4976789312711
 10
181.96214502533823
 20
186.77382130618636
 10
182.5783023947661
 20
187.38997867561446
  0
LWPOLYLINE
  5
20A
330
17
100
AcDbEntity
  8
ENG_K
100
AcDbPolyline
 90
7
 70
1
 10
181.4907405045472
 20
187.8547015352262
 10
181.4907405045472
 20
188.93558176426595
 10
181.00503824415168
 20
189.42128402466153
 10
181.3762781808226
 20
192.01996358135787
 10
182.43354954612926
 20
189.5529970623092
 10
182.43354954612926
 20
187.8547015352262
 10
181.4907405045472
 20
187.8547015352262
  0
LWPOLYLINE
  5
20B
330
17
100
AcDbEntity
  8
ENG_K
100
AcDbPolyline
 90
5
 70
1
 10
182.02323883267678
 20
197.55503147704155
 10
181.1241714086516
 20
196.0565857703329
 10
179.99467783654316
 20
196.4330836277025
 10
180.939830490185
 20
198.63843981953332
 10
182.02323883267678
 20
197.55503147704155
  0
LWPOLYLINE
  5
20C
330
17
100
AcDbEntity
  8
ENG_K
100
AcDbPolyline
 90
5
 70
1
 10
181.16408883239308
 20
193.0468329251067
 10
181.54254878126173
 20
191.15453318076348
 10
180.54793146296512
 20
191.15453318076348
 10
180.54793146296512
 20
192.43067555567882
 10
181.16408883239308
 20
193.0468329251067
  0
LWPOLYLINE
  5
20D
330
17
100
AcDbEntity
  8
ENG_K
100
AcDbPolyline
 90
5
 70
1
 10
180.0128659402991
 20
31.07872830114522
 10
179.4044856836536
 20
31.68710855779089
 10
180.6115924648401
 20
32.08947748485302
 10
181.21997272148562
 20
31.481097228207467
 10
180.0128659402991
 20
31.07872830114522
  0
LWPOLYLINE
  5
20E
330
17
100
AcDbEntity
  8
ENG_K
100
AcDbPolyline
 90
4
 70
1
 10
180.64556253590294
 20
196.10428064906927
 10
179.8408246817786
 20
195.29954279494498
 10
179.8408246817786
 20
196.90901850319352
 10
180.64556253590294
 20
196.10428064906927
  0
LWPOLYLINE
  5
20F
330
17
100
AcDbEntity
  8
ENG_K
100
AcDbPolyline
 90
4
 70
1
 10
179.8408246817786
 20
192.9425201909898
 10
179.8408246817786
 20
194.55199589923865
 10
180.6455625359029
 20
193.74725804511405
 10
179.8408246817786
 20
192.9425201909898
  0
LWPOLYLINE
  5
210
330
17
100
AcDbEntity
  8
ENG_K
100
AcDbPolyline
 90
4
 70
1
 10
179.36942016098754
 20
195.4948049408204
 10
180.1741580151119
 20
194.6900670866961
 10
179.36942016098754
 20
193.88532923257185
 10
179.36942016098754
 20
195.4948049408204
  0
LWPOLYLINE
  5
211
330
17
100
AcDbEntity
  8
ENG_K
100
AcDbPolyline
 90
4
 70
1
 10
179.36942016098754
 20
31.25076955966588
 10
179.36942016098754
 20
32.86024526791442
 10
180.1741580151119
 20
32.05550741379015
 10
179.36942016098754
 20
31.25076955966588
  0
LWPOLYLINE
  5
212
330
17
100
AcDbEntity
  8
ENG_K
100
AcDbPolyline
 90
4
 70
1
 10
178.89801564019652
 20
33.331649788705505
 10
179.70275349432086
 20
32.526911934581236
 10
178.89801564019652
 20
31.722174080456632
 10
178.89801564019652
 20
33.331649788705505
  0
LWPOLYLINE
  5
213
330
17
100
AcDbEntity
  8
ENG_K
100
AcDbPolyline
 90
4
 70
1
 10
177.95520659861447
 20
26.26058197684
 10
178.75994445273884
 20
25.45584412271573
 10
177.95520659861447
 20
24.651106268591462
 10
177.95520659861447
 20
26.26058197684
  0
LWPOLYLINE
  5
214
330
17
100
AcDbEntity
  8
ENG_K
100
AcDbPolyline
 90
4
 70
1
 10
177.01239755703241
 20
33.65031378037941
 10
178.88473396669633
 20
32.526911934581236
 10
177.01239755703241
 20
31.403510088782838
 10
177.01239755703241
 20
33.65031378037941
  0
LWPOLYLINE
  5
215
330
17
100
AcDbEntity
  8
ENG_K
100
AcDbPolyline
 90
7
 70
1
 10
175.8151080616114
 20
208.8141173414102
 10
176.1746012524777
 20
209.8925969140091
 10
177.71950433821894
 20
208.96565506256425
 10
177.71950433821894
 20
207.5636611562036
 10
179.42506191689142
 20
206.7108823668675
 10
176.86672554888278
 20
206.7108823668675
 10
175.8151080616114
 20
208.8141173414102
  0
LWPOLYLINE
  5
216
330
17
100
AcDbEntity
  8
ENG_K
100
AcDbPolyline
 90
4
 70
1
 10
177.3457308903657
 20
33.469720976163295
 10
176.5409930362414
 20
32.66498312203869
 10
176.5409930362414
 20
34.27445883028757
 10
177.3457308903657
 20
33.469720976163295
  0
LWPOLYLINE
  5
217
330
17
100
AcDbEntity
  8
ENG_K
100
AcDbPolyline
 90
4
 70
1
 10
176.06958851545033
 20
126.00307823866319
 10
176.06958851545033
 20
127.84194229160595
 10
177.4487365551574
 20
127.38222627837037
 10
176.06958851545033
 20
126.00307823866319
  0
LWPOLYLINE
  5
218
330
17
100
AcDbEntity
  8
ENG_K
100
AcDbPolyline
 90
5
 70
1
 10
175.3624817342638
 20
125.62930479081002
 10
175.3624817342638
 20
126.4340426449343
 10
175.93689191984646
 20
127.0084528305172
 10
176.39660793308215
 20
125.62930479081002
 10
175.3624817342638
 20
125.62930479081002
  0
LWPOLYLINE
  5
219
330
17
100
AcDbEntity
  8
ENG_K
100
AcDbPolyline
 90
4
 70
1
 10
173.24116139070415
 20
127.14114942612109
 10
174.04589924482846
 20
126.33641157199649
 10
173.24116139070415
 20
125.53167371787222
 10
173.24116139070415
 20
127.14114942612109
  0
LWPOLYLINE
  5
21A
330
17
100
AcDbEntity
  8
ENG_K
100
AcDbPolyline
 90
4
 70
1
 10
171.82694782833104
 20
237.72594966613747
 10
171.82694782833104
 20
239.335425374386
 10
172.6316856824554
 20
238.53068752026218
 10
171.82694782833104
 20
237.72594966613747
  0
LWPOLYLINE
  5
21B
330
17
100
AcDbEntity
  8
ENG_K
100
AcDbPolyline
 90
33
 70
1
 10
153.5802427049385
 20
124.92219800962346
 10
154.52305174652057
 20
125.86500705120551
 10
155.96353147962537
 20
125.86500705120551
 10
157.37774504199848
 20
126.80781609278758
 10
160.69892216408235
 20
126.80781609278758
 10
164.9415628512016
 20
128.6934341759517
 10
166.3249245669665
 20
128.6934341759517
 10
170.80476796052577
 20
132.1777568153867
 10
171.13112402987034
 20
130.54597646866372
 10
170.69952746930065
 20
129.68278334752438
 10
171.11984104714452
 20
129.2624697696806
 10
171.11984104714452
 20
127.35058551578481
 10
172.1437109352904
 20
125.814780683566
 10
167.4502759499193
 20
122.10943727406243
 10
165.93439131844315
 20
121.80626034776732
 10
165.93439131844315
 20
124.0770200409792
 10
166.33364358489922
 20
124.47627230743518
 10
165.34169019649187
 20
125.86500705120551
 10
164.17491725688166
 20
125.86500705120551
 10
163.26735934814909
 20
124.50367018810671
 10
162.1631551521148
 20
123.95156809008955
 10
160.22189531304693
 20
124.92219800962346
 10
158.4895500587245
 20
124.92219800962346
 10
158.04364715250162
 20
124.47629510340063
 10
159.92926523566575
 20
123.0620815410276
 10
159.4140692029989
 20
122.54688550836079
 10
154.03467437831267
 20
123.52495729466727
 10
153.58024270493854
 20
123.97938896804139
 10
151.62237111734402
 20
123.97938896804139
 10
151.25841103731668
 20
125.07126920812351
 10
152.32732121737823
 20
125.4275726014773
 10
152.8326958092321
 20
124.92219800962346
 10
153.5802427049385
 20
124.92219800962346
  0
LWPOLYLINE
  5
21C
330
17
100
AcDbEntity
  8
ENG_K
100
AcDbPolyline
 90
5
 70
1
 10
170.41273426595797
 20
96.49985557470386
 10
171.59124556793554
 20
95.32134427272621
 10
171.59124556793554
 20
94.21561841157467
 10
170.41273426595797
 20
92.25143290827876
 10
170.41273426595797
 20
96.49985557470386
  0
LWPOLYLINE
  5
21D
330
17
100
AcDbEntity
  8
ENG_K
100
AcDbPolyline
 90
5
 70
1
 10
167.8200094016073
 20
243.81376832190128
 10
168.39441958719004
 20
244.38817850748373
 10
168.8541356004257
 20
243.00903046777677
 10
167.8200094016073
 20
243.00903046777677
 10
167.8200094016073
 20
243.81376832190128
  0
LWPOLYLINE
  5
21E
330
17
100
AcDbEntity
  8
ENG_K
100
AcDbPolyline
 90
5
 70
1
 10
167.8200094016073
 20
242.39955475952812
 10
168.43616677103526
 20
243.01571212895578
 10
168.8146267199039
 20
241.12341238461266
 10
167.8200094016073
 20
241.12341238461266
 10
167.8200094016073
 20
242.39955475952812
  0
LWPOLYLINE
  5
21F
330
17
100
AcDbEntity
  8
ENG_K
100
AcDbPolyline
 90
5
 70
1
 10
167.8716808981498
 20
27.577164466275338
 10
167.30270468429464
 20
29.85306932169607
 10
168.4934770740031
 20
30.249993451598844
 10
168.79045807237233
 20
27.577164466275338
 10
167.8716808981498
 20
27.577164466275338
  0
LWPOLYLINE
  5
220
330
17
100
AcDbEntity
  8
ENG_K
100
AcDbPolyline
 90
5
 70
1
 10
167.31062445714502
 20
204.2809628789941
 10
165.42531759324248
 20
203.02409163639246
 10
164.95922951638858
 20
201.62582740583068
 10
164.20929768212494
 20
204.62555474288524
 10
167.31062445714502
 20
204.2809628789941
  0
LWPOLYLINE
  5
221
330
17
100
AcDbEntity
  8
ENG_K
100
AcDbPolyline
 90
5
 70
1
 10
164.44270838248474
 20
57.01978531636242
 10
163.80638931370433
 20
57.65610438514279
 10
165.54045617123745
 20
58.00291775664934
 10
166.17677524001783
 20
57.36659868786897
 10
164.44270838248474
 20
57.01978531636242
  0
LWPOLYLINE
  5
222
330
17
100
AcDbEntity
  8
ENG_K
100
AcDbPolyline
 90
16
 70
1
 10
156.97770542341354
 20
200.4445524091264
 10
156.97770542341354
 20
201.38736145070834
 10
158.2979305711979
 20
202.70758659849275
 10
165.30474874473396
 20
202.44807481428774
 10
163.6525443991788
 20
200.7958704687325
 10
159.40990371205947
 20
201.73867951031454
 10
158.86332350657767
 20
201.19209930483274
 10
158.86332350657767
 20
200.24929026325077
 10
155.18971841318728
 20
196.57568516986035
 10
154.71831389239622
 20
196.57568516986035
 10
152.26366021550325
 20
194.12103149296735
 10
151.32085117392117
 20
195.0638405345494
 10
151.32085117392117
 20
196.15992240497303
 10
152.34726283375556
 20
198.21274572464176
 10
154.98576232944632
 20
198.45260931515907
 10
156.97770542341354
 20
200.4445524091264
  0
LWPOLYLINE
  5
223
330
17
100
AcDbEntity
  8
ENG_K
100
AcDbPolyline
 90
5
 70
1
 10
162.9053274559675
 20
58.08576172208868
 10
164.112434237154
 20
58.48813064915082
 10
164.7208144937995
 20
57.87975039250526
 10
163.51370771261298
 20
57.47738146544301
 10
162.9053274559675
 20
58.08576172208868
  0
LWPOLYLINE
  5
224
330
17
100
AcDbEntity
  8
ENG_K
100
AcDbPolyline
 90
5
 70
1
 10
162.55709029932055
 20
203.62659128237325
 10
161.9207712305403
 20
204.26291035115375
 10
163.65483808807332
 20
204.60972372266028
 10
164.2911571568537
 20
203.97340465388004
 10
162.55709029932055
 20
203.62659128237325
  0
LWPOLYLINE
  5
225
330
17
100
AcDbEntity
  8
ENG_K
100
AcDbPolyline
 90
16
 70
1
 10
158.52999017324433
 20
93.10239285622879
 10
157.86942352204844
 20
93.76295950742475
 10
158.3731407923432
 20
94.77039404801435
 10
158.22203440841847
 20
95.2237131997885
 10
157.35147887126678
 20
95.2237131997885
 10
156.88007435047575
 20
95.69511772057947
 10
152.1660291425654
 20
95.69511772057947
 10
151.32085117392117
 20
96.54029568922373
 10
151.32085117392117
 20
98.26738707892014
 10
154.04295328786426
 20
98.51485090746037
 10
154.9944562673116
 20
99.46635388690773
 10
162.2607862250528
 20
99.46635388690773
 10
162.73219074584372
 20
98.99494936611663
 10
160.7489415897418
 20
97.01170021001471
 10
160.7489415897418
 20
93.10239285622879
 10
158.52999017324433
 20
93.10239285622879
  0
LWPOLYLINE
  5
226
330
17
100
AcDbEntity
  8
ENG_K
100
AcDbPolyline
 90
5
 70
1
 10
157.78202408307587
 20
96.80345831872938
 10
157.34427451930912
 20
97.53304092500726
 10
157.0139348672658
 20
97.42292770765948
 10
157.16260548882195
 20
96.67957459987863
 10
157.78202408307587
 20
96.80345831872938
  0
LWPOLYLINE
  5
227
330
17
100
AcDbEntity
  8
ENG_K
100
AcDbPolyline
 90
4
 70
1
 10
162.26078622505273
 20
233.81664231235177
 10
161.45604837092836
 20
233.01190445822795
 10
161.45604837092836
 20
234.62138016647648
 10
162.26078622505273
 20
233.81664231235177
  0
LWPOLYLINE
  5
228
330
17
100
AcDbEntity
  8
ENG_K
100
AcDbPolyline
 90
6
 70
1
 10
160.179905996013
 20
87.20983634634084
 10
161.31797718347067
 20
87.20983634634084
 10
162.1631551521149
 20
86.36465837769659
 10
162.1631551521149
 20
84.85281374238585
 10
159.68299986065372
 20
86.71293021098158
 10
160.179905996013
 20
87.20983634634084
  0
LWPOLYLINE
  5
229
330
17
100
AcDbEntity
  8
ENG_K
100
AcDbPolyline
 90
4
 70
1
 10
160.98464385013733
 20
85.65755159651
 10
161.7893817042617
 20
84.85281374238573
 10
160.98464385013733
 20
84.04807588826147
 10
160.98464385013733
 20
85.65755159651
  0
LWPOLYLINE
  5
22A
330
17
100
AcDbEntity
  8
ENG_K
100
AcDbPolyline
 90
5
 70
1
 10
160.34282281558242
 20
58.92556509887892
 10
162.14658349117602
 20
57.84330869352283
 10
159.57043028776425
 20
57.475286807321055
 10
159.57043028776425
 20
58.92556509887892
 10
160.34282281558242
 20
58.92556509887892
  0
LWPOLYLINE
  5
22B
330
17
100
AcDbEntity
  8
ENG_K
100
AcDbPolyline
 90
5
 70
1
 10
161.51860522123587
 20
204.38893398554248
 10
157.35807131530328
 20
204.11156505848038
 10
156.67944631271044
 20
204.79019006107313
 10
160.8399802186432
 20
205.06755898813535
 10
161.51860522123587
 20
204.38893398554248
  0
LWPOLYLINE
  5
22C
330
17
100
AcDbEntity
  8
ENG_K
100
AcDbPolyline
 90
4
 70
1
 10
160.5132393293463
 20
83.57667136747038
 10
160.5132393293463
 20
85.18614707571925
 10
161.31797718347062
 20
84.38140922159465
 10
160.5132393293463
 20
83.57667136747038
  0
LWPOLYLINE
  5
22D
330
17
100
AcDbEntity
  8
ENG_K
100
AcDbPolyline
 90
4
 70
1
 10
160.8465726626796
 20
233.3452377915608
 10
160.04183480855528
 20
232.5404999374361
 10
160.04183480855528
 20
234.14997564568552
 10
160.8465726626796
 20
233.3452377915608
  0
LWPOLYLINE
  5
22E
330
17
100
AcDbEntity
  8
ENG_K
100
AcDbPolyline
 90
4
 70
1
 10
159.57043028776425
 20
123.36991325979285
 10
160.37516814188857
 20
122.56517540566824
 10
159.57043028776425
 20
121.76043755154397
 10
159.57043028776425
 20
123.36991325979285
  0
LWPOLYLINE
  5
22F
330
17
100
AcDbEntity
  8
ENG_K
100
AcDbPolyline
 90
4
 70
1
 10
159.90376362109754
 20
232.40242874997864
 10
159.09902576697317
 20
231.5976908958548
 10
159.09902576697317
 20
233.20716660410335
 10
159.90376362109754
 20
232.40242874997864
  0
LWPOLYLINE
  5
230
330
17
100
AcDbEntity
  8
ENG_K
100
AcDbPolyline
 90
4
 70
1
 10
158.48955005872443
 20
230.04540614602354
 10
157.6848122046001
 20
229.24066829189883
 10
157.6848122046001
 20
230.85014400014825
 10
158.48955005872443
 20
230.04540614602354
  0
LWPOLYLINE
  5
231
330
17
100
AcDbEntity
  8
ENG_K
100
AcDbPolyline
 90
4
 70
1
 10
158.48955005872443
 20
222.97433833415803
 10
157.6848122046001
 20
222.16960048003332
 10
157.6848122046001
 20
223.77907618828274
 10
158.48955005872443
 20
222.97433833415803
  0
LWPOLYLINE
  5
232
330
17
100
AcDbEntity
  8
ENG_K
100
AcDbPolyline
 90
4
 70
1
 10
156.74200316301804
 20
226.60750331302813
 10
157.54674101714238
 20
225.80276545890433
 10
156.74200316301804
 20
224.9980276047796
 10
156.74200316301804
 20
226.60750331302813
  0
LWPOLYLINE
  5
233
330
17
100
AcDbEntity
  8
ENG_K
100
AcDbPolyline
 90
5
 70
1
 10
157.0807110882052
 20
205.80313884795143
 10
156.02059864222701
 20
206.8632512939297
 10
156.39183857889793
 20
209.46193085062626
 10
157.4653528658848
 20
206.95706418099024
 10
157.0807110882052
 20
205.80313884795143
  0
LWPOLYLINE
  5
234
330
17
100
AcDbEntity
  8
ENG_K
100
AcDbPolyline
 90
4
 70
1
 10
155.32778960064493
 20
67.07751313978427
 10
155.32778960064493
 20
68.68698884803315
 10
156.13252745476927
 20
67.88225099390854
 10
155.32778960064493
 20
67.07751313978427
  0
LWPOLYLINE
  5
235
330
17
100
AcDbEntity
  8
ENG_K
100
AcDbPolyline
 90
4
 70
1
 10
152.9707669966898
 20
91.31440584600237
 10
154.34991503639682
 20
89.93525780629541
 10
152.9707669966898
 20
89.4755417930596
 10
152.9707669966898
 20
91.31440584600237
  0
LWPOLYLINE
  5
236
330
17
100
AcDbEntity
  8
ENG_K
100
AcDbPolyline
 90
4
 70
1
 10
153.77550485081414
 20
84.85281374238573
 10
152.9707669966898
 20
84.04807588826147
 10
152.9707669966898
 20
85.65755159651
 10
153.77550485081414
 20
84.85281374238573
  0
LWPOLYLINE
  5
237
330
17
100
AcDbEntity
  8
ENG_K
100
AcDbPolyline
 90
4
 70
1
 10
152.49936247589878
 20
46.05957185006338
 10
153.3041003300231
 20
45.2548339959391
 10
152.49936247589878
 20
44.4500961418145
 10
152.49936247589878
 20
46.05957185006338
  0
LWPOLYLINE
  5
238
330
17
100
AcDbEntity
  8
ENG_K
100
AcDbPolyline
 90
7
 70
1
 10
151.37475694187162
 20
82.95174668099614
 10
149.8343004727152
 20
83.2598379748275
 10
150.208157554971
 20
84.38140922159465
 10
151.69462462177435
 20
84.38140922159465
 10
152.19999921362827
 20
84.8867838134486
 10
153.48441492749882
 20
84.4586452421583
 10
151.37475694187162
 20
82.95174668099614
  0
LWPOLYLINE
  5
239
330
17
100
AcDbEntity
  8
ENG_K
100
AcDbPolyline
 90
18
 70
1
 10
153.2064692570853
 20
217.2618423287619
 10
152.76288561424613
 20
216.3746750430836
 10
153.2575602000325
 20
215.38532587151093
 10
152.73506473629428
 20
214.86283040777278
 10
152.73506473629428
 20
213.92002136619058
 10
151.7922556947122
 20
212.97721232460864
 10
150.84944665313014
 20
213.92002136619058
 10
150.84944665313014
 20
216.2770439701458
 10
150.34150486673983
 20
216.78498575653614
 10
149.3955651154138
 20
216.21742190574045
 10
149.0668342347577
 20
215.23122926377215
 10
148.4897710055652
 20
215.8082924929645
 10
148.74301712560984
 20
225.17839893461633
 10
150.34835120152687
 20
223.5730648586991
 10
150.81406802251482
 20
222.17591439573536
 10
152.68529723685907
 20
220.772492484977
 10
153.2064692570853
 20
219.73014844452464
 10
153.2064692570853
 20
217.2618423287619
  0
LWPOLYLINE
  5
23A
330
17
100
AcDbEntity
  8
ENG_K
100
AcDbPolyline
 90
4
 70
1
 10
152.02795795510772
 20
40.87412212136199
 10
152.8326958092321
 20
40.069384267237716
 10
152.02795795510772
 20
39.26464641311345
 10
152.02795795510772
 20
40.87412212136199
  0
LWPOLYLINE
  5
23B
330
17
100
AcDbEntity
  8
ENG_K
100
AcDbPolyline
 90
4
 70
1
 10
151.08514891352564
 20
124.58886467628993
 10
151.08514891352564
 20
126.19834038453881
 10
151.88988676764998
 20
125.39360253041454
 10
151.08514891352564
 20
124.58886467628993
  0
LWPOLYLINE
  5
23C
330
17
100
AcDbEntity
  8
ENG_K
100
AcDbPolyline
 90
9
 70
1
 10
149.92680955424007
 20
90.08993496762963
 10
151.43586874895854
 20
88.07785604133834
 10
149.01254999506858
 20
86.73156784473268
 10
145.66851147120215
 20
87.10312768071805
 10
145.66479612868736
 20
87.15836465086313
 10
148.50028819075374
 20
87.86723766637961
 10
148.7516227283535
 20
93.6479320311746
 10
150.40337160177174
 20
91.99618315775638
 10
149.92680955424007
 20
90.08993496762963
  0
LWPOLYLINE
  5
23D
330
17
100
AcDbEntity
  8
ENG_K
100
AcDbPolyline
 90
6
 70
1
 10
145.09496133069996
 20
164.5201777560701
 10
146.03777037228198
 20
165.46298679765215
 10
149.97192335817974
 20
165.46298679765215
 10
151.8789576178936
 20
164.31876624182374
 10
145.57064721048576
 20
164.04449187628433
 10
145.09496133069996
 20
164.5201777560701
  0
LWPOLYLINE
  5
23E
330
17
100
AcDbEntity
  8
ENG_K
100
AcDbPolyline
 90
5
 70
1
 10
149.46354206669398
 20
172.0404640263098
 10
148.46697376445687
 20
172.37265346038888
 10
148.78532710410366
 20
174.6011268379165
 10
151.04327737846518
 20
172.9883052133726
 10
149.46354206669398
 20
172.0404640263098
  0
LWPOLYLINE
  5
23F
330
17
100
AcDbEntity
  8
ENG_K
100
AcDbPolyline
 90
4
 70
1
 10
148.72812630957048
 20
96.77599794961922
 10
148.72812630957048
 20
98.61486200256198
 10
150.10727434927756
 20
98.1551459893264
 10
148.72812630957048
 20
96.77599794961922
  0
LWPOLYLINE
  5
240
330
17
100
AcDbEntity
  8
ENG_K
100
AcDbPolyline
 90
5
 70
1
 10
149.9161033719938
 20
207.83988418962295
 10
148.79446327696513
 20
205.97048403124185
 10
148.476490848735
 20
209.46818074177298
 10
149.62862600018886
 20
209.8522257922577
 10
149.9161033719938
 20
207.83988418962295
  0
LWPOLYLINE
  5
241
330
17
100
AcDbEntity
  8
ENG_K
100
AcDbPolyline
 90
5
 70
1
 10
149.45763254118253
 20
42.66210913158841
 10
148.49242404917499
 20
42.66210913158841
 10
148.49242404917499
 20
45.35246506887691
 10
149.15300217207454
 20
46.01304319177635
 10
149.45763254118253
 20
42.66210913158841
  0
LWPOLYLINE
  5
242
330
17
100
AcDbEntity
  8
ENG_K
100
AcDbPolyline
 90
5
 70
1
 10
149.06683423475766
 20
235.9028971332451
 10
149.52655024799338
 20
234.52374909353836
 10
148.49242404917499
 20
234.52374909353836
 10
148.49242404917499
 20
235.3284869476626
 10
149.06683423475766
 20
235.9028971332451
  0
LWPOLYLINE
  5
243
330
17
100
AcDbEntity
  8
ENG_K
100
AcDbPolyline
 90
5
 70
1
 10
149.14393271121375
 20
37.51869235667726
 10
149.46287271994
 20
34.648232278140846
 10
148.49242404917499
 20
34.648232278140846
 10
148.49242404917499
 20
36.867183694638264
 10
149.14393271121375
 20
37.51869235667726
  0
LWPOLYLINE
  5
244
330
17
100
AcDbEntity
  8
ENG_K
100
AcDbPolyline
 90
5
 70
1
 10
148.67252819042275
 20
172.81178982370326
 10
148.99146819914898
 20
169.94132974516697
 10
147.6396452598388
 20
169.94132974516697
 10
147.02711954385472
 20
171.16638117713524
 10
148.67252819042275
 20
172.81178982370326
  0
LWPOLYLINE
  5
245
330
17
100
AcDbEntity
  8
ENG_K
100
AcDbPolyline
 90
5
 70
1
 10
147.47214563400775
 20
233.7964806129993
 10
146.83582656522702
 20
234.43279968177967
 10
148.5698934227603
 20
234.77961305328643
 10
149.20621249154075
 20
234.14329398450585
 10
147.47214563400775
 20
233.7964806129993
  0
LWPOLYLINE
  5
246
330
17
100
AcDbEntity
  8
ENG_K
100
AcDbPolyline
 90
5
 70
1
 10
146.520243440592
 20
50.92275679295044
 10
149.0439326909387
 20
50.642346876245135
 10
148.65699755972977
 20
49.48154148261841
 10
145.3771922493825
 20
49.77970560174083
 10
146.520243440592
 20
50.92275679295044
  0
LWPOLYLINE
  5
247
330
17
100
AcDbEntity
  8
ENG_K
100
AcDbPolyline
 90
5
 70
1
 10
148.10962370405312
 20
228.16881496012797
 10
148.7792287242214
 20
227.49920993995997
 10
145.5753927487595
 20
227.20795212400867
 10
144.90578772859152
 20
227.8775571441769
 10
148.10962370405312
 20
228.16881496012797
  0
LWPOLYLINE
  5
248
330
17
100
AcDbEntity
  8
ENG_K
100
AcDbPolyline
 90
5
 70
1
 10
148.28531726798852
 20
236.47840277043142
 10
146.05206811188646
 20
236.15936717670237
 10
145.39969918482439
 20
236.8117361037647
 10
147.6329483409262
 20
237.13077169749332
 10
148.28531726798852
 20
236.47840277043142
  0
LWPOLYLINE
  5
249
330
17
100
AcDbEntity
  8
ENG_K
100
AcDbPolyline
 90
5
 70
1
 10
147.1418714886769
 20
198.02386880329627
 10
147.75025174532237
 20
197.41548854665058
 10
146.5431449641359
 20
197.01311961958845
 10
145.93476470749036
 20
197.621499876234
 10
147.1418714886769
 20
198.02386880329627
  0
LWPOLYLINE
  5
24A
330
17
100
AcDbEntity
  8
ENG_K
100
AcDbPolyline
 90
4
 70
1
 10
146.84250822640638
 20
72.26296286848566
 10
146.84250822640638
 20
73.8724385767342
 10
147.64724608053072
 20
73.06770072260993
 10
146.84250822640638
 20
72.26296286848566
  0
LWPOLYLINE
  5
24B
330
17
100
AcDbEntity
  8
ENG_K
100
AcDbPolyline
 90
5
 70
1
 10
144.62355680990893
 20
175.83388625505492
 10
145.15164263909685
 20
176.36197208424275
 10
147.9889177562716
 20
174.78570813025684
 10
146.05793207163447
 20
174.3995109933293
 10
144.62355680990893
 20
175.83388625505492
  0
LWPOLYLINE
  5
24C
330
17
100
AcDbEntity
  8
ENG_K
100
AcDbPolyline
 90
4
 70
1
 10
145.7616279973666
 20
44.31202495435704
 10
144.95689014324225
 20
43.50728710023244
 10
144.95689014324225
 20
45.11676280848131
 10
145.7616279973666
 20
44.31202495435704
  0
LWPOLYLINE
  5
24D
330
17
100
AcDbEntity
  8
ENG_K
100
AcDbPolyline
 90
5
 70
1
 10
145.41913467546587
 20
227.77664736978198
 10
145.67514883042287
 20
218.81615194628768
 10
144.24978336205572
 20
219.52883468047136
 10
144.24978336205572
 20
227.38686359864556
 10
145.41913467546587
 20
227.77664736978198
  0
LWPOLYLINE
  5
24E
330
17
100
AcDbEntity
  8
ENG_K
100
AcDbPolyline
 90
4
 70
1
 10
144.95689014324225
 20
38.32183737153139
 10
144.95689014324225
 20
39.931313079779926
 10
145.76162799736662
 20
39.12657522565566
 10
144.95689014324225
 20
38.32183737153139
  0
LWPOLYLINE
  5
24F
330
17
100
AcDbEntity
  8
ENG_K
100
AcDbPolyline
 90
8
 70
1
 10
144.82343779110502
 20
94.04520189781084
 10
144.1013155696057
 20
95.24873893364305
 10
142.7826541074975
 20
95.51247122606466
 10
143.32984592004442
 20
97.70123847625223
 10
144.17231398847036
 20
98.54370654467814
 10
145.6639969244288
 20
98.24536995748645
 10
145.6639969244288
 20
94.04520189781084
 10
144.82343779110502
 20
94.04520189781084
  0
LWPOLYLINE
  5
250
330
17
100
AcDbEntity
  8
ENG_K
100
AcDbPolyline
 90
5
 70
1
 10
144.72118788284675
 20
48.652296714414064
 10
145.35925907030446
 20
49.29036790187169
 10
145.7000616536136
 20
46.904749818707735
 10
144.72118788284675
 20
46.904749818707735
 10
144.72118788284675
 20
48.652296714414064
  0
LWPOLYLINE
  5
251
330
17
100
AcDbEntity
  8
ENG_K
100
AcDbPolyline
 90
11
 70
1
 10
143.3069743204736
 20
208.9876238753592
 10
145.42081089473535
 20
209.89355383575713
 10
145.66906521054656
 20
198.22560099262898
 10
144.80146897831008
 20
198.22560099262898
 10
144.08531848053434
 20
199.89661882077226
 10
142.09986753928712
 20
200.18025466952193
 10
142.8355697996826
 20
200.91595692991737
 10
142.8355697996826
 20
201.90680690671115
 10
143.69785333564337
 20
202.33794867469157
 10
143.3069743204736
 20
203.11970670503098
 10
143.3069743204736
 20
208.9876238753592
  0
LWPOLYLINE
  5
252
330
17
100
AcDbEntity
  8
ENG_K
100
AcDbPolyline
 90
4
 70
1
 10
145.29022347657556
 20
257.3868683519034
 10
144.48548562245122
 20
256.5821304977787
 10
144.48548562245122
 20
258.1916062060281
 10
145.29022347657556
 20
257.3868683519034
  0
LWPOLYLINE
  5
253
330
17
100
AcDbEntity
  8
ENG_K
100
AcDbPolyline
 90
5
 70
1
 10
143.77837884126464
 20
257.0130949040501
 10
144.4298875033035
 20
257.66460356608854
 10
144.74882751202972
 20
254.7941434875527
 10
143.77837884126464
 20
254.7941434875527
 10
143.77837884126464
 20
257.0130949040501
  0
LWPOLYLINE
  5
254
330
17
100
AcDbEntity
  8
ENG_K
100
AcDbPolyline
 90
7
 70
1
 10
143.3722600671053
 20
177.24809981742794
 10
145.1760207426989
 20
176.16584341207175
 10
142.94668091079367
 20
175.84736629322816
 10
142.42782628076654
 20
175.32851166320108
 10
141.30377107530956
 20
175.70319673168666
 10
142.2307129267543
 20
177.24809981742794
 10
143.3722600671053
 20
177.24809981742794
  0
LWPOLYLINE
  5
255
330
17
100
AcDbEntity
  8
ENG_K
100
AcDbPolyline
 90
4
 70
1
 10
144.34741443499348
 20
254.5584412271571
 10
143.54267658086914
 20
253.75370337303326
 10
143.54267658086914
 20
255.3631790812818
 10
144.34741443499348
 20
254.5584412271571
  0
LWPOLYLINE
  5
256
330
17
100
AcDbEntity
  8
ENG_K
100
AcDbPolyline
 90
4
 70
1
 10
143.87600991420243
 20
30.641293851417117
 10
143.07127206007812
 20
29.836555997292514
 10
143.07127206007812
 20
31.446031705541387
 10
143.87600991420243
 20
30.641293851417117
  0
LWPOLYLINE
  5
257
330
17
100
AcDbEntity
  8
ENG_K
100
AcDbPolyline
 90
4
 70
1
 10
143.07127206007812
 20
42.093073537859624
 10
143.07127206007812
 20
43.70254924610817
 10
143.87600991420246
 20
42.8978113919839
 10
143.07127206007812
 20
42.093073537859624
  0
LWPOLYLINE
  5
258
330
17
100
AcDbEntity
  8
ENG_K
100
AcDbPolyline
 90
5
 70
1
 10
143.34303904965842
 20
59.16126735927452
 10
141.89276075810054
 20
59.16126735927452
 10
141.89276075810054
 20
60.98106775941137
 10
143.0289627091144
 20
61.35980174308253
 10
143.34303904965842
 20
59.16126735927452
  0
LWPOLYLINE
  5
259
330
17
100
AcDbEntity
  8
ENG_K
100
AcDbPolyline
 90
4
 70
1
 10
142.5998675392871
 20
47.27852326656068
 10
142.5998675392871
 20
48.887998974809555
 10
143.4046053934114
 20
48.083261120685286
 10
142.5998675392871
 20
47.27852326656068
  0
LWPOLYLINE
  5
25A
330
17
100
AcDbEntity
  8
ENG_K
100
AcDbPolyline
 90
5
 70
1
 10
142.36416527889156
 20
189.74031961839032
 10
142.36416527889156
 20
190.5450574725147
 10
142.93857546447427
 20
191.11946765809728
 10
143.3982914777099
 20
189.74031961839032
 10
142.36416527889156
 20
189.74031961839032
  0
LWPOLYLINE
  5
25B
330
17
100
AcDbEntity
  8
ENG_K
100
AcDbPolyline
 90
6
 70
1
 10
142.45419553113746
 20
62.461099004811786
 10
141.8865156528137
 20
63.59645876145925
 10
142.1840611376438
 20
66.27436812493004
 10
143.3069743204736
 20
65.15145494210017
 10
143.3069743204736
 20
62.461099004811786
 10
142.45419553113746
 20
62.461099004811786
  0
LWPOLYLINE
  5
25C
330
17
100
AcDbEntity
  8
ENG_K
100
AcDbPolyline
 90
4
 70
1
 10
142.5998675392871
 20
72.92962953515215
 10
143.40460539341143
 20
72.12489168102788
 10
142.5998675392871
 20
71.32015382690359
 10
142.5998675392871
 20
72.92962953515215
  0
LWPOLYLINE
  5
25D
330
17
100
AcDbEntity
  8
ENG_K
100
AcDbPolyline
 90
5
 70
1
 10
140.86661838318514
 20
71.16778489984132
 10
140.21424945612299
 20
71.82015382690344
 10
142.44749861222493
 20
72.13918942063235
 10
143.09986753928698
 20
71.48682049357014
 10
140.86661838318514
 20
71.16778489984132
  0
LWPOLYLINE
  5
25E
330
17
100
AcDbEntity
  8
ENG_K
100
AcDbPolyline
 90
4
 70
1
 10
142.9332008726204
 20
189.03321283720376
 10
142.12846301849603
 20
188.22847498307948
 10
142.12846301849603
 20
189.83795069132802
 10
142.9332008726204
 20
189.03321283720376
  0
LWPOLYLINE
  5
25F
330
17
100
AcDbEntity
  8
ENG_K
100
AcDbPolyline
 90
9
 70
1
 10
139.06433363335435
 20
197.14472076358913
 10
139.06433363335435
 20
200.0937844481182
 10
142.58536825947266
 20
200.3646332655119
 10
142.840051363288
 20
196.0350205006507
 10
141.52987066763103
 20
194.20076752673089
 10
139.6603293034298
 20
194.46784486447388
 10
138.59292911256333
 20
195.53524505534037
 10
138.59292911256333
 20
196.67331624279817
 10
139.06433363335435
 20
197.14472076358913
  0
LWPOLYLINE
  5
260
330
17
100
AcDbEntity
  8
ENG_K
100
AcDbPolyline
 90
4
 70
1
 10
142.12846301849603
 20
58.78749391142124
 10
142.93320087262038
 20
57.98275605729697
 10
142.12846301849603
 20
57.178018203172364
 10
142.12846301849603
 20
58.78749391142124
  0
LWPOLYLINE
  5
261
330
17
100
AcDbEntity
  8
ENG_K
100
AcDbPolyline
 90
5
 70
1
 10
140.94995171651848
 20
45.823869589667886
 10
142.0375136067374
 20
46.91143147988686
 10
142.4159735556061
 20
45.01913173554362
 10
140.94995171651848
 20
45.01913173554362
 10
140.94995171651848
 20
45.823869589667886
  0
LWPOLYLINE
  5
262
330
17
100
AcDbEntity
  8
ENG_K
100
AcDbPolyline
 90
5
 70
1
 10
142.46179635182938
 20
41.48359782961075
 10
141.3745601695754
 20
40.39636164735694
 10
140.3609620337275
 20
42.085691873770095
 10
141.4850172391845
 20
42.460376942255685
 10
142.46179635182938
 20
41.48359782961075
  0
LWPOLYLINE
  5
263
330
17
100
AcDbEntity
  8
ENG_K
100
AcDbPolyline
 90
5
 70
1
 10
140.47854719572743
 20
68.22751149309703
 10
140.47854719572743
 20
69.42991690841882
 10
142.09349721070924
 20
70.39888691740803
 10
142.40782063983494
 20
66.94132919702544
 10
140.47854719572743
 20
68.22751149309703
  0
LWPOLYLINE
  5
264
330
17
100
AcDbEntity
  8
ENG_K
100
AcDbPolyline
 90
5
 70
1
 10
142.77251776025278
 20
30.281448467305626
 10
140.9782606924554
 20
29.204894226627086
 10
139.80650593720694
 20
29.595479145043345
 10
140.87248234293315
 20
30.66145555076949
 10
142.77251776025278
 20
30.281448467305626
  0
LWPOLYLINE
  5
265
330
17
100
AcDbEntity
  8
ENG_K
100
AcDbPolyline
 90
5
 70
1
 10
142.0375136067374
 20
189.27559675877848
 10
142.3774590093629
 20
187.5758697456512
 10
141.28190887353537
 20
185.7499528526052
 10
140.93565397691398
 20
188.17373712895503
 10
142.0375136067374
 20
189.27559675877848
  0
LWPOLYLINE
  5
266
330
17
100
AcDbEntity
  8
ENG_K
100
AcDbPolyline
 90
5
 70
1
 10
140.0464731559727
 20
85.76976288651782
 10
138.98248452772341
 20
86.12442576260094
 10
139.88334578281834
 20
88.22643535782248
 10
142.13488880343135
 20
87.2614883489884
 10
140.0464731559727
 20
85.76976288651782
  0
LWPOLYLINE
  5
267
330
17
100
AcDbEntity
  8
ENG_K
100
AcDbPolyline
 90
6
 70
1
 10
140.94995171651848
 20
172.43642353657984
 10
140.27791045799796
 20
173.10846479510045
 10
141.61474914674133
 20
173.5540776913481
 10
141.92882548728534
 20
171.3555433075401
 10
140.94995171651848
 20
171.3555433075401
 10
140.94995171651848
 20
172.43642353657984
  0
LWPOLYLINE
  5
268
330
17
100
AcDbEntity
  8
ENG_K
100
AcDbPolyline
 90
5
 70
1
 10
140.47854719572743
 20
39.83368200684223
 10
140.47854719572743
 20
40.6384198609665
 10
141.0529573813101
 20
41.212830046549406
 10
141.5126733945458
 20
39.83368200684223
 10
140.47854719572743
 20
39.83368200684223
  0
LWPOLYLINE
  5
269
330
17
100
AcDbEntity
  8
ENG_K
100
AcDbPolyline
 90
5
 70
1
 10
139.4828224619603
 20
44.966075969662846
 10
141.1558217883424
 20
45.30067583493924
 10
141.44899586649248
 20
42.66210913158841
 10
140.05881417147893
 20
42.66210913158841
 10
139.4828224619603
 20
44.966075969662846
  0
LWPOLYLINE
  5
26A
330
17
100
AcDbEntity
  8
ENG_K
100
AcDbPolyline
 90
5
 70
1
 10
141.04126887375477
 20
71.88918942063238
 10
140.0071426749364
 20
71.88918942063238
 10
140.0071426749364
 20
72.69392727475676
 10
140.58155286051914
 20
73.26833746033934
 10
141.04126887375477
 20
71.88918942063238
  0
LWPOLYLINE
  5
26B
330
17
100
AcDbEntity
  8
ENG_K
100
AcDbPolyline
 90
4
 70
1
 10
140.24284493533193
 20
169.84369867222927
 10
140.24284493533193
 20
171.4531743804778
 10
141.04758278945627
 20
170.64843652635352
 10
140.24284493533193
 20
169.84369867222927
  0
LWPOLYLINE
  5
26C
330
17
100
AcDbEntity
  8
ENG_K
100
AcDbPolyline
 90
5
 70
1
 10
140.58155286051914
 20
166.6064325769636
 10
141.04126887375477
 20
165.22728453725665
 10
140.0071426749364
 20
165.22728453725665
 10
140.0071426749364
 20
166.03202239138105
 10
140.58155286051914
 20
166.6064325769636
  0
LWPOLYLINE
  5
26D
330
17
100
AcDbEntity
  8
ENG_K
100
AcDbPolyline
 90
4
 70
1
 10
140.57617826866522
 20
171.1198410471446
 10
139.7714404145409
 20
170.31510319302
 10
139.7714404145409
 20
171.9245789012689
 10
140.57617826866522
 20
171.1198410471446
  0
LWPOLYLINE
  5
26E
330
17
100
AcDbEntity
  8
ENG_K
100
AcDbPolyline
 90
6
 70
1
 10
140.47854719572743
 20
72.83199846221444
 10
139.62576840639127
 20
72.83199846221444
 10
139.05305065062853
 20
73.9774339737399
 10
139.4241790174658
 20
75.83307580792642
 10
140.47854719572743
 20
74.07579551082367
 10
140.47854719572743
 20
72.83199846221444
  0
LWPOLYLINE
  5
26F
330
17
100
AcDbEntity
  8
ENG_K
100
AcDbPolyline
 90
4
 70
1
 10
139.30003589374988
 20
171.4531743804778
 10
140.10477374787422
 20
170.64843652635352
 10
139.30003589374988
 20
169.84369867222927
 10
139.30003589374988
 20
171.4531743804778
  0
LWPOLYLINE
  5
270
330
17
100
AcDbEntity
  8
ENG_K
100
AcDbPolyline
 90
4
 70
1
 10
139.6333692270832
 20
159.80613254815978
 10
138.82863137295882
 20
159.00139469403553
 10
138.82863137295882
 20
160.61087040228406
 10
139.6333692270832
 20
159.80613254815978
  0
LWPOLYLINE
  5
271
330
17
100
AcDbEntity
  8
ENG_K
100
AcDbPolyline
 90
5
 70
1
 10
138.59292911256333
 20
76.46516344108501
 10
139.16733929814603
 20
77.03957362666758
 10
139.62705531138167
 20
75.66042558696063
 10
138.59292911256333
 20
75.66042558696063
 10
138.59292911256333
 20
76.46516344108501
  0
LWPOLYLINE
  5
272
330
17
100
AcDbEntity
  8
ENG_K
100
AcDbPolyline
 90
8
 70
1
 10
137.78819125843893
 20
151.55655343431673
 10
136.573045972675
 20
152.7716987200808
 10
138.1215245917723
 20
153.80401779947894
 10
138.1215245917723
 20
154.5230517465207
 10
137.5056929303094
 20
155.13888340798354
 10
139.2767763124011
 20
156.20153343723865
 10
139.55001043022003
 20
151.55655343431673
 10
137.78819125843893
 20
151.55655343431673
  0
LWPOLYLINE
  5
273
330
17
100
AcDbEntity
  8
ENG_K
100
AcDbPolyline
 90
5
 70
1
 10
136.72388269033806
 20
16.35971086391197
 10
138.5646201366264
 20
17.46415333168505
 10
139.59817829074987
 20
17.119633946977242
 10
139.22573478248313
 20
16.00230342217701
 10
136.72388269033806
 20
16.35971086391197
  0
LWPOLYLINE
  5
274
330
17
100
AcDbEntity
  8
ENG_K
100
AcDbPolyline
 90
4
 70
1
 10
139.16196470629214
 20
54.21151989096862
 10
138.3572268521678
 20
53.40678203684435
 10
138.3572268521678
 20
55.01625774509322
 10
139.16196470629214
 20
54.21151989096862
  0
LWPOLYLINE
  5
275
330
17
100
AcDbEntity
  8
ENG_K
100
AcDbPolyline
 90
4
 70
1
 10
138.3572268521678
 20
78.11507926385353
 10
139.16196470629217
 20
77.31034140972926
 10
138.3572268521678
 20
76.50560355560498
 10
138.3572268521678
 20
78.11507926385353
  0
LWPOLYLINE
  5
276
330
17
100
AcDbEntity
  8
ENG_K
100
AcDbPolyline
 90
4
 70
1
 10
137.88582233137677
 20
79.05788830543558
 10
138.6905601855011
 20
78.25315045131131
 10
137.88582233137677
 20
77.44841259718672
 10
137.88582233137677
 20
79.05788830543558
  0
LWPOLYLINE
  5
277
330
17
100
AcDbEntity
  8
ENG_K
100
AcDbPolyline
 90
5
 70
1
 10
138.30162873302007
 20
49.303805376452736
 10
138.6205687417463
 20
46.43334529791665
 10
137.17871555019025
 20
46.43334529791665
 10
137.17871555019025
 20
48.180892193623094
 10
138.30162873302007
 20
49.303805376452736
  0
LWPOLYLINE
  5
278
330
17
100
AcDbEntity
  8
ENG_K
100
AcDbPolyline
 90
5
 70
1
 10
136.50667429166978
 20
221.92852362778459
 10
137.65012007098125
 20
223.07196940709574
 10
138.15549466283508
 20
222.56659481524198
 10
137.79919126948127
 20
221.4976846351806
 10
136.50667429166978
 20
221.92852362778459
  0
LWPOLYLINE
  5
279
330
17
100
AcDbEntity
  8
ENG_K
100
AcDbPolyline
 90
7
 70
1
 10
136.6871493300467
 20
80.06129916089012
 10
137.06715641351067
 20
81.96133457820987
 10
138.1215245917723
 20
80.2040542811071
 10
138.1215245917723
 20
78.4888527117068
 10
137.17871555019025
 20
78.4888527117068
 10
137.17871555019025
 20
79.56973294074655
 10
136.6871493300467
 20
80.06129916089012
  0
LWPOLYLINE
  5
27A
330
17
100
AcDbEntity
  8
ENG_K
100
AcDbPolyline
 90
21
 70
1
 10
131.05045677990682
 20
196.77535493943444
 10
133.878883904653
 20
197.2467594602254
 10
133.878883904653
 20
200.48037368832573
 10
135.32963473262535
 20
201.35082418510908
 10
136.2130349090374
 20
200.4674240086971
 10
137.15584395061944
 20
196.69618784236897
 10
137.65012007098127
 20
196.20191172200708
 10
137.65012007098127
 20
191.76400888901213
 10
136.7216087690037
 20
190.83549758703455
 10
137.19301328979472
 20
187.5356659414974
 10
134.35028842544403
 20
184.69294107714674
 10
132.4832433297201
 20
186.5599861728705
 10
132.01183880892904
 20
188.9170087768258
 10
131.48789122963507
 20
189.44095635611978
 10
131.82338124412072
 20
190.4474263995769
 10
132.56230141521775
 20
190.4474263995769
 10
133.25420655502043
 20
189.75552125977413
 10
132.45527670835853
 20
191.35338095309794
 10
132.91066265943755
 20
194.0856966595722
 10
131.05045677990682
 20
195.01579959933758
 10
131.05045677990682
 20
196.77535493943444
  0
LWPOLYLINE
  5
27B
330
17
100
AcDbEntity
  8
ENG_K
100
AcDbPolyline
 90
12
 70
1
 10
133.17177712346646
 20
165.50545942509586
 10
133.17177712346646
 20
166.42006811530885
 10
138.30849762232265
 20
166.1179080859644
 10
136.6739808197066
 20
165.3006496846563
 10
136.18423501206564
 20
163.34166645409255
 10
135.33557009446974
 20
163.34166645409255
 10
135.09986783407425
 20
164.52017775607018
 10
134.44791949838185
 20
164.52017775607018
 10
133.878883904653
 20
163.9511421623413
 10
132.73543812534143
 20
165.0945879416529
 10
133.66944928109396
 20
165.40592499357032
 10
133.17177712346646
 20
165.50545942509586
  0
LWPOLYLINE
  5
27C
330
17
100
AcDbEntity
  8
ENG_K
100
AcDbPolyline
 90
6
 70
1
 10
136.44331207976455
 20
45.758260861737845
 10
136.71837957691812
 20
43.28265338735604
 10
135.7344252508644
 20
42.298699061302344
 10
134.35028842544403
 20
44.23649061689095
 10
134.35028842544403
 20
45.4592574825492
 10
136.44331207976455
 20
45.758260861737845
  0
LWPOLYLINE
  5
27D
330
17
100
AcDbEntity
  8
ENG_K
100
AcDbPolyline
 90
4
 70
1
 10
135.5287997274216
 20
85.18614707571925
 10
136.33353758154593
 20
84.38140922159465
 10
135.5287997274216
 20
83.57667136747038
 10
135.5287997274216
 20
85.18614707571925
  0
LWPOLYLINE
  5
27E
330
17
100
AcDbEntity
  8
ENG_K
100
AcDbPolyline
 90
4
 70
1
 10
135.5287997274216
 20
221.8934581051186
 10
136.33353758154595
 20
221.0887202509939
 10
135.5287997274216
 20
220.28398239687007
 10
135.5287997274216
 20
221.8934581051186
  0
LWPOLYLINE
  5
27F
330
17
100
AcDbEntity
  8
ENG_K
100
AcDbPolyline
 90
15
 70
1
 10
131.05045677990682
 20
64.95619279622456
 10
131.05045677990682
 20
66.09426398368224
 10
132.02989980527533
 20
67.07370700905079
 10
133.09747001752294
 20
65.47235169067922
 10
133.878883904653
 20
65.08164474711431
 10
134.86823307622564
 20
65.57631933290054
 10
135.7645019878171
 20
64.6800504213092
 10
135.7645019878171
 20
63.54197923385152
 10
134.85172562911532
 20
62.62920287514972
 10
133.43751206674224
 20
63.57201191673178
 10
132.93607486307093
 20
63.07057471306044
 10
132.93607486307093
 20
62.12776567147837
 10
131.79756238202953
 20
60.98925319043691
 10
131.52924288172412
 20
64.47740669440738
 10
131.05045677990682
 20
64.95619279622456
  0
LWPOLYLINE
  5
280
330
17
100
AcDbEntity
  8
ENG_K
100
AcDbPolyline
 90
9
 70
1
 10
126.72478909059056
 20
16.962788015149833
 10
128.12525557616618
 20
17.89643233886695
 10
130.1516359560495
 20
18.403027433837813
 10
131.6207801232583
 20
17.423597989031926
 10
135.29238083091002
 20
16.422252341490527
 10
135.27677678706254
 20
16.2931782568978
 10
124.82708324669235
 20
16.025237396888325
 10
124.17305827464673
 20
16.679262368933912
 10
126.72478909059056
 20
16.962788015149833
  0
LWPOLYLINE
  5
281
330
17
100
AcDbEntity
  8
ENG_K
100
AcDbPolyline
 90
5
 70
1
 10
133.02610511531682
 20
54.447222151364215
 10
132.4316901143157
 20
55.63605215336642
 10
133.56462799934823
 20
57.524281961753964
 10
133.90652353383598
 20
54.447222151364215
 10
133.02610511531682
 20
54.447222151364215
  0
LWPOLYLINE
  5
282
330
17
100
AcDbEntity
  8
ENG_K
100
AcDbPolyline
 90
5
 70
1
 10
132.56950576717534
 20
41.90730747166549
 10
131.4042761386979
 20
42.29571734782456
 10
132.35983491738446
 20
43.8883153123023
 10
133.5250645458619
 20
43.49990543614324
 10
132.56950576717534
 20
41.90730747166549
  0
LWPOLYLINE
  5
283
330
17
100
AcDbEntity
  8
ENG_K
100
AcDbPolyline
 90
5
 70
1
 10
133.0390805278626
 20
54.41215662869803
 10
133.49879654109824
 20
53.03300858899107
 10
132.4646703422799
 20
53.03300858899107
 10
132.4646703422799
 20
53.83774644311545
 10
133.0390805278626
 20
54.41215662869803
  0
LWPOLYLINE
  5
284
330
17
100
AcDbEntity
  8
ENG_K
100
AcDbPolyline
 90
4
 70
1
 10
131.75756356109335
 20
217.45555527212346
 10
131.75756356109335
 20
219.065030980372
 10
132.56230141521772
 20
218.26029312624772
 10
131.75756356109335
 20
217.45555527212346
  0
LWPOLYLINE
  5
285
330
17
100
AcDbEntity
  8
ENG_K
100
AcDbPolyline
 90
4
 70
1
 10
131.75756356109335
 20
68.68698884803315
 10
132.5623014152177
 20
67.88225099390854
 10
131.75756356109335
 20
67.07751313978427
 10
131.75756356109335
 20
68.68698884803315
  0
LWPOLYLINE
  5
286
330
17
100
AcDbEntity
  8
ENG_K
100
AcDbPolyline
 90
5
 70
1
 10
131.6194923736357
 20
181.96214502533826
 10
132.70705426385456
 20
180.87458313511928
 10
130.8147545195113
 20
180.49612318625074
 10
130.8147545195113
 20
181.96214502533826
 10
131.6194923736357
 20
181.96214502533826
  0
LWPOLYLINE
  5
287
330
17
100
AcDbEntity
  8
ENG_K
100
AcDbPolyline
 90
5
 70
1
 10
130.33666833754108
 20
207.5627419966909
 10
132.0707351950742
 20
207.90955536819743
 10
132.7070542638546
 20
207.27323629941708
 10
130.9729874063215
 20
206.92642292791052
 10
130.33666833754108
 20
207.5627419966909
  0
LWPOLYLINE
  5
288
330
17
100
AcDbEntity
  8
ENG_K
100
AcDbPolyline
 90
4
 70
1
 10
131.28615904030232
 20
69.1583933688239
 10
132.0908968944267
 20
68.35365551469962
 10
131.28615904030232
 20
67.54891766057536
 10
131.28615904030232
 20
69.1583933688239
  0
LWPOLYLINE
  5
289
330
17
100
AcDbEntity
  8
ENG_K
100
AcDbPolyline
 90
5
 70
1
 10
130.07141829447252
 20
198.30349515694036
 10
130.4135207025479
 20
200.0140071973172
 10
132.13769296216074
 20
198.9795038415495
 10
131.11411778178177
 20
197.9559286611705
 10
130.07141829447252
 20
198.30349515694036
  0
LWPOLYLINE
  5
28A
330
17
100
AcDbEntity
  8
ENG_K
100
AcDbPolyline
 90
5
 70
1
 10
131.13701930532565
 20
156.5173694501415
 10
131.79959651488346
 20
155.85479224058375
 10
129.07827617132386
 20
155.5524233135216
 10
128.41569896176605
 20
156.21500052307934
 10
131.13701930532565
 20
156.5173694501415
  0
LWPOLYLINE
  5
28B
330
17
100
AcDbEntity
  8
ENG_K
100
AcDbPolyline
 90
4
 70
1
 10
130.8147545195113
 20
69.6297978896152
 10
131.61949237363564
 20
68.82506003549061
 10
130.8147545195113
 20
68.02032218136634
 10
130.8147545195113
 20
69.6297978896152
  0
LWPOLYLINE
  5
28C
330
17
100
AcDbEntity
  8
ENG_K
100
AcDbPolyline
 90
5
 70
1
 10
129.04725353474274
 20
203.98746797914868
 10
130.06085167059067
 20
205.67679820556185
 10
131.1480878528446
 20
204.5895620233078
 10
130.17130874019972
 20
203.61278291066287
 10
129.04725353474274
 20
203.98746797914868
  0
LWPOLYLINE
  5
28D
330
17
100
AcDbEntity
  8
ENG_K
100
AcDbPolyline
 90
15
 70
1
 10
128.17093871221343
 20
160.70240145975123
 10
129.1648386967427
 20
162.69020142880976
 10
129.1648386967427
 20
164.89395120392336
 10
128.59580310301385
 20
165.46298679765215
 10
129.06720762380488
 20
165.93439131844323
 10
128.6212819216167
 20
166.3803170206314
 10
130.25778454363984
 20
168.6714206914638
 10
130.5655722209425
 20
166.51690695034526
 10
131.10154772285398
 20
165.98093144843384
 10
130.63014320206295
 20
165.03812240685178
 10
131.1480878528446
 20
164.5201777560701
 10
130.5790522591158
 20
163.9511421623413
 10
130.5790522591158
 20
162.55368840063832
 10
128.71556454570793
 20
160.1577756262569
 10
128.17093871221343
 20
160.70240145975123
  0
LWPOLYLINE
  5
28E
330
17
100
AcDbEntity
  8
ENG_K
100
AcDbPolyline
 90
5
 70
1
 10
130.61302233017858
 20
92.45894707691727
 10
130.25671893682468
 20
91.39003689685576
 10
128.9642019590132
 20
91.82087588945953
 10
130.10764773832474
 20
92.96432166877099
 10
130.61302233017858
 20
92.45894707691727
  0
LWPOLYLINE
  5
28F
330
17
100
AcDbEntity
  8
ENG_K
100
AcDbPolyline
 90
12
 70
1
 10
130.08290908741984
 20
43.60491817317047
 10
128.69343417595167
 20
43.60491817317047
 10
128.69343417595167
 20
46.597682656105974
 10
127.75062513436957
 20
48.01189621847912
 10
127.75062513436957
 20
50.06651027678721
 10
128.1243985822228
 20
50.44028372464038
 10
127.65299406143177
 20
50.91168824543146
 10
128.1965508365578
 20
51.45524502055743
 10
130.10764773832474
 20
50.09017580500963
 10
130.10764773832474
 20
48.652296714414064
 10
130.5901208066347
 20
48.16982364610411
 10
130.08290908741984
 20
43.60491817317047
  0
LWPOLYLINE
  5
290
330
17
100
AcDbEntity
  8
ENG_K
100
AcDbPolyline
 90
4
 70
1
 10
129.40054095713822
 20
89.90019228362944
 10
130.64014606645435
 20
88.66058717431325
 10
129.40054095713822
 20
86.59457865878639
 10
129.40054095713822
 20
89.90019228362944
  0
LWPOLYLINE
  5
291
330
17
100
AcDbEntity
  8
ENG_K
100
AcDbPolyline
 90
5
 70
1
 10
130.15945601503927
 20
168.998520703585
 10
129.1648386967427
 20
168.998520703585
 10
129.1648386967427
 20
170.27466307850025
 10
129.7809960661706
 20
170.89082044792835
 10
130.15945601503927
 20
168.998520703585
  0
LWPOLYLINE
  5
292
330
17
100
AcDbEntity
  8
ENG_K
100
AcDbPolyline
 90
5
 70
1
 10
129.30744023890054
 20
175.91573536068583
 10
129.67021328859653
 20
174.8274162115978
 10
128.17523358742653
 20
173.33243651042773
 10
127.17388322396856
 20
175.00135378285785
 10
129.30744023890054
 20
175.91573536068583
  0
LWPOLYLINE
  5
293
330
17
100
AcDbEntity
  8
ENG_K
100
AcDbPolyline
 90
4
 70
1
 10
128.45773191555614
 20
54.07344870351116
 10
129.26246976968048
 20
53.26871084938656
 10
128.45773191555614
 20
52.46397299526229
 10
128.45773191555614
 20
54.07344870351116
  0
LWPOLYLINE
  5
294
330
17
100
AcDbEntity
  8
ENG_K
100
AcDbPolyline
 90
4
 70
1
 10
128.45773191555614
 20
29.836555997292514
 10
128.45773191555614
 20
31.446031705541387
 10
129.26246976968048
 20
30.641293851417117
 10
128.45773191555614
 20
29.836555997292514
  0
LWPOLYLINE
  5
295
330
17
100
AcDbEntity
  8
ENG_K
100
AcDbPolyline
 90
4
 70
1
 10
127.9863273947651
 20
195.4948049408204
 10
128.79106524888945
 20
194.6900670866961
 10
127.9863273947651
 20
193.88532923257185
 10
127.9863273947651
 20
195.4948049408204
  0
LWPOLYLINE
  5
296
330
17
100
AcDbEntity
  8
ENG_K
100
AcDbPolyline
 90
4
 70
1
 10
127.51492287397406
 20
191.52830662861675
 10
127.51492287397406
 20
193.13778233686529
 10
128.31966072809843
 20
192.33304448274103
 10
127.51492287397406
 20
191.52830662861675
  0
LWPOLYLINE
  5
297
330
17
100
AcDbEntity
  8
ENG_K
100
AcDbPolyline
 90
4
 70
1
 10
127.51492287397406
 20
190.3093552121191
 10
128.3196607280984
 20
189.50461735799485
 10
127.51492287397406
 20
188.69987950387025
 10
127.51492287397406
 20
190.3093552121191
  0
LWPOLYLINE
  5
298
330
17
100
AcDbEntity
  8
ENG_K
100
AcDbPolyline
 90
6
 70
1
 10
127.27922061357854
 20
72.83199846221444
 10
127.27922061357854
 20
73.91287869125418
 10
126.60717935505802
 20
74.58491994977479
 10
127.9440180438014
 20
75.03053284602245
 10
128.2580943843454
 20
72.83199846221444
 10
127.27922061357854
 20
72.83199846221444
  0
LWPOLYLINE
  5
299
330
17
100
AcDbEntity
  8
ENG_K
100
AcDbPolyline
 90
4
 70
1
 10
127.37685168651636
 20
74.95331880577405
 10
126.572113832392
 20
74.14858095164978
 10
126.572113832392
 20
75.75805665989832
 10
127.37685168651636
 20
74.95331880577405
  0
LWPOLYLINE
  5
29A
330
17
100
AcDbEntity
  8
ENG_K
100
AcDbPolyline
 90
5
 70
1
 10
125.39360253041443
 20
193.04015126392758
 10
125.39360253041443
 20
194.78769815963392
 10
125.8950837881582
 20
195.28917941737768
 10
127.50153246919399
 20
193.04015126392758
 10
125.39360253041443
 20
193.04015126392758
  0
LWPOLYLINE
  5
29B
330
17
100
AcDbEntity
  8
ENG_K
100
AcDbPolyline
 90
6
 70
1
 10
126.32293153382321
 20
155.67460297215152
 10
127.14114942612085
 20
154.856385079854
 10
125.36596290123144
 20
154.856385079854
 10
125.75863134271486
 20
158.39040105320467
 10
125.93456776000083
 20
158.39314938890814
 10
126.32293153382321
 20
155.67460297215152
  0
LWPOLYLINE
  5
29C
330
17
100
AcDbEntity
  8
ENG_K
100
AcDbPolyline
 90
4
 70
1
 10
125.62930479080994
 20
65.66329957741124
 10
125.62930479080994
 20
67.50216363035399
 10
127.00845283051699
 20
67.0424476171182
 10
125.62930479080994
 20
65.66329957741124
  0
LWPOLYLINE
  5
29D
330
17
100
AcDbEntity
  8
ENG_K
100
AcDbPolyline
 90
5
 70
1
 10
125.39360253041443
 20
168.998520703585
 10
125.39360253041443
 20
170.27466307850025
 10
125.91180311893952
 20
170.7928636670255
 10
126.98840889700384
 20
168.998520703585
 10
125.39360253041443
 20
168.998520703585
  0
LWPOLYLINE
  5
29E
330
17
100
AcDbEntity
  8
ENG_K
100
AcDbPolyline
 90
5
 70
1
 10
126.35264825813256
 20
158.15621672539126
 10
125.39360253041443
 20
158.15621672539126
 10
125.39360253041443
 20
161.7893817042617
 10
126.06563508897075
 20
162.4614142628179
 10
126.35264825813256
 20
158.15621672539126
  0
LWPOLYLINE
  5
29F
330
17
100
AcDbEntity
  8
ENG_K
100
AcDbPolyline
 90
6
 70
1
 10
125.16458193119806
 20
30.31464217926294
 10
124.0659514934602
 20
29.216011741524994
 10
121.74986546770812
 20
29.47335463327527
 10
120.58192624956631
 20
30.641293851417117
 10
121.07349246970982
 20
31.132860071560575
 10
125.16458193119806
 20
30.31464217926294
  0
LWPOLYLINE
  5
2A0
330
17
100
AcDbEntity
  8
ENG_K
100
AcDbPolyline
 90
5
 70
1
 10
124.45079348883239
 20
92.02151262718917
 10
124.95616808068618
 20
91.5161380353352
 10
124.59986468733231
 20
90.4472278552736
 10
123.30734770952085
 20
90.87806684787748
 10
124.45079348883239
 20
92.02151262718917
  0
LWPOLYLINE
  5
2A1
330
17
100
AcDbEntity
  8
ENG_K
100
AcDbPolyline
 90
4
 70
1
 10
123.74368670764582
 20
92.72861940837551
 10
124.54842456177018
 20
91.92388155425124
 10
123.74368670764582
 20
91.11914370012697
 10
123.74368670764582
 20
92.72861940837551
  0
LWPOLYLINE
  5
2A2
330
17
100
AcDbEntity
  8
ENG_K
100
AcDbPolyline
 90
4
 70
1
 10
123.74368670764582
 20
37.850432850740305
 10
123.74368670764582
 20
39.45990855898918
 10
124.54842456177016
 20
38.655170704864574
 10
123.74368670764582
 20
37.850432850740305
  0
LWPOLYLINE
  5
2A3
330
17
100
AcDbEntity
  8
ENG_K
100
AcDbPolyline
 90
4
 70
1
 10
124.07702004097915
 20
92.39528607504222
 10
123.2722821868548
 20
91.59054822091794
 10
123.2722821868548
 20
93.20002392916649
 10
124.07702004097915
 20
92.39528607504222
  0
LWPOLYLINE
  5
2A4
330
17
100
AcDbEntity
  8
ENG_K
100
AcDbPolyline
 90
5
 70
1
 10
121.66533548282064
 20
196.271437216586
 10
122.20952244765313
 20
197.9039981110835
 10
122.61959157819398
 20
194.21337593621567
 10
120.44657215414519
 20
195.66205555224826
 10
121.66533548282064
 20
196.271437216586
  0
LWPOLYLINE
  5
2A5
330
17
100
AcDbEntity
  8
ENG_K
100
AcDbPolyline
 90
5
 70
1
 10
121.62236636408618
 20
87.91694312752752
 10
121.62236636408618
 20
88.72168098165179
 10
122.19677654966884
 20
89.29609116723437
 10
122.65649256290453
 20
87.91694312752752
 10
121.62236636408618
 20
87.91694312752752
  0
LWPOLYLINE
  5
2A6
330
17
100
AcDbEntity
  8
ENG_K
100
AcDbPolyline
 90
16
 70
1
 10
118.39389962075505
 20
54.6829244117597
 10
119.19397885792492
 20
54.6829244117597
 10
120.70959000538438
 20
55.69333184339931
 10
121.62236636408618
 20
54.780555484697516
 10
121.62236636408618
 20
53.41438285753619
 10
122.56517540566823
 20
52.94297833674521
 10
122.56517540566823
 20
52.22827073486669
 10
121.71999743702398
 20
51.383092766222546
 10
119.16771268719322
 20
51.383092766222546
 10
118.79393923934
 20
51.756866214075714
 10
117.85113019775791
 20
50.814057172493655
 10
116.90832115617586
 20
51.756866214075714
 10
116.90832115617586
 20
54.15587813506484
 10
116.38582569243766
 20
55.200869062541294
 10
116.87828847329557
 20
55.69333184339942
 10
118.39389962075505
 20
54.6829244117597
  0
LWPOLYLINE
  5
2A7
330
17
100
AcDbEntity
  8
ENG_K
100
AcDbPolyline
 90
5
 70
1
 10
122.61698368238275
 20
89.33115668990055
 10
121.62236636408618
 20
89.33115668990055
 10
121.62236636408618
 20
90.6072990648159
 10
122.2385237335141
 20
91.22345643424379
 10
122.61698368238275
 20
89.33115668990055
  0
LWPOLYLINE
  5
2A8
330
17
100
AcDbEntity
  8
ENG_K
100
AcDbPolyline
 90
6
 70
1
 10
122.1659231392122
 20
169.2597017825833
 10
120.30952443523867
 20
166.6607435970203
 10
120.66525958289962
 20
169.15088963064719
 10
120.00751606398357
 20
169.80863314956318
 10
121.21462284517011
 20
170.2110020766253
 10
122.1659231392122
 20
169.2597017825833
  0
LWPOLYLINE
  5
2A9
330
17
100
AcDbEntity
  8
ENG_K
100
AcDbPolyline
 90
4
 70
1
 10
122.19140195781502
 20
40.069384267237716
 10
121.38666410369066
 20
39.26464641311345
 10
121.38666410369066
 20
40.87412212136199
 10
122.19140195781502
 20
40.069384267237716
  0
LWPOLYLINE
  5
2AA
330
17
100
AcDbEntity
  8
ENG_K
100
AcDbPolyline
 90
11
 70
1
 10
113.1572466892001
 20
20.19292502042902
 10
112.66568046905658
 20
19.70135880028556
 10
112.66568046905658
 20
18.758549758703502
 10
111.7568414985373
 20
17.849710788184204
 10
111.89275600484265
 20
17.441967269268165
 10
121.24859291623298
 20
17.441967269268165
 10
122.41577160383046
 20
16.27478858167064
 10
110.21302751111692
 20
16.025752987941843
 10
109.78375711914092
 20
16.455023379917776
 10
112.76611033491562
 20
22.148606791851265
 10
113.1572466892001
 20
20.19292502042902
  0
LWPOLYLINE
  5
2AB
330
17
100
AcDbEntity
  8
ENG_K
100
AcDbPolyline
 90
15
 70
1
 10
120.19697999584362
 20
164.18236579412792
 10
121.62236636408618
 20
163.23210821529955
 10
121.62236636408618
 20
162.55599225277416
 10
120.20815280171308
 20
160.67037416961006
 10
120.20815280171308
 20
159.5704302877643
 10
119.26534376013102
 20
159.5704302877643
 10
119.26534376013102
 20
162.97982017209443
 10
117.85113019775793
 20
163.92262921367652
 10
117.85113019775793
 20
164.61780882900788
 10
118.32253471854892
 20
165.08921334979908
 10
119.26534376013099
 20
164.14640430821692
 10
119.27403769799632
 20
164.15509824608222
 10
119.60721143940769
 20
167.82000940160736
 10
119.86628512243641
 20
167.82000940160736
 10
120.19697999584362
 20
164.18236579412792
  0
LWPOLYLINE
  5
2AC
330
17
100
AcDbEntity
  8
ENG_K
100
AcDbPolyline
 90
7
 70
1
 10
120.71912094238535
 20
175.58035613808386
 10
120.17212031089173
 20
172.29835234912215
 10
119.26534376013102
 20
172.29835234912215
 10
119.26534376013102
 20
173.7964963585761
 10
116.67261889578035
 20
174.97500766055362
 10
116.67261889578035
 20
175.85012294119107
 10
120.71912094238535
 20
175.58035613808386
  0
LWPOLYLINE
  5
2AD
330
17
100
AcDbEntity
  8
ENG_K
100
AcDbPolyline
 90
4
 70
1
 10
120.77718839544191
 20
91.45247703346016
 10
119.97245054131757
 20
90.64773917933589
 10
119.97245054131757
 20
92.25721488758477
 10
120.77718839544191
 20
91.45247703346016
  0
LWPOLYLINE
  5
2AE
330
17
100
AcDbEntity
  8
ENG_K
100
AcDbPolyline
 90
4
 70
1
 10
119.97245054131757
 20
166.54386702669177
 10
119.97245054131757
 20
168.15334273494065
 10
120.77718839544191
 20
167.34860488081637
 10
119.97245054131757
 20
166.54386702669177
  0
LWPOLYLINE
  5
2AF
330
17
100
AcDbEntity
  8
ENG_K
100
AcDbPolyline
 90
4
 70
1
 10
119.50104602052654
 20
56.706613682381615
 10
119.50104602052654
 20
58.316089390630154
 10
120.3057838746509
 20
57.511351536505884
 10
119.50104602052654
 20
56.706613682381615
  0
LWPOLYLINE
  5
2B0
330
17
100
AcDbEntity
  8
ENG_K
100
AcDbPolyline
 90
5
 70
1
 10
119.75690998027454
 20
46.27511241110649
 10
119.45024382553945
 20
44.74178163743092
 10
117.60874627618327
 20
45.1100811473023
 10
119.26534376013102
 20
46.766678631249945
 10
119.75690998027454
 20
46.27511241110649
  0
LWPOLYLINE
  5
2B1
330
17
100
AcDbEntity
  8
ENG_K
100
AcDbPolyline
 90
5
 70
1
 10
119.3995853518789
 20
81.10144631930238
 10
119.75104602052654
 20
78.64122163876897
 10
118.85760024121495
 20
77.74777585945736
 10
117.74286715028529
 20
78.11935355643406
 10
119.3995853518789
 20
81.10144631930238
  0
LWPOLYLINE
  5
2B2
330
17
100
AcDbEntity
  8
ENG_K
100
AcDbPolyline
 90
5
 70
1
 10
119.3486770934644
 20
57.52564927611037
 10
120.00104602052643
 20
56.87328034904815
 10
117.7677968644246
 20
56.55424475531934
 10
117.11542793736243
 20
57.206613682381445
 10
119.3486770934644
 20
57.52564927611037
  0
LWPOLYLINE
  5
2B3
330
17
100
AcDbEntity
  8
ENG_K
100
AcDbPolyline
 90
4
 70
1
 10
119.36297483306882
 20
96.16652224137046
 10
118.55823697894448
 20
95.36178438724619
 10
118.55823697894448
 20
96.97126009549505
 10
119.36297483306882
 20
96.16652224137046
  0
LWPOLYLINE
  5
2B4
330
17
100
AcDbEntity
  8
ENG_K
100
AcDbPolyline
 90
5
 70
1
 10
119.3566609173673
 20
48.31896338108077
 10
118.32253471854895
 20
48.31896338108077
 10
118.32253471854895
 20
49.123701235205154
 10
118.89694490413166
 20
49.698111420787725
 10
119.3566609173673
 20
48.31896338108077
  0
LWPOLYLINE
  5
2B5
330
17
100
AcDbEntity
  8
ENG_K
100
AcDbPolyline
 90
4
 70
1
 10
118.89157031227778
 20
41.48359782961075
 10
118.08683245815344
 20
40.67885997548648
 10
118.08683245815344
 20
42.288335683735355
 10
118.89157031227778
 20
41.48359782961075
  0
LWPOLYLINE
  5
2B6
330
17
100
AcDbEntity
  8
ENG_K
100
AcDbPolyline
 90
4
 70
1
 10
118.08683245815344
 20
50.773617057973674
 10
118.89157031227779
 20
49.968879203849404
 10
118.08683245815344
 20
49.164141349725135
 10
118.08683245815344
 20
50.773617057973674
  0
LWPOLYLINE
  5
2B7
330
17
100
AcDbEntity
  8
ENG_K
100
AcDbPolyline
 90
5
 70
1
 10
118.97453204355628
 20
166.17009357883873
 10
117.46975592921275
 20
166.17009357883873
 10
116.81166701334506
 20
167.48627141057426
 10
117.95596562265337
 20
167.8677042803437
 10
118.97453204355628
 20
166.17009357883873
  0
LWPOLYLINE
  5
2B8
330
17
100
AcDbEntity
  8
ENG_K
100
AcDbPolyline
 90
4
 70
1
 10
119.17497768071131
 20
202.4682416797482
 10
115.46780255078032
 20
200.78316207523395
 10
113.10869110446059
 20
202.4682416797482
 10
119.17497768071131
 20
202.4682416797482
  0
LWPOLYLINE
  5
2B9
330
17
100
AcDbEntity
  8
ENG_K
100
AcDbPolyline
 90
4
 70
1
 10
117.6154279373624
 20
70.57260693119727
 10
118.42016579148674
 20
69.76786907707266
 10
117.6154279373624
 20
68.96313122294839
 10
117.6154279373624
 20
70.57260693119727
  0
LWPOLYLINE
  5
2BA
330
17
100
AcDbEntity
  8
ENG_K
100
AcDbPolyline
 90
4
 70
1
 10
117.6154279373624
 20
45.58816732927229
 10
118.42016579148675
 20
44.78342947514802
 10
117.6154279373624
 20
43.97869162102375
 10
117.6154279373624
 20
45.58816732927229
  0
LWPOLYLINE
  5
2BB
330
17
100
AcDbEntity
  8
ENG_K
100
AcDbPolyline
 90
5
 70
1
 10
118.05176693548742
 20
56.46553683013211
 10
116.8446601543009
 20
56.063167903069974
 10
116.23627989765532
 20
56.671548159715535
 10
117.44338667884186
 20
57.07391708677767
 10
118.05176693548742
 20
56.46553683013211
  0
LWPOLYLINE
  5
2BC
330
17
100
AcDbEntity
  8
ENG_K
100
AcDbPolyline
 90
4
 70
1
 10
117.14402341657137
 20
42.75974020452611
 10
117.94876127069573
 20
41.95500235040184
 10
117.14402341657137
 20
41.150264496277565
 10
117.14402341657137
 20
42.75974020452611
  0
LWPOLYLINE
  5
2BD
330
17
100
AcDbEntity
  8
ENG_K
100
AcDbPolyline
 90
4
 70
1
 10
117.14402341657137
 20
44.64535828769023
 10
117.94876127069573
 20
43.84062043356596
 10
117.14402341657137
 20
43.03588257944169
 10
117.14402341657137
 20
44.64535828769023
  0
LWPOLYLINE
  5
2BE
330
17
100
AcDbEntity
  8
ENG_K
100
AcDbPolyline
 90
5
 70
1
 10
117.43153395368141
 20
42.190704610797326
 10
116.43691663538483
 20
42.190704610797326
 10
116.43691663538483
 20
43.46684698571279
 10
117.05307400481277
 20
44.08300435514067
 10
117.43153395368141
 20
42.190704610797326
  0
LWPOLYLINE
  5
2BF
330
17
100
AcDbEntity
  8
ENG_K
100
AcDbPolyline
 90
5
 70
1
 10
116.99963831341213
 20
55.390031192946275
 10
115.96551211459379
 20
55.390031192946275
 10
115.96551211459379
 20
56.19476904707066
 10
116.53992230017649
 20
56.76917923265323
 10
116.99963831341213
 20
55.390031192946275
  0
LWPOLYLINE
  5
2C0
330
17
100
AcDbEntity
  8
ENG_K
100
AcDbPolyline
 90
4
 70
1
 10
116.20121437498932
 20
176.63862410917918
 10
117.00595222911367
 20
175.83388625505492
 10
116.20121437498932
 20
175.02914840093064
 10
116.20121437498932
 20
176.63862410917918
  0
LWPOLYLINE
  5
2C1
330
17
100
AcDbEntity
  8
ENG_K
100
AcDbPolyline
 90
14
 70
1
 10
110.30865786510141
 20
194.34480658750775
 10
111.74659563480347
 20
195.303431767309
 10
112.0155137430803
 20
196.64802230869316
 10
113.23373913267842
 20
196.24194717882716
 10
112.69350134700844
 20
195.16147160748721
 10
113.05697175023646
 20
194.43453080103112
 10
114.68447535306986
 20
194.20203028634074
 10
116.0194652127839
 20
192.33304448274103
 10
114.64191326636677
 20
190.404471757757
 10
113.69694286054678
 20
190.71946189303034
 10
112.5750657549105
 20
192.2900898409211
 10
111.18780590480851
 20
191.82766989088717
 10
110.30865786510141
 20
192.70681793059418
 10
110.30865786510141
 20
194.34480658750775
  0
LWPOLYLINE
  5
2C2
330
17
100
AcDbEntity
  8
ENG_K
100
AcDbPolyline
 90
9
 70
1
 10
112.60637546748733
 20
99.94579834145657
 10
115.30043828719731
 20
99.64645802815552
 10
114.1960980918077
 20
98.5421178327659
 10
111.83907548785254
 20
98.07071331197493
 10
111.33480024001683
 20
97.56643806413912
 10
109.1015510839149
 20
97.88547365786803
 10
110.21102679216361
 20
98.99494936611663
 10
111.18010200447738
 20
98.99494936611663
 10
112.60637546748733
 20
99.94579834145657
  0
LWPOLYLINE
  5
2C3
330
17
100
AcDbEntity
  8
ENG_K
100
AcDbPolyline
 90
12
 70
1
 10
112.08395185450034
 20
180.573904257338
 10
109.67599249397193
 20
181.53708800154934
 10
108.86146407476411
 20
182.89463536689564
 10
109.36584882351936
 20
183.90340486440616
 10
109.36584882351936
 20
185.8089155291327
 10
110.65876578473218
 20
187.6189992748306
 10
111.82050250041235
 20
187.6189992748306
 10
112.80025006846208
 20
186.63925170678087
 10
114.5512985522207
 20
185.88880235659866
 10
114.5512985522207
 20
181.4423608002329
 10
113.7135137717623
 20
179.48752964583002
 10
112.08395185450034
 20
180.573904257338
  0
LWPOLYLINE
  5
2C4
330
17
100
AcDbEntity
  8
ENG_K
100
AcDbPolyline
 90
4
 70
1
 10
113.84419177103415
 20
72.26296286848566
 10
113.84419177103415
 20
73.8724385767342
 10
114.6489296251585
 20
73.06770072260993
 10
113.84419177103415
 20
72.26296286848566
  0
LWPOLYLINE
  5
2C5
330
17
100
AcDbEntity
  8
ENG_K
100
AcDbPolyline
 90
4
 70
1
 10
114.17752510436746
 20
202.7039439401437
 10
113.37278725024312
 20
201.8992060860194
 10
113.37278725024312
 20
203.50868179426828
 10
114.17752510436746
 20
202.7039439401437
  0
LWPOLYLINE
  5
2C6
330
17
100
AcDbEntity
  8
ENG_K
100
AcDbPolyline
 90
7
 70
1
 10
111.35967006345705
 20
148.48185196533936
 10
113.8862247248242
 20
148.20112366963178
 10
112.73340828593324
 20
147.0483072307407
 10
107.48444973881233
 20
148.59211856812937
 10
107.48506960935396
 20
148.59916875060085
 10
110.86662491131128
 20
148.97489711748503
 10
111.35967006345705
 20
148.48185196533936
  0
LWPOLYLINE
  5
2C7
330
17
100
AcDbEntity
  8
ENG_K
100
AcDbPolyline
 90
4
 70
1
 10
113.70612058357645
 20
157.92051446499568
 10
112.9013827294521
 20
157.1157766108714
 10
112.9013827294521
 20
158.72525231911993
 10
113.70612058357645
 20
157.92051446499568
  0
LWPOLYLINE
  5
2C8
330
17
100
AcDbEntity
  8
ENG_K
100
AcDbPolyline
 90
5
 70
1
 10
112.2579369501405
 20
83.47257025107547
 10
112.86631720678608
 20
82.8641899944299
 10
111.65921042559955
 20
82.46182106736777
 10
111.05083016895398
 20
83.07020132401333
 10
112.2579369501405
 20
83.47257025107547
  0
LWPOLYLINE
  5
2C9
330
17
100
AcDbEntity
  8
ENG_K
100
AcDbPolyline
 90
4
 70
1
 10
112.29190702120334
 20
81.55298209684847
 10
111.487169167079
 20
80.7482442427242
 10
111.487169167079
 20
82.35771995097308
 10
112.29190702120334
 20
81.55298209684847
  0
LWPOLYLINE
  5
2CA
330
17
100
AcDbEntity
  8
ENG_K
100
AcDbPolyline
 90
4
 70
1
 10
111.82050250041233
 20
83.91000470080368
 10
111.01576464628798
 20
83.1052668466794
 10
111.01576464628798
 20
84.71474255492795
 10
111.82050250041233
 20
83.91000470080368
  0
LWPOLYLINE
  5
2CB
330
17
100
AcDbEntity
  8
ENG_K
100
AcDbPolyline
 90
4
 70
1
 10
111.01576464628798
 20
165.12965346431864
 10
111.01576464628798
 20
166.73912917256752
 10
111.82050250041232
 20
165.93439131844323
 10
111.01576464628798
 20
165.12965346431864
  0
LWPOLYLINE
  5
2CC
330
17
100
AcDbEntity
  8
ENG_K
100
AcDbPolyline
 90
4
 70
1
 10
111.01576464628798
 20
82.82912447176383
 10
111.82050250041233
 20
82.02438661763955
 10
111.01576464628798
 20
81.21964876351528
 10
111.01576464628798
 20
82.82912447176383
  0
LWPOLYLINE
  5
2CD
330
17
100
AcDbEntity
  8
ENG_K
100
AcDbPolyline
 90
5
 70
1
 10
110.88489781078788
 20
188.04270891688546
 10
109.80102390045813
 20
188.40400022032867
 10
110.123757799693
 20
190.01766971650292
 10
111.86136180939425
 20
189.67014891456267
 10
110.88489781078788
 20
188.04270891688546
  0
LWPOLYLINE
  5
2CE
330
17
100
AcDbEntity
  8
ENG_K
100
AcDbPolyline
 90
6
 70
1
 10
111.31256071402204
 20
203.683290247325
 10
110.35545393283549
 20
202.08811227868085
 10
109.36584882351936
 20
203.07771738799696
 10
109.36584882351936
 20
204.28804207988506
 10
110.37231886697639
 20
204.6235320943707
 10
111.31256071402204
 20
203.683290247325
  0
LWPOLYLINE
  5
2CF
330
17
100
AcDbEntity
  8
ENG_K
100
AcDbPolyline
 90
5
 70
1
 10
109.6366166065809
 20
166.5088015040258
 10
110.84372338776744
 20
166.91117043108815
 10
111.45210364441294
 20
166.3027901744425
 10
110.24499686322645
 20
165.90042124738036
 10
109.6366166065809
 20
166.5088015040258
  0
LWPOLYLINE
  5
2D0
330
17
100
AcDbEntity
  8
ENG_K
100
AcDbPolyline
 90
4
 70
1
 10
108.04926633408407
 20
68.35365551469962
 10
107.24452847995971
 20
67.54891766057536
 10
107.24452847995971
 20
69.1583933688239
 10
108.04926633408407
 20
68.35365551469962
  0
LWPOLYLINE
  5
2D1
330
17
100
AcDbEntity
  8
ENG_K
100
AcDbPolyline
 90
7
 70
1
 10
105.56913383858831
 20
199.00486002815043
 10
107.60793855024578
 20
197.54857094839505
 10
107.00882621956418
 20
196.9494586177135
 10
107.00882621956418
 20
195.86857838867377
 10
106.14214123900703
 20
195.86857838867377
 10
105.08234437046549
 20
198.5180705600277
 10
105.56913383858831
 20
199.00486002815043
  0
LWPOLYLINE
  5
2D2
330
17
100
AcDbEntity
  8
ENG_K
100
AcDbPolyline
 90
4
 70
1
 10
106.30171943837765
 20
67.27277528565978
 10
107.106457292502
 20
66.4680374315355
 10
106.30171943837765
 20
65.66329957741124
 10
106.30171943837765
 20
67.27277528565978
  0
LWPOLYLINE
  5
2D3
330
17
100
AcDbEntity
  8
ENG_K
100
AcDbPolyline
 90
4
 70
1
 10
105.83031491758662
 20
194.55199589923865
 10
106.63505277171096
 20
193.74725804511405
 10
105.83031491758662
 20
192.9425201909898
 10
105.83031491758662
 20
194.55199589923865
  0
LWPOLYLINE
  5
2D4
330
17
100
AcDbEntity
  8
ENG_K
100
AcDbPolyline
 90
4
 70
1
 10
106.16364825091992
 20
175.36248173426384
 10
105.35891039679558
 20
174.55774388013955
 10
105.35891039679558
 20
176.16721958838843
 10
106.16364825091992
 20
175.36248173426384
  0
LWPOLYLINE
  5
2D5
330
17
100
AcDbEntity
  8
ENG_K
100
AcDbPolyline
 90
5
 70
1
 10
105.73936550582799
 20
175.13346113504747
 10
106.11782545469664
 20
173.24116139070424
 10
105.12320813640007
 20
173.24116139070424
 10
105.12320813640007
 20
174.51730376561957
 10
105.73936550582799
 20
175.13346113504747
  0
LWPOLYLINE
  5
2D6
330
17
100
AcDbEntity
  8
ENG_K
100
AcDbPolyline
 90
5
 70
1
 10
105.8369965787657
 20
68.6803071868537
 10
104.10292972123268
 20
68.33349381534714
 10
103.4666106524523
 20
68.9698128841274
 10
105.20067750998545
 20
69.31662625563418
 10
105.8369965787657
 20
68.6803071868537
  0
LWPOLYLINE
  5
2D7
330
17
100
AcDbEntity
  8
ENG_K
100
AcDbPolyline
 90
5
 70
1
 10
104.65180361560904
 20
201.52543263816614
 10
104.65180361560904
 20
202.3301704922905
 10
105.22621380119172
 20
202.9045806778731
 10
105.68592981442737
 20
201.52543263816614
 10
104.65180361560904
 20
201.52543263816614
  0
LWPOLYLINE
  5
2D8
330
17
100
AcDbEntity
  8
ENG_K
100
AcDbPolyline
 90
4
 70
1
 10
104.41610135521353
 20
237.25454514534715
 10
104.41610135521353
 20
238.8640208535955
 10
105.22083920933788
 20
238.05928299947098
 10
104.41610135521353
 20
237.25454514534715
  0
LWPOLYLINE
  5
2D9
330
17
100
AcDbEntity
  8
ENG_K
100
AcDbPolyline
 90
7
 70
1
 10
104.11673809294301
 20
63.202175857061114
 10
105.32384487412956
 20
62.79980692999898
 10
104.26696162023688
 20
61.74292367610623
 10
100.8820853818628
 20
62.11902103592559
 10
100.87933704615935
 20
62.294957453211566
 10
103.59788346291585
 20
62.68332122703391
 10
104.11673809294301
 20
63.202175857061114
  0
LWPOLYLINE
  5
2DA
330
17
100
AcDbEntity
  8
ENG_K
100
AcDbPolyline
 90
5
 70
1
 10
104.91610135521341
 20
199.23744562793976
 10
102.68285219911158
 20
198.91841003421095
 10
102.03048327204941
 20
199.57077896127308
 10
104.26373242815139
 20
199.88981455500198
 10
104.91610135521341
 20
199.23744562793976
  0
LWPOLYLINE
  5
2DB
330
17
100
AcDbEntity
  8
ENG_K
100
AcDbPolyline
 90
5
 70
1
 10
103.70899457402697
 20
240.04253215557304
 10
104.32515194345496
 20
240.65868952500068
 10
104.7036118923236
 20
238.76638978065756
 10
103.70899457402697
 20
238.76638978065756
 10
103.70899457402697
 20
240.04253215557304
  0
LWPOLYLINE
  5
2DC
330
17
100
AcDbEntity
  8
ENG_K
100
AcDbPolyline
 90
21
 70
1
 10
99.78211456348815
 20
173.31476278698997
 10
100.86599759922183
 20
174.94058734059058
 10
100.68733781632895
 20
175.83388625505492
 10
100.50679400142758
 20
175.83388625505492
 10
98.59584644883077
 20
173.9229387024581
 10
96.47558964916557
 20
174.45300290237432
 10
95.99936567385363
 20
175.4054508529984
 10
95.12705905695759
 20
175.69621972529703
 10
96.09835257480562
 20
177.63880676099308
 10
94.28913438525234
 20
178.84495222069518
 10
98.09915623290155
 20
179.13803082436053
 10
101.0201878392526
 20
177.67751502118512
 10
103.19560073620185
 20
175.50210212423568
 10
104.20440404717601
 20
173.4844955022874
 10
103.3688024211374
 20
171.53475837486388
 10
102.0941442739244
 20
171.95964442393486
 10
102.74602383309242
 20
172.61152398310298
 10
102.57295589949307
 20
173.4768636510997
 10
101.92100756380066
 20
173.4768636510997
 10
101.42944134365715
 20
172.98529743095625
 10
99.78211456348815
 20
173.31476278698997
  0
LWPOLYLINE
  5
2DD
330
17
100
AcDbEntity
  8
ENG_K
100
AcDbPolyline
 90
4
 70
1
 10
103.33522112617374
 20
149.43523309075712
 10
102.5304832720494
 20
148.63049523663253
 10
102.5304832720494
 20
150.2399709448814
 10
103.33522112617374
 20
149.43523309075712
  0
LWPOLYLINE
  5
2DE
330
17
100
AcDbEntity
  8
ENG_K
100
AcDbPolyline
 90
5
 70
1
 10
100.79723411594746
 20
68.81076229588624
 10
100.14486518888526
 20
69.46313122294833
 10
102.3781143449872
 20
69.78216681667715
 10
103.0304832720494
 20
69.12979788961505
 10
100.79723411594746
 20
68.81076229588624
  0
LWPOLYLINE
  5
2DF
330
17
100
AcDbEntity
  8
ENG_K
100
AcDbPolyline
 90
5
 70
1
 10
100.00141940957369
 20
148.9977986410289
 10
100.60979966621926
 20
148.38941838438336
 10
99.40269288503275
 20
147.9870494573212
 10
98.79431262838713
 20
148.59542971396678
 10
100.00141940957369
 20
148.9977986410289
  0
LWPOLYLINE
  5
2E0
330
17
100
AcDbEntity
  8
ENG_K
100
AcDbPolyline
 90
5
 70
1
 10
98.32290810759612
 20
206.37217444168022
 10
99.40269288503272
 20
207.45195921911684
 10
100.60979966621925
 20
207.04959029205472
 10
99.53001488878269
 20
205.9698055146181
 10
98.32290810759612
 20
206.37217444168022
  0
LWPOLYLINE
  5
2E1
330
17
100
AcDbEntity
  8
ENG_K
100
AcDbPolyline
 90
5
 70
1
 10
97.80975640295989
 20
70.38402644650066
 10
99.54382326049301
 20
70.73083981800721
 10
100.18014232927342
 20
70.09452074922685
 10
98.4460754717403
 20
69.74770737772029
 10
97.80975640295989
 20
70.38402644650066
  0
LWPOLYLINE
  5
2E2
330
17
100
AcDbEntity
  8
ENG_K
100
AcDbPolyline
 90
4
 70
1
 10
98.2878425849301
 20
205.19903773155633
 10
98.2878425849301
 20
206.8085134398052
 10
99.09258043905444
 20
206.00377558568096
 10
98.2878425849301
 20
205.19903773155633
  0
LWPOLYLINE
  5
2E3
330
17
100
AcDbEntity
  8
ENG_K
100
AcDbPolyline
 90
4
 70
1
 10
96.54056164457016
 20
60.71419373268927
 10
97.7201831675177
 20
62.68022960426845
 10
98.11339034183354
 20
59.927779384057466
 10
96.54056164457016
 20
60.71419373268927
  0
LWPOLYLINE
  5
2E4
330
17
100
AcDbEntity
  8
ENG_K
100
AcDbPolyline
 90
4
 70
1
 10
96.40222450176599
 20
148.82575738250858
 10
97.20696235589033
 20
148.021019528384
 10
96.40222450176599
 20
147.2162816742597
 10
96.40222450176599
 20
148.82575738250858
  0
LWPOLYLINE
  5
2E5
330
17
100
AcDbEntity
  8
ENG_K
100
AcDbPolyline
 90
5
 70
1
 10
96.26952790616212
 20
62.42603348214559
 10
96.72924391939777
 20
61.04688544243864
 10
95.69511772057945
 20
61.04688544243864
 10
95.69511772057945
 20
61.85162329656302
 10
96.26952790616212
 20
62.42603348214559
  0
LWPOLYLINE
  5
2E6
330
17
100
AcDbEntity
  8
ENG_K
100
AcDbPolyline
 90
4
 70
1
 10
95.45941546018392
 20
63.03013459854046
 10
96.26415331430827
 20
62.22539674441619
 10
95.45941546018392
 20
61.42065889029191
 10
95.45941546018392
 20
63.03013459854046
  0
LWPOLYLINE
  5
2E7
330
17
100
AcDbEntity
  8
ENG_K
100
AcDbPolyline
 90
4
 70
1
 10
95.45941546018392
 20
69.43453574373947
 10
95.45941546018392
 20
71.04401145198803
 10
96.26415331430827
 20
70.23927359786374
 10
95.45941546018392
 20
69.43453574373947
  0
LWPOLYLINE
  5
2E8
330
17
100
AcDbEntity
  8
ENG_K
100
AcDbPolyline
 90
4
 70
1
 10
95.3213442727262
 20
67.88225099390854
 10
94.51660641860185
 20
67.07751313978427
 10
94.51660641860185
 20
68.68698884803315
 10
95.3213442727262
 20
67.88225099390854
  0
LWPOLYLINE
  5
2E9
330
17
100
AcDbEntity
  8
ENG_K
100
AcDbPolyline
 90
4
 70
1
 10
95.3213442727262
 20
62.69680126520727
 10
94.51660641860185
 20
61.89206341108267
 10
94.51660641860185
 20
63.50153911933154
 10
95.3213442727262
 20
62.69680126520727
  0
LWPOLYLINE
  5
2EA
330
17
100
AcDbEntity
  8
ENG_K
100
AcDbPolyline
 90
4
 70
1
 10
94.04520189781083
 20
62.36346793187397
 10
94.04520189781083
 20
63.972943640122516
 10
94.84993975193518
 20
63.168205785998246
 10
94.04520189781083
 20
62.36346793187397
  0
LWPOLYLINE
  5
2EB
330
17
100
AcDbEntity
  8
ENG_K
100
AcDbPolyline
 90
4
 70
1
 10
90.60729906481588
 20
65.99663291074442
 10
89.80256121069154
 20
65.19189505662015
 10
89.80256121069154
 20
66.80137076486903
 10
90.60729906481588
 20
65.99663291074442
  0
LWPOLYLINE
  5
2EC
330
17
100
AcDbEntity
  8
ENG_K
100
AcDbPolyline
 90
4
 70
1
 10
87.44553860673639
 20
68.02032218136634
 10
87.44553860673639
 20
69.6297978896152
 10
88.25027646086073
 20
68.82506003549061
 10
87.44553860673639
 20
68.02032218136634
  0
LWPOLYLINE
  5
2ED
330
17
100
AcDbEntity
  8
ENG_K
100
AcDbPolyline
 90
4
 70
1
 10
86.97413408594534
 20
68.49172670215742
 10
86.97413408594534
 20
70.10120241040596
 10
87.77887194006969
 20
69.29646455628169
 10
86.97413408594534
 20
68.49172670215742
  0
LWPOLYLINE
  5
2EE
330
17
100
AcDbEntity
  8
ENG_K
100
AcDbPolyline
 90
5
 70
1
 10
87.24380641740365
 20
139.94348167306148
 10
86.12227445612191
 20
138.82194971177975
 10
85.75939334011552
 20
140.6363552918116
 10
86.88750302404979
 20
141.01239185312298
 10
87.24380641740365
 20
139.94348167306148
  0
LWPOLYLINE
  5
2EF
330
17
100
AcDbEntity
  8
ENG_K
100
AcDbPolyline
 90
5
 70
1
 10
86.79024010226433
 20
175.12677947386834
 10
85.79562278396777
 20
175.12677947386834
 10
85.79562278396777
 20
176.4029218487837
 10
86.4117801533957
 20
177.01907921821157
 10
86.79024010226433
 20
175.12677947386834
  0
LWPOLYLINE
  5
2F0
330
17
100
AcDbEntity
  8
ENG_K
100
AcDbPolyline
 90
5
 70
1
 10
83.82667136747034
 20
137.63582233137683
 10
83.37750637267403
 20
138.08498732617304
 10
84.33461315386059
 20
139.6801652948174
 10
86.05992052357222
 20
137.95485792510564
 10
83.82667136747034
 20
137.63582233137683
  0
LWPOLYLINE
  5
2F1
330
17
100
AcDbEntity
  8
ENG_K
100
AcDbPolyline
 90
4
 70
1
 10
84.14570696119917
 20
153.53980259041867
 10
84.95044481532351
 20
152.7350647362944
 10
84.14570696119917
 20
151.9303268821698
 10
84.14570696119917
 20
153.53980259041867
  0
LWPOLYLINE
  5
2F2
330
17
100
AcDbEntity
  8
ENG_K
100
AcDbPolyline
 90
9
 70
1
 10
84.38140922159468
 20
155.0364455843458
 10
84.38140922159468
 20
152.9707669966899
 10
83.54085008827089
 20
152.9707669966899
 10
82.8187278667716
 20
154.17430403252197
 10
81.31059817527381
 20
154.4759299708217
 10
82.51436412587073
 20
155.67969592141839
 10
82.79304044763285
 20
157.07307753022914
 10
84.93972200390633
 20
156.15307114896905
 10
84.38140922159468
 20
155.0364455843458
  0
LWPOLYLINE
  5
2F3
330
17
100
AcDbEntity
  8
ENG_K
100
AcDbPolyline
 90
5
 70
1
 10
81.35234535911897
 20
138.224530256564
 10
82.55945214030551
 20
138.62689918362614
 10
83.16783239695108
 20
138.0185189269806
 10
81.96072561576455
 20
137.61614999991843
 10
81.35234535911897
 20
138.224530256564
  0
LWPOLYLINE
  5
2F4
330
17
100
AcDbEntity
  8
ENG_K
100
AcDbPolyline
 90
18
 70
1
 10
75.42472332656507
 20
160.3386136595243
 10
76.70024888955491
 20
162.63455967290597
 10
79.30527795406618
 20
162.63455967290597
 10
82.10870650417166
 20
159.32141684096302
 10
81.19778163643545
 20
158.41049197322687
 10
80.54712101583664
 20
158.28035984910716
 10
82.68194186608604
 20
156.99946733895754
 10
80.58283925342882
 20
155.42514037946452
 10
80.06046675795993
 20
153.335650397589
 10
78.72455497210228
 20
154.0036062905179
 10
78.72455497210228
 20
155.97925462592775
 10
78.2253295733594
 20
156.9777054234136
 10
79.14486854994615
 20
158.81678337658713
 10
78.15551937837344
 20
159.80613254815978
 10
77.40797248266702
 20
159.80613254815978
 10
76.43119337002211
 20
158.82935343551486
 10
75.42472332656507
 20
159.1648434500005
 10
75.42472332656507
 20
160.3386136595243
  0
LWPOLYLINE
  5
2F5
330
17
100
AcDbEntity
  8
ENG_K
100
AcDbPolyline
 90
4
 70
1
 10
79.90306627407988
 20
150.0447087990059
 10
79.90306627407988
 20
151.65418450725443
 10
80.70780412820423
 20
150.84944665313017
 10
79.90306627407988
 20
150.0447087990059
  0
LWPOLYLINE
  5
2F6
330
17
100
AcDbEntity
  8
ENG_K
100
AcDbPolyline
 90
8
 70
1
 10
76.31085105975028
 20
140.04809243947747
 10
76.80239962333891
 20
140.53964100306604
 10
78.2281247174567
 20
139.68420594659537
 10
78.45047497586992
 20
138.57245465452917
 10
81.5541017295543
 20
138.22760723745319
 10
81.55174464541136
 20
137.99187525467272
 10
77.65023964717872
 20
137.6371929821062
 10
76.31085105975028
 20
140.04809243947747
  0
LWPOLYLINE
  5
2F7
330
17
100
AcDbEntity
  8
ENG_K
100
AcDbPolyline
 90
5
 70
1
 10
74.95331880577403
 20
154.5230517465207
 10
72.83602837608763
 20
156.64034217620716
 10
76.52336492826969
 20
157.49126599594132
 10
76.87290696000096
 20
156.4426399007476
 10
74.95331880577403
 20
154.5230517465207
  0
LWPOLYLINE
  5
2F8
330
17
100
AcDbEntity
  8
ENG_K
100
AcDbPolyline
 90
5
 70
1
 10
75.89612784735611
 20
152.8326958092322
 10
76.47053803293879
 20
153.40710599481477
 10
76.93025404617444
 20
152.0279579551078
 10
75.89612784735611
 20
152.0279579551078
 10
75.89612784735611
 20
152.8326958092322
  0
LWPOLYLINE
  5
2F9
330
17
100
AcDbEntity
  8
ENG_K
100
AcDbPolyline
 90
4
 70
1
 10
75.66042558696059
 20
152.4017314029611
 10
75.66042558696059
 20
154.01120711120964
 10
76.46516344108495
 20
153.20646925708536
 10
75.66042558696059
 20
152.4017314029611
  0
LWPOLYLINE
  5
2FA
330
17
100
AcDbEntity
  8
ENG_K
100
AcDbPolyline
 90
8
 70
1
 10
70.82852924885249
 20
151.55655343431673
 10
69.1047610388113
 20
153.854911047705
 10
71.0264936186614
 20
154.12944427339792
 10
71.78011164801147
 20
155.6366803320981
 10
72.13918942063232
 20
153.12313592375205
 10
71.6534871602368
 20
152.63743366335657
 10
71.6534871602368
 20
151.55655343431673
 10
70.82852924885249
 20
151.55655343431673
  0
LWPOLYLINE
  5
2FB
330
17
100
AcDbEntity
  8
ENG_K
100
AcDbPolyline
 90
4
 70
1
 10
70.0035713374682
 20
150.71137546567272
 10
70.80830919159254
 20
149.9066376115481
 10
70.0035713374682
 20
149.10189975742384
 10
70.0035713374682
 20
150.71137546567272
  0
LWPOLYLINE
  5
2FC
330
17
100
AcDbEntity
  8
ENG_K
100
AcDbPolyline
 90
4
 70
1
 10
69.53216681667718
 20
45.63492135949365
 10
69.53216681667718
 20
47.473785412436406
 10
70.91131485638424
 20
46.094637372729565
 10
69.53216681667718
 20
45.63492135949365
  0
LWPOLYLINE
  5
2FD
330
17
100
AcDbEntity
  8
ENG_K
100
AcDbPolyline
 90
4
 70
1
 10
69.86550015001049
 20
32.526911934581236
 10
69.06076229588615
 20
31.722174080456632
 10
69.06076229588615
 20
33.331649788705505
 10
69.86550015001049
 20
32.526911934581236
  0
LWPOLYLINE
  5
2FE
330
17
100
AcDbEntity
  8
ENG_K
100
AcDbPolyline
 90
4
 70
1
 10
69.06076229588615
 20
153.34454044454316
 10
69.06076229588615
 20
154.9540161527917
 10
69.8655001500105
 20
154.1492782986674
 10
69.06076229588615
 20
153.34454044454316
  0
LWPOLYLINE
  5
2FF
330
17
100
AcDbEntity
  8
ENG_K
100
AcDbPolyline
 90
5
 70
1
 10
67.140078690056
 20
26.29564749950608
 10
65.93297190886948
 20
25.893278572443947
 10
65.3245916522239
 20
26.501658829089504
 10
66.53169843341043
 20
26.90402775615164
 10
67.140078690056
 20
26.29564749950608
  0
LWPOLYLINE
  5
300
330
17
100
AcDbEntity
  8
ENG_K
100
AcDbPolyline
 90
4
 70
1
 10
65.2895261295579
 20
25.122510789382435
 10
65.2895261295579
 20
26.73198649763131
 10
66.09426398368224
 20
25.927248643506708
 10
65.2895261295579
 20
25.122510789382435
  0
LWPOLYLINE
  5
301
330
17
100
AcDbEntity
  8
ENG_K
100
AcDbPolyline
 90
4
 70
1
 10
61.85162329656297
 20
32.05550741379015
 10
61.0468854424386
 20
31.25076955966588
 10
61.0468854424386
 20
32.86024526791442
 10
61.85162329656297
 20
32.05550741379015
  0
LWPOLYLINE
  5
302
330
17
100
AcDbEntity
  8
ENG_K
100
AcDbPolyline
 90
9
 70
1
 10
61.282587702834114
 20
27.715235653733018
 10
61.282587702834114
 20
26.33336741766612
 10
60.20033129747793
 20
24.529606742072495
 10
59.88185417863431
 20
26.758946573977703
 10
59.34587867672282
 20
27.29492207588924
 10
60.408324354130734
 20
29.419813430704988
 10
61.461349908019365
 20
29.77082194866787
 10
61.77415392297764
 20
28.206801873876586
 10
61.282587702834114
 20
27.715235653733018
  0
LWPOLYLINE
  5
303
330
17
100
AcDbEntity
  8
ENG_K
100
AcDbPolyline
 90
5
 70
1
 10
61.34502783943858
 20
23.719297238051663
 10
60.96025438054306
 20
22.56497686136505
 10
59.805934003856564
 20
22.949750320260478
 10
60.19070746275208
 20
24.10407069694709
 10
61.34502783943858
 20
23.719297238051663
  0
LWPOLYLINE
  5
304
330
17
100
AcDbEntity
  8
ENG_K
100
AcDbPolyline
 90
4
 70
1
 10
59.63267188006551
 20
21.82267914384528
 10
59.63267188006551
 20
23.432154852093824
 10
60.43740973418986
 20
22.62741699796955
 10
59.63267188006551
 20
21.82267914384528
  0
LWPOLYLINE
  5
305
330
17
100
AcDbEntity
  8
CUT_SLOT
100
AcDbPolyline
 90
5
 70
1
 10
99.22478658646683
 20
0.0
 10
102.78888820160459
 20
0.0
 10
102.78888820160459
 20
141.42135623730957
 10
99.22478658646683
 20
141.42135623730957
 10
99.22478658646683
 20
0.0
  0
LWPOLYLINE
  5
306
330
17
100
AcDbEntity
  8
CUT_SLOT
100
AcDbPolyline
 90
5
 70
1
 10
122.31879735405185
 20
0.0
 10
125.88289896918961
 20
0.0
 10
125.88289896918961
 20
141.42135623730957
 10
122.31879735405185
 20
141.42135623730957
 10
122.31879735405185
 20
0.0
  0
LWPOLYLINE
  5
307
330
17
100
AcDbEntity
  8
CUT_SLOT
100
AcDbPolyline
 90
5
 70
1
 10
145.41280812163686
 20
0.0
 10
148.97690973677462
 20
0.0
 10
148.97690973677462
 20
141.42135623730957
 10
145.41280812163686
 20
141.42135623730957
 10
145.41280812163686
 20
0.0
  0
LWPOLYLINE
  5
308
330
17
100
AcDbEntity
  8
CUT_SLOT
100
AcDbPolyline
 90
5
 70
1
 10
168.5068188892219
 20
0.0
 10
172.07092050435966
 20
0.0
 10
172.07092050435966
 20
141.42135623730957
 10
168.5068188892219
 20
141.42135623730957
 10
168.5068188892219
 20
0.0
  0
LWPOLYLINE
  5
309
330
17
100
AcDbEntity
  8
CUT_SLOT
100
AcDbPolyline
 90
5
 70
1
 10
191.60082965680692
 20
0.0
 10
195.16493127194468
 20
0.0
 10
195.16493127194468
 20
141.42135623730957
 10
191.60082965680692
 20
141.42135623730957
 10
191.60082965680692
 20
0.0
  0
LWPOLYLINE
  5
30A
330
17
100
AcDbEntity
  8
CUT_SLOT
100
AcDbPolyline
 90
5
 70
1
 10
214.69484042439197
 20
0.0
 10
218.25894203952973
 20
0.0
 10
218.25894203952973
 20
141.42135623730957
 10
214.69484042439197
 20
141.42135623730957
 10
214.69484042439197
 20
0.0
  0
LWPOLYLINE
  5
30B
330
17
100
AcDbEntity
  8
CUT_SLOT
100
AcDbPolyline
 90
5
 70
1
 10
64.58377043508929
 20
141.42135623730957
 10
68.14787205022705
 20
141.42135623730957
 10
68.14787205022705
 20
282.84271247461913
 10
64.58377043508929
 20
282.84271247461913
 10
64.58377043508929
 20
141.42135623730957
  0
LWPOLYLINE
  5
30C
330
17
100
AcDbEntity
  8
CUT_SLOT
100
AcDbPolyline
 90
5
 70
1
 10
87.67778120267431
 20
141.42135623730957
 10
91.24188281781207
 20
141.42135623730957
 10
91.24188281781207
 20
282.84271247461913
 10
87.67778120267431
 20
282.84271247461913
 10
87.67778120267431
 20
141.42135623730957
  0
LWPOLYLINE
  5
30D
330
17
100
AcDbEntity
  8
CUT_SLOT
100
AcDbPolyline
 90
5
 70
1
 10
110.77179197025934
 20
141.42135623730957
 10
114.3358935853971
 20
141.42135623730957
 10
114.3358935853971
 20
282.84271247461913
 10
110.77179197025934
 20
282.84271247461913
 10
110.77179197025934
 20
141.42135623730957
  0
LWPOLYLINE
  5
30E
330
17
100
AcDbEntity
  8
CUT_SLOT
100
AcDbPolyline
 90
5
 70
1
 10
133.86580273784435
 20
141.42135623730957
 10
137.4299043529821
 20
141.42135623730957
 10
137.4299043529821
 20
282.84271247461913
 10
133.86580273784435
 20
282.84271247461913
 10
133.86580273784435
 20
141.42135623730957
  0
LWPOLYLINE
  5
30F
330
17
100
AcDbEntity
  8
CUT_SLOT
100
AcDbPolyline
 90
5
 70
1
 10
156.95981350542937
 20
141.42135623730957
 10
160.52391512056712
 20
141.42135623730957
 10
160.52391512056712
 20
282.84271247461913
 10
156.95981350542937
 20
282.84271247461913
 10
156.95981350542937
 20
141.42135623730957
  0
LWPOLYLINE
  5
310
330
17
100
AcDbEntity
  8
CUT_SLOT
100
AcDbPolyline
 90
5
 70
1
 10
180.05382427301447
 20
141.42135623730957
 10
183.61792588815223
 20
141.42135623730957
 10
183.61792588815223
 20
282.84271247461913
 10
180.05382427301447
 20
282.84271247461913
 10
180.05382427301447
 20
141.42135623730957
  0
LWPOLYLINE
  5
311
330
17
100
AcDbEntity
  8
CUT_OUTLINE
100
AcDbPolyline
 90
5
 70
1
 10
0.0
 20
0.0
 10
282.842712474619
 20
0.0
 10
282.842712474619
 20
282.84271247461913
 10
0.0
 20
282.84271247461913
 10
0.0
 20
0.0
  0
ENDSEC
  0
SECTION
  2
OBJECTS
  0
DICTIONARY
  5
A
330
0
100
AcDbDictionary
281
1
  3
ACAD_COLOR
350
B
  3
ACAD_GROUP
350
C
  3
ACAD_LAYOUT
350
D
  3
ACAD_MATERIAL
350
E
  3
ACAD_MLEADERSTYLE
350
F
  3
ACAD_MLINESTYLE
350
10
  3
ACAD_PLOTSETTINGS
350
11
  3
ACAD_PLOTSTYLENAME
350
12
  3
ACAD_SCALELIST
350
14
  3
ACAD_TABLESTYLE
350
15
  3
ACAD_VISUALSTYLE
350
16
  3
EZDXF_META
350
2D
  0
DICTIONARY
  5
B
330
A
100
AcDbDictionary
281
1
  0
DICTIONARY
  5
C
330
A
100
AcDbDictionary
281
1
  0
DICTIONARY
  5
D
330
A
100
AcDbDictionary
281
1
  3
Model
350
1A
  3
Layout1
350
1E
  0
DICTIONARY
  5
E
330
A
100
AcDbDictionary
281
1
  3
ByBlock
350
1F
  3
ByLayer
350
20
  3
Global
350
21
  0
DICTIONARY
  5
F
330
A
100
AcDbDictionary
281
1
  3
Standard
350
2C
  0
DICTIONARY
  5
10
330
A
100
AcDbDictionary
281
1
  3
Standard
350
22
  0
DICTIONARY
  5
11
330
A
100
AcDbDictionary
281
1
  0
ACDBDICTIONARYWDFLT
  5
12
330
A
100
AcDbDictionary
281
1
  3
Normal
350
13
100
AcDbDictionaryWithDefault
340
13
  0
ACDBPLACEHOLDER
  5
13
330
12
  0
DICTIONARY
  5
14
330
A
100
AcDbDictionary
281
1
  0
DICTIONARY
  5
15
330
A
100
AcDbDictionary
281
1
  0
DICTIONARY
  5
16
330
A
100
AcDbDictionary
281
1
  0
LAYOUT
  5
1A
330
D
100
AcDbPlotSettings
  1

  4
A3
  6

 40
7.5
 41
20.0
 42
7.5
 43
20.0
 44
420.0
 45
297.0
 46
0.0
 47
0.0
 48
0.0
 49
0.0
140
0.0
141
0.0
142
1.0
143
1.0
 70
1024
 72
1
 73
0
 74
5
  7

 75
16
 76
0
 77
2
 78
300
147
1.0
148
0.0
149
0.0
100
AcDbLayout
  1
Model
 70
1
 71
0
 10
0.0
 20
0.0
 11
420.0
 21
297.0
 12
0.0
 22
0.0
 32
0.0
 14
1e+20
 24
1e+20
 34
1e+20
 15
-1e+20
 25
-1e+20
 35
-1e+20
146
0.0
 13
0.0
 23
0.0
 33
0.0
 16
1.0
 26
0.0
 36
0.0
 17
0.0
 27
1.0
 37
0.0
 76
1
330
17
  0
LAYOUT
  5
1E
330
D
100
AcDbPlotSettings
  1

  4
A3
  6

 40
7.5
 41
20.0
 42
7.5
 43
20.0
 44
420.0
 45
297.0
 46
0.0
 47
0.0
 48
0.0
 49
0.0
140
0.0
141
0.0
142
1.0
143
1.0
 70
0
 72
1
 73
0
 74
5
  7

 75
16
 76
0
 77
2
 78
300
147
1.0
148
0.0
149
0.0
100
AcDbLayout
  1
Layout1
 70
1
 71
1
 10
0.0
 20
0.0
 11
420.0
 21
297.0
 12
0.0
 22
0.0
 32
0.0
 14
1e+20
 24
1e+20
 34
1e+20
 15
-1e+20
 25
-1e+20
 35
-1e+20
146
0.0
 13
0.0
 23
0.0
 33
0.0
 16
1.0
 26
0.0
 36
0.0
 17
0.0
 27
1.0
 37
0.0
 76
1
330
1B
  0
MATERIAL
  5
1F
102
{ACAD_REACTORS
330
E
102
}
330
E
100
AcDbMaterial
  1
ByBlock
  2

 70
0
 40
1.0
 71
1
 41
1.0
 91
-1023410177
 42
1.0
 72
1
  3

 73
1
 74
1
 75
1
 44
0.5
 73
0
 45
1.0
 46
1.0
 77
1
  4

 78
1
 79
1
170
1
 48
1.0
171
1
  6

172
1
173
1
174
1
140
1.0
141
1.0
175
1
  7

176
1
177
1
178
1
143
1.0
179
1
  8

270
1
271
1
272
1
145
1.0
146
1.0
273
1
  9

274
1
275
1
276
1
 42
1.0
 72
1
  3

 73
1
 74
1
 75
1
 94
63
  0
MATERIAL
  5
20
102
{ACAD_REACTORS
330
E
102
}
330
E
100
AcDbMaterial
  1
ByLayer
  2

 70
0
 40
1.0
 71
1
 41
1.0
 91
-1023410177
 42
1.0
 72
1
  3

 73
1
 74
1
 75
1
 44
0.5
 73
0
 45
1.0
 46
1.0
 77
1
  4

 78
1
 79
1
170
1
 48
1.0
171
1
  6

172
1
173
1
174
1
140
1.0
141
1.0
175
1
  7

176
1
177
1
178
1
143
1.0
179
1
  8

270
1
271
1
272
1
145
1.0
146
1.0
273
1
  9

274
1
275
1
276
1
 42
1.0
 72
1
  3

 73
1
 74
1
 75
1
 94
63
  0
MATERIAL
  5
21
102
{ACAD_REACTORS
330
E
102
}
330
E
100
AcDbMaterial
  1
Global
  2

 70
0
 40
1.0
 71
1
 41
1.0
 91
-1023410177
 42
1.0
 72
1
  3

 73
1
 74
1
 75
1
 44
0.5
 73
0
 45
1.0
 46
1.0
 77
1
  4

 78
1
 79
1
170
1
 48
1.0
171
1
  6

172
1
173
1
174
1
140
1.0
141
1.0
175
1
  7

176
1
177
1
178
1
143
1.0
179
1
  8

270
1
271
1
272
1
145
1.0
146
1.0
273
1
  9

274
1
275
1
276
1
 42
1.0
 72
1
  3

 73
1
 74
1
 75
1
 94
63
  0
MLINESTYLE
  5
22
102
{ACAD_REACTORS
330
10
102
}
330
10
100
AcDbMlineStyle
  2
Standard
 70
0
  3

 62
256
 51
90.0
 52
90.0
 71
2
 49
0.5
 62
256
  6
BYLAYER
 49
-0.5
 62
256
  6
BYLAYER
  0
MLEADERSTYLE
  5
2C
102
{ACAD_REACTORS
330
F
102
}
330
F
100
AcDbMLeaderStyle
179
2
170
2
171
1
172
0
 90
2
 40
0.0
 41
0.0
173
1
 91
-1056964608
 92
-2
290
1
 42
2.0
291
1
 43
8.0
  3
Standard
 44
4.0
300

342
29
174
1
175
1
176
0
178
1
 93
-1056964608
 45
4.0
292
0
297
0
 46
4.0
 94
-1056964608
 47
1.0
 49
1.0
140
1.0
294
1
141
0.0
177
0
142
1.0
295
0
296
0
143
3.75
271
0
272
9
273
9
  0
DICTIONARY
  5
2D
330
A
100
AcDbDictionary
280
1
281
1
  3
CREATED_BY_EZDXF
350
2E
  3
WRITTEN_BY_EZDXF
350
314
  0
DICTIONARYVAR
  5
2E
330
2D
100
DictionaryVariables
280
0
  1
1.4.4 @ 2026-08-03T12:25:47.170852+00:00
  0
DICTIONARYVAR
  5
314
330
2D
100
DictionaryVariables
280
0
  1
1.4.4 @ 2026-08-03T12:25:47.260157+00:00
  0
ENDSEC
  0
EOF
